LOAD_ZONE,VEHICLE_TYPE,BID_NUM,TIMEPOINT,ev_bid_by_type
Oahu,All_Diesel_Vehicles,0,4507011200,60.651913396207746
Oahu,All_Diesel_Vehicles,0,4507011202,30.439072882493285
Oahu,All_Diesel_Vehicles,0,4507011204,1.6241139323847333
Oahu,All_Diesel_Vehicles,0,4507011206,3.9795878210715316
Oahu,All_Diesel_Vehicles,0,4507011208,3.9795878210715316
Oahu,All_Diesel_Vehicles,0,4507011210,3.9795878210715316
Oahu,All_Diesel_Vehicles,0,4507011212,3.9795878210715316
Oahu,All_Diesel_Vehicles,0,4507011214,3.9795878210715316
Oahu,All_Diesel_Vehicles,0,4507011216,20.913087821071535
Oahu,All_Diesel_Vehicles,0,4507011218,43.030587821071535
Oahu,All_Diesel_Vehicles,0,4507011220,66.87608782107154
Oahu,All_Diesel_Vehicles,0,4507011222,83.40317201941016
Oahu,All_Diesel_Vehicles,0,4507011900,60.651913396207746
Oahu,All_Diesel_Vehicles,0,4507011902,30.439072882493285
Oahu,All_Diesel_Vehicles,0,4507011904,1.6241139323847333
Oahu,All_Diesel_Vehicles,0,4507011906,3.9795878210715316
Oahu,All_Diesel_Vehicles,0,4507011908,3.9795878210715316
Oahu,All_Diesel_Vehicles,0,4507011910,3.9795878210715316
Oahu,All_Diesel_Vehicles,0,4507011912,3.9795878210715316
Oahu,All_Diesel_Vehicles,0,4507011914,3.9795878210715316
Oahu,All_Diesel_Vehicles,0,4507011916,20.913087821071535
Oahu,All_Diesel_Vehicles,0,4507011918,43.030587821071535
Oahu,All_Diesel_Vehicles,0,4507011920,66.87608782107154
Oahu,All_Diesel_Vehicles,0,4507011922,83.40317201941016
Oahu,All_Diesel_Vehicles,0,4507021200,60.65191339620774
Oahu,All_Diesel_Vehicles,0,4507021202,30.43907288249329
Oahu,All_Diesel_Vehicles,0,4507021204,1.6241139323847333
Oahu,All_Diesel_Vehicles,0,4507021206,3.9795878210715316
Oahu,All_Diesel_Vehicles,0,4507021208,3.9795878210715316
Oahu,All_Diesel_Vehicles,0,4507021210,3.9795878210715316
Oahu,All_Diesel_Vehicles,0,4507021212,3.9795878210715316
Oahu,All_Diesel_Vehicles,0,4507021214,3.9795878210715316
Oahu,All_Diesel_Vehicles,0,4507021216,20.913087821071535
Oahu,All_Diesel_Vehicles,0,4507021218,43.030587821071535
Oahu,All_Diesel_Vehicles,0,4507021220,66.87608782107154
Oahu,All_Diesel_Vehicles,0,4507021222,83.40317201941016
Oahu,All_Diesel_Vehicles,0,4507050200,60.651913396207746
Oahu,All_Diesel_Vehicles,0,4507050202,30.43907288249329
Oahu,All_Diesel_Vehicles,0,4507050204,1.6241139323847333
Oahu,All_Diesel_Vehicles,0,4507050206,3.9795878210715316
Oahu,All_Diesel_Vehicles,0,4507050208,3.9795878210715316
Oahu,All_Diesel_Vehicles,0,4507050210,3.9795878210715316
Oahu,All_Diesel_Vehicles,0,4507050212,3.9795878210715316
Oahu,All_Diesel_Vehicles,0,4507050214,3.9795878210715316
Oahu,All_Diesel_Vehicles,0,4507050216,20.913087821071535
Oahu,All_Diesel_Vehicles,0,4507050218,43.030587821071535
Oahu,All_Diesel_Vehicles,0,4507050220,66.87608782107154
Oahu,All_Diesel_Vehicles,0,4507050222,83.40317201941016
Oahu,All_Diesel_Vehicles,0,4507092200,60.651913396207746
Oahu,All_Diesel_Vehicles,0,4507092202,30.439072882493285
Oahu,All_Diesel_Vehicles,0,4507092204,1.6241139323847333
Oahu,All_Diesel_Vehicles,0,4507092206,3.9795878210715316
Oahu,All_Diesel_Vehicles,0,4507092208,3.9795878210715316
Oahu,All_Diesel_Vehicles,0,4507092210,3.9795878210715316
Oahu,All_Diesel_Vehicles,0,4507092212,3.9795878210715316
Oahu,All_Diesel_Vehicles,0,4507092214,3.9795878210715316
Oahu,All_Diesel_Vehicles,0,4507092216,20.913087821071535
Oahu,All_Diesel_Vehicles,0,4507092218,43.030587821071535
Oahu,All_Diesel_Vehicles,0,4507092220,66.87608782107154
Oahu,All_Diesel_Vehicles,0,4507092222,83.40317201941016
Oahu,All_Diesel_Vehicles,0,4507102700,60.65191339620774
Oahu,All_Diesel_Vehicles,0,4507102702,30.43907288249329
Oahu,All_Diesel_Vehicles,0,4507102704,1.6241139323847333
Oahu,All_Diesel_Vehicles,0,4507102706,3.9795878210715316
Oahu,All_Diesel_Vehicles,0,4507102708,3.9795878210715316
Oahu,All_Diesel_Vehicles,0,4507102710,3.9795878210715316
Oahu,All_Diesel_Vehicles,0,4507102712,3.9795878210715316
Oahu,All_Diesel_Vehicles,0,4507102714,3.9795878210715316
Oahu,All_Diesel_Vehicles,0,4507102716,20.913087821071535
Oahu,All_Diesel_Vehicles,0,4507102718,43.030587821071535
Oahu,All_Diesel_Vehicles,0,4507102720,66.87608782107154
Oahu,All_Diesel_Vehicles,0,4507102722,83.40317201941016
Oahu,All_Diesel_Vehicles,0,4507121500,60.651913396207746
Oahu,All_Diesel_Vehicles,0,4507121502,30.43907288249329
Oahu,All_Diesel_Vehicles,0,4507121504,1.6241139323847333
Oahu,All_Diesel_Vehicles,0,4507121506,3.9795878210715316
Oahu,All_Diesel_Vehicles,0,4507121508,3.9795878210715316
Oahu,All_Diesel_Vehicles,0,4507121510,3.9795878210715316
Oahu,All_Diesel_Vehicles,0,4507121512,3.9795878210715316
Oahu,All_Diesel_Vehicles,0,4507121514,3.9795878210715316
Oahu,All_Diesel_Vehicles,0,4507121516,20.913087821071535
Oahu,All_Diesel_Vehicles,0,4507121518,43.030587821071535
Oahu,All_Diesel_Vehicles,0,4507121520,66.87608782107154
Oahu,All_Diesel_Vehicles,0,4507121522,83.40317201941016
Oahu,All_Diesel_Vehicles,0,4508022000,60.65191339620774
Oahu,All_Diesel_Vehicles,0,4508022002,30.439072882493285
Oahu,All_Diesel_Vehicles,0,4508022004,1.6241139323847333
Oahu,All_Diesel_Vehicles,0,4508022006,3.9795878210715316
Oahu,All_Diesel_Vehicles,0,4508022008,3.9795878210715316
Oahu,All_Diesel_Vehicles,0,4508022010,3.9795878210715316
Oahu,All_Diesel_Vehicles,0,4508022012,3.9795878210715316
Oahu,All_Diesel_Vehicles,0,4508022014,3.9795878210715316
Oahu,All_Diesel_Vehicles,0,4508022016,20.913087821071535
Oahu,All_Diesel_Vehicles,0,4508022018,43.030587821071535
Oahu,All_Diesel_Vehicles,0,4508022020,66.87608782107154
Oahu,All_Diesel_Vehicles,0,4508022022,83.40317201941016
Oahu,All_Diesel_Vehicles,0,4508041000,60.651913396207746
Oahu,All_Diesel_Vehicles,0,4508041002,30.43907288249329
Oahu,All_Diesel_Vehicles,0,4508041004,1.6241139323847333
Oahu,All_Diesel_Vehicles,0,4508041006,3.9795878210715316
Oahu,All_Diesel_Vehicles,0,4508041008,3.9795878210715316
Oahu,All_Diesel_Vehicles,0,4508041010,3.9795878210715316
Oahu,All_Diesel_Vehicles,0,4508041012,3.9795878210715316
Oahu,All_Diesel_Vehicles,0,4508041014,3.9795878210715316
Oahu,All_Diesel_Vehicles,0,4508041016,20.913087821071535
Oahu,All_Diesel_Vehicles,0,4508041018,43.030587821071535
Oahu,All_Diesel_Vehicles,0,4508041020,66.87608782107154
Oahu,All_Diesel_Vehicles,0,4508041022,83.40317201941016
Oahu,All_Diesel_Vehicles,0,4508061700,60.651913396207746
Oahu,All_Diesel_Vehicles,0,4508061702,30.439072882493285
Oahu,All_Diesel_Vehicles,0,4508061704,1.6241139323847333
Oahu,All_Diesel_Vehicles,0,4508061706,3.9795878210715316
Oahu,All_Diesel_Vehicles,0,4508061708,3.9795878210715316
Oahu,All_Diesel_Vehicles,0,4508061710,3.9795878210715316
Oahu,All_Diesel_Vehicles,0,4508061712,3.9795878210715316
Oahu,All_Diesel_Vehicles,0,4508061714,3.9795878210715316
Oahu,All_Diesel_Vehicles,0,4508061716,20.913087821071535
Oahu,All_Diesel_Vehicles,0,4508061718,43.030587821071535
Oahu,All_Diesel_Vehicles,0,4508061720,66.87608782107154
Oahu,All_Diesel_Vehicles,0,4508061722,83.40317201941016
Oahu,All_Diesel_Vehicles,0,4508081800,60.651913396207746
Oahu,All_Diesel_Vehicles,0,4508081802,30.43907288249329
Oahu,All_Diesel_Vehicles,0,4508081804,1.6241139323847333
Oahu,All_Diesel_Vehicles,0,4508081806,3.9795878210715316
Oahu,All_Diesel_Vehicles,0,4508081808,3.9795878210715316
Oahu,All_Diesel_Vehicles,0,4508081810,3.9795878210715316
Oahu,All_Diesel_Vehicles,0,4508081812,3.9795878210715316
Oahu,All_Diesel_Vehicles,0,4508081814,3.9795878210715316
Oahu,All_Diesel_Vehicles,0,4508081816,20.913087821071535
Oahu,All_Diesel_Vehicles,0,4508081818,43.030587821071535
Oahu,All_Diesel_Vehicles,0,4508081820,66.87608782107154
Oahu,All_Diesel_Vehicles,0,4508081822,83.40317201941016
Oahu,All_Diesel_Vehicles,0,4508091000,60.651913396207746
Oahu,All_Diesel_Vehicles,0,4508091002,30.43907288249329
Oahu,All_Diesel_Vehicles,0,4508091004,1.6241139323847333
Oahu,All_Diesel_Vehicles,0,4508091006,3.9795878210715316
Oahu,All_Diesel_Vehicles,0,4508091008,3.9795878210715316
Oahu,All_Diesel_Vehicles,0,4508091010,3.9795878210715316
Oahu,All_Diesel_Vehicles,0,4508091012,3.9795878210715316
Oahu,All_Diesel_Vehicles,0,4508091014,3.9795878210715316
Oahu,All_Diesel_Vehicles,0,4508091016,20.913087821071535
Oahu,All_Diesel_Vehicles,0,4508091018,43.030587821071535
Oahu,All_Diesel_Vehicles,0,4508091020,66.87608782107154
Oahu,All_Diesel_Vehicles,0,4508091022,83.40317201941016
Oahu,All_Diesel_Vehicles,0,4508112200,60.651913396207746
Oahu,All_Diesel_Vehicles,0,4508112202,30.43907288249329
Oahu,All_Diesel_Vehicles,0,4508112204,1.6241139323847333
Oahu,All_Diesel_Vehicles,0,4508112206,3.9795878210715316
Oahu,All_Diesel_Vehicles,0,4508112208,3.9795878210715316
Oahu,All_Diesel_Vehicles,0,4508112210,3.9795878210715316
Oahu,All_Diesel_Vehicles,0,4508112212,3.9795878210715316
Oahu,All_Diesel_Vehicles,0,4508112214,3.9795878210715316
Oahu,All_Diesel_Vehicles,0,4508112216,20.913087821071535
Oahu,All_Diesel_Vehicles,0,4508112218,43.030587821071535
Oahu,All_Diesel_Vehicles,0,4508112220,66.87608782107154
Oahu,All_Diesel_Vehicles,0,4508112222,83.40317201941016
Oahu,All_Diesel_Vehicles,1,4507011200,97.74868102742892
Oahu,All_Diesel_Vehicles,1,4507011202,91.38134051371446
Oahu,All_Diesel_Vehicles,1,4507011204,1.6241139323847333
Oahu,All_Diesel_Vehicles,1,4507011206,3.9795878210715316
Oahu,All_Diesel_Vehicles,1,4507011208,3.9795878210715316
Oahu,All_Diesel_Vehicles,1,4507011210,3.9795878210715316
Oahu,All_Diesel_Vehicles,1,4507011212,3.9795878210715316
Oahu,All_Diesel_Vehicles,1,4507011214,3.9795878210715316
Oahu,All_Diesel_Vehicles,1,4507011216,3.9795878210715316
Oahu,All_Diesel_Vehicles,1,4507011218,3.9795878210715316
Oahu,All_Diesel_Vehicles,1,4507011220,10.476043550610465
Oahu,All_Diesel_Vehicles,1,4507011222,97.74868102742892
Oahu,All_Diesel_Vehicles,1,4507011900,97.74868102742892
Oahu,All_Diesel_Vehicles,1,4507011902,91.38134051371446
Oahu,All_Diesel_Vehicles,1,4507011904,1.6241139323847333
Oahu,All_Diesel_Vehicles,1,4507011906,3.9795878210715316
Oahu,All_Diesel_Vehicles,1,4507011908,3.9795878210715316
Oahu,All_Diesel_Vehicles,1,4507011910,3.9795878210715316
Oahu,All_Diesel_Vehicles,1,4507011912,3.9795878210715316
Oahu,All_Diesel_Vehicles,1,4507011914,3.9795878210715316
Oahu,All_Diesel_Vehicles,1,4507011916,3.9795878210715316
Oahu,All_Diesel_Vehicles,1,4507011918,3.9795878210715316
Oahu,All_Diesel_Vehicles,1,4507011920,10.476043550610465
Oahu,All_Diesel_Vehicles,1,4507011922,97.74868102742892
Oahu,All_Diesel_Vehicles,1,4507021200,97.74868102742892
Oahu,All_Diesel_Vehicles,1,4507021202,91.38134051371446
Oahu,All_Diesel_Vehicles,1,4507021204,1.6241139323847333
Oahu,All_Diesel_Vehicles,1,4507021206,3.9795878210715316
Oahu,All_Diesel_Vehicles,1,4507021208,3.9795878210715316
Oahu,All_Diesel_Vehicles,1,4507021210,3.9795878210715316
Oahu,All_Diesel_Vehicles,1,4507021212,3.9795878210715316
Oahu,All_Diesel_Vehicles,1,4507021214,3.9795878210715316
Oahu,All_Diesel_Vehicles,1,4507021216,3.9795878210715316
Oahu,All_Diesel_Vehicles,1,4507021218,3.9795878210715316
Oahu,All_Diesel_Vehicles,1,4507021220,10.476043550610465
Oahu,All_Diesel_Vehicles,1,4507021222,97.74868102742892
Oahu,All_Diesel_Vehicles,1,4507050200,97.74868102742892
Oahu,All_Diesel_Vehicles,1,4507050202,91.38134051371446
Oahu,All_Diesel_Vehicles,1,4507050204,1.6241139323847333
Oahu,All_Diesel_Vehicles,1,4507050206,3.9795878210715316
Oahu,All_Diesel_Vehicles,1,4507050208,3.9795878210715316
Oahu,All_Diesel_Vehicles,1,4507050210,3.9795878210715316
Oahu,All_Diesel_Vehicles,1,4507050212,3.9795878210715316
Oahu,All_Diesel_Vehicles,1,4507050214,3.9795878210715316
Oahu,All_Diesel_Vehicles,1,4507050216,3.9795878210715316
Oahu,All_Diesel_Vehicles,1,4507050218,3.9795878210715316
Oahu,All_Diesel_Vehicles,1,4507050220,10.476043550610465
Oahu,All_Diesel_Vehicles,1,4507050222,97.74868102742892
Oahu,All_Diesel_Vehicles,1,4507092200,97.74868102742892
Oahu,All_Diesel_Vehicles,1,4507092202,91.38134051371446
Oahu,All_Diesel_Vehicles,1,4507092204,1.6241139323847333
Oahu,All_Diesel_Vehicles,1,4507092206,3.9795878210715316
Oahu,All_Diesel_Vehicles,1,4507092208,3.9795878210715316
Oahu,All_Diesel_Vehicles,1,4507092210,3.9795878210715316
Oahu,All_Diesel_Vehicles,1,4507092212,3.9795878210715316
Oahu,All_Diesel_Vehicles,1,4507092214,3.9795878210715316
Oahu,All_Diesel_Vehicles,1,4507092216,3.9795878210715316
Oahu,All_Diesel_Vehicles,1,4507092218,3.9795878210715316
Oahu,All_Diesel_Vehicles,1,4507092220,10.476043550610465
Oahu,All_Diesel_Vehicles,1,4507092222,97.74868102742892
Oahu,All_Diesel_Vehicles,1,4507102700,97.74868102742892
Oahu,All_Diesel_Vehicles,1,4507102702,91.38134051371446
Oahu,All_Diesel_Vehicles,1,4507102704,1.6241139323847333
Oahu,All_Diesel_Vehicles,1,4507102706,3.9795878210715316
Oahu,All_Diesel_Vehicles,1,4507102708,3.9795878210715316
Oahu,All_Diesel_Vehicles,1,4507102710,3.9795878210715316
Oahu,All_Diesel_Vehicles,1,4507102712,3.9795878210715316
Oahu,All_Diesel_Vehicles,1,4507102714,3.9795878210715316
Oahu,All_Diesel_Vehicles,1,4507102716,3.9795878210715316
Oahu,All_Diesel_Vehicles,1,4507102718,3.9795878210715316
Oahu,All_Diesel_Vehicles,1,4507102720,10.476043550610465
Oahu,All_Diesel_Vehicles,1,4507102722,97.74868102742892
Oahu,All_Diesel_Vehicles,1,4507121500,97.74868102742892
Oahu,All_Diesel_Vehicles,1,4507121502,91.38134051371446
Oahu,All_Diesel_Vehicles,1,4507121504,1.6241139323847333
Oahu,All_Diesel_Vehicles,1,4507121506,3.9795878210715316
Oahu,All_Diesel_Vehicles,1,4507121508,3.9795878210715316
Oahu,All_Diesel_Vehicles,1,4507121510,3.9795878210715316
Oahu,All_Diesel_Vehicles,1,4507121512,3.9795878210715316
Oahu,All_Diesel_Vehicles,1,4507121514,3.9795878210715316
Oahu,All_Diesel_Vehicles,1,4507121516,3.9795878210715316
Oahu,All_Diesel_Vehicles,1,4507121518,3.9795878210715316
Oahu,All_Diesel_Vehicles,1,4507121520,10.476043550610465
Oahu,All_Diesel_Vehicles,1,4507121522,97.74868102742892
Oahu,All_Diesel_Vehicles,1,4508022000,97.74868102742892
Oahu,All_Diesel_Vehicles,1,4508022002,91.38134051371446
Oahu,All_Diesel_Vehicles,1,4508022004,1.6241139323847333
Oahu,All_Diesel_Vehicles,1,4508022006,3.9795878210715316
Oahu,All_Diesel_Vehicles,1,4508022008,3.9795878210715316
Oahu,All_Diesel_Vehicles,1,4508022010,3.9795878210715316
Oahu,All_Diesel_Vehicles,1,4508022012,3.9795878210715316
Oahu,All_Diesel_Vehicles,1,4508022014,3.9795878210715316
Oahu,All_Diesel_Vehicles,1,4508022016,3.9795878210715316
Oahu,All_Diesel_Vehicles,1,4508022018,3.9795878210715316
Oahu,All_Diesel_Vehicles,1,4508022020,10.476043550610465
Oahu,All_Diesel_Vehicles,1,4508022022,97.74868102742892
Oahu,All_Diesel_Vehicles,1,4508041000,97.74868102742892
Oahu,All_Diesel_Vehicles,1,4508041002,91.38134051371446
Oahu,All_Diesel_Vehicles,1,4508041004,1.6241139323847333
Oahu,All_Diesel_Vehicles,1,4508041006,3.9795878210715316
Oahu,All_Diesel_Vehicles,1,4508041008,3.9795878210715316
Oahu,All_Diesel_Vehicles,1,4508041010,3.9795878210715316
Oahu,All_Diesel_Vehicles,1,4508041012,3.9795878210715316
Oahu,All_Diesel_Vehicles,1,4508041014,3.9795878210715316
Oahu,All_Diesel_Vehicles,1,4508041016,3.9795878210715316
Oahu,All_Diesel_Vehicles,1,4508041018,3.9795878210715316
Oahu,All_Diesel_Vehicles,1,4508041020,10.476043550610465
Oahu,All_Diesel_Vehicles,1,4508041022,97.74868102742892
Oahu,All_Diesel_Vehicles,1,4508061700,97.74868102742892
Oahu,All_Diesel_Vehicles,1,4508061702,91.38134051371446
Oahu,All_Diesel_Vehicles,1,4508061704,1.6241139323847333
Oahu,All_Diesel_Vehicles,1,4508061706,3.9795878210715316
Oahu,All_Diesel_Vehicles,1,4508061708,3.9795878210715316
Oahu,All_Diesel_Vehicles,1,4508061710,3.9795878210715316
Oahu,All_Diesel_Vehicles,1,4508061712,3.9795878210715316
Oahu,All_Diesel_Vehicles,1,4508061714,3.9795878210715316
Oahu,All_Diesel_Vehicles,1,4508061716,3.9795878210715316
Oahu,All_Diesel_Vehicles,1,4508061718,3.9795878210715316
Oahu,All_Diesel_Vehicles,1,4508061720,10.476043550610465
Oahu,All_Diesel_Vehicles,1,4508061722,97.74868102742892
Oahu,All_Diesel_Vehicles,1,4508081800,97.74868102742892
Oahu,All_Diesel_Vehicles,1,4508081802,91.38134051371446
Oahu,All_Diesel_Vehicles,1,4508081804,1.6241139323847333
Oahu,All_Diesel_Vehicles,1,4508081806,3.9795878210715316
Oahu,All_Diesel_Vehicles,1,4508081808,3.9795878210715316
Oahu,All_Diesel_Vehicles,1,4508081810,3.9795878210715316
Oahu,All_Diesel_Vehicles,1,4508081812,3.9795878210715316
Oahu,All_Diesel_Vehicles,1,4508081814,3.9795878210715316
Oahu,All_Diesel_Vehicles,1,4508081816,3.9795878210715316
Oahu,All_Diesel_Vehicles,1,4508081818,3.9795878210715316
Oahu,All_Diesel_Vehicles,1,4508081820,10.476043550610465
Oahu,All_Diesel_Vehicles,1,4508081822,97.74868102742892
Oahu,All_Diesel_Vehicles,1,4508091000,97.74868102742892
Oahu,All_Diesel_Vehicles,1,4508091002,91.38134051371446
Oahu,All_Diesel_Vehicles,1,4508091004,1.6241139323847333
Oahu,All_Diesel_Vehicles,1,4508091006,3.9795878210715316
Oahu,All_Diesel_Vehicles,1,4508091008,3.9795878210715316
Oahu,All_Diesel_Vehicles,1,4508091010,3.9795878210715316
Oahu,All_Diesel_Vehicles,1,4508091012,3.9795878210715316
Oahu,All_Diesel_Vehicles,1,4508091014,3.9795878210715316
Oahu,All_Diesel_Vehicles,1,4508091016,3.9795878210715316
Oahu,All_Diesel_Vehicles,1,4508091018,3.9795878210715316
Oahu,All_Diesel_Vehicles,1,4508091020,10.476043550610465
Oahu,All_Diesel_Vehicles,1,4508091022,97.74868102742892
Oahu,All_Diesel_Vehicles,1,4508112200,97.74868102742892
Oahu,All_Diesel_Vehicles,1,4508112202,91.38134051371446
Oahu,All_Diesel_Vehicles,1,4508112204,1.6241139323847333
Oahu,All_Diesel_Vehicles,1,4508112206,3.9795878210715316
Oahu,All_Diesel_Vehicles,1,4508112208,3.9795878210715316
Oahu,All_Diesel_Vehicles,1,4508112210,3.9795878210715316
Oahu,All_Diesel_Vehicles,1,4508112212,3.9795878210715316
Oahu,All_Diesel_Vehicles,1,4508112214,3.9795878210715316
Oahu,All_Diesel_Vehicles,1,4508112216,3.9795878210715316
Oahu,All_Diesel_Vehicles,1,4508112218,3.9795878210715316
Oahu,All_Diesel_Vehicles,1,4508112220,10.476043550610465
Oahu,All_Diesel_Vehicles,1,4508112222,97.74868102742892
Oahu,All_Diesel_Vehicles,2,4507011200,97.74868102742892
Oahu,All_Diesel_Vehicles,2,4507011202,97.74868102742892
Oahu,All_Diesel_Vehicles,2,4507011204,82.91459051371446
Oahu,All_Diesel_Vehicles,2,4507011206,3.9795878210715316
Oahu,All_Diesel_Vehicles,2,4507011208,3.9795878210715316
Oahu,All_Diesel_Vehicles,2,4507011210,3.9795878210715316
Oahu,All_Diesel_Vehicles,2,4507011212,3.9795878210715316
Oahu,All_Diesel_Vehicles,2,4507011214,3.9795878210715316
Oahu,All_Diesel_Vehicles,2,4507011216,3.9795878210715316
Oahu,All_Diesel_Vehicles,2,4507011218,3.9795878210715316
Oahu,All_Diesel_Vehicles,2,4507011220,3.9795878210715316
Oahu,All_Diesel_Vehicles,2,4507011222,16.587319661923665
Oahu,All_Diesel_Vehicles,2,4507011900,97.74868102742892
Oahu,All_Diesel_Vehicles,2,4507011902,97.74868102742892
Oahu,All_Diesel_Vehicles,2,4507011904,82.91459051371446
Oahu,All_Diesel_Vehicles,2,4507011906,3.9795878210715316
Oahu,All_Diesel_Vehicles,2,4507011908,3.9795878210715316
Oahu,All_Diesel_Vehicles,2,4507011910,3.9795878210715316
Oahu,All_Diesel_Vehicles,2,4507011912,3.9795878210715316
Oahu,All_Diesel_Vehicles,2,4507011914,3.9795878210715316
Oahu,All_Diesel_Vehicles,2,4507011916,3.9795878210715316
Oahu,All_Diesel_Vehicles,2,4507011918,3.9795878210715316
Oahu,All_Diesel_Vehicles,2,4507011920,3.9795878210715316
Oahu,All_Diesel_Vehicles,2,4507011922,16.587319661923665
Oahu,All_Diesel_Vehicles,2,4507021200,97.74868102742892
Oahu,All_Diesel_Vehicles,2,4507021202,97.74868102742892
Oahu,All_Diesel_Vehicles,2,4507021204,82.91459051371446
Oahu,All_Diesel_Vehicles,2,4507021206,3.9795878210715316
Oahu,All_Diesel_Vehicles,2,4507021208,3.9795878210715316
Oahu,All_Diesel_Vehicles,2,4507021210,3.9795878210715316
Oahu,All_Diesel_Vehicles,2,4507021212,3.9795878210715316
Oahu,All_Diesel_Vehicles,2,4507021214,3.9795878210715316
Oahu,All_Diesel_Vehicles,2,4507021216,3.9795878210715316
Oahu,All_Diesel_Vehicles,2,4507021218,3.9795878210715316
Oahu,All_Diesel_Vehicles,2,4507021220,3.9795878210715316
Oahu,All_Diesel_Vehicles,2,4507021222,16.587319661923665
Oahu,All_Diesel_Vehicles,2,4507050200,97.74868102742892
Oahu,All_Diesel_Vehicles,2,4507050202,97.74868102742892
Oahu,All_Diesel_Vehicles,2,4507050204,82.91459051371446
Oahu,All_Diesel_Vehicles,2,4507050206,3.9795878210715316
Oahu,All_Diesel_Vehicles,2,4507050208,3.9795878210715316
Oahu,All_Diesel_Vehicles,2,4507050210,3.9795878210715316
Oahu,All_Diesel_Vehicles,2,4507050212,3.9795878210715316
Oahu,All_Diesel_Vehicles,2,4507050214,3.9795878210715316
Oahu,All_Diesel_Vehicles,2,4507050216,3.9795878210715316
Oahu,All_Diesel_Vehicles,2,4507050218,3.9795878210715316
Oahu,All_Diesel_Vehicles,2,4507050220,3.9795878210715316
Oahu,All_Diesel_Vehicles,2,4507050222,16.587319661923665
Oahu,All_Diesel_Vehicles,2,4507092200,97.74868102742892
Oahu,All_Diesel_Vehicles,2,4507092202,97.74868102742892
Oahu,All_Diesel_Vehicles,2,4507092204,82.91459051371446
Oahu,All_Diesel_Vehicles,2,4507092206,3.9795878210715316
Oahu,All_Diesel_Vehicles,2,4507092208,3.9795878210715316
Oahu,All_Diesel_Vehicles,2,4507092210,3.9795878210715316
Oahu,All_Diesel_Vehicles,2,4507092212,3.9795878210715316
Oahu,All_Diesel_Vehicles,2,4507092214,3.9795878210715316
Oahu,All_Diesel_Vehicles,2,4507092216,3.9795878210715316
Oahu,All_Diesel_Vehicles,2,4507092218,3.9795878210715316
Oahu,All_Diesel_Vehicles,2,4507092220,3.9795878210715316
Oahu,All_Diesel_Vehicles,2,4507092222,16.587319661923665
Oahu,All_Diesel_Vehicles,2,4507102700,97.74868102742892
Oahu,All_Diesel_Vehicles,2,4507102702,97.74868102742892
Oahu,All_Diesel_Vehicles,2,4507102704,82.91459051371446
Oahu,All_Diesel_Vehicles,2,4507102706,3.9795878210715316
Oahu,All_Diesel_Vehicles,2,4507102708,3.9795878210715316
Oahu,All_Diesel_Vehicles,2,4507102710,3.9795878210715316
Oahu,All_Diesel_Vehicles,2,4507102712,3.9795878210715316
Oahu,All_Diesel_Vehicles,2,4507102714,3.9795878210715316
Oahu,All_Diesel_Vehicles,2,4507102716,3.9795878210715316
Oahu,All_Diesel_Vehicles,2,4507102718,3.9795878210715316
Oahu,All_Diesel_Vehicles,2,4507102720,3.9795878210715316
Oahu,All_Diesel_Vehicles,2,4507102722,16.587319661923665
Oahu,All_Diesel_Vehicles,2,4507121500,97.74868102742892
Oahu,All_Diesel_Vehicles,2,4507121502,97.74868102742892
Oahu,All_Diesel_Vehicles,2,4507121504,82.91459051371446
Oahu,All_Diesel_Vehicles,2,4507121506,3.9795878210715316
Oahu,All_Diesel_Vehicles,2,4507121508,3.9795878210715316
Oahu,All_Diesel_Vehicles,2,4507121510,3.9795878210715316
Oahu,All_Diesel_Vehicles,2,4507121512,3.9795878210715316
Oahu,All_Diesel_Vehicles,2,4507121514,3.9795878210715316
Oahu,All_Diesel_Vehicles,2,4507121516,3.9795878210715316
Oahu,All_Diesel_Vehicles,2,4507121518,3.9795878210715316
Oahu,All_Diesel_Vehicles,2,4507121520,3.9795878210715316
Oahu,All_Diesel_Vehicles,2,4507121522,16.587319661923665
Oahu,All_Diesel_Vehicles,2,4508022000,97.74868102742892
Oahu,All_Diesel_Vehicles,2,4508022002,97.74868102742892
Oahu,All_Diesel_Vehicles,2,4508022004,82.91459051371446
Oahu,All_Diesel_Vehicles,2,4508022006,3.9795878210715316
Oahu,All_Diesel_Vehicles,2,4508022008,3.9795878210715316
Oahu,All_Diesel_Vehicles,2,4508022010,3.9795878210715316
Oahu,All_Diesel_Vehicles,2,4508022012,3.9795878210715316
Oahu,All_Diesel_Vehicles,2,4508022014,3.9795878210715316
Oahu,All_Diesel_Vehicles,2,4508022016,3.9795878210715316
Oahu,All_Diesel_Vehicles,2,4508022018,3.9795878210715316
Oahu,All_Diesel_Vehicles,2,4508022020,3.9795878210715316
Oahu,All_Diesel_Vehicles,2,4508022022,16.587319661923665
Oahu,All_Diesel_Vehicles,2,4508041000,97.74868102742892
Oahu,All_Diesel_Vehicles,2,4508041002,97.74868102742892
Oahu,All_Diesel_Vehicles,2,4508041004,82.91459051371446
Oahu,All_Diesel_Vehicles,2,4508041006,3.9795878210715316
Oahu,All_Diesel_Vehicles,2,4508041008,3.9795878210715316
Oahu,All_Diesel_Vehicles,2,4508041010,3.9795878210715316
Oahu,All_Diesel_Vehicles,2,4508041012,3.9795878210715316
Oahu,All_Diesel_Vehicles,2,4508041014,3.9795878210715316
Oahu,All_Diesel_Vehicles,2,4508041016,3.9795878210715316
Oahu,All_Diesel_Vehicles,2,4508041018,3.9795878210715316
Oahu,All_Diesel_Vehicles,2,4508041020,3.9795878210715316
Oahu,All_Diesel_Vehicles,2,4508041022,16.587319661923665
Oahu,All_Diesel_Vehicles,2,4508061700,97.74868102742892
Oahu,All_Diesel_Vehicles,2,4508061702,97.74868102742892
Oahu,All_Diesel_Vehicles,2,4508061704,82.91459051371446
Oahu,All_Diesel_Vehicles,2,4508061706,3.9795878210715316
Oahu,All_Diesel_Vehicles,2,4508061708,3.9795878210715316
Oahu,All_Diesel_Vehicles,2,4508061710,3.9795878210715316
Oahu,All_Diesel_Vehicles,2,4508061712,3.9795878210715316
Oahu,All_Diesel_Vehicles,2,4508061714,3.9795878210715316
Oahu,All_Diesel_Vehicles,2,4508061716,3.9795878210715316
Oahu,All_Diesel_Vehicles,2,4508061718,3.9795878210715316
Oahu,All_Diesel_Vehicles,2,4508061720,3.9795878210715316
Oahu,All_Diesel_Vehicles,2,4508061722,16.587319661923665
Oahu,All_Diesel_Vehicles,2,4508081800,97.74868102742892
Oahu,All_Diesel_Vehicles,2,4508081802,97.74868102742892
Oahu,All_Diesel_Vehicles,2,4508081804,82.91459051371446
Oahu,All_Diesel_Vehicles,2,4508081806,3.9795878210715316
Oahu,All_Diesel_Vehicles,2,4508081808,3.9795878210715316
Oahu,All_Diesel_Vehicles,2,4508081810,3.9795878210715316
Oahu,All_Diesel_Vehicles,2,4508081812,3.9795878210715316
Oahu,All_Diesel_Vehicles,2,4508081814,3.9795878210715316
Oahu,All_Diesel_Vehicles,2,4508081816,3.9795878210715316
Oahu,All_Diesel_Vehicles,2,4508081818,3.9795878210715316
Oahu,All_Diesel_Vehicles,2,4508081820,3.9795878210715316
Oahu,All_Diesel_Vehicles,2,4508081822,16.587319661923665
Oahu,All_Diesel_Vehicles,2,4508091000,97.74868102742892
Oahu,All_Diesel_Vehicles,2,4508091002,97.74868102742892
Oahu,All_Diesel_Vehicles,2,4508091004,82.91459051371446
Oahu,All_Diesel_Vehicles,2,4508091006,3.9795878210715316
Oahu,All_Diesel_Vehicles,2,4508091008,3.9795878210715316
Oahu,All_Diesel_Vehicles,2,4508091010,3.9795878210715316
Oahu,All_Diesel_Vehicles,2,4508091012,3.9795878210715316
Oahu,All_Diesel_Vehicles,2,4508091014,3.9795878210715316
Oahu,All_Diesel_Vehicles,2,4508091016,3.9795878210715316
Oahu,All_Diesel_Vehicles,2,4508091018,3.9795878210715316
Oahu,All_Diesel_Vehicles,2,4508091020,3.9795878210715316
Oahu,All_Diesel_Vehicles,2,4508091022,16.587319661923665
Oahu,All_Diesel_Vehicles,2,4508112200,97.74868102742892
Oahu,All_Diesel_Vehicles,2,4508112202,97.74868102742892
Oahu,All_Diesel_Vehicles,2,4508112204,82.91459051371446
Oahu,All_Diesel_Vehicles,2,4508112206,3.9795878210715316
Oahu,All_Diesel_Vehicles,2,4508112208,3.9795878210715316
Oahu,All_Diesel_Vehicles,2,4508112210,3.9795878210715316
Oahu,All_Diesel_Vehicles,2,4508112212,3.9795878210715316
Oahu,All_Diesel_Vehicles,2,4508112214,3.9795878210715316
Oahu,All_Diesel_Vehicles,2,4508112216,3.9795878210715316
Oahu,All_Diesel_Vehicles,2,4508112218,3.9795878210715316
Oahu,All_Diesel_Vehicles,2,4508112220,3.9795878210715316
Oahu,All_Diesel_Vehicles,2,4508112222,16.587319661923665
Oahu,All_Diesel_Vehicles,3,4507011200,60.38355074726276
Oahu,All_Diesel_Vehicles,3,4507011202,97.74868102742892
Oahu,All_Diesel_Vehicles,3,4507011204,89.28193102742891
Oahu,All_Diesel_Vehicles,3,4507011206,40.17983782107154
Oahu,All_Diesel_Vehicles,3,4507011208,3.9795878210715316
Oahu,All_Diesel_Vehicles,3,4507011210,3.9795878210715316
Oahu,All_Diesel_Vehicles,3,4507011212,3.9795878210715316
Oahu,All_Diesel_Vehicles,3,4507011214,3.9795878210715316
Oahu,All_Diesel_Vehicles,3,4507011216,3.9795878210715316
Oahu,All_Diesel_Vehicles,3,4507011218,3.9795878210715316
Oahu,All_Diesel_Vehicles,3,4507011220,3.9795878210715316
Oahu,All_Diesel_Vehicles,3,4507011222,11.384859428375364
Oahu,All_Diesel_Vehicles,3,4507011900,60.38355074726276
Oahu,All_Diesel_Vehicles,3,4507011902,97.74868102742892
Oahu,All_Diesel_Vehicles,3,4507011904,89.28193102742891
Oahu,All_Diesel_Vehicles,3,4507011906,40.17983782107154
Oahu,All_Diesel_Vehicles,3,4507011908,3.9795878210715316
Oahu,All_Diesel_Vehicles,3,4507011910,3.9795878210715316
Oahu,All_Diesel_Vehicles,3,4507011912,3.9795878210715316
Oahu,All_Diesel_Vehicles,3,4507011914,3.9795878210715316
Oahu,All_Diesel_Vehicles,3,4507011916,3.9795878210715316
Oahu,All_Diesel_Vehicles,3,4507011918,3.9795878210715316
Oahu,All_Diesel_Vehicles,3,4507011920,3.9795878210715316
Oahu,All_Diesel_Vehicles,3,4507011922,11.384859428375364
Oahu,All_Diesel_Vehicles,3,4507021200,60.38355074726276
Oahu,All_Diesel_Vehicles,3,4507021202,97.74868102742892
Oahu,All_Diesel_Vehicles,3,4507021204,89.28193102742891
Oahu,All_Diesel_Vehicles,3,4507021206,40.17983782107154
Oahu,All_Diesel_Vehicles,3,4507021208,3.9795878210715316
Oahu,All_Diesel_Vehicles,3,4507021210,3.9795878210715316
Oahu,All_Diesel_Vehicles,3,4507021212,3.9795878210715316
Oahu,All_Diesel_Vehicles,3,4507021214,3.9795878210715316
Oahu,All_Diesel_Vehicles,3,4507021216,3.9795878210715316
Oahu,All_Diesel_Vehicles,3,4507021218,3.9795878210715316
Oahu,All_Diesel_Vehicles,3,4507021220,3.9795878210715316
Oahu,All_Diesel_Vehicles,3,4507021222,11.384859428375364
Oahu,All_Diesel_Vehicles,3,4507050200,60.38355074726276
Oahu,All_Diesel_Vehicles,3,4507050202,97.74868102742892
Oahu,All_Diesel_Vehicles,3,4507050204,89.28193102742891
Oahu,All_Diesel_Vehicles,3,4507050206,40.17983782107154
Oahu,All_Diesel_Vehicles,3,4507050208,3.9795878210715316
Oahu,All_Diesel_Vehicles,3,4507050210,3.9795878210715316
Oahu,All_Diesel_Vehicles,3,4507050212,3.9795878210715316
Oahu,All_Diesel_Vehicles,3,4507050214,3.9795878210715316
Oahu,All_Diesel_Vehicles,3,4507050216,3.9795878210715316
Oahu,All_Diesel_Vehicles,3,4507050218,3.9795878210715316
Oahu,All_Diesel_Vehicles,3,4507050220,3.9795878210715316
Oahu,All_Diesel_Vehicles,3,4507050222,11.384859428375364
Oahu,All_Diesel_Vehicles,3,4507092200,60.38355074726276
Oahu,All_Diesel_Vehicles,3,4507092202,97.74868102742892
Oahu,All_Diesel_Vehicles,3,4507092204,89.28193102742891
Oahu,All_Diesel_Vehicles,3,4507092206,40.17983782107154
Oahu,All_Diesel_Vehicles,3,4507092208,3.9795878210715316
Oahu,All_Diesel_Vehicles,3,4507092210,3.9795878210715316
Oahu,All_Diesel_Vehicles,3,4507092212,3.9795878210715316
Oahu,All_Diesel_Vehicles,3,4507092214,3.9795878210715316
Oahu,All_Diesel_Vehicles,3,4507092216,3.9795878210715316
Oahu,All_Diesel_Vehicles,3,4507092218,3.9795878210715316
Oahu,All_Diesel_Vehicles,3,4507092220,3.9795878210715316
Oahu,All_Diesel_Vehicles,3,4507092222,11.384859428375364
Oahu,All_Diesel_Vehicles,3,4507102700,60.38355074726276
Oahu,All_Diesel_Vehicles,3,4507102702,97.74868102742892
Oahu,All_Diesel_Vehicles,3,4507102704,89.28193102742891
Oahu,All_Diesel_Vehicles,3,4507102706,40.17983782107154
Oahu,All_Diesel_Vehicles,3,4507102708,3.9795878210715316
Oahu,All_Diesel_Vehicles,3,4507102710,3.9795878210715316
Oahu,All_Diesel_Vehicles,3,4507102712,3.9795878210715316
Oahu,All_Diesel_Vehicles,3,4507102714,3.9795878210715316
Oahu,All_Diesel_Vehicles,3,4507102716,3.9795878210715316
Oahu,All_Diesel_Vehicles,3,4507102718,3.9795878210715316
Oahu,All_Diesel_Vehicles,3,4507102720,3.9795878210715316
Oahu,All_Diesel_Vehicles,3,4507102722,11.384859428375364
Oahu,All_Diesel_Vehicles,3,4507121500,60.38355074726276
Oahu,All_Diesel_Vehicles,3,4507121502,97.74868102742892
Oahu,All_Diesel_Vehicles,3,4507121504,89.28193102742891
Oahu,All_Diesel_Vehicles,3,4507121506,40.17983782107154
Oahu,All_Diesel_Vehicles,3,4507121508,3.9795878210715316
Oahu,All_Diesel_Vehicles,3,4507121510,3.9795878210715316
Oahu,All_Diesel_Vehicles,3,4507121512,3.9795878210715316
Oahu,All_Diesel_Vehicles,3,4507121514,3.9795878210715316
Oahu,All_Diesel_Vehicles,3,4507121516,3.9795878210715316
Oahu,All_Diesel_Vehicles,3,4507121518,3.9795878210715316
Oahu,All_Diesel_Vehicles,3,4507121520,3.9795878210715316
Oahu,All_Diesel_Vehicles,3,4507121522,11.384859428375364
Oahu,All_Diesel_Vehicles,3,4508022000,60.38355074726276
Oahu,All_Diesel_Vehicles,3,4508022002,97.74868102742892
Oahu,All_Diesel_Vehicles,3,4508022004,89.28193102742891
Oahu,All_Diesel_Vehicles,3,4508022006,40.17983782107154
Oahu,All_Diesel_Vehicles,3,4508022008,3.9795878210715316
Oahu,All_Diesel_Vehicles,3,4508022010,3.9795878210715316
Oahu,All_Diesel_Vehicles,3,4508022012,3.9795878210715316
Oahu,All_Diesel_Vehicles,3,4508022014,3.9795878210715316
Oahu,All_Diesel_Vehicles,3,4508022016,3.9795878210715316
Oahu,All_Diesel_Vehicles,3,4508022018,3.9795878210715316
Oahu,All_Diesel_Vehicles,3,4508022020,3.9795878210715316
Oahu,All_Diesel_Vehicles,3,4508022022,11.384859428375364
Oahu,All_Diesel_Vehicles,3,4508041000,60.38355074726276
Oahu,All_Diesel_Vehicles,3,4508041002,97.74868102742892
Oahu,All_Diesel_Vehicles,3,4508041004,89.28193102742891
Oahu,All_Diesel_Vehicles,3,4508041006,40.17983782107154
Oahu,All_Diesel_Vehicles,3,4508041008,3.9795878210715316
Oahu,All_Diesel_Vehicles,3,4508041010,3.9795878210715316
Oahu,All_Diesel_Vehicles,3,4508041012,3.9795878210715316
Oahu,All_Diesel_Vehicles,3,4508041014,3.9795878210715316
Oahu,All_Diesel_Vehicles,3,4508041016,3.9795878210715316
Oahu,All_Diesel_Vehicles,3,4508041018,3.9795878210715316
Oahu,All_Diesel_Vehicles,3,4508041020,3.9795878210715316
Oahu,All_Diesel_Vehicles,3,4508041022,11.384859428375364
Oahu,All_Diesel_Vehicles,3,4508061700,60.38355074726276
Oahu,All_Diesel_Vehicles,3,4508061702,97.74868102742892
Oahu,All_Diesel_Vehicles,3,4508061704,89.28193102742891
Oahu,All_Diesel_Vehicles,3,4508061706,40.17983782107154
Oahu,All_Diesel_Vehicles,3,4508061708,3.9795878210715316
Oahu,All_Diesel_Vehicles,3,4508061710,3.9795878210715316
Oahu,All_Diesel_Vehicles,3,4508061712,3.9795878210715316
Oahu,All_Diesel_Vehicles,3,4508061714,3.9795878210715316
Oahu,All_Diesel_Vehicles,3,4508061716,3.9795878210715316
Oahu,All_Diesel_Vehicles,3,4508061718,3.9795878210715316
Oahu,All_Diesel_Vehicles,3,4508061720,3.9795878210715316
Oahu,All_Diesel_Vehicles,3,4508061722,11.384859428375364
Oahu,All_Diesel_Vehicles,3,4508081800,60.38355074726276
Oahu,All_Diesel_Vehicles,3,4508081802,97.74868102742892
Oahu,All_Diesel_Vehicles,3,4508081804,89.28193102742891
Oahu,All_Diesel_Vehicles,3,4508081806,40.17983782107154
Oahu,All_Diesel_Vehicles,3,4508081808,3.9795878210715316
Oahu,All_Diesel_Vehicles,3,4508081810,3.9795878210715316
Oahu,All_Diesel_Vehicles,3,4508081812,3.9795878210715316
Oahu,All_Diesel_Vehicles,3,4508081814,3.9795878210715316
Oahu,All_Diesel_Vehicles,3,4508081816,3.9795878210715316
Oahu,All_Diesel_Vehicles,3,4508081818,3.9795878210715316
Oahu,All_Diesel_Vehicles,3,4508081820,3.9795878210715316
Oahu,All_Diesel_Vehicles,3,4508081822,11.384859428375364
Oahu,All_Diesel_Vehicles,3,4508091000,60.38355074726276
Oahu,All_Diesel_Vehicles,3,4508091002,97.74868102742892
Oahu,All_Diesel_Vehicles,3,4508091004,89.28193102742891
Oahu,All_Diesel_Vehicles,3,4508091006,40.17983782107154
Oahu,All_Diesel_Vehicles,3,4508091008,3.9795878210715316
Oahu,All_Diesel_Vehicles,3,4508091010,3.9795878210715316
Oahu,All_Diesel_Vehicles,3,4508091012,3.9795878210715316
Oahu,All_Diesel_Vehicles,3,4508091014,3.9795878210715316
Oahu,All_Diesel_Vehicles,3,4508091016,3.9795878210715316
Oahu,All_Diesel_Vehicles,3,4508091018,3.9795878210715316
Oahu,All_Diesel_Vehicles,3,4508091020,3.9795878210715316
Oahu,All_Diesel_Vehicles,3,4508091022,11.384859428375364
Oahu,All_Diesel_Vehicles,3,4508112200,60.38355074726276
Oahu,All_Diesel_Vehicles,3,4508112202,97.74868102742892
Oahu,All_Diesel_Vehicles,3,4508112204,89.28193102742891
Oahu,All_Diesel_Vehicles,3,4508112206,40.17983782107154
Oahu,All_Diesel_Vehicles,3,4508112208,3.9795878210715316
Oahu,All_Diesel_Vehicles,3,4508112210,3.9795878210715316
Oahu,All_Diesel_Vehicles,3,4508112212,3.9795878210715316
Oahu,All_Diesel_Vehicles,3,4508112214,3.9795878210715316
Oahu,All_Diesel_Vehicles,3,4508112216,3.9795878210715316
Oahu,All_Diesel_Vehicles,3,4508112218,3.9795878210715316
Oahu,All_Diesel_Vehicles,3,4508112220,3.9795878210715316
Oahu,All_Diesel_Vehicles,3,4508112222,11.384859428375364
Oahu,All_Diesel_Vehicles,4,4507011200,59.723313874474556
Oahu,All_Diesel_Vehicles,4,4507011202,96.24891790021712
Oahu,All_Diesel_Vehicles,4,4507011204,89.28193102742891
Oahu,All_Diesel_Vehicles,4,4507011206,40.17983782107154
Oahu,All_Diesel_Vehicles,4,4507011208,6.139587821071531
Oahu,All_Diesel_Vehicles,4,4507011210,3.9795878210715316
Oahu,All_Diesel_Vehicles,4,4507011212,3.9795878210715316
Oahu,All_Diesel_Vehicles,4,4507011214,3.9795878210715316
Oahu,All_Diesel_Vehicles,4,4507011216,3.9795878210715316
Oahu,All_Diesel_Vehicles,4,4507011218,3.9795878210715316
Oahu,All_Diesel_Vehicles,4,4507011220,3.9795878210715316
Oahu,All_Diesel_Vehicles,4,4507011222,11.384859428375364
Oahu,All_Diesel_Vehicles,4,4507011900,59.723313874474556
Oahu,All_Diesel_Vehicles,4,4507011902,96.24891790021712
Oahu,All_Diesel_Vehicles,4,4507011904,89.28193102742891
Oahu,All_Diesel_Vehicles,4,4507011906,40.17983782107154
Oahu,All_Diesel_Vehicles,4,4507011908,6.139587821071531
Oahu,All_Diesel_Vehicles,4,4507011910,3.9795878210715316
Oahu,All_Diesel_Vehicles,4,4507011912,3.9795878210715316
Oahu,All_Diesel_Vehicles,4,4507011914,3.9795878210715316
Oahu,All_Diesel_Vehicles,4,4507011916,3.9795878210715316
Oahu,All_Diesel_Vehicles,4,4507011918,3.9795878210715316
Oahu,All_Diesel_Vehicles,4,4507011920,3.9795878210715316
Oahu,All_Diesel_Vehicles,4,4507011922,11.384859428375364
Oahu,All_Diesel_Vehicles,4,4507021200,59.723313874474556
Oahu,All_Diesel_Vehicles,4,4507021202,96.24891790021712
Oahu,All_Diesel_Vehicles,4,4507021204,89.28193102742891
Oahu,All_Diesel_Vehicles,4,4507021206,40.17983782107154
Oahu,All_Diesel_Vehicles,4,4507021208,6.139587821071531
Oahu,All_Diesel_Vehicles,4,4507021210,3.9795878210715316
Oahu,All_Diesel_Vehicles,4,4507021212,3.9795878210715316
Oahu,All_Diesel_Vehicles,4,4507021214,3.9795878210715316
Oahu,All_Diesel_Vehicles,4,4507021216,3.9795878210715316
Oahu,All_Diesel_Vehicles,4,4507021218,3.9795878210715316
Oahu,All_Diesel_Vehicles,4,4507021220,3.9795878210715316
Oahu,All_Diesel_Vehicles,4,4507021222,11.384859428375364
Oahu,All_Diesel_Vehicles,4,4507050200,59.723313874474556
Oahu,All_Diesel_Vehicles,4,4507050202,96.24891790021712
Oahu,All_Diesel_Vehicles,4,4507050204,89.28193102742891
Oahu,All_Diesel_Vehicles,4,4507050206,40.17983782107154
Oahu,All_Diesel_Vehicles,4,4507050208,6.139587821071531
Oahu,All_Diesel_Vehicles,4,4507050210,3.9795878210715316
Oahu,All_Diesel_Vehicles,4,4507050212,3.9795878210715316
Oahu,All_Diesel_Vehicles,4,4507050214,3.9795878210715316
Oahu,All_Diesel_Vehicles,4,4507050216,3.9795878210715316
Oahu,All_Diesel_Vehicles,4,4507050218,3.9795878210715316
Oahu,All_Diesel_Vehicles,4,4507050220,3.9795878210715316
Oahu,All_Diesel_Vehicles,4,4507050222,11.384859428375364
Oahu,All_Diesel_Vehicles,4,4507092200,59.723313874474556
Oahu,All_Diesel_Vehicles,4,4507092202,96.24891790021712
Oahu,All_Diesel_Vehicles,4,4507092204,89.28193102742891
Oahu,All_Diesel_Vehicles,4,4507092206,40.17983782107154
Oahu,All_Diesel_Vehicles,4,4507092208,6.139587821071531
Oahu,All_Diesel_Vehicles,4,4507092210,3.9795878210715316
Oahu,All_Diesel_Vehicles,4,4507092212,3.9795878210715316
Oahu,All_Diesel_Vehicles,4,4507092214,3.9795878210715316
Oahu,All_Diesel_Vehicles,4,4507092216,3.9795878210715316
Oahu,All_Diesel_Vehicles,4,4507092218,3.9795878210715316
Oahu,All_Diesel_Vehicles,4,4507092220,3.9795878210715316
Oahu,All_Diesel_Vehicles,4,4507092222,11.384859428375364
Oahu,All_Diesel_Vehicles,4,4507102700,59.723313874474556
Oahu,All_Diesel_Vehicles,4,4507102702,96.24891790021712
Oahu,All_Diesel_Vehicles,4,4507102704,89.28193102742891
Oahu,All_Diesel_Vehicles,4,4507102706,40.17983782107154
Oahu,All_Diesel_Vehicles,4,4507102708,6.139587821071531
Oahu,All_Diesel_Vehicles,4,4507102710,3.9795878210715316
Oahu,All_Diesel_Vehicles,4,4507102712,3.9795878210715316
Oahu,All_Diesel_Vehicles,4,4507102714,3.9795878210715316
Oahu,All_Diesel_Vehicles,4,4507102716,3.9795878210715316
Oahu,All_Diesel_Vehicles,4,4507102718,3.9795878210715316
Oahu,All_Diesel_Vehicles,4,4507102720,3.9795878210715316
Oahu,All_Diesel_Vehicles,4,4507102722,11.384859428375364
Oahu,All_Diesel_Vehicles,4,4507121500,59.723313874474556
Oahu,All_Diesel_Vehicles,4,4507121502,96.24891790021712
Oahu,All_Diesel_Vehicles,4,4507121504,89.28193102742891
Oahu,All_Diesel_Vehicles,4,4507121506,40.17983782107154
Oahu,All_Diesel_Vehicles,4,4507121508,6.139587821071531
Oahu,All_Diesel_Vehicles,4,4507121510,3.9795878210715316
Oahu,All_Diesel_Vehicles,4,4507121512,3.9795878210715316
Oahu,All_Diesel_Vehicles,4,4507121514,3.9795878210715316
Oahu,All_Diesel_Vehicles,4,4507121516,3.9795878210715316
Oahu,All_Diesel_Vehicles,4,4507121518,3.9795878210715316
Oahu,All_Diesel_Vehicles,4,4507121520,3.9795878210715316
Oahu,All_Diesel_Vehicles,4,4507121522,11.384859428375364
Oahu,All_Diesel_Vehicles,4,4508022000,59.723313874474556
Oahu,All_Diesel_Vehicles,4,4508022002,96.24891790021712
Oahu,All_Diesel_Vehicles,4,4508022004,89.28193102742891
Oahu,All_Diesel_Vehicles,4,4508022006,40.17983782107154
Oahu,All_Diesel_Vehicles,4,4508022008,6.139587821071531
Oahu,All_Diesel_Vehicles,4,4508022010,3.9795878210715316
Oahu,All_Diesel_Vehicles,4,4508022012,3.9795878210715316
Oahu,All_Diesel_Vehicles,4,4508022014,3.9795878210715316
Oahu,All_Diesel_Vehicles,4,4508022016,3.9795878210715316
Oahu,All_Diesel_Vehicles,4,4508022018,3.9795878210715316
Oahu,All_Diesel_Vehicles,4,4508022020,3.9795878210715316
Oahu,All_Diesel_Vehicles,4,4508022022,11.384859428375364
Oahu,All_Diesel_Vehicles,4,4508041000,59.723313874474556
Oahu,All_Diesel_Vehicles,4,4508041002,96.24891790021712
Oahu,All_Diesel_Vehicles,4,4508041004,89.28193102742891
Oahu,All_Diesel_Vehicles,4,4508041006,40.17983782107154
Oahu,All_Diesel_Vehicles,4,4508041008,6.139587821071531
Oahu,All_Diesel_Vehicles,4,4508041010,3.9795878210715316
Oahu,All_Diesel_Vehicles,4,4508041012,3.9795878210715316
Oahu,All_Diesel_Vehicles,4,4508041014,3.9795878210715316
Oahu,All_Diesel_Vehicles,4,4508041016,3.9795878210715316
Oahu,All_Diesel_Vehicles,4,4508041018,3.9795878210715316
Oahu,All_Diesel_Vehicles,4,4508041020,3.9795878210715316
Oahu,All_Diesel_Vehicles,4,4508041022,11.384859428375364
Oahu,All_Diesel_Vehicles,4,4508061700,59.723313874474556
Oahu,All_Diesel_Vehicles,4,4508061702,96.24891790021712
Oahu,All_Diesel_Vehicles,4,4508061704,89.28193102742891
Oahu,All_Diesel_Vehicles,4,4508061706,40.17983782107154
Oahu,All_Diesel_Vehicles,4,4508061708,6.139587821071531
Oahu,All_Diesel_Vehicles,4,4508061710,3.9795878210715316
Oahu,All_Diesel_Vehicles,4,4508061712,3.9795878210715316
Oahu,All_Diesel_Vehicles,4,4508061714,3.9795878210715316
Oahu,All_Diesel_Vehicles,4,4508061716,3.9795878210715316
Oahu,All_Diesel_Vehicles,4,4508061718,3.9795878210715316
Oahu,All_Diesel_Vehicles,4,4508061720,3.9795878210715316
Oahu,All_Diesel_Vehicles,4,4508061722,11.384859428375364
Oahu,All_Diesel_Vehicles,4,4508081800,59.723313874474556
Oahu,All_Diesel_Vehicles,4,4508081802,96.24891790021712
Oahu,All_Diesel_Vehicles,4,4508081804,89.28193102742891
Oahu,All_Diesel_Vehicles,4,4508081806,40.17983782107154
Oahu,All_Diesel_Vehicles,4,4508081808,6.139587821071531
Oahu,All_Diesel_Vehicles,4,4508081810,3.9795878210715316
Oahu,All_Diesel_Vehicles,4,4508081812,3.9795878210715316
Oahu,All_Diesel_Vehicles,4,4508081814,3.9795878210715316
Oahu,All_Diesel_Vehicles,4,4508081816,3.9795878210715316
Oahu,All_Diesel_Vehicles,4,4508081818,3.9795878210715316
Oahu,All_Diesel_Vehicles,4,4508081820,3.9795878210715316
Oahu,All_Diesel_Vehicles,4,4508081822,11.384859428375364
Oahu,All_Diesel_Vehicles,4,4508091000,59.723313874474556
Oahu,All_Diesel_Vehicles,4,4508091002,96.24891790021712
Oahu,All_Diesel_Vehicles,4,4508091004,89.28193102742891
Oahu,All_Diesel_Vehicles,4,4508091006,40.17983782107154
Oahu,All_Diesel_Vehicles,4,4508091008,6.139587821071531
Oahu,All_Diesel_Vehicles,4,4508091010,3.9795878210715316
Oahu,All_Diesel_Vehicles,4,4508091012,3.9795878210715316
Oahu,All_Diesel_Vehicles,4,4508091014,3.9795878210715316
Oahu,All_Diesel_Vehicles,4,4508091016,3.9795878210715316
Oahu,All_Diesel_Vehicles,4,4508091018,3.9795878210715316
Oahu,All_Diesel_Vehicles,4,4508091020,3.9795878210715316
Oahu,All_Diesel_Vehicles,4,4508091022,11.384859428375364
Oahu,All_Diesel_Vehicles,4,4508112200,59.723313874474556
Oahu,All_Diesel_Vehicles,4,4508112202,96.24891790021712
Oahu,All_Diesel_Vehicles,4,4508112204,89.28193102742891
Oahu,All_Diesel_Vehicles,4,4508112206,40.17983782107154
Oahu,All_Diesel_Vehicles,4,4508112208,6.139587821071531
Oahu,All_Diesel_Vehicles,4,4508112210,3.9795878210715316
Oahu,All_Diesel_Vehicles,4,4508112212,3.9795878210715316
Oahu,All_Diesel_Vehicles,4,4508112214,3.9795878210715316
Oahu,All_Diesel_Vehicles,4,4508112216,3.9795878210715316
Oahu,All_Diesel_Vehicles,4,4508112218,3.9795878210715316
Oahu,All_Diesel_Vehicles,4,4508112220,3.9795878210715316
Oahu,All_Diesel_Vehicles,4,4508112222,11.384859428375364
Oahu,All_Diesel_Vehicles,5,4507011200,53.84455486645581
Oahu,All_Diesel_Vehicles,5,4507011202,96.24891790021712
Oahu,All_Diesel_Vehicles,5,4507011204,89.28193102742891
Oahu,All_Diesel_Vehicles,5,4507011206,40.17983782107154
Oahu,All_Diesel_Vehicles,5,4507011208,6.139587821071531
Oahu,All_Diesel_Vehicles,5,4507011210,3.9795878210715316
Oahu,All_Diesel_Vehicles,5,4507011212,3.9795878210715316
Oahu,All_Diesel_Vehicles,5,4507011214,3.9795878210715316
Oahu,All_Diesel_Vehicles,5,4507011216,20.913087821071535
Oahu,All_Diesel_Vehicles,5,4507011218,4.309706257465634
Oahu,All_Diesel_Vehicles,5,4507011220,3.9795878210715316
Oahu,All_Diesel_Vehicles,5,4507011222,0.0
Oahu,All_Diesel_Vehicles,5,4507011900,53.84455486645581
Oahu,All_Diesel_Vehicles,5,4507011902,96.24891790021712
Oahu,All_Diesel_Vehicles,5,4507011904,89.28193102742891
Oahu,All_Diesel_Vehicles,5,4507011906,40.17983782107154
Oahu,All_Diesel_Vehicles,5,4507011908,6.139587821071531
Oahu,All_Diesel_Vehicles,5,4507011910,3.9795878210715316
Oahu,All_Diesel_Vehicles,5,4507011912,3.9795878210715316
Oahu,All_Diesel_Vehicles,5,4507011914,3.9795878210715316
Oahu,All_Diesel_Vehicles,5,4507011916,20.913087821071535
Oahu,All_Diesel_Vehicles,5,4507011918,4.309706257465634
Oahu,All_Diesel_Vehicles,5,4507011920,3.9795878210715316
Oahu,All_Diesel_Vehicles,5,4507011922,0.0
Oahu,All_Diesel_Vehicles,5,4507021200,53.844554866455816
Oahu,All_Diesel_Vehicles,5,4507021202,96.24891790021712
Oahu,All_Diesel_Vehicles,5,4507021204,89.28193102742891
Oahu,All_Diesel_Vehicles,5,4507021206,40.17983782107154
Oahu,All_Diesel_Vehicles,5,4507021208,6.139587821071531
Oahu,All_Diesel_Vehicles,5,4507021210,3.9795878210715316
Oahu,All_Diesel_Vehicles,5,4507021212,3.9795878210715316
Oahu,All_Diesel_Vehicles,5,4507021214,3.9795878210715316
Oahu,All_Diesel_Vehicles,5,4507021216,20.913087821071535
Oahu,All_Diesel_Vehicles,5,4507021218,4.309706257465634
Oahu,All_Diesel_Vehicles,5,4507021220,3.9795878210715316
Oahu,All_Diesel_Vehicles,5,4507021222,0.0
Oahu,All_Diesel_Vehicles,5,4507050200,53.84455486645581
Oahu,All_Diesel_Vehicles,5,4507050202,96.24891790021712
Oahu,All_Diesel_Vehicles,5,4507050204,89.28193102742891
Oahu,All_Diesel_Vehicles,5,4507050206,40.17983782107154
Oahu,All_Diesel_Vehicles,5,4507050208,6.139587821071531
Oahu,All_Diesel_Vehicles,5,4507050210,3.9795878210715316
Oahu,All_Diesel_Vehicles,5,4507050212,3.9795878210715316
Oahu,All_Diesel_Vehicles,5,4507050214,3.9795878210715316
Oahu,All_Diesel_Vehicles,5,4507050216,20.913087821071535
Oahu,All_Diesel_Vehicles,5,4507050218,4.309706257465634
Oahu,All_Diesel_Vehicles,5,4507050220,3.9795878210715316
Oahu,All_Diesel_Vehicles,5,4507050222,0.0
Oahu,All_Diesel_Vehicles,5,4507092200,53.844554866455816
Oahu,All_Diesel_Vehicles,5,4507092202,96.24891790021712
Oahu,All_Diesel_Vehicles,5,4507092204,89.28193102742891
Oahu,All_Diesel_Vehicles,5,4507092206,40.17983782107154
Oahu,All_Diesel_Vehicles,5,4507092208,6.139587821071531
Oahu,All_Diesel_Vehicles,5,4507092210,3.9795878210715316
Oahu,All_Diesel_Vehicles,5,4507092212,3.9795878210715316
Oahu,All_Diesel_Vehicles,5,4507092214,3.9795878210715316
Oahu,All_Diesel_Vehicles,5,4507092216,20.913087821071535
Oahu,All_Diesel_Vehicles,5,4507092218,4.309706257465634
Oahu,All_Diesel_Vehicles,5,4507092220,3.9795878210715316
Oahu,All_Diesel_Vehicles,5,4507092222,0.0
Oahu,All_Diesel_Vehicles,5,4507102700,53.844554866455816
Oahu,All_Diesel_Vehicles,5,4507102702,96.24891790021712
Oahu,All_Diesel_Vehicles,5,4507102704,89.28193102742891
Oahu,All_Diesel_Vehicles,5,4507102706,40.17983782107154
Oahu,All_Diesel_Vehicles,5,4507102708,6.139587821071531
Oahu,All_Diesel_Vehicles,5,4507102710,3.9795878210715316
Oahu,All_Diesel_Vehicles,5,4507102712,3.9795878210715316
Oahu,All_Diesel_Vehicles,5,4507102714,3.9795878210715316
Oahu,All_Diesel_Vehicles,5,4507102716,20.913087821071535
Oahu,All_Diesel_Vehicles,5,4507102718,4.309706257465634
Oahu,All_Diesel_Vehicles,5,4507102720,3.9795878210715316
Oahu,All_Diesel_Vehicles,5,4507102722,0.0
Oahu,All_Diesel_Vehicles,5,4507121500,53.844554866455816
Oahu,All_Diesel_Vehicles,5,4507121502,96.24891790021712
Oahu,All_Diesel_Vehicles,5,4507121504,89.28193102742891
Oahu,All_Diesel_Vehicles,5,4507121506,40.17983782107154
Oahu,All_Diesel_Vehicles,5,4507121508,6.139587821071531
Oahu,All_Diesel_Vehicles,5,4507121510,3.9795878210715316
Oahu,All_Diesel_Vehicles,5,4507121512,3.9795878210715316
Oahu,All_Diesel_Vehicles,5,4507121514,3.9795878210715316
Oahu,All_Diesel_Vehicles,5,4507121516,20.913087821071535
Oahu,All_Diesel_Vehicles,5,4507121518,4.309706257465634
Oahu,All_Diesel_Vehicles,5,4507121520,3.9795878210715316
Oahu,All_Diesel_Vehicles,5,4507121522,0.0
Oahu,All_Diesel_Vehicles,5,4508022000,53.844554866455816
Oahu,All_Diesel_Vehicles,5,4508022002,96.24891790021712
Oahu,All_Diesel_Vehicles,5,4508022004,89.28193102742891
Oahu,All_Diesel_Vehicles,5,4508022006,40.17983782107154
Oahu,All_Diesel_Vehicles,5,4508022008,6.139587821071531
Oahu,All_Diesel_Vehicles,5,4508022010,3.9795878210715316
Oahu,All_Diesel_Vehicles,5,4508022012,3.9795878210715316
Oahu,All_Diesel_Vehicles,5,4508022014,3.9795878210715316
Oahu,All_Diesel_Vehicles,5,4508022016,20.913087821071535
Oahu,All_Diesel_Vehicles,5,4508022018,4.309706257465634
Oahu,All_Diesel_Vehicles,5,4508022020,3.9795878210715316
Oahu,All_Diesel_Vehicles,5,4508022022,0.0
Oahu,All_Diesel_Vehicles,5,4508041000,53.844554866455816
Oahu,All_Diesel_Vehicles,5,4508041002,96.24891790021712
Oahu,All_Diesel_Vehicles,5,4508041004,89.28193102742891
Oahu,All_Diesel_Vehicles,5,4508041006,40.17983782107154
Oahu,All_Diesel_Vehicles,5,4508041008,6.139587821071531
Oahu,All_Diesel_Vehicles,5,4508041010,3.9795878210715316
Oahu,All_Diesel_Vehicles,5,4508041012,3.9795878210715316
Oahu,All_Diesel_Vehicles,5,4508041014,3.9795878210715316
Oahu,All_Diesel_Vehicles,5,4508041016,20.913087821071535
Oahu,All_Diesel_Vehicles,5,4508041018,4.309706257465634
Oahu,All_Diesel_Vehicles,5,4508041020,3.9795878210715316
Oahu,All_Diesel_Vehicles,5,4508041022,0.0
Oahu,All_Diesel_Vehicles,5,4508061700,53.844554866455816
Oahu,All_Diesel_Vehicles,5,4508061702,96.24891790021712
Oahu,All_Diesel_Vehicles,5,4508061704,89.28193102742891
Oahu,All_Diesel_Vehicles,5,4508061706,40.17983782107154
Oahu,All_Diesel_Vehicles,5,4508061708,6.139587821071531
Oahu,All_Diesel_Vehicles,5,4508061710,3.9795878210715316
Oahu,All_Diesel_Vehicles,5,4508061712,3.9795878210715316
Oahu,All_Diesel_Vehicles,5,4508061714,3.9795878210715316
Oahu,All_Diesel_Vehicles,5,4508061716,20.913087821071535
Oahu,All_Diesel_Vehicles,5,4508061718,4.309706257465634
Oahu,All_Diesel_Vehicles,5,4508061720,3.9795878210715316
Oahu,All_Diesel_Vehicles,5,4508061722,0.0
Oahu,All_Diesel_Vehicles,5,4508081800,53.844554866455816
Oahu,All_Diesel_Vehicles,5,4508081802,96.24891790021712
Oahu,All_Diesel_Vehicles,5,4508081804,89.28193102742891
Oahu,All_Diesel_Vehicles,5,4508081806,40.17983782107154
Oahu,All_Diesel_Vehicles,5,4508081808,6.139587821071531
Oahu,All_Diesel_Vehicles,5,4508081810,3.9795878210715316
Oahu,All_Diesel_Vehicles,5,4508081812,3.9795878210715316
Oahu,All_Diesel_Vehicles,5,4508081814,3.9795878210715316
Oahu,All_Diesel_Vehicles,5,4508081816,20.913087821071535
Oahu,All_Diesel_Vehicles,5,4508081818,4.309706257465634
Oahu,All_Diesel_Vehicles,5,4508081820,3.9795878210715316
Oahu,All_Diesel_Vehicles,5,4508081822,0.0
Oahu,All_Diesel_Vehicles,5,4508091000,53.844554866455816
Oahu,All_Diesel_Vehicles,5,4508091002,96.24891790021712
Oahu,All_Diesel_Vehicles,5,4508091004,89.28193102742891
Oahu,All_Diesel_Vehicles,5,4508091006,40.17983782107154
Oahu,All_Diesel_Vehicles,5,4508091008,6.139587821071531
Oahu,All_Diesel_Vehicles,5,4508091010,3.9795878210715316
Oahu,All_Diesel_Vehicles,5,4508091012,3.9795878210715316
Oahu,All_Diesel_Vehicles,5,4508091014,3.9795878210715316
Oahu,All_Diesel_Vehicles,5,4508091016,20.913087821071535
Oahu,All_Diesel_Vehicles,5,4508091018,4.309706257465634
Oahu,All_Diesel_Vehicles,5,4508091020,3.9795878210715316
Oahu,All_Diesel_Vehicles,5,4508091022,0.0
Oahu,All_Diesel_Vehicles,5,4508112200,53.844554866455816
Oahu,All_Diesel_Vehicles,5,4508112202,96.24891790021712
Oahu,All_Diesel_Vehicles,5,4508112204,89.28193102742891
Oahu,All_Diesel_Vehicles,5,4508112206,40.17983782107154
Oahu,All_Diesel_Vehicles,5,4508112208,6.139587821071531
Oahu,All_Diesel_Vehicles,5,4508112210,3.9795878210715316
Oahu,All_Diesel_Vehicles,5,4508112212,3.9795878210715316
Oahu,All_Diesel_Vehicles,5,4508112214,3.9795878210715316
Oahu,All_Diesel_Vehicles,5,4508112216,20.913087821071535
Oahu,All_Diesel_Vehicles,5,4508112218,4.309706257465634
Oahu,All_Diesel_Vehicles,5,4508112220,3.9795878210715316
Oahu,All_Diesel_Vehicles,5,4508112222,0.0
Oahu,All_Diesel_Vehicles,6,4507011200,7.661336009705082
Oahu,All_Diesel_Vehicles,6,4507011202,90.37015889219838
Oahu,All_Diesel_Vehicles,6,4507011204,89.28193102742891
Oahu,All_Diesel_Vehicles,6,4507011206,40.17983782107154
Oahu,All_Diesel_Vehicles,6,4507011208,6.139587821071531
Oahu,All_Diesel_Vehicles,6,4507011210,3.9795878210715316
Oahu,All_Diesel_Vehicles,6,4507011212,3.9795878210715316
Oahu,All_Diesel_Vehicles,6,4507011214,3.9795878210715316
Oahu,All_Diesel_Vehicles,6,4507011216,20.913087821071535
Oahu,All_Diesel_Vehicles,6,4507011218,43.030587821071535
Oahu,All_Diesel_Vehicles,6,4507011220,17.3206841222351
Oahu,All_Diesel_Vehicles,6,4507011222,0.0
Oahu,All_Diesel_Vehicles,6,4507011900,7.661336009705082
Oahu,All_Diesel_Vehicles,6,4507011902,90.37015889219838
Oahu,All_Diesel_Vehicles,6,4507011904,89.28193102742891
Oahu,All_Diesel_Vehicles,6,4507011906,40.17983782107154
Oahu,All_Diesel_Vehicles,6,4507011908,6.139587821071531
Oahu,All_Diesel_Vehicles,6,4507011910,3.9795878210715316
Oahu,All_Diesel_Vehicles,6,4507011912,3.9795878210715316
Oahu,All_Diesel_Vehicles,6,4507011914,3.9795878210715316
Oahu,All_Diesel_Vehicles,6,4507011916,20.913087821071535
Oahu,All_Diesel_Vehicles,6,4507011918,43.030587821071535
Oahu,All_Diesel_Vehicles,6,4507011920,17.3206841222351
Oahu,All_Diesel_Vehicles,6,4507011922,0.0
Oahu,All_Diesel_Vehicles,6,4507021200,7.661336009705082
Oahu,All_Diesel_Vehicles,6,4507021202,90.37015889219838
Oahu,All_Diesel_Vehicles,6,4507021204,89.28193102742891
Oahu,All_Diesel_Vehicles,6,4507021206,40.17983782107154
Oahu,All_Diesel_Vehicles,6,4507021208,6.139587821071531
Oahu,All_Diesel_Vehicles,6,4507021210,3.9795878210715316
Oahu,All_Diesel_Vehicles,6,4507021212,3.9795878210715316
Oahu,All_Diesel_Vehicles,6,4507021214,3.9795878210715316
Oahu,All_Diesel_Vehicles,6,4507021216,20.913087821071535
Oahu,All_Diesel_Vehicles,6,4507021218,43.030587821071535
Oahu,All_Diesel_Vehicles,6,4507021220,17.3206841222351
Oahu,All_Diesel_Vehicles,6,4507021222,0.0
Oahu,All_Diesel_Vehicles,6,4507050200,7.661336009705082
Oahu,All_Diesel_Vehicles,6,4507050202,90.37015889219838
Oahu,All_Diesel_Vehicles,6,4507050204,89.28193102742891
Oahu,All_Diesel_Vehicles,6,4507050206,40.17983782107154
Oahu,All_Diesel_Vehicles,6,4507050208,6.139587821071531
Oahu,All_Diesel_Vehicles,6,4507050210,3.9795878210715316
Oahu,All_Diesel_Vehicles,6,4507050212,3.9795878210715316
Oahu,All_Diesel_Vehicles,6,4507050214,3.9795878210715316
Oahu,All_Diesel_Vehicles,6,4507050216,20.913087821071535
Oahu,All_Diesel_Vehicles,6,4507050218,43.030587821071535
Oahu,All_Diesel_Vehicles,6,4507050220,17.3206841222351
Oahu,All_Diesel_Vehicles,6,4507050222,0.0
Oahu,All_Diesel_Vehicles,6,4507092200,7.661336009705082
Oahu,All_Diesel_Vehicles,6,4507092202,90.37015889219838
Oahu,All_Diesel_Vehicles,6,4507092204,89.28193102742891
Oahu,All_Diesel_Vehicles,6,4507092206,40.17983782107154
Oahu,All_Diesel_Vehicles,6,4507092208,6.139587821071531
Oahu,All_Diesel_Vehicles,6,4507092210,3.9795878210715316
Oahu,All_Diesel_Vehicles,6,4507092212,3.9795878210715316
Oahu,All_Diesel_Vehicles,6,4507092214,3.9795878210715316
Oahu,All_Diesel_Vehicles,6,4507092216,20.913087821071535
Oahu,All_Diesel_Vehicles,6,4507092218,43.030587821071535
Oahu,All_Diesel_Vehicles,6,4507092220,17.3206841222351
Oahu,All_Diesel_Vehicles,6,4507092222,0.0
Oahu,All_Diesel_Vehicles,6,4507102700,7.661336009705082
Oahu,All_Diesel_Vehicles,6,4507102702,90.37015889219838
Oahu,All_Diesel_Vehicles,6,4507102704,89.28193102742891
Oahu,All_Diesel_Vehicles,6,4507102706,40.17983782107154
Oahu,All_Diesel_Vehicles,6,4507102708,6.139587821071531
Oahu,All_Diesel_Vehicles,6,4507102710,3.9795878210715316
Oahu,All_Diesel_Vehicles,6,4507102712,3.9795878210715316
Oahu,All_Diesel_Vehicles,6,4507102714,3.9795878210715316
Oahu,All_Diesel_Vehicles,6,4507102716,20.913087821071535
Oahu,All_Diesel_Vehicles,6,4507102718,43.030587821071535
Oahu,All_Diesel_Vehicles,6,4507102720,17.3206841222351
Oahu,All_Diesel_Vehicles,6,4507102722,0.0
Oahu,All_Diesel_Vehicles,6,4507121500,7.661336009705082
Oahu,All_Diesel_Vehicles,6,4507121502,90.37015889219838
Oahu,All_Diesel_Vehicles,6,4507121504,89.28193102742891
Oahu,All_Diesel_Vehicles,6,4507121506,40.17983782107154
Oahu,All_Diesel_Vehicles,6,4507121508,6.139587821071531
Oahu,All_Diesel_Vehicles,6,4507121510,3.9795878210715316
Oahu,All_Diesel_Vehicles,6,4507121512,3.9795878210715316
Oahu,All_Diesel_Vehicles,6,4507121514,3.9795878210715316
Oahu,All_Diesel_Vehicles,6,4507121516,20.913087821071535
Oahu,All_Diesel_Vehicles,6,4507121518,43.030587821071535
Oahu,All_Diesel_Vehicles,6,4507121520,17.3206841222351
Oahu,All_Diesel_Vehicles,6,4507121522,0.0
Oahu,All_Diesel_Vehicles,6,4508022000,7.661336009705082
Oahu,All_Diesel_Vehicles,6,4508022002,90.37015889219838
Oahu,All_Diesel_Vehicles,6,4508022004,89.28193102742891
Oahu,All_Diesel_Vehicles,6,4508022006,40.17983782107154
Oahu,All_Diesel_Vehicles,6,4508022008,6.139587821071531
Oahu,All_Diesel_Vehicles,6,4508022010,3.9795878210715316
Oahu,All_Diesel_Vehicles,6,4508022012,3.9795878210715316
Oahu,All_Diesel_Vehicles,6,4508022014,3.9795878210715316
Oahu,All_Diesel_Vehicles,6,4508022016,20.913087821071535
Oahu,All_Diesel_Vehicles,6,4508022018,43.030587821071535
Oahu,All_Diesel_Vehicles,6,4508022020,17.3206841222351
Oahu,All_Diesel_Vehicles,6,4508022022,0.0
Oahu,All_Diesel_Vehicles,6,4508041000,7.661336009705082
Oahu,All_Diesel_Vehicles,6,4508041002,90.37015889219838
Oahu,All_Diesel_Vehicles,6,4508041004,89.28193102742891
Oahu,All_Diesel_Vehicles,6,4508041006,40.17983782107154
Oahu,All_Diesel_Vehicles,6,4508041008,6.139587821071531
Oahu,All_Diesel_Vehicles,6,4508041010,3.9795878210715316
Oahu,All_Diesel_Vehicles,6,4508041012,3.9795878210715316
Oahu,All_Diesel_Vehicles,6,4508041014,3.9795878210715316
Oahu,All_Diesel_Vehicles,6,4508041016,20.913087821071535
Oahu,All_Diesel_Vehicles,6,4508041018,43.030587821071535
Oahu,All_Diesel_Vehicles,6,4508041020,17.3206841222351
Oahu,All_Diesel_Vehicles,6,4508041022,0.0
Oahu,All_Diesel_Vehicles,6,4508061700,7.661336009705082
Oahu,All_Diesel_Vehicles,6,4508061702,90.37015889219838
Oahu,All_Diesel_Vehicles,6,4508061704,89.28193102742891
Oahu,All_Diesel_Vehicles,6,4508061706,40.17983782107154
Oahu,All_Diesel_Vehicles,6,4508061708,6.139587821071531
Oahu,All_Diesel_Vehicles,6,4508061710,3.9795878210715316
Oahu,All_Diesel_Vehicles,6,4508061712,3.9795878210715316
Oahu,All_Diesel_Vehicles,6,4508061714,3.9795878210715316
Oahu,All_Diesel_Vehicles,6,4508061716,20.913087821071535
Oahu,All_Diesel_Vehicles,6,4508061718,43.030587821071535
Oahu,All_Diesel_Vehicles,6,4508061720,17.3206841222351
Oahu,All_Diesel_Vehicles,6,4508061722,0.0
Oahu,All_Diesel_Vehicles,6,4508081800,7.661336009705082
Oahu,All_Diesel_Vehicles,6,4508081802,90.37015889219838
Oahu,All_Diesel_Vehicles,6,4508081804,89.28193102742891
Oahu,All_Diesel_Vehicles,6,4508081806,40.17983782107154
Oahu,All_Diesel_Vehicles,6,4508081808,6.139587821071531
Oahu,All_Diesel_Vehicles,6,4508081810,3.9795878210715316
Oahu,All_Diesel_Vehicles,6,4508081812,3.9795878210715316
Oahu,All_Diesel_Vehicles,6,4508081814,3.9795878210715316
Oahu,All_Diesel_Vehicles,6,4508081816,20.913087821071535
Oahu,All_Diesel_Vehicles,6,4508081818,43.030587821071535
Oahu,All_Diesel_Vehicles,6,4508081820,17.3206841222351
Oahu,All_Diesel_Vehicles,6,4508081822,0.0
Oahu,All_Diesel_Vehicles,6,4508091000,7.661336009705082
Oahu,All_Diesel_Vehicles,6,4508091002,90.37015889219838
Oahu,All_Diesel_Vehicles,6,4508091004,89.28193102742891
Oahu,All_Diesel_Vehicles,6,4508091006,40.17983782107154
Oahu,All_Diesel_Vehicles,6,4508091008,6.139587821071531
Oahu,All_Diesel_Vehicles,6,4508091010,3.9795878210715316
Oahu,All_Diesel_Vehicles,6,4508091012,3.9795878210715316
Oahu,All_Diesel_Vehicles,6,4508091014,3.9795878210715316
Oahu,All_Diesel_Vehicles,6,4508091016,20.913087821071535
Oahu,All_Diesel_Vehicles,6,4508091018,43.030587821071535
Oahu,All_Diesel_Vehicles,6,4508091020,17.3206841222351
Oahu,All_Diesel_Vehicles,6,4508091022,0.0
Oahu,All_Diesel_Vehicles,6,4508112200,7.661336009705082
Oahu,All_Diesel_Vehicles,6,4508112202,90.37015889219838
Oahu,All_Diesel_Vehicles,6,4508112204,89.28193102742891
Oahu,All_Diesel_Vehicles,6,4508112206,40.17983782107154
Oahu,All_Diesel_Vehicles,6,4508112208,6.139587821071531
Oahu,All_Diesel_Vehicles,6,4508112210,3.9795878210715316
Oahu,All_Diesel_Vehicles,6,4508112212,3.9795878210715316
Oahu,All_Diesel_Vehicles,6,4508112214,3.9795878210715316
Oahu,All_Diesel_Vehicles,6,4508112216,20.913087821071535
Oahu,All_Diesel_Vehicles,6,4508112218,43.030587821071535
Oahu,All_Diesel_Vehicles,6,4508112220,17.3206841222351
Oahu,All_Diesel_Vehicles,6,4508112222,0.0
Oahu,All_Diesel_Vehicles,7,4507011200,0.0
Oahu,All_Diesel_Vehicles,7,4507011202,7.661336009705082
Oahu,All_Diesel_Vehicles,7,4507011204,83.40317201941016
Oahu,All_Diesel_Vehicles,7,4507011206,40.17983782107154
Oahu,All_Diesel_Vehicles,7,4507011208,6.139587821071531
Oahu,All_Diesel_Vehicles,7,4507011210,3.9795878210715316
Oahu,All_Diesel_Vehicles,7,4507011212,3.9795878210715316
Oahu,All_Diesel_Vehicles,7,4507011214,3.9795878210715316
Oahu,All_Diesel_Vehicles,7,4507011216,20.913087821071535
Oahu,All_Diesel_Vehicles,7,4507011218,43.030587821071535
Oahu,All_Diesel_Vehicles,7,4507011220,66.87608782107154
Oahu,All_Diesel_Vehicles,7,4507011222,46.69351420138068
Oahu,All_Diesel_Vehicles,7,4507011900,0.0
Oahu,All_Diesel_Vehicles,7,4507011902,7.661336009705082
Oahu,All_Diesel_Vehicles,7,4507011904,83.40317201941016
Oahu,All_Diesel_Vehicles,7,4507011906,40.17983782107154
Oahu,All_Diesel_Vehicles,7,4507011908,6.139587821071531
Oahu,All_Diesel_Vehicles,7,4507011910,3.9795878210715316
Oahu,All_Diesel_Vehicles,7,4507011912,3.9795878210715316
Oahu,All_Diesel_Vehicles,7,4507011914,3.9795878210715316
Oahu,All_Diesel_Vehicles,7,4507011916,20.913087821071535
Oahu,All_Diesel_Vehicles,7,4507011918,43.030587821071535
Oahu,All_Diesel_Vehicles,7,4507011920,66.87608782107154
Oahu,All_Diesel_Vehicles,7,4507011922,46.69351420138067
Oahu,All_Diesel_Vehicles,7,4507021200,0.0
Oahu,All_Diesel_Vehicles,7,4507021202,7.661336009705082
Oahu,All_Diesel_Vehicles,7,4507021204,83.40317201941016
Oahu,All_Diesel_Vehicles,7,4507021206,40.17983782107154
Oahu,All_Diesel_Vehicles,7,4507021208,6.139587821071531
Oahu,All_Diesel_Vehicles,7,4507021210,3.9795878210715316
Oahu,All_Diesel_Vehicles,7,4507021212,3.9795878210715316
Oahu,All_Diesel_Vehicles,7,4507021214,3.9795878210715316
Oahu,All_Diesel_Vehicles,7,4507021216,20.913087821071535
Oahu,All_Diesel_Vehicles,7,4507021218,43.030587821071535
Oahu,All_Diesel_Vehicles,7,4507021220,66.87608782107154
Oahu,All_Diesel_Vehicles,7,4507021222,46.69351420138068
Oahu,All_Diesel_Vehicles,7,4507050200,0.0
Oahu,All_Diesel_Vehicles,7,4507050202,7.661336009705082
Oahu,All_Diesel_Vehicles,7,4507050204,83.40317201941016
Oahu,All_Diesel_Vehicles,7,4507050206,40.17983782107154
Oahu,All_Diesel_Vehicles,7,4507050208,6.139587821071531
Oahu,All_Diesel_Vehicles,7,4507050210,3.9795878210715316
Oahu,All_Diesel_Vehicles,7,4507050212,3.9795878210715316
Oahu,All_Diesel_Vehicles,7,4507050214,3.9795878210715316
Oahu,All_Diesel_Vehicles,7,4507050216,20.913087821071535
Oahu,All_Diesel_Vehicles,7,4507050218,43.030587821071535
Oahu,All_Diesel_Vehicles,7,4507050220,66.87608782107154
Oahu,All_Diesel_Vehicles,7,4507050222,46.69351420138068
Oahu,All_Diesel_Vehicles,7,4507092200,0.0
Oahu,All_Diesel_Vehicles,7,4507092202,7.661336009705082
Oahu,All_Diesel_Vehicles,7,4507092204,83.40317201941016
Oahu,All_Diesel_Vehicles,7,4507092206,40.17983782107154
Oahu,All_Diesel_Vehicles,7,4507092208,6.139587821071531
Oahu,All_Diesel_Vehicles,7,4507092210,3.9795878210715316
Oahu,All_Diesel_Vehicles,7,4507092212,3.9795878210715316
Oahu,All_Diesel_Vehicles,7,4507092214,3.9795878210715316
Oahu,All_Diesel_Vehicles,7,4507092216,20.913087821071535
Oahu,All_Diesel_Vehicles,7,4507092218,43.030587821071535
Oahu,All_Diesel_Vehicles,7,4507092220,66.87608782107154
Oahu,All_Diesel_Vehicles,7,4507092222,46.69351420138068
Oahu,All_Diesel_Vehicles,7,4507102700,0.0
Oahu,All_Diesel_Vehicles,7,4507102702,7.661336009705082
Oahu,All_Diesel_Vehicles,7,4507102704,83.40317201941016
Oahu,All_Diesel_Vehicles,7,4507102706,40.17983782107154
Oahu,All_Diesel_Vehicles,7,4507102708,6.139587821071531
Oahu,All_Diesel_Vehicles,7,4507102710,3.9795878210715316
Oahu,All_Diesel_Vehicles,7,4507102712,3.9795878210715316
Oahu,All_Diesel_Vehicles,7,4507102714,3.9795878210715316
Oahu,All_Diesel_Vehicles,7,4507102716,20.913087821071535
Oahu,All_Diesel_Vehicles,7,4507102718,43.030587821071535
Oahu,All_Diesel_Vehicles,7,4507102720,66.87608782107154
Oahu,All_Diesel_Vehicles,7,4507102722,46.69351420138068
Oahu,All_Diesel_Vehicles,7,4507121500,0.0
Oahu,All_Diesel_Vehicles,7,4507121502,7.661336009705082
Oahu,All_Diesel_Vehicles,7,4507121504,83.40317201941016
Oahu,All_Diesel_Vehicles,7,4507121506,40.17983782107154
Oahu,All_Diesel_Vehicles,7,4507121508,6.139587821071531
Oahu,All_Diesel_Vehicles,7,4507121510,3.9795878210715316
Oahu,All_Diesel_Vehicles,7,4507121512,3.9795878210715316
Oahu,All_Diesel_Vehicles,7,4507121514,3.9795878210715316
Oahu,All_Diesel_Vehicles,7,4507121516,20.913087821071535
Oahu,All_Diesel_Vehicles,7,4507121518,43.030587821071535
Oahu,All_Diesel_Vehicles,7,4507121520,66.87608782107154
Oahu,All_Diesel_Vehicles,7,4507121522,46.69351420138068
Oahu,All_Diesel_Vehicles,7,4508022000,0.0
Oahu,All_Diesel_Vehicles,7,4508022002,7.661336009705082
Oahu,All_Diesel_Vehicles,7,4508022004,83.40317201941016
Oahu,All_Diesel_Vehicles,7,4508022006,40.17983782107154
Oahu,All_Diesel_Vehicles,7,4508022008,6.139587821071531
Oahu,All_Diesel_Vehicles,7,4508022010,3.9795878210715316
Oahu,All_Diesel_Vehicles,7,4508022012,3.9795878210715316
Oahu,All_Diesel_Vehicles,7,4508022014,3.9795878210715316
Oahu,All_Diesel_Vehicles,7,4508022016,20.913087821071535
Oahu,All_Diesel_Vehicles,7,4508022018,43.030587821071535
Oahu,All_Diesel_Vehicles,7,4508022020,66.87608782107154
Oahu,All_Diesel_Vehicles,7,4508022022,46.69351420138068
Oahu,All_Diesel_Vehicles,7,4508041000,0.0
Oahu,All_Diesel_Vehicles,7,4508041002,7.661336009705082
Oahu,All_Diesel_Vehicles,7,4508041004,83.40317201941016
Oahu,All_Diesel_Vehicles,7,4508041006,40.17983782107154
Oahu,All_Diesel_Vehicles,7,4508041008,6.139587821071531
Oahu,All_Diesel_Vehicles,7,4508041010,3.9795878210715316
Oahu,All_Diesel_Vehicles,7,4508041012,3.9795878210715316
Oahu,All_Diesel_Vehicles,7,4508041014,3.9795878210715316
Oahu,All_Diesel_Vehicles,7,4508041016,20.913087821071535
Oahu,All_Diesel_Vehicles,7,4508041018,43.030587821071535
Oahu,All_Diesel_Vehicles,7,4508041020,66.87608782107154
Oahu,All_Diesel_Vehicles,7,4508041022,46.69351420138068
Oahu,All_Diesel_Vehicles,7,4508061700,0.0
Oahu,All_Diesel_Vehicles,7,4508061702,7.661336009705082
Oahu,All_Diesel_Vehicles,7,4508061704,83.40317201941016
Oahu,All_Diesel_Vehicles,7,4508061706,40.17983782107154
Oahu,All_Diesel_Vehicles,7,4508061708,6.139587821071531
Oahu,All_Diesel_Vehicles,7,4508061710,3.9795878210715316
Oahu,All_Diesel_Vehicles,7,4508061712,3.9795878210715316
Oahu,All_Diesel_Vehicles,7,4508061714,3.9795878210715316
Oahu,All_Diesel_Vehicles,7,4508061716,20.913087821071535
Oahu,All_Diesel_Vehicles,7,4508061718,43.030587821071535
Oahu,All_Diesel_Vehicles,7,4508061720,66.87608782107154
Oahu,All_Diesel_Vehicles,7,4508061722,46.69351420138067
Oahu,All_Diesel_Vehicles,7,4508081800,0.0
Oahu,All_Diesel_Vehicles,7,4508081802,7.661336009705082
Oahu,All_Diesel_Vehicles,7,4508081804,83.40317201941016
Oahu,All_Diesel_Vehicles,7,4508081806,40.17983782107154
Oahu,All_Diesel_Vehicles,7,4508081808,6.139587821071531
Oahu,All_Diesel_Vehicles,7,4508081810,3.9795878210715316
Oahu,All_Diesel_Vehicles,7,4508081812,3.9795878210715316
Oahu,All_Diesel_Vehicles,7,4508081814,3.9795878210715316
Oahu,All_Diesel_Vehicles,7,4508081816,20.913087821071535
Oahu,All_Diesel_Vehicles,7,4508081818,43.030587821071535
Oahu,All_Diesel_Vehicles,7,4508081820,66.87608782107154
Oahu,All_Diesel_Vehicles,7,4508081822,46.69351420138068
Oahu,All_Diesel_Vehicles,7,4508091000,0.0
Oahu,All_Diesel_Vehicles,7,4508091002,7.661336009705082
Oahu,All_Diesel_Vehicles,7,4508091004,83.40317201941016
Oahu,All_Diesel_Vehicles,7,4508091006,40.17983782107154
Oahu,All_Diesel_Vehicles,7,4508091008,6.139587821071531
Oahu,All_Diesel_Vehicles,7,4508091010,3.9795878210715316
Oahu,All_Diesel_Vehicles,7,4508091012,3.9795878210715316
Oahu,All_Diesel_Vehicles,7,4508091014,3.9795878210715316
Oahu,All_Diesel_Vehicles,7,4508091016,20.913087821071535
Oahu,All_Diesel_Vehicles,7,4508091018,43.030587821071535
Oahu,All_Diesel_Vehicles,7,4508091020,66.87608782107154
Oahu,All_Diesel_Vehicles,7,4508091022,46.69351420138067
Oahu,All_Diesel_Vehicles,7,4508112200,0.0
Oahu,All_Diesel_Vehicles,7,4508112202,7.661336009705082
Oahu,All_Diesel_Vehicles,7,4508112204,83.40317201941016
Oahu,All_Diesel_Vehicles,7,4508112206,40.17983782107154
Oahu,All_Diesel_Vehicles,7,4508112208,6.139587821071531
Oahu,All_Diesel_Vehicles,7,4508112210,3.9795878210715316
Oahu,All_Diesel_Vehicles,7,4508112212,3.9795878210715316
Oahu,All_Diesel_Vehicles,7,4508112214,3.9795878210715316
Oahu,All_Diesel_Vehicles,7,4508112216,20.913087821071535
Oahu,All_Diesel_Vehicles,7,4508112218,43.030587821071535
Oahu,All_Diesel_Vehicles,7,4508112220,66.87608782107154
Oahu,All_Diesel_Vehicles,7,4508112222,46.69351420138068
Oahu,All_Diesel_Vehicles,8,4507011200,46.69351420138068
Oahu,All_Diesel_Vehicles,8,4507011202,0.0
Oahu,All_Diesel_Vehicles,8,4507011204,7.661336009705082
Oahu,All_Diesel_Vehicles,8,4507011206,40.17983782107154
Oahu,All_Diesel_Vehicles,8,4507011208,6.139587821071531
Oahu,All_Diesel_Vehicles,8,4507011210,3.9795878210715316
Oahu,All_Diesel_Vehicles,8,4507011212,3.9795878210715316
Oahu,All_Diesel_Vehicles,8,4507011214,3.9795878210715316
Oahu,All_Diesel_Vehicles,8,4507011216,20.913087821071535
Oahu,All_Diesel_Vehicles,8,4507011218,43.030587821071535
Oahu,All_Diesel_Vehicles,8,4507011220,66.87608782107154
Oahu,All_Diesel_Vehicles,8,4507011222,83.40317201941016
Oahu,All_Diesel_Vehicles,8,4507011900,46.69351420138067
Oahu,All_Diesel_Vehicles,8,4507011902,0.0
Oahu,All_Diesel_Vehicles,8,4507011904,7.661336009705082
Oahu,All_Diesel_Vehicles,8,4507011906,40.17983782107154
Oahu,All_Diesel_Vehicles,8,4507011908,6.139587821071531
Oahu,All_Diesel_Vehicles,8,4507011910,3.9795878210715316
Oahu,All_Diesel_Vehicles,8,4507011912,3.9795878210715316
Oahu,All_Diesel_Vehicles,8,4507011914,3.9795878210715316
Oahu,All_Diesel_Vehicles,8,4507011916,20.913087821071535
Oahu,All_Diesel_Vehicles,8,4507011918,43.030587821071535
Oahu,All_Diesel_Vehicles,8,4507011920,66.87608782107154
Oahu,All_Diesel_Vehicles,8,4507011922,83.40317201941016
Oahu,All_Diesel_Vehicles,8,4507021200,46.69351420138067
Oahu,All_Diesel_Vehicles,8,4507021202,0.0
Oahu,All_Diesel_Vehicles,8,4507021204,7.661336009705082
Oahu,All_Diesel_Vehicles,8,4507021206,40.17983782107154
Oahu,All_Diesel_Vehicles,8,4507021208,6.139587821071531
Oahu,All_Diesel_Vehicles,8,4507021210,3.9795878210715316
Oahu,All_Diesel_Vehicles,8,4507021212,3.9795878210715316
Oahu,All_Diesel_Vehicles,8,4507021214,3.9795878210715316
Oahu,All_Diesel_Vehicles,8,4507021216,20.913087821071535
Oahu,All_Diesel_Vehicles,8,4507021218,43.030587821071535
Oahu,All_Diesel_Vehicles,8,4507021220,66.87608782107154
Oahu,All_Diesel_Vehicles,8,4507021222,83.40317201941016
Oahu,All_Diesel_Vehicles,8,4507050200,46.69351420138068
Oahu,All_Diesel_Vehicles,8,4507050202,0.0
Oahu,All_Diesel_Vehicles,8,4507050204,7.661336009705082
Oahu,All_Diesel_Vehicles,8,4507050206,40.17983782107154
Oahu,All_Diesel_Vehicles,8,4507050208,6.139587821071531
Oahu,All_Diesel_Vehicles,8,4507050210,3.9795878210715316
Oahu,All_Diesel_Vehicles,8,4507050212,3.9795878210715316
Oahu,All_Diesel_Vehicles,8,4507050214,3.9795878210715316
Oahu,All_Diesel_Vehicles,8,4507050216,20.913087821071535
Oahu,All_Diesel_Vehicles,8,4507050218,43.030587821071535
Oahu,All_Diesel_Vehicles,8,4507050220,66.87608782107154
Oahu,All_Diesel_Vehicles,8,4507050222,83.40317201941016
Oahu,All_Diesel_Vehicles,8,4507092200,46.69351420138068
Oahu,All_Diesel_Vehicles,8,4507092202,0.0
Oahu,All_Diesel_Vehicles,8,4507092204,7.661336009705082
Oahu,All_Diesel_Vehicles,8,4507092206,40.17983782107154
Oahu,All_Diesel_Vehicles,8,4507092208,6.139587821071531
Oahu,All_Diesel_Vehicles,8,4507092210,3.9795878210715316
Oahu,All_Diesel_Vehicles,8,4507092212,3.9795878210715316
Oahu,All_Diesel_Vehicles,8,4507092214,3.9795878210715316
Oahu,All_Diesel_Vehicles,8,4507092216,20.913087821071535
Oahu,All_Diesel_Vehicles,8,4507092218,43.030587821071535
Oahu,All_Diesel_Vehicles,8,4507092220,66.87608782107154
Oahu,All_Diesel_Vehicles,8,4507092222,83.40317201941016
Oahu,All_Diesel_Vehicles,8,4507102700,46.69351420138068
Oahu,All_Diesel_Vehicles,8,4507102702,0.0
Oahu,All_Diesel_Vehicles,8,4507102704,7.661336009705082
Oahu,All_Diesel_Vehicles,8,4507102706,40.17983782107154
Oahu,All_Diesel_Vehicles,8,4507102708,6.139587821071531
Oahu,All_Diesel_Vehicles,8,4507102710,3.9795878210715316
Oahu,All_Diesel_Vehicles,8,4507102712,3.9795878210715316
Oahu,All_Diesel_Vehicles,8,4507102714,3.9795878210715316
Oahu,All_Diesel_Vehicles,8,4507102716,20.913087821071535
Oahu,All_Diesel_Vehicles,8,4507102718,43.030587821071535
Oahu,All_Diesel_Vehicles,8,4507102720,66.87608782107154
Oahu,All_Diesel_Vehicles,8,4507102722,83.40317201941016
Oahu,All_Diesel_Vehicles,8,4507121500,46.69351420138067
Oahu,All_Diesel_Vehicles,8,4507121502,0.0
Oahu,All_Diesel_Vehicles,8,4507121504,7.661336009705082
Oahu,All_Diesel_Vehicles,8,4507121506,40.17983782107154
Oahu,All_Diesel_Vehicles,8,4507121508,6.139587821071531
Oahu,All_Diesel_Vehicles,8,4507121510,3.9795878210715316
Oahu,All_Diesel_Vehicles,8,4507121512,3.9795878210715316
Oahu,All_Diesel_Vehicles,8,4507121514,3.9795878210715316
Oahu,All_Diesel_Vehicles,8,4507121516,20.913087821071535
Oahu,All_Diesel_Vehicles,8,4507121518,43.030587821071535
Oahu,All_Diesel_Vehicles,8,4507121520,66.87608782107154
Oahu,All_Diesel_Vehicles,8,4507121522,83.40317201941016
Oahu,All_Diesel_Vehicles,8,4508022000,46.69351420138068
Oahu,All_Diesel_Vehicles,8,4508022002,0.0
Oahu,All_Diesel_Vehicles,8,4508022004,7.661336009705082
Oahu,All_Diesel_Vehicles,8,4508022006,40.17983782107154
Oahu,All_Diesel_Vehicles,8,4508022008,6.139587821071531
Oahu,All_Diesel_Vehicles,8,4508022010,3.9795878210715316
Oahu,All_Diesel_Vehicles,8,4508022012,3.9795878210715316
Oahu,All_Diesel_Vehicles,8,4508022014,3.9795878210715316
Oahu,All_Diesel_Vehicles,8,4508022016,20.913087821071535
Oahu,All_Diesel_Vehicles,8,4508022018,43.030587821071535
Oahu,All_Diesel_Vehicles,8,4508022020,66.87608782107154
Oahu,All_Diesel_Vehicles,8,4508022022,83.40317201941016
Oahu,All_Diesel_Vehicles,8,4508041000,46.69351420138068
Oahu,All_Diesel_Vehicles,8,4508041002,0.0
Oahu,All_Diesel_Vehicles,8,4508041004,7.661336009705082
Oahu,All_Diesel_Vehicles,8,4508041006,40.17983782107154
Oahu,All_Diesel_Vehicles,8,4508041008,6.139587821071531
Oahu,All_Diesel_Vehicles,8,4508041010,3.9795878210715316
Oahu,All_Diesel_Vehicles,8,4508041012,3.9795878210715316
Oahu,All_Diesel_Vehicles,8,4508041014,3.9795878210715316
Oahu,All_Diesel_Vehicles,8,4508041016,20.913087821071535
Oahu,All_Diesel_Vehicles,8,4508041018,43.030587821071535
Oahu,All_Diesel_Vehicles,8,4508041020,66.87608782107154
Oahu,All_Diesel_Vehicles,8,4508041022,83.40317201941016
Oahu,All_Diesel_Vehicles,8,4508061700,46.69351420138067
Oahu,All_Diesel_Vehicles,8,4508061702,0.0
Oahu,All_Diesel_Vehicles,8,4508061704,7.661336009705082
Oahu,All_Diesel_Vehicles,8,4508061706,40.17983782107154
Oahu,All_Diesel_Vehicles,8,4508061708,6.139587821071531
Oahu,All_Diesel_Vehicles,8,4508061710,3.9795878210715316
Oahu,All_Diesel_Vehicles,8,4508061712,3.9795878210715316
Oahu,All_Diesel_Vehicles,8,4508061714,3.9795878210715316
Oahu,All_Diesel_Vehicles,8,4508061716,20.913087821071535
Oahu,All_Diesel_Vehicles,8,4508061718,43.030587821071535
Oahu,All_Diesel_Vehicles,8,4508061720,66.87608782107154
Oahu,All_Diesel_Vehicles,8,4508061722,83.40317201941016
Oahu,All_Diesel_Vehicles,8,4508081800,46.69351420138068
Oahu,All_Diesel_Vehicles,8,4508081802,0.0
Oahu,All_Diesel_Vehicles,8,4508081804,7.661336009705082
Oahu,All_Diesel_Vehicles,8,4508081806,40.17983782107154
Oahu,All_Diesel_Vehicles,8,4508081808,6.139587821071531
Oahu,All_Diesel_Vehicles,8,4508081810,3.9795878210715316
Oahu,All_Diesel_Vehicles,8,4508081812,3.9795878210715316
Oahu,All_Diesel_Vehicles,8,4508081814,3.9795878210715316
Oahu,All_Diesel_Vehicles,8,4508081816,20.913087821071535
Oahu,All_Diesel_Vehicles,8,4508081818,43.030587821071535
Oahu,All_Diesel_Vehicles,8,4508081820,66.87608782107154
Oahu,All_Diesel_Vehicles,8,4508081822,83.40317201941016
Oahu,All_Diesel_Vehicles,8,4508091000,46.69351420138067
Oahu,All_Diesel_Vehicles,8,4508091002,0.0
Oahu,All_Diesel_Vehicles,8,4508091004,7.661336009705082
Oahu,All_Diesel_Vehicles,8,4508091006,40.17983782107154
Oahu,All_Diesel_Vehicles,8,4508091008,6.139587821071531
Oahu,All_Diesel_Vehicles,8,4508091010,3.9795878210715316
Oahu,All_Diesel_Vehicles,8,4508091012,3.9795878210715316
Oahu,All_Diesel_Vehicles,8,4508091014,3.9795878210715316
Oahu,All_Diesel_Vehicles,8,4508091016,20.913087821071535
Oahu,All_Diesel_Vehicles,8,4508091018,43.030587821071535
Oahu,All_Diesel_Vehicles,8,4508091020,66.87608782107154
Oahu,All_Diesel_Vehicles,8,4508091022,83.40317201941016
Oahu,All_Diesel_Vehicles,8,4508112200,46.69351420138068
Oahu,All_Diesel_Vehicles,8,4508112202,0.0
Oahu,All_Diesel_Vehicles,8,4508112204,7.661336009705082
Oahu,All_Diesel_Vehicles,8,4508112206,40.17983782107154
Oahu,All_Diesel_Vehicles,8,4508112208,6.139587821071531
Oahu,All_Diesel_Vehicles,8,4508112210,3.9795878210715316
Oahu,All_Diesel_Vehicles,8,4508112212,3.9795878210715316
Oahu,All_Diesel_Vehicles,8,4508112214,3.9795878210715316
Oahu,All_Diesel_Vehicles,8,4508112216,20.913087821071535
Oahu,All_Diesel_Vehicles,8,4508112218,43.030587821071535
Oahu,All_Diesel_Vehicles,8,4508112220,66.87608782107154
Oahu,All_Diesel_Vehicles,8,4508112222,83.40317201941016
Oahu,All_Diesel_Vehicles,9,4507011200,60.651913396207746
Oahu,All_Diesel_Vehicles,9,4507011202,28.60919131888739
Oahu,All_Diesel_Vehicles,9,4507011204,0.0
Oahu,All_Diesel_Vehicles,9,4507011206,5.273583317062163
Oahu,All_Diesel_Vehicles,9,4507011208,6.139587821071531
Oahu,All_Diesel_Vehicles,9,4507011210,3.9795878210715316
Oahu,All_Diesel_Vehicles,9,4507011212,3.9795878210715316
Oahu,All_Diesel_Vehicles,9,4507011214,3.9795878210715316
Oahu,All_Diesel_Vehicles,9,4507011216,20.913087821071535
Oahu,All_Diesel_Vehicles,9,4507011218,43.030587821071535
Oahu,All_Diesel_Vehicles,9,4507011220,66.87608782107154
Oahu,All_Diesel_Vehicles,9,4507011222,83.40317201941016
Oahu,All_Diesel_Vehicles,9,4507011900,60.651913396207746
Oahu,All_Diesel_Vehicles,9,4507011902,28.60919131888739
Oahu,All_Diesel_Vehicles,9,4507011904,0.0
Oahu,All_Diesel_Vehicles,9,4507011906,5.273583317062163
Oahu,All_Diesel_Vehicles,9,4507011908,6.139587821071531
Oahu,All_Diesel_Vehicles,9,4507011910,3.9795878210715316
Oahu,All_Diesel_Vehicles,9,4507011912,3.9795878210715316
Oahu,All_Diesel_Vehicles,9,4507011914,3.9795878210715316
Oahu,All_Diesel_Vehicles,9,4507011916,20.913087821071535
Oahu,All_Diesel_Vehicles,9,4507011918,43.030587821071535
Oahu,All_Diesel_Vehicles,9,4507011920,66.87608782107154
Oahu,All_Diesel_Vehicles,9,4507011922,83.40317201941016
Oahu,All_Diesel_Vehicles,9,4507021200,60.651913396207746
Oahu,All_Diesel_Vehicles,9,4507021202,28.60919131888739
Oahu,All_Diesel_Vehicles,9,4507021204,0.0
Oahu,All_Diesel_Vehicles,9,4507021206,5.273583317062163
Oahu,All_Diesel_Vehicles,9,4507021208,6.139587821071531
Oahu,All_Diesel_Vehicles,9,4507021210,3.9795878210715316
Oahu,All_Diesel_Vehicles,9,4507021212,3.9795878210715316
Oahu,All_Diesel_Vehicles,9,4507021214,3.9795878210715316
Oahu,All_Diesel_Vehicles,9,4507021216,20.913087821071535
Oahu,All_Diesel_Vehicles,9,4507021218,43.030587821071535
Oahu,All_Diesel_Vehicles,9,4507021220,66.87608782107154
Oahu,All_Diesel_Vehicles,9,4507021222,83.40317201941016
Oahu,All_Diesel_Vehicles,9,4507050200,60.651913396207746
Oahu,All_Diesel_Vehicles,9,4507050202,28.60919131888739
Oahu,All_Diesel_Vehicles,9,4507050204,0.0
Oahu,All_Diesel_Vehicles,9,4507050206,5.273583317062163
Oahu,All_Diesel_Vehicles,9,4507050208,6.139587821071531
Oahu,All_Diesel_Vehicles,9,4507050210,3.9795878210715316
Oahu,All_Diesel_Vehicles,9,4507050212,3.9795878210715316
Oahu,All_Diesel_Vehicles,9,4507050214,3.9795878210715316
Oahu,All_Diesel_Vehicles,9,4507050216,20.913087821071535
Oahu,All_Diesel_Vehicles,9,4507050218,43.030587821071535
Oahu,All_Diesel_Vehicles,9,4507050220,66.87608782107154
Oahu,All_Diesel_Vehicles,9,4507050222,83.40317201941016
Oahu,All_Diesel_Vehicles,9,4507092200,60.651913396207746
Oahu,All_Diesel_Vehicles,9,4507092202,28.60919131888739
Oahu,All_Diesel_Vehicles,9,4507092204,0.0
Oahu,All_Diesel_Vehicles,9,4507092206,5.273583317062163
Oahu,All_Diesel_Vehicles,9,4507092208,6.139587821071531
Oahu,All_Diesel_Vehicles,9,4507092210,3.9795878210715316
Oahu,All_Diesel_Vehicles,9,4507092212,3.9795878210715316
Oahu,All_Diesel_Vehicles,9,4507092214,3.9795878210715316
Oahu,All_Diesel_Vehicles,9,4507092216,20.913087821071535
Oahu,All_Diesel_Vehicles,9,4507092218,43.030587821071535
Oahu,All_Diesel_Vehicles,9,4507092220,66.87608782107154
Oahu,All_Diesel_Vehicles,9,4507092222,83.40317201941016
Oahu,All_Diesel_Vehicles,9,4507102700,60.65191339620774
Oahu,All_Diesel_Vehicles,9,4507102702,28.60919131888739
Oahu,All_Diesel_Vehicles,9,4507102704,0.0
Oahu,All_Diesel_Vehicles,9,4507102706,5.273583317062163
Oahu,All_Diesel_Vehicles,9,4507102708,6.139587821071531
Oahu,All_Diesel_Vehicles,9,4507102710,3.9795878210715316
Oahu,All_Diesel_Vehicles,9,4507102712,3.9795878210715316
Oahu,All_Diesel_Vehicles,9,4507102714,3.9795878210715316
Oahu,All_Diesel_Vehicles,9,4507102716,20.913087821071535
Oahu,All_Diesel_Vehicles,9,4507102718,43.030587821071535
Oahu,All_Diesel_Vehicles,9,4507102720,66.87608782107154
Oahu,All_Diesel_Vehicles,9,4507102722,83.40317201941016
Oahu,All_Diesel_Vehicles,9,4507121500,60.65191339620774
Oahu,All_Diesel_Vehicles,9,4507121502,28.60919131888739
Oahu,All_Diesel_Vehicles,9,4507121504,0.0
Oahu,All_Diesel_Vehicles,9,4507121506,5.273583317062163
Oahu,All_Diesel_Vehicles,9,4507121508,6.139587821071531
Oahu,All_Diesel_Vehicles,9,4507121510,3.9795878210715316
Oahu,All_Diesel_Vehicles,9,4507121512,3.9795878210715316
Oahu,All_Diesel_Vehicles,9,4507121514,3.9795878210715316
Oahu,All_Diesel_Vehicles,9,4507121516,20.913087821071535
Oahu,All_Diesel_Vehicles,9,4507121518,43.030587821071535
Oahu,All_Diesel_Vehicles,9,4507121520,66.87608782107154
Oahu,All_Diesel_Vehicles,9,4507121522,83.40317201941016
Oahu,All_Diesel_Vehicles,9,4508022000,60.651913396207746
Oahu,All_Diesel_Vehicles,9,4508022002,28.60919131888739
Oahu,All_Diesel_Vehicles,9,4508022004,0.0
Oahu,All_Diesel_Vehicles,9,4508022006,5.273583317062163
Oahu,All_Diesel_Vehicles,9,4508022008,6.139587821071531
Oahu,All_Diesel_Vehicles,9,4508022010,3.9795878210715316
Oahu,All_Diesel_Vehicles,9,4508022012,3.9795878210715316
Oahu,All_Diesel_Vehicles,9,4508022014,3.9795878210715316
Oahu,All_Diesel_Vehicles,9,4508022016,20.913087821071535
Oahu,All_Diesel_Vehicles,9,4508022018,43.030587821071535
Oahu,All_Diesel_Vehicles,9,4508022020,66.87608782107154
Oahu,All_Diesel_Vehicles,9,4508022022,83.40317201941016
Oahu,All_Diesel_Vehicles,9,4508041000,60.651913396207746
Oahu,All_Diesel_Vehicles,9,4508041002,28.60919131888739
Oahu,All_Diesel_Vehicles,9,4508041004,0.0
Oahu,All_Diesel_Vehicles,9,4508041006,5.273583317062163
Oahu,All_Diesel_Vehicles,9,4508041008,6.139587821071531
Oahu,All_Diesel_Vehicles,9,4508041010,3.9795878210715316
Oahu,All_Diesel_Vehicles,9,4508041012,3.9795878210715316
Oahu,All_Diesel_Vehicles,9,4508041014,3.9795878210715316
Oahu,All_Diesel_Vehicles,9,4508041016,20.913087821071535
Oahu,All_Diesel_Vehicles,9,4508041018,43.030587821071535
Oahu,All_Diesel_Vehicles,9,4508041020,66.87608782107154
Oahu,All_Diesel_Vehicles,9,4508041022,83.40317201941016
Oahu,All_Diesel_Vehicles,9,4508061700,60.651913396207746
Oahu,All_Diesel_Vehicles,9,4508061702,28.60919131888739
Oahu,All_Diesel_Vehicles,9,4508061704,0.0
Oahu,All_Diesel_Vehicles,9,4508061706,5.273583317062163
Oahu,All_Diesel_Vehicles,9,4508061708,6.139587821071531
Oahu,All_Diesel_Vehicles,9,4508061710,3.9795878210715316
Oahu,All_Diesel_Vehicles,9,4508061712,3.9795878210715316
Oahu,All_Diesel_Vehicles,9,4508061714,3.9795878210715316
Oahu,All_Diesel_Vehicles,9,4508061716,20.913087821071535
Oahu,All_Diesel_Vehicles,9,4508061718,43.030587821071535
Oahu,All_Diesel_Vehicles,9,4508061720,66.87608782107154
Oahu,All_Diesel_Vehicles,9,4508061722,83.40317201941016
Oahu,All_Diesel_Vehicles,9,4508081800,60.65191339620774
Oahu,All_Diesel_Vehicles,9,4508081802,28.60919131888739
Oahu,All_Diesel_Vehicles,9,4508081804,0.0
Oahu,All_Diesel_Vehicles,9,4508081806,5.273583317062163
Oahu,All_Diesel_Vehicles,9,4508081808,6.139587821071531
Oahu,All_Diesel_Vehicles,9,4508081810,3.9795878210715316
Oahu,All_Diesel_Vehicles,9,4508081812,3.9795878210715316
Oahu,All_Diesel_Vehicles,9,4508081814,3.9795878210715316
Oahu,All_Diesel_Vehicles,9,4508081816,20.913087821071535
Oahu,All_Diesel_Vehicles,9,4508081818,43.030587821071535
Oahu,All_Diesel_Vehicles,9,4508081820,66.87608782107154
Oahu,All_Diesel_Vehicles,9,4508081822,83.40317201941016
Oahu,All_Diesel_Vehicles,9,4508091000,60.651913396207746
Oahu,All_Diesel_Vehicles,9,4508091002,28.60919131888739
Oahu,All_Diesel_Vehicles,9,4508091004,0.0
Oahu,All_Diesel_Vehicles,9,4508091006,5.273583317062163
Oahu,All_Diesel_Vehicles,9,4508091008,6.139587821071531
Oahu,All_Diesel_Vehicles,9,4508091010,3.9795878210715316
Oahu,All_Diesel_Vehicles,9,4508091012,3.9795878210715316
Oahu,All_Diesel_Vehicles,9,4508091014,3.9795878210715316
Oahu,All_Diesel_Vehicles,9,4508091016,20.913087821071535
Oahu,All_Diesel_Vehicles,9,4508091018,43.030587821071535
Oahu,All_Diesel_Vehicles,9,4508091020,66.87608782107154
Oahu,All_Diesel_Vehicles,9,4508091022,83.40317201941016
Oahu,All_Diesel_Vehicles,9,4508112200,60.65191339620774
Oahu,All_Diesel_Vehicles,9,4508112202,28.60919131888739
Oahu,All_Diesel_Vehicles,9,4508112204,0.0
Oahu,All_Diesel_Vehicles,9,4508112206,5.273583317062163
Oahu,All_Diesel_Vehicles,9,4508112208,6.139587821071531
Oahu,All_Diesel_Vehicles,9,4508112210,3.9795878210715316
Oahu,All_Diesel_Vehicles,9,4508112212,3.9795878210715316
Oahu,All_Diesel_Vehicles,9,4508112214,3.9795878210715316
Oahu,All_Diesel_Vehicles,9,4508112216,20.913087821071535
Oahu,All_Diesel_Vehicles,9,4508112218,43.030587821071535
Oahu,All_Diesel_Vehicles,9,4508112220,66.87608782107154
Oahu,All_Diesel_Vehicles,9,4508112222,83.40317201941016
Oahu,All_Diesel_Vehicles,10,4507011200,60.65191339620774
Oahu,All_Diesel_Vehicles,10,4507011202,30.439072882493285
Oahu,All_Diesel_Vehicles,10,4507011204,1.6241139323847333
Oahu,All_Diesel_Vehicles,10,4507011206,3.9795878210715316
Oahu,All_Diesel_Vehicles,10,4507011208,3.9795878210715316
Oahu,All_Diesel_Vehicles,10,4507011210,3.9795878210715316
Oahu,All_Diesel_Vehicles,10,4507011212,3.9795878210715316
Oahu,All_Diesel_Vehicles,10,4507011214,3.9795878210715316
Oahu,All_Diesel_Vehicles,10,4507011216,20.913087821071535
Oahu,All_Diesel_Vehicles,10,4507011218,43.030587821071535
Oahu,All_Diesel_Vehicles,10,4507011220,66.87608782107154
Oahu,All_Diesel_Vehicles,10,4507011222,83.40317201941016
Oahu,All_Diesel_Vehicles,10,4507011900,60.651913396207746
Oahu,All_Diesel_Vehicles,10,4507011902,30.43907288249329
Oahu,All_Diesel_Vehicles,10,4507011904,1.6241139323847333
Oahu,All_Diesel_Vehicles,10,4507011906,3.9795878210715316
Oahu,All_Diesel_Vehicles,10,4507011908,3.9795878210715316
Oahu,All_Diesel_Vehicles,10,4507011910,3.9795878210715316
Oahu,All_Diesel_Vehicles,10,4507011912,3.9795878210715316
Oahu,All_Diesel_Vehicles,10,4507011914,3.9795878210715316
Oahu,All_Diesel_Vehicles,10,4507011916,20.913087821071535
Oahu,All_Diesel_Vehicles,10,4507011918,43.030587821071535
Oahu,All_Diesel_Vehicles,10,4507011920,66.87608782107154
Oahu,All_Diesel_Vehicles,10,4507011922,83.40317201941016
Oahu,All_Diesel_Vehicles,10,4507021200,60.65191339620774
Oahu,All_Diesel_Vehicles,10,4507021202,30.43907288249329
Oahu,All_Diesel_Vehicles,10,4507021204,1.6241139323847333
Oahu,All_Diesel_Vehicles,10,4507021206,3.9795878210715316
Oahu,All_Diesel_Vehicles,10,4507021208,3.9795878210715316
Oahu,All_Diesel_Vehicles,10,4507021210,3.9795878210715316
Oahu,All_Diesel_Vehicles,10,4507021212,3.9795878210715316
Oahu,All_Diesel_Vehicles,10,4507021214,3.9795878210715316
Oahu,All_Diesel_Vehicles,10,4507021216,20.913087821071535
Oahu,All_Diesel_Vehicles,10,4507021218,43.030587821071535
Oahu,All_Diesel_Vehicles,10,4507021220,66.87608782107154
Oahu,All_Diesel_Vehicles,10,4507021222,83.40317201941016
Oahu,All_Diesel_Vehicles,10,4507050200,60.65191339620774
Oahu,All_Diesel_Vehicles,10,4507050202,30.439072882493285
Oahu,All_Diesel_Vehicles,10,4507050204,1.6241139323847333
Oahu,All_Diesel_Vehicles,10,4507050206,3.9795878210715316
Oahu,All_Diesel_Vehicles,10,4507050208,3.9795878210715316
Oahu,All_Diesel_Vehicles,10,4507050210,3.9795878210715316
Oahu,All_Diesel_Vehicles,10,4507050212,3.9795878210715316
Oahu,All_Diesel_Vehicles,10,4507050214,3.9795878210715316
Oahu,All_Diesel_Vehicles,10,4507050216,20.913087821071535
Oahu,All_Diesel_Vehicles,10,4507050218,43.030587821071535
Oahu,All_Diesel_Vehicles,10,4507050220,66.87608782107154
Oahu,All_Diesel_Vehicles,10,4507050222,83.40317201941016
Oahu,All_Diesel_Vehicles,10,4507092200,60.651913396207746
Oahu,All_Diesel_Vehicles,10,4507092202,30.43907288249329
Oahu,All_Diesel_Vehicles,10,4507092204,1.6241139323847333
Oahu,All_Diesel_Vehicles,10,4507092206,3.9795878210715316
Oahu,All_Diesel_Vehicles,10,4507092208,3.9795878210715316
Oahu,All_Diesel_Vehicles,10,4507092210,3.9795878210715316
Oahu,All_Diesel_Vehicles,10,4507092212,3.9795878210715316
Oahu,All_Diesel_Vehicles,10,4507092214,3.9795878210715316
Oahu,All_Diesel_Vehicles,10,4507092216,20.913087821071535
Oahu,All_Diesel_Vehicles,10,4507092218,43.030587821071535
Oahu,All_Diesel_Vehicles,10,4507092220,66.87608782107154
Oahu,All_Diesel_Vehicles,10,4507092222,83.40317201941016
Oahu,All_Diesel_Vehicles,10,4507102700,60.651913396207746
Oahu,All_Diesel_Vehicles,10,4507102702,30.43907288249329
Oahu,All_Diesel_Vehicles,10,4507102704,1.6241139323847333
Oahu,All_Diesel_Vehicles,10,4507102706,3.9795878210715316
Oahu,All_Diesel_Vehicles,10,4507102708,3.9795878210715316
Oahu,All_Diesel_Vehicles,10,4507102710,3.9795878210715316
Oahu,All_Diesel_Vehicles,10,4507102712,3.9795878210715316
Oahu,All_Diesel_Vehicles,10,4507102714,3.9795878210715316
Oahu,All_Diesel_Vehicles,10,4507102716,20.913087821071535
Oahu,All_Diesel_Vehicles,10,4507102718,43.030587821071535
Oahu,All_Diesel_Vehicles,10,4507102720,66.87608782107154
Oahu,All_Diesel_Vehicles,10,4507102722,83.40317201941016
Oahu,All_Diesel_Vehicles,10,4507121500,60.65191339620774
Oahu,All_Diesel_Vehicles,10,4507121502,30.439072882493285
Oahu,All_Diesel_Vehicles,10,4507121504,1.6241139323847333
Oahu,All_Diesel_Vehicles,10,4507121506,3.9795878210715316
Oahu,All_Diesel_Vehicles,10,4507121508,3.9795878210715316
Oahu,All_Diesel_Vehicles,10,4507121510,3.9795878210715316
Oahu,All_Diesel_Vehicles,10,4507121512,3.9795878210715316
Oahu,All_Diesel_Vehicles,10,4507121514,3.9795878210715316
Oahu,All_Diesel_Vehicles,10,4507121516,20.913087821071535
Oahu,All_Diesel_Vehicles,10,4507121518,43.030587821071535
Oahu,All_Diesel_Vehicles,10,4507121520,66.87608782107154
Oahu,All_Diesel_Vehicles,10,4507121522,83.40317201941016
Oahu,All_Diesel_Vehicles,10,4508022000,60.651913396207746
Oahu,All_Diesel_Vehicles,10,4508022002,30.439072882493285
Oahu,All_Diesel_Vehicles,10,4508022004,1.6241139323847333
Oahu,All_Diesel_Vehicles,10,4508022006,3.9795878210715316
Oahu,All_Diesel_Vehicles,10,4508022008,3.9795878210715316
Oahu,All_Diesel_Vehicles,10,4508022010,3.9795878210715316
Oahu,All_Diesel_Vehicles,10,4508022012,3.9795878210715316
Oahu,All_Diesel_Vehicles,10,4508022014,3.9795878210715316
Oahu,All_Diesel_Vehicles,10,4508022016,20.913087821071535
Oahu,All_Diesel_Vehicles,10,4508022018,43.030587821071535
Oahu,All_Diesel_Vehicles,10,4508022020,66.87608782107154
Oahu,All_Diesel_Vehicles,10,4508022022,83.40317201941016
Oahu,All_Diesel_Vehicles,10,4508041000,60.651913396207746
Oahu,All_Diesel_Vehicles,10,4508041002,30.439072882493285
Oahu,All_Diesel_Vehicles,10,4508041004,1.6241139323847333
Oahu,All_Diesel_Vehicles,10,4508041006,3.9795878210715316
Oahu,All_Diesel_Vehicles,10,4508041008,3.9795878210715316
Oahu,All_Diesel_Vehicles,10,4508041010,3.9795878210715316
Oahu,All_Diesel_Vehicles,10,4508041012,3.9795878210715316
Oahu,All_Diesel_Vehicles,10,4508041014,3.9795878210715316
Oahu,All_Diesel_Vehicles,10,4508041016,20.913087821071535
Oahu,All_Diesel_Vehicles,10,4508041018,43.030587821071535
Oahu,All_Diesel_Vehicles,10,4508041020,66.87608782107154
Oahu,All_Diesel_Vehicles,10,4508041022,83.40317201941016
Oahu,All_Diesel_Vehicles,10,4508061700,60.651913396207746
Oahu,All_Diesel_Vehicles,10,4508061702,30.439072882493285
Oahu,All_Diesel_Vehicles,10,4508061704,1.6241139323847333
Oahu,All_Diesel_Vehicles,10,4508061706,3.9795878210715316
Oahu,All_Diesel_Vehicles,10,4508061708,3.9795878210715316
Oahu,All_Diesel_Vehicles,10,4508061710,3.9795878210715316
Oahu,All_Diesel_Vehicles,10,4508061712,3.9795878210715316
Oahu,All_Diesel_Vehicles,10,4508061714,3.9795878210715316
Oahu,All_Diesel_Vehicles,10,4508061716,20.913087821071535
Oahu,All_Diesel_Vehicles,10,4508061718,43.030587821071535
Oahu,All_Diesel_Vehicles,10,4508061720,66.87608782107154
Oahu,All_Diesel_Vehicles,10,4508061722,83.40317201941016
Oahu,All_Diesel_Vehicles,10,4508081800,60.65191339620774
Oahu,All_Diesel_Vehicles,10,4508081802,30.43907288249329
Oahu,All_Diesel_Vehicles,10,4508081804,1.6241139323847333
Oahu,All_Diesel_Vehicles,10,4508081806,3.9795878210715316
Oahu,All_Diesel_Vehicles,10,4508081808,3.9795878210715316
Oahu,All_Diesel_Vehicles,10,4508081810,3.9795878210715316
Oahu,All_Diesel_Vehicles,10,4508081812,3.9795878210715316
Oahu,All_Diesel_Vehicles,10,4508081814,3.9795878210715316
Oahu,All_Diesel_Vehicles,10,4508081816,20.913087821071535
Oahu,All_Diesel_Vehicles,10,4508081818,43.030587821071535
Oahu,All_Diesel_Vehicles,10,4508081820,66.87608782107154
Oahu,All_Diesel_Vehicles,10,4508081822,83.40317201941016
Oahu,All_Diesel_Vehicles,10,4508091000,60.65191339620774
Oahu,All_Diesel_Vehicles,10,4508091002,30.439072882493285
Oahu,All_Diesel_Vehicles,10,4508091004,1.6241139323847333
Oahu,All_Diesel_Vehicles,10,4508091006,3.9795878210715316
Oahu,All_Diesel_Vehicles,10,4508091008,3.9795878210715316
Oahu,All_Diesel_Vehicles,10,4508091010,3.9795878210715316
Oahu,All_Diesel_Vehicles,10,4508091012,3.9795878210715316
Oahu,All_Diesel_Vehicles,10,4508091014,3.9795878210715316
Oahu,All_Diesel_Vehicles,10,4508091016,20.913087821071535
Oahu,All_Diesel_Vehicles,10,4508091018,43.030587821071535
Oahu,All_Diesel_Vehicles,10,4508091020,66.87608782107154
Oahu,All_Diesel_Vehicles,10,4508091022,83.40317201941016
Oahu,All_Diesel_Vehicles,10,4508112200,60.651913396207746
Oahu,All_Diesel_Vehicles,10,4508112202,30.439072882493285
Oahu,All_Diesel_Vehicles,10,4508112204,1.6241139323847333
Oahu,All_Diesel_Vehicles,10,4508112206,3.9795878210715316
Oahu,All_Diesel_Vehicles,10,4508112208,3.9795878210715316
Oahu,All_Diesel_Vehicles,10,4508112210,3.9795878210715316
Oahu,All_Diesel_Vehicles,10,4508112212,3.9795878210715316
Oahu,All_Diesel_Vehicles,10,4508112214,3.9795878210715316
Oahu,All_Diesel_Vehicles,10,4508112216,20.913087821071535
Oahu,All_Diesel_Vehicles,10,4508112218,43.030587821071535
Oahu,All_Diesel_Vehicles,10,4508112220,66.87608782107154
Oahu,All_Diesel_Vehicles,10,4508112222,83.40317201941016
Oahu,All_Diesel_Vehicles,11,4507011200,60.65191339620774
Oahu,All_Diesel_Vehicles,11,4507011202,30.439072882493285
Oahu,All_Diesel_Vehicles,11,4507011204,1.6241139323847333
Oahu,All_Diesel_Vehicles,11,4507011206,3.9795878210715316
Oahu,All_Diesel_Vehicles,11,4507011208,3.9795878210715316
Oahu,All_Diesel_Vehicles,11,4507011210,3.9795878210715316
Oahu,All_Diesel_Vehicles,11,4507011212,3.9795878210715316
Oahu,All_Diesel_Vehicles,11,4507011214,3.9795878210715316
Oahu,All_Diesel_Vehicles,11,4507011216,6.567578813052794
Oahu,All_Diesel_Vehicles,11,4507011218,43.030587821071535
Oahu,All_Diesel_Vehicles,11,4507011220,66.87608782107154
Oahu,All_Diesel_Vehicles,11,4507011222,97.74868102742892
Oahu,All_Diesel_Vehicles,11,4507011900,60.651913396207746
Oahu,All_Diesel_Vehicles,11,4507011902,30.439072882493285
Oahu,All_Diesel_Vehicles,11,4507011904,1.6241139323847333
Oahu,All_Diesel_Vehicles,11,4507011906,3.9795878210715316
Oahu,All_Diesel_Vehicles,11,4507011908,3.9795878210715316
Oahu,All_Diesel_Vehicles,11,4507011910,3.9795878210715316
Oahu,All_Diesel_Vehicles,11,4507011912,3.9795878210715316
Oahu,All_Diesel_Vehicles,11,4507011914,3.9795878210715316
Oahu,All_Diesel_Vehicles,11,4507011916,6.567578813052794
Oahu,All_Diesel_Vehicles,11,4507011918,43.030587821071535
Oahu,All_Diesel_Vehicles,11,4507011920,66.87608782107154
Oahu,All_Diesel_Vehicles,11,4507011922,97.74868102742892
Oahu,All_Diesel_Vehicles,11,4507021200,60.651913396207746
Oahu,All_Diesel_Vehicles,11,4507021202,30.43907288249329
Oahu,All_Diesel_Vehicles,11,4507021204,1.6241139323847333
Oahu,All_Diesel_Vehicles,11,4507021206,3.9795878210715316
Oahu,All_Diesel_Vehicles,11,4507021208,3.9795878210715316
Oahu,All_Diesel_Vehicles,11,4507021210,3.9795878210715316
Oahu,All_Diesel_Vehicles,11,4507021212,3.9795878210715316
Oahu,All_Diesel_Vehicles,11,4507021214,3.9795878210715316
Oahu,All_Diesel_Vehicles,11,4507021216,6.567578813052794
Oahu,All_Diesel_Vehicles,11,4507021218,43.030587821071535
Oahu,All_Diesel_Vehicles,11,4507021220,66.87608782107154
Oahu,All_Diesel_Vehicles,11,4507021222,97.74868102742892
Oahu,All_Diesel_Vehicles,11,4507050200,60.651913396207746
Oahu,All_Diesel_Vehicles,11,4507050202,30.43907288249329
Oahu,All_Diesel_Vehicles,11,4507050204,1.6241139323847333
Oahu,All_Diesel_Vehicles,11,4507050206,3.9795878210715316
Oahu,All_Diesel_Vehicles,11,4507050208,3.9795878210715316
Oahu,All_Diesel_Vehicles,11,4507050210,3.9795878210715316
Oahu,All_Diesel_Vehicles,11,4507050212,3.9795878210715316
Oahu,All_Diesel_Vehicles,11,4507050214,3.9795878210715316
Oahu,All_Diesel_Vehicles,11,4507050216,6.567578813052794
Oahu,All_Diesel_Vehicles,11,4507050218,43.030587821071535
Oahu,All_Diesel_Vehicles,11,4507050220,66.87608782107154
Oahu,All_Diesel_Vehicles,11,4507050222,97.74868102742892
Oahu,All_Diesel_Vehicles,11,4507092200,60.651913396207746
Oahu,All_Diesel_Vehicles,11,4507092202,30.439072882493285
Oahu,All_Diesel_Vehicles,11,4507092204,1.6241139323847333
Oahu,All_Diesel_Vehicles,11,4507092206,3.9795878210715316
Oahu,All_Diesel_Vehicles,11,4507092208,3.9795878210715316
Oahu,All_Diesel_Vehicles,11,4507092210,3.9795878210715316
Oahu,All_Diesel_Vehicles,11,4507092212,3.9795878210715316
Oahu,All_Diesel_Vehicles,11,4507092214,3.9795878210715316
Oahu,All_Diesel_Vehicles,11,4507092216,6.567578813052794
Oahu,All_Diesel_Vehicles,11,4507092218,43.030587821071535
Oahu,All_Diesel_Vehicles,11,4507092220,66.87608782107154
Oahu,All_Diesel_Vehicles,11,4507092222,97.74868102742892
Oahu,All_Diesel_Vehicles,11,4507102700,60.651913396207746
Oahu,All_Diesel_Vehicles,11,4507102702,30.439072882493285
Oahu,All_Diesel_Vehicles,11,4507102704,1.6241139323847333
Oahu,All_Diesel_Vehicles,11,4507102706,3.9795878210715316
Oahu,All_Diesel_Vehicles,11,4507102708,3.9795878210715316
Oahu,All_Diesel_Vehicles,11,4507102710,3.9795878210715316
Oahu,All_Diesel_Vehicles,11,4507102712,3.9795878210715316
Oahu,All_Diesel_Vehicles,11,4507102714,3.9795878210715316
Oahu,All_Diesel_Vehicles,11,4507102716,6.567578813052794
Oahu,All_Diesel_Vehicles,11,4507102718,43.030587821071535
Oahu,All_Diesel_Vehicles,11,4507102720,66.87608782107154
Oahu,All_Diesel_Vehicles,11,4507102722,97.74868102742892
Oahu,All_Diesel_Vehicles,11,4507121500,60.65191339620774
Oahu,All_Diesel_Vehicles,11,4507121502,30.439072882493285
Oahu,All_Diesel_Vehicles,11,4507121504,1.6241139323847333
Oahu,All_Diesel_Vehicles,11,4507121506,3.9795878210715316
Oahu,All_Diesel_Vehicles,11,4507121508,3.9795878210715316
Oahu,All_Diesel_Vehicles,11,4507121510,3.9795878210715316
Oahu,All_Diesel_Vehicles,11,4507121512,3.9795878210715316
Oahu,All_Diesel_Vehicles,11,4507121514,3.9795878210715316
Oahu,All_Diesel_Vehicles,11,4507121516,6.567578813052794
Oahu,All_Diesel_Vehicles,11,4507121518,43.030587821071535
Oahu,All_Diesel_Vehicles,11,4507121520,66.87608782107154
Oahu,All_Diesel_Vehicles,11,4507121522,97.74868102742892
Oahu,All_Diesel_Vehicles,11,4508022000,60.651913396207746
Oahu,All_Diesel_Vehicles,11,4508022002,30.439072882493285
Oahu,All_Diesel_Vehicles,11,4508022004,1.6241139323847333
Oahu,All_Diesel_Vehicles,11,4508022006,3.9795878210715316
Oahu,All_Diesel_Vehicles,11,4508022008,3.9795878210715316
Oahu,All_Diesel_Vehicles,11,4508022010,3.9795878210715316
Oahu,All_Diesel_Vehicles,11,4508022012,3.9795878210715316
Oahu,All_Diesel_Vehicles,11,4508022014,3.9795878210715316
Oahu,All_Diesel_Vehicles,11,4508022016,6.567578813052794
Oahu,All_Diesel_Vehicles,11,4508022018,43.030587821071535
Oahu,All_Diesel_Vehicles,11,4508022020,66.87608782107154
Oahu,All_Diesel_Vehicles,11,4508022022,97.74868102742892
Oahu,All_Diesel_Vehicles,11,4508041000,60.651913396207746
Oahu,All_Diesel_Vehicles,11,4508041002,30.439072882493285
Oahu,All_Diesel_Vehicles,11,4508041004,1.6241139323847333
Oahu,All_Diesel_Vehicles,11,4508041006,3.9795878210715316
Oahu,All_Diesel_Vehicles,11,4508041008,3.9795878210715316
Oahu,All_Diesel_Vehicles,11,4508041010,3.9795878210715316
Oahu,All_Diesel_Vehicles,11,4508041012,3.9795878210715316
Oahu,All_Diesel_Vehicles,11,4508041014,3.9795878210715316
Oahu,All_Diesel_Vehicles,11,4508041016,6.567578813052794
Oahu,All_Diesel_Vehicles,11,4508041018,43.030587821071535
Oahu,All_Diesel_Vehicles,11,4508041020,66.87608782107154
Oahu,All_Diesel_Vehicles,11,4508041022,97.74868102742892
Oahu,All_Diesel_Vehicles,11,4508061700,60.651913396207746
Oahu,All_Diesel_Vehicles,11,4508061702,30.439072882493285
Oahu,All_Diesel_Vehicles,11,4508061704,1.6241139323847333
Oahu,All_Diesel_Vehicles,11,4508061706,3.9795878210715316
Oahu,All_Diesel_Vehicles,11,4508061708,3.9795878210715316
Oahu,All_Diesel_Vehicles,11,4508061710,3.9795878210715316
Oahu,All_Diesel_Vehicles,11,4508061712,3.9795878210715316
Oahu,All_Diesel_Vehicles,11,4508061714,3.9795878210715316
Oahu,All_Diesel_Vehicles,11,4508061716,6.567578813052794
Oahu,All_Diesel_Vehicles,11,4508061718,43.030587821071535
Oahu,All_Diesel_Vehicles,11,4508061720,66.87608782107154
Oahu,All_Diesel_Vehicles,11,4508061722,97.74868102742892
Oahu,All_Diesel_Vehicles,11,4508081800,60.651913396207746
Oahu,All_Diesel_Vehicles,11,4508081802,30.439072882493285
Oahu,All_Diesel_Vehicles,11,4508081804,1.6241139323847333
Oahu,All_Diesel_Vehicles,11,4508081806,3.9795878210715316
Oahu,All_Diesel_Vehicles,11,4508081808,3.9795878210715316
Oahu,All_Diesel_Vehicles,11,4508081810,3.9795878210715316
Oahu,All_Diesel_Vehicles,11,4508081812,3.9795878210715316
Oahu,All_Diesel_Vehicles,11,4508081814,3.9795878210715316
Oahu,All_Diesel_Vehicles,11,4508081816,6.567578813052794
Oahu,All_Diesel_Vehicles,11,4508081818,43.030587821071535
Oahu,All_Diesel_Vehicles,11,4508081820,66.87608782107154
Oahu,All_Diesel_Vehicles,11,4508081822,97.74868102742892
Oahu,All_Diesel_Vehicles,11,4508091000,60.651913396207746
Oahu,All_Diesel_Vehicles,11,4508091002,30.43907288249329
Oahu,All_Diesel_Vehicles,11,4508091004,1.6241139323847333
Oahu,All_Diesel_Vehicles,11,4508091006,3.9795878210715316
Oahu,All_Diesel_Vehicles,11,4508091008,3.9795878210715316
Oahu,All_Diesel_Vehicles,11,4508091010,3.9795878210715316
Oahu,All_Diesel_Vehicles,11,4508091012,3.9795878210715316
Oahu,All_Diesel_Vehicles,11,4508091014,3.9795878210715316
Oahu,All_Diesel_Vehicles,11,4508091016,6.567578813052794
Oahu,All_Diesel_Vehicles,11,4508091018,43.030587821071535
Oahu,All_Diesel_Vehicles,11,4508091020,66.87608782107154
Oahu,All_Diesel_Vehicles,11,4508091022,97.74868102742892
Oahu,All_Diesel_Vehicles,11,4508112200,60.651913396207746
Oahu,All_Diesel_Vehicles,11,4508112202,30.43907288249329
Oahu,All_Diesel_Vehicles,11,4508112204,1.6241139323847333
Oahu,All_Diesel_Vehicles,11,4508112206,3.9795878210715316
Oahu,All_Diesel_Vehicles,11,4508112208,3.9795878210715316
Oahu,All_Diesel_Vehicles,11,4508112210,3.9795878210715316
Oahu,All_Diesel_Vehicles,11,4508112212,3.9795878210715316
Oahu,All_Diesel_Vehicles,11,4508112214,3.9795878210715316
Oahu,All_Diesel_Vehicles,11,4508112216,6.567578813052794
Oahu,All_Diesel_Vehicles,11,4508112218,43.030587821071535
Oahu,All_Diesel_Vehicles,11,4508112220,66.87608782107154
Oahu,All_Diesel_Vehicles,11,4508112222,97.74868102742892
Oahu,All_Diesel_Vehicles,12,4507011200,97.74868102742892
Oahu,All_Diesel_Vehicles,12,4507011202,30.439072882493285
Oahu,All_Diesel_Vehicles,12,4507011204,1.6241139323847333
Oahu,All_Diesel_Vehicles,12,4507011206,3.9795878210715316
Oahu,All_Diesel_Vehicles,12,4507011208,3.9795878210715316
Oahu,All_Diesel_Vehicles,12,4507011210,3.9795878210715316
Oahu,All_Diesel_Vehicles,12,4507011212,3.9795878210715316
Oahu,All_Diesel_Vehicles,12,4507011214,3.9795878210715316
Oahu,All_Diesel_Vehicles,12,4507011216,3.9795878210715316
Oahu,All_Diesel_Vehicles,12,4507011218,8.521811181831628
Oahu,All_Diesel_Vehicles,12,4507011220,66.87608782107154
Oahu,All_Diesel_Vehicles,12,4507011222,97.74868102742892
Oahu,All_Diesel_Vehicles,12,4507011900,97.74868102742892
Oahu,All_Diesel_Vehicles,12,4507011902,30.43907288249329
Oahu,All_Diesel_Vehicles,12,4507011904,1.6241139323847333
Oahu,All_Diesel_Vehicles,12,4507011906,3.9795878210715316
Oahu,All_Diesel_Vehicles,12,4507011908,3.9795878210715316
Oahu,All_Diesel_Vehicles,12,4507011910,3.9795878210715316
Oahu,All_Diesel_Vehicles,12,4507011912,3.9795878210715316
Oahu,All_Diesel_Vehicles,12,4507011914,3.9795878210715316
Oahu,All_Diesel_Vehicles,12,4507011916,3.9795878210715316
Oahu,All_Diesel_Vehicles,12,4507011918,8.521811181831628
Oahu,All_Diesel_Vehicles,12,4507011920,66.87608782107154
Oahu,All_Diesel_Vehicles,12,4507011922,97.74868102742892
Oahu,All_Diesel_Vehicles,12,4507021200,97.74868102742892
Oahu,All_Diesel_Vehicles,12,4507021202,30.439072882493285
Oahu,All_Diesel_Vehicles,12,4507021204,1.6241139323847333
Oahu,All_Diesel_Vehicles,12,4507021206,3.9795878210715316
Oahu,All_Diesel_Vehicles,12,4507021208,3.9795878210715316
Oahu,All_Diesel_Vehicles,12,4507021210,3.9795878210715316
Oahu,All_Diesel_Vehicles,12,4507021212,3.9795878210715316
Oahu,All_Diesel_Vehicles,12,4507021214,3.9795878210715316
Oahu,All_Diesel_Vehicles,12,4507021216,3.9795878210715316
Oahu,All_Diesel_Vehicles,12,4507021218,8.52181118183163
Oahu,All_Diesel_Vehicles,12,4507021220,66.87608782107154
Oahu,All_Diesel_Vehicles,12,4507021222,97.74868102742892
Oahu,All_Diesel_Vehicles,12,4507050200,97.74868102742892
Oahu,All_Diesel_Vehicles,12,4507050202,30.439072882493285
Oahu,All_Diesel_Vehicles,12,4507050204,1.6241139323847333
Oahu,All_Diesel_Vehicles,12,4507050206,3.9795878210715316
Oahu,All_Diesel_Vehicles,12,4507050208,3.9795878210715316
Oahu,All_Diesel_Vehicles,12,4507050210,3.9795878210715316
Oahu,All_Diesel_Vehicles,12,4507050212,3.9795878210715316
Oahu,All_Diesel_Vehicles,12,4507050214,3.9795878210715316
Oahu,All_Diesel_Vehicles,12,4507050216,3.9795878210715316
Oahu,All_Diesel_Vehicles,12,4507050218,8.52181118183163
Oahu,All_Diesel_Vehicles,12,4507050220,66.87608782107154
Oahu,All_Diesel_Vehicles,12,4507050222,97.74868102742892
Oahu,All_Diesel_Vehicles,12,4507092200,97.74868102742892
Oahu,All_Diesel_Vehicles,12,4507092202,30.43907288249329
Oahu,All_Diesel_Vehicles,12,4507092204,1.6241139323847333
Oahu,All_Diesel_Vehicles,12,4507092206,3.9795878210715316
Oahu,All_Diesel_Vehicles,12,4507092208,3.9795878210715316
Oahu,All_Diesel_Vehicles,12,4507092210,3.9795878210715316
Oahu,All_Diesel_Vehicles,12,4507092212,3.9795878210715316
Oahu,All_Diesel_Vehicles,12,4507092214,3.9795878210715316
Oahu,All_Diesel_Vehicles,12,4507092216,3.9795878210715316
Oahu,All_Diesel_Vehicles,12,4507092218,8.521811181831628
Oahu,All_Diesel_Vehicles,12,4507092220,66.87608782107154
Oahu,All_Diesel_Vehicles,12,4507092222,97.74868102742892
Oahu,All_Diesel_Vehicles,12,4507102700,97.74868102742892
Oahu,All_Diesel_Vehicles,12,4507102702,30.439072882493285
Oahu,All_Diesel_Vehicles,12,4507102704,1.6241139323847333
Oahu,All_Diesel_Vehicles,12,4507102706,3.9795878210715316
Oahu,All_Diesel_Vehicles,12,4507102708,3.9795878210715316
Oahu,All_Diesel_Vehicles,12,4507102710,3.9795878210715316
Oahu,All_Diesel_Vehicles,12,4507102712,3.9795878210715316
Oahu,All_Diesel_Vehicles,12,4507102714,3.9795878210715316
Oahu,All_Diesel_Vehicles,12,4507102716,3.9795878210715316
Oahu,All_Diesel_Vehicles,12,4507102718,8.521811181831628
Oahu,All_Diesel_Vehicles,12,4507102720,66.87608782107154
Oahu,All_Diesel_Vehicles,12,4507102722,97.74868102742892
Oahu,All_Diesel_Vehicles,12,4507121500,97.74868102742892
Oahu,All_Diesel_Vehicles,12,4507121502,30.439072882493285
Oahu,All_Diesel_Vehicles,12,4507121504,1.6241139323847333
Oahu,All_Diesel_Vehicles,12,4507121506,3.9795878210715316
Oahu,All_Diesel_Vehicles,12,4507121508,3.9795878210715316
Oahu,All_Diesel_Vehicles,12,4507121510,3.9795878210715316
Oahu,All_Diesel_Vehicles,12,4507121512,3.9795878210715316
Oahu,All_Diesel_Vehicles,12,4507121514,3.9795878210715316
Oahu,All_Diesel_Vehicles,12,4507121516,3.9795878210715316
Oahu,All_Diesel_Vehicles,12,4507121518,8.521811181831628
Oahu,All_Diesel_Vehicles,12,4507121520,66.87608782107154
Oahu,All_Diesel_Vehicles,12,4507121522,97.74868102742892
Oahu,All_Diesel_Vehicles,12,4508022000,97.74868102742892
Oahu,All_Diesel_Vehicles,12,4508022002,30.43907288249329
Oahu,All_Diesel_Vehicles,12,4508022004,1.6241139323847333
Oahu,All_Diesel_Vehicles,12,4508022006,3.9795878210715316
Oahu,All_Diesel_Vehicles,12,4508022008,3.9795878210715316
Oahu,All_Diesel_Vehicles,12,4508022010,3.9795878210715316
Oahu,All_Diesel_Vehicles,12,4508022012,3.9795878210715316
Oahu,All_Diesel_Vehicles,12,4508022014,3.9795878210715316
Oahu,All_Diesel_Vehicles,12,4508022016,3.9795878210715316
Oahu,All_Diesel_Vehicles,12,4508022018,8.52181118183163
Oahu,All_Diesel_Vehicles,12,4508022020,66.87608782107154
Oahu,All_Diesel_Vehicles,12,4508022022,97.74868102742892
Oahu,All_Diesel_Vehicles,12,4508041000,97.74868102742892
Oahu,All_Diesel_Vehicles,12,4508041002,30.43907288249329
Oahu,All_Diesel_Vehicles,12,4508041004,1.6241139323847333
Oahu,All_Diesel_Vehicles,12,4508041006,3.9795878210715316
Oahu,All_Diesel_Vehicles,12,4508041008,3.9795878210715316
Oahu,All_Diesel_Vehicles,12,4508041010,3.9795878210715316
Oahu,All_Diesel_Vehicles,12,4508041012,3.9795878210715316
Oahu,All_Diesel_Vehicles,12,4508041014,3.9795878210715316
Oahu,All_Diesel_Vehicles,12,4508041016,3.9795878210715316
Oahu,All_Diesel_Vehicles,12,4508041018,8.521811181831628
Oahu,All_Diesel_Vehicles,12,4508041020,66.87608782107154
Oahu,All_Diesel_Vehicles,12,4508041022,97.74868102742892
Oahu,All_Diesel_Vehicles,12,4508061700,97.74868102742892
Oahu,All_Diesel_Vehicles,12,4508061702,30.439072882493285
Oahu,All_Diesel_Vehicles,12,4508061704,1.6241139323847333
Oahu,All_Diesel_Vehicles,12,4508061706,3.9795878210715316
Oahu,All_Diesel_Vehicles,12,4508061708,3.9795878210715316
Oahu,All_Diesel_Vehicles,12,4508061710,3.9795878210715316
Oahu,All_Diesel_Vehicles,12,4508061712,3.9795878210715316
Oahu,All_Diesel_Vehicles,12,4508061714,3.9795878210715316
Oahu,All_Diesel_Vehicles,12,4508061716,3.9795878210715316
Oahu,All_Diesel_Vehicles,12,4508061718,8.521811181831628
Oahu,All_Diesel_Vehicles,12,4508061720,66.87608782107154
Oahu,All_Diesel_Vehicles,12,4508061722,97.74868102742892
Oahu,All_Diesel_Vehicles,12,4508081800,97.74868102742892
Oahu,All_Diesel_Vehicles,12,4508081802,30.439072882493285
Oahu,All_Diesel_Vehicles,12,4508081804,1.6241139323847333
Oahu,All_Diesel_Vehicles,12,4508081806,3.9795878210715316
Oahu,All_Diesel_Vehicles,12,4508081808,3.9795878210715316
Oahu,All_Diesel_Vehicles,12,4508081810,3.9795878210715316
Oahu,All_Diesel_Vehicles,12,4508081812,3.9795878210715316
Oahu,All_Diesel_Vehicles,12,4508081814,3.9795878210715316
Oahu,All_Diesel_Vehicles,12,4508081816,3.9795878210715316
Oahu,All_Diesel_Vehicles,12,4508081818,8.52181118183163
Oahu,All_Diesel_Vehicles,12,4508081820,66.87608782107154
Oahu,All_Diesel_Vehicles,12,4508081822,97.74868102742892
Oahu,All_Diesel_Vehicles,12,4508091000,97.74868102742892
Oahu,All_Diesel_Vehicles,12,4508091002,30.43907288249329
Oahu,All_Diesel_Vehicles,12,4508091004,1.6241139323847333
Oahu,All_Diesel_Vehicles,12,4508091006,3.9795878210715316
Oahu,All_Diesel_Vehicles,12,4508091008,3.9795878210715316
Oahu,All_Diesel_Vehicles,12,4508091010,3.9795878210715316
Oahu,All_Diesel_Vehicles,12,4508091012,3.9795878210715316
Oahu,All_Diesel_Vehicles,12,4508091014,3.9795878210715316
Oahu,All_Diesel_Vehicles,12,4508091016,3.9795878210715316
Oahu,All_Diesel_Vehicles,12,4508091018,8.521811181831628
Oahu,All_Diesel_Vehicles,12,4508091020,66.87608782107154
Oahu,All_Diesel_Vehicles,12,4508091022,97.74868102742892
Oahu,All_Diesel_Vehicles,12,4508112200,97.74868102742892
Oahu,All_Diesel_Vehicles,12,4508112202,30.439072882493285
Oahu,All_Diesel_Vehicles,12,4508112204,1.6241139323847333
Oahu,All_Diesel_Vehicles,12,4508112206,3.9795878210715316
Oahu,All_Diesel_Vehicles,12,4508112208,3.9795878210715316
Oahu,All_Diesel_Vehicles,12,4508112210,3.9795878210715316
Oahu,All_Diesel_Vehicles,12,4508112212,3.9795878210715316
Oahu,All_Diesel_Vehicles,12,4508112214,3.9795878210715316
Oahu,All_Diesel_Vehicles,12,4508112216,3.9795878210715316
Oahu,All_Diesel_Vehicles,12,4508112218,8.521811181831628
Oahu,All_Diesel_Vehicles,12,4508112220,66.87608782107154
Oahu,All_Diesel_Vehicles,12,4508112222,97.74868102742892
Oahu,All_Gasoline_Vehicles,0,4507011200,311.29028107903605
Oahu,All_Gasoline_Vehicles,0,4507011202,123.00440265025566
Oahu,All_Gasoline_Vehicles,0,4507011204,63.8086063693039
Oahu,All_Gasoline_Vehicles,0,4507011206,197.90471502317547
Oahu,All_Gasoline_Vehicles,0,4507011208,324.5046503422211
Oahu,All_Gasoline_Vehicles,0,4507011210,269.2046798108592
Oahu,All_Gasoline_Vehicles,0,4507011212,177.23319867284852
Oahu,All_Gasoline_Vehicles,0,4507011214,236.85574428662102
Oahu,All_Gasoline_Vehicles,0,4507011216,419.2583348998919
Oahu,All_Gasoline_Vehicles,0,4507011218,663.5709516288538
Oahu,All_Gasoline_Vehicles,0,4507011220,776.9063603376512
Oahu,All_Gasoline_Vehicles,0,4507011222,586.3060066668767
Oahu,All_Gasoline_Vehicles,0,4507011900,311.29028107903605
Oahu,All_Gasoline_Vehicles,0,4507011902,123.00440265025566
Oahu,All_Gasoline_Vehicles,0,4507011904,63.8086063693039
Oahu,All_Gasoline_Vehicles,0,4507011906,197.90471502317547
Oahu,All_Gasoline_Vehicles,0,4507011908,324.5046503422211
Oahu,All_Gasoline_Vehicles,0,4507011910,269.2046798108592
Oahu,All_Gasoline_Vehicles,0,4507011912,177.23319867284852
Oahu,All_Gasoline_Vehicles,0,4507011914,236.85574428662102
Oahu,All_Gasoline_Vehicles,0,4507011916,419.2583348998919
Oahu,All_Gasoline_Vehicles,0,4507011918,663.5709516288538
Oahu,All_Gasoline_Vehicles,0,4507011920,776.9063603376512
Oahu,All_Gasoline_Vehicles,0,4507011922,586.3060066668767
Oahu,All_Gasoline_Vehicles,0,4507021200,311.29028107903605
Oahu,All_Gasoline_Vehicles,0,4507021202,123.00440265025566
Oahu,All_Gasoline_Vehicles,0,4507021204,63.8086063693039
Oahu,All_Gasoline_Vehicles,0,4507021206,197.90471502317547
Oahu,All_Gasoline_Vehicles,0,4507021208,324.5046503422211
Oahu,All_Gasoline_Vehicles,0,4507021210,269.2046798108592
Oahu,All_Gasoline_Vehicles,0,4507021212,177.23319867284852
Oahu,All_Gasoline_Vehicles,0,4507021214,236.85574428662102
Oahu,All_Gasoline_Vehicles,0,4507021216,419.2583348998919
Oahu,All_Gasoline_Vehicles,0,4507021218,663.5709516288538
Oahu,All_Gasoline_Vehicles,0,4507021220,776.9063603376512
Oahu,All_Gasoline_Vehicles,0,4507021222,586.3060066668767
Oahu,All_Gasoline_Vehicles,0,4507050200,311.29028107903605
Oahu,All_Gasoline_Vehicles,0,4507050202,123.00440265025566
Oahu,All_Gasoline_Vehicles,0,4507050204,63.8086063693039
Oahu,All_Gasoline_Vehicles,0,4507050206,197.90471502317547
Oahu,All_Gasoline_Vehicles,0,4507050208,324.5046503422211
Oahu,All_Gasoline_Vehicles,0,4507050210,269.2046798108592
Oahu,All_Gasoline_Vehicles,0,4507050212,177.23319867284852
Oahu,All_Gasoline_Vehicles,0,4507050214,236.85574428662102
Oahu,All_Gasoline_Vehicles,0,4507050216,419.2583348998919
Oahu,All_Gasoline_Vehicles,0,4507050218,663.5709516288538
Oahu,All_Gasoline_Vehicles,0,4507050220,776.9063603376512
Oahu,All_Gasoline_Vehicles,0,4507050222,586.3060066668767
Oahu,All_Gasoline_Vehicles,0,4507092200,311.29028107903605
Oahu,All_Gasoline_Vehicles,0,4507092202,123.00440265025566
Oahu,All_Gasoline_Vehicles,0,4507092204,63.8086063693039
Oahu,All_Gasoline_Vehicles,0,4507092206,197.90471502317547
Oahu,All_Gasoline_Vehicles,0,4507092208,324.5046503422211
Oahu,All_Gasoline_Vehicles,0,4507092210,269.2046798108592
Oahu,All_Gasoline_Vehicles,0,4507092212,177.23319867284852
Oahu,All_Gasoline_Vehicles,0,4507092214,236.85574428662102
Oahu,All_Gasoline_Vehicles,0,4507092216,419.2583348998919
Oahu,All_Gasoline_Vehicles,0,4507092218,663.5709516288538
Oahu,All_Gasoline_Vehicles,0,4507092220,776.9063603376512
Oahu,All_Gasoline_Vehicles,0,4507092222,586.3060066668767
Oahu,All_Gasoline_Vehicles,0,4507102700,311.29028107903605
Oahu,All_Gasoline_Vehicles,0,4507102702,123.00440265025566
Oahu,All_Gasoline_Vehicles,0,4507102704,63.8086063693039
Oahu,All_Gasoline_Vehicles,0,4507102706,197.90471502317547
Oahu,All_Gasoline_Vehicles,0,4507102708,324.5046503422211
Oahu,All_Gasoline_Vehicles,0,4507102710,269.2046798108592
Oahu,All_Gasoline_Vehicles,0,4507102712,177.23319867284852
Oahu,All_Gasoline_Vehicles,0,4507102714,236.85574428662102
Oahu,All_Gasoline_Vehicles,0,4507102716,419.2583348998919
Oahu,All_Gasoline_Vehicles,0,4507102718,663.5709516288538
Oahu,All_Gasoline_Vehicles,0,4507102720,776.9063603376512
Oahu,All_Gasoline_Vehicles,0,4507102722,586.3060066668767
Oahu,All_Gasoline_Vehicles,0,4507121500,311.29028107903605
Oahu,All_Gasoline_Vehicles,0,4507121502,123.00440265025566
Oahu,All_Gasoline_Vehicles,0,4507121504,63.8086063693039
Oahu,All_Gasoline_Vehicles,0,4507121506,197.90471502317547
Oahu,All_Gasoline_Vehicles,0,4507121508,324.5046503422211
Oahu,All_Gasoline_Vehicles,0,4507121510,269.2046798108592
Oahu,All_Gasoline_Vehicles,0,4507121512,177.23319867284852
Oahu,All_Gasoline_Vehicles,0,4507121514,236.85574428662102
Oahu,All_Gasoline_Vehicles,0,4507121516,419.2583348998919
Oahu,All_Gasoline_Vehicles,0,4507121518,663.5709516288538
Oahu,All_Gasoline_Vehicles,0,4507121520,776.9063603376512
Oahu,All_Gasoline_Vehicles,0,4507121522,586.3060066668767
Oahu,All_Gasoline_Vehicles,0,4508022000,311.29028107903605
Oahu,All_Gasoline_Vehicles,0,4508022002,123.00440265025566
Oahu,All_Gasoline_Vehicles,0,4508022004,63.8086063693039
Oahu,All_Gasoline_Vehicles,0,4508022006,197.90471502317547
Oahu,All_Gasoline_Vehicles,0,4508022008,324.5046503422211
Oahu,All_Gasoline_Vehicles,0,4508022010,269.2046798108592
Oahu,All_Gasoline_Vehicles,0,4508022012,177.23319867284852
Oahu,All_Gasoline_Vehicles,0,4508022014,236.85574428662102
Oahu,All_Gasoline_Vehicles,0,4508022016,419.2583348998919
Oahu,All_Gasoline_Vehicles,0,4508022018,663.5709516288538
Oahu,All_Gasoline_Vehicles,0,4508022020,776.9063603376512
Oahu,All_Gasoline_Vehicles,0,4508022022,586.3060066668767
Oahu,All_Gasoline_Vehicles,0,4508041000,311.29028107903605
Oahu,All_Gasoline_Vehicles,0,4508041002,123.00440265025566
Oahu,All_Gasoline_Vehicles,0,4508041004,63.8086063693039
Oahu,All_Gasoline_Vehicles,0,4508041006,197.90471502317547
Oahu,All_Gasoline_Vehicles,0,4508041008,324.5046503422211
Oahu,All_Gasoline_Vehicles,0,4508041010,269.2046798108592
Oahu,All_Gasoline_Vehicles,0,4508041012,177.23319867284852
Oahu,All_Gasoline_Vehicles,0,4508041014,236.85574428662102
Oahu,All_Gasoline_Vehicles,0,4508041016,419.2583348998919
Oahu,All_Gasoline_Vehicles,0,4508041018,663.5709516288538
Oahu,All_Gasoline_Vehicles,0,4508041020,776.9063603376512
Oahu,All_Gasoline_Vehicles,0,4508041022,586.3060066668767
Oahu,All_Gasoline_Vehicles,0,4508061700,311.29028107903605
Oahu,All_Gasoline_Vehicles,0,4508061702,123.00440265025566
Oahu,All_Gasoline_Vehicles,0,4508061704,63.8086063693039
Oahu,All_Gasoline_Vehicles,0,4508061706,197.90471502317547
Oahu,All_Gasoline_Vehicles,0,4508061708,324.5046503422211
Oahu,All_Gasoline_Vehicles,0,4508061710,269.2046798108592
Oahu,All_Gasoline_Vehicles,0,4508061712,177.23319867284852
Oahu,All_Gasoline_Vehicles,0,4508061714,236.85574428662102
Oahu,All_Gasoline_Vehicles,0,4508061716,419.2583348998919
Oahu,All_Gasoline_Vehicles,0,4508061718,663.5709516288538
Oahu,All_Gasoline_Vehicles,0,4508061720,776.9063603376512
Oahu,All_Gasoline_Vehicles,0,4508061722,586.3060066668767
Oahu,All_Gasoline_Vehicles,0,4508081800,311.29028107903605
Oahu,All_Gasoline_Vehicles,0,4508081802,123.00440265025566
Oahu,All_Gasoline_Vehicles,0,4508081804,63.8086063693039
Oahu,All_Gasoline_Vehicles,0,4508081806,197.90471502317547
Oahu,All_Gasoline_Vehicles,0,4508081808,324.5046503422211
Oahu,All_Gasoline_Vehicles,0,4508081810,269.2046798108592
Oahu,All_Gasoline_Vehicles,0,4508081812,177.23319867284852
Oahu,All_Gasoline_Vehicles,0,4508081814,236.85574428662102
Oahu,All_Gasoline_Vehicles,0,4508081816,419.2583348998919
Oahu,All_Gasoline_Vehicles,0,4508081818,663.5709516288538
Oahu,All_Gasoline_Vehicles,0,4508081820,776.9063603376512
Oahu,All_Gasoline_Vehicles,0,4508081822,586.3060066668767
Oahu,All_Gasoline_Vehicles,0,4508091000,311.29028107903605
Oahu,All_Gasoline_Vehicles,0,4508091002,123.00440265025566
Oahu,All_Gasoline_Vehicles,0,4508091004,63.8086063693039
Oahu,All_Gasoline_Vehicles,0,4508091006,197.90471502317547
Oahu,All_Gasoline_Vehicles,0,4508091008,324.5046503422211
Oahu,All_Gasoline_Vehicles,0,4508091010,269.2046798108592
Oahu,All_Gasoline_Vehicles,0,4508091012,177.23319867284852
Oahu,All_Gasoline_Vehicles,0,4508091014,236.85574428662102
Oahu,All_Gasoline_Vehicles,0,4508091016,419.2583348998919
Oahu,All_Gasoline_Vehicles,0,4508091018,663.5709516288538
Oahu,All_Gasoline_Vehicles,0,4508091020,776.9063603376512
Oahu,All_Gasoline_Vehicles,0,4508091022,586.3060066668767
Oahu,All_Gasoline_Vehicles,0,4508112200,311.29028107903605
Oahu,All_Gasoline_Vehicles,0,4508112202,123.00440265025566
Oahu,All_Gasoline_Vehicles,0,4508112204,63.8086063693039
Oahu,All_Gasoline_Vehicles,0,4508112206,197.90471502317547
Oahu,All_Gasoline_Vehicles,0,4508112208,324.5046503422211
Oahu,All_Gasoline_Vehicles,0,4508112210,269.2046798108592
Oahu,All_Gasoline_Vehicles,0,4508112212,177.23319867284852
Oahu,All_Gasoline_Vehicles,0,4508112214,236.85574428662102
Oahu,All_Gasoline_Vehicles,0,4508112216,419.2583348998919
Oahu,All_Gasoline_Vehicles,0,4508112218,663.5709516288538
Oahu,All_Gasoline_Vehicles,0,4508112220,776.9063603376512
Oahu,All_Gasoline_Vehicles,0,4508112222,586.3060066668767
Oahu,All_Gasoline_Vehicles,1,4507011200,1491.6497500898156
Oahu,All_Gasoline_Vehicles,1,4507011202,392.72452215557854
Oahu,All_Gasoline_Vehicles,1,4507011204,63.8086063693039
Oahu,All_Gasoline_Vehicles,1,4507011206,193.7953328207234
Oahu,All_Gasoline_Vehicles,1,4507011208,289.7198147167627
Oahu,All_Gasoline_Vehicles,1,4507011210,141.76335277687724
Oahu,All_Gasoline_Vehicles,1,4507011212,4.999792932032803
Oahu,All_Gasoline_Vehicles,1,4507011214,43.11842951166961
Oahu,All_Gasoline_Vehicles,1,4507011216,128.7725343804237
Oahu,All_Gasoline_Vehicles,1,4507011218,91.55397873200148
Oahu,All_Gasoline_Vehicles,1,4507011220,92.47377821272678
Oahu,All_Gasoline_Vehicles,1,4507011222,1215.468039069679
Oahu,All_Gasoline_Vehicles,1,4507011900,1491.6497500898156
Oahu,All_Gasoline_Vehicles,1,4507011902,392.72452215557854
Oahu,All_Gasoline_Vehicles,1,4507011904,63.8086063693039
Oahu,All_Gasoline_Vehicles,1,4507011906,193.7953328207234
Oahu,All_Gasoline_Vehicles,1,4507011908,289.7198147167627
Oahu,All_Gasoline_Vehicles,1,4507011910,141.76335277687724
Oahu,All_Gasoline_Vehicles,1,4507011912,4.999792932032803
Oahu,All_Gasoline_Vehicles,1,4507011914,43.11842951166961
Oahu,All_Gasoline_Vehicles,1,4507011916,128.7725343804237
Oahu,All_Gasoline_Vehicles,1,4507011918,91.55397873200148
Oahu,All_Gasoline_Vehicles,1,4507011920,92.47377821272678
Oahu,All_Gasoline_Vehicles,1,4507011922,1215.468039069679
Oahu,All_Gasoline_Vehicles,1,4507021200,1491.6497500898156
Oahu,All_Gasoline_Vehicles,1,4507021202,392.72452215557854
Oahu,All_Gasoline_Vehicles,1,4507021204,63.8086063693039
Oahu,All_Gasoline_Vehicles,1,4507021206,193.7953328207234
Oahu,All_Gasoline_Vehicles,1,4507021208,289.7198147167627
Oahu,All_Gasoline_Vehicles,1,4507021210,141.76335277687724
Oahu,All_Gasoline_Vehicles,1,4507021212,4.999792932032803
Oahu,All_Gasoline_Vehicles,1,4507021214,43.11842951166961
Oahu,All_Gasoline_Vehicles,1,4507021216,128.7725343804237
Oahu,All_Gasoline_Vehicles,1,4507021218,91.55397873200148
Oahu,All_Gasoline_Vehicles,1,4507021220,92.47377821272678
Oahu,All_Gasoline_Vehicles,1,4507021222,1215.468039069679
Oahu,All_Gasoline_Vehicles,1,4507050200,1491.6497500898156
Oahu,All_Gasoline_Vehicles,1,4507050202,392.72452215557854
Oahu,All_Gasoline_Vehicles,1,4507050204,63.8086063693039
Oahu,All_Gasoline_Vehicles,1,4507050206,193.7953328207234
Oahu,All_Gasoline_Vehicles,1,4507050208,289.7198147167627
Oahu,All_Gasoline_Vehicles,1,4507050210,141.76335277687724
Oahu,All_Gasoline_Vehicles,1,4507050212,4.999792932032803
Oahu,All_Gasoline_Vehicles,1,4507050214,43.11842951166961
Oahu,All_Gasoline_Vehicles,1,4507050216,128.7725343804237
Oahu,All_Gasoline_Vehicles,1,4507050218,91.55397873200148
Oahu,All_Gasoline_Vehicles,1,4507050220,92.47377821272678
Oahu,All_Gasoline_Vehicles,1,4507050222,1215.468039069679
Oahu,All_Gasoline_Vehicles,1,4507092200,1491.6497500898156
Oahu,All_Gasoline_Vehicles,1,4507092202,392.72452215557854
Oahu,All_Gasoline_Vehicles,1,4507092204,63.8086063693039
Oahu,All_Gasoline_Vehicles,1,4507092206,193.7953328207234
Oahu,All_Gasoline_Vehicles,1,4507092208,289.7198147167627
Oahu,All_Gasoline_Vehicles,1,4507092210,141.76335277687724
Oahu,All_Gasoline_Vehicles,1,4507092212,4.999792932032803
Oahu,All_Gasoline_Vehicles,1,4507092214,43.11842951166961
Oahu,All_Gasoline_Vehicles,1,4507092216,128.7725343804237
Oahu,All_Gasoline_Vehicles,1,4507092218,91.55397873200148
Oahu,All_Gasoline_Vehicles,1,4507092220,92.47377821272678
Oahu,All_Gasoline_Vehicles,1,4507092222,1215.468039069679
Oahu,All_Gasoline_Vehicles,1,4507102700,1491.6497500898156
Oahu,All_Gasoline_Vehicles,1,4507102702,392.72452215557854
Oahu,All_Gasoline_Vehicles,1,4507102704,63.8086063693039
Oahu,All_Gasoline_Vehicles,1,4507102706,193.7953328207234
Oahu,All_Gasoline_Vehicles,1,4507102708,289.7198147167627
Oahu,All_Gasoline_Vehicles,1,4507102710,141.76335277687724
Oahu,All_Gasoline_Vehicles,1,4507102712,4.999792932032803
Oahu,All_Gasoline_Vehicles,1,4507102714,43.11842951166961
Oahu,All_Gasoline_Vehicles,1,4507102716,128.7725343804237
Oahu,All_Gasoline_Vehicles,1,4507102718,91.55397873200148
Oahu,All_Gasoline_Vehicles,1,4507102720,92.47377821272678
Oahu,All_Gasoline_Vehicles,1,4507102722,1215.468039069679
Oahu,All_Gasoline_Vehicles,1,4507121500,1491.6497500898156
Oahu,All_Gasoline_Vehicles,1,4507121502,392.72452215557854
Oahu,All_Gasoline_Vehicles,1,4507121504,63.8086063693039
Oahu,All_Gasoline_Vehicles,1,4507121506,193.7953328207234
Oahu,All_Gasoline_Vehicles,1,4507121508,289.7198147167627
Oahu,All_Gasoline_Vehicles,1,4507121510,141.76335277687724
Oahu,All_Gasoline_Vehicles,1,4507121512,4.999792932032803
Oahu,All_Gasoline_Vehicles,1,4507121514,43.11842951166961
Oahu,All_Gasoline_Vehicles,1,4507121516,128.7725343804237
Oahu,All_Gasoline_Vehicles,1,4507121518,91.55397873200148
Oahu,All_Gasoline_Vehicles,1,4507121520,92.47377821272678
Oahu,All_Gasoline_Vehicles,1,4507121522,1215.468039069679
Oahu,All_Gasoline_Vehicles,1,4508022000,1491.6497500898156
Oahu,All_Gasoline_Vehicles,1,4508022002,392.72452215557854
Oahu,All_Gasoline_Vehicles,1,4508022004,63.8086063693039
Oahu,All_Gasoline_Vehicles,1,4508022006,193.7953328207234
Oahu,All_Gasoline_Vehicles,1,4508022008,289.7198147167627
Oahu,All_Gasoline_Vehicles,1,4508022010,141.76335277687724
Oahu,All_Gasoline_Vehicles,1,4508022012,4.999792932032803
Oahu,All_Gasoline_Vehicles,1,4508022014,43.11842951166961
Oahu,All_Gasoline_Vehicles,1,4508022016,128.7725343804237
Oahu,All_Gasoline_Vehicles,1,4508022018,91.55397873200148
Oahu,All_Gasoline_Vehicles,1,4508022020,92.47377821272678
Oahu,All_Gasoline_Vehicles,1,4508022022,1215.468039069679
Oahu,All_Gasoline_Vehicles,1,4508041000,1491.6497500898156
Oahu,All_Gasoline_Vehicles,1,4508041002,392.72452215557854
Oahu,All_Gasoline_Vehicles,1,4508041004,63.8086063693039
Oahu,All_Gasoline_Vehicles,1,4508041006,193.7953328207234
Oahu,All_Gasoline_Vehicles,1,4508041008,289.7198147167627
Oahu,All_Gasoline_Vehicles,1,4508041010,141.76335277687724
Oahu,All_Gasoline_Vehicles,1,4508041012,4.999792932032803
Oahu,All_Gasoline_Vehicles,1,4508041014,43.11842951166961
Oahu,All_Gasoline_Vehicles,1,4508041016,128.7725343804237
Oahu,All_Gasoline_Vehicles,1,4508041018,91.55397873200148
Oahu,All_Gasoline_Vehicles,1,4508041020,92.47377821272678
Oahu,All_Gasoline_Vehicles,1,4508041022,1215.468039069679
Oahu,All_Gasoline_Vehicles,1,4508061700,1491.6497500898156
Oahu,All_Gasoline_Vehicles,1,4508061702,392.72452215557854
Oahu,All_Gasoline_Vehicles,1,4508061704,63.8086063693039
Oahu,All_Gasoline_Vehicles,1,4508061706,193.7953328207234
Oahu,All_Gasoline_Vehicles,1,4508061708,289.7198147167627
Oahu,All_Gasoline_Vehicles,1,4508061710,141.76335277687724
Oahu,All_Gasoline_Vehicles,1,4508061712,4.999792932032803
Oahu,All_Gasoline_Vehicles,1,4508061714,43.11842951166961
Oahu,All_Gasoline_Vehicles,1,4508061716,128.7725343804237
Oahu,All_Gasoline_Vehicles,1,4508061718,91.55397873200148
Oahu,All_Gasoline_Vehicles,1,4508061720,92.47377821272678
Oahu,All_Gasoline_Vehicles,1,4508061722,1215.468039069679
Oahu,All_Gasoline_Vehicles,1,4508081800,1491.6497500898156
Oahu,All_Gasoline_Vehicles,1,4508081802,392.72452215557854
Oahu,All_Gasoline_Vehicles,1,4508081804,63.8086063693039
Oahu,All_Gasoline_Vehicles,1,4508081806,193.7953328207234
Oahu,All_Gasoline_Vehicles,1,4508081808,289.7198147167627
Oahu,All_Gasoline_Vehicles,1,4508081810,141.76335277687724
Oahu,All_Gasoline_Vehicles,1,4508081812,4.999792932032803
Oahu,All_Gasoline_Vehicles,1,4508081814,43.11842951166961
Oahu,All_Gasoline_Vehicles,1,4508081816,128.7725343804237
Oahu,All_Gasoline_Vehicles,1,4508081818,91.55397873200148
Oahu,All_Gasoline_Vehicles,1,4508081820,92.47377821272678
Oahu,All_Gasoline_Vehicles,1,4508081822,1215.468039069679
Oahu,All_Gasoline_Vehicles,1,4508091000,1491.6497500898156
Oahu,All_Gasoline_Vehicles,1,4508091002,392.72452215557854
Oahu,All_Gasoline_Vehicles,1,4508091004,63.8086063693039
Oahu,All_Gasoline_Vehicles,1,4508091006,193.7953328207234
Oahu,All_Gasoline_Vehicles,1,4508091008,289.7198147167627
Oahu,All_Gasoline_Vehicles,1,4508091010,141.76335277687724
Oahu,All_Gasoline_Vehicles,1,4508091012,4.999792932032803
Oahu,All_Gasoline_Vehicles,1,4508091014,43.11842951166961
Oahu,All_Gasoline_Vehicles,1,4508091016,128.7725343804237
Oahu,All_Gasoline_Vehicles,1,4508091018,91.55397873200148
Oahu,All_Gasoline_Vehicles,1,4508091020,92.47377821272678
Oahu,All_Gasoline_Vehicles,1,4508091022,1215.468039069679
Oahu,All_Gasoline_Vehicles,1,4508112200,1491.6497500898156
Oahu,All_Gasoline_Vehicles,1,4508112202,392.72452215557854
Oahu,All_Gasoline_Vehicles,1,4508112204,63.8086063693039
Oahu,All_Gasoline_Vehicles,1,4508112206,193.7953328207234
Oahu,All_Gasoline_Vehicles,1,4508112208,289.7198147167627
Oahu,All_Gasoline_Vehicles,1,4508112210,141.76335277687724
Oahu,All_Gasoline_Vehicles,1,4508112212,4.999792932032803
Oahu,All_Gasoline_Vehicles,1,4508112214,43.11842951166961
Oahu,All_Gasoline_Vehicles,1,4508112216,128.7725343804237
Oahu,All_Gasoline_Vehicles,1,4508112218,91.55397873200148
Oahu,All_Gasoline_Vehicles,1,4508112220,92.47377821272678
Oahu,All_Gasoline_Vehicles,1,4508112222,1215.468039069679
Oahu,All_Gasoline_Vehicles,2,4507011200,1230.5277809908468
Oahu,All_Gasoline_Vehicles,2,4507011202,1516.9765650675529
Oahu,All_Gasoline_Vehicles,2,4507011204,349.30261752411326
Oahu,All_Gasoline_Vehicles,2,4507011206,193.7953328207234
Oahu,All_Gasoline_Vehicles,2,4507011208,303.34682134039264
Oahu,All_Gasoline_Vehicles,2,4507011210,229.25609208518273
Oahu,All_Gasoline_Vehicles,2,4507011212,60.20563324980072
Oahu,All_Gasoline_Vehicles,2,4507011214,12.066981204411714
Oahu,All_Gasoline_Vehicles,2,4507011216,29.19146179176528
Oahu,All_Gasoline_Vehicles,2,4507011218,66.58176957504884
Oahu,All_Gasoline_Vehicles,2,4507011220,51.81121482259234
Oahu,All_Gasoline_Vehicles,2,4507011222,106.78566129516389
Oahu,All_Gasoline_Vehicles,2,4507011900,1230.5277809908468
Oahu,All_Gasoline_Vehicles,2,4507011902,1516.9765650675529
Oahu,All_Gasoline_Vehicles,2,4507011904,349.30261752411326
Oahu,All_Gasoline_Vehicles,2,4507011906,193.7953328207234
Oahu,All_Gasoline_Vehicles,2,4507011908,303.34682134039264
Oahu,All_Gasoline_Vehicles,2,4507011910,229.25609208518273
Oahu,All_Gasoline_Vehicles,2,4507011912,60.20563324980072
Oahu,All_Gasoline_Vehicles,2,4507011914,12.066981204411714
Oahu,All_Gasoline_Vehicles,2,4507011916,29.19146179176528
Oahu,All_Gasoline_Vehicles,2,4507011918,66.58176957504884
Oahu,All_Gasoline_Vehicles,2,4507011920,51.81121482259234
Oahu,All_Gasoline_Vehicles,2,4507011922,106.78566129516389
Oahu,All_Gasoline_Vehicles,2,4507021200,1230.5277809908468
Oahu,All_Gasoline_Vehicles,2,4507021202,1516.9765650675529
Oahu,All_Gasoline_Vehicles,2,4507021204,349.30261752411326
Oahu,All_Gasoline_Vehicles,2,4507021206,193.7953328207234
Oahu,All_Gasoline_Vehicles,2,4507021208,303.34682134039264
Oahu,All_Gasoline_Vehicles,2,4507021210,229.25609208518273
Oahu,All_Gasoline_Vehicles,2,4507021212,60.20563324980072
Oahu,All_Gasoline_Vehicles,2,4507021214,12.066981204411714
Oahu,All_Gasoline_Vehicles,2,4507021216,29.19146179176528
Oahu,All_Gasoline_Vehicles,2,4507021218,66.58176957504884
Oahu,All_Gasoline_Vehicles,2,4507021220,51.81121482259234
Oahu,All_Gasoline_Vehicles,2,4507021222,106.78566129516389
Oahu,All_Gasoline_Vehicles,2,4507050200,1230.5277809908468
Oahu,All_Gasoline_Vehicles,2,4507050202,1516.9765650675529
Oahu,All_Gasoline_Vehicles,2,4507050204,349.30261752411326
Oahu,All_Gasoline_Vehicles,2,4507050206,193.7953328207234
Oahu,All_Gasoline_Vehicles,2,4507050208,303.34682134039264
Oahu,All_Gasoline_Vehicles,2,4507050210,229.25609208518273
Oahu,All_Gasoline_Vehicles,2,4507050212,60.20563324980072
Oahu,All_Gasoline_Vehicles,2,4507050214,12.066981204411714
Oahu,All_Gasoline_Vehicles,2,4507050216,29.19146179176528
Oahu,All_Gasoline_Vehicles,2,4507050218,66.58176957504884
Oahu,All_Gasoline_Vehicles,2,4507050220,51.81121482259234
Oahu,All_Gasoline_Vehicles,2,4507050222,106.78566129516389
Oahu,All_Gasoline_Vehicles,2,4507092200,1230.5277809908468
Oahu,All_Gasoline_Vehicles,2,4507092202,1516.9765650675529
Oahu,All_Gasoline_Vehicles,2,4507092204,349.30261752411326
Oahu,All_Gasoline_Vehicles,2,4507092206,193.7953328207234
Oahu,All_Gasoline_Vehicles,2,4507092208,303.34682134039264
Oahu,All_Gasoline_Vehicles,2,4507092210,229.25609208518273
Oahu,All_Gasoline_Vehicles,2,4507092212,60.20563324980072
Oahu,All_Gasoline_Vehicles,2,4507092214,12.066981204411714
Oahu,All_Gasoline_Vehicles,2,4507092216,29.19146179176528
Oahu,All_Gasoline_Vehicles,2,4507092218,66.58176957504884
Oahu,All_Gasoline_Vehicles,2,4507092220,51.81121482259234
Oahu,All_Gasoline_Vehicles,2,4507092222,106.78566129516389
Oahu,All_Gasoline_Vehicles,2,4507102700,1230.5277809908468
Oahu,All_Gasoline_Vehicles,2,4507102702,1516.9765650675529
Oahu,All_Gasoline_Vehicles,2,4507102704,349.30261752411326
Oahu,All_Gasoline_Vehicles,2,4507102706,193.7953328207234
Oahu,All_Gasoline_Vehicles,2,4507102708,303.34682134039264
Oahu,All_Gasoline_Vehicles,2,4507102710,229.25609208518273
Oahu,All_Gasoline_Vehicles,2,4507102712,60.20563324980072
Oahu,All_Gasoline_Vehicles,2,4507102714,12.066981204411714
Oahu,All_Gasoline_Vehicles,2,4507102716,29.19146179176528
Oahu,All_Gasoline_Vehicles,2,4507102718,66.58176957504884
Oahu,All_Gasoline_Vehicles,2,4507102720,51.81121482259234
Oahu,All_Gasoline_Vehicles,2,4507102722,106.78566129516389
Oahu,All_Gasoline_Vehicles,2,4507121500,1230.5277809908468
Oahu,All_Gasoline_Vehicles,2,4507121502,1516.9765650675529
Oahu,All_Gasoline_Vehicles,2,4507121504,349.30261752411326
Oahu,All_Gasoline_Vehicles,2,4507121506,193.7953328207234
Oahu,All_Gasoline_Vehicles,2,4507121508,303.34682134039264
Oahu,All_Gasoline_Vehicles,2,4507121510,229.25609208518273
Oahu,All_Gasoline_Vehicles,2,4507121512,60.20563324980072
Oahu,All_Gasoline_Vehicles,2,4507121514,12.066981204411714
Oahu,All_Gasoline_Vehicles,2,4507121516,29.19146179176528
Oahu,All_Gasoline_Vehicles,2,4507121518,66.58176957504884
Oahu,All_Gasoline_Vehicles,2,4507121520,51.81121482259234
Oahu,All_Gasoline_Vehicles,2,4507121522,106.78566129516389
Oahu,All_Gasoline_Vehicles,2,4508022000,1230.5277809908468
Oahu,All_Gasoline_Vehicles,2,4508022002,1516.9765650675529
Oahu,All_Gasoline_Vehicles,2,4508022004,349.30261752411326
Oahu,All_Gasoline_Vehicles,2,4508022006,193.7953328207234
Oahu,All_Gasoline_Vehicles,2,4508022008,303.34682134039264
Oahu,All_Gasoline_Vehicles,2,4508022010,229.25609208518273
Oahu,All_Gasoline_Vehicles,2,4508022012,60.20563324980072
Oahu,All_Gasoline_Vehicles,2,4508022014,12.066981204411714
Oahu,All_Gasoline_Vehicles,2,4508022016,29.19146179176528
Oahu,All_Gasoline_Vehicles,2,4508022018,66.58176957504884
Oahu,All_Gasoline_Vehicles,2,4508022020,51.81121482259234
Oahu,All_Gasoline_Vehicles,2,4508022022,106.78566129516389
Oahu,All_Gasoline_Vehicles,2,4508041000,1230.5277809908468
Oahu,All_Gasoline_Vehicles,2,4508041002,1516.9765650675529
Oahu,All_Gasoline_Vehicles,2,4508041004,349.30261752411326
Oahu,All_Gasoline_Vehicles,2,4508041006,193.7953328207234
Oahu,All_Gasoline_Vehicles,2,4508041008,303.34682134039264
Oahu,All_Gasoline_Vehicles,2,4508041010,229.25609208518273
Oahu,All_Gasoline_Vehicles,2,4508041012,60.20563324980072
Oahu,All_Gasoline_Vehicles,2,4508041014,12.066981204411714
Oahu,All_Gasoline_Vehicles,2,4508041016,29.19146179176528
Oahu,All_Gasoline_Vehicles,2,4508041018,66.58176957504884
Oahu,All_Gasoline_Vehicles,2,4508041020,51.81121482259234
Oahu,All_Gasoline_Vehicles,2,4508041022,106.78566129516389
Oahu,All_Gasoline_Vehicles,2,4508061700,1230.5277809908468
Oahu,All_Gasoline_Vehicles,2,4508061702,1516.9765650675529
Oahu,All_Gasoline_Vehicles,2,4508061704,349.30261752411326
Oahu,All_Gasoline_Vehicles,2,4508061706,193.7953328207234
Oahu,All_Gasoline_Vehicles,2,4508061708,303.34682134039264
Oahu,All_Gasoline_Vehicles,2,4508061710,229.25609208518273
Oahu,All_Gasoline_Vehicles,2,4508061712,60.20563324980072
Oahu,All_Gasoline_Vehicles,2,4508061714,12.066981204411714
Oahu,All_Gasoline_Vehicles,2,4508061716,29.19146179176528
Oahu,All_Gasoline_Vehicles,2,4508061718,66.58176957504884
Oahu,All_Gasoline_Vehicles,2,4508061720,51.81121482259234
Oahu,All_Gasoline_Vehicles,2,4508061722,106.78566129516389
Oahu,All_Gasoline_Vehicles,2,4508081800,1230.5277809908468
Oahu,All_Gasoline_Vehicles,2,4508081802,1516.9765650675529
Oahu,All_Gasoline_Vehicles,2,4508081804,349.30261752411326
Oahu,All_Gasoline_Vehicles,2,4508081806,193.7953328207234
Oahu,All_Gasoline_Vehicles,2,4508081808,303.34682134039264
Oahu,All_Gasoline_Vehicles,2,4508081810,229.25609208518273
Oahu,All_Gasoline_Vehicles,2,4508081812,60.20563324980072
Oahu,All_Gasoline_Vehicles,2,4508081814,12.066981204411714
Oahu,All_Gasoline_Vehicles,2,4508081816,29.19146179176528
Oahu,All_Gasoline_Vehicles,2,4508081818,66.58176957504884
Oahu,All_Gasoline_Vehicles,2,4508081820,51.81121482259234
Oahu,All_Gasoline_Vehicles,2,4508081822,106.78566129516389
Oahu,All_Gasoline_Vehicles,2,4508091000,1230.5277809908468
Oahu,All_Gasoline_Vehicles,2,4508091002,1516.9765650675529
Oahu,All_Gasoline_Vehicles,2,4508091004,349.30261752411326
Oahu,All_Gasoline_Vehicles,2,4508091006,193.7953328207234
Oahu,All_Gasoline_Vehicles,2,4508091008,303.34682134039264
Oahu,All_Gasoline_Vehicles,2,4508091010,229.25609208518273
Oahu,All_Gasoline_Vehicles,2,4508091012,60.20563324980072
Oahu,All_Gasoline_Vehicles,2,4508091014,12.066981204411714
Oahu,All_Gasoline_Vehicles,2,4508091016,29.19146179176528
Oahu,All_Gasoline_Vehicles,2,4508091018,66.58176957504884
Oahu,All_Gasoline_Vehicles,2,4508091020,51.81121482259234
Oahu,All_Gasoline_Vehicles,2,4508091022,106.78566129516389
Oahu,All_Gasoline_Vehicles,2,4508112200,1230.5277809908468
Oahu,All_Gasoline_Vehicles,2,4508112202,1516.9765650675529
Oahu,All_Gasoline_Vehicles,2,4508112204,349.30261752411326
Oahu,All_Gasoline_Vehicles,2,4508112206,193.7953328207234
Oahu,All_Gasoline_Vehicles,2,4508112208,303.34682134039264
Oahu,All_Gasoline_Vehicles,2,4508112210,229.25609208518273
Oahu,All_Gasoline_Vehicles,2,4508112212,60.20563324980072
Oahu,All_Gasoline_Vehicles,2,4508112214,12.066981204411714
Oahu,All_Gasoline_Vehicles,2,4508112216,29.19146179176528
Oahu,All_Gasoline_Vehicles,2,4508112218,66.58176957504884
Oahu,All_Gasoline_Vehicles,2,4508112220,51.81121482259234
Oahu,All_Gasoline_Vehicles,2,4508112222,106.78566129516389
Oahu,All_Gasoline_Vehicles,3,4507011200,237.17450145963392
Oahu,All_Gasoline_Vehicles,3,4507011202,1276.708832467427
Oahu,All_Gasoline_Vehicles,3,4507011204,1422.627796212037
Oahu,All_Gasoline_Vehicles,3,4507011206,378.54501409886296
Oahu,All_Gasoline_Vehicles,3,4507011208,324.5896875563067
Oahu,All_Gasoline_Vehicles,3,4507011210,234.38838483102114
Oahu,All_Gasoline_Vehicles,3,4507011212,94.17399330844071
Oahu,All_Gasoline_Vehicles,3,4507011214,41.03976424922658
Oahu,All_Gasoline_Vehicles,3,4507011216,9.644719922317195
Oahu,All_Gasoline_Vehicles,3,4507011218,24.167353269240042
Oahu,All_Gasoline_Vehicles,3,4507011220,39.93994730299144
Oahu,All_Gasoline_Vehicles,3,4507011222,66.84793709008981
Oahu,All_Gasoline_Vehicles,3,4507011900,237.17450145963392
Oahu,All_Gasoline_Vehicles,3,4507011902,1276.708832467427
Oahu,All_Gasoline_Vehicles,3,4507011904,1422.627796212037
Oahu,All_Gasoline_Vehicles,3,4507011906,378.54501409886296
Oahu,All_Gasoline_Vehicles,3,4507011908,324.5896875563067
Oahu,All_Gasoline_Vehicles,3,4507011910,234.38838483102114
Oahu,All_Gasoline_Vehicles,3,4507011912,94.17399330844071
Oahu,All_Gasoline_Vehicles,3,4507011914,41.03976424922658
Oahu,All_Gasoline_Vehicles,3,4507011916,9.644719922317195
Oahu,All_Gasoline_Vehicles,3,4507011918,24.167353269240042
Oahu,All_Gasoline_Vehicles,3,4507011920,39.93994730299144
Oahu,All_Gasoline_Vehicles,3,4507011922,66.84793709008981
Oahu,All_Gasoline_Vehicles,3,4507021200,237.17450145963392
Oahu,All_Gasoline_Vehicles,3,4507021202,1276.708832467427
Oahu,All_Gasoline_Vehicles,3,4507021204,1422.627796212037
Oahu,All_Gasoline_Vehicles,3,4507021206,378.54501409886296
Oahu,All_Gasoline_Vehicles,3,4507021208,324.5896875563067
Oahu,All_Gasoline_Vehicles,3,4507021210,234.38838483102114
Oahu,All_Gasoline_Vehicles,3,4507021212,94.17399330844071
Oahu,All_Gasoline_Vehicles,3,4507021214,41.03976424922658
Oahu,All_Gasoline_Vehicles,3,4507021216,9.644719922317195
Oahu,All_Gasoline_Vehicles,3,4507021218,24.167353269240042
Oahu,All_Gasoline_Vehicles,3,4507021220,39.93994730299144
Oahu,All_Gasoline_Vehicles,3,4507021222,66.84793709008981
Oahu,All_Gasoline_Vehicles,3,4507050200,237.17450145963392
Oahu,All_Gasoline_Vehicles,3,4507050202,1276.708832467427
Oahu,All_Gasoline_Vehicles,3,4507050204,1422.627796212037
Oahu,All_Gasoline_Vehicles,3,4507050206,378.54501409886296
Oahu,All_Gasoline_Vehicles,3,4507050208,324.5896875563067
Oahu,All_Gasoline_Vehicles,3,4507050210,234.38838483102114
Oahu,All_Gasoline_Vehicles,3,4507050212,94.17399330844071
Oahu,All_Gasoline_Vehicles,3,4507050214,41.03976424922658
Oahu,All_Gasoline_Vehicles,3,4507050216,9.644719922317195
Oahu,All_Gasoline_Vehicles,3,4507050218,24.167353269240042
Oahu,All_Gasoline_Vehicles,3,4507050220,39.93994730299144
Oahu,All_Gasoline_Vehicles,3,4507050222,66.84793709008981
Oahu,All_Gasoline_Vehicles,3,4507092200,237.17450145963392
Oahu,All_Gasoline_Vehicles,3,4507092202,1276.708832467427
Oahu,All_Gasoline_Vehicles,3,4507092204,1422.627796212037
Oahu,All_Gasoline_Vehicles,3,4507092206,378.54501409886296
Oahu,All_Gasoline_Vehicles,3,4507092208,324.5896875563067
Oahu,All_Gasoline_Vehicles,3,4507092210,234.38838483102114
Oahu,All_Gasoline_Vehicles,3,4507092212,94.17399330844071
Oahu,All_Gasoline_Vehicles,3,4507092214,41.03976424922658
Oahu,All_Gasoline_Vehicles,3,4507092216,9.644719922317195
Oahu,All_Gasoline_Vehicles,3,4507092218,24.167353269240042
Oahu,All_Gasoline_Vehicles,3,4507092220,39.93994730299144
Oahu,All_Gasoline_Vehicles,3,4507092222,66.84793709008981
Oahu,All_Gasoline_Vehicles,3,4507102700,237.17450145963392
Oahu,All_Gasoline_Vehicles,3,4507102702,1276.708832467427
Oahu,All_Gasoline_Vehicles,3,4507102704,1422.627796212037
Oahu,All_Gasoline_Vehicles,3,4507102706,378.54501409886296
Oahu,All_Gasoline_Vehicles,3,4507102708,324.5896875563067
Oahu,All_Gasoline_Vehicles,3,4507102710,234.38838483102114
Oahu,All_Gasoline_Vehicles,3,4507102712,94.17399330844071
Oahu,All_Gasoline_Vehicles,3,4507102714,41.03976424922658
Oahu,All_Gasoline_Vehicles,3,4507102716,9.644719922317195
Oahu,All_Gasoline_Vehicles,3,4507102718,24.167353269240042
Oahu,All_Gasoline_Vehicles,3,4507102720,39.93994730299144
Oahu,All_Gasoline_Vehicles,3,4507102722,66.84793709008981
Oahu,All_Gasoline_Vehicles,3,4507121500,237.17450145963392
Oahu,All_Gasoline_Vehicles,3,4507121502,1276.708832467427
Oahu,All_Gasoline_Vehicles,3,4507121504,1422.627796212037
Oahu,All_Gasoline_Vehicles,3,4507121506,378.54501409886296
Oahu,All_Gasoline_Vehicles,3,4507121508,324.5896875563067
Oahu,All_Gasoline_Vehicles,3,4507121510,234.38838483102114
Oahu,All_Gasoline_Vehicles,3,4507121512,94.17399330844071
Oahu,All_Gasoline_Vehicles,3,4507121514,41.03976424922658
Oahu,All_Gasoline_Vehicles,3,4507121516,9.644719922317195
Oahu,All_Gasoline_Vehicles,3,4507121518,24.167353269240042
Oahu,All_Gasoline_Vehicles,3,4507121520,39.93994730299144
Oahu,All_Gasoline_Vehicles,3,4507121522,66.84793709008981
Oahu,All_Gasoline_Vehicles,3,4508022000,237.17450145963392
Oahu,All_Gasoline_Vehicles,3,4508022002,1276.708832467427
Oahu,All_Gasoline_Vehicles,3,4508022004,1422.627796212037
Oahu,All_Gasoline_Vehicles,3,4508022006,378.54501409886296
Oahu,All_Gasoline_Vehicles,3,4508022008,324.5896875563067
Oahu,All_Gasoline_Vehicles,3,4508022010,234.38838483102114
Oahu,All_Gasoline_Vehicles,3,4508022012,94.17399330844071
Oahu,All_Gasoline_Vehicles,3,4508022014,41.03976424922658
Oahu,All_Gasoline_Vehicles,3,4508022016,9.644719922317195
Oahu,All_Gasoline_Vehicles,3,4508022018,24.167353269240042
Oahu,All_Gasoline_Vehicles,3,4508022020,39.93994730299144
Oahu,All_Gasoline_Vehicles,3,4508022022,66.84793709008981
Oahu,All_Gasoline_Vehicles,3,4508041000,237.17450145963392
Oahu,All_Gasoline_Vehicles,3,4508041002,1276.708832467427
Oahu,All_Gasoline_Vehicles,3,4508041004,1422.627796212037
Oahu,All_Gasoline_Vehicles,3,4508041006,378.54501409886296
Oahu,All_Gasoline_Vehicles,3,4508041008,324.5896875563067
Oahu,All_Gasoline_Vehicles,3,4508041010,234.38838483102114
Oahu,All_Gasoline_Vehicles,3,4508041012,94.17399330844071
Oahu,All_Gasoline_Vehicles,3,4508041014,41.03976424922658
Oahu,All_Gasoline_Vehicles,3,4508041016,9.644719922317195
Oahu,All_Gasoline_Vehicles,3,4508041018,24.167353269240042
Oahu,All_Gasoline_Vehicles,3,4508041020,39.93994730299144
Oahu,All_Gasoline_Vehicles,3,4508041022,66.84793709008981
Oahu,All_Gasoline_Vehicles,3,4508061700,237.17450145963392
Oahu,All_Gasoline_Vehicles,3,4508061702,1276.708832467427
Oahu,All_Gasoline_Vehicles,3,4508061704,1422.627796212037
Oahu,All_Gasoline_Vehicles,3,4508061706,378.54501409886296
Oahu,All_Gasoline_Vehicles,3,4508061708,324.5896875563067
Oahu,All_Gasoline_Vehicles,3,4508061710,234.38838483102114
Oahu,All_Gasoline_Vehicles,3,4508061712,94.17399330844071
Oahu,All_Gasoline_Vehicles,3,4508061714,41.03976424922658
Oahu,All_Gasoline_Vehicles,3,4508061716,9.644719922317195
Oahu,All_Gasoline_Vehicles,3,4508061718,24.167353269240042
Oahu,All_Gasoline_Vehicles,3,4508061720,39.93994730299144
Oahu,All_Gasoline_Vehicles,3,4508061722,66.84793709008981
Oahu,All_Gasoline_Vehicles,3,4508081800,237.17450145963392
Oahu,All_Gasoline_Vehicles,3,4508081802,1276.708832467427
Oahu,All_Gasoline_Vehicles,3,4508081804,1422.627796212037
Oahu,All_Gasoline_Vehicles,3,4508081806,378.54501409886296
Oahu,All_Gasoline_Vehicles,3,4508081808,324.5896875563067
Oahu,All_Gasoline_Vehicles,3,4508081810,234.38838483102114
Oahu,All_Gasoline_Vehicles,3,4508081812,94.17399330844071
Oahu,All_Gasoline_Vehicles,3,4508081814,41.03976424922658
Oahu,All_Gasoline_Vehicles,3,4508081816,9.644719922317195
Oahu,All_Gasoline_Vehicles,3,4508081818,24.167353269240042
Oahu,All_Gasoline_Vehicles,3,4508081820,39.93994730299144
Oahu,All_Gasoline_Vehicles,3,4508081822,66.84793709008981
Oahu,All_Gasoline_Vehicles,3,4508091000,237.17450145963392
Oahu,All_Gasoline_Vehicles,3,4508091002,1276.708832467427
Oahu,All_Gasoline_Vehicles,3,4508091004,1422.627796212037
Oahu,All_Gasoline_Vehicles,3,4508091006,378.54501409886296
Oahu,All_Gasoline_Vehicles,3,4508091008,324.5896875563067
Oahu,All_Gasoline_Vehicles,3,4508091010,234.38838483102114
Oahu,All_Gasoline_Vehicles,3,4508091012,94.17399330844071
Oahu,All_Gasoline_Vehicles,3,4508091014,41.03976424922658
Oahu,All_Gasoline_Vehicles,3,4508091016,9.644719922317195
Oahu,All_Gasoline_Vehicles,3,4508091018,24.167353269240042
Oahu,All_Gasoline_Vehicles,3,4508091020,39.93994730299144
Oahu,All_Gasoline_Vehicles,3,4508091022,66.84793709008981
Oahu,All_Gasoline_Vehicles,3,4508112200,237.17450145963392
Oahu,All_Gasoline_Vehicles,3,4508112202,1276.708832467427
Oahu,All_Gasoline_Vehicles,3,4508112204,1422.627796212037
Oahu,All_Gasoline_Vehicles,3,4508112206,378.54501409886296
Oahu,All_Gasoline_Vehicles,3,4508112208,324.5896875563067
Oahu,All_Gasoline_Vehicles,3,4508112210,234.38838483102114
Oahu,All_Gasoline_Vehicles,3,4508112212,94.17399330844071
Oahu,All_Gasoline_Vehicles,3,4508112214,41.03976424922658
Oahu,All_Gasoline_Vehicles,3,4508112216,9.644719922317195
Oahu,All_Gasoline_Vehicles,3,4508112218,24.167353269240042
Oahu,All_Gasoline_Vehicles,3,4508112220,39.93994730299144
Oahu,All_Gasoline_Vehicles,3,4508112222,66.84793709008981
Oahu,All_Gasoline_Vehicles,4,4507011200,189.80541200600848
Oahu,All_Gasoline_Vehicles,4,4507011202,575.3117526483509
Oahu,All_Gasoline_Vehicles,4,4507011204,1251.6168416878759
Oahu,All_Gasoline_Vehicles,4,4507011206,1151.801961993528
Oahu,All_Gasoline_Vehicles,4,4507011208,458.6229780779097
Oahu,All_Gasoline_Vehicles,4,4507011210,250.7489003026366
Oahu,All_Gasoline_Vehicles,4,4507011212,95.31815293379775
Oahu,All_Gasoline_Vehicles,4,4507011214,65.4043069289757
Oahu,All_Gasoline_Vehicles,4,4507011216,31.586787487238652
Oahu,All_Gasoline_Vehicles,4,4507011218,6.795524112593794
Oahu,All_Gasoline_Vehicles,4,4507011220,25.74366032166926
Oahu,All_Gasoline_Vehicles,4,4507011222,47.0916532670096
Oahu,All_Gasoline_Vehicles,4,4507011900,189.80541200600848
Oahu,All_Gasoline_Vehicles,4,4507011902,575.3117526483509
Oahu,All_Gasoline_Vehicles,4,4507011904,1251.6168416878759
Oahu,All_Gasoline_Vehicles,4,4507011906,1151.801961993528
Oahu,All_Gasoline_Vehicles,4,4507011908,458.6229780779097
Oahu,All_Gasoline_Vehicles,4,4507011910,250.7489003026366
Oahu,All_Gasoline_Vehicles,4,4507011912,95.31815293379775
Oahu,All_Gasoline_Vehicles,4,4507011914,65.4043069289757
Oahu,All_Gasoline_Vehicles,4,4507011916,31.586787487238652
Oahu,All_Gasoline_Vehicles,4,4507011918,6.795524112593794
Oahu,All_Gasoline_Vehicles,4,4507011920,25.74366032166926
Oahu,All_Gasoline_Vehicles,4,4507011922,47.0916532670096
Oahu,All_Gasoline_Vehicles,4,4507021200,189.80541200600848
Oahu,All_Gasoline_Vehicles,4,4507021202,575.3117526483509
Oahu,All_Gasoline_Vehicles,4,4507021204,1251.6168416878759
Oahu,All_Gasoline_Vehicles,4,4507021206,1151.801961993528
Oahu,All_Gasoline_Vehicles,4,4507021208,458.6229780779097
Oahu,All_Gasoline_Vehicles,4,4507021210,250.7489003026366
Oahu,All_Gasoline_Vehicles,4,4507021212,95.31815293379775
Oahu,All_Gasoline_Vehicles,4,4507021214,65.4043069289757
Oahu,All_Gasoline_Vehicles,4,4507021216,31.586787487238652
Oahu,All_Gasoline_Vehicles,4,4507021218,6.795524112593794
Oahu,All_Gasoline_Vehicles,4,4507021220,25.74366032166926
Oahu,All_Gasoline_Vehicles,4,4507021222,47.0916532670096
Oahu,All_Gasoline_Vehicles,4,4507050200,189.80541200600848
Oahu,All_Gasoline_Vehicles,4,4507050202,575.3117526483509
Oahu,All_Gasoline_Vehicles,4,4507050204,1251.6168416878759
Oahu,All_Gasoline_Vehicles,4,4507050206,1151.801961993528
Oahu,All_Gasoline_Vehicles,4,4507050208,458.6229780779097
Oahu,All_Gasoline_Vehicles,4,4507050210,250.7489003026366
Oahu,All_Gasoline_Vehicles,4,4507050212,95.31815293379775
Oahu,All_Gasoline_Vehicles,4,4507050214,65.4043069289757
Oahu,All_Gasoline_Vehicles,4,4507050216,31.586787487238652
Oahu,All_Gasoline_Vehicles,4,4507050218,6.795524112593794
Oahu,All_Gasoline_Vehicles,4,4507050220,25.74366032166926
Oahu,All_Gasoline_Vehicles,4,4507050222,47.0916532670096
Oahu,All_Gasoline_Vehicles,4,4507092200,189.80541200600848
Oahu,All_Gasoline_Vehicles,4,4507092202,575.3117526483509
Oahu,All_Gasoline_Vehicles,4,4507092204,1251.6168416878759
Oahu,All_Gasoline_Vehicles,4,4507092206,1151.801961993528
Oahu,All_Gasoline_Vehicles,4,4507092208,458.6229780779097
Oahu,All_Gasoline_Vehicles,4,4507092210,250.7489003026366
Oahu,All_Gasoline_Vehicles,4,4507092212,95.31815293379775
Oahu,All_Gasoline_Vehicles,4,4507092214,65.4043069289757
Oahu,All_Gasoline_Vehicles,4,4507092216,31.586787487238652
Oahu,All_Gasoline_Vehicles,4,4507092218,6.795524112593794
Oahu,All_Gasoline_Vehicles,4,4507092220,25.74366032166926
Oahu,All_Gasoline_Vehicles,4,4507092222,47.0916532670096
Oahu,All_Gasoline_Vehicles,4,4507102700,189.80541200600848
Oahu,All_Gasoline_Vehicles,4,4507102702,575.3117526483509
Oahu,All_Gasoline_Vehicles,4,4507102704,1251.6168416878759
Oahu,All_Gasoline_Vehicles,4,4507102706,1151.801961993528
Oahu,All_Gasoline_Vehicles,4,4507102708,458.6229780779097
Oahu,All_Gasoline_Vehicles,4,4507102710,250.7489003026366
Oahu,All_Gasoline_Vehicles,4,4507102712,95.31815293379775
Oahu,All_Gasoline_Vehicles,4,4507102714,65.4043069289757
Oahu,All_Gasoline_Vehicles,4,4507102716,31.586787487238652
Oahu,All_Gasoline_Vehicles,4,4507102718,6.795524112593794
Oahu,All_Gasoline_Vehicles,4,4507102720,25.74366032166926
Oahu,All_Gasoline_Vehicles,4,4507102722,47.0916532670096
Oahu,All_Gasoline_Vehicles,4,4507121500,189.80541200600848
Oahu,All_Gasoline_Vehicles,4,4507121502,575.3117526483509
Oahu,All_Gasoline_Vehicles,4,4507121504,1251.6168416878759
Oahu,All_Gasoline_Vehicles,4,4507121506,1151.801961993528
Oahu,All_Gasoline_Vehicles,4,4507121508,458.6229780779097
Oahu,All_Gasoline_Vehicles,4,4507121510,250.7489003026366
Oahu,All_Gasoline_Vehicles,4,4507121512,95.31815293379775
Oahu,All_Gasoline_Vehicles,4,4507121514,65.4043069289757
Oahu,All_Gasoline_Vehicles,4,4507121516,31.586787487238652
Oahu,All_Gasoline_Vehicles,4,4507121518,6.795524112593794
Oahu,All_Gasoline_Vehicles,4,4507121520,25.74366032166926
Oahu,All_Gasoline_Vehicles,4,4507121522,47.0916532670096
Oahu,All_Gasoline_Vehicles,4,4508022000,189.80541200600848
Oahu,All_Gasoline_Vehicles,4,4508022002,575.3117526483509
Oahu,All_Gasoline_Vehicles,4,4508022004,1251.6168416878759
Oahu,All_Gasoline_Vehicles,4,4508022006,1151.801961993528
Oahu,All_Gasoline_Vehicles,4,4508022008,458.6229780779097
Oahu,All_Gasoline_Vehicles,4,4508022010,250.7489003026366
Oahu,All_Gasoline_Vehicles,4,4508022012,95.31815293379775
Oahu,All_Gasoline_Vehicles,4,4508022014,65.4043069289757
Oahu,All_Gasoline_Vehicles,4,4508022016,31.586787487238652
Oahu,All_Gasoline_Vehicles,4,4508022018,6.795524112593794
Oahu,All_Gasoline_Vehicles,4,4508022020,25.74366032166926
Oahu,All_Gasoline_Vehicles,4,4508022022,47.0916532670096
Oahu,All_Gasoline_Vehicles,4,4508041000,189.80541200600848
Oahu,All_Gasoline_Vehicles,4,4508041002,575.3117526483509
Oahu,All_Gasoline_Vehicles,4,4508041004,1251.6168416878759
Oahu,All_Gasoline_Vehicles,4,4508041006,1151.801961993528
Oahu,All_Gasoline_Vehicles,4,4508041008,458.6229780779097
Oahu,All_Gasoline_Vehicles,4,4508041010,250.7489003026366
Oahu,All_Gasoline_Vehicles,4,4508041012,95.31815293379775
Oahu,All_Gasoline_Vehicles,4,4508041014,65.4043069289757
Oahu,All_Gasoline_Vehicles,4,4508041016,31.586787487238652
Oahu,All_Gasoline_Vehicles,4,4508041018,6.795524112593794
Oahu,All_Gasoline_Vehicles,4,4508041020,25.74366032166926
Oahu,All_Gasoline_Vehicles,4,4508041022,47.0916532670096
Oahu,All_Gasoline_Vehicles,4,4508061700,189.80541200600848
Oahu,All_Gasoline_Vehicles,4,4508061702,575.3117526483509
Oahu,All_Gasoline_Vehicles,4,4508061704,1251.6168416878759
Oahu,All_Gasoline_Vehicles,4,4508061706,1151.801961993528
Oahu,All_Gasoline_Vehicles,4,4508061708,458.6229780779097
Oahu,All_Gasoline_Vehicles,4,4508061710,250.7489003026366
Oahu,All_Gasoline_Vehicles,4,4508061712,95.31815293379775
Oahu,All_Gasoline_Vehicles,4,4508061714,65.4043069289757
Oahu,All_Gasoline_Vehicles,4,4508061716,31.586787487238652
Oahu,All_Gasoline_Vehicles,4,4508061718,6.795524112593794
Oahu,All_Gasoline_Vehicles,4,4508061720,25.74366032166926
Oahu,All_Gasoline_Vehicles,4,4508061722,47.0916532670096
Oahu,All_Gasoline_Vehicles,4,4508081800,189.80541200600848
Oahu,All_Gasoline_Vehicles,4,4508081802,575.3117526483509
Oahu,All_Gasoline_Vehicles,4,4508081804,1251.6168416878759
Oahu,All_Gasoline_Vehicles,4,4508081806,1151.801961993528
Oahu,All_Gasoline_Vehicles,4,4508081808,458.6229780779097
Oahu,All_Gasoline_Vehicles,4,4508081810,250.7489003026366
Oahu,All_Gasoline_Vehicles,4,4508081812,95.31815293379775
Oahu,All_Gasoline_Vehicles,4,4508081814,65.4043069289757
Oahu,All_Gasoline_Vehicles,4,4508081816,31.586787487238652
Oahu,All_Gasoline_Vehicles,4,4508081818,6.795524112593794
Oahu,All_Gasoline_Vehicles,4,4508081820,25.74366032166926
Oahu,All_Gasoline_Vehicles,4,4508081822,47.0916532670096
Oahu,All_Gasoline_Vehicles,4,4508091000,189.80541200600848
Oahu,All_Gasoline_Vehicles,4,4508091002,575.3117526483509
Oahu,All_Gasoline_Vehicles,4,4508091004,1251.6168416878759
Oahu,All_Gasoline_Vehicles,4,4508091006,1151.801961993528
Oahu,All_Gasoline_Vehicles,4,4508091008,458.6229780779097
Oahu,All_Gasoline_Vehicles,4,4508091010,250.7489003026366
Oahu,All_Gasoline_Vehicles,4,4508091012,95.31815293379775
Oahu,All_Gasoline_Vehicles,4,4508091014,65.4043069289757
Oahu,All_Gasoline_Vehicles,4,4508091016,31.586787487238652
Oahu,All_Gasoline_Vehicles,4,4508091018,6.795524112593794
Oahu,All_Gasoline_Vehicles,4,4508091020,25.74366032166926
Oahu,All_Gasoline_Vehicles,4,4508091022,47.0916532670096
Oahu,All_Gasoline_Vehicles,4,4508112200,189.80541200600848
Oahu,All_Gasoline_Vehicles,4,4508112202,575.3117526483509
Oahu,All_Gasoline_Vehicles,4,4508112204,1251.6168416878759
Oahu,All_Gasoline_Vehicles,4,4508112206,1151.801961993528
Oahu,All_Gasoline_Vehicles,4,4508112208,458.6229780779097
Oahu,All_Gasoline_Vehicles,4,4508112210,250.7489003026366
Oahu,All_Gasoline_Vehicles,4,4508112212,95.31815293379775
Oahu,All_Gasoline_Vehicles,4,4508112214,65.4043069289757
Oahu,All_Gasoline_Vehicles,4,4508112216,31.586787487238652
Oahu,All_Gasoline_Vehicles,4,4508112218,6.795524112593794
Oahu,All_Gasoline_Vehicles,4,4508112220,25.74366032166926
Oahu,All_Gasoline_Vehicles,4,4508112222,47.0916532670096
Oahu,All_Gasoline_Vehicles,5,4507011200,126.29507874492812
Oahu,All_Gasoline_Vehicles,5,4507011202,532.8597706392076
Oahu,All_Gasoline_Vehicles,5,4507011204,799.7368211741474
Oahu,All_Gasoline_Vehicles,5,4507011206,1006.5192916617609
Oahu,All_Gasoline_Vehicles,5,4507011208,968.5524645620317
Oahu,All_Gasoline_Vehicles,5,4507011210,330.12683940969174
Oahu,All_Gasoline_Vehicles,5,4507011212,129.42727411366178
Oahu,All_Gasoline_Vehicles,5,4507011214,86.69413999584069
Oahu,All_Gasoline_Vehicles,5,4507011216,105.94149873895749
Oahu,All_Gasoline_Vehicles,5,4507011218,32.09589906494252
Oahu,All_Gasoline_Vehicles,5,4507011220,3.380693205609914
Oahu,All_Gasoline_Vehicles,5,4507011222,28.21816045681468
Oahu,All_Gasoline_Vehicles,5,4507011900,126.29507874492812
Oahu,All_Gasoline_Vehicles,5,4507011902,532.8597706392076
Oahu,All_Gasoline_Vehicles,5,4507011904,799.7368211741474
Oahu,All_Gasoline_Vehicles,5,4507011906,1006.5192916617609
Oahu,All_Gasoline_Vehicles,5,4507011908,968.5524645620317
Oahu,All_Gasoline_Vehicles,5,4507011910,330.12683940969174
Oahu,All_Gasoline_Vehicles,5,4507011912,129.42727411366178
Oahu,All_Gasoline_Vehicles,5,4507011914,86.69413999584069
Oahu,All_Gasoline_Vehicles,5,4507011916,105.94149873895749
Oahu,All_Gasoline_Vehicles,5,4507011918,32.09589906494252
Oahu,All_Gasoline_Vehicles,5,4507011920,3.380693205609914
Oahu,All_Gasoline_Vehicles,5,4507011922,28.21816045681468
Oahu,All_Gasoline_Vehicles,5,4507021200,126.29507874492812
Oahu,All_Gasoline_Vehicles,5,4507021202,532.8597706392076
Oahu,All_Gasoline_Vehicles,5,4507021204,799.7368211741474
Oahu,All_Gasoline_Vehicles,5,4507021206,1006.5192916617609
Oahu,All_Gasoline_Vehicles,5,4507021208,968.5524645620317
Oahu,All_Gasoline_Vehicles,5,4507021210,330.12683940969174
Oahu,All_Gasoline_Vehicles,5,4507021212,129.42727411366178
Oahu,All_Gasoline_Vehicles,5,4507021214,86.69413999584069
Oahu,All_Gasoline_Vehicles,5,4507021216,105.94149873895749
Oahu,All_Gasoline_Vehicles,5,4507021218,32.09589906494252
Oahu,All_Gasoline_Vehicles,5,4507021220,3.380693205609914
Oahu,All_Gasoline_Vehicles,5,4507021222,28.21816045681468
Oahu,All_Gasoline_Vehicles,5,4507050200,126.29507874492812
Oahu,All_Gasoline_Vehicles,5,4507050202,532.8597706392076
Oahu,All_Gasoline_Vehicles,5,4507050204,799.7368211741474
Oahu,All_Gasoline_Vehicles,5,4507050206,1006.5192916617609
Oahu,All_Gasoline_Vehicles,5,4507050208,968.5524645620317
Oahu,All_Gasoline_Vehicles,5,4507050210,330.12683940969174
Oahu,All_Gasoline_Vehicles,5,4507050212,129.42727411366178
Oahu,All_Gasoline_Vehicles,5,4507050214,86.69413999584069
Oahu,All_Gasoline_Vehicles,5,4507050216,105.94149873895749
Oahu,All_Gasoline_Vehicles,5,4507050218,32.09589906494252
Oahu,All_Gasoline_Vehicles,5,4507050220,3.380693205609914
Oahu,All_Gasoline_Vehicles,5,4507050222,28.21816045681468
Oahu,All_Gasoline_Vehicles,5,4507092200,126.29507874492812
Oahu,All_Gasoline_Vehicles,5,4507092202,532.8597706392076
Oahu,All_Gasoline_Vehicles,5,4507092204,799.7368211741474
Oahu,All_Gasoline_Vehicles,5,4507092206,1006.5192916617609
Oahu,All_Gasoline_Vehicles,5,4507092208,968.5524645620317
Oahu,All_Gasoline_Vehicles,5,4507092210,330.12683940969174
Oahu,All_Gasoline_Vehicles,5,4507092212,129.42727411366178
Oahu,All_Gasoline_Vehicles,5,4507092214,86.69413999584069
Oahu,All_Gasoline_Vehicles,5,4507092216,105.94149873895749
Oahu,All_Gasoline_Vehicles,5,4507092218,32.09589906494252
Oahu,All_Gasoline_Vehicles,5,4507092220,3.380693205609914
Oahu,All_Gasoline_Vehicles,5,4507092222,28.21816045681468
Oahu,All_Gasoline_Vehicles,5,4507102700,126.29507874492812
Oahu,All_Gasoline_Vehicles,5,4507102702,532.8597706392076
Oahu,All_Gasoline_Vehicles,5,4507102704,799.7368211741474
Oahu,All_Gasoline_Vehicles,5,4507102706,1006.5192916617609
Oahu,All_Gasoline_Vehicles,5,4507102708,968.5524645620317
Oahu,All_Gasoline_Vehicles,5,4507102710,330.12683940969174
Oahu,All_Gasoline_Vehicles,5,4507102712,129.42727411366178
Oahu,All_Gasoline_Vehicles,5,4507102714,86.69413999584069
Oahu,All_Gasoline_Vehicles,5,4507102716,105.94149873895749
Oahu,All_Gasoline_Vehicles,5,4507102718,32.09589906494252
Oahu,All_Gasoline_Vehicles,5,4507102720,3.380693205609914
Oahu,All_Gasoline_Vehicles,5,4507102722,28.21816045681468
Oahu,All_Gasoline_Vehicles,5,4507121500,126.29507874492812
Oahu,All_Gasoline_Vehicles,5,4507121502,532.8597706392076
Oahu,All_Gasoline_Vehicles,5,4507121504,799.7368211741474
Oahu,All_Gasoline_Vehicles,5,4507121506,1006.5192916617609
Oahu,All_Gasoline_Vehicles,5,4507121508,968.5524645620317
Oahu,All_Gasoline_Vehicles,5,4507121510,330.12683940969174
Oahu,All_Gasoline_Vehicles,5,4507121512,129.42727411366178
Oahu,All_Gasoline_Vehicles,5,4507121514,86.69413999584069
Oahu,All_Gasoline_Vehicles,5,4507121516,105.94149873895749
Oahu,All_Gasoline_Vehicles,5,4507121518,32.09589906494252
Oahu,All_Gasoline_Vehicles,5,4507121520,3.380693205609914
Oahu,All_Gasoline_Vehicles,5,4507121522,28.21816045681468
Oahu,All_Gasoline_Vehicles,5,4508022000,126.29507874492812
Oahu,All_Gasoline_Vehicles,5,4508022002,532.8597706392076
Oahu,All_Gasoline_Vehicles,5,4508022004,799.7368211741474
Oahu,All_Gasoline_Vehicles,5,4508022006,1006.5192916617609
Oahu,All_Gasoline_Vehicles,5,4508022008,968.5524645620317
Oahu,All_Gasoline_Vehicles,5,4508022010,330.12683940969174
Oahu,All_Gasoline_Vehicles,5,4508022012,129.42727411366178
Oahu,All_Gasoline_Vehicles,5,4508022014,86.69413999584069
Oahu,All_Gasoline_Vehicles,5,4508022016,105.94149873895749
Oahu,All_Gasoline_Vehicles,5,4508022018,32.09589906494252
Oahu,All_Gasoline_Vehicles,5,4508022020,3.380693205609914
Oahu,All_Gasoline_Vehicles,5,4508022022,28.21816045681468
Oahu,All_Gasoline_Vehicles,5,4508041000,126.29507874492812
Oahu,All_Gasoline_Vehicles,5,4508041002,532.8597706392076
Oahu,All_Gasoline_Vehicles,5,4508041004,799.7368211741474
Oahu,All_Gasoline_Vehicles,5,4508041006,1006.5192916617609
Oahu,All_Gasoline_Vehicles,5,4508041008,968.5524645620317
Oahu,All_Gasoline_Vehicles,5,4508041010,330.12683940969174
Oahu,All_Gasoline_Vehicles,5,4508041012,129.42727411366178
Oahu,All_Gasoline_Vehicles,5,4508041014,86.69413999584069
Oahu,All_Gasoline_Vehicles,5,4508041016,105.94149873895749
Oahu,All_Gasoline_Vehicles,5,4508041018,32.09589906494252
Oahu,All_Gasoline_Vehicles,5,4508041020,3.380693205609914
Oahu,All_Gasoline_Vehicles,5,4508041022,28.21816045681468
Oahu,All_Gasoline_Vehicles,5,4508061700,126.29507874492812
Oahu,All_Gasoline_Vehicles,5,4508061702,532.8597706392076
Oahu,All_Gasoline_Vehicles,5,4508061704,799.7368211741474
Oahu,All_Gasoline_Vehicles,5,4508061706,1006.5192916617609
Oahu,All_Gasoline_Vehicles,5,4508061708,968.5524645620317
Oahu,All_Gasoline_Vehicles,5,4508061710,330.12683940969174
Oahu,All_Gasoline_Vehicles,5,4508061712,129.42727411366178
Oahu,All_Gasoline_Vehicles,5,4508061714,86.69413999584069
Oahu,All_Gasoline_Vehicles,5,4508061716,105.94149873895749
Oahu,All_Gasoline_Vehicles,5,4508061718,32.09589906494252
Oahu,All_Gasoline_Vehicles,5,4508061720,3.380693205609914
Oahu,All_Gasoline_Vehicles,5,4508061722,28.21816045681468
Oahu,All_Gasoline_Vehicles,5,4508081800,126.29507874492812
Oahu,All_Gasoline_Vehicles,5,4508081802,532.8597706392076
Oahu,All_Gasoline_Vehicles,5,4508081804,799.7368211741474
Oahu,All_Gasoline_Vehicles,5,4508081806,1006.5192916617609
Oahu,All_Gasoline_Vehicles,5,4508081808,968.5524645620317
Oahu,All_Gasoline_Vehicles,5,4508081810,330.12683940969174
Oahu,All_Gasoline_Vehicles,5,4508081812,129.42727411366178
Oahu,All_Gasoline_Vehicles,5,4508081814,86.69413999584069
Oahu,All_Gasoline_Vehicles,5,4508081816,105.94149873895749
Oahu,All_Gasoline_Vehicles,5,4508081818,32.09589906494252
Oahu,All_Gasoline_Vehicles,5,4508081820,3.380693205609914
Oahu,All_Gasoline_Vehicles,5,4508081822,28.21816045681468
Oahu,All_Gasoline_Vehicles,5,4508091000,126.29507874492812
Oahu,All_Gasoline_Vehicles,5,4508091002,532.8597706392076
Oahu,All_Gasoline_Vehicles,5,4508091004,799.7368211741474
Oahu,All_Gasoline_Vehicles,5,4508091006,1006.5192916617609
Oahu,All_Gasoline_Vehicles,5,4508091008,968.5524645620317
Oahu,All_Gasoline_Vehicles,5,4508091010,330.12683940969174
Oahu,All_Gasoline_Vehicles,5,4508091012,129.42727411366178
Oahu,All_Gasoline_Vehicles,5,4508091014,86.69413999584069
Oahu,All_Gasoline_Vehicles,5,4508091016,105.94149873895749
Oahu,All_Gasoline_Vehicles,5,4508091018,32.09589906494252
Oahu,All_Gasoline_Vehicles,5,4508091020,3.380693205609914
Oahu,All_Gasoline_Vehicles,5,4508091022,28.21816045681468
Oahu,All_Gasoline_Vehicles,5,4508112200,126.29507874492812
Oahu,All_Gasoline_Vehicles,5,4508112202,532.8597706392076
Oahu,All_Gasoline_Vehicles,5,4508112204,799.7368211741474
Oahu,All_Gasoline_Vehicles,5,4508112206,1006.5192916617609
Oahu,All_Gasoline_Vehicles,5,4508112208,968.5524645620317
Oahu,All_Gasoline_Vehicles,5,4508112210,330.12683940969174
Oahu,All_Gasoline_Vehicles,5,4508112212,129.42727411366178
Oahu,All_Gasoline_Vehicles,5,4508112214,86.69413999584069
Oahu,All_Gasoline_Vehicles,5,4508112216,105.94149873895749
Oahu,All_Gasoline_Vehicles,5,4508112218,32.09589906494252
Oahu,All_Gasoline_Vehicles,5,4508112220,3.380693205609914
Oahu,All_Gasoline_Vehicles,5,4508112222,28.21816045681468
Oahu,All_Gasoline_Vehicles,6,4507011200,40.768846935556375
Oahu,All_Gasoline_Vehicles,6,4507011202,261.00165530008843
Oahu,All_Gasoline_Vehicles,6,4507011204,719.5063505744561
Oahu,All_Gasoline_Vehicles,6,4507011206,577.506271762592
Oahu,All_Gasoline_Vehicles,6,4507011208,869.923577956503
Oahu,All_Gasoline_Vehicles,6,4507011210,692.9953875388552
Oahu,All_Gasoline_Vehicles,6,4507011212,243.11914033780113
Oahu,All_Gasoline_Vehicles,6,4507011214,170.11652772887652
Oahu,All_Gasoline_Vehicles,6,4507011216,260.00623553494785
Oahu,All_Gasoline_Vehicles,6,4507011218,240.7084161782519
Oahu,All_Gasoline_Vehicles,6,4507011220,71.36948195825
Oahu,All_Gasoline_Vehicles,6,4507011222,2.8260399614161638
Oahu,All_Gasoline_Vehicles,6,4507011900,40.768846935556375
Oahu,All_Gasoline_Vehicles,6,4507011902,261.00165530008843
Oahu,All_Gasoline_Vehicles,6,4507011904,719.5063505744561
Oahu,All_Gasoline_Vehicles,6,4507011906,577.506271762592
Oahu,All_Gasoline_Vehicles,6,4507011908,869.923577956503
Oahu,All_Gasoline_Vehicles,6,4507011910,692.9953875388552
Oahu,All_Gasoline_Vehicles,6,4507011912,243.11914033780113
Oahu,All_Gasoline_Vehicles,6,4507011914,170.11652772887652
Oahu,All_Gasoline_Vehicles,6,4507011916,260.00623553494785
Oahu,All_Gasoline_Vehicles,6,4507011918,240.7084161782519
Oahu,All_Gasoline_Vehicles,6,4507011920,71.36948195825
Oahu,All_Gasoline_Vehicles,6,4507011922,2.8260399614161638
Oahu,All_Gasoline_Vehicles,6,4507021200,40.768846935556375
Oahu,All_Gasoline_Vehicles,6,4507021202,261.00165530008843
Oahu,All_Gasoline_Vehicles,6,4507021204,719.5063505744561
Oahu,All_Gasoline_Vehicles,6,4507021206,577.506271762592
Oahu,All_Gasoline_Vehicles,6,4507021208,869.923577956503
Oahu,All_Gasoline_Vehicles,6,4507021210,692.9953875388552
Oahu,All_Gasoline_Vehicles,6,4507021212,243.11914033780113
Oahu,All_Gasoline_Vehicles,6,4507021214,170.11652772887652
Oahu,All_Gasoline_Vehicles,6,4507021216,260.00623553494785
Oahu,All_Gasoline_Vehicles,6,4507021218,240.7084161782519
Oahu,All_Gasoline_Vehicles,6,4507021220,71.36948195825
Oahu,All_Gasoline_Vehicles,6,4507021222,2.8260399614161638
Oahu,All_Gasoline_Vehicles,6,4507050200,40.768846935556375
Oahu,All_Gasoline_Vehicles,6,4507050202,261.00165530008843
Oahu,All_Gasoline_Vehicles,6,4507050204,719.5063505744561
Oahu,All_Gasoline_Vehicles,6,4507050206,577.506271762592
Oahu,All_Gasoline_Vehicles,6,4507050208,869.923577956503
Oahu,All_Gasoline_Vehicles,6,4507050210,692.9953875388552
Oahu,All_Gasoline_Vehicles,6,4507050212,243.11914033780113
Oahu,All_Gasoline_Vehicles,6,4507050214,170.11652772887652
Oahu,All_Gasoline_Vehicles,6,4507050216,260.00623553494785
Oahu,All_Gasoline_Vehicles,6,4507050218,240.7084161782519
Oahu,All_Gasoline_Vehicles,6,4507050220,71.36948195825
Oahu,All_Gasoline_Vehicles,6,4507050222,2.8260399614161638
Oahu,All_Gasoline_Vehicles,6,4507092200,40.768846935556375
Oahu,All_Gasoline_Vehicles,6,4507092202,261.00165530008843
Oahu,All_Gasoline_Vehicles,6,4507092204,719.5063505744561
Oahu,All_Gasoline_Vehicles,6,4507092206,577.506271762592
Oahu,All_Gasoline_Vehicles,6,4507092208,869.923577956503
Oahu,All_Gasoline_Vehicles,6,4507092210,692.9953875388552
Oahu,All_Gasoline_Vehicles,6,4507092212,243.11914033780113
Oahu,All_Gasoline_Vehicles,6,4507092214,170.11652772887652
Oahu,All_Gasoline_Vehicles,6,4507092216,260.00623553494785
Oahu,All_Gasoline_Vehicles,6,4507092218,240.7084161782519
Oahu,All_Gasoline_Vehicles,6,4507092220,71.36948195825
Oahu,All_Gasoline_Vehicles,6,4507092222,2.8260399614161638
Oahu,All_Gasoline_Vehicles,6,4507102700,40.768846935556375
Oahu,All_Gasoline_Vehicles,6,4507102702,261.00165530008843
Oahu,All_Gasoline_Vehicles,6,4507102704,719.5063505744561
Oahu,All_Gasoline_Vehicles,6,4507102706,577.506271762592
Oahu,All_Gasoline_Vehicles,6,4507102708,869.923577956503
Oahu,All_Gasoline_Vehicles,6,4507102710,692.9953875388552
Oahu,All_Gasoline_Vehicles,6,4507102712,243.11914033780113
Oahu,All_Gasoline_Vehicles,6,4507102714,170.11652772887652
Oahu,All_Gasoline_Vehicles,6,4507102716,260.00623553494785
Oahu,All_Gasoline_Vehicles,6,4507102718,240.7084161782519
Oahu,All_Gasoline_Vehicles,6,4507102720,71.36948195825
Oahu,All_Gasoline_Vehicles,6,4507102722,2.8260399614161638
Oahu,All_Gasoline_Vehicles,6,4507121500,40.768846935556375
Oahu,All_Gasoline_Vehicles,6,4507121502,261.00165530008843
Oahu,All_Gasoline_Vehicles,6,4507121504,719.5063505744561
Oahu,All_Gasoline_Vehicles,6,4507121506,577.506271762592
Oahu,All_Gasoline_Vehicles,6,4507121508,869.923577956503
Oahu,All_Gasoline_Vehicles,6,4507121510,692.9953875388552
Oahu,All_Gasoline_Vehicles,6,4507121512,243.11914033780113
Oahu,All_Gasoline_Vehicles,6,4507121514,170.11652772887652
Oahu,All_Gasoline_Vehicles,6,4507121516,260.00623553494785
Oahu,All_Gasoline_Vehicles,6,4507121518,240.7084161782519
Oahu,All_Gasoline_Vehicles,6,4507121520,71.36948195825
Oahu,All_Gasoline_Vehicles,6,4507121522,2.8260399614161638
Oahu,All_Gasoline_Vehicles,6,4508022000,40.768846935556375
Oahu,All_Gasoline_Vehicles,6,4508022002,261.00165530008843
Oahu,All_Gasoline_Vehicles,6,4508022004,719.5063505744561
Oahu,All_Gasoline_Vehicles,6,4508022006,577.506271762592
Oahu,All_Gasoline_Vehicles,6,4508022008,869.923577956503
Oahu,All_Gasoline_Vehicles,6,4508022010,692.9953875388552
Oahu,All_Gasoline_Vehicles,6,4508022012,243.11914033780113
Oahu,All_Gasoline_Vehicles,6,4508022014,170.11652772887652
Oahu,All_Gasoline_Vehicles,6,4508022016,260.00623553494785
Oahu,All_Gasoline_Vehicles,6,4508022018,240.7084161782519
Oahu,All_Gasoline_Vehicles,6,4508022020,71.36948195825
Oahu,All_Gasoline_Vehicles,6,4508022022,2.8260399614161638
Oahu,All_Gasoline_Vehicles,6,4508041000,40.768846935556375
Oahu,All_Gasoline_Vehicles,6,4508041002,261.00165530008843
Oahu,All_Gasoline_Vehicles,6,4508041004,719.5063505744561
Oahu,All_Gasoline_Vehicles,6,4508041006,577.506271762592
Oahu,All_Gasoline_Vehicles,6,4508041008,869.923577956503
Oahu,All_Gasoline_Vehicles,6,4508041010,692.9953875388552
Oahu,All_Gasoline_Vehicles,6,4508041012,243.11914033780113
Oahu,All_Gasoline_Vehicles,6,4508041014,170.11652772887652
Oahu,All_Gasoline_Vehicles,6,4508041016,260.00623553494785
Oahu,All_Gasoline_Vehicles,6,4508041018,240.7084161782519
Oahu,All_Gasoline_Vehicles,6,4508041020,71.36948195825
Oahu,All_Gasoline_Vehicles,6,4508041022,2.8260399614161638
Oahu,All_Gasoline_Vehicles,6,4508061700,40.768846935556375
Oahu,All_Gasoline_Vehicles,6,4508061702,261.00165530008843
Oahu,All_Gasoline_Vehicles,6,4508061704,719.5063505744561
Oahu,All_Gasoline_Vehicles,6,4508061706,577.506271762592
Oahu,All_Gasoline_Vehicles,6,4508061708,869.923577956503
Oahu,All_Gasoline_Vehicles,6,4508061710,692.9953875388552
Oahu,All_Gasoline_Vehicles,6,4508061712,243.11914033780113
Oahu,All_Gasoline_Vehicles,6,4508061714,170.11652772887652
Oahu,All_Gasoline_Vehicles,6,4508061716,260.00623553494785
Oahu,All_Gasoline_Vehicles,6,4508061718,240.7084161782519
Oahu,All_Gasoline_Vehicles,6,4508061720,71.36948195825
Oahu,All_Gasoline_Vehicles,6,4508061722,2.8260399614161638
Oahu,All_Gasoline_Vehicles,6,4508081800,40.768846935556375
Oahu,All_Gasoline_Vehicles,6,4508081802,261.00165530008843
Oahu,All_Gasoline_Vehicles,6,4508081804,719.5063505744561
Oahu,All_Gasoline_Vehicles,6,4508081806,577.506271762592
Oahu,All_Gasoline_Vehicles,6,4508081808,869.923577956503
Oahu,All_Gasoline_Vehicles,6,4508081810,692.9953875388552
Oahu,All_Gasoline_Vehicles,6,4508081812,243.11914033780113
Oahu,All_Gasoline_Vehicles,6,4508081814,170.11652772887652
Oahu,All_Gasoline_Vehicles,6,4508081816,260.00623553494785
Oahu,All_Gasoline_Vehicles,6,4508081818,240.7084161782519
Oahu,All_Gasoline_Vehicles,6,4508081820,71.36948195825
Oahu,All_Gasoline_Vehicles,6,4508081822,2.8260399614161638
Oahu,All_Gasoline_Vehicles,6,4508091000,40.768846935556375
Oahu,All_Gasoline_Vehicles,6,4508091002,261.00165530008843
Oahu,All_Gasoline_Vehicles,6,4508091004,719.5063505744561
Oahu,All_Gasoline_Vehicles,6,4508091006,577.506271762592
Oahu,All_Gasoline_Vehicles,6,4508091008,869.923577956503
Oahu,All_Gasoline_Vehicles,6,4508091010,692.9953875388552
Oahu,All_Gasoline_Vehicles,6,4508091012,243.11914033780113
Oahu,All_Gasoline_Vehicles,6,4508091014,170.11652772887652
Oahu,All_Gasoline_Vehicles,6,4508091016,260.00623553494785
Oahu,All_Gasoline_Vehicles,6,4508091018,240.7084161782519
Oahu,All_Gasoline_Vehicles,6,4508091020,71.36948195825
Oahu,All_Gasoline_Vehicles,6,4508091022,2.8260399614161638
Oahu,All_Gasoline_Vehicles,6,4508112200,40.768846935556375
Oahu,All_Gasoline_Vehicles,6,4508112202,261.00165530008843
Oahu,All_Gasoline_Vehicles,6,4508112204,719.5063505744561
Oahu,All_Gasoline_Vehicles,6,4508112206,577.506271762592
Oahu,All_Gasoline_Vehicles,6,4508112208,869.923577956503
Oahu,All_Gasoline_Vehicles,6,4508112210,692.9953875388552
Oahu,All_Gasoline_Vehicles,6,4508112212,243.11914033780113
Oahu,All_Gasoline_Vehicles,6,4508112214,170.11652772887652
Oahu,All_Gasoline_Vehicles,6,4508112216,260.00623553494785
Oahu,All_Gasoline_Vehicles,6,4508112218,240.7084161782519
Oahu,All_Gasoline_Vehicles,6,4508112220,71.36948195825
Oahu,All_Gasoline_Vehicles,6,4508112222,2.8260399614161638
Oahu,All_Gasoline_Vehicles,7,4507011200,0.0
Oahu,All_Gasoline_Vehicles,7,4507011202,57.52541230892604
Oahu,All_Gasoline_Vehicles,7,4507011204,279.9937813943779
Oahu,All_Gasoline_Vehicles,7,4507011206,445.49372070402563
Oahu,All_Gasoline_Vehicles,7,4507011208,399.3512613563496
Oahu,All_Gasoline_Vehicles,7,4507011210,645.6665912062666
Oahu,All_Gasoline_Vehicles,7,4507011212,547.7700649457068
Oahu,All_Gasoline_Vehicles,7,4507011214,331.8378754799618
Oahu,All_Gasoline_Vehicles,7,4507011216,365.4384345129813
Oahu,All_Gasoline_Vehicles,7,4507011218,485.5494542976843
Oahu,All_Gasoline_Vehicles,7,4507011220,464.6773317571719
Oahu,All_Gasoline_Vehicles,7,4507011222,126.54400380414258
Oahu,All_Gasoline_Vehicles,7,4507011900,0.0
Oahu,All_Gasoline_Vehicles,7,4507011902,57.52541230892604
Oahu,All_Gasoline_Vehicles,7,4507011904,279.9937813943779
Oahu,All_Gasoline_Vehicles,7,4507011906,445.49372070402563
Oahu,All_Gasoline_Vehicles,7,4507011908,399.3512613563496
Oahu,All_Gasoline_Vehicles,7,4507011910,645.6665912062666
Oahu,All_Gasoline_Vehicles,7,4507011912,547.7700649457068
Oahu,All_Gasoline_Vehicles,7,4507011914,331.8378754799618
Oahu,All_Gasoline_Vehicles,7,4507011916,365.4384345129813
Oahu,All_Gasoline_Vehicles,7,4507011918,485.5494542976843
Oahu,All_Gasoline_Vehicles,7,4507011920,464.6773317571719
Oahu,All_Gasoline_Vehicles,7,4507011922,126.54400380414258
Oahu,All_Gasoline_Vehicles,7,4507021200,0.0
Oahu,All_Gasoline_Vehicles,7,4507021202,57.52541230892604
Oahu,All_Gasoline_Vehicles,7,4507021204,279.9937813943779
Oahu,All_Gasoline_Vehicles,7,4507021206,445.49372070402563
Oahu,All_Gasoline_Vehicles,7,4507021208,399.3512613563496
Oahu,All_Gasoline_Vehicles,7,4507021210,645.6665912062666
Oahu,All_Gasoline_Vehicles,7,4507021212,547.7700649457068
Oahu,All_Gasoline_Vehicles,7,4507021214,331.8378754799618
Oahu,All_Gasoline_Vehicles,7,4507021216,365.4384345129813
Oahu,All_Gasoline_Vehicles,7,4507021218,485.5494542976843
Oahu,All_Gasoline_Vehicles,7,4507021220,464.6773317571719
Oahu,All_Gasoline_Vehicles,7,4507021222,126.54400380414258
Oahu,All_Gasoline_Vehicles,7,4507050200,0.0
Oahu,All_Gasoline_Vehicles,7,4507050202,57.52541230892604
Oahu,All_Gasoline_Vehicles,7,4507050204,279.9937813943779
Oahu,All_Gasoline_Vehicles,7,4507050206,445.49372070402563
Oahu,All_Gasoline_Vehicles,7,4507050208,399.3512613563496
Oahu,All_Gasoline_Vehicles,7,4507050210,645.6665912062666
Oahu,All_Gasoline_Vehicles,7,4507050212,547.7700649457068
Oahu,All_Gasoline_Vehicles,7,4507050214,331.8378754799618
Oahu,All_Gasoline_Vehicles,7,4507050216,365.4384345129813
Oahu,All_Gasoline_Vehicles,7,4507050218,485.5494542976843
Oahu,All_Gasoline_Vehicles,7,4507050220,464.6773317571719
Oahu,All_Gasoline_Vehicles,7,4507050222,126.54400380414258
Oahu,All_Gasoline_Vehicles,7,4507092200,0.0
Oahu,All_Gasoline_Vehicles,7,4507092202,57.52541230892604
Oahu,All_Gasoline_Vehicles,7,4507092204,279.9937813943779
Oahu,All_Gasoline_Vehicles,7,4507092206,445.49372070402563
Oahu,All_Gasoline_Vehicles,7,4507092208,399.3512613563496
Oahu,All_Gasoline_Vehicles,7,4507092210,645.6665912062666
Oahu,All_Gasoline_Vehicles,7,4507092212,547.7700649457068
Oahu,All_Gasoline_Vehicles,7,4507092214,331.8378754799618
Oahu,All_Gasoline_Vehicles,7,4507092216,365.4384345129813
Oahu,All_Gasoline_Vehicles,7,4507092218,485.5494542976843
Oahu,All_Gasoline_Vehicles,7,4507092220,464.6773317571719
Oahu,All_Gasoline_Vehicles,7,4507092222,126.54400380414258
Oahu,All_Gasoline_Vehicles,7,4507102700,0.0
Oahu,All_Gasoline_Vehicles,7,4507102702,57.52541230892604
Oahu,All_Gasoline_Vehicles,7,4507102704,279.9937813943779
Oahu,All_Gasoline_Vehicles,7,4507102706,445.49372070402563
Oahu,All_Gasoline_Vehicles,7,4507102708,399.3512613563496
Oahu,All_Gasoline_Vehicles,7,4507102710,645.6665912062666
Oahu,All_Gasoline_Vehicles,7,4507102712,547.7700649457068
Oahu,All_Gasoline_Vehicles,7,4507102714,331.8378754799618
Oahu,All_Gasoline_Vehicles,7,4507102716,365.4384345129813
Oahu,All_Gasoline_Vehicles,7,4507102718,485.5494542976843
Oahu,All_Gasoline_Vehicles,7,4507102720,464.6773317571719
Oahu,All_Gasoline_Vehicles,7,4507102722,126.54400380414258
Oahu,All_Gasoline_Vehicles,7,4507121500,0.0
Oahu,All_Gasoline_Vehicles,7,4507121502,57.52541230892604
Oahu,All_Gasoline_Vehicles,7,4507121504,279.9937813943779
Oahu,All_Gasoline_Vehicles,7,4507121506,445.49372070402563
Oahu,All_Gasoline_Vehicles,7,4507121508,399.3512613563496
Oahu,All_Gasoline_Vehicles,7,4507121510,645.6665912062666
Oahu,All_Gasoline_Vehicles,7,4507121512,547.7700649457068
Oahu,All_Gasoline_Vehicles,7,4507121514,331.8378754799618
Oahu,All_Gasoline_Vehicles,7,4507121516,365.4384345129813
Oahu,All_Gasoline_Vehicles,7,4507121518,485.5494542976843
Oahu,All_Gasoline_Vehicles,7,4507121520,464.6773317571719
Oahu,All_Gasoline_Vehicles,7,4507121522,126.54400380414258
Oahu,All_Gasoline_Vehicles,7,4508022000,0.0
Oahu,All_Gasoline_Vehicles,7,4508022002,57.52541230892604
Oahu,All_Gasoline_Vehicles,7,4508022004,279.9937813943779
Oahu,All_Gasoline_Vehicles,7,4508022006,445.49372070402563
Oahu,All_Gasoline_Vehicles,7,4508022008,399.3512613563496
Oahu,All_Gasoline_Vehicles,7,4508022010,645.6665912062666
Oahu,All_Gasoline_Vehicles,7,4508022012,547.7700649457068
Oahu,All_Gasoline_Vehicles,7,4508022014,331.8378754799618
Oahu,All_Gasoline_Vehicles,7,4508022016,365.4384345129813
Oahu,All_Gasoline_Vehicles,7,4508022018,485.5494542976843
Oahu,All_Gasoline_Vehicles,7,4508022020,464.6773317571719
Oahu,All_Gasoline_Vehicles,7,4508022022,126.54400380414258
Oahu,All_Gasoline_Vehicles,7,4508041000,0.0
Oahu,All_Gasoline_Vehicles,7,4508041002,57.52541230892604
Oahu,All_Gasoline_Vehicles,7,4508041004,279.9937813943779
Oahu,All_Gasoline_Vehicles,7,4508041006,445.49372070402563
Oahu,All_Gasoline_Vehicles,7,4508041008,399.3512613563496
Oahu,All_Gasoline_Vehicles,7,4508041010,645.6665912062666
Oahu,All_Gasoline_Vehicles,7,4508041012,547.7700649457068
Oahu,All_Gasoline_Vehicles,7,4508041014,331.8378754799618
Oahu,All_Gasoline_Vehicles,7,4508041016,365.4384345129813
Oahu,All_Gasoline_Vehicles,7,4508041018,485.5494542976843
Oahu,All_Gasoline_Vehicles,7,4508041020,464.6773317571719
Oahu,All_Gasoline_Vehicles,7,4508041022,126.54400380414258
Oahu,All_Gasoline_Vehicles,7,4508061700,0.0
Oahu,All_Gasoline_Vehicles,7,4508061702,57.52541230892604
Oahu,All_Gasoline_Vehicles,7,4508061704,279.9937813943779
Oahu,All_Gasoline_Vehicles,7,4508061706,445.49372070402563
Oahu,All_Gasoline_Vehicles,7,4508061708,399.3512613563496
Oahu,All_Gasoline_Vehicles,7,4508061710,645.6665912062666
Oahu,All_Gasoline_Vehicles,7,4508061712,547.7700649457068
Oahu,All_Gasoline_Vehicles,7,4508061714,331.8378754799618
Oahu,All_Gasoline_Vehicles,7,4508061716,365.4384345129813
Oahu,All_Gasoline_Vehicles,7,4508061718,485.5494542976843
Oahu,All_Gasoline_Vehicles,7,4508061720,464.6773317571719
Oahu,All_Gasoline_Vehicles,7,4508061722,126.54400380414258
Oahu,All_Gasoline_Vehicles,7,4508081800,0.0
Oahu,All_Gasoline_Vehicles,7,4508081802,57.52541230892604
Oahu,All_Gasoline_Vehicles,7,4508081804,279.9937813943779
Oahu,All_Gasoline_Vehicles,7,4508081806,445.49372070402563
Oahu,All_Gasoline_Vehicles,7,4508081808,399.3512613563496
Oahu,All_Gasoline_Vehicles,7,4508081810,645.6665912062666
Oahu,All_Gasoline_Vehicles,7,4508081812,547.7700649457068
Oahu,All_Gasoline_Vehicles,7,4508081814,331.8378754799618
Oahu,All_Gasoline_Vehicles,7,4508081816,365.4384345129813
Oahu,All_Gasoline_Vehicles,7,4508081818,485.5494542976843
Oahu,All_Gasoline_Vehicles,7,4508081820,464.6773317571719
Oahu,All_Gasoline_Vehicles,7,4508081822,126.54400380414258
Oahu,All_Gasoline_Vehicles,7,4508091000,0.0
Oahu,All_Gasoline_Vehicles,7,4508091002,57.52541230892604
Oahu,All_Gasoline_Vehicles,7,4508091004,279.9937813943779
Oahu,All_Gasoline_Vehicles,7,4508091006,445.49372070402563
Oahu,All_Gasoline_Vehicles,7,4508091008,399.3512613563496
Oahu,All_Gasoline_Vehicles,7,4508091010,645.6665912062666
Oahu,All_Gasoline_Vehicles,7,4508091012,547.7700649457068
Oahu,All_Gasoline_Vehicles,7,4508091014,331.8378754799618
Oahu,All_Gasoline_Vehicles,7,4508091016,365.4384345129813
Oahu,All_Gasoline_Vehicles,7,4508091018,485.5494542976843
Oahu,All_Gasoline_Vehicles,7,4508091020,464.6773317571719
Oahu,All_Gasoline_Vehicles,7,4508091022,126.54400380414258
Oahu,All_Gasoline_Vehicles,7,4508112200,0.0
Oahu,All_Gasoline_Vehicles,7,4508112202,57.52541230892604
Oahu,All_Gasoline_Vehicles,7,4508112204,279.9937813943779
Oahu,All_Gasoline_Vehicles,7,4508112206,445.49372070402563
Oahu,All_Gasoline_Vehicles,7,4508112208,399.3512613563496
Oahu,All_Gasoline_Vehicles,7,4508112210,645.6665912062666
Oahu,All_Gasoline_Vehicles,7,4508112212,547.7700649457068
Oahu,All_Gasoline_Vehicles,7,4508112214,331.8378754799618
Oahu,All_Gasoline_Vehicles,7,4508112216,365.4384345129813
Oahu,All_Gasoline_Vehicles,7,4508112218,485.5494542976843
Oahu,All_Gasoline_Vehicles,7,4508112220,464.6773317571719
Oahu,All_Gasoline_Vehicles,7,4508112222,126.54400380414258
Oahu,All_Gasoline_Vehicles,8,4507011200,136.7659680663854
Oahu,All_Gasoline_Vehicles,8,4507011202,0.0
Oahu,All_Gasoline_Vehicles,8,4507011204,45.555711750843265
Oahu,All_Gasoline_Vehicles,8,4507011206,151.04976143565082
Oahu,All_Gasoline_Vehicles,8,4507011208,229.40645880176754
Oahu,All_Gasoline_Vehicles,8,4507011210,248.44914223488652
Oahu,All_Gasoline_Vehicles,8,4507011212,511.9214513535762
Oahu,All_Gasoline_Vehicles,8,4507011214,606.1591788387523
Oahu,All_Gasoline_Vehicles,8,4507011216,476.979031587639
Oahu,All_Gasoline_Vehicles,8,4507011218,632.258043610646
Oahu,All_Gasoline_Vehicles,8,4507011220,659.3087132823648
Oahu,All_Gasoline_Vehicles,8,4507011222,451.9944708050825
Oahu,All_Gasoline_Vehicles,8,4507011900,136.7659680663854
Oahu,All_Gasoline_Vehicles,8,4507011902,0.0
Oahu,All_Gasoline_Vehicles,8,4507011904,45.555711750843265
Oahu,All_Gasoline_Vehicles,8,4507011906,151.04976143565082
Oahu,All_Gasoline_Vehicles,8,4507011908,229.40645880176754
Oahu,All_Gasoline_Vehicles,8,4507011910,248.44914223488652
Oahu,All_Gasoline_Vehicles,8,4507011912,511.9214513535762
Oahu,All_Gasoline_Vehicles,8,4507011914,606.1591788387523
Oahu,All_Gasoline_Vehicles,8,4507011916,476.979031587639
Oahu,All_Gasoline_Vehicles,8,4507011918,632.258043610646
Oahu,All_Gasoline_Vehicles,8,4507011920,659.3087132823648
Oahu,All_Gasoline_Vehicles,8,4507011922,451.9944708050825
Oahu,All_Gasoline_Vehicles,8,4507021200,136.7659680663854
Oahu,All_Gasoline_Vehicles,8,4507021202,0.0
Oahu,All_Gasoline_Vehicles,8,4507021204,45.555711750843265
Oahu,All_Gasoline_Vehicles,8,4507021206,151.04976143565082
Oahu,All_Gasoline_Vehicles,8,4507021208,229.40645880176754
Oahu,All_Gasoline_Vehicles,8,4507021210,248.44914223488652
Oahu,All_Gasoline_Vehicles,8,4507021212,511.9214513535762
Oahu,All_Gasoline_Vehicles,8,4507021214,606.1591788387523
Oahu,All_Gasoline_Vehicles,8,4507021216,476.979031587639
Oahu,All_Gasoline_Vehicles,8,4507021218,632.258043610646
Oahu,All_Gasoline_Vehicles,8,4507021220,659.3087132823648
Oahu,All_Gasoline_Vehicles,8,4507021222,451.9944708050825
Oahu,All_Gasoline_Vehicles,8,4507050200,136.7659680663854
Oahu,All_Gasoline_Vehicles,8,4507050202,0.0
Oahu,All_Gasoline_Vehicles,8,4507050204,45.555711750843265
Oahu,All_Gasoline_Vehicles,8,4507050206,151.04976143565082
Oahu,All_Gasoline_Vehicles,8,4507050208,229.40645880176754
Oahu,All_Gasoline_Vehicles,8,4507050210,248.44914223488652
Oahu,All_Gasoline_Vehicles,8,4507050212,511.9214513535762
Oahu,All_Gasoline_Vehicles,8,4507050214,606.1591788387523
Oahu,All_Gasoline_Vehicles,8,4507050216,476.979031587639
Oahu,All_Gasoline_Vehicles,8,4507050218,632.258043610646
Oahu,All_Gasoline_Vehicles,8,4507050220,659.3087132823648
Oahu,All_Gasoline_Vehicles,8,4507050222,451.9944708050825
Oahu,All_Gasoline_Vehicles,8,4507092200,136.7659680663854
Oahu,All_Gasoline_Vehicles,8,4507092202,0.0
Oahu,All_Gasoline_Vehicles,8,4507092204,45.555711750843265
Oahu,All_Gasoline_Vehicles,8,4507092206,151.04976143565082
Oahu,All_Gasoline_Vehicles,8,4507092208,229.40645880176754
Oahu,All_Gasoline_Vehicles,8,4507092210,248.44914223488652
Oahu,All_Gasoline_Vehicles,8,4507092212,511.9214513535762
Oahu,All_Gasoline_Vehicles,8,4507092214,606.1591788387523
Oahu,All_Gasoline_Vehicles,8,4507092216,476.979031587639
Oahu,All_Gasoline_Vehicles,8,4507092218,632.258043610646
Oahu,All_Gasoline_Vehicles,8,4507092220,659.3087132823648
Oahu,All_Gasoline_Vehicles,8,4507092222,451.9944708050825
Oahu,All_Gasoline_Vehicles,8,4507102700,136.7659680663854
Oahu,All_Gasoline_Vehicles,8,4507102702,0.0
Oahu,All_Gasoline_Vehicles,8,4507102704,45.555711750843265
Oahu,All_Gasoline_Vehicles,8,4507102706,151.04976143565082
Oahu,All_Gasoline_Vehicles,8,4507102708,229.40645880176754
Oahu,All_Gasoline_Vehicles,8,4507102710,248.44914223488652
Oahu,All_Gasoline_Vehicles,8,4507102712,511.9214513535762
Oahu,All_Gasoline_Vehicles,8,4507102714,606.1591788387523
Oahu,All_Gasoline_Vehicles,8,4507102716,476.979031587639
Oahu,All_Gasoline_Vehicles,8,4507102718,632.258043610646
Oahu,All_Gasoline_Vehicles,8,4507102720,659.3087132823648
Oahu,All_Gasoline_Vehicles,8,4507102722,451.9944708050825
Oahu,All_Gasoline_Vehicles,8,4507121500,136.7659680663854
Oahu,All_Gasoline_Vehicles,8,4507121502,0.0
Oahu,All_Gasoline_Vehicles,8,4507121504,45.555711750843265
Oahu,All_Gasoline_Vehicles,8,4507121506,151.04976143565082
Oahu,All_Gasoline_Vehicles,8,4507121508,229.40645880176754
Oahu,All_Gasoline_Vehicles,8,4507121510,248.44914223488652
Oahu,All_Gasoline_Vehicles,8,4507121512,511.9214513535762
Oahu,All_Gasoline_Vehicles,8,4507121514,606.1591788387523
Oahu,All_Gasoline_Vehicles,8,4507121516,476.979031587639
Oahu,All_Gasoline_Vehicles,8,4507121518,632.258043610646
Oahu,All_Gasoline_Vehicles,8,4507121520,659.3087132823648
Oahu,All_Gasoline_Vehicles,8,4507121522,451.9944708050825
Oahu,All_Gasoline_Vehicles,8,4508022000,136.7659680663854
Oahu,All_Gasoline_Vehicles,8,4508022002,0.0
Oahu,All_Gasoline_Vehicles,8,4508022004,45.555711750843265
Oahu,All_Gasoline_Vehicles,8,4508022006,151.04976143565082
Oahu,All_Gasoline_Vehicles,8,4508022008,229.40645880176754
Oahu,All_Gasoline_Vehicles,8,4508022010,248.44914223488652
Oahu,All_Gasoline_Vehicles,8,4508022012,511.9214513535762
Oahu,All_Gasoline_Vehicles,8,4508022014,606.1591788387523
Oahu,All_Gasoline_Vehicles,8,4508022016,476.979031587639
Oahu,All_Gasoline_Vehicles,8,4508022018,632.258043610646
Oahu,All_Gasoline_Vehicles,8,4508022020,659.3087132823648
Oahu,All_Gasoline_Vehicles,8,4508022022,451.9944708050825
Oahu,All_Gasoline_Vehicles,8,4508041000,136.7659680663854
Oahu,All_Gasoline_Vehicles,8,4508041002,0.0
Oahu,All_Gasoline_Vehicles,8,4508041004,45.555711750843265
Oahu,All_Gasoline_Vehicles,8,4508041006,151.04976143565082
Oahu,All_Gasoline_Vehicles,8,4508041008,229.40645880176754
Oahu,All_Gasoline_Vehicles,8,4508041010,248.44914223488652
Oahu,All_Gasoline_Vehicles,8,4508041012,511.9214513535762
Oahu,All_Gasoline_Vehicles,8,4508041014,606.1591788387523
Oahu,All_Gasoline_Vehicles,8,4508041016,476.979031587639
Oahu,All_Gasoline_Vehicles,8,4508041018,632.258043610646
Oahu,All_Gasoline_Vehicles,8,4508041020,659.3087132823648
Oahu,All_Gasoline_Vehicles,8,4508041022,451.9944708050825
Oahu,All_Gasoline_Vehicles,8,4508061700,136.7659680663854
Oahu,All_Gasoline_Vehicles,8,4508061702,0.0
Oahu,All_Gasoline_Vehicles,8,4508061704,45.555711750843265
Oahu,All_Gasoline_Vehicles,8,4508061706,151.04976143565082
Oahu,All_Gasoline_Vehicles,8,4508061708,229.40645880176754
Oahu,All_Gasoline_Vehicles,8,4508061710,248.44914223488652
Oahu,All_Gasoline_Vehicles,8,4508061712,511.9214513535762
Oahu,All_Gasoline_Vehicles,8,4508061714,606.1591788387523
Oahu,All_Gasoline_Vehicles,8,4508061716,476.979031587639
Oahu,All_Gasoline_Vehicles,8,4508061718,632.258043610646
Oahu,All_Gasoline_Vehicles,8,4508061720,659.3087132823648
Oahu,All_Gasoline_Vehicles,8,4508061722,451.9944708050825
Oahu,All_Gasoline_Vehicles,8,4508081800,136.7659680663854
Oahu,All_Gasoline_Vehicles,8,4508081802,0.0
Oahu,All_Gasoline_Vehicles,8,4508081804,45.555711750843265
Oahu,All_Gasoline_Vehicles,8,4508081806,151.04976143565082
Oahu,All_Gasoline_Vehicles,8,4508081808,229.40645880176754
Oahu,All_Gasoline_Vehicles,8,4508081810,248.44914223488652
Oahu,All_Gasoline_Vehicles,8,4508081812,511.9214513535762
Oahu,All_Gasoline_Vehicles,8,4508081814,606.1591788387523
Oahu,All_Gasoline_Vehicles,8,4508081816,476.979031587639
Oahu,All_Gasoline_Vehicles,8,4508081818,632.258043610646
Oahu,All_Gasoline_Vehicles,8,4508081820,659.3087132823648
Oahu,All_Gasoline_Vehicles,8,4508081822,451.9944708050825
Oahu,All_Gasoline_Vehicles,8,4508091000,136.7659680663854
Oahu,All_Gasoline_Vehicles,8,4508091002,0.0
Oahu,All_Gasoline_Vehicles,8,4508091004,45.555711750843265
Oahu,All_Gasoline_Vehicles,8,4508091006,151.04976143565082
Oahu,All_Gasoline_Vehicles,8,4508091008,229.40645880176754
Oahu,All_Gasoline_Vehicles,8,4508091010,248.44914223488652
Oahu,All_Gasoline_Vehicles,8,4508091012,511.9214513535762
Oahu,All_Gasoline_Vehicles,8,4508091014,606.1591788387523
Oahu,All_Gasoline_Vehicles,8,4508091016,476.979031587639
Oahu,All_Gasoline_Vehicles,8,4508091018,632.258043610646
Oahu,All_Gasoline_Vehicles,8,4508091020,659.3087132823648
Oahu,All_Gasoline_Vehicles,8,4508091022,451.9944708050825
Oahu,All_Gasoline_Vehicles,8,4508112200,136.7659680663854
Oahu,All_Gasoline_Vehicles,8,4508112202,0.0
Oahu,All_Gasoline_Vehicles,8,4508112204,45.555711750843265
Oahu,All_Gasoline_Vehicles,8,4508112206,151.04976143565082
Oahu,All_Gasoline_Vehicles,8,4508112208,229.40645880176754
Oahu,All_Gasoline_Vehicles,8,4508112210,248.44914223488652
Oahu,All_Gasoline_Vehicles,8,4508112212,511.9214513535762
Oahu,All_Gasoline_Vehicles,8,4508112214,606.1591788387523
Oahu,All_Gasoline_Vehicles,8,4508112216,476.979031587639
Oahu,All_Gasoline_Vehicles,8,4508112218,632.258043610646
Oahu,All_Gasoline_Vehicles,8,4508112220,659.3087132823648
Oahu,All_Gasoline_Vehicles,8,4508112222,451.9944708050825
Oahu,All_Gasoline_Vehicles,9,4507011200,277.10826260462096
Oahu,All_Gasoline_Vehicles,9,4507011202,78.80966144705926
Oahu,All_Gasoline_Vehicles,9,4507011204,0.0
Oahu,All_Gasoline_Vehicles,9,4507011206,30.39119761899981
Oahu,All_Gasoline_Vehicles,9,4507011208,106.25717935744977
Oahu,All_Gasoline_Vehicles,9,4507011210,157.62965035368774
Oahu,All_Gasoline_Vehicles,9,4507011212,225.74297570573026
Oahu,All_Gasoline_Vehicles,9,4507011214,570.2358267094495
Oahu,All_Gasoline_Vehicles,9,4507011216,693.6301271830469
Oahu,All_Gasoline_Vehicles,9,4507011218,710.7677316823455
Oahu,All_Gasoline_Vehicles,9,4507011220,757.797166679878
Oahu,All_Gasoline_Vehicles,9,4507011222,541.4781524253269
Oahu,All_Gasoline_Vehicles,9,4507011900,277.10826260462096
Oahu,All_Gasoline_Vehicles,9,4507011902,78.80966144705926
Oahu,All_Gasoline_Vehicles,9,4507011904,0.0
Oahu,All_Gasoline_Vehicles,9,4507011906,30.39119761899981
Oahu,All_Gasoline_Vehicles,9,4507011908,106.25717935744977
Oahu,All_Gasoline_Vehicles,9,4507011910,157.62965035368774
Oahu,All_Gasoline_Vehicles,9,4507011912,225.74297570573026
Oahu,All_Gasoline_Vehicles,9,4507011914,570.2358267094495
Oahu,All_Gasoline_Vehicles,9,4507011916,693.6301271830469
Oahu,All_Gasoline_Vehicles,9,4507011918,710.7677316823455
Oahu,All_Gasoline_Vehicles,9,4507011920,757.797166679878
Oahu,All_Gasoline_Vehicles,9,4507011922,541.4781524253269
Oahu,All_Gasoline_Vehicles,9,4507021200,277.10826260462096
Oahu,All_Gasoline_Vehicles,9,4507021202,78.80966144705926
Oahu,All_Gasoline_Vehicles,9,4507021204,0.0
Oahu,All_Gasoline_Vehicles,9,4507021206,30.39119761899981
Oahu,All_Gasoline_Vehicles,9,4507021208,106.25717935744977
Oahu,All_Gasoline_Vehicles,9,4507021210,157.62965035368774
Oahu,All_Gasoline_Vehicles,9,4507021212,225.74297570573026
Oahu,All_Gasoline_Vehicles,9,4507021214,570.2358267094495
Oahu,All_Gasoline_Vehicles,9,4507021216,693.6301271830469
Oahu,All_Gasoline_Vehicles,9,4507021218,710.7677316823455
Oahu,All_Gasoline_Vehicles,9,4507021220,757.797166679878
Oahu,All_Gasoline_Vehicles,9,4507021222,541.4781524253269
Oahu,All_Gasoline_Vehicles,9,4507050200,277.10826260462096
Oahu,All_Gasoline_Vehicles,9,4507050202,78.80966144705926
Oahu,All_Gasoline_Vehicles,9,4507050204,0.0
Oahu,All_Gasoline_Vehicles,9,4507050206,30.39119761899981
Oahu,All_Gasoline_Vehicles,9,4507050208,106.25717935744977
Oahu,All_Gasoline_Vehicles,9,4507050210,157.62965035368774
Oahu,All_Gasoline_Vehicles,9,4507050212,225.74297570573026
Oahu,All_Gasoline_Vehicles,9,4507050214,570.2358267094495
Oahu,All_Gasoline_Vehicles,9,4507050216,693.6301271830469
Oahu,All_Gasoline_Vehicles,9,4507050218,710.7677316823455
Oahu,All_Gasoline_Vehicles,9,4507050220,757.797166679878
Oahu,All_Gasoline_Vehicles,9,4507050222,541.4781524253269
Oahu,All_Gasoline_Vehicles,9,4507092200,277.10826260462096
Oahu,All_Gasoline_Vehicles,9,4507092202,78.80966144705926
Oahu,All_Gasoline_Vehicles,9,4507092204,0.0
Oahu,All_Gasoline_Vehicles,9,4507092206,30.39119761899981
Oahu,All_Gasoline_Vehicles,9,4507092208,106.25717935744977
Oahu,All_Gasoline_Vehicles,9,4507092210,157.62965035368774
Oahu,All_Gasoline_Vehicles,9,4507092212,225.74297570573026
Oahu,All_Gasoline_Vehicles,9,4507092214,570.2358267094495
Oahu,All_Gasoline_Vehicles,9,4507092216,693.6301271830469
Oahu,All_Gasoline_Vehicles,9,4507092218,710.7677316823455
Oahu,All_Gasoline_Vehicles,9,4507092220,757.797166679878
Oahu,All_Gasoline_Vehicles,9,4507092222,541.4781524253269
Oahu,All_Gasoline_Vehicles,9,4507102700,277.10826260462096
Oahu,All_Gasoline_Vehicles,9,4507102702,78.80966144705926
Oahu,All_Gasoline_Vehicles,9,4507102704,0.0
Oahu,All_Gasoline_Vehicles,9,4507102706,30.39119761899981
Oahu,All_Gasoline_Vehicles,9,4507102708,106.25717935744977
Oahu,All_Gasoline_Vehicles,9,4507102710,157.62965035368774
Oahu,All_Gasoline_Vehicles,9,4507102712,225.74297570573026
Oahu,All_Gasoline_Vehicles,9,4507102714,570.2358267094495
Oahu,All_Gasoline_Vehicles,9,4507102716,693.6301271830469
Oahu,All_Gasoline_Vehicles,9,4507102718,710.7677316823455
Oahu,All_Gasoline_Vehicles,9,4507102720,757.797166679878
Oahu,All_Gasoline_Vehicles,9,4507102722,541.4781524253269
Oahu,All_Gasoline_Vehicles,9,4507121500,277.10826260462096
Oahu,All_Gasoline_Vehicles,9,4507121502,78.80966144705926
Oahu,All_Gasoline_Vehicles,9,4507121504,0.0
Oahu,All_Gasoline_Vehicles,9,4507121506,30.39119761899981
Oahu,All_Gasoline_Vehicles,9,4507121508,106.25717935744977
Oahu,All_Gasoline_Vehicles,9,4507121510,157.62965035368774
Oahu,All_Gasoline_Vehicles,9,4507121512,225.74297570573026
Oahu,All_Gasoline_Vehicles,9,4507121514,570.2358267094495
Oahu,All_Gasoline_Vehicles,9,4507121516,693.6301271830469
Oahu,All_Gasoline_Vehicles,9,4507121518,710.7677316823455
Oahu,All_Gasoline_Vehicles,9,4507121520,757.797166679878
Oahu,All_Gasoline_Vehicles,9,4507121522,541.4781524253269
Oahu,All_Gasoline_Vehicles,9,4508022000,277.10826260462096
Oahu,All_Gasoline_Vehicles,9,4508022002,78.80966144705926
Oahu,All_Gasoline_Vehicles,9,4508022004,0.0
Oahu,All_Gasoline_Vehicles,9,4508022006,30.39119761899981
Oahu,All_Gasoline_Vehicles,9,4508022008,106.25717935744977
Oahu,All_Gasoline_Vehicles,9,4508022010,157.62965035368774
Oahu,All_Gasoline_Vehicles,9,4508022012,225.74297570573026
Oahu,All_Gasoline_Vehicles,9,4508022014,570.2358267094495
Oahu,All_Gasoline_Vehicles,9,4508022016,693.6301271830469
Oahu,All_Gasoline_Vehicles,9,4508022018,710.7677316823455
Oahu,All_Gasoline_Vehicles,9,4508022020,757.797166679878
Oahu,All_Gasoline_Vehicles,9,4508022022,541.4781524253269
Oahu,All_Gasoline_Vehicles,9,4508041000,277.10826260462096
Oahu,All_Gasoline_Vehicles,9,4508041002,78.80966144705926
Oahu,All_Gasoline_Vehicles,9,4508041004,0.0
Oahu,All_Gasoline_Vehicles,9,4508041006,30.39119761899981
Oahu,All_Gasoline_Vehicles,9,4508041008,106.25717935744977
Oahu,All_Gasoline_Vehicles,9,4508041010,157.62965035368774
Oahu,All_Gasoline_Vehicles,9,4508041012,225.74297570573026
Oahu,All_Gasoline_Vehicles,9,4508041014,570.2358267094495
Oahu,All_Gasoline_Vehicles,9,4508041016,693.6301271830469
Oahu,All_Gasoline_Vehicles,9,4508041018,710.7677316823455
Oahu,All_Gasoline_Vehicles,9,4508041020,757.797166679878
Oahu,All_Gasoline_Vehicles,9,4508041022,541.4781524253269
Oahu,All_Gasoline_Vehicles,9,4508061700,277.10826260462096
Oahu,All_Gasoline_Vehicles,9,4508061702,78.80966144705926
Oahu,All_Gasoline_Vehicles,9,4508061704,0.0
Oahu,All_Gasoline_Vehicles,9,4508061706,30.39119761899981
Oahu,All_Gasoline_Vehicles,9,4508061708,106.25717935744977
Oahu,All_Gasoline_Vehicles,9,4508061710,157.62965035368774
Oahu,All_Gasoline_Vehicles,9,4508061712,225.74297570573026
Oahu,All_Gasoline_Vehicles,9,4508061714,570.2358267094495
Oahu,All_Gasoline_Vehicles,9,4508061716,693.6301271830469
Oahu,All_Gasoline_Vehicles,9,4508061718,710.7677316823455
Oahu,All_Gasoline_Vehicles,9,4508061720,757.797166679878
Oahu,All_Gasoline_Vehicles,9,4508061722,541.4781524253269
Oahu,All_Gasoline_Vehicles,9,4508081800,277.10826260462096
Oahu,All_Gasoline_Vehicles,9,4508081802,78.80966144705926
Oahu,All_Gasoline_Vehicles,9,4508081804,0.0
Oahu,All_Gasoline_Vehicles,9,4508081806,30.39119761899981
Oahu,All_Gasoline_Vehicles,9,4508081808,106.25717935744977
Oahu,All_Gasoline_Vehicles,9,4508081810,157.62965035368774
Oahu,All_Gasoline_Vehicles,9,4508081812,225.74297570573026
Oahu,All_Gasoline_Vehicles,9,4508081814,570.2358267094495
Oahu,All_Gasoline_Vehicles,9,4508081816,693.6301271830469
Oahu,All_Gasoline_Vehicles,9,4508081818,710.7677316823455
Oahu,All_Gasoline_Vehicles,9,4508081820,757.797166679878
Oahu,All_Gasoline_Vehicles,9,4508081822,541.4781524253269
Oahu,All_Gasoline_Vehicles,9,4508091000,277.10826260462096
Oahu,All_Gasoline_Vehicles,9,4508091002,78.80966144705926
Oahu,All_Gasoline_Vehicles,9,4508091004,0.0
Oahu,All_Gasoline_Vehicles,9,4508091006,30.39119761899981
Oahu,All_Gasoline_Vehicles,9,4508091008,106.25717935744977
Oahu,All_Gasoline_Vehicles,9,4508091010,157.62965035368774
Oahu,All_Gasoline_Vehicles,9,4508091012,225.74297570573026
Oahu,All_Gasoline_Vehicles,9,4508091014,570.2358267094495
Oahu,All_Gasoline_Vehicles,9,4508091016,693.6301271830469
Oahu,All_Gasoline_Vehicles,9,4508091018,710.7677316823455
Oahu,All_Gasoline_Vehicles,9,4508091020,757.797166679878
Oahu,All_Gasoline_Vehicles,9,4508091022,541.4781524253269
Oahu,All_Gasoline_Vehicles,9,4508112200,277.10826260462096
Oahu,All_Gasoline_Vehicles,9,4508112202,78.80966144705926
Oahu,All_Gasoline_Vehicles,9,4508112204,0.0
Oahu,All_Gasoline_Vehicles,9,4508112206,30.39119761899981
Oahu,All_Gasoline_Vehicles,9,4508112208,106.25717935744977
Oahu,All_Gasoline_Vehicles,9,4508112210,157.62965035368774
Oahu,All_Gasoline_Vehicles,9,4508112212,225.74297570573026
Oahu,All_Gasoline_Vehicles,9,4508112214,570.2358267094495
Oahu,All_Gasoline_Vehicles,9,4508112216,693.6301271830469
Oahu,All_Gasoline_Vehicles,9,4508112218,710.7677316823455
Oahu,All_Gasoline_Vehicles,9,4508112220,757.797166679878
Oahu,All_Gasoline_Vehicles,9,4508112222,541.4781524253269
Oahu,All_Gasoline_Vehicles,10,4507011200,303.3876197643807
Oahu,All_Gasoline_Vehicles,10,4507011202,119.77344427416605
Oahu,All_Gasoline_Vehicles,10,4507011204,58.52304801448134
Oahu,All_Gasoline_Vehicles,10,4507011206,0.0
Oahu,All_Gasoline_Vehicles,10,4507011208,50.49038797870759
Oahu,All_Gasoline_Vehicles,10,4507011210,127.21751582399702
Oahu,All_Gasoline_Vehicles,10,4507011212,203.1036573876474
Oahu,All_Gasoline_Vehicles,10,4507011214,277.79648197174123
Oahu,All_Gasoline_Vehicles,10,4507011216,635.4300962793312
Oahu,All_Gasoline_Vehicles,10,4507011218,967.8552128625175
Oahu,All_Gasoline_Vehicles,10,4507011220,825.1074584950359
Oahu,All_Gasoline_Vehicles,10,4507011222,581.1630089155885
Oahu,All_Gasoline_Vehicles,10,4507011900,303.3876197643807
Oahu,All_Gasoline_Vehicles,10,4507011902,119.77344427416605
Oahu,All_Gasoline_Vehicles,10,4507011904,58.52304801448134
Oahu,All_Gasoline_Vehicles,10,4507011906,0.0
Oahu,All_Gasoline_Vehicles,10,4507011908,50.49038797870759
Oahu,All_Gasoline_Vehicles,10,4507011910,127.21751582399702
Oahu,All_Gasoline_Vehicles,10,4507011912,203.1036573876474
Oahu,All_Gasoline_Vehicles,10,4507011914,277.79648197174123
Oahu,All_Gasoline_Vehicles,10,4507011916,635.4300962793312
Oahu,All_Gasoline_Vehicles,10,4507011918,967.8552128625175
Oahu,All_Gasoline_Vehicles,10,4507011920,825.1074584950359
Oahu,All_Gasoline_Vehicles,10,4507011922,581.1630089155885
Oahu,All_Gasoline_Vehicles,10,4507021200,303.3876197643807
Oahu,All_Gasoline_Vehicles,10,4507021202,119.77344427416605
Oahu,All_Gasoline_Vehicles,10,4507021204,58.52304801448134
Oahu,All_Gasoline_Vehicles,10,4507021206,0.0
Oahu,All_Gasoline_Vehicles,10,4507021208,50.49038797870759
Oahu,All_Gasoline_Vehicles,10,4507021210,127.21751582399702
Oahu,All_Gasoline_Vehicles,10,4507021212,203.1036573876474
Oahu,All_Gasoline_Vehicles,10,4507021214,277.79648197174123
Oahu,All_Gasoline_Vehicles,10,4507021216,635.4300962793312
Oahu,All_Gasoline_Vehicles,10,4507021218,967.8552128625175
Oahu,All_Gasoline_Vehicles,10,4507021220,825.1074584950359
Oahu,All_Gasoline_Vehicles,10,4507021222,581.1630089155885
Oahu,All_Gasoline_Vehicles,10,4507050200,303.3876197643807
Oahu,All_Gasoline_Vehicles,10,4507050202,119.77344427416605
Oahu,All_Gasoline_Vehicles,10,4507050204,58.52304801448134
Oahu,All_Gasoline_Vehicles,10,4507050206,0.0
Oahu,All_Gasoline_Vehicles,10,4507050208,50.49038797870759
Oahu,All_Gasoline_Vehicles,10,4507050210,127.21751582399702
Oahu,All_Gasoline_Vehicles,10,4507050212,203.1036573876474
Oahu,All_Gasoline_Vehicles,10,4507050214,277.79648197174123
Oahu,All_Gasoline_Vehicles,10,4507050216,635.4300962793312
Oahu,All_Gasoline_Vehicles,10,4507050218,967.8552128625175
Oahu,All_Gasoline_Vehicles,10,4507050220,825.1074584950359
Oahu,All_Gasoline_Vehicles,10,4507050222,581.1630089155885
Oahu,All_Gasoline_Vehicles,10,4507092200,303.3876197643807
Oahu,All_Gasoline_Vehicles,10,4507092202,119.77344427416605
Oahu,All_Gasoline_Vehicles,10,4507092204,58.52304801448134
Oahu,All_Gasoline_Vehicles,10,4507092206,0.0
Oahu,All_Gasoline_Vehicles,10,4507092208,50.49038797870759
Oahu,All_Gasoline_Vehicles,10,4507092210,127.21751582399702
Oahu,All_Gasoline_Vehicles,10,4507092212,203.1036573876474
Oahu,All_Gasoline_Vehicles,10,4507092214,277.79648197174123
Oahu,All_Gasoline_Vehicles,10,4507092216,635.4300962793312
Oahu,All_Gasoline_Vehicles,10,4507092218,967.8552128625175
Oahu,All_Gasoline_Vehicles,10,4507092220,825.1074584950359
Oahu,All_Gasoline_Vehicles,10,4507092222,581.1630089155885
Oahu,All_Gasoline_Vehicles,10,4507102700,303.3876197643807
Oahu,All_Gasoline_Vehicles,10,4507102702,119.77344427416605
Oahu,All_Gasoline_Vehicles,10,4507102704,58.52304801448134
Oahu,All_Gasoline_Vehicles,10,4507102706,0.0
Oahu,All_Gasoline_Vehicles,10,4507102708,50.49038797870759
Oahu,All_Gasoline_Vehicles,10,4507102710,127.21751582399702
Oahu,All_Gasoline_Vehicles,10,4507102712,203.1036573876474
Oahu,All_Gasoline_Vehicles,10,4507102714,277.79648197174123
Oahu,All_Gasoline_Vehicles,10,4507102716,635.4300962793312
Oahu,All_Gasoline_Vehicles,10,4507102718,967.8552128625175
Oahu,All_Gasoline_Vehicles,10,4507102720,825.1074584950359
Oahu,All_Gasoline_Vehicles,10,4507102722,581.1630089155885
Oahu,All_Gasoline_Vehicles,10,4507121500,303.3876197643807
Oahu,All_Gasoline_Vehicles,10,4507121502,119.77344427416605
Oahu,All_Gasoline_Vehicles,10,4507121504,58.52304801448134
Oahu,All_Gasoline_Vehicles,10,4507121506,0.0
Oahu,All_Gasoline_Vehicles,10,4507121508,50.49038797870759
Oahu,All_Gasoline_Vehicles,10,4507121510,127.21751582399702
Oahu,All_Gasoline_Vehicles,10,4507121512,203.1036573876474
Oahu,All_Gasoline_Vehicles,10,4507121514,277.79648197174123
Oahu,All_Gasoline_Vehicles,10,4507121516,635.4300962793312
Oahu,All_Gasoline_Vehicles,10,4507121518,967.8552128625175
Oahu,All_Gasoline_Vehicles,10,4507121520,825.1074584950359
Oahu,All_Gasoline_Vehicles,10,4507121522,581.1630089155885
Oahu,All_Gasoline_Vehicles,10,4508022000,303.3876197643807
Oahu,All_Gasoline_Vehicles,10,4508022002,119.77344427416605
Oahu,All_Gasoline_Vehicles,10,4508022004,58.52304801448134
Oahu,All_Gasoline_Vehicles,10,4508022006,0.0
Oahu,All_Gasoline_Vehicles,10,4508022008,50.49038797870759
Oahu,All_Gasoline_Vehicles,10,4508022010,127.21751582399702
Oahu,All_Gasoline_Vehicles,10,4508022012,203.1036573876474
Oahu,All_Gasoline_Vehicles,10,4508022014,277.79648197174123
Oahu,All_Gasoline_Vehicles,10,4508022016,635.4300962793312
Oahu,All_Gasoline_Vehicles,10,4508022018,967.8552128625175
Oahu,All_Gasoline_Vehicles,10,4508022020,825.1074584950359
Oahu,All_Gasoline_Vehicles,10,4508022022,581.1630089155885
Oahu,All_Gasoline_Vehicles,10,4508041000,303.3876197643807
Oahu,All_Gasoline_Vehicles,10,4508041002,119.77344427416605
Oahu,All_Gasoline_Vehicles,10,4508041004,58.52304801448134
Oahu,All_Gasoline_Vehicles,10,4508041006,0.0
Oahu,All_Gasoline_Vehicles,10,4508041008,50.49038797870759
Oahu,All_Gasoline_Vehicles,10,4508041010,127.21751582399702
Oahu,All_Gasoline_Vehicles,10,4508041012,203.1036573876474
Oahu,All_Gasoline_Vehicles,10,4508041014,277.79648197174123
Oahu,All_Gasoline_Vehicles,10,4508041016,635.4300962793312
Oahu,All_Gasoline_Vehicles,10,4508041018,967.8552128625175
Oahu,All_Gasoline_Vehicles,10,4508041020,825.1074584950359
Oahu,All_Gasoline_Vehicles,10,4508041022,581.1630089155885
Oahu,All_Gasoline_Vehicles,10,4508061700,303.3876197643807
Oahu,All_Gasoline_Vehicles,10,4508061702,119.77344427416605
Oahu,All_Gasoline_Vehicles,10,4508061704,58.52304801448134
Oahu,All_Gasoline_Vehicles,10,4508061706,0.0
Oahu,All_Gasoline_Vehicles,10,4508061708,50.49038797870759
Oahu,All_Gasoline_Vehicles,10,4508061710,127.21751582399702
Oahu,All_Gasoline_Vehicles,10,4508061712,203.1036573876474
Oahu,All_Gasoline_Vehicles,10,4508061714,277.79648197174123
Oahu,All_Gasoline_Vehicles,10,4508061716,635.4300962793312
Oahu,All_Gasoline_Vehicles,10,4508061718,967.8552128625175
Oahu,All_Gasoline_Vehicles,10,4508061720,825.1074584950359
Oahu,All_Gasoline_Vehicles,10,4508061722,581.1630089155885
Oahu,All_Gasoline_Vehicles,10,4508081800,303.3876197643807
Oahu,All_Gasoline_Vehicles,10,4508081802,119.77344427416605
Oahu,All_Gasoline_Vehicles,10,4508081804,58.52304801448134
Oahu,All_Gasoline_Vehicles,10,4508081806,0.0
Oahu,All_Gasoline_Vehicles,10,4508081808,50.49038797870759
Oahu,All_Gasoline_Vehicles,10,4508081810,127.21751582399702
Oahu,All_Gasoline_Vehicles,10,4508081812,203.1036573876474
Oahu,All_Gasoline_Vehicles,10,4508081814,277.79648197174123
Oahu,All_Gasoline_Vehicles,10,4508081816,635.4300962793312
Oahu,All_Gasoline_Vehicles,10,4508081818,967.8552128625175
Oahu,All_Gasoline_Vehicles,10,4508081820,825.1074584950359
Oahu,All_Gasoline_Vehicles,10,4508081822,581.1630089155885
Oahu,All_Gasoline_Vehicles,10,4508091000,303.3876197643807
Oahu,All_Gasoline_Vehicles,10,4508091002,119.77344427416605
Oahu,All_Gasoline_Vehicles,10,4508091004,58.52304801448134
Oahu,All_Gasoline_Vehicles,10,4508091006,0.0
Oahu,All_Gasoline_Vehicles,10,4508091008,50.49038797870759
Oahu,All_Gasoline_Vehicles,10,4508091010,127.21751582399702
Oahu,All_Gasoline_Vehicles,10,4508091012,203.1036573876474
Oahu,All_Gasoline_Vehicles,10,4508091014,277.79648197174123
Oahu,All_Gasoline_Vehicles,10,4508091016,635.4300962793312
Oahu,All_Gasoline_Vehicles,10,4508091018,967.8552128625175
Oahu,All_Gasoline_Vehicles,10,4508091020,825.1074584950359
Oahu,All_Gasoline_Vehicles,10,4508091022,581.1630089155885
Oahu,All_Gasoline_Vehicles,10,4508112200,303.3876197643807
Oahu,All_Gasoline_Vehicles,10,4508112202,119.77344427416605
Oahu,All_Gasoline_Vehicles,10,4508112204,58.52304801448134
Oahu,All_Gasoline_Vehicles,10,4508112206,0.0
Oahu,All_Gasoline_Vehicles,10,4508112208,50.49038797870759
Oahu,All_Gasoline_Vehicles,10,4508112210,127.21751582399702
Oahu,All_Gasoline_Vehicles,10,4508112212,203.1036573876474
Oahu,All_Gasoline_Vehicles,10,4508112214,277.79648197174123
Oahu,All_Gasoline_Vehicles,10,4508112216,635.4300962793312
Oahu,All_Gasoline_Vehicles,10,4508112218,967.8552128625175
Oahu,All_Gasoline_Vehicles,10,4508112220,825.1074584950359
Oahu,All_Gasoline_Vehicles,10,4508112222,581.1630089155885
Oahu,All_Gasoline_Vehicles,11,4507011200,311.2046903424966
Oahu,All_Gasoline_Vehicles,11,4507011202,123.00440265025566
Oahu,All_Gasoline_Vehicles,11,4507011204,61.522789482922875
Oahu,All_Gasoline_Vehicles,11,4507011206,85.05853587655568
Oahu,All_Gasoline_Vehicles,11,4507011208,12.493916010187178
Oahu,All_Gasoline_Vehicles,11,4507011210,78.27145283116427
Oahu,All_Gasoline_Vehicles,11,4507011212,199.6460951614501
Oahu,All_Gasoline_Vehicles,11,4507011214,254.0975951155583
Oahu,All_Gasoline_Vehicles,11,4507011216,201.38137031548945
Oahu,All_Gasoline_Vehicles,11,4507011218,824.7111826848983
Oahu,All_Gasoline_Vehicles,11,4507011220,1297.380028530606
Oahu,All_Gasoline_Vehicles,11,4507011222,701.0758727660102
Oahu,All_Gasoline_Vehicles,11,4507011900,311.2046903424966
Oahu,All_Gasoline_Vehicles,11,4507011902,123.00440265025566
Oahu,All_Gasoline_Vehicles,11,4507011904,61.522789482922875
Oahu,All_Gasoline_Vehicles,11,4507011906,85.05853587655568
Oahu,All_Gasoline_Vehicles,11,4507011908,12.493916010187178
Oahu,All_Gasoline_Vehicles,11,4507011910,78.27145283116427
Oahu,All_Gasoline_Vehicles,11,4507011912,199.6460951614501
Oahu,All_Gasoline_Vehicles,11,4507011914,254.0975951155583
Oahu,All_Gasoline_Vehicles,11,4507011916,201.38137031548945
Oahu,All_Gasoline_Vehicles,11,4507011918,824.7111826848983
Oahu,All_Gasoline_Vehicles,11,4507011920,1297.380028530606
Oahu,All_Gasoline_Vehicles,11,4507011922,701.0758727660102
Oahu,All_Gasoline_Vehicles,11,4507021200,311.2046903424966
Oahu,All_Gasoline_Vehicles,11,4507021202,123.00440265025566
Oahu,All_Gasoline_Vehicles,11,4507021204,61.522789482922875
Oahu,All_Gasoline_Vehicles,11,4507021206,85.05853587655568
Oahu,All_Gasoline_Vehicles,11,4507021208,12.493916010187178
Oahu,All_Gasoline_Vehicles,11,4507021210,78.27145283116427
Oahu,All_Gasoline_Vehicles,11,4507021212,199.6460951614501
Oahu,All_Gasoline_Vehicles,11,4507021214,254.0975951155583
Oahu,All_Gasoline_Vehicles,11,4507021216,201.38137031548945
Oahu,All_Gasoline_Vehicles,11,4507021218,824.7111826848983
Oahu,All_Gasoline_Vehicles,11,4507021220,1297.380028530606
Oahu,All_Gasoline_Vehicles,11,4507021222,701.0758727660102
Oahu,All_Gasoline_Vehicles,11,4507050200,311.2046903424966
Oahu,All_Gasoline_Vehicles,11,4507050202,123.00440265025566
Oahu,All_Gasoline_Vehicles,11,4507050204,61.522789482922875
Oahu,All_Gasoline_Vehicles,11,4507050206,85.05853587655568
Oahu,All_Gasoline_Vehicles,11,4507050208,12.493916010187178
Oahu,All_Gasoline_Vehicles,11,4507050210,78.27145283116427
Oahu,All_Gasoline_Vehicles,11,4507050212,199.6460951614501
Oahu,All_Gasoline_Vehicles,11,4507050214,254.0975951155583
Oahu,All_Gasoline_Vehicles,11,4507050216,201.38137031548945
Oahu,All_Gasoline_Vehicles,11,4507050218,824.7111826848983
Oahu,All_Gasoline_Vehicles,11,4507050220,1297.380028530606
Oahu,All_Gasoline_Vehicles,11,4507050222,701.0758727660102
Oahu,All_Gasoline_Vehicles,11,4507092200,311.2046903424966
Oahu,All_Gasoline_Vehicles,11,4507092202,123.00440265025566
Oahu,All_Gasoline_Vehicles,11,4507092204,61.522789482922875
Oahu,All_Gasoline_Vehicles,11,4507092206,85.05853587655568
Oahu,All_Gasoline_Vehicles,11,4507092208,12.493916010187178
Oahu,All_Gasoline_Vehicles,11,4507092210,78.27145283116427
Oahu,All_Gasoline_Vehicles,11,4507092212,199.6460951614501
Oahu,All_Gasoline_Vehicles,11,4507092214,254.0975951155583
Oahu,All_Gasoline_Vehicles,11,4507092216,201.38137031548945
Oahu,All_Gasoline_Vehicles,11,4507092218,824.7111826848983
Oahu,All_Gasoline_Vehicles,11,4507092220,1297.380028530606
Oahu,All_Gasoline_Vehicles,11,4507092222,701.0758727660102
Oahu,All_Gasoline_Vehicles,11,4507102700,311.2046903424966
Oahu,All_Gasoline_Vehicles,11,4507102702,123.00440265025566
Oahu,All_Gasoline_Vehicles,11,4507102704,61.522789482922875
Oahu,All_Gasoline_Vehicles,11,4507102706,85.05853587655568
Oahu,All_Gasoline_Vehicles,11,4507102708,12.493916010187178
Oahu,All_Gasoline_Vehicles,11,4507102710,78.27145283116427
Oahu,All_Gasoline_Vehicles,11,4507102712,199.6460951614501
Oahu,All_Gasoline_Vehicles,11,4507102714,254.0975951155583
Oahu,All_Gasoline_Vehicles,11,4507102716,201.38137031548945
Oahu,All_Gasoline_Vehicles,11,4507102718,824.7111826848983
Oahu,All_Gasoline_Vehicles,11,4507102720,1297.380028530606
Oahu,All_Gasoline_Vehicles,11,4507102722,701.0758727660102
Oahu,All_Gasoline_Vehicles,11,4507121500,311.2046903424966
Oahu,All_Gasoline_Vehicles,11,4507121502,123.00440265025566
Oahu,All_Gasoline_Vehicles,11,4507121504,61.522789482922875
Oahu,All_Gasoline_Vehicles,11,4507121506,85.05853587655568
Oahu,All_Gasoline_Vehicles,11,4507121508,12.493916010187178
Oahu,All_Gasoline_Vehicles,11,4507121510,78.27145283116427
Oahu,All_Gasoline_Vehicles,11,4507121512,199.6460951614501
Oahu,All_Gasoline_Vehicles,11,4507121514,254.0975951155583
Oahu,All_Gasoline_Vehicles,11,4507121516,201.38137031548945
Oahu,All_Gasoline_Vehicles,11,4507121518,824.7111826848983
Oahu,All_Gasoline_Vehicles,11,4507121520,1297.380028530606
Oahu,All_Gasoline_Vehicles,11,4507121522,701.0758727660102
Oahu,All_Gasoline_Vehicles,11,4508022000,311.2046903424966
Oahu,All_Gasoline_Vehicles,11,4508022002,123.00440265025566
Oahu,All_Gasoline_Vehicles,11,4508022004,61.522789482922875
Oahu,All_Gasoline_Vehicles,11,4508022006,85.05853587655568
Oahu,All_Gasoline_Vehicles,11,4508022008,12.493916010187178
Oahu,All_Gasoline_Vehicles,11,4508022010,78.27145283116427
Oahu,All_Gasoline_Vehicles,11,4508022012,199.6460951614501
Oahu,All_Gasoline_Vehicles,11,4508022014,254.0975951155583
Oahu,All_Gasoline_Vehicles,11,4508022016,201.38137031548945
Oahu,All_Gasoline_Vehicles,11,4508022018,824.7111826848983
Oahu,All_Gasoline_Vehicles,11,4508022020,1297.380028530606
Oahu,All_Gasoline_Vehicles,11,4508022022,701.0758727660102
Oahu,All_Gasoline_Vehicles,11,4508041000,311.2046903424966
Oahu,All_Gasoline_Vehicles,11,4508041002,123.00440265025566
Oahu,All_Gasoline_Vehicles,11,4508041004,61.522789482922875
Oahu,All_Gasoline_Vehicles,11,4508041006,85.05853587655568
Oahu,All_Gasoline_Vehicles,11,4508041008,12.493916010187178
Oahu,All_Gasoline_Vehicles,11,4508041010,78.27145283116427
Oahu,All_Gasoline_Vehicles,11,4508041012,199.6460951614501
Oahu,All_Gasoline_Vehicles,11,4508041014,254.0975951155583
Oahu,All_Gasoline_Vehicles,11,4508041016,201.38137031548945
Oahu,All_Gasoline_Vehicles,11,4508041018,824.7111826848983
Oahu,All_Gasoline_Vehicles,11,4508041020,1297.380028530606
Oahu,All_Gasoline_Vehicles,11,4508041022,701.0758727660102
Oahu,All_Gasoline_Vehicles,11,4508061700,311.2046903424966
Oahu,All_Gasoline_Vehicles,11,4508061702,123.00440265025566
Oahu,All_Gasoline_Vehicles,11,4508061704,61.522789482922875
Oahu,All_Gasoline_Vehicles,11,4508061706,85.05853587655568
Oahu,All_Gasoline_Vehicles,11,4508061708,12.493916010187178
Oahu,All_Gasoline_Vehicles,11,4508061710,78.27145283116427
Oahu,All_Gasoline_Vehicles,11,4508061712,199.6460951614501
Oahu,All_Gasoline_Vehicles,11,4508061714,254.0975951155583
Oahu,All_Gasoline_Vehicles,11,4508061716,201.38137031548945
Oahu,All_Gasoline_Vehicles,11,4508061718,824.7111826848983
Oahu,All_Gasoline_Vehicles,11,4508061720,1297.380028530606
Oahu,All_Gasoline_Vehicles,11,4508061722,701.0758727660102
Oahu,All_Gasoline_Vehicles,11,4508081800,311.2046903424966
Oahu,All_Gasoline_Vehicles,11,4508081802,123.00440265025566
Oahu,All_Gasoline_Vehicles,11,4508081804,61.522789482922875
Oahu,All_Gasoline_Vehicles,11,4508081806,85.05853587655568
Oahu,All_Gasoline_Vehicles,11,4508081808,12.493916010187178
Oahu,All_Gasoline_Vehicles,11,4508081810,78.27145283116427
Oahu,All_Gasoline_Vehicles,11,4508081812,199.6460951614501
Oahu,All_Gasoline_Vehicles,11,4508081814,254.0975951155583
Oahu,All_Gasoline_Vehicles,11,4508081816,201.38137031548945
Oahu,All_Gasoline_Vehicles,11,4508081818,824.7111826848983
Oahu,All_Gasoline_Vehicles,11,4508081820,1297.380028530606
Oahu,All_Gasoline_Vehicles,11,4508081822,701.0758727660102
Oahu,All_Gasoline_Vehicles,11,4508091000,311.2046903424966
Oahu,All_Gasoline_Vehicles,11,4508091002,123.00440265025566
Oahu,All_Gasoline_Vehicles,11,4508091004,61.522789482922875
Oahu,All_Gasoline_Vehicles,11,4508091006,85.05853587655568
Oahu,All_Gasoline_Vehicles,11,4508091008,12.493916010187178
Oahu,All_Gasoline_Vehicles,11,4508091010,78.27145283116427
Oahu,All_Gasoline_Vehicles,11,4508091012,199.6460951614501
Oahu,All_Gasoline_Vehicles,11,4508091014,254.0975951155583
Oahu,All_Gasoline_Vehicles,11,4508091016,201.38137031548945
Oahu,All_Gasoline_Vehicles,11,4508091018,824.7111826848983
Oahu,All_Gasoline_Vehicles,11,4508091020,1297.380028530606
Oahu,All_Gasoline_Vehicles,11,4508091022,701.0758727660102
Oahu,All_Gasoline_Vehicles,11,4508112200,311.2046903424966
Oahu,All_Gasoline_Vehicles,11,4508112202,123.00440265025566
Oahu,All_Gasoline_Vehicles,11,4508112204,61.522789482922875
Oahu,All_Gasoline_Vehicles,11,4508112206,85.05853587655568
Oahu,All_Gasoline_Vehicles,11,4508112208,12.493916010187178
Oahu,All_Gasoline_Vehicles,11,4508112210,78.27145283116427
Oahu,All_Gasoline_Vehicles,11,4508112212,199.6460951614501
Oahu,All_Gasoline_Vehicles,11,4508112214,254.0975951155583
Oahu,All_Gasoline_Vehicles,11,4508112216,201.38137031548945
Oahu,All_Gasoline_Vehicles,11,4508112218,824.7111826848983
Oahu,All_Gasoline_Vehicles,11,4508112220,1297.380028530606
Oahu,All_Gasoline_Vehicles,11,4508112222,701.0758727660102
Oahu,All_Gasoline_Vehicles,12,4507011200,485.88923114294477
Oahu,All_Gasoline_Vehicles,12,4507011202,123.00440265025566
Oahu,All_Gasoline_Vehicles,12,4507011204,63.8086063693039
Oahu,All_Gasoline_Vehicles,12,4507011206,177.8806273657798
Oahu,All_Gasoline_Vehicles,12,4507011208,152.57931205296742
Oahu,All_Gasoline_Vehicles,12,4507011210,20.438712187016698
Oahu,All_Gasoline_Vehicles,12,4507011212,51.227094806385786
Oahu,All_Gasoline_Vehicles,12,4507011214,225.7745636202372
Oahu,All_Gasoline_Vehicles,12,4507011216,173.5947796951716
Oahu,All_Gasoline_Vehicles,12,4507011218,123.94627253984953
Oahu,All_Gasoline_Vehicles,12,4507011220,1076.0105186956955
Oahu,All_Gasoline_Vehicles,12,4507011222,1475.6938106419868
Oahu,All_Gasoline_Vehicles,12,4507011900,485.88923114294477
Oahu,All_Gasoline_Vehicles,12,4507011902,123.00440265025566
Oahu,All_Gasoline_Vehicles,12,4507011904,63.8086063693039
Oahu,All_Gasoline_Vehicles,12,4507011906,177.8806273657798
Oahu,All_Gasoline_Vehicles,12,4507011908,152.57931205296742
Oahu,All_Gasoline_Vehicles,12,4507011910,20.438712187016698
Oahu,All_Gasoline_Vehicles,12,4507011912,51.227094806385786
Oahu,All_Gasoline_Vehicles,12,4507011914,225.7745636202372
Oahu,All_Gasoline_Vehicles,12,4507011916,173.5947796951716
Oahu,All_Gasoline_Vehicles,12,4507011918,123.94627253984953
Oahu,All_Gasoline_Vehicles,12,4507011920,1076.0105186956955
Oahu,All_Gasoline_Vehicles,12,4507011922,1475.6938106419868
Oahu,All_Gasoline_Vehicles,12,4507021200,485.88923114294477
Oahu,All_Gasoline_Vehicles,12,4507021202,123.00440265025566
Oahu,All_Gasoline_Vehicles,12,4507021204,63.8086063693039
Oahu,All_Gasoline_Vehicles,12,4507021206,177.8806273657798
Oahu,All_Gasoline_Vehicles,12,4507021208,152.57931205296742
Oahu,All_Gasoline_Vehicles,12,4507021210,20.438712187016698
Oahu,All_Gasoline_Vehicles,12,4507021212,51.227094806385786
Oahu,All_Gasoline_Vehicles,12,4507021214,225.7745636202372
Oahu,All_Gasoline_Vehicles,12,4507021216,173.5947796951716
Oahu,All_Gasoline_Vehicles,12,4507021218,123.94627253984953
Oahu,All_Gasoline_Vehicles,12,4507021220,1076.0105186956955
Oahu,All_Gasoline_Vehicles,12,4507021222,1475.6938106419868
Oahu,All_Gasoline_Vehicles,12,4507050200,485.88923114294477
Oahu,All_Gasoline_Vehicles,12,4507050202,123.00440265025566
Oahu,All_Gasoline_Vehicles,12,4507050204,63.8086063693039
Oahu,All_Gasoline_Vehicles,12,4507050206,177.8806273657798
Oahu,All_Gasoline_Vehicles,12,4507050208,152.57931205296742
Oahu,All_Gasoline_Vehicles,12,4507050210,20.438712187016698
Oahu,All_Gasoline_Vehicles,12,4507050212,51.227094806385786
Oahu,All_Gasoline_Vehicles,12,4507050214,225.7745636202372
Oahu,All_Gasoline_Vehicles,12,4507050216,173.5947796951716
Oahu,All_Gasoline_Vehicles,12,4507050218,123.94627253984953
Oahu,All_Gasoline_Vehicles,12,4507050220,1076.0105186956955
Oahu,All_Gasoline_Vehicles,12,4507050222,1475.6938106419868
Oahu,All_Gasoline_Vehicles,12,4507092200,485.88923114294477
Oahu,All_Gasoline_Vehicles,12,4507092202,123.00440265025566
Oahu,All_Gasoline_Vehicles,12,4507092204,63.8086063693039
Oahu,All_Gasoline_Vehicles,12,4507092206,177.8806273657798
Oahu,All_Gasoline_Vehicles,12,4507092208,152.57931205296742
Oahu,All_Gasoline_Vehicles,12,4507092210,20.438712187016698
Oahu,All_Gasoline_Vehicles,12,4507092212,51.227094806385786
Oahu,All_Gasoline_Vehicles,12,4507092214,225.7745636202372
Oahu,All_Gasoline_Vehicles,12,4507092216,173.5947796951716
Oahu,All_Gasoline_Vehicles,12,4507092218,123.94627253984953
Oahu,All_Gasoline_Vehicles,12,4507092220,1076.0105186956955
Oahu,All_Gasoline_Vehicles,12,4507092222,1475.6938106419868
Oahu,All_Gasoline_Vehicles,12,4507102700,485.88923114294477
Oahu,All_Gasoline_Vehicles,12,4507102702,123.00440265025566
Oahu,All_Gasoline_Vehicles,12,4507102704,63.8086063693039
Oahu,All_Gasoline_Vehicles,12,4507102706,177.8806273657798
Oahu,All_Gasoline_Vehicles,12,4507102708,152.57931205296742
Oahu,All_Gasoline_Vehicles,12,4507102710,20.438712187016698
Oahu,All_Gasoline_Vehicles,12,4507102712,51.227094806385786
Oahu,All_Gasoline_Vehicles,12,4507102714,225.7745636202372
Oahu,All_Gasoline_Vehicles,12,4507102716,173.5947796951716
Oahu,All_Gasoline_Vehicles,12,4507102718,123.94627253984953
Oahu,All_Gasoline_Vehicles,12,4507102720,1076.0105186956955
Oahu,All_Gasoline_Vehicles,12,4507102722,1475.6938106419868
Oahu,All_Gasoline_Vehicles,12,4507121500,485.88923114294477
Oahu,All_Gasoline_Vehicles,12,4507121502,123.00440265025566
Oahu,All_Gasoline_Vehicles,12,4507121504,63.8086063693039
Oahu,All_Gasoline_Vehicles,12,4507121506,177.8806273657798
Oahu,All_Gasoline_Vehicles,12,4507121508,152.57931205296742
Oahu,All_Gasoline_Vehicles,12,4507121510,20.438712187016698
Oahu,All_Gasoline_Vehicles,12,4507121512,51.227094806385786
Oahu,All_Gasoline_Vehicles,12,4507121514,225.7745636202372
Oahu,All_Gasoline_Vehicles,12,4507121516,173.5947796951716
Oahu,All_Gasoline_Vehicles,12,4507121518,123.94627253984953
Oahu,All_Gasoline_Vehicles,12,4507121520,1076.0105186956955
Oahu,All_Gasoline_Vehicles,12,4507121522,1475.6938106419868
Oahu,All_Gasoline_Vehicles,12,4508022000,485.88923114294477
Oahu,All_Gasoline_Vehicles,12,4508022002,123.00440265025566
Oahu,All_Gasoline_Vehicles,12,4508022004,63.8086063693039
Oahu,All_Gasoline_Vehicles,12,4508022006,177.8806273657798
Oahu,All_Gasoline_Vehicles,12,4508022008,152.57931205296742
Oahu,All_Gasoline_Vehicles,12,4508022010,20.438712187016698
Oahu,All_Gasoline_Vehicles,12,4508022012,51.227094806385786
Oahu,All_Gasoline_Vehicles,12,4508022014,225.7745636202372
Oahu,All_Gasoline_Vehicles,12,4508022016,173.5947796951716
Oahu,All_Gasoline_Vehicles,12,4508022018,123.94627253984953
Oahu,All_Gasoline_Vehicles,12,4508022020,1076.0105186956955
Oahu,All_Gasoline_Vehicles,12,4508022022,1475.6938106419868
Oahu,All_Gasoline_Vehicles,12,4508041000,485.88923114294477
Oahu,All_Gasoline_Vehicles,12,4508041002,123.00440265025566
Oahu,All_Gasoline_Vehicles,12,4508041004,63.8086063693039
Oahu,All_Gasoline_Vehicles,12,4508041006,177.8806273657798
Oahu,All_Gasoline_Vehicles,12,4508041008,152.57931205296742
Oahu,All_Gasoline_Vehicles,12,4508041010,20.438712187016698
Oahu,All_Gasoline_Vehicles,12,4508041012,51.227094806385786
Oahu,All_Gasoline_Vehicles,12,4508041014,225.7745636202372
Oahu,All_Gasoline_Vehicles,12,4508041016,173.5947796951716
Oahu,All_Gasoline_Vehicles,12,4508041018,123.94627253984953
Oahu,All_Gasoline_Vehicles,12,4508041020,1076.0105186956955
Oahu,All_Gasoline_Vehicles,12,4508041022,1475.6938106419868
Oahu,All_Gasoline_Vehicles,12,4508061700,485.88923114294477
Oahu,All_Gasoline_Vehicles,12,4508061702,123.00440265025566
Oahu,All_Gasoline_Vehicles,12,4508061704,63.8086063693039
Oahu,All_Gasoline_Vehicles,12,4508061706,177.8806273657798
Oahu,All_Gasoline_Vehicles,12,4508061708,152.57931205296742
Oahu,All_Gasoline_Vehicles,12,4508061710,20.438712187016698
Oahu,All_Gasoline_Vehicles,12,4508061712,51.227094806385786
Oahu,All_Gasoline_Vehicles,12,4508061714,225.7745636202372
Oahu,All_Gasoline_Vehicles,12,4508061716,173.5947796951716
Oahu,All_Gasoline_Vehicles,12,4508061718,123.94627253984953
Oahu,All_Gasoline_Vehicles,12,4508061720,1076.0105186956955
Oahu,All_Gasoline_Vehicles,12,4508061722,1475.6938106419868
Oahu,All_Gasoline_Vehicles,12,4508081800,485.88923114294477
Oahu,All_Gasoline_Vehicles,12,4508081802,123.00440265025566
Oahu,All_Gasoline_Vehicles,12,4508081804,63.8086063693039
Oahu,All_Gasoline_Vehicles,12,4508081806,177.8806273657798
Oahu,All_Gasoline_Vehicles,12,4508081808,152.57931205296742
Oahu,All_Gasoline_Vehicles,12,4508081810,20.438712187016698
Oahu,All_Gasoline_Vehicles,12,4508081812,51.227094806385786
Oahu,All_Gasoline_Vehicles,12,4508081814,225.7745636202372
Oahu,All_Gasoline_Vehicles,12,4508081816,173.5947796951716
Oahu,All_Gasoline_Vehicles,12,4508081818,123.94627253984953
Oahu,All_Gasoline_Vehicles,12,4508081820,1076.0105186956955
Oahu,All_Gasoline_Vehicles,12,4508081822,1475.6938106419868
Oahu,All_Gasoline_Vehicles,12,4508091000,485.88923114294477
Oahu,All_Gasoline_Vehicles,12,4508091002,123.00440265025566
Oahu,All_Gasoline_Vehicles,12,4508091004,63.8086063693039
Oahu,All_Gasoline_Vehicles,12,4508091006,177.8806273657798
Oahu,All_Gasoline_Vehicles,12,4508091008,152.57931205296742
Oahu,All_Gasoline_Vehicles,12,4508091010,20.438712187016698
Oahu,All_Gasoline_Vehicles,12,4508091012,51.227094806385786
Oahu,All_Gasoline_Vehicles,12,4508091014,225.7745636202372
Oahu,All_Gasoline_Vehicles,12,4508091016,173.5947796951716
Oahu,All_Gasoline_Vehicles,12,4508091018,123.94627253984953
Oahu,All_Gasoline_Vehicles,12,4508091020,1076.0105186956955
Oahu,All_Gasoline_Vehicles,12,4508091022,1475.6938106419868
Oahu,All_Gasoline_Vehicles,12,4508112200,485.88923114294477
Oahu,All_Gasoline_Vehicles,12,4508112202,123.00440265025566
Oahu,All_Gasoline_Vehicles,12,4508112204,63.8086063693039
Oahu,All_Gasoline_Vehicles,12,4508112206,177.8806273657798
Oahu,All_Gasoline_Vehicles,12,4508112208,152.57931205296742
Oahu,All_Gasoline_Vehicles,12,4508112210,20.438712187016698
Oahu,All_Gasoline_Vehicles,12,4508112212,51.227094806385786
Oahu,All_Gasoline_Vehicles,12,4508112214,225.7745636202372
Oahu,All_Gasoline_Vehicles,12,4508112216,173.5947796951716
Oahu,All_Gasoline_Vehicles,12,4508112218,123.94627253984953
Oahu,All_Gasoline_Vehicles,12,4508112220,1076.0105186956955
Oahu,All_Gasoline_Vehicles,12,4508112222,1475.6938106419868
