outputs_dir,basis,scenario,total_cost,phrase,relmipgap_achieved,absmipgap,log,log_mtime
R010_outputs_dga_C1_LSFO250_refbrent,R010_outputs,dga_C1_LSFO250_refbrent,29622532482.62960,optimal integer solution within mipgap or absmipgap,0.000950274,2.81495e+07,corr-percell_14210814_144.out.gz,2026-07-27 09:20
R010_outputs_dga_C4_NOTHERMAL_refbrent,R010_outputs,dga_C4_NOTHERMAL_refbrent,29136511672.81542,optimal integer solution within mipgap or absmipgap,0.000996025,2.90207e+07,corr-percell_14210814_145.out.gz,2026-07-28 07:21
R010_outputs_dga_C5_LNG375_refbrent,R010_outputs,dga_C5_LNG375_refbrent,29315039231.37810,optimal integer solution within mipgap or absmipgap,0.000820976,2.40669e+07,corr-percell_14210814_148.out.gz,2026-07-27 12:18
R010_outputs_dga_ps_C4_NOTHERMAL_refbrent,R010_outputs,dga_ps_C4_NOTHERMAL_refbrent,29365609907.65193,optimal integer solution within mipgap or absmipgap,0.000990979,2.91007e+07,pin-dga-r_14278728_0.out.gz,2026-08-02 21:00
R010_outputs_dgb_C1_LSFO250_refbrent,R010_outputs,dgb_C1_LSFO250_refbrent,27922369995.18153,optimal integer solution within mipgap or absmipgap,0.000892615,2.49239e+07,corr-percell_14210814_135.out.gz,2026-07-27 07:13
R010_outputs_dgb_C4_NOTHERMAL_refbrent,R010_outputs,dgb_C4_NOTHERMAL_refbrent,27490025274.14066,optimal integer solution within mipgap or absmipgap,0.000884556,2.43165e+07,corr-percell_14210814_136.out.gz,2026-07-27 08:22
R010_outputs_dgb_C5_LNG375_refbrent,R010_outputs,dgb_C5_LNG375_refbrent,27602055339.95621,optimal integer solution within mipgap or absmipgap,0.000872925,2.40945e+07,corr-percell_14209686_12.out.gz,2026-07-25 20:29
R010_outputs_dgb_ps_C4_NOTHERMAL_refbrent,R010_outputs,dgb_ps_C4_NOTHERMAL_refbrent,27518180237.15884,time limit with integer solution,0.00109118,3.00272e+07,pin-dgb-r_14281234_0.out.gz,2026-08-02 03:15
R010_outputs_dgs_C1_LSFO250_refbrent,R010_outputs,dgs_C1_LSFO250_refbrent,28604782946.58530,optimal integer solution within mipgap or absmipgap,0.000915142,2.61774e+07,corr-percell_14210814_139.out.gz,2026-07-27 07:44
R010_outputs_dgs_C4_NOTHERMAL_refbrent,R010_outputs,dgs_C4_NOTHERMAL_refbrent,28155966368.64305,optimal integer solution within mipgap or absmipgap,0.000999694,2.81473e+07,corr-percell_14210814_140.out.gz,2026-07-29 01:02
R010_outputs_dgs_C5_LNG375_refbrent,R010_outputs,dgs_C5_LNG375_refbrent,28291711019.29453,optimal integer solution within mipgap or absmipgap,0.000984329,2.78483e+07,corr-percell_14210814_143.out.gz,2026-07-28 01:18
R010_outputs_dgs_ps_C4_NOTHERMAL_refbrent,R010_outputs,dgs_ps_C4_NOTHERMAL_refbrent,28166420013.73997,time limit with integer solution,0.00105833,2.98093e+07,pin-dgs-r_14283962_0.out.gz,2026-08-03 07:54
R010_outputs_nlv2a_C1_LSFO250_refbrent,R010_outputs,nlv2a_C1_LSFO250_refbrent,25429470720.21333,optimal integer solution within mipgap or absmipgap,0.000976054,2.48205e+07,corr-percell_14722833_0.out,2026-09-06 18:06
R010_outputs_nlv2a_C5_LNG375_highbrent,R010_outputs,nlv2a_C5_LNG375_highbrent,27148533638.25971,optimal integer solution within mipgap or absmipgap,0.000741998,2.01442e+07,corr-percell_14722833_2.out,2026-09-06 17:22
R010_outputs_nlv2a_C5_LNG375_lowbrent,R010_outputs,nlv2a_C5_LNG375_lowbrent,21584096102.25975,optimal integer solution within mipgap or absmipgap,0.000999068,2.1564e+07,corr-percell_14722833_3.out,2026-09-06 17:29
R010_outputs_nlv2a_C5_LNG375_refbrent,R010_outputs,nlv2a_C5_LNG375_refbrent,25309343697.56221,optimal integer solution within mipgap or absmipgap,0.000999662,2.53008e+07,corr-percell_14722833_4.out,2026-09-06 18:54
R010_outputs_nlv2a_plan_igp_alt_xf_hybrid_refbrent,R010_outputs,nlv2a_plan_igp_alt_xf_hybrid_refbrent,26107962238.72206,time limit with integer solution,0.00161418,4.2143e+07,solve_refine_plan_hybrid.slurm_14390525_9.out.gz,2026-08-07 20:42
R010_outputs_nlv2a_plan_igp_pref_hybrid_refbrent,R010_outputs,nlv2a_plan_igp_pref_hybrid_refbrent,26472550115.16217,time limit with integer solution,0.00313225,8.29188e+07,solve_refine_plan_hybrid.slurm_14390525_1.out.gz,2026-08-07 20:42
R010_outputs_nlv2a_plan_igp_pref_pv15_hybrid_refbrent,R010_outputs,nlv2a_plan_igp_pref_pv15_hybrid_refbrent,27523967814.09821,time limit with integer solution,0.00231964,6.38458e+07,solve_refine_plan_hybrid.slurm_14390525_0.out.gz,2026-08-07 20:46
R010_outputs_nlv2a_plan_igp_pref_pv17_hybrid_refbrent,R010_outputs,nlv2a_plan_igp_pref_pv17_hybrid_refbrent,27917601243.57288,time limit with integer solution,0.00303492,8.47278e+07,solve_refine_plan_hybrid.slurm_14390525_7.out.gz,2026-08-07 20:43
R010_outputs_nlv2b_C1_LSFO250_futbrent_adv,R010_outputs,nlv2b_C1_LSFO250_futbrent_adv,23641633083.93057,optimal integer solution within mipgap or absmipgap,0.000987162,2.33381e+07,corr-percell_14722833_8.out,2026-09-06 17:54
R010_outputs_nlv2b_C1_LSFO250_highbrent,R010_outputs,nlv2b_C1_LSFO250_highbrent,28213384828.07333,optimal integer solution within mipgap or absmipgap,0.000968319,2.73196e+07,corr-percell_14722833_9.out,2026-09-06 16:58
R010_outputs_nlv2b_C1_LSFO250_highbrent_adv,R010_outputs,nlv2b_C1_LSFO250_highbrent_adv,26513958501.30407,optimal integer solution within mipgap or absmipgap,0.000954542,2.53087e+07,corr-percell_14722833_10.out,2026-09-06 16:22
R010_outputs_nlv2b_C1_LSFO250_lowbrent_adv,R010_outputs,nlv2b_C1_LSFO250_lowbrent_adv,20823933813.42466,optimal (non-)integer solution within mipgap or absmipgap,0.00078657,1.63795e+07,corr-percell_14722833_12.out,2026-09-06 17:23
R010_outputs_nlv2b_C1_LSFO250_refbrent,R010_outputs,nlv2b_C1_LSFO250_refbrent,26530930230.82521,optimal integer solution within mipgap or absmipgap,0.000959916,2.54675e+07,corr-percell_14722833_13.out,2026-09-06 17:29
R010_outputs_nlv2b_C1_LSFO250_refbrent_adv,R010_outputs,nlv2b_C1_LSFO250_refbrent_adv,25054005204.16209,optimal integer solution within mipgap or absmipgap,0.000805602,2.01836e+07,corr-percell_14722833_14.out,2026-09-06 16:46
R010_outputs_nlv2b_C2_LSFO375_futbrent,R010_outputs,nlv2b_C2_LSFO375_futbrent,25384590063.39141,optimal integer solution within mipgap or absmipgap,0.000974928,2.47481e+07,corr-percell_14722833_15.out,2026-09-06 17:37
R010_outputs_nlv2b_C2_LSFO375_futbrent_adv,R010_outputs,nlv2b_C2_LSFO375_futbrent_adv,24032112330.73698,optimal integer solution within mipgap or absmipgap,0.000886448,2.13032e+07,corr-percell_14722833_16.out,2026-09-06 19:08
R010_outputs_nlv2b_C2_LSFO375_highbrent,R010_outputs,nlv2b_C2_LSFO375_highbrent,28612012910.31777,optimal integer solution within mipgap or absmipgap,0.0009065,2.59368e+07,corr-percell_14722833_17.out,2026-09-06 16:51
R010_outputs_nlv2b_C2_LSFO375_highbrent_adv,R010_outputs,nlv2b_C2_LSFO375_highbrent_adv,26955454529.60727,optimal integer solution within mipgap or absmipgap,0.000738236,1.98995e+07,corr-percell_14722833_18.out,2026-09-06 17:08
R010_outputs_nlv2b_C2_LSFO375_lowbrent,R010_outputs,nlv2b_C2_LSFO375_lowbrent,22412656239.43943,optimal integer solution within mipgap or absmipgap,0.000935772,2.09731e+07,corr-percell_14722833_19.out,2026-09-06 18:02
R010_outputs_nlv2b_C2_LSFO375_lowbrent_adv,R010_outputs,nlv2b_C2_LSFO375_lowbrent_adv,21225525795.35659,optimal integer solution within mipgap or absmipgap,0.000954,2.02492e+07,corr-percell_14722833_20.out,2026-09-06 18:01
R010_outputs_nlv2b_C2_LSFO375_refbrent,R010_outputs,nlv2b_C2_LSFO375_refbrent,26890192348.67406,optimal integer solution within mipgap or absmipgap,0.000998937,2.68616e+07,corr-percell_14722833_21.out,2026-09-06 19:49
R010_outputs_nlv2b_C2_LSFO375_refbrent_adv,R010_outputs,nlv2b_C2_LSFO375_refbrent_adv,25430936433.26188,optimal integer solution within mipgap or absmipgap,0.000794171,2.01965e+07,corr-percell_14722833_22.out,2026-09-06 16:40
R010_outputs_nlv2b_C3_LSFO500_futbrent,R010_outputs,nlv2b_C3_LSFO500_futbrent,25823322637.69999,optimal (non-)integer solution within mipgap or absmipgap,0.000892554,2.30487e+07,corr-percell_14722833_23.out,2026-09-07 03:40
R010_outputs_nlv2b_C3_LSFO500_futbrent_adv,R010_outputs,nlv2b_C3_LSFO500_futbrent_adv,24485939659.97320,optimal integer solution within mipgap or absmipgap,0.000981365,2.40296e+07,corr-percell_14722833_24.out,2026-09-06 17:27
R010_outputs_nlv2b_C3_LSFO500_highbrent,R010_outputs,nlv2b_C3_LSFO500_highbrent,29056042884.52004,optimal integer solution within mipgap or absmipgap,0.000962502,2.79665e+07,corr-percell_14722833_25.out,2026-09-06 16:50
R010_outputs_nlv2b_C3_LSFO500_highbrent_adv,R010_outputs,nlv2b_C3_LSFO500_highbrent_adv,27432534424.05879,optimal integer solution within mipgap or absmipgap,0.000816869,2.24088e+07,corr-percell_14722833_26.out,2026-09-06 16:52
R010_outputs_nlv2b_C3_LSFO500_lowbrent,R010_outputs,nlv2b_C3_LSFO500_lowbrent,22882478181.55107,optimal (non-)integer solution within mipgap or absmipgap,0.000971249,2.22246e+07,corr-percell_14722833_27.out,2026-09-06 19:26
R010_outputs_nlv2b_C3_LSFO500_lowbrent_adv,R010_outputs,nlv2b_C3_LSFO500_lowbrent_adv,21680385887.02803,optimal integer solution within mipgap or absmipgap,0.000961818,2.08526e+07,corr-percell_14722833_28.out,2026-09-06 21:57
R010_outputs_nlv2b_C3_LSFO500_refbrent,R010_outputs,nlv2b_C3_LSFO500_refbrent,27321313251.96742,optimal integer solution within mipgap or absmipgap,0.000913054,2.49458e+07,corr-percell_14722833_29.out,2026-09-06 16:55
R010_outputs_nlv2b_C3_LSFO500_refbrent_adv,R010_outputs,nlv2b_C3_LSFO500_refbrent_adv,25876625745.01514,optimal integer solution within mipgap or absmipgap,0.0009958,2.5768e+07,corr-percell_14722833_30.out,2026-09-06 17:10
R010_outputs_nlv2b_C4_NOTHERMAL_futbrent,R010_outputs,nlv2b_C4_NOTHERMAL_futbrent,24543346969.74202,optimal integer solution within mipgap or absmipgap,0.000981779,2.40961e+07,corr-percell_14722833_31.out,2026-09-06 17:13
R010_outputs_nlv2b_C4_NOTHERMAL_futbrent_adv,R010_outputs,nlv2b_C4_NOTHERMAL_futbrent_adv,23125551929.33258,optimal integer solution within mipgap or absmipgap,0.000984998,2.27786e+07,corr-percell_14722833_32.out,2026-09-06 17:17
R010_outputs_nlv2b_C4_NOTHERMAL_highbrent,R010_outputs,nlv2b_C4_NOTHERMAL_highbrent,27616252194.71203,optimal integer solution within mipgap or absmipgap,0.000895904,2.47415e+07,corr-percell_14722833_33.out,2026-09-06 16:47
R010_outputs_nlv2b_C4_NOTHERMAL_highbrent_adv,R010_outputs,nlv2b_C4_NOTHERMAL_highbrent_adv,25807354899.44329,optimal integer solution within mipgap or absmipgap,0.000998855,2.57778e+07,corr-percell_14722833_34.out,2026-09-06 16:54
R010_outputs_nlv2b_C4_NOTHERMAL_lowbrent,R010_outputs,nlv2b_C4_NOTHERMAL_lowbrent,21349681203.12959,optimal (non-)integer solution within mipgap or absmipgap,0.000952179,2.03287e+07,corr-percell_14722833_35.out,2026-09-06 20:17
R010_outputs_nlv2b_C4_NOTHERMAL_lowbrent_adv,R010_outputs,nlv2b_C4_NOTHERMAL_lowbrent_adv,20170284837.83088,optimal (non-)integer solution within mipgap or absmipgap,0.000790837,1.59514e+07,corr-percell_14722833_36.out,2026-09-06 17:23
R010_outputs_nlv2b_C4_NOTHERMAL_refbrent,R010_outputs,nlv2b_C4_NOTHERMAL_refbrent,26109013849.69384,optimal integer solution within mipgap or absmipgap,0.000987783,2.579e+07,corr-percell_14722833_37.out,2026-09-06 22:46
R010_outputs_nlv2b_C4_NOTHERMAL_refbrent_adv,R010_outputs,nlv2b_C4_NOTHERMAL_refbrent_adv,24508246817.65137,optimal integer solution within mipgap or absmipgap,0.000973912,2.38689e+07,corr-percell_14722833_38.out,2026-09-06 17:31
R010_outputs_nlv2b_C5_LNG375_futbrent,R010_outputs,nlv2b_C5_LNG375_futbrent,24724379272.90050,optimal integer solution within mipgap or absmipgap,0.000839572,2.07579e+07,corr-percell_14723559_0.out,2026-09-07 02:01
R010_outputs_nlv2b_C5_LNG375_futbrent_adv,R010_outputs,nlv2b_C5_LNG375_futbrent_adv,23486412747.05526,optimal integer solution within mipgap or absmipgap,0.000853662,2.00495e+07,corr-percell_14722833_39.out,2026-09-06 18:07
R010_outputs_nlv2b_C5_LNG375_futbrent_j120,R010_outputs,nlv2b_C5_LNG375_futbrent_j120,25074443083.89735,optimal integer solution within mipgap or absmipgap,0.000998061,2.50258e+07,corr-percell_14722833_40.out,2026-09-06 17:49
R010_outputs_nlv2b_C5_LNG375_futbrent_j120_adv,R010_outputs,nlv2b_C5_LNG375_futbrent_j120_adv,23831397975.35530,optimal integer solution within mipgap or absmipgap,0.000841473,2.00535e+07,corr-percell_14722833_41.out,2026-09-06 17:20
R010_outputs_nlv2b_C5_LNG375_highbrent,R010_outputs,nlv2b_C5_LNG375_highbrent,28269832185.38101,optimal integer solution within mipgap or absmipgap,0.000964979,2.72798e+07,corr-percell_14722833_42.out,2026-09-06 17:33
R010_outputs_nlv2b_C5_LNG375_highbrent_adv,R010_outputs,nlv2b_C5_LNG375_highbrent_adv,26763988294.16379,optimal integer solution within mipgap or absmipgap,0.000856282,2.29175e+07,corr-percell_14722833_43.out,2026-09-06 16:51
R010_outputs_nlv2b_C5_LNG375_highbrent_j120,R010_outputs,nlv2b_C5_LNG375_highbrent_j120,28616923104.80776,optimal integer solution within mipgap or absmipgap,0.00098808,2.82758e+07,corr-percell_14722833_44.out,2026-09-06 17:19
R010_outputs_nlv2b_C5_LNG375_highbrent_j120_adv,R010_outputs,nlv2b_C5_LNG375_highbrent_j120_adv,27111477079.61097,optimal integer solution within mipgap or absmipgap,0.000896951,2.43177e+07,corr-percell_14722833_45.out,2026-09-06 16:45
R010_outputs_nlv2b_C5_LNG375_lowbrent,R010_outputs,nlv2b_C5_LNG375_lowbrent,22388978412.64470,optimal integer solution within mipgap or absmipgap,0.000980713,2.19572e+07,corr-percell_14722833_46.out,2026-09-06 19:12
R010_outputs_nlv2b_C5_LNG375_lowbrent_adv,R010_outputs,nlv2b_C5_LNG375_lowbrent_adv,21237341183.52115,optimal integer solution within mipgap or absmipgap,0.000937227,1.99042e+07,corr-percell_14722833_47.out,2026-09-06 20:03
R010_outputs_nlv2b_C5_LNG375_lowbrent_j120,R010_outputs,nlv2b_C5_LNG375_lowbrent_j120,22735016192.88957,optimal integer solution within mipgap or absmipgap,0.000999716,2.27286e+07,corr-percell_14722833_48.out,2026-09-06 18:18
R010_outputs_nlv2b_C5_LNG375_refbrent,R010_outputs,nlv2b_C5_LNG375_refbrent,26308199264.73222,optimal integer solution within mipgap or absmipgap,0.000945589,2.48767e+07,corr-percell_14722833_49.out,2026-09-06 17:03
R010_outputs_nlv2b_C5_LNG375_refbrent_adv,R010_outputs,nlv2b_C5_LNG375_refbrent_adv,24991505647.40956,optimal integer solution within mipgap or absmipgap,0.000881172,2.20218e+07,corr-percell_14722833_50.out,2026-09-06 17:03
R010_outputs_nlv2b_C5_LNG375_refbrent_j120,R010_outputs,nlv2b_C5_LNG375_refbrent_j120,26654841368.77606,optimal integer solution within mipgap or absmipgap,0.000983335,2.62106e+07,corr-percell_14722833_51.out,2026-09-06 17:30
R010_outputs_nlv2b_C5_LNG375_refbrent_j120_adv,R010_outputs,nlv2b_C5_LNG375_refbrent_j120_adv,25339829193.92488,optimal integer solution within mipgap or absmipgap,0.000980743,2.48519e+07,corr-percell_14722833_52.out,2026-09-06 16:55
R010_outputs_nlv2b_C6_STATUSQUO_futbrent,R010_outputs,nlv2b_C6_STATUSQUO_futbrent,26423399703.48515,optimal (non-)integer solution within mipgap or absmipgap,0.000919415,2.42941e+07,corr-percell_14722833_53.out,2026-09-06 17:32
R010_outputs_nlv2b_C6_STATUSQUO_futbrent_adv,R010_outputs,nlv2b_C6_STATUSQUO_futbrent_adv,25251317749.57202,optimal (non-)integer solution within mipgap or absmipgap,0.000948822,2.3959e+07,corr-percell_14722833_54.out,2026-09-06 16:59
R010_outputs_nlv2b_C6_STATUSQUO_futbrent_j120,R010_outputs,nlv2b_C6_STATUSQUO_futbrent_j120,26846959438.76785,optimal (non-)integer solution within mipgap or absmipgap,0.000817717,2.19532e+07,corr-percell_14722833_55.out,2026-09-06 17:18
R010_outputs_nlv2b_C6_STATUSQUO_futbrent_j120_adv,R010_outputs,nlv2b_C6_STATUSQUO_futbrent_j120_adv,25674699681.82769,optimal (non-)integer solution within mipgap or absmipgap,0.000835307,2.14463e+07,corr-percell_14722833_56.out,2026-09-06 18:20
R010_outputs_nlv2b_C6_STATUSQUO_highbrent,R010_outputs,nlv2b_C6_STATUSQUO_highbrent,30056008925.79473,optimal integer solution within mipgap or absmipgap,0.000767544,2.30693e+07,corr-percell_14722833_57.out,2026-09-06 16:56
R010_outputs_nlv2b_C6_STATUSQUO_highbrent_adv,R010_outputs,nlv2b_C6_STATUSQUO_highbrent_adv,28602024046.85532,optimal integer solution within mipgap or absmipgap,0.000980532,2.80452e+07,corr-percell_14722833_58.out,2026-09-06 16:19
R010_outputs_nlv2b_C6_STATUSQUO_highbrent_j120,R010_outputs,nlv2b_C6_STATUSQUO_highbrent_j120,30486050985.19818,optimal integer solution within mipgap or absmipgap,0.000988952,3.01523e+07,corr-percell_14722833_59.out,2026-09-06 16:31
R010_outputs_nlv2b_C6_STATUSQUO_highbrent_j120_adv,R010_outputs,nlv2b_C6_STATUSQUO_highbrent_j120_adv,29028876623.20795,optimal integer solution within mipgap or absmipgap,0.000998066,2.89727e+07,corr-percell_14722833_60.out,2026-09-06 16:12
R010_outputs_nlv2b_C6_STATUSQUO_lowbrent,R010_outputs,nlv2b_C6_STATUSQUO_lowbrent,24240737167.08454,optimal integer solution within mipgap or absmipgap,0.000979797,2.3751e+07,corr-percell_14722833_61.out,2026-09-06 16:53
R010_outputs_nlv2b_C6_STATUSQUO_lowbrent_adv,R010_outputs,nlv2b_C6_STATUSQUO_lowbrent_adv,23048097529.77721,optimal integer solution within mipgap or absmipgap,0.000648072,1.49368e+07,corr-percell_14722833_62.out,2026-09-06 17:05
R010_outputs_nlv2b_C6_STATUSQUO_lowbrent_j120,R010_outputs,nlv2b_C6_STATUSQUO_lowbrent_j120,24663253858.98512,optimal (non-)integer solution within mipgap or absmipgap,0.000805841,1.98747e+07,corr-percell_14722833_63.out,2026-09-06 19:12
R010_outputs_nlv2b_C6_STATUSQUO_lowbrent_j120_adv,R010_outputs,nlv2b_C6_STATUSQUO_lowbrent_j120_adv,23473212195.28276,optimal integer solution within mipgap or absmipgap,0.000602201,1.41356e+07,corr-percell_14722833_64.out,2026-09-06 17:26
R010_outputs_nlv2b_C6_STATUSQUO_refbrent,R010_outputs,nlv2b_C6_STATUSQUO_refbrent,28072243656.85779,optimal (non-)integer solution within mipgap or absmipgap,0.000949435,2.66528e+07,corr-percell_14722833_65.out,2026-09-06 17:38
R010_outputs_nlv2b_C6_STATUSQUO_refbrent_adv,R010_outputs,nlv2b_C6_STATUSQUO_refbrent_adv,26789406181.34869,optimal integer solution within mipgap or absmipgap,0.000716008,1.91814e+07,corr-percell_14722833_66.out,2026-09-06 17:41
R010_outputs_nlv2b_C6_STATUSQUO_refbrent_j120,R010_outputs,nlv2b_C6_STATUSQUO_refbrent_j120,28497394924.52702,optimal (non-)integer solution within mipgap or absmipgap,0.000910018,2.59331e+07,corr-percell_14722833_67.out,2026-09-06 17:37
R010_outputs_nlv2b_C6_STATUSQUO_refbrent_j120_adv,R010_outputs,nlv2b_C6_STATUSQUO_refbrent_j120_adv,27219405396.15693,optimal integer solution within mipgap or absmipgap,0.000854682,2.32639e+07,corr-percell_14722833_68.out,2026-09-06 17:54
R010_outputs_nlv2b_be_pv15_C1_LSFO250_refbrent,R010_outputs,nlv2b_be_pv15_C1_LSFO250_refbrent,28546207800.54399,optimal integer solution within mipgap or absmipgap,0.000998201,2.84949e+07,corr-percell_14722833_69.out,2026-09-07 06:53
R010_outputs_nlv2b_be_pv15_C1_LSFO250_refbrent_adv,R010_outputs,nlv2b_be_pv15_C1_LSFO250_refbrent_adv,26872472437.80830,optimal integer solution within mipgap or absmipgap,0.000982322,2.63974e+07,corr-percell_14722833_70.out,2026-09-06 17:58
R010_outputs_nlv2b_be_pv15_C4_NOTHERMAL_futbrent,R010_outputs,nlv2b_be_pv15_C4_NOTHERMAL_futbrent,26416049625.79834,optimal integer solution within mipgap or absmipgap,0.000996841,2.63326e+07,corr-percell_14722833_71.out,2026-09-06 23:11
R010_outputs_nlv2b_be_pv15_C4_NOTHERMAL_highbrent,R010_outputs,nlv2b_be_pv15_C4_NOTHERMAL_highbrent,30270623503.20132,optimal integer solution within mipgap or absmipgap,0.000999715,3.0262e+07,corr-percell_14722833_72.out,2026-09-07 00:22
R010_outputs_nlv2b_be_pv15_C4_NOTHERMAL_lowbrent,R010_outputs,nlv2b_be_pv15_C4_NOTHERMAL_lowbrent,22869905980.19875,optimal (non-)integer solution within mipgap or absmipgap,0.000759781,1.73761e+07,corr-percell_14722833_73.out,2026-09-06 18:28
R010_outputs_nlv2b_be_pv15_C4_NOTHERMAL_refbrent,R010_outputs,nlv2b_be_pv15_C4_NOTHERMAL_refbrent,28258640316.45498,optimal integer solution within mipgap or absmipgap,0.00099969,2.82499e+07,corr-percell_14722833_74.out,2026-09-07 05:10
R010_outputs_nlv2b_be_pv15_C4_NOTHERMAL_refbrent_adv,R010_outputs,nlv2b_be_pv15_C4_NOTHERMAL_refbrent_adv,26473746189.35466,optimal integer solution within mipgap or absmipgap,0.000917049,2.42777e+07,corr-percell_14722833_75.out,2026-09-06 17:39
R010_outputs_nlv2b_be_pv15_lngconv_opt_refbrent,R010_outputs,nlv2b_be_pv15_lngconv_opt_refbrent,27751251316.18616,optimal integer solution within mipgap or absmipgap,0.000999856,2.77473e+07,corr-percell_14722833_77.out,2026-09-07 04:07
R010_outputs_nlv2b_be_pv15_wb_C6_LNG500_futbrent,R010_outputs,nlv2b_be_pv15_wb_C6_LNG500_futbrent,26559676072.16663,optimal (non-)integer solution within mipgap or absmipgap,0.000671997,1.7848e+07,corr-percell_14722833_78.out,2026-09-06 18:19
R010_outputs_nlv2b_be_pv15_wb_C6_LNG500_futbrent_j120,R010_outputs,nlv2b_be_pv15_wb_C6_LNG500_futbrent_j120,26992300530.92822,optimal (non-)integer solution within mipgap or absmipgap,0.000927888,2.50458e+07,corr-percell_14722833_79.out,2026-09-06 18:27
R010_outputs_nlv2b_be_pv15_wb_C6_LNG500_highbrent,R010_outputs,nlv2b_be_pv15_wb_C6_LNG500_highbrent,30651294457.18223,optimal integer solution within mipgap or absmipgap,0.000960907,2.9453e+07,corr-percell_14722833_80.out,2026-09-06 22:18
R010_outputs_nlv2b_be_pv15_wb_C6_LNG500_highbrent_j120,R010_outputs,nlv2b_be_pv15_wb_C6_LNG500_highbrent_j120,31076894929.77173,optimal integer solution within mipgap or absmipgap,0.000989876,3.07623e+07,corr-percell_14722833_81.out,2026-09-06 23:11
R010_outputs_nlv2b_be_pv15_wb_C6_LNG500_lowbrent,R010_outputs,nlv2b_be_pv15_wb_C6_LNG500_lowbrent,24266712526.84395,optimal integer solution within mipgap or absmipgap,0.000929022,2.25443e+07,corr-percell_14722833_82.out,2026-09-06 18:57
R010_outputs_nlv2b_be_pv15_wb_C6_LNG500_lowbrent_j120,R010_outputs,nlv2b_be_pv15_wb_C6_LNG500_lowbrent_j120,24695944299.74736,optimal integer solution within mipgap or absmipgap,0.000999871,2.46928e+07,corr-percell_14723559_1.out,2026-09-07 06:13
R010_outputs_nlv2b_be_pv15_wb_C6_LNG500_refbrent,R010_outputs,nlv2b_be_pv15_wb_C6_LNG500_refbrent,28346586940.35059,optimal integer solution within mipgap or absmipgap,0.000790097,2.23965e+07,corr-percell_14722833_83.out,2026-09-06 19:51
R010_outputs_nlv2b_be_pv15_wb_C6_LNG500_refbrent_j120,R010_outputs,nlv2b_be_pv15_wb_C6_LNG500_refbrent_j120,28772887288.81068,optimal integer solution within mipgap or absmipgap,0.000880208,2.53261e+07,corr-percell_14722833_84.out,2026-09-06 18:25
R010_outputs_nlv2b_be_pv17_C1_LSFO250_refbrent,R010_outputs,nlv2b_be_pv17_C1_LSFO250_refbrent,29175851623.47296,optimal integer solution within mipgap or absmipgap,0.000957793,2.79444e+07,corr-percell_14722833_85.out,2026-09-06 18:50
R010_outputs_nlv2b_be_pv17_C1_LSFO250_refbrent_adv,R010_outputs,nlv2b_be_pv17_C1_LSFO250_refbrent_adv,27475922076.99307,optimal integer solution within mipgap or absmipgap,0.00099267,2.72745e+07,corr-percell_14722833_86.out,2026-09-06 18:34
R010_outputs_nlv2b_be_pv17_C4_NOTHERMAL_futbrent,R010_outputs,nlv2b_be_pv17_C4_NOTHERMAL_futbrent,26995325827.46122,optimal integer solution within mipgap or absmipgap,0.000805641,2.17485e+07,corr-percell_14722833_87.out,2026-09-06 18:45
R010_outputs_nlv2b_be_pv17_C4_NOTHERMAL_highbrent,R010_outputs,nlv2b_be_pv17_C4_NOTHERMAL_highbrent,31151834664.12072,optimal (non-)integer solution within mipgap or absmipgap,0.000999969,3.11509e+07,corr-percell_14722833_88.out,2026-09-07 03:54
R010_outputs_nlv2b_be_pv17_C4_NOTHERMAL_lowbrent,R010_outputs,nlv2b_be_pv17_C4_NOTHERMAL_lowbrent,23358374403.53843,optimal (non-)integer solution within mipgap or absmipgap,0.00099996,2.33599e+07,corr-percell_14722833_89.out,2026-09-06 18:14
R010_outputs_nlv2b_be_pv17_C4_NOTHERMAL_refbrent,R010_outputs,nlv2b_be_pv17_C4_NOTHERMAL_refbrent,28979523064.29574,optimal integer solution within mipgap or absmipgap,0.000998469,2.89351e+07,corr-percell_14722833_90.out,2026-09-06 20:04
R010_outputs_nlv2b_be_pv17_C4_NOTHERMAL_refbrent_adv,R010_outputs,nlv2b_be_pv17_C4_NOTHERMAL_refbrent_adv,27126130841.71928,optimal integer solution within mipgap or absmipgap,0.000856981,2.32466e+07,corr-percell_14722833_91.out,2026-09-06 18:02
R010_outputs_nlv2b_be_pv17_lngconv_heco_refbrent,R010_outputs,nlv2b_be_pv17_lngconv_heco_refbrent,27608165894.89771,optimal integer solution within mipgap or absmipgap,0.000952749,2.63037e+07,corr-percell_14722833_92.out,2026-09-06 18:25
R010_outputs_nlv2b_be_pv17_lngconv_opt_refbrent,R010_outputs,nlv2b_be_pv17_lngconv_opt_refbrent,28442450603.29916,optimal integer solution within mipgap or absmipgap,0.000995628,2.83181e+07,corr-percell_14722833_93.out,2026-09-07 04:37
R010_outputs_nlv2b_be_pv17_wb_C6_LNG500_futbrent,R010_outputs,nlv2b_be_pv17_wb_C6_LNG500_futbrent,27073279925.97100,optimal integer solution within mipgap or absmipgap,0.000972479,2.63282e+07,corr-percell_14722833_94.out,2026-09-06 18:45
R010_outputs_nlv2b_be_pv17_wb_C6_LNG500_futbrent_j120,R010_outputs,nlv2b_be_pv17_wb_C6_LNG500_futbrent_j120,27499336250.71675,optimal integer solution within mipgap or absmipgap,0.000956181,2.62943e+07,corr-percell_14722833_95.out,2026-09-06 19:53
R010_outputs_nlv2b_be_pv17_wb_C6_LNG500_highbrent,R010_outputs,nlv2b_be_pv17_wb_C6_LNG500_highbrent,31330487328.01788,optimal integer solution within mipgap or absmipgap,0.00098058,3.0722e+07,corr-percell_14722833_96.out,2026-09-06 18:45
R010_outputs_nlv2b_be_pv17_wb_C6_LNG500_highbrent_j120,R010_outputs,nlv2b_be_pv17_wb_C6_LNG500_highbrent_j120,31743485415.86312,optimal integer solution within mipgap or absmipgap,0.000546695,1.7354e+07,corr-percell_14722833_97.out,2026-09-06 19:03
R010_outputs_nlv2b_be_pv17_wb_C6_LNG500_lowbrent,R010_outputs,nlv2b_be_pv17_wb_C6_LNG500_lowbrent,24748715200.14587,optimal integer solution within mipgap or absmipgap,0.000999431,2.47346e+07,corr-percell_14722833_98.out,2026-09-06 19:31
R010_outputs_nlv2b_be_pv17_wb_C6_LNG500_lowbrent_j120,R010_outputs,nlv2b_be_pv17_wb_C6_LNG500_lowbrent_j120,25175084217.68117,optimal integer solution within mipgap or absmipgap,0.000993413,2.50093e+07,corr-percell_14722833_99.out,2026-09-06 19:51
R010_outputs_nlv2b_be_pv17_wb_C6_LNG500_refbrent,R010_outputs,nlv2b_be_pv17_wb_C6_LNG500_refbrent,28933689555.33903,optimal integer solution within mipgap or absmipgap,0.000987284,2.85658e+07,corr-percell_14722833_100.out,2026-09-06 18:50
R010_outputs_nlv2b_be_pv17_wb_C6_LNG500_refbrent_j120,R010_outputs,nlv2b_be_pv17_wb_C6_LNG500_refbrent_j120,29360199265.52920,optimal integer solution within mipgap or absmipgap,0.000993911,2.91814e+07,corr-percell_14722833_101.out,2026-09-06 19:08
R010_outputs_nlv2b_egs_high_lng_forced_refbrent,R010_outputs,nlv2b_egs_high_lng_forced_refbrent,26932031680.40522,optimal integer solution within mipgap or absmipgap,0.000965191,2.59946e+07,corr-percell_14722833_102.out,2026-09-06 21:56
R010_outputs_nlv2b_egs_high_lng_forced_refbrent_adv,R010_outputs,nlv2b_egs_high_lng_forced_refbrent_adv,25462705274.54778,optimal (non-)integer solution within mipgap or absmipgap,0.00099831,2.54197e+07,corr-percell_14722833_103.out,2026-09-06 21:48
R010_outputs_nlv2b_egs_high_lng_forced_refbrent_j120_adv,R010_outputs,nlv2b_egs_high_lng_forced_refbrent_j120_adv,25884306690.52042,optimal integer solution within mipgap or absmipgap,0.000834005,2.15877e+07,corr-percell_14722833_104.out,2026-09-06 19:39
R010_outputs_nlv2b_egs_high_no_lng_futbrent_adv,R010_outputs,nlv2b_egs_high_no_lng_futbrent_adv,23300836578.30752,optimal integer solution within mipgap or absmipgap,0.000998345,2.32623e+07,corr-percell_14722833_105.out,2026-09-06 18:58
R010_outputs_nlv2b_egs_high_no_lng_highbrent_adv,R010_outputs,nlv2b_egs_high_no_lng_highbrent_adv,26201431175.43462,optimal integer solution within mipgap or absmipgap,0.000996515,2.61101e+07,corr-percell_14722833_106.out,2026-09-06 18:19
R010_outputs_nlv2b_egs_high_no_lng_lowbrent_adv,R010_outputs,nlv2b_egs_high_no_lng_lowbrent_adv,20190945328.17273,optimal integer solution within mipgap or absmipgap,0.000597312,1.20603e+07,corr-percell_14722833_107.out,2026-09-06 19:08
R010_outputs_nlv2b_egs_high_no_lng_refbrent_adv,R010_outputs,nlv2b_egs_high_no_lng_refbrent_adv,24847653332.55458,optimal integer solution within mipgap or absmipgap,0.000958151,2.38078e+07,corr-percell_14722833_108.out,2026-09-06 19:31
R010_outputs_nlv2b_egs_low_lng_forced_refbrent,R010_outputs,nlv2b_egs_low_lng_forced_refbrent,26281586881.59780,optimal integer solution within mipgap or absmipgap,0.000874239,2.29764e+07,corr-percell_14722833_109.out,2026-09-06 20:00
R010_outputs_nlv2b_egs_low_lng_forced_refbrent_adv,R010_outputs,nlv2b_egs_low_lng_forced_refbrent_adv,24988682430.63658,optimal (non-)integer solution within mipgap or absmipgap,0.000697751,1.74359e+07,corr-percell_14722833_110.out,2026-09-06 19:12
R010_outputs_nlv2b_egs_low_lng_forced_refbrent_j120,R010_outputs,nlv2b_egs_low_lng_forced_refbrent_j120,26710842366.76719,optimal integer solution within mipgap or absmipgap,0.000976163,2.60741e+07,corr-percell_14722833_111.out,2026-09-06 22:34
R010_outputs_nlv2b_egs_low_lng_forced_refbrent_j120_adv,R010_outputs,nlv2b_egs_low_lng_forced_refbrent_j120_adv,25416892602.25082,optimal integer solution within mipgap or absmipgap,0.000782082,1.98781e+07,corr-percell_14722833_112.out,2026-09-06 19:32
R010_outputs_nlv2b_egs_low_no_lng_futbrent_adv,R010_outputs,nlv2b_egs_low_no_lng_futbrent_adv,22811393161.59807,optimal integer solution within mipgap or absmipgap,0.000984981,2.24688e+07,corr-percell_14722833_113.out,2026-09-06 19:58
R010_outputs_nlv2b_egs_low_no_lng_highbrent,R010_outputs,nlv2b_egs_low_no_lng_highbrent,27304359054.26582,optimal integer solution within mipgap or absmipgap,0.000933716,2.54945e+07,corr-percell_14722833_114.out,2026-09-06 19:13
R010_outputs_nlv2b_egs_low_no_lng_highbrent_adv,R010_outputs,nlv2b_egs_low_no_lng_highbrent_adv,25494131182.87617,optimal integer solution within mipgap or absmipgap,0.000990936,2.5263e+07,corr-percell_14722833_115.out,2026-09-06 19:25
R010_outputs_nlv2b_egs_low_no_lng_lowbrent_adv,R010_outputs,nlv2b_egs_low_no_lng_lowbrent_adv,19882617514.15956,optimal (non-)integer solution within mipgap or absmipgap,0.000806838,1.60421e+07,corr-percell_14722833_116.out,2026-09-06 19:41
R010_outputs_nlv2b_egs_low_no_lng_refbrent_adv,R010_outputs,nlv2b_egs_low_no_lng_refbrent_adv,24193714703.32167,optimal integer solution within mipgap or absmipgap,0.000919081,2.2236e+07,corr-percell_14722833_118.out,2026-09-06 22:27
R010_outputs_nlv2b_egs_none_lng_forced_refbrent,R010_outputs,nlv2b_egs_none_lng_forced_refbrent,26940897666.75109,optimal integer solution within mipgap or absmipgap,0.000989695,2.66633e+07,corr-percell_14722833_119.out,2026-09-06 19:43
R010_outputs_nlv2b_egs_none_lng_forced_refbrent_adv,R010_outputs,nlv2b_egs_none_lng_forced_refbrent_adv,25457948297.06013,optimal integer solution within mipgap or absmipgap,0.000833101,2.1209e+07,corr-percell_14722833_120.out,2026-09-06 19:42
R010_outputs_nlv2b_egs_none_lng_forced_refbrent_j120,R010_outputs,nlv2b_egs_none_lng_forced_refbrent_j120,27365899463.46420,optimal integer solution within mipgap or absmipgap,0.000943092,2.58086e+07,corr-percell_14722833_121.out,2026-09-06 19:56
R010_outputs_nlv2b_egs_none_lng_forced_refbrent_j120_adv,R010_outputs,nlv2b_egs_none_lng_forced_refbrent_j120_adv,25888142169.59457,optimal (non-)integer solution within mipgap or absmipgap,0.000980815,2.53915e+07,corr-percell_14722833_122.out,2026-09-06 20:10
R010_outputs_nlv2b_egs_none_no_lng_refbrent,R010_outputs,nlv2b_egs_none_no_lng_refbrent,26671609133.43649,optimal integer solution within mipgap or absmipgap,0.000925613,2.46876e+07,corr-percell_14722833_123.out,2026-09-06 20:47
R010_outputs_nlv2b_egs_none_no_lng_refbrent_adv,R010_outputs,nlv2b_egs_none_no_lng_refbrent_adv,24848666969.35252,optimal integer solution within mipgap or absmipgap,0.000993488,2.46868e+07,corr-percell_14722833_124.out,2026-09-06 20:17
R010_outputs_nlv2b_egs_ref_lng_forced_refbrent,R010_outputs,nlv2b_egs_ref_lng_forced_refbrent,26597409286.54326,optimal integer solution within mipgap or absmipgap,0.00098898,2.63043e+07,corr-percell_14722833_125.out,2026-09-06 20:19
R010_outputs_nlv2b_egs_ref_lng_forced_refbrent_adv,R010_outputs,nlv2b_egs_ref_lng_forced_refbrent_adv,25297725277.70021,optimal (non-)integer solution within mipgap or absmipgap,0.000529945,1.34064e+07,corr-percell_14722833_126.out,2026-09-06 20:22
R010_outputs_nlv2b_egs_ref_lng_forced_refbrent_j120,R010_outputs,nlv2b_egs_ref_lng_forced_refbrent_j120,27019626924.27115,optimal integer solution within mipgap or absmipgap,0.000846168,2.28631e+07,corr-percell_14722833_127.out,2026-09-06 20:04
R010_outputs_nlv2b_egs_ref_lng_forced_refbrent_j120_adv,R010_outputs,nlv2b_egs_ref_lng_forced_refbrent_j120_adv,25722202077.68560,optimal (non-)integer solution within mipgap or absmipgap,0.000467782,1.20324e+07,corr-percell_14722833_128.out,2026-09-06 20:19
R010_outputs_nlv2b_egs_ref_no_lng_refbrent_adv,R010_outputs,nlv2b_egs_ref_no_lng_refbrent_adv,24508528505.26259,optimal integer solution within mipgap or absmipgap,0.000998906,2.44817e+07,corr-percell_14722833_130.out,2026-09-06 20:26
R010_outputs_nlv2b_lc_C1_LSFO250_futbrent_adv,R010_outputs,nlv2b_lc_C1_LSFO250_futbrent_adv,24070338695.13219,optimal integer solution within mipgap or absmipgap,0.000996758,2.39923e+07,corr-percell_14722833_132.out,2026-09-06 19:49
R010_outputs_nlv2b_lc_C1_LSFO250_highbrent,R010_outputs,nlv2b_lc_C1_LSFO250_highbrent,28570684809.78974,optimal integer solution within mipgap or absmipgap,0.000997217,2.84912e+07,corr-percell_14722833_133.out,2026-09-06 19:57
R010_outputs_nlv2b_lc_C1_LSFO250_highbrent_adv,R010_outputs,nlv2b_lc_C1_LSFO250_highbrent_adv,26919639086.23557,optimal integer solution within mipgap or absmipgap,0.000955737,2.57281e+07,corr-percell_14722833_134.out,2026-09-06 19:19
R010_outputs_nlv2b_lc_C1_LSFO250_lowbrent,R010_outputs,nlv2b_lc_C1_LSFO250_lowbrent,22394704617.72788,optimal (non-)integer solution within mipgap or absmipgap,0.00087252,1.95398e+07,corr-percell_14722833_135.out,2026-09-06 23:28
R010_outputs_nlv2b_lc_C1_LSFO250_lowbrent_adv,R010_outputs,nlv2b_lc_C1_LSFO250_lowbrent_adv,21251033163.56349,optimal (non-)integer solution within mipgap or absmipgap,0.00084381,1.79318e+07,corr-percell_14722833_136.out,2026-09-06 20:24
R010_outputs_nlv2b_lc_C1_LSFO250_refbrent,R010_outputs,nlv2b_lc_C1_LSFO250_refbrent,26911875090.44693,optimal integer solution within mipgap or absmipgap,0.000914606,2.46138e+07,corr-percell_14722833_137.out,2026-09-06 22:26
R010_outputs_nlv2b_lc_C1_LSFO250_refbrent_adv,R010_outputs,nlv2b_lc_C1_LSFO250_refbrent_adv,25475145615.74032,optimal (non-)integer solution within mipgap or absmipgap,0.00086082,2.19295e+07,corr-percell_14722833_138.out,2026-09-06 19:59
R010_outputs_nlv2b_lc_C2_LSFO375_futbrent,R010_outputs,nlv2b_lc_C2_LSFO375_futbrent,25778264755.74797,optimal integer solution within mipgap or absmipgap,0.000999774,2.57724e+07,corr-percell_14722833_139.out,2026-09-06 22:43
R010_outputs_nlv2b_lc_C2_LSFO375_futbrent_adv,R010_outputs,nlv2b_lc_C2_LSFO375_futbrent_adv,24466591442.71563,optimal integer solution within mipgap or absmipgap,0.000999759,2.44607e+07,corr-percell_14722833_140.out,2026-09-06 20:10
R010_outputs_nlv2b_lc_C2_LSFO375_highbrent,R010_outputs,nlv2b_lc_C2_LSFO375_highbrent,28978934272.69390,optimal integer solution within mipgap or absmipgap,0.000992348,2.87572e+07,corr-percell_14722833_141.out,2026-09-06 20:06
R010_outputs_nlv2b_lc_C2_LSFO375_highbrent_adv,R010_outputs,nlv2b_lc_C2_LSFO375_highbrent_adv,27371254761.47973,optimal integer solution within mipgap or absmipgap,0.000979972,2.68231e+07,corr-percell_14722833_142.out,2026-09-06 19:50
R010_outputs_nlv2b_lc_C2_LSFO375_lowbrent,R010_outputs,nlv2b_lc_C2_LSFO375_lowbrent,22812476091.52277,optimal integer solution within mipgap or absmipgap,0.00099998,2.2812e+07,corr-percell_14722833_143.out,2026-09-07 02:41
R010_outputs_nlv2b_lc_C2_LSFO375_lowbrent_adv,R010_outputs,nlv2b_lc_C2_LSFO375_lowbrent_adv,21651511453.63108,optimal integer solution within mipgap or absmipgap,0.000935479,2.02545e+07,corr-percell_14722833_144.out,2026-09-07 00:35
R010_outputs_nlv2b_lc_C2_LSFO375_refbrent,R010_outputs,nlv2b_lc_C2_LSFO375_refbrent,27271685649.56595,optimal integer solution within mipgap or absmipgap,0.000919815,2.50849e+07,corr-percell_14722833_145.out,2026-09-06 20:49
R010_outputs_nlv2b_lc_C2_LSFO375_refbrent_adv,R010_outputs,nlv2b_lc_C2_LSFO375_refbrent_adv,25857396132.15798,optimal integer solution within mipgap or absmipgap,0.000879085,2.27308e+07,corr-percell_14722833_146.out,2026-09-06 20:16
R010_outputs_nlv2b_lc_C3_LSFO500_futbrent,R010_outputs,nlv2b_lc_C3_LSFO500_futbrent,26215001813.18592,optimal (non-)integer solution within mipgap or absmipgap,0.000945466,2.47854e+07,corr-percell_14722833_147.out,2026-09-06 22:09
R010_outputs_nlv2b_lc_C3_LSFO500_futbrent_adv,R010_outputs,nlv2b_lc_C3_LSFO500_futbrent_adv,24915674386.57456,optimal integer solution within mipgap or absmipgap,0.000899508,2.24118e+07,corr-percell_14722833_148.out,2026-09-06 20:22
R010_outputs_nlv2b_lc_C3_LSFO500_highbrent,R010_outputs,nlv2b_lc_C3_LSFO500_highbrent,29420644225.58336,optimal integer solution within mipgap or absmipgap,0.000915727,2.69413e+07,corr-percell_14722833_149.out,2026-09-06 20:51
R010_outputs_nlv2b_lc_C3_LSFO500_highbrent_adv,R010_outputs,nlv2b_lc_C3_LSFO500_highbrent_adv,27848272355.79554,optimal integer solution within mipgap or absmipgap,0.000988838,2.75374e+07,corr-percell_14722833_150.out,2026-09-06 20:23
R010_outputs_nlv2b_lc_C3_LSFO500_lowbrent,R010_outputs,nlv2b_lc_C3_LSFO500_lowbrent,23274729621.59467,optimal (non-)integer solution within mipgap or absmipgap,0.000785856,1.82906e+07,corr-percell_14722833_151.out,2026-09-06 21:21
R010_outputs_nlv2b_lc_C3_LSFO500_lowbrent_adv,R010_outputs,nlv2b_lc_C3_LSFO500_lowbrent_adv,22099853479.28971,optimal integer solution within mipgap or absmipgap,0.000815323,1.80185e+07,corr-percell_14722833_152.out,2026-09-07 00:15
R010_outputs_nlv2b_lc_C3_LSFO500_refbrent,R010_outputs,nlv2b_lc_C3_LSFO500_refbrent,27703299528.86980,optimal (non-)integer solution within mipgap or absmipgap,0.000795799,2.20463e+07,corr-percell_14722833_153.out,2026-09-06 20:30
R010_outputs_nlv2b_lc_C3_LSFO500_refbrent_adv,R010_outputs,nlv2b_lc_C3_LSFO500_refbrent_adv,26295012172.32069,optimal integer solution within mipgap or absmipgap,0.000765634,2.01324e+07,corr-percell_14722833_154.out,2026-09-06 20:48
R010_outputs_nlv2b_lc_C4_NOTHERMAL_futbrent,R010_outputs,nlv2b_lc_C4_NOTHERMAL_futbrent,24928808467.69442,optimal (non-)integer solution within mipgap or absmipgap,0.000990192,2.46843e+07,corr-percell_14722833_155.out,2026-09-06 20:56
R010_outputs_nlv2b_lc_C4_NOTHERMAL_futbrent_adv,R010_outputs,nlv2b_lc_C4_NOTHERMAL_futbrent_adv,23549667184.31126,optimal integer solution within mipgap or absmipgap,0.000998655,2.3518e+07,corr-percell_14722833_156.out,2026-09-06 20:55
R010_outputs_nlv2b_lc_C4_NOTHERMAL_highbrent,R010_outputs,nlv2b_lc_C4_NOTHERMAL_highbrent,27963858861.72164,optimal integer solution within mipgap or absmipgap,0.000975802,2.72872e+07,corr-percell_14722833_157.out,2026-09-06 20:44
R010_outputs_nlv2b_lc_C4_NOTHERMAL_highbrent_adv,R010_outputs,nlv2b_lc_C4_NOTHERMAL_highbrent_adv,26193954115.49148,optimal integer solution within mipgap or absmipgap,0.000988218,2.58853e+07,corr-percell_14722833_158.out,2026-09-06 22:29
R010_outputs_nlv2b_lc_C4_NOTHERMAL_lowbrent,R010_outputs,nlv2b_lc_C4_NOTHERMAL_lowbrent,21739572907.98209,optimal (non-)integer solution within mipgap or absmipgap,0.000831068,1.80671e+07,corr-percell_14722833_159.out,2026-09-06 21:24
R010_outputs_nlv2b_lc_C4_NOTHERMAL_lowbrent_adv,R010_outputs,nlv2b_lc_C4_NOTHERMAL_lowbrent_adv,20596732913.31208,optimal integer solution within mipgap or absmipgap,0.000677816,1.39608e+07,corr-percell_14722833_160.out,2026-09-06 21:08
R010_outputs_nlv2b_lc_C4_NOTHERMAL_refbrent,R010_outputs,nlv2b_lc_C4_NOTHERMAL_refbrent,26471015371.72978,optimal integer solution within mipgap or absmipgap,0.000867221,2.29562e+07,corr-percell_14722833_161.out,2026-09-06 22:38
R010_outputs_nlv2b_lc_C4_NOTHERMAL_refbrent_adv,R010_outputs,nlv2b_lc_C4_NOTHERMAL_refbrent_adv,24913071069.61901,optimal integer solution within mipgap or absmipgap,0.000994615,2.47789e+07,corr-percell_14722833_162.out,2026-09-06 21:56
R010_outputs_nlv2b_lc_C5_LNG375_futbrent,R010_outputs,nlv2b_lc_C5_LNG375_futbrent,25117480085.72461,optimal (non-)integer solution within mipgap or absmipgap,0.000998729,2.50856e+07,corr-percell_14722833_163.out,2026-09-06 21:55
R010_outputs_nlv2b_lc_C5_LNG375_futbrent_adv,R010_outputs,nlv2b_lc_C5_LNG375_futbrent_adv,23917331031.06723,optimal integer solution within mipgap or absmipgap,0.000839176,2.00708e+07,corr-percell_14722833_164.out,2026-09-06 21:36
R010_outputs_nlv2b_lc_C5_LNG375_futbrent_j120,R010_outputs,nlv2b_lc_C5_LNG375_futbrent_j120,25456282656.04881,optimal (non-)integer solution within mipgap or absmipgap,0.000728403,1.85424e+07,corr-percell_14722833_165.out,2026-09-06 21:19
R010_outputs_nlv2b_lc_C5_LNG375_futbrent_j120_adv,R010_outputs,nlv2b_lc_C5_LNG375_futbrent_j120_adv,24262657214.99471,optimal integer solution within mipgap or absmipgap,0.000860545,2.08791e+07,corr-percell_14722833_166.out,2026-09-06 21:27
R010_outputs_nlv2b_lc_C5_LNG375_highbrent,R010_outputs,nlv2b_lc_C5_LNG375_highbrent,28636813958.52605,optimal (non-)integer solution within mipgap or absmipgap,0.000777698,2.22708e+07,corr-percell_14722833_167.out,2026-09-06 20:57
R010_outputs_nlv2b_lc_C5_LNG375_highbrent_adv,R010_outputs,nlv2b_lc_C5_LNG375_highbrent_adv,27171727862.36839,optimal (non-)integer solution within mipgap or absmipgap,0.000748176,2.03292e+07,corr-percell_14722833_168.out,2026-09-06 20:48
R010_outputs_nlv2b_lc_C5_LNG375_highbrent_j120,R010_outputs,nlv2b_lc_C5_LNG375_highbrent_j120,28987669594.09047,optimal (non-)integer solution within mipgap or absmipgap,0.000968483,2.80741e+07,corr-percell_14722833_169.out,2026-09-06 21:17
R010_outputs_nlv2b_lc_C5_LNG375_highbrent_j120_adv,R010_outputs,nlv2b_lc_C5_LNG375_highbrent_j120_adv,27524452647.55845,optimal integer solution within mipgap or absmipgap,0.000993443,2.7344e+07,corr-percell_14722833_170.out,2026-09-06 21:01
R010_outputs_nlv2b_lc_C5_LNG375_lowbrent,R010_outputs,nlv2b_lc_C5_LNG375_lowbrent,22779882923.50078,optimal (non-)integer solution within mipgap or absmipgap,0.000743992,1.6948e+07,corr-percell_14722833_171.out,2026-09-06 22:02
R010_outputs_nlv2b_lc_C5_LNG375_lowbrent_adv,R010_outputs,nlv2b_lc_C5_LNG375_lowbrent_adv,21662446824.63380,optimal integer solution within mipgap or absmipgap,0.000923033,1.99952e+07,corr-percell_14722833_172.out,2026-09-06 21:51
R010_outputs_nlv2b_lc_C5_LNG375_lowbrent_j120,R010_outputs,nlv2b_lc_C5_LNG375_lowbrent_j120,23131402843.75257,optimal integer solution within mipgap or absmipgap,0.000992477,2.29574e+07,corr-percell_14722833_173.out,2026-09-06 21:48
R010_outputs_nlv2b_lc_C5_LNG375_lowbrent_j120_adv,R010_outputs,nlv2b_lc_C5_LNG375_lowbrent_j120_adv,22009274458.39288,optimal integer solution within mipgap or absmipgap,0.000968251,2.13105e+07,corr-percell_14722833_174.out,2026-09-06 21:44
R010_outputs_nlv2b_lc_C5_LNG375_refbrent,R010_outputs,nlv2b_lc_C5_LNG375_refbrent,26681767110.94344,optimal (non-)integer solution within mipgap or absmipgap,0.000729853,1.94738e+07,corr-percell_14722833_175.out,2026-09-06 21:45
R010_outputs_nlv2b_lc_C5_LNG375_refbrent_adv,R010_outputs,nlv2b_lc_C5_LNG375_refbrent_adv,25409136616.68441,optimal integer solution within mipgap or absmipgap,0.000826802,2.10083e+07,corr-percell_14722833_176.out,2026-09-06 21:24
R010_outputs_nlv2b_lc_C5_LNG375_refbrent_j120,R010_outputs,nlv2b_lc_C5_LNG375_refbrent_j120,27031662959.58434,optimal integer solution within mipgap or absmipgap,0.000871903,2.3569e+07,corr-percell_14722833_177.out,2026-09-06 22:26
R010_outputs_nlv2b_lc_C5_LNG375_refbrent_j120_adv,R010_outputs,nlv2b_lc_C5_LNG375_refbrent_j120_adv,25750700002.61242,optimal integer solution within mipgap or absmipgap,0.000662151,1.70509e+07,corr-percell_14722833_178.out,2026-09-06 21:39
R010_outputs_nlv2b_lc_C6_STATUSQUO_futbrent,R010_outputs,nlv2b_lc_C6_STATUSQUO_futbrent,26801397491.45855,optimal (non-)integer solution within mipgap or absmipgap,0.00074462,1.99569e+07,corr-percell_14723559_2.out,2026-09-07 01:49
R010_outputs_nlv2b_lc_C6_STATUSQUO_futbrent_adv,R010_outputs,nlv2b_lc_C6_STATUSQUO_futbrent_adv,25675330220.91481,optimal integer solution within mipgap or absmipgap,0.000854307,2.19346e+07,corr-percell_14722833_179.out,2026-09-06 21:28
R010_outputs_nlv2b_lc_C6_STATUSQUO_futbrent_j120,R010_outputs,nlv2b_lc_C6_STATUSQUO_futbrent_j120,27228256216.28091,optimal (non-)integer solution within mipgap or absmipgap,0.000769232,2.09449e+07,corr-percell_14722833_180.out,2026-09-06 21:33
R010_outputs_nlv2b_lc_C6_STATUSQUO_futbrent_j120_adv,R010_outputs,nlv2b_lc_C6_STATUSQUO_futbrent_j120_adv,26101959648.87638,optimal (non-)integer solution within mipgap or absmipgap,0.000875709,2.28577e+07,corr-percell_14722833_181.out,2026-09-06 21:18
R010_outputs_nlv2b_lc_C6_STATUSQUO_highbrent,R010_outputs,nlv2b_lc_C6_STATUSQUO_highbrent,30434731675.50220,optimal (non-)integer solution within mipgap or absmipgap,0.000991467,3.0175e+07,corr-percell_14722833_182.out,2026-09-06 21:18
R010_outputs_nlv2b_lc_C6_STATUSQUO_highbrent_adv,R010_outputs,nlv2b_lc_C6_STATUSQUO_highbrent_adv,29013659092.25755,optimal integer solution within mipgap or absmipgap,0.000949461,2.75474e+07,corr-percell_14722833_183.out,2026-09-06 21:02
R010_outputs_nlv2b_lc_C6_STATUSQUO_highbrent_j120,R010_outputs,nlv2b_lc_C6_STATUSQUO_highbrent_j120,30857142838.66156,optimal integer solution within mipgap or absmipgap,0.000784853,2.42183e+07,corr-percell_14722833_184.out,2026-09-06 21:40
R010_outputs_nlv2b_lc_C6_STATUSQUO_highbrent_j120_adv,R010_outputs,nlv2b_lc_C6_STATUSQUO_highbrent_j120_adv,29439253682.30767,optimal integer solution within mipgap or absmipgap,0.000904917,2.66401e+07,corr-percell_14722833_185.out,2026-09-06 21:22
R010_outputs_nlv2b_lc_C6_STATUSQUO_lowbrent,R010_outputs,nlv2b_lc_C6_STATUSQUO_lowbrent,24632761759.71946,optimal integer solution within mipgap or absmipgap,0.000950883,2.34229e+07,corr-percell_14722833_186.out,2026-09-06 21:49
R010_outputs_nlv2b_lc_C6_STATUSQUO_lowbrent_adv,R010_outputs,nlv2b_lc_C6_STATUSQUO_lowbrent_adv,23475872620.24457,optimal integer solution within mipgap or absmipgap,0.00098574,2.31411e+07,corr-percell_14722833_187.out,2026-09-06 21:54
R010_outputs_nlv2b_lc_C6_STATUSQUO_lowbrent_j120,R010_outputs,nlv2b_lc_C6_STATUSQUO_lowbrent_j120,25059183924.04415,optimal integer solution within mipgap or absmipgap,0.000956798,2.39766e+07,corr-percell_14723559_3.out,2026-09-07 01:38
R010_outputs_nlv2b_lc_C6_STATUSQUO_lowbrent_j120_adv,R010_outputs,nlv2b_lc_C6_STATUSQUO_lowbrent_j120_adv,23893469273.91965,optimal integer solution within mipgap or absmipgap,0.000619834,1.481e+07,corr-percell_14722833_188.out,2026-09-06 21:55
R010_outputs_nlv2b_lc_C6_STATUSQUO_refbrent,R010_outputs,nlv2b_lc_C6_STATUSQUO_refbrent,28450642460.67587,optimal integer solution within mipgap or absmipgap,0.000954283,2.715e+07,corr-percell_14722833_189.out,2026-09-07 03:28
R010_outputs_nlv2b_lc_C6_STATUSQUO_refbrent_adv,R010_outputs,nlv2b_lc_C6_STATUSQUO_refbrent_adv,27214864218.95571,optimal (non-)integer solution within mipgap or absmipgap,0.000954314,2.59715e+07,corr-percell_14722833_190.out,2026-09-06 21:47
R010_outputs_nlv2b_lc_C6_STATUSQUO_refbrent_j120,R010_outputs,nlv2b_lc_C6_STATUSQUO_refbrent_j120,28873971617.12162,optimal (non-)integer solution within mipgap or absmipgap,0.000850865,2.45678e+07,corr-percell_14722833_191.out,2026-09-06 22:30
R010_outputs_nlv2b_lc_C6_STATUSQUO_refbrent_j120_adv,R010_outputs,nlv2b_lc_C6_STATUSQUO_refbrent_j120_adv,27634081920.35078,optimal (non-)integer solution within mipgap or absmipgap,0.000691324,1.91041e+07,corr-percell_14722833_192.out,2026-09-06 21:48
R010_outputs_nlv2b_lngconv_heco_opt_refbrent,R010_outputs,nlv2b_lngconv_heco_opt_refbrent,25030494568.60041,optimal integer solution within mipgap or absmipgap,0.000965443,2.41655e+07,corr-percell_14722833_193.out,2026-09-07 04:38
R010_outputs_nlv2b_lngconv_heco_refbrent,R010_outputs,nlv2b_lngconv_heco_refbrent,25030657047.63808,optimal integer solution within mipgap or absmipgap,0.00098693,2.47035e+07,corr-percell_14722833_194.out,2026-09-07 00:15
R010_outputs_nlv2b_lngconv_wjera_refbrent,R010_outputs,nlv2b_lngconv_wjera_refbrent,26137922299.07236,optimal (non-)integer solution within mipgap or absmipgap,0.000648426,1.69485e+07,corr-percell_14722833_197.out,2026-09-07 00:11
R010_outputs_nlv2b_norps_LNG500_refbrent,R010_outputs,nlv2b_norps_LNG500_refbrent,25811129956.41325,optimal (non-)integer solution within mipgap or absmipgap,0.00099973,2.58042e+07,corr-percell_14722833_198.out,2026-09-07 03:54
R010_outputs_nlv2b_norps_LNG500_refbrent_j120,R010_outputs,nlv2b_norps_LNG500_refbrent_j120,26343839241.41043,optimal integer solution within mipgap or absmipgap,0.00099963,2.63341e+07,corr-percell_14722833_199.out,2026-09-07 01:36
R010_outputs_nlv2b_norps_lngconv_heco_refbrent,R010_outputs,nlv2b_norps_lngconv_heco_refbrent,24353484242.49263,optimal integer solution within mipgap or absmipgap,0.000989056,2.4087e+07,corr-percell_14722833_202.out,2026-09-07 04:27
R010_outputs_nlv2b_plan_igp_alt_hybrid_refbrent,R010_outputs,nlv2b_plan_igp_alt_hybrid_refbrent,28006243001.88593,time limit with integer solution,0.00170737,4.7817e+07,solve_refine_plan_hybrid.slurm_14390525_4.out.gz,2026-08-07 20:44
R010_outputs_nlv2b_plan_igp_alt_pv15_hybrid_refbrent,R010_outputs,nlv2b_plan_igp_alt_pv15_hybrid_refbrent,30117432842.53909,optimal integer solution within mipgap or absmipgap,0.000993467,2.99207e+07,solve_refine_plan_hybrid.slurm_14390525_8.out.gz,2026-08-07 11:56
R010_outputs_nlv2b_plan_igp_alt_pv17_hybrid_refbrent,R010_outputs,nlv2b_plan_igp_alt_pv17_hybrid_refbrent,30915086171.85859,optimal integer solution within mipgap or absmipgap,0.000983357,3.04006e+07,solve_refine_plan_hybrid.slurm_14390525_3.out.gz,2026-08-07 19:42
R010_outputs_nlv2b_plan_igp_pref_xf_hybrid_refbrent,R010_outputs,nlv2b_plan_igp_pref_xf_hybrid_refbrent,28828265690.37885,time limit with integer solution,0.00937346,2.70221e+08,solve_refine_plan_hybrid.slurm_14390525_11.out.gz,2026-08-07 20:43
R010_outputs_nlv2b_wb_C5_LNG375_refbrent,R010_outputs,nlv2b_wb_C5_LNG375_refbrent,26307624286.69309,optimal integer solution within mipgap or absmipgap,0.000915379,2.40814e+07,corr-percell_14722833_206.out,2026-09-07 00:08
R010_outputs_nlv2b_wb_C5_LNG375_refbrent_adv,R010_outputs,nlv2b_wb_C5_LNG375_refbrent_adv,24992632674.82416,optimal integer solution within mipgap or absmipgap,0.000924185,2.30978e+07,corr-percell_14722833_207.out,2026-09-06 23:07
R010_outputs_nlv2b_wb_C5_LNG375_refbrent_j120,R010_outputs,nlv2b_wb_C5_LNG375_refbrent_j120,26655602322.45090,optimal integer solution within mipgap or absmipgap,0.000992471,2.64549e+07,corr-percell_14722833_208.out,2026-09-06 23:30
R010_outputs_nlv2b_wb_C5_LNG375_refbrent_j120_adv,R010_outputs,nlv2b_wb_C5_LNG375_refbrent_j120_adv,25339043656.94207,optimal integer solution within mipgap or absmipgap,0.000951998,2.41227e+07,corr-percell_14722833_209.out,2026-09-06 22:56
R010_outputs_nlv2b_wb_C6_LNG500_futbrent,R010_outputs,nlv2b_wb_C6_LNG500_futbrent,24948895196.06631,optimal (non-)integer solution within mipgap or absmipgap,0.000837887,2.09044e+07,corr-percell_14722833_210.out,2026-09-07 00:12
R010_outputs_nlv2b_wb_C6_LNG500_futbrent_adv,R010_outputs,nlv2b_wb_C6_LNG500_futbrent_adv,23770798267.96390,optimal (non-)integer solution within mipgap or absmipgap,0.000772606,1.83655e+07,corr-percell_14722833_211.out,2026-09-06 23:32
R010_outputs_nlv2b_wb_C6_LNG500_futbrent_j120,R010_outputs,nlv2b_wb_C6_LNG500_futbrent_j120,25377633295.68158,optimal (non-)integer solution within mipgap or absmipgap,0.000930683,2.36185e+07,corr-percell_14722833_212.out,2026-09-07 00:12
R010_outputs_nlv2b_wb_C6_LNG500_futbrent_j120_adv,R010_outputs,nlv2b_wb_C6_LNG500_futbrent_j120_adv,24200869724.38054,optimal (non-)integer solution within mipgap or absmipgap,0.000942515,2.28097e+07,corr-percell_14722833_213.out,2026-09-06 23:08
R010_outputs_nlv2b_wb_C6_LNG500_highbrent,R010_outputs,nlv2b_wb_C6_LNG500_highbrent,28570129292.76818,optimal integer solution within mipgap or absmipgap,0.000706741,2.01917e+07,corr-percell_14722833_214.out,2026-09-06 22:53
R010_outputs_nlv2b_wb_C6_LNG500_highbrent_adv,R010_outputs,nlv2b_wb_C6_LNG500_highbrent_adv,27105065359.93961,optimal integer solution within mipgap or absmipgap,0.000792235,2.14736e+07,corr-percell_14722833_215.out,2026-09-06 22:18
R010_outputs_nlv2b_wb_C6_LNG500_highbrent_j120,R010_outputs,nlv2b_wb_C6_LNG500_highbrent_j120,28994728201.68729,optimal integer solution within mipgap or absmipgap,0.000647328,1.87691e+07,corr-percell_14722833_216.out,2026-09-06 23:05
R010_outputs_nlv2b_wb_C6_LNG500_highbrent_j120_adv,R010_outputs,nlv2b_wb_C6_LNG500_highbrent_j120_adv,27536364144.24519,optimal integer solution within mipgap or absmipgap,0.000974454,2.68329e+07,corr-percell_14722833_217.out,2026-09-06 22:27
R010_outputs_nlv2b_wb_C6_LNG500_lowbrent,R010_outputs,nlv2b_wb_C6_LNG500_lowbrent,22752120688.24493,optimal (non-)integer solution within mipgap or absmipgap,0.000942607,2.14463e+07,corr-percell_14722833_218.out,2026-09-07 00:08
R010_outputs_nlv2b_wb_C6_LNG500_lowbrent_adv,R010_outputs,nlv2b_wb_C6_LNG500_lowbrent_adv,21583006320.36675,optimal integer solution within mipgap or absmipgap,0.000975179,2.10473e+07,corr-percell_14722833_219.out,2026-09-07 00:03
R010_outputs_nlv2b_wb_C6_LNG500_lowbrent_j120,R010_outputs,nlv2b_wb_C6_LNG500_lowbrent_j120,23171905798.54422,optimal integer solution within mipgap or absmipgap,0.000678163,1.57143e+07,corr-percell_14722833_220.out,2026-09-06 23:59
R010_outputs_nlv2b_wb_C6_LNG500_lowbrent_j120_adv,R010_outputs,nlv2b_wb_C6_LNG500_lowbrent_j120_adv,22001798853.15059,optimal integer solution within mipgap or absmipgap,0.000612095,1.34672e+07,corr-percell_14722833_221.out,2026-09-07 00:59
R010_outputs_nlv2b_wb_C6_LNG500_refbrent,R010_outputs,nlv2b_wb_C6_LNG500_refbrent,26596880483.22269,optimal integer solution within mipgap or absmipgap,0.000971909,2.58498e+07,corr-percell_14722833_222.out,2026-09-06 23:24
R010_outputs_nlv2b_wb_C6_LNG500_refbrent_adv,R010_outputs,nlv2b_wb_C6_LNG500_refbrent_adv,25305868523.86605,optimal integer solution within mipgap or absmipgap,0.000844529,2.13715e+07,corr-percell_14722833_223.out,2026-09-06 23:17
R010_outputs_nlv2b_wb_C6_LNG500_refbrent_j120,R010_outputs,nlv2b_wb_C6_LNG500_refbrent_j120,27019906341.53755,optimal integer solution within mipgap or absmipgap,0.000842375,2.27609e+07,corr-percell_14722833_224.out,2026-09-06 23:45
R010_outputs_nlv2b_wb_C6_LNG500_refbrent_j120_adv,R010_outputs,nlv2b_wb_C6_LNG500_refbrent_j120_adv,25728132097.95984,optimal integer solution within mipgap or absmipgap,0.000695694,1.78989e+07,corr-percell_14722833_225.out,2026-09-06 23:30
R010_outputs_nlv2b_wr_C1_LSFO250_futbrent,R010_outputs,nlv2b_wr_C1_LSFO250_futbrent,26464736726.96681,optimal integer solution within mipgap or absmipgap,0.000947553,2.50767e+07,corr-percell_14722833_226.out,2026-09-07 02:21
R010_outputs_nlv2b_wr_C1_LSFO250_futbrent_adv,R010_outputs,nlv2b_wr_C1_LSFO250_futbrent_adv,25108182190.90106,optimal (non-)integer solution within mipgap or absmipgap,0.000995881,2.50048e+07,corr-percell_14722833_227.out,2026-09-07 00:53
R010_outputs_nlv2b_wr_C1_LSFO250_highbrent,R010_outputs,nlv2b_wr_C1_LSFO250_highbrent,29699424021.12269,optimal integer solution within mipgap or absmipgap,0.000999711,2.96908e+07,corr-percell_14722833_228.out,2026-09-06 23:25
R010_outputs_nlv2b_wr_C1_LSFO250_highbrent_adv,R010_outputs,nlv2b_wr_C1_LSFO250_highbrent_adv,28019034293.07773,optimal integer solution within mipgap or absmipgap,0.000980726,2.7479e+07,corr-percell_14722833_229.out,2026-09-06 23:18
R010_outputs_nlv2b_wr_C1_LSFO250_lowbrent,R010_outputs,nlv2b_wr_C1_LSFO250_lowbrent,23459144409.37660,optimal integer solution within mipgap or absmipgap,0.00092433,2.1684e+07,corr-percell_14722833_230.out,2026-09-07 01:39
R010_outputs_nlv2b_wr_C1_LSFO250_lowbrent_adv,R010_outputs,nlv2b_wr_C1_LSFO250_lowbrent_adv,22275292132.25715,optimal (non-)integer solution within mipgap or absmipgap,0.000826278,1.84056e+07,corr-percell_14722833_231.out,2026-09-07 00:20
R010_outputs_nlv2b_wr_C1_LSFO250_refbrent,R010_outputs,nlv2b_wr_C1_LSFO250_refbrent,27975079672.02837,optimal integer solution within mipgap or absmipgap,0.000994974,2.78345e+07,corr-percell_14722833_232.out,2026-09-07 01:05
R010_outputs_nlv2b_wr_C1_LSFO250_refbrent_adv,R010_outputs,nlv2b_wr_C1_LSFO250_refbrent_adv,26518627206.14752,optimal integer solution within mipgap or absmipgap,0.000995998,2.64125e+07,corr-percell_14722833_233.out,2026-09-06 23:40
R010_outputs_nlv2b_wr_C4_NOTHERMAL_futbrent,R010_outputs,nlv2b_wr_C4_NOTHERMAL_futbrent,25933286810.23189,optimal integer solution within mipgap or absmipgap,0.000995944,2.58281e+07,corr-percell_14722833_234.out,2026-09-07 00:17
R010_outputs_nlv2b_wr_C4_NOTHERMAL_futbrent_adv,R010_outputs,nlv2b_wr_C4_NOTHERMAL_futbrent_adv,24532328246.26797,optimal integer solution within mipgap or absmipgap,0.000951506,2.33427e+07,corr-percell_14722833_235.out,2026-09-07 00:03
R010_outputs_nlv2b_wr_C4_NOTHERMAL_highbrent,R010_outputs,nlv2b_wr_C4_NOTHERMAL_highbrent,29103589212.80201,optimal integer solution within mipgap or absmipgap,0.000978158,2.84679e+07,corr-percell_14722833_236.out,2026-09-06 23:49
R010_outputs_nlv2b_wr_C4_NOTHERMAL_highbrent_adv,R010_outputs,nlv2b_wr_C4_NOTHERMAL_highbrent_adv,27296200341.58342,optimal integer solution within mipgap or absmipgap,0.000986574,2.69297e+07,corr-percell_14722833_237.out,2026-09-06 23:47
R010_outputs_nlv2b_wr_C4_NOTHERMAL_lowbrent,R010_outputs,nlv2b_wr_C4_NOTHERMAL_lowbrent,22719570618.25765,optimal (non-)integer solution within mipgap or absmipgap,0.000633053,1.43827e+07,corr-percell_14722833_238.out,2026-09-07 04:39
R010_outputs_nlv2b_wr_C4_NOTHERMAL_lowbrent_adv,R010_outputs,nlv2b_wr_C4_NOTHERMAL_lowbrent_adv,21544019446.65759,optimal integer solution within mipgap or absmipgap,0.000842714,1.81554e+07,corr-percell_14723559_4.out,2026-09-07 02:16
R010_outputs_nlv2b_wr_C4_NOTHERMAL_refbrent,R010_outputs,nlv2b_wr_C4_NOTHERMAL_refbrent,27499428467.15324,optimal integer solution within mipgap or absmipgap,0.000870328,2.39335e+07,corr-percell_14722833_239.out,2026-09-07 00:00
R010_outputs_nlv2b_wr_C4_NOTHERMAL_refbrent_adv,R010_outputs,nlv2b_wr_C4_NOTHERMAL_refbrent_adv,25934874793.63345,optimal integer solution within mipgap or absmipgap,0.000913942,2.3703e+07,corr-percell_14722833_240.out,2026-09-06 23:50
R010_outputs_nlv2b_wr_C5_LNG375_refbrent,R010_outputs,nlv2b_wr_C5_LNG375_refbrent,27771552090.16313,optimal integer solution within mipgap or absmipgap,0.000998724,2.77361e+07,corr-percell_14722833_241.out,2026-09-07 00:41
R010_outputs_nlv2b_wr_C5_LNG375_refbrent_adv,R010_outputs,nlv2b_wr_C5_LNG375_refbrent_adv,26468734476.18943,optimal integer solution within mipgap or absmipgap,0.000967206,2.56007e+07,corr-percell_14722833_242.out,2026-09-06 23:57
R010_outputs_nlv2b_wr_C5_LNG375_refbrent_j120,R010_outputs,nlv2b_wr_C5_LNG375_refbrent_j120,28108590269.79354,optimal integer solution within mipgap or absmipgap,0.000710127,1.99607e+07,corr-percell_14722833_243.out,2026-09-07 00:41
R010_outputs_nlv2b_wr_C5_LNG375_refbrent_j120_adv,R010_outputs,nlv2b_wr_C5_LNG375_refbrent_j120_adv,26814104224.67527,optimal integer solution within mipgap or absmipgap,0.00094532,2.53479e+07,corr-percell_14722833_244.out,2026-09-07 00:28
R010_outputs_nlv2b_wr_C6_LNG500_futbrent,R010_outputs,nlv2b_wr_C6_LNG500_futbrent,26425502107.62816,optimal (non-)integer solution within mipgap or absmipgap,0.000985981,2.6055e+07,corr-percell_14722833_245.out,2026-09-07 01:03
R010_outputs_nlv2b_wr_C6_LNG500_futbrent_j120,R010_outputs,nlv2b_wr_C6_LNG500_futbrent_j120,26849301602.58940,optimal (non-)integer solution within mipgap or absmipgap,0.00087396,2.34652e+07,corr-percell_14722833_246.out,2026-09-07 01:41
R010_outputs_nlv2b_wr_C6_LNG500_highbrent,R010_outputs,nlv2b_wr_C6_LNG500_highbrent,30060878874.37715,optimal integer solution within mipgap or absmipgap,0.000930786,2.79802e+07,corr-percell_14722833_247.out,2026-09-07 00:13
R010_outputs_nlv2b_wr_C6_LNG500_highbrent_j120,R010_outputs,nlv2b_wr_C6_LNG500_highbrent_j120,30488802154.42291,optimal integer solution within mipgap or absmipgap,0.000999272,3.04666e+07,corr-percell_14722833_248.out,2026-09-07 00:12
R010_outputs_nlv2b_wr_C6_LNG500_lowbrent,R010_outputs,nlv2b_wr_C6_LNG500_lowbrent,24237304614.96291,optimal integer solution within mipgap or absmipgap,0.000835628,2.02534e+07,corr-percell_14722833_249.out,2026-09-07 00:45
R010_outputs_nlv2b_wr_C6_LNG500_lowbrent_j120,R010_outputs,nlv2b_wr_C6_LNG500_lowbrent_j120,24663328982.73901,optimal (non-)integer solution within mipgap or absmipgap,0.000830764,2.04894e+07,corr-percell_14722833_250.out,2026-09-07 00:22
R010_outputs_nlv2b_wr_C6_LNG500_refbrent,R010_outputs,nlv2b_wr_C6_LNG500_refbrent,28067683741.76136,optimal (non-)integer solution within mipgap or absmipgap,0.000784066,2.20069e+07,corr-percell_14722833_251.out,2026-09-07 01:12
R010_outputs_nlv2b_wr_C6_LNG500_refbrent_adv,R010_outputs,nlv2b_wr_C6_LNG500_refbrent_adv,26790897233.77815,optimal (non-)integer solution within mipgap or absmipgap,0.00076902,2.06027e+07,corr-percell_14722833_252.out,2026-09-07 00:52
R010_outputs_nlv2b_wr_C6_LNG500_refbrent_j120,R010_outputs,nlv2b_wr_C6_LNG500_refbrent_j120,28490483260.44324,optimal (non-)integer solution within mipgap or absmipgap,0.000670675,1.91079e+07,corr-percell_14722833_253.out,2026-09-07 01:03
R010_outputs_nlv2b_wr_C6_LNG500_refbrent_j120_adv,R010_outputs,nlv2b_wr_C6_LNG500_refbrent_j120_adv,27218643915.29904,optimal integer solution within mipgap or absmipgap,0.000823448,2.24131e+07,corr-percell_14722833_254.out,2026-09-07 00:52
R010_outputs_nlv2s_C1_LSFO250_futbrent_adv,R010_outputs,nlv2s_C1_LSFO250_futbrent_adv,23265440419.93560,optimal integer solution within mipgap or absmipgap,0.000928935,2.16121e+07,corr-percell_14722833_256.out,2026-09-07 01:31
R010_outputs_nlv2s_C1_LSFO250_highbrent,R010_outputs,nlv2s_C1_LSFO250_highbrent,27715830886.73034,optimal integer solution within mipgap or absmipgap,0.000877577,2.43228e+07,corr-percell_14722833_257.out,2026-09-07 01:05
R010_outputs_nlv2s_C1_LSFO250_highbrent_adv,R010_outputs,nlv2s_C1_LSFO250_highbrent_adv,26089693801.11798,optimal integer solution within mipgap or absmipgap,0.000918022,2.39509e+07,corr-percell_14722833_258.out,2026-09-07 01:17
R010_outputs_nlv2s_C1_LSFO250_lowbrent,R010_outputs,nlv2s_C1_LSFO250_lowbrent,21655374522.39676,optimal (non-)integer solution within mipgap or absmipgap,0.00097521,2.11185e+07,corr-percell_14722833_259.out,2026-09-07 06:20
R010_outputs_nlv2s_C1_LSFO250_lowbrent_adv,R010_outputs,nlv2s_C1_LSFO250_lowbrent_adv,20518730272.47165,optimal (non-)integer solution within mipgap or absmipgap,0.000908249,1.86361e+07,corr-percell_14722833_260.out,2026-09-07 02:10
R010_outputs_nlv2s_C1_LSFO250_refbrent,R010_outputs,nlv2s_C1_LSFO250_refbrent,26063833113.30296,optimal integer solution within mipgap or absmipgap,0.000928474,2.41996e+07,corr-percell_14722833_261.out,2026-09-07 02:45
R010_outputs_nlv2s_C1_LSFO250_refbrent_adv,R010_outputs,nlv2s_C1_LSFO250_refbrent_adv,24653915013.32987,optimal integer solution within mipgap or absmipgap,0.000949947,2.34199e+07,corr-percell_14722833_262.out,2026-09-07 01:08
R010_outputs_nlv2s_C2_LSFO375_futbrent,R010_outputs,nlv2s_C2_LSFO375_futbrent,24973367843.71092,optimal integer solution within mipgap or absmipgap,0.000974287,2.43312e+07,corr-percell_14722833_263.out,2026-09-07 08:18
R010_outputs_nlv2s_C2_LSFO375_futbrent_adv,R010_outputs,nlv2s_C2_LSFO375_futbrent_adv,23668683675.33008,optimal integer solution within mipgap or absmipgap,0.000957294,2.26579e+07,corr-percell_14722833_264.out,2026-09-07 02:02
R010_outputs_nlv2s_C2_LSFO375_highbrent,R010_outputs,nlv2s_C2_LSFO375_highbrent,28116479427.13984,optimal integer solution within mipgap or absmipgap,0.000699082,1.96557e+07,corr-percell_14722833_265.out,2026-09-07 02:27
R010_outputs_nlv2s_C2_LSFO375_highbrent_adv,R010_outputs,nlv2s_C2_LSFO375_highbrent_adv,26542223784.70911,optimal integer solution within mipgap or absmipgap,0.000983397,2.61015e+07,corr-percell_14722833_266.out,2026-09-07 01:04
R010_outputs_nlv2s_C2_LSFO375_lowbrent_adv,R010_outputs,nlv2s_C2_LSFO375_lowbrent_adv,20924796135.30888,optimal integer solution within mipgap or absmipgap,0.000875209,1.83136e+07,corr-percell_14722833_268.out,2026-09-07 03:02
R010_outputs_nlv2s_C2_LSFO375_refbrent,R010_outputs,nlv2s_C2_LSFO375_refbrent,26427403740.21720,optimal integer solution within mipgap or absmipgap,0.000798295,2.10969e+07,corr-percell_14722833_269.out,2026-09-07 03:02
R010_outputs_nlv2s_C2_LSFO375_refbrent_adv,R010_outputs,nlv2s_C2_LSFO375_refbrent_adv,25035543910.33179,optimal integer solution within mipgap or absmipgap,0.000904235,2.2638e+07,corr-percell_14722833_270.out,2026-09-07 01:04
R010_outputs_nlv2s_C3_LSFO500_futbrent,R010_outputs,nlv2s_C3_LSFO500_futbrent,25416927451.19917,optimal integer solution within mipgap or absmipgap,0.000949953,2.41449e+07,corr-percell_14722833_271.out,2026-09-07 03:53
R010_outputs_nlv2s_C3_LSFO500_futbrent_adv,R010_outputs,nlv2s_C3_LSFO500_futbrent_adv,24125300881.57287,optimal (non-)integer solution within mipgap or absmipgap,0.000994183,2.3985e+07,corr-percell_14722833_272.out,2026-09-07 02:05
R010_outputs_nlv2s_C3_LSFO500_highbrent,R010_outputs,nlv2s_C3_LSFO500_highbrent,28566720455.59190,optimal integer solution within mipgap or absmipgap,0.000907213,2.59161e+07,corr-percell_14722833_273.out,2026-09-07 01:56
R010_outputs_nlv2s_C3_LSFO500_highbrent_adv,R010_outputs,nlv2s_C3_LSFO500_highbrent_adv,27013726587.79271,optimal integer solution within mipgap or absmipgap,0.000823006,2.22325e+07,corr-percell_14722833_274.out,2026-09-07 01:02
R010_outputs_nlv2s_C3_LSFO500_lowbrent,R010_outputs,nlv2s_C3_LSFO500_lowbrent,22551965428.83178,optimal (non-)integer solution within mipgap or absmipgap,0.000884905,1.99564e+07,corr-percell_14722833_275.out,2026-09-07 03:57
R010_outputs_nlv2s_C3_LSFO500_lowbrent_adv,R010_outputs,nlv2s_C3_LSFO500_lowbrent_adv,21385812782.57112,optimal integer solution within mipgap or absmipgap,0.000943725,2.01823e+07,corr-percell_14722833_276.out,2026-09-07 02:52
R010_outputs_nlv2s_C3_LSFO500_refbrent,R010_outputs,nlv2s_C3_LSFO500_refbrent,26867096703.18462,optimal (non-)integer solution within mipgap or absmipgap,0.000846311,2.27379e+07,corr-percell_14722833_277.out,2026-09-07 02:19
R010_outputs_nlv2s_C3_LSFO500_refbrent_adv,R010_outputs,nlv2s_C3_LSFO500_refbrent_adv,25471478480.06551,optimal integer solution within mipgap or absmipgap,0.000576419,1.46822e+07,corr-percell_14722833_278.out,2026-09-07 01:33
R010_outputs_nlv2s_C4_NOTHERMAL_futbrent_adv,R010_outputs,nlv2s_C4_NOTHERMAL_futbrent_adv,22728715428.16380,optimal integer solution within mipgap or absmipgap,0.000924418,2.10108e+07,corr-percell_14722833_280.out,2026-09-07 01:53
R010_outputs_nlv2s_C4_NOTHERMAL_highbrent,R010_outputs,nlv2s_C4_NOTHERMAL_highbrent,27107912583.88633,optimal integer solution within mipgap or absmipgap,0.000935455,2.53582e+07,corr-percell_14723466_2.out,2026-09-07 01:48
R010_outputs_nlv2s_C4_NOTHERMAL_highbrent_adv,R010_outputs,nlv2s_C4_NOTHERMAL_highbrent_adv,25369247524.62378,optimal integer solution within mipgap or absmipgap,0.000935762,2.37396e+07,corr-percell_14722833_282.out,2026-09-07 01:24
R010_outputs_nlv2s_C4_NOTHERMAL_lowbrent,R010_outputs,nlv2s_C4_NOTHERMAL_lowbrent,20986993807.59122,optimal (non-)integer solution within mipgap or absmipgap,0.000869832,1.82552e+07,corr-percell_14723466_3.out,2026-09-07 02:23
R010_outputs_nlv2s_C4_NOTHERMAL_lowbrent_adv,R010_outputs,nlv2s_C4_NOTHERMAL_lowbrent_adv,19851583443.14232,optimal integer solution within mipgap or absmipgap,0.00085003,1.68744e+07,corr-percell_14722833_284.out,2026-09-07 02:54
R010_outputs_nlv2s_C4_NOTHERMAL_refbrent_adv,R010_outputs,nlv2s_C4_NOTHERMAL_refbrent_adv,24090878362.41680,optimal integer solution within mipgap or absmipgap,0.000979601,2.35994e+07,corr-percell_14722833_286.out,2026-09-07 03:09
R010_outputs_nlv2s_C5_LNG375_futbrent,R010_outputs,nlv2s_C5_LNG375_futbrent,24338815457.78877,optimal integer solution within mipgap or absmipgap,0.000986489,2.401e+07,corr-percell_14722833_287.out,2026-09-07 03:26
R010_outputs_nlv2s_C5_LNG375_futbrent_adv,R010_outputs,nlv2s_C5_LNG375_futbrent_adv,23148255993.66076,optimal integer solution within mipgap or absmipgap,0.000961394,2.22546e+07,corr-percell_14722833_288.out,2026-09-07 02:25
R010_outputs_nlv2s_C5_LNG375_futbrent_j120,R010_outputs,nlv2s_C5_LNG375_futbrent_j120,24679707369.35601,optimal integer solution within mipgap or absmipgap,0.00077936,1.92344e+07,corr-percell_14722833_289.out,2026-09-07 03:40
R010_outputs_nlv2s_C5_LNG375_futbrent_j120_adv,R010_outputs,nlv2s_C5_LNG375_futbrent_j120_adv,23494895753.91370,optimal integer solution within mipgap or absmipgap,0.000992344,2.3315e+07,corr-percell_14722833_290.out,2026-09-07 02:03
R010_outputs_nlv2s_C5_LNG375_highbrent,R010_outputs,nlv2s_C5_LNG375_highbrent,27798624991.22665,optimal integer solution within mipgap or absmipgap,0.000966091,2.6856e+07,corr-percell_14722833_291.out,2026-09-07 02:26
R010_outputs_nlv2s_C5_LNG375_highbrent_adv,R010_outputs,nlv2s_C5_LNG375_highbrent_adv,26359621748.93027,optimal integer solution within mipgap or absmipgap,0.000987376,2.60269e+07,corr-percell_14722833_292.out,2026-09-07 01:25
R010_outputs_nlv2s_C5_LNG375_highbrent_j120,R010_outputs,nlv2s_C5_LNG375_highbrent_j120,28144140249.58003,optimal integer solution within mipgap or absmipgap,0.000945529,2.66111e+07,corr-percell_14722833_293.out,2026-09-07 02:28
R010_outputs_nlv2s_C5_LNG375_highbrent_j120_adv,R010_outputs,nlv2s_C5_LNG375_highbrent_j120_adv,26700088384.81356,optimal integer solution within mipgap or absmipgap,0.000774617,2.06823e+07,corr-percell_14722833_294.out,2026-09-07 01:10
R010_outputs_nlv2s_C5_LNG375_lowbrent,R010_outputs,nlv2s_C5_LNG375_lowbrent,22059105014.25755,optimal integer solution within mipgap or absmipgap,0.000809,1.78458e+07,corr-percell_14722833_295.out,2026-09-07 03:38
R010_outputs_nlv2s_C5_LNG375_lowbrent_adv,R010_outputs,nlv2s_C5_LNG375_lowbrent_adv,20942302043.93861,optimal integer solution within mipgap or absmipgap,0.00088524,1.8539e+07,corr-percell_14722833_296.out,2026-09-07 04:34
R010_outputs_nlv2s_C5_LNG375_lowbrent_j120,R010_outputs,nlv2s_C5_LNG375_lowbrent_j120,22409463555.94926,optimal integer solution within mipgap or absmipgap,0.00097829,2.1923e+07,corr-percell_14722833_297.out,2026-09-07 04:04
R010_outputs_nlv2s_C5_LNG375_lowbrent_j120_adv,R010_outputs,nlv2s_C5_LNG375_lowbrent_j120_adv,21287549455.93023,optimal integer solution within mipgap or absmipgap,0.000859387,1.82943e+07,corr-percell_14722833_298.out,2026-09-07 04:16
R010_outputs_nlv2s_C5_LNG375_refbrent,R010_outputs,nlv2s_C5_LNG375_refbrent,25890706661.65946,optimal integer solution within mipgap or absmipgap,0.000977064,2.52969e+07,corr-percell_14722833_299.out,2026-09-07 02:36
R010_outputs_nlv2s_C5_LNG375_refbrent_adv,R010_outputs,nlv2s_C5_LNG375_refbrent_adv,24617664608.71996,optimal integer solution within mipgap or absmipgap,0.000701374,1.72662e+07,corr-percell_14722833_300.out,2026-09-07 02:00
R010_outputs_nlv2s_C5_LNG375_refbrent_j120,R010_outputs,nlv2s_C5_LNG375_refbrent_j120,26235846614.07657,optimal integer solution within mipgap or absmipgap,0.000956312,2.50896e+07,corr-percell_14722833_301.out,2026-09-07 02:30
R010_outputs_nlv2s_C5_LNG375_refbrent_j120_adv,R010_outputs,nlv2s_C5_LNG375_refbrent_j120_adv,24966384353.27329,optimal integer solution within mipgap or absmipgap,0.000823908,2.057e+07,corr-percell_14722833_302.out,2026-09-07 01:52
R010_outputs_nlv2s_C6_STATUSQUO_futbrent,R010_outputs,nlv2s_C6_STATUSQUO_futbrent,26055946270.86456,optimal (non-)integer solution within mipgap or absmipgap,0.000971919,2.53243e+07,corr-percell_14723466_5.out,2026-09-07 02:38
R010_outputs_nlv2s_C6_STATUSQUO_futbrent_adv,R010_outputs,nlv2s_C6_STATUSQUO_futbrent_adv,24924060167.43819,optimal (non-)integer solution within mipgap or absmipgap,0.000990989,2.46995e+07,corr-percell_14722833_304.out,2026-09-07 02:02
R010_outputs_nlv2s_C6_STATUSQUO_futbrent_j120,R010_outputs,nlv2s_C6_STATUSQUO_futbrent_j120,26479762816.83677,optimal (non-)integer solution within mipgap or absmipgap,0.000889655,2.35579e+07,corr-percell_14722833_305.out,2026-09-07 02:38
R010_outputs_nlv2s_C6_STATUSQUO_futbrent_j120_adv,R010_outputs,nlv2s_C6_STATUSQUO_futbrent_j120_adv,25350687010.92605,optimal (non-)integer solution within mipgap or absmipgap,0.000994246,2.52048e+07,corr-percell_14722833_306.out,2026-09-07 02:14
R010_outputs_nlv2s_C6_STATUSQUO_highbrent,R010_outputs,nlv2s_C6_STATUSQUO_highbrent,29598350864.27503,optimal integer solution within mipgap or absmipgap,0.000966358,2.86026e+07,corr-percell_14723466_6.out,2026-09-07 02:09
R010_outputs_nlv2s_C6_STATUSQUO_highbrent_adv,R010_outputs,nlv2s_C6_STATUSQUO_highbrent_adv,28200426001.06590,optimal integer solution within mipgap or absmipgap,0.00095392,2.69009e+07,corr-percell_14722833_308.out,2026-09-07 00:45
R010_outputs_nlv2s_C6_STATUSQUO_highbrent_j120,R010_outputs,nlv2s_C6_STATUSQUO_highbrent_j120,30025440383.86899,optimal integer solution within mipgap or absmipgap,0.000988372,2.96763e+07,corr-percell_14722833_309.out,2026-09-07 01:36
R010_outputs_nlv2s_C6_STATUSQUO_highbrent_j120_adv,R010_outputs,nlv2s_C6_STATUSQUO_highbrent_j120_adv,28626398481.28822,optimal integer solution within mipgap or absmipgap,0.000941382,2.69484e+07,corr-percell_14722833_310.out,2026-09-07 00:53
R010_outputs_nlv2s_C6_STATUSQUO_lowbrent,R010_outputs,nlv2s_C6_STATUSQUO_lowbrent,23925435189.51266,optimal integer solution within mipgap or absmipgap,0.000961588,2.30064e+07,corr-percell_14723466_7.out,2026-09-07 01:54
R010_outputs_nlv2s_C6_STATUSQUO_lowbrent_adv,R010_outputs,nlv2s_C6_STATUSQUO_lowbrent_adv,22763371704.45187,optimal integer solution within mipgap or absmipgap,0.000555562,1.26465e+07,corr-percell_14722833_312.out,2026-09-07 02:12
R010_outputs_nlv2s_C6_STATUSQUO_lowbrent_j120,R010_outputs,nlv2s_C6_STATUSQUO_lowbrent_j120,24349029485.90464,optimal integer solution within mipgap or absmipgap,0.000849212,2.06775e+07,corr-percell_14722833_313.out,2026-09-07 01:45
R010_outputs_nlv2s_C6_STATUSQUO_lowbrent_j120_adv,R010_outputs,nlv2s_C6_STATUSQUO_lowbrent_j120_adv,23193660681.51432,optimal integer solution within mipgap or absmipgap,0.000743192,1.72374e+07,corr-percell_14722833_314.out,2026-09-07 05:43
R010_outputs_nlv2s_C6_STATUSQUO_refbrent,R010_outputs,nlv2s_C6_STATUSQUO_refbrent,27667247732.19388,optimal (non-)integer solution within mipgap or absmipgap,0.000965206,2.67046e+07,corr-percell_14723466_8.out,2026-09-07 02:08
R010_outputs_nlv2s_C6_STATUSQUO_refbrent_adv,R010_outputs,nlv2s_C6_STATUSQUO_refbrent_adv,26436396823.12222,optimal (non-)integer solution within mipgap or absmipgap,0.000904511,2.3912e+07,corr-percell_14722833_316.out,2026-09-07 05:07
R010_outputs_nlv2s_C6_STATUSQUO_refbrent_j120,R010_outputs,nlv2s_C6_STATUSQUO_refbrent_j120,28094553785.27113,optimal (non-)integer solution within mipgap or absmipgap,0.000997147,2.80144e+07,corr-percell_14722833_317.out,2026-09-07 05:03
R010_outputs_nlv2s_C6_STATUSQUO_refbrent_j120_adv,R010_outputs,nlv2s_C6_STATUSQUO_refbrent_j120_adv,26863792316.79124,optimal integer solution within mipgap or absmipgap,0.000990088,2.65975e+07,corr-percell_14722833_318.out,2026-09-07 04:37
R010_outputs_nlv2s_be_pv15_C1_LSFO250_refbrent_adv,R010_outputs,nlv2s_be_pv15_C1_LSFO250_refbrent_adv,26358836745.96664,optimal integer solution within mipgap or absmipgap,0.000980513,2.58452e+07,corr-percell_14722833_320.out,2026-09-07 06:02
R010_outputs_nlv2s_be_pv15_C4_NOTHERMAL_refbrent_adv,R010_outputs,nlv2s_be_pv15_C4_NOTHERMAL_refbrent_adv,25934048918.02166,optimal integer solution within mipgap or absmipgap,0.000838134,2.17362e+07,corr-percell_14722833_325.out,2026-09-07 05:32
R010_outputs_nlv2s_be_pv15_C6_STATUSQUO_futbrent,R010_outputs,nlv2s_be_pv15_C6_STATUSQUO_futbrent,27557794858.33789,optimal integer solution within mipgap or absmipgap,0.000759757,2.09372e+07,corr-percell_14723466_13.out,2026-09-07 02:02
R010_outputs_nlv2s_be_pv15_C6_STATUSQUO_highbrent,R010_outputs,nlv2s_be_pv15_C6_STATUSQUO_highbrent,31540152378.27733,optimal integer solution within mipgap or absmipgap,0.000957317,3.01939e+07,corr-percell_14723466_14.out,2026-09-07 07:46
R010_outputs_nlv2s_be_pv15_C6_STATUSQUO_lowbrent,R010_outputs,nlv2s_be_pv15_C6_STATUSQUO_lowbrent,25323351564.98776,optimal integer solution within mipgap or absmipgap,0.000979742,2.48103e+07,corr-percell_14723466_15.out,2026-09-07 01:20
R010_outputs_nlv2s_be_pv15_C6_STATUSQUO_refbrent,R010_outputs,nlv2s_be_pv15_C6_STATUSQUO_refbrent,29290803148.45284,optimal integer solution within mipgap or absmipgap,0.000983391,2.88043e+07,corr-percell_14723466_16.out,2026-09-07 01:53
R010_outputs_nlv2s_be_pv15_lngconv_heco_futbrent,R010_outputs,nlv2s_be_pv15_lngconv_heco_futbrent,24450713085.42817,optimal integer solution within mipgap or absmipgap,0.000997776,2.43963e+07,corr-percell_14723466_17.out,2026-09-07 02:24
R010_outputs_nlv2s_be_pv15_lngconv_heco_lowbrent,R010_outputs,nlv2s_be_pv15_lngconv_heco_lowbrent,22058459833.77441,optimal integer solution within mipgap or absmipgap,0.000791213,1.74529e+07,corr-percell_14723466_19.out,2026-09-07 01:57
R010_outputs_nlv2s_be_pv15_wb_C6_LNG500_futbrent,R010_outputs,nlv2s_be_pv15_wb_C6_LNG500_futbrent,26084929899.73756,optimal integer solution within mipgap or absmipgap,0.000929485,2.42456e+07,corr-percell_14723466_21.out,2026-09-07 02:02
R010_outputs_nlv2s_be_pv15_wb_C6_LNG500_highbrent,R010_outputs,nlv2s_be_pv15_wb_C6_LNG500_highbrent,30058878814.57516,optimal integer solution within mipgap or absmipgap,0.00099884,3.0024e+07,corr-percell_14723466_22.out,2026-09-07 04:27
R010_outputs_nlv2s_be_pv15_wb_C6_LNG500_lowbrent,R010_outputs,nlv2s_be_pv15_wb_C6_LNG500_lowbrent,23835229880.68482,optimal integer solution within mipgap or absmipgap,0.000679942,1.62066e+07,corr-percell_14723466_23.out,2026-09-07 02:14
R010_outputs_nlv2s_be_pv15_wb_C6_LNG500_refbrent,R010_outputs,nlv2s_be_pv15_wb_C6_LNG500_refbrent,27812777446.49796,optimal integer solution within mipgap or absmipgap,0.000919348,2.55696e+07,corr-percell_14723466_24.out,2026-09-07 02:57
R010_outputs_nlv2s_be_pv17_C1_LSFO250_refbrent,R010_outputs,nlv2s_be_pv17_C1_LSFO250_refbrent,28553189976.60532,optimal integer solution within mipgap or absmipgap,0.000987523,2.81969e+07,corr-percell_14722833_339.out,2026-09-07 08:06
R010_outputs_nlv2s_be_pv17_C1_LSFO250_refbrent_adv,R010_outputs,nlv2s_be_pv17_C1_LSFO250_refbrent_adv,26917465110.55648,optimal integer solution within mipgap or absmipgap,0.000806601,2.17116e+07,corr-percell_14722833_340.out,2026-09-07 06:11
R010_outputs_nlv2s_be_pv17_C4_NOTHERMAL_futbrent,R010_outputs,nlv2s_be_pv17_C4_NOTHERMAL_futbrent,26393683849.86318,optimal integer solution within mipgap or absmipgap,0.000963904,2.5441e+07,corr-percell_14723466_25.out,2026-09-07 02:24
R010_outputs_nlv2s_be_pv17_C4_NOTHERMAL_highbrent,R010_outputs,nlv2s_be_pv17_C4_NOTHERMAL_highbrent,30444829474.79074,optimal integer solution within mipgap or absmipgap,0.00099454,3.02786e+07,corr-percell_14723466_26.out,2026-09-07 05:54
R010_outputs_nlv2s_be_pv17_C4_NOTHERMAL_lowbrent,R010_outputs,nlv2s_be_pv17_C4_NOTHERMAL_lowbrent,22862555378.47132,optimal integer solution within mipgap or absmipgap,0.000999598,2.28534e+07,corr-percell_14723466_27.out,2026-09-07 03:42
R010_outputs_nlv2s_be_pv17_C4_NOTHERMAL_refbrent,R010_outputs,nlv2s_be_pv17_C4_NOTHERMAL_refbrent,28322038462.60261,optimal integer solution within mipgap or absmipgap,0.000951467,2.69475e+07,corr-percell_14723466_28.out,2026-09-07 04:31
R010_outputs_nlv2s_be_pv17_C4_NOTHERMAL_refbrent_adv,R010_outputs,nlv2s_be_pv17_C4_NOTHERMAL_refbrent_adv,26544405243.05507,optimal integer solution within mipgap or absmipgap,0.000910835,2.41776e+07,corr-percell_14722833_345.out,2026-09-07 05:46
R010_outputs_nlv2s_be_pv17_C6_STATUSQUO_futbrent,R010_outputs,nlv2s_be_pv17_C6_STATUSQUO_futbrent,28031826751.66714,optimal integer solution within mipgap or absmipgap,0.000898263,2.51799e+07,corr-percell_14723466_29.out,2026-09-07 02:26
R010_outputs_nlv2s_be_pv17_C6_STATUSQUO_highbrent,R010_outputs,nlv2s_be_pv17_C6_STATUSQUO_highbrent,32174185286.14107,optimal integer solution within mipgap or absmipgap,0.000748326,2.40768e+07,corr-percell_14723466_30.out,2026-09-07 02:24
R010_outputs_nlv2s_be_pv17_C6_STATUSQUO_lowbrent,R010_outputs,nlv2s_be_pv17_C6_STATUSQUO_lowbrent,25749431094.39035,optimal integer solution within mipgap or absmipgap,0.000510628,1.31484e+07,corr-percell_14723559_5.out,2026-09-07 04:02
R010_outputs_nlv2s_be_pv17_C6_STATUSQUO_refbrent,R010_outputs,nlv2s_be_pv17_C6_STATUSQUO_refbrent,29830076677.01392,optimal integer solution within mipgap or absmipgap,0.000886257,2.64371e+07,corr-percell_14723466_31.out,2026-09-07 01:50
R010_outputs_nlv2s_be_pv17_lngconv_heco_futbrent,R010_outputs,nlv2s_be_pv17_lngconv_heco_futbrent,24936740742.31432,optimal integer solution within mipgap or absmipgap,0.000923427,2.30273e+07,corr-percell_14723466_32.out,2026-09-07 02:13
R010_outputs_nlv2s_be_pv17_lngconv_heco_lowbrent,R010_outputs,nlv2s_be_pv17_lngconv_heco_lowbrent,22505679217.52671,optimal (non-)integer solution within mipgap or absmipgap,0.000797909,1.79575e+07,corr-percell_14723466_34.out,2026-09-07 02:18
R010_outputs_nlv2s_be_pv17_lngconv_heco_refbrent,R010_outputs,nlv2s_be_pv17_lngconv_heco_refbrent,26990041326.37533,optimal integer solution within mipgap or absmipgap,0.0009962,2.68875e+07,corr-percell_14723466_35.out,2026-09-07 02:14
R010_outputs_nlv2s_be_pv17_wb_C6_LNG500_futbrent,R010_outputs,nlv2s_be_pv17_wb_C6_LNG500_futbrent,26557382759.35585,optimal integer solution within mipgap or absmipgap,0.000969283,2.57416e+07,corr-percell_14723466_36.out,2026-09-07 02:07
R010_outputs_nlv2s_be_pv17_wb_C6_LNG500_highbrent,R010_outputs,nlv2s_be_pv17_wb_C6_LNG500_highbrent,30691650545.33473,optimal integer solution within mipgap or absmipgap,0.000796861,2.4457e+07,corr-percell_14723466_37.out,2026-09-07 02:18
R010_outputs_nlv2s_be_pv17_wb_C6_LNG500_lowbrent,R010_outputs,nlv2s_be_pv17_wb_C6_LNG500_lowbrent,24282521343.04769,optimal integer solution within mipgap or absmipgap,0.000997438,2.42203e+07,corr-percell_14723466_38.out,2026-09-07 07:56
R010_outputs_nlv2s_be_pv17_wb_C6_LNG500_refbrent,R010_outputs,nlv2s_be_pv17_wb_C6_LNG500_refbrent,28360411744.46483,optimal integer solution within mipgap or absmipgap,0.000969674,2.75003e+07,corr-percell_14723466_39.out,2026-09-07 02:13
R010_outputs_nlv2s_be_pv17_wb_C6_LNG500_refbrent_j120,R010_outputs,nlv2s_be_pv17_wb_C6_LNG500_refbrent_j120,28786712529.93135,optimal (non-)integer solution within mipgap or absmipgap,0.000973134,2.80133e+07,corr-percell_14722833_357.out,2026-09-07 06:24
R010_outputs_nlv2s_egs_high_lng_forced_refbrent,R010_outputs,nlv2s_egs_high_lng_forced_refbrent,26516282505.69073,optimal integer solution within mipgap or absmipgap,0.00090965,2.41205e+07,corr-percell_14722833_358.out,2026-09-07 07:13
R010_outputs_nlv2s_egs_high_lng_forced_refbrent_adv,R010_outputs,nlv2s_egs_high_lng_forced_refbrent_adv,25090889714.42043,optimal integer solution within mipgap or absmipgap,0.00085577,2.1472e+07,corr-percell_14722833_359.out,2026-09-07 07:23
R010_outputs_nlv2s_egs_high_lng_forced_refbrent_j120_adv,R010_outputs,nlv2s_egs_high_lng_forced_refbrent_j120_adv,25520981379.85863,optimal integer solution within mipgap or absmipgap,0.000993628,2.53584e+07,corr-percell_14722833_360.out,2026-09-07 07:20
R010_outputs_nlv2s_egs_high_no_lng_highbrent_adv,R010_outputs,nlv2s_egs_high_no_lng_highbrent_adv,25762879479.83664,optimal integer solution within mipgap or absmipgap,0.000881405,2.27075e+07,corr-percell_14722833_362.out,2026-09-07 07:24
R010_outputs_nlv2s_egs_high_no_lng_lowbrent_adv,R010_outputs,nlv2s_egs_high_no_lng_lowbrent_adv,19874885981.83179,optimal (non-)integer solution within mipgap or absmipgap,0.000907295,1.80324e+07,corr-percell_14722833_363.out,2026-09-07 07:30
R010_outputs_nlv2s_egs_low_lng_forced_refbrent,R010_outputs,nlv2s_egs_low_lng_forced_refbrent,25878367515.86306,optimal integer solution within mipgap or absmipgap,0.000992472,2.56836e+07,corr-percell_14722833_365.out,2026-09-07 07:40
R010_outputs_nlv2s_egs_low_lng_forced_refbrent_adv,R010_outputs,nlv2s_egs_low_lng_forced_refbrent_adv,24628549299.70720,optimal integer solution within mipgap or absmipgap,0.000648347,1.59678e+07,corr-percell_14722833_366.out,2026-09-07 07:58
R010_outputs_nlv2s_egs_low_lng_forced_refbrent_j120,R010_outputs,nlv2s_egs_low_lng_forced_refbrent_j120,26304060991.36491,optimal integer solution within mipgap or absmipgap,0.000974353,2.56294e+07,corr-percell_14722833_367.out,2026-09-07 08:31
R010_outputs_nlv2s_egs_low_lng_forced_refbrent_j120_adv,R010_outputs,nlv2s_egs_low_lng_forced_refbrent_j120_adv,25052637928.67934,optimal integer solution within mipgap or absmipgap,0.000565018,1.41552e+07,corr-percell_14722833_368.out,2026-09-07 08:50
R010_outputs_nlv2s_egs_low_no_lng_highbrent,R010_outputs,nlv2s_egs_low_no_lng_highbrent,26794163254.27041,optimal integer solution within mipgap or absmipgap,0.000962388,2.57864e+07,corr-percell_14722833_370.out,2026-09-07 08:55
R010_outputs_nlv2s_egs_low_no_lng_highbrent_adv,R010_outputs,nlv2s_egs_low_no_lng_highbrent_adv,25056565468.32814,optimal integer solution within mipgap or absmipgap,0.000973607,2.43952e+07,corr-percell_14722833_371.out,2026-09-07 08:34
R010_outputs_nlv2s_lc_C6_STATUSQUO_lowbrent,R010_outputs,nlv2s_lc_C6_STATUSQUO_lowbrent,24329609611.18224,optimal integer solution within mipgap or absmipgap,0.000867486,2.11056e+07,corr-percell_14723559_6.out,2026-09-07 01:23
R010_outputs_nlv2s_lc_C6_STATUSQUO_lowbrent_j120_adv,R010_outputs,nlv2s_lc_C6_STATUSQUO_lowbrent_j120_adv,23635184898.28735,optimal integer solution within mipgap or absmipgap,0.000931884,2.20252e+07,corr-percell_14723559_7.out,2026-09-07 01:13
R010_outputs_nlv2s_lngconv_heco_futbrent,R010_outputs,nlv2s_lngconv_heco_futbrent,22923571682.12130,optimal (non-)integer solution within mipgap or absmipgap,0.000907704,2.08078e+07,corr-percell_14723466_40.out,2026-09-07 02:53
R010_outputs_nlv2s_lngconv_heco_highbrent,R010_outputs,nlv2s_lngconv_heco_highbrent,26627550211.67907,optimal integer solution within mipgap or absmipgap,0.000999718,2.662e+07,corr-percell_14723466_41.out,2026-09-07 04:57
R010_outputs_nlv2s_lngconv_heco_lowbrent,R010_outputs,nlv2s_lngconv_heco_lowbrent,20633253887.31180,optimal (non-)integer solution within mipgap or absmipgap,0.000562732,1.1611e+07,corr-percell_14723466_42.out,2026-09-07 02:13
R010_outputs_nlv2s_plan_hseo_lng_hybrid_refbrent,R010_outputs,nlv2s_plan_hseo_lng_hybrid_refbrent,28034744608.15977,time limit with integer solution,0.00129666,3.63515e+07,solve_refine_plan_hybrid.slurm_14390525_10.out.gz,2026-08-07 20:42
R010_outputs_nlv2s_plan_hseo_lng_pv15_hybrid_refbrent,R010_outputs,nlv2s_plan_hseo_lng_pv15_hybrid_refbrent,29089549642.01276,optimal integer solution within mipgap or absmipgap,0.000999529,2.90759e+07,solve_refine_plan_hybrid.slurm_14390525_13.out.gz,2026-08-07 04:08
R010_outputs_nlv2s_plan_hseo_lng_pv17_hybrid_refbrent,R010_outputs,nlv2s_plan_hseo_lng_pv17_hybrid_refbrent,29476317577.88882,optimal integer solution within mipgap or absmipgap,0.00099879,2.94407e+07,solve_refine_plan_hybrid.slurm_14390525_12.out.gz,2026-08-07 11:29
R010_outputs_nlv2s_plan_hseo_oil_hybrid_refbrent,R010_outputs,nlv2s_plan_hseo_oil_hybrid_refbrent,28774935593.21437,time limit with integer solution,0.00141675,4.07669e+07,solve_refine_plan_hybrid.slurm_14390525_2.out.gz,2026-08-07 20:45
R010_outputs_nlv2s_plan_hseo_oil_pv15_hybrid_refbrent,R010_outputs,nlv2s_plan_hseo_oil_pv15_hybrid_refbrent,29878992462.92840,time limit with integer solution,0.00109485,3.27131e+07,solve_refine_plan_hybrid.slurm_14390525_6.out.gz,2026-08-07 20:42
R010_outputs_nlv2s_plan_hseo_oil_pv17_hybrid_refbrent,R010_outputs,nlv2s_plan_hseo_oil_pv17_hybrid_refbrent,30282301642.89684,optimal (non-)integer solution within mipgap or absmipgap,0.000981716,2.97286e+07,solve_refine_plan_hybrid.slurm_14390525_5.out.gz,2026-08-07 18:57
R010_outputs_nlv2s_wb_C6_LNG500_futbrent,R010_outputs,nlv2s_wb_C6_LNG500_futbrent,24580900981.85418,optimal (non-)integer solution within mipgap or absmipgap,0.000999092,2.45586e+07,corr-percell_14723466_44.out,2026-09-07 05:05
R010_outputs_nlv2s_wb_C6_LNG500_highbrent,R010_outputs,nlv2s_wb_C6_LNG500_highbrent,28109761321.72724,optimal (non-)integer solution within mipgap or absmipgap,0.000824572,2.31785e+07,corr-percell_14723466_45.out,2026-09-07 01:45
R010_outputs_nlv2s_wb_C6_LNG500_lowbrent,R010_outputs,nlv2s_wb_C6_LNG500_lowbrent,22435982143.96967,optimal integer solution within mipgap or absmipgap,0.00098599,2.21217e+07,corr-percell_14723466_46.out,2026-09-07 03:20
R010_outputs_nlv2s_wb_C6_LNG500_refbrent,R010_outputs,nlv2s_wb_C6_LNG500_refbrent,26191332161.84060,optimal integer solution within mipgap or absmipgap,0.000959786,2.51381e+07,corr-percell_14723466_47.out,2026-09-07 01:47
R0015_outputs_dga_C4_NOTHERMAL_refbrent,R0015_outputs,dga_C4_NOTHERMAL_refbrent,29147456892.04287,optimal integer solution within mipgap or absmipgap,0.00142104,4.14196e+07,corr-percell_14234996_2.out.gz,2026-07-27 19:06
R0015_outputs_dgs_C4_NOTHERMAL_refbrent,R0015_outputs,dgs_C4_NOTHERMAL_refbrent,28168882899.83838,optimal integer solution within mipgap or absmipgap,0.00149612,4.2144e+07,corr-percell_14234996_0.out.gz,2026-07-27 19:40
R0015_outputs_dgs_C5_LNG375_refbrent,R0015_outputs,dgs_C5_LNG375_refbrent,28303153371.76730,optimal integer solution within mipgap or absmipgap,0.00138399,3.91713e+07,corr-percell_14234996_1.out.gz,2026-07-28 09:02
R0015_outputs_nlv2a_plan_igp_pref_pv17_hybrid_refbrent,R0015_outputs,nlv2a_plan_igp_pref_pv17_hybrid_refbrent,27928207073.13380,time limit with integer solution,0.00316453,8.83796e+07,solve_plan_hybrid_ladder.slurm_14388597_0.out.gz,2026-08-09 05:39
R0015_outputs_nlv2b_plan_igp_pref_xf_hybrid_refbrent,R0015_outputs,nlv2b_plan_igp_pref_xf_hybrid_refbrent,28731263236.40125,time limit with integer solution,0.00330053,9.48283e+07,solve_plan_hybrid_ladder.slurm_14388597_1.out.gz,2026-08-09 07:57
outputs_C1_LSFO250_highbrent,outputs,C1_LSFO250_highbrent,27695943101.35711,optimal integer solution within mipgap or absmipgap,0.00231322,6.40667e+07,corr-p025_14075382_10.out.gz,2026-07-21 10:09
outputs_C1_LSFO250_highbrent_adv,outputs,C1_LSFO250_highbrent_adv,26976937890.64260,optimal integer solution within mipgap or absmipgap,0.0024149,6.51467e+07,corr-adv_14075385_4.out.gz,2026-07-21 09:59
outputs_C1_LSFO250_lowbrent,outputs,C1_LSFO250_lowbrent,26692289962.82975,optimal integer solution within mipgap or absmipgap,0.00249492,6.65952e+07,corr-p025_14075382_6.out.gz,2026-07-21 10:36
outputs_C1_LSFO250_lowbrent_adv,outputs,C1_LSFO250_lowbrent_adv,26006685692.94895,optimal integer solution within mipgap or absmipgap,0.00218155,5.67349e+07,corr-adv_14075385_6.out.gz,2026-07-21 09:46
outputs_C1_LSFO250_refbrent,outputs,C1_LSFO250_refbrent,27123977768.06018,optimal integer solution within mipgap or absmipgap,0.00197636,5.36067e+07,corr-p025_14075382_1.out.gz,2026-07-21 10:36
outputs_C1_LSFO250_refbrent_adv,outputs,C1_LSFO250_refbrent_adv,26465978543.67661,optimal integer solution within mipgap or absmipgap,0.0019536,5.17039e+07,corr-adv_14075385_15.out.gz,2026-07-21 09:51
outputs_C2_LSFO375_highbrent,outputs,C2_LSFO375_highbrent,28054878215.02098,optimal integer solution within mipgap or absmipgap,0.0024571,6.89338e+07,corr-p025_14075382_1.out.gz,2026-07-21 10:36
outputs_C2_LSFO375_highbrent_adv,outputs,C2_LSFO375_highbrent_adv,27320530124.12892,optimal integer solution within mipgap or absmipgap,0.00194155,5.30441e+07,corr-adv_14075385_0.out.gz,2026-07-21 09:54
outputs_C2_LSFO375_lowbrent,outputs,C2_LSFO375_lowbrent,27008799002.68193,optimal integer solution within mipgap or absmipgap,0.00236808,6.3959e+07,corr-p025_14075382_11.out.gz,2026-07-21 10:06
outputs_C2_LSFO375_lowbrent_adv,outputs,C2_LSFO375_lowbrent_adv,26280743587.04817,optimal integer solution within mipgap or absmipgap,0.00243951,6.41122e+07,corr-adv_14075385_5.out.gz,2026-07-21 09:52
outputs_C2_LSFO375_refbrent,outputs,C2_LSFO375_refbrent,27471411465.74674,optimal integer solution within mipgap or absmipgap,0.00229387,6.3016e+07,corr-p025_14075382_9.out.gz,2026-07-21 11:04
outputs_C2_LSFO375_refbrent_adv,outputs,C2_LSFO375_refbrent_adv,26770249690.87379,optimal integer solution within mipgap or absmipgap,0.00185405,4.96333e+07,corr-adv_14075385_14.out.gz,2026-07-21 09:58
outputs_C3_LSFO500_highbrent,outputs,C3_LSFO500_highbrent,28479462271.10459,optimal integer solution within mipgap or absmipgap,0.00234826,6.68771e+07,corr-p025_14075382_10.out.gz,2026-07-21 10:09
outputs_C3_LSFO500_highbrent_adv,outputs,C3_LSFO500_highbrent_adv,27711683294.67089,optimal integer solution within mipgap or absmipgap,0.00197637,5.47685e+07,corr-adv_14075385_1.out.gz,2026-07-21 09:49
outputs_C3_LSFO500_lowbrent,outputs,C3_LSFO500_lowbrent,27431754574.77277,optimal (non-)integer solution within mipgap or absmipgap,0.00234595,6.43536e+07,corr-p025_14075382_4.out.gz,2026-07-21 10:23
outputs_C3_LSFO500_lowbrent_adv,outputs,C3_LSFO500_lowbrent_adv,26633999241.22469,optimal integer solution within mipgap or absmipgap,0.00220061,5.86109e+07,corr-adv_14075385_15.out.gz,2026-07-21 09:51
outputs_C3_LSFO500_refbrent,outputs,C3_LSFO500_refbrent,27894281970.91817,optimal integer solution within mipgap or absmipgap,0.0023256,6.48709e+07,corr-p025_14075382_8.out.gz,2026-07-21 09:42
outputs_C3_LSFO500_refbrent_adv,outputs,C3_LSFO500_refbrent_adv,27157644870.31321,optimal integer solution within mipgap or absmipgap,0.00249804,6.78409e+07,corr-adv_14075385_1.out.gz,2026-07-21 09:49
outputs_C4_NOTHERMAL_highbrent,outputs,C4_NOTHERMAL_highbrent,27203883479.94340,optimal integer solution within mipgap or absmipgap,0.0018863,5.13148e+07,corr-p025_14075382_1.out.gz,2026-07-21 10:36
outputs_C4_NOTHERMAL_highbrent_adv,outputs,C4_NOTHERMAL_highbrent_adv,26426190535.89336,optimal integer solution within mipgap or absmipgap,0.00207454,5.48222e+07,corr-adv_14075385_11.out.gz,2026-07-21 10:16
outputs_C4_NOTHERMAL_lowbrent,outputs,C4_NOTHERMAL_lowbrent,26335938356.34975,optimal integer solution within mipgap or absmipgap,0.00242152,6.37731e+07,corr-p025_14075382_9.out.gz,2026-07-21 11:04
outputs_C4_NOTHERMAL_lowbrent_adv,outputs,C4_NOTHERMAL_lowbrent_adv,25664744714.91878,optimal integer solution within mipgap or absmipgap,0.00215304,5.52572e+07,corr-adv_14075385_10.out.gz,2026-07-21 09:57
outputs_C4_NOTHERMAL_refbrent,outputs,C4_NOTHERMAL_refbrent,26716640148.74992,optimal integer solution within mipgap or absmipgap,0.00219633,5.86786e+07,corr-p025_14075382_10.out.gz,2026-07-21 10:09
outputs_C4_NOTHERMAL_refbrent_adv,outputs,C4_NOTHERMAL_refbrent_adv,25979670544.89712,optimal integer solution within mipgap or absmipgap,0.0010332,2.68421e+07,corr-adv_14075385_11.out.gz,2026-07-21 10:16
outputs_C5_LNG375_highbrent,outputs,C5_LNG375_highbrent,27441809360.65879,optimal integer solution within mipgap or absmipgap,0.00236911,6.50127e+07,corr-p025_14075382_3.out.gz,2026-07-21 10:15
outputs_C5_LNG375_highbrent_adv,outputs,C5_LNG375_highbrent_adv,26648691025.14540,optimal integer solution within mipgap or absmipgap,0.00184849,4.92599e+07,corr-adv_14075385_14.out.gz,2026-07-21 09:58
outputs_C5_LNG375_highbrent_j120,outputs,C5_LNG375_highbrent_j120,27774153105.36626,optimal integer solution within mipgap or absmipgap,0.0018705,5.19514e+07,corr-j120_14075384_10.out.gz,2026-07-21 08:34
outputs_C5_LNG375_highbrent_j120_adv,outputs,C5_LNG375_highbrent_j120_adv,26995324340.46457,optimal integer solution within mipgap or absmipgap,0.00187028,5.04887e+07,corr-adv_14075385_10.out.gz,2026-07-21 09:57
outputs_C5_LNG375_lowbrent,outputs,C5_LNG375_lowbrent,26364904234.11250,optimal integer solution within mipgap or absmipgap,0.00235357,6.20517e+07,corr-p025_14075382_6.out.gz,2026-07-21 10:36
outputs_C5_LNG375_lowbrent_adv,outputs,C5_LNG375_lowbrent_adv,25502395284.31925,optimal (non-)integer solution within mipgap or absmipgap,0.0015976,4.07426e+07,corr-adv_14075385_4.out.gz,2026-07-21 09:59
outputs_C5_LNG375_lowbrent_j120,outputs,C5_LNG375_lowbrent_j120,26694920852.89884,optimal integer solution within mipgap or absmipgap,0.00174553,4.65967e+07,corr-j120_14075384_9.out.gz,2026-07-21 08:16
outputs_C5_LNG375_lowbrent_j120_adv,outputs,C5_LNG375_lowbrent_j120_adv,25858777448.58562,optimal integer solution within mipgap or absmipgap,0.00202058,5.22496e+07,corr-adv_14075385_0.out.gz,2026-07-21 09:54
outputs_C5_LNG375_refbrent,outputs,C5_LNG375_refbrent,26799355203.61071,optimal integer solution within mipgap or absmipgap,0.00192407,5.1564e+07,corr-p025_14075382_12.out.gz,2026-07-21 10:34
outputs_C5_LNG375_refbrent_adv,outputs,C5_LNG375_refbrent_adv,25979445888.89203,optimal integer solution within mipgap or absmipgap,0.00194886,5.06303e+07,corr-adv_14075385_12.out.gz,2026-07-21 09:59
outputs_C5_LNG375_refbrent_j120,outputs,C5_LNG375_refbrent_j120,27157153764.01498,optimal integer solution within mipgap or absmipgap,0.00239931,6.51584e+07,corr-j120_14075384_0.out.gz,2026-07-21 08:27
outputs_C5_LNG375_refbrent_j120_adv,outputs,C5_LNG375_refbrent_j120_adv,26324942996.80697,optimal integer solution within mipgap or absmipgap,0.00192678,5.07224e+07,corr-adv_14075385_14.out.gz,2026-07-21 09:58
outputs_C6_STATUSQUO_highbrent,outputs,C6_STATUSQUO_highbrent,29179271798.61085,optimal integer solution within mipgap or absmipgap,0.0018589,5.42414e+07,corr-p025_14075382_12.out.gz,2026-07-21 10:34
outputs_C6_STATUSQUO_highbrent_adv,outputs,C6_STATUSQUO_highbrent_adv,28228681627.61892,optimal integer solution within mipgap or absmipgap,0.00114055,3.21963e+07,corr-adv_14075385_5.out.gz,2026-07-21 09:52
outputs_C6_STATUSQUO_highbrent_j120,outputs,C6_STATUSQUO_highbrent_j120,29587665513.99561,optimal integer solution within mipgap or absmipgap,0.00124104,3.67194e+07,corr-j120_14075384_8.out.gz,2026-07-21 08:14
outputs_C6_STATUSQUO_highbrent_j120_adv,outputs,C6_STATUSQUO_highbrent_j120_adv,28692007248.51130,optimal integer solution within mipgap or absmipgap,0.002387,6.84878e+07,corr-adv_14075385_13.out.gz,2026-07-21 09:57
outputs_C6_STATUSQUO_lowbrent,outputs,C6_STATUSQUO_lowbrent,28028294864.89792,optimal integer solution within mipgap or absmipgap,0.00110186,3.08832e+07,corr-p025_14075382_15.out.gz,2026-07-21 10:47
outputs_C6_STATUSQUO_lowbrent_adv,outputs,C6_STATUSQUO_lowbrent_adv,27038210408.02552,optimal integer solution within mipgap or absmipgap,0.00237118,6.41125e+07,corr-adv_14075385_6.out.gz,2026-07-21 09:46
outputs_C6_STATUSQUO_lowbrent_j120,outputs,C6_STATUSQUO_lowbrent_j120,28486033554.10155,optimal integer solution within mipgap or absmipgap,0.0022133,6.30481e+07,corr-j120_14075384_3.out.gz,2026-07-21 08:25
outputs_C6_STATUSQUO_lowbrent_j120_adv,outputs,C6_STATUSQUO_lowbrent_j120_adv,27446043959.40327,optimal integer solution within mipgap or absmipgap,0.00167696,4.60259e+07,corr-adv_14075385_12.out.gz,2026-07-21 09:59
outputs_C6_STATUSQUO_refbrent,outputs,C6_STATUSQUO_refbrent,28531281419.64766,optimal integer solution within mipgap or absmipgap,0.0022694,6.47489e+07,corr-p025_14075382_13.out.gz,2026-07-21 10:25
outputs_C6_STATUSQUO_refbrent_adv,outputs,C6_STATUSQUO_refbrent_adv,27534636119.87695,optimal integer solution within mipgap or absmipgap,0.00195265,5.37656e+07,corr-adv_14075385_7.out.gz,2026-07-21 10:09
outputs_C6_STATUSQUO_refbrent_j120,outputs,C6_STATUSQUO_refbrent_j120,28956918682.60400,optimal integer solution within mipgap or absmipgap,0.0022436,6.49678e+07,corr-j120_14075384_6.out.gz,2026-07-21 08:29
outputs_C6_STATUSQUO_refbrent_j120_adv,outputs,C6_STATUSQUO_refbrent_j120_adv,27954973137.38187,optimal integer solution within mipgap or absmipgap,0.00176882,4.94472e+07,corr-adv_14075385_3.out.gz,2026-07-21 09:52
outputs_be_pv15_C1_LSFO250_refbrent,outputs,be_pv15_C1_LSFO250_refbrent,29202380731.58768,optimal integer solution within mipgap or absmipgap,0.0022648,6.61376e+07,corr-p025_14075382_9.out.gz,2026-07-21 11:04
outputs_be_pv15_C1_LSFO250_refbrent_adv,outputs,be_pv15_C1_LSFO250_refbrent_adv,28356236372.85346,optimal integer solution within mipgap or absmipgap,0.00191124,5.41956e+07,corr-adv_14075385_9.out.gz,2026-07-21 10:04
outputs_be_pv15_C4_NOTHERMAL_refbrent,outputs,be_pv15_C4_NOTHERMAL_refbrent,28925934977.21094,optimal integer solution within mipgap or absmipgap,0.0017667,5.11034e+07,corr-p025_14075382_1.out.gz,2026-07-21 10:36
outputs_be_pv15_C4_NOTHERMAL_refbrent_adv,outputs,be_pv15_C4_NOTHERMAL_refbrent_adv,28047934480.13481,optimal integer solution within mipgap or absmipgap,0.00200072,5.6116e+07,corr-adv_14075385_5.out.gz,2026-07-21 09:52
outputs_be_pv15_wb_C6_LNG500_refbrent,outputs,be_pv15_wb_C6_LNG500_refbrent,28740922080.84671,optimal (non-)integer solution within mipgap or absmipgap,0.00247264,7.10661e+07,corr-pvj_14075389_0.out.gz,2026-07-21 08:33
outputs_be_pv15_wb_C6_LNG500_refbrent_j120,outputs,be_pv15_wb_C6_LNG500_refbrent_j120,29167378348.64055,optimal integer solution within mipgap or absmipgap,0.0024532,7.15533e+07,corr-pvj_14075389_1.out.gz,2026-07-21 08:34
outputs_be_pv17_C1_LSFO250_refbrent,outputs,be_pv17_C1_LSFO250_refbrent,29821186752.81805,optimal integer solution within mipgap or absmipgap,0.00189704,5.6572e+07,corr-p025_14075382_14.out.gz,2026-07-21 11:03
outputs_be_pv17_C1_LSFO250_refbrent_adv,outputs,be_pv17_C1_LSFO250_refbrent_adv,28898879208.77238,optimal integer solution within mipgap or absmipgap,0.00179455,5.18606e+07,corr-adv_14075385_4.out.gz,2026-07-21 09:59
outputs_be_pv17_C4_NOTHERMAL_refbrent,outputs,be_pv17_C4_NOTHERMAL_refbrent,29636364359.86468,optimal integer solution within mipgap or absmipgap,0.00141611,4.19683e+07,corr-p025_14075382_6.out.gz,2026-07-21 10:36
outputs_be_pv17_C4_NOTHERMAL_refbrent_adv,outputs,be_pv17_C4_NOTHERMAL_refbrent_adv,28691036544.06797,optimal integer solution within mipgap or absmipgap,0.00173856,4.98811e+07,corr-adv_14075385_6.out.gz,2026-07-21 09:46
outputs_be_pv17_wb_C6_LNG500_refbrent,outputs,be_pv17_wb_C6_LNG500_refbrent,29237895453.30135,optimal integer solution within mipgap or absmipgap,0.00188747,5.51857e+07,corr-pvj_14075389_2.out.gz,2026-07-21 08:38
outputs_be_pv17_wb_C6_LNG500_refbrent_j120,outputs,be_pv17_wb_C6_LNG500_refbrent_j120,29679780201.73466,optimal integer solution within mipgap or absmipgap,0.00242037,7.1836e+07,corr-pvj_14075389_3.out.gz,2026-07-21 08:31
outputs_dga_C1_LSFO250_refbrent,outputs,dga_C1_LSFO250_refbrent,29645053525.55209,optimal integer solution within mipgap or absmipgap,0.00172245,5.10622e+07,corr-percell_14210193_2.out.gz,2026-07-25 20:12
outputs_dga_C4_NOTHERMAL_refbrent,outputs,dga_C4_NOTHERMAL_refbrent,29156510226.47418,optimal integer solution within mipgap or absmipgap,0.00176153,5.136e+07,corr-percell_14210193_6.out.gz,2026-07-25 20:28
outputs_dga_C5_LNG375_highbrent,outputs,dga_C5_LNG375_highbrent,29955627638.78268,optimal integer solution within mipgap or absmipgap,0.00190896,5.7184e+07,corr-percell_14236898_2.out.gz,2026-07-27 23:27
outputs_dga_C5_LNG375_lowbrent,outputs,dga_C5_LNG375_lowbrent,28941136578.45972,optimal integer solution within mipgap or absmipgap,0.00247812,7.17196e+07,corr-percell_14236898_6.out.gz,2026-07-27 23:32
outputs_dga_C5_LNG375_refbrent,outputs,dga_C5_LNG375_refbrent,29352637304.84084,optimal integer solution within mipgap or absmipgap,0.00216586,6.35737e+07,corr-percell_14210193_10.out.gz,2026-07-25 20:11
outputs_dga_ps_C4_NOTHERMAL_refbrent,outputs,dga_ps_C4_NOTHERMAL_refbrent,29400180014.20477,optimal integer solution within mipgap or absmipgap,0.00220628,6.48651e+07,pin-dist_14275428_1.out.gz,2026-07-31 13:12
outputs_dgb_C1_LSFO250_refbrent,outputs,dgb_C1_LSFO250_refbrent,27947676960.82679,optimal (non-)integer solution within mipgap or absmipgap,0.00181362,5.06864e+07,corr-percell_14210193_0.out.gz,2026-07-25 20:10
outputs_dgb_C4_NOTHERMAL_refbrent,outputs,dgb_C4_NOTHERMAL_refbrent,27532909751.84572,optimal integer solution within mipgap or absmipgap,0.00245514,6.75972e+07,corr-percell_14210193_4.out.gz,2026-07-25 20:26
outputs_dgb_C5_LNG375_highbrent,outputs,dgb_C5_LNG375_highbrent,28248239993.04116,optimal integer solution within mipgap or absmipgap,0.00174397,4.92642e+07,corr-percell_14236898_0.out.gz,2026-07-27 23:09
outputs_dgb_C5_LNG375_lowbrent,outputs,dgb_C5_LNG375_lowbrent,27193013705.80067,optimal integer solution within mipgap or absmipgap,0.00197088,5.35941e+07,corr-percell_14236898_4.out.gz,2026-07-27 23:53
outputs_dgb_C5_LNG375_refbrent,outputs,dgb_C5_LNG375_refbrent,27644323531.95025,optimal integer solution within mipgap or absmipgap,0.00247617,6.84519e+07,corr-percell_14210193_8.out.gz,2026-07-25 20:13
outputs_dgb_ps_C4_NOTHERMAL_refbrent,outputs,dgb_ps_C4_NOTHERMAL_refbrent,27547897387.24436,optimal integer solution within mipgap or absmipgap,0.00221565,6.10364e+07,pin-dist_14275428_0.out.gz,2026-07-31 13:33
outputs_dgs_C1_LSFO250_refbrent,outputs,dgs_C1_LSFO250_refbrent,28646028050.97887,optimal integer solution within mipgap or absmipgap,0.00235001,6.73184e+07,corr-percell_14210193_1.out.gz,2026-07-25 20:05
outputs_dgs_C4_NOTHERMAL_refbrent,outputs,dgs_C4_NOTHERMAL_refbrent,28181458255.94825,optimal integer solution within mipgap or absmipgap,0.00193151,5.44328e+07,corr-percell_14210193_5.out.gz,2026-07-25 20:28
outputs_dgs_C5_LNG375_highbrent,outputs,dgs_C5_LNG375_highbrent,28940598829.64782,optimal integer solution within mipgap or absmipgap,0.00203977,5.90321e+07,corr-percell_14236898_1.out.gz,2026-07-27 23:14
outputs_dgs_C5_LNG375_lowbrent,outputs,dgs_C5_LNG375_lowbrent,27898118866.57149,optimal integer solution within mipgap or absmipgap,0.00232281,6.48021e+07,corr-percell_14236898_5.out.gz,2026-07-27 23:33
outputs_dgs_C5_LNG375_refbrent,outputs,dgs_C5_LNG375_refbrent,28332644144.67283,optimal integer solution within mipgap or absmipgap,0.0024566,6.96021e+07,corr-percell_14210193_9.out.gz,2026-07-25 20:29
outputs_dgs_ps_C4_NOTHERMAL_refbrent,outputs,dgs_ps_C4_NOTHERMAL_refbrent,28194487006.59196,optimal integer solution within mipgap or absmipgap,0.00212103,5.98014e+07,pin-dist_14275428_2.out.gz,2026-07-31 13:27
outputs_diag_hseo_oil_free,outputs,diag_hseo_oil_free,110930460720.97266,NO-LOG-EVIDENCE,,,,
outputs_diag_hseo_oil_hardclean,outputs,diag_hseo_oil_hardclean,91903708576.45181,NO-LOG-EVIDENCE,,,,
outputs_diag_hseo_oil_hardfossil,outputs,diag_hseo_oil_hardfossil,92565314440.40663,NO-LOG-EVIDENCE,,,,
outputs_diag_smoke_p2045,outputs,diag_smoke_p2045,19492257378.74434,NO-LOG-EVIDENCE,,,,
outputs_diagff_hseo_lng_nlv2s,outputs,diagff_hseo_lng_nlv2s,394765839978.48450,NO-LOG-EVIDENCE,,,,
outputs_diagff_hseo_oil_nlv2s,outputs,diagff_hseo_oil_nlv2s,385824460991.09094,NO-LOG-EVIDENCE,,,,
outputs_diagff_igp_alt_nlv2a_xf,outputs,diagff_igp_alt_nlv2a_xf,377197581796.76697,NO-LOG-EVIDENCE,,,,
outputs_diagff_igp_alt_nlv2b,outputs,diagff_igp_alt_nlv2b,399753517388.65253,NO-LOG-EVIDENCE,,,,
outputs_diagff_igp_pref_nlv2a,outputs,diagff_igp_pref_nlv2a,91084298973.86038,NO-LOG-EVIDENCE,,,,
outputs_diagff_igp_pref_nlv2b_xf,outputs,diagff_igp_pref_nlv2b_xf,422890648356.45221,NO-LOG-EVIDENCE,,,,
outputs_diaghy_hseo_lng_nlv2s,outputs,diaghy_hseo_lng_nlv2s,145317469232.09753,NO-LOG-EVIDENCE,,,,
outputs_diaghy_hseo_oil_nlv2s,outputs,diaghy_hseo_oil_nlv2s,81467988103.21596,NO-LOG-EVIDENCE,,,,
outputs_diaghy_igp_alt_nlv2a_xf,outputs,diaghy_igp_alt_nlv2a_xf,91912634667.87390,NO-LOG-EVIDENCE,,,,
outputs_diaghy_igp_alt_nlv2b,outputs,diaghy_igp_alt_nlv2b,93598766795.73203,NO-LOG-EVIDENCE,,,,
outputs_diaghy_igp_pref_nlv2a,outputs,diaghy_igp_pref_nlv2a,79319905677.87454,NO-LOG-EVIDENCE,,,,
outputs_diaghy_igp_pref_nlv2b_xf,outputs,diaghy_igp_pref_nlv2b_xf,84182462289.21439,NO-LOG-EVIDENCE,,,,
outputs_diagwb_hseo_lng_nlv2s,outputs,diagwb_hseo_lng_nlv2s,141953734728.79013,NO-LOG-EVIDENCE,,,,
outputs_diagwb_hseo_oil_nlv2s,outputs,diagwb_hseo_oil_nlv2s,84426091891.63289,NO-LOG-EVIDENCE,,,,
outputs_diagwb_igp_alt_nlv2a_xf,outputs,diagwb_igp_alt_nlv2a_xf,90129160497.98485,NO-LOG-EVIDENCE,,,,
outputs_diagwb_igp_alt_nlv2b,outputs,diagwb_igp_alt_nlv2b,96572185191.95581,NO-LOG-EVIDENCE,,,,
outputs_diagwb_igp_pref_nlv2a,outputs,diagwb_igp_pref_nlv2a,84566900176.08960,NO-LOG-EVIDENCE,,,,
outputs_diagwb_igp_pref_nlv2b_xf,outputs,diagwb_igp_pref_nlv2b_xf,125340382102.46555,NO-LOG-EVIDENCE,,,,
outputs_distrib_base_C4_NOTHERMAL_refbrent,outputs,distrib_base_C4_NOTHERMAL_refbrent,26018378842.08825,optimal integer solution within mipgap or absmipgap,0.00234206,6.09367e+07,corr-percell_14173814_154.out.gz,2026-07-25 03:53
outputs_egs_high_lng_forced_refbrent_adv,outputs,egs_high_lng_forced_refbrent_adv,26072898737.11522,optimal (non-)integer solution within mipgap or absmipgap,0.00159832,4.16729e+07,corr-egsreseed_14083367_5.out.gz,2026-07-21 18:07
outputs_egs_high_lng_forced_refbrent_j120_adv,outputs,egs_high_lng_forced_refbrent_j120_adv,26509081299.19876,optimal integer solution within mipgap or absmipgap,0.00198856,5.27148e+07,corr-adv_14075385_8.out.gz,2026-07-21 09:55
outputs_egs_high_no_lng_highbrent_adv,outputs,egs_high_no_lng_highbrent_adv,26502044845.45438,optimal integer solution within mipgap or absmipgap,0.0024179,6.40794e+07,corr-adv_14075385_8.out.gz,2026-07-21 09:55
outputs_egs_high_no_lng_lowbrent_adv,outputs,egs_high_no_lng_lowbrent_adv,25669164341.13775,optimal integer solution within mipgap or absmipgap,0.00210318,5.39868e+07,corr-adv_14075385_12.out.gz,2026-07-21 09:59
outputs_egs_high_no_lng_refbrent_adv,outputs,egs_high_no_lng_refbrent_adv,26025125797.84399,optimal integer solution within mipgap or absmipgap,0.00164696,4.28623e+07,corr-adv_14075385_2.out.gz,2026-07-21 10:33
outputs_egs_low_lng_forced_refbrent,outputs,egs_low_lng_forced_refbrent,26805089614.37794,optimal integer solution within mipgap or absmipgap,0.00241694,6.47863e+07,corr-egspin_14084158_7.out.gz,2026-07-21 20:11
outputs_egs_low_lng_forced_refbrent_adv,outputs,egs_low_lng_forced_refbrent_adv,25834586300.85025,optimal integer solution within mipgap or absmipgap,0.00199927,5.16504e+07,corr-adv_14075385_11.out.gz,2026-07-21 10:16
outputs_egs_low_lng_forced_refbrent_j120,outputs,egs_low_lng_forced_refbrent_j120,27212301515.63213,optimal integer solution within mipgap or absmipgap,0.00168796,4.59332e+07,corr-egspin_14084158_6.out.gz,2026-07-21 20:08
outputs_egs_low_lng_forced_refbrent_j120_adv,outputs,egs_low_lng_forced_refbrent_j120_adv,26260511341.48333,optimal integer solution within mipgap or absmipgap,0.00196685,5.16504e+07,corr-adv_14075385_3.out.gz,2026-07-21 09:52
outputs_egs_low_no_lng_highbrent,outputs,egs_low_no_lng_highbrent,27579170519.82220,optimal integer solution within mipgap or absmipgap,0.00240974,6.64587e+07,corr-egslowws_14094562_0.out.gz,2026-07-22 07:49
outputs_egs_low_no_lng_highbrent_adv,outputs,egs_low_no_lng_highbrent_adv,25990275361.99220,optimal integer solution within mipgap or absmipgap,0.00227135,5.9033e+07,corr-adv_14075385_13.out.gz,2026-07-21 09:57
outputs_egs_low_no_lng_lowbrent_adv,outputs,egs_low_no_lng_lowbrent_adv,25216492385.29512,optimal integer solution within mipgap or absmipgap,0.00172659,4.35386e+07,corr-adv_14075385_9.out.gz,2026-07-21 10:04
outputs_egs_low_no_lng_refbrent,outputs,egs_low_no_lng_refbrent,27007957033.09769,optimal integer solution within mipgap or absmipgap,0.00185464,5.00901e+07,corr-egslowws_14094562_0.out.gz,2026-07-22 07:49
outputs_egs_low_no_lng_refbrent_adv,outputs,egs_low_no_lng_refbrent_adv,25564880830.89063,optimal integer solution within mipgap or absmipgap,0.00206355,5.27545e+07,corr-adv_14075385_7.out.gz,2026-07-21 10:09
outputs_egs_none_lng_forced_refbrent,outputs,egs_none_lng_forced_refbrent,27392535250.55481,optimal integer solution within mipgap or absmipgap,0.00191827,5.25462e+07,corr-p025_14075382_1.out.gz,2026-07-21 10:36
outputs_egs_none_lng_forced_refbrent_adv,outputs,egs_none_lng_forced_refbrent_adv,26069883392.63773,optimal integer solution within mipgap or absmipgap,0.00151284,3.94395e+07,corr-adv_14075385_14.out.gz,2026-07-21 09:58
outputs_egs_none_lng_forced_refbrent_j120,outputs,egs_none_lng_forced_refbrent_j120,27815307941.55488,optimal integer solution within mipgap or absmipgap,0.00174353,4.84969e+07,corr-j120_14075384_15.out.gz,2026-07-21 08:35
outputs_egs_none_lng_forced_refbrent_j120_adv,outputs,egs_none_lng_forced_refbrent_j120_adv,26519613678.26344,optimal integer solution within mipgap or absmipgap,0.00236962,6.28415e+07,corr-adv_14075385_9.out.gz,2026-07-21 10:04
outputs_egs_none_no_lng_highbrent,outputs,egs_none_no_lng_highbrent,27836141880.24146,optimal integer solution within mipgap or absmipgap,0.00248981,6.93066e+07,corr-egsnone_14094567_0.out.gz,2026-07-22 02:02
outputs_egs_none_no_lng_lowbrent,outputs,egs_none_no_lng_lowbrent,26883311218.06192,optimal integer solution within mipgap or absmipgap,0.00248017,6.66751e+07,corr-egsnone_14094567_1.out.gz,2026-07-22 01:59
outputs_egs_none_no_lng_refbrent,outputs,egs_none_no_lng_refbrent,27300549721.14735,optimal integer solution within mipgap or absmipgap,0.00248179,6.77542e+07,corr-p025_14075382_14.out.gz,2026-07-21 11:03
outputs_egs_none_no_lng_refbrent_adv,outputs,egs_none_no_lng_refbrent_adv,26017838237.13076,optimal integer solution within mipgap or absmipgap,0.00134315,3.49457e+07,corr-adv_14075385_3.out.gz,2026-07-21 09:52
outputs_egs_ref_lng_forced_refbrent,outputs,egs_ref_lng_forced_refbrent,27054274070.33591,optimal integer solution within mipgap or absmipgap,0.00196124,5.30598e+07,corr-p025_14075382_12.out.gz,2026-07-21 10:34
outputs_egs_ref_lng_forced_refbrent_adv,outputs,egs_ref_lng_forced_refbrent_adv,26082183615.41105,optimal integer solution within mipgap or absmipgap,0.00218114,5.68889e+07,corr-adv_14075385_10.out.gz,2026-07-21 09:57
outputs_egs_ref_lng_forced_refbrent_j120,outputs,egs_ref_lng_forced_refbrent_j120,27477908755.43288,optimal integer solution within mipgap or absmipgap,0.00184643,5.0736e+07,corr-j120_14075384_13.out.gz,2026-07-21 08:58
outputs_egs_ref_lng_forced_refbrent_j120_adv,outputs,egs_ref_lng_forced_refbrent_j120_adv,26495346762.96934,optimal integer solution within mipgap or absmipgap,0.00166542,4.41258e+07,corr-adv_14075385_14.out.gz,2026-07-21 09:58
outputs_egs_ref_no_lng_refbrent,outputs,egs_ref_no_lng_refbrent,26717709322.16257,optimal integer solution within mipgap or absmipgap,0.00225415,6.02258e+07,corr-p025_14075382_15.out.gz,2026-07-21 10:47
outputs_egs_ref_no_lng_refbrent_adv,outputs,egs_ref_no_lng_refbrent_adv,26015203307.70477,optimal integer solution within mipgap or absmipgap,0.00245078,6.37574e+07,corr-adv_14075385_1.out.gz,2026-07-21 09:49
outputs_lc_C1_LSFO250_highbrent,outputs,lc_C1_LSFO250_highbrent,28029643204.05816,optimal integer solution within mipgap or absmipgap,0.0020235,5.6718e+07,corr-p025lc_14075383_1.out.gz,2026-07-21 08:51
outputs_lc_C1_LSFO250_highbrent_adv,outputs,lc_C1_LSFO250_highbrent_adv,27331071723.99907,optimal integer solution within mipgap or absmipgap,0.00178332,4.87401e+07,corr-adv_14075385_0.out.gz,2026-07-21 09:54
outputs_lc_C1_LSFO250_lowbrent,outputs,lc_C1_LSFO250_lowbrent,27054996275.55199,optimal integer solution within mipgap or absmipgap,0.00229359,6.2053e+07,corr-p025lc_14075383_3.out.gz,2026-07-21 08:27
outputs_lc_C1_LSFO250_lowbrent_adv,outputs,lc_C1_LSFO250_lowbrent_adv,26383027665.06593,optimal integer solution within mipgap or absmipgap,0.00211309,5.57498e+07,corr-adv_14075385_14.out.gz,2026-07-21 09:58
outputs_lc_C1_LSFO250_refbrent,outputs,lc_C1_LSFO250_refbrent,27486706669.24512,optimal integer solution within mipgap or absmipgap,0.00229331,6.30356e+07,corr-p025lc_14075383_0.out.gz,2026-07-21 08:38
outputs_lc_C1_LSFO250_refbrent_adv,outputs,lc_C1_LSFO250_refbrent_adv,26835225470.10196,optimal integer solution within mipgap or absmipgap,0.00198266,5.32052e+07,corr-adv_14075385_15.out.gz,2026-07-21 09:51
outputs_lc_C2_LSFO375_highbrent,outputs,lc_C2_LSFO375_highbrent,28397351320.58404,optimal integer solution within mipgap or absmipgap,0.00234797,6.6676e+07,corr-p025lc_14075383_8.out.gz,2026-07-21 08:21
outputs_lc_C2_LSFO375_highbrent_adv,outputs,lc_C2_LSFO375_highbrent_adv,27681413761.59045,optimal integer solution within mipgap or absmipgap,0.00193005,5.34265e+07,corr-adv_14075385_12.out.gz,2026-07-21 09:59
outputs_lc_C2_LSFO375_lowbrent,outputs,lc_C2_LSFO375_lowbrent,27378479602.91277,optimal integer solution within mipgap or absmipgap,0.00231566,6.33993e+07,corr-p025lc_14075383_2.out.gz,2026-07-21 08:42
outputs_lc_C2_LSFO375_lowbrent_adv,outputs,lc_C2_LSFO375_lowbrent_adv,26665353504.41268,optimal integer solution within mipgap or absmipgap,0.00248423,6.6243e+07,corr-adv_14075385_5.out.gz,2026-07-21 09:52
outputs_lc_C2_LSFO375_refbrent,outputs,lc_C2_LSFO375_refbrent,27830579125.53411,optimal integer solution within mipgap or absmipgap,0.00221519,6.16501e+07,corr-p025lc_14075383_9.out.gz,2026-07-21 08:19
outputs_lc_C2_LSFO375_refbrent_adv,outputs,lc_C2_LSFO375_refbrent_adv,27145908545.47354,optimal integer solution within mipgap or absmipgap,0.00181953,4.93928e+07,corr-adv_14075385_10.out.gz,2026-07-21 09:57
outputs_lc_C3_LSFO500_highbrent,outputs,lc_C3_LSFO500_highbrent,28829420329.57233,optimal integer solution within mipgap or absmipgap,0.0024949,7.19264e+07,corr-p025lc_14075383_7.out.gz,2026-07-21 08:27
outputs_lc_C3_LSFO500_highbrent_adv,outputs,lc_C3_LSFO500_highbrent_adv,28078121493.19260,optimal integer solution within mipgap or absmipgap,0.00208373,5.85071e+07,corr-adv_14075385_9.out.gz,2026-07-21 10:04
outputs_lc_C3_LSFO500_lowbrent,outputs,lc_C3_LSFO500_lowbrent,27806860338.91965,optimal integer solution within mipgap or absmipgap,0.00247301,6.87665e+07,corr-p025lc_14075383_5.out.gz,2026-07-21 08:27
outputs_lc_C3_LSFO500_lowbrent_adv,outputs,lc_C3_LSFO500_lowbrent_adv,27026020917.96814,optimal integer solution within mipgap or absmipgap,0.00242592,6.55631e+07,corr-adv_14075385_4.out.gz,2026-07-21 09:59
outputs_lc_C3_LSFO500_refbrent,outputs,lc_C3_LSFO500_refbrent,28258541869.95890,optimal integer solution within mipgap or absmipgap,0.00244418,6.90689e+07,corr-p025lc_14075383_11.out.gz,2026-07-21 09:13
outputs_lc_C3_LSFO500_refbrent_adv,outputs,lc_C3_LSFO500_refbrent_adv,27533007874.57311,optimal integer solution within mipgap or absmipgap,0.00228805,6.2997e+07,corr-adv_14075385_6.out.gz,2026-07-21 09:46
outputs_lc_C4_NOTHERMAL_highbrent,outputs,lc_C4_NOTHERMAL_highbrent,27542317216.43088,optimal integer solution within mipgap or absmipgap,0.00223559,6.15732e+07,corr-p025lc_14075383_4.out.gz,2026-07-21 08:31
outputs_lc_C4_NOTHERMAL_highbrent_adv,outputs,lc_C4_NOTHERMAL_highbrent_adv,26804618657.06404,optimal integer solution within mipgap or absmipgap,0.00217268,5.8238e+07,corr-adv_14075385_0.out.gz,2026-07-21 09:54
outputs_lc_C4_NOTHERMAL_lowbrent,outputs,lc_C4_NOTHERMAL_lowbrent,26681582290.45205,optimal integer solution within mipgap or absmipgap,0.00237038,6.32456e+07,corr-p025lc_14075383_6.out.gz,2026-07-21 08:23
outputs_lc_C4_NOTHERMAL_lowbrent_adv,outputs,lc_C4_NOTHERMAL_lowbrent_adv,26038368841.99024,optimal (non-)integer solution within mipgap or absmipgap,0.00246161,6.40964e+07,corr-adv_14075385_8.out.gz,2026-07-21 09:55
outputs_lc_C4_NOTHERMAL_refbrent,outputs,lc_C4_NOTHERMAL_refbrent,27062988001.92355,optimal integer solution within mipgap or absmipgap,0.002461,6.66021e+07,corr-p025lc_14075383_10.out.gz,2026-07-21 08:21
outputs_lc_C4_NOTHERMAL_refbrent_adv,outputs,lc_C4_NOTHERMAL_refbrent_adv,26393657030.28846,optimal integer solution within mipgap or absmipgap,0.00235964,6.22795e+07,corr-adv_14075385_1.out.gz,2026-07-21 09:49
outputs_lc_C5_LNG375_highbrent,outputs,lc_C5_LNG375_highbrent,27779184026.65364,optimal integer solution within mipgap or absmipgap,0.00162154,4.5045e+07,corr-p025lc_14075383_0.out.gz,2026-07-21 08:38
outputs_lc_C5_LNG375_highbrent_adv,outputs,lc_C5_LNG375_highbrent_adv,27030767570.66183,optimal integer solution within mipgap or absmipgap,0.00201639,5.45046e+07,corr-adv_14075385_12.out.gz,2026-07-21 09:59
outputs_lc_C5_LNG375_highbrent_j120,outputs,lc_C5_LNG375_highbrent_j120,28140782292.74830,optimal integer solution within mipgap or absmipgap,0.00220411,6.20253e+07,corr-j120_14075384_8.out.gz,2026-07-21 08:14
outputs_lc_C5_LNG375_highbrent_j120_adv,outputs,lc_C5_LNG375_highbrent_j120_adv,27360795326.25424,optimal integer solution within mipgap or absmipgap,0.00143013,3.91295e+07,corr-adv_14075385_10.out.gz,2026-07-21 09:57
outputs_lc_C5_LNG375_lowbrent,outputs,lc_C5_LNG375_lowbrent,26705833032.44051,optimal integer solution within mipgap or absmipgap,0.00178054,4.75507e+07,corr-p025lc_14075383_1.out.gz,2026-07-21 08:51
outputs_lc_C5_LNG375_lowbrent_adv,outputs,lc_C5_LNG375_lowbrent_adv,25876715652.13741,optimal integer solution within mipgap or absmipgap,0.00152576,3.94816e+07,corr-adv_14075385_5.out.gz,2026-07-21 09:52
outputs_lc_C5_LNG375_lowbrent_j120,outputs,lc_C5_LNG375_lowbrent_j120,27068215624.42745,optimal integer solution within mipgap or absmipgap,0.00238704,6.46128e+07,corr-j120_14075384_10.out.gz,2026-07-21 08:34
outputs_lc_C5_LNG375_lowbrent_j120_adv,outputs,lc_C5_LNG375_lowbrent_j120_adv,26231952709.75022,optimal integer solution within mipgap or absmipgap,0.00189386,4.96796e+07,corr-adv_14075385_0.out.gz,2026-07-21 09:54
outputs_lc_C5_LNG375_refbrent,outputs,lc_C5_LNG375_refbrent,27157492334.65884,optimal integer solution within mipgap or absmipgap,0.00204072,5.54209e+07,corr-p025lc_14075383_8.out.gz,2026-07-21 08:21
outputs_lc_C5_LNG375_refbrent_adv,outputs,lc_C5_LNG375_refbrent_adv,26363921146.34504,optimal integer solution within mipgap or absmipgap,0.00226081,5.96037e+07,corr-adv_14075385_10.out.gz,2026-07-21 09:57
outputs_lc_C5_LNG375_refbrent_j120,outputs,lc_C5_LNG375_refbrent_j120,27515659976.52453,optimal integer solution within mipgap or absmipgap,0.00247799,6.81835e+07,corr-j120_14075384_2.out.gz,2026-07-21 08:23
outputs_lc_C5_LNG375_refbrent_j120_adv,outputs,lc_C5_LNG375_refbrent_j120_adv,26697758429.23946,optimal integer solution within mipgap or absmipgap,0.0018006,4.80719e+07,corr-adv_14075385_5.out.gz,2026-07-21 09:52
outputs_lc_C6_STATUSQUO_highbrent,outputs,lc_C6_STATUSQUO_highbrent,29536713793.88343,optimal integer solution within mipgap or absmipgap,0.00196345,5.79939e+07,corr-p025lc_14075383_7.out.gz,2026-07-21 08:27
outputs_lc_C6_STATUSQUO_highbrent_adv,outputs,lc_C6_STATUSQUO_highbrent_adv,28632187153.67799,optimal integer solution within mipgap or absmipgap,0.0017526,5.01808e+07,corr-adv_14075385_7.out.gz,2026-07-21 10:09
outputs_lc_C6_STATUSQUO_highbrent_j120,outputs,lc_C6_STATUSQUO_highbrent_j120,29962638834.51651,optimal integer solution within mipgap or absmipgap,0.00193554,5.79939e+07,corr-j120_14075384_2.out.gz,2026-07-21 08:23
outputs_lc_C6_STATUSQUO_highbrent_j120_adv,outputs,lc_C6_STATUSQUO_highbrent_j120_adv,29055356947.22376,optimal integer solution within mipgap or absmipgap,0.00169841,4.93479e+07,corr-adv_14075385_12.out.gz,2026-07-21 09:59
outputs_lc_C6_STATUSQUO_lowbrent,outputs,lc_C6_STATUSQUO_lowbrent,28411003942.57339,optimal integer solution within mipgap or absmipgap,0.00189055,5.37125e+07,corr-p025lc_14075383_2.out.gz,2026-07-21 08:42
outputs_lc_C6_STATUSQUO_lowbrent_adv,outputs,lc_C6_STATUSQUO_lowbrent_adv,27387436432.03789,optimal integer solution within mipgap or absmipgap,0.00123888,3.39298e+07,corr-adv_14075385_13.out.gz,2026-07-21 09:57
outputs_lc_C6_STATUSQUO_lowbrent_j120,outputs,lc_C6_STATUSQUO_lowbrent_j120,28838879731.18270,optimal integer solution within mipgap or absmipgap,0.00192031,5.53796e+07,corr-j120_14075384_7.out.gz,2026-07-21 08:30
outputs_lc_C6_STATUSQUO_lowbrent_j120_adv,outputs,lc_C6_STATUSQUO_lowbrent_j120_adv,27821264439.00329,optimal integer solution within mipgap or absmipgap,0.00144811,4.02883e+07,corr-adv_14075385_4.out.gz,2026-07-21 09:59
outputs_lc_C6_STATUSQUO_refbrent,outputs,lc_C6_STATUSQUO_refbrent,28875332367.81433,optimal integer solution within mipgap or absmipgap,0.0018268,5.27493e+07,corr-p025lc_14075383_11.out.gz,2026-07-21 09:13
outputs_lc_C6_STATUSQUO_refbrent_adv,outputs,lc_C6_STATUSQUO_refbrent_adv,27902549340.78248,optimal integer solution within mipgap or absmipgap,0.00156107,4.35579e+07,corr-adv_14075385_15.out.gz,2026-07-21 09:51
outputs_lc_C6_STATUSQUO_refbrent_j120,outputs,lc_C6_STATUSQUO_refbrent_j120,29320805318.44390,optimal integer solution within mipgap or absmipgap,0.00246759,7.23518e+07,corr-j120_14075384_0.out.gz,2026-07-21 08:27
outputs_lc_C6_STATUSQUO_refbrent_j120_adv,outputs,lc_C6_STATUSQUO_refbrent_j120_adv,28319141917.36753,optimal integer solution within mipgap or absmipgap,0.00114643,3.2466e+07,corr-adv_14075385_2.out.gz,2026-07-21 10:33
outputs_lngconv_heco_refbrent,outputs,lngconv_heco_refbrent,25572263312.98273,optimal integer solution within mipgap or absmipgap,0.00194577,4.97578e+07,corr-lngh_14075388_0.out.gz,2026-07-21 08:07
outputs_lngconv_noplant_refbrent,outputs,lngconv_noplant_refbrent,26325812406.19916,optimal integer solution within mipgap or absmipgap,0.00230532,6.06895e+07,corr-lngc_14075387_2.out.gz,2026-07-21 08:22
outputs_lngconv_opt_refbrent,outputs,lngconv_opt_refbrent,26327002858.95070,optimal integer solution within mipgap or absmipgap,0.00237712,6.25824e+07,corr-lngc_14075387_1.out.gz,2026-07-21 09:02
outputs_lngconv_wjera_refbrent,outputs,lngconv_wjera_refbrent,26594402719.57837,optimal integer solution within mipgap or absmipgap,0.00194506,5.17277e+07,corr-lngc_14075387_0.out.gz,2026-07-21 08:11
outputs_nlb_C1_LSFO250_highbrent,outputs,nlb_C1_LSFO250_highbrent,26993811062.20007,optimal integer solution within mipgap or absmipgap,0.00224392,6.0572e+07,corr-percell_14173814_22.out.gz,2026-07-25 01:58
outputs_nlb_C1_LSFO250_highbrent_adv,outputs,nlb_C1_LSFO250_highbrent_adv,26346231876.05687,optimal integer solution within mipgap or absmipgap,0.00249759,6.5857e+07,corr-percell_14173814_137.out.gz,2026-07-25 03:13
outputs_nlb_C1_LSFO250_lowbrent,outputs,nlb_C1_LSFO250_lowbrent,26029973390.89400,optimal integer solution within mipgap or absmipgap,0.00190206,4.95105e+07,corr-percell_14173814_19.out.gz,2026-07-25 02:02
outputs_nlb_C1_LSFO250_lowbrent_adv,outputs,nlb_C1_LSFO250_lowbrent_adv,25416690066.77089,optimal integer solution within mipgap or absmipgap,0.00201946,5.13281e+07,corr-percell_14173814_153.out.gz,2026-07-25 03:53
outputs_nlb_C1_LSFO250_refbrent,outputs,nlb_C1_LSFO250_refbrent,26453498323.39418,optimal integer solution within mipgap or absmipgap,0.00244712,6.47349e+07,corr-percell_14173814_132.out.gz,2026-07-25 03:30
outputs_nlb_C1_LSFO250_refbrent_adv,outputs,nlb_C1_LSFO250_refbrent_adv,25846943247.33570,optimal integer solution within mipgap or absmipgap,0.00194375,5.02547e+07,corr-percell_14173814_4.out.gz,2026-07-25 01:24
outputs_nlb_C2_LSFO375_highbrent,outputs,nlb_C2_LSFO375_highbrent,27357672156.74639,optimal integer solution within mipgap or absmipgap,0.00224082,6.13037e+07,corr-percell_14173814_81.out.gz,2026-07-25 02:38
outputs_nlb_C2_LSFO375_highbrent_adv,outputs,nlb_C2_LSFO375_highbrent_adv,26691163694.95297,optimal integer solution within mipgap or absmipgap,0.00190542,5.08785e+07,corr-percell_14173814_66.out.gz,2026-07-25 01:53
outputs_nlb_C2_LSFO375_lowbrent,outputs,nlb_C2_LSFO375_lowbrent,26402572128.76228,optimal integer solution within mipgap or absmipgap,0.00229996,6.0725e+07,corr-percell_14173814_56.out.gz,2026-07-25 02:36
outputs_nlb_C2_LSFO375_lowbrent_adv,outputs,nlb_C2_LSFO375_lowbrent_adv,25717280398.05626,optimal integer solution within mipgap or absmipgap,0.00245505,6.31373e+07,corr-percell_14173814_119.out.gz,2026-07-25 03:02
outputs_nlb_C2_LSFO375_refbrent,outputs,nlb_C2_LSFO375_refbrent,26804010983.96416,optimal integer solution within mipgap or absmipgap,0.00199879,5.35756e+07,corr-percell_14173814_169.out.gz,2026-07-25 04:25
outputs_nlb_C2_LSFO375_refbrent_adv,outputs,nlb_C2_LSFO375_refbrent_adv,26159728710.73058,optimal integer solution within mipgap or absmipgap,0.00193982,5.07693e+07,corr-percell_14173814_87.out.gz,2026-07-25 02:13
outputs_nlb_C3_LSFO500_highbrent,outputs,nlb_C3_LSFO500_highbrent,27778263497.05572,optimal (non-)integer solution within mipgap or absmipgap,0.00173193,4.81099e+07,corr-percell_14173814_59.out.gz,2026-07-25 02:19
outputs_nlb_C3_LSFO500_highbrent_adv,outputs,nlb_C3_LSFO500_highbrent_adv,27087088392.94931,optimal integer solution within mipgap or absmipgap,0.00197677,5.35702e+07,corr-percell_14173814_143.out.gz,2026-07-25 03:14
outputs_nlb_C3_LSFO500_lowbrent,outputs,nlb_C3_LSFO500_lowbrent,26843532526.52354,optimal integer solution within mipgap or absmipgap,0.00246029,6.6043e+07,corr-percell_14173814_23.out.gz,2026-07-25 02:08
outputs_nlb_C3_LSFO500_lowbrent_adv,outputs,nlb_C3_LSFO500_lowbrent_adv,26073939211.37885,optimal (non-)integer solution within mipgap or absmipgap,0.00225972,5.89454e+07,corr-percell_14173814_46.out.gz,2026-07-25 01:43
outputs_nlb_C3_LSFO500_refbrent,outputs,nlb_C3_LSFO500_refbrent,27242741834.30765,optimal (non-)integer solution within mipgap or absmipgap,0.00212643,5.79297e+07,corr-percell_14173814_99.out.gz,2026-07-25 02:58
outputs_nlb_C3_LSFO500_refbrent_adv,outputs,nlb_C3_LSFO500_refbrent_adv,26557969323.24356,optimal integer solution within mipgap or absmipgap,0.00240319,6.38507e+07,corr-percell_14173814_114.out.gz,2026-07-25 02:45
outputs_nlb_C4_NOTHERMAL_highbrent,outputs,nlb_C4_NOTHERMAL_highbrent,26503764565.52394,optimal integer solution within mipgap or absmipgap,0.00226475,6.00245e+07,corr-percell_14173814_5.out.gz,2026-07-25 01:48
outputs_nlb_C4_NOTHERMAL_highbrent_adv,outputs,nlb_C4_NOTHERMAL_highbrent_adv,25820170260.65911,optimal integer solution within mipgap or absmipgap,0.00246313,6.35985e+07,corr-percell_14173814_155.out.gz,2026-07-25 03:52
outputs_nlb_C4_NOTHERMAL_lowbrent,outputs,nlb_C4_NOTHERMAL_lowbrent,25635878007.20260,optimal (non-)integer solution within mipgap or absmipgap,0.00241967,6.20303e+07,corr-percell_14173814_49.out.gz,2026-07-25 02:07
outputs_nlb_C4_NOTHERMAL_lowbrent_adv,outputs,nlb_C4_NOTHERMAL_lowbrent_adv,25055061851.56181,optimal integer solution within mipgap or absmipgap,0.00247859,6.21013e+07,corr-percell_14173814_92.out.gz,2026-07-25 02:52
outputs_nlb_C4_NOTHERMAL_refbrent,outputs,nlb_C4_NOTHERMAL_refbrent,26018378842.08825,optimal integer solution within mipgap or absmipgap,0.00234206,6.09367e+07,corr-percell_14173814_154.out.gz,2026-07-25 03:53
outputs_nlb_C4_NOTHERMAL_refbrent_adv,outputs,nlb_C4_NOTHERMAL_refbrent_adv,25402704726.91183,optimal integer solution within mipgap or absmipgap,0.00245708,6.24165e+07,corr-percell_14173814_124.out.gz,2026-07-25 03:25
outputs_nlb_C5_LNG375_highbrent,outputs,nlb_C5_LNG375_highbrent,26826632873.90142,optimal integer solution within mipgap or absmipgap,0.00235835,6.32665e+07,corr-percell_14173814_93.out.gz,2026-07-25 02:59
outputs_nlb_C5_LNG375_highbrent_adv,outputs,nlb_C5_LNG375_highbrent_adv,26053207114.84945,optimal integer solution within mipgap or absmipgap,0.00184763,4.81562e+07,corr-percell_14173814_177.out.gz,2026-07-25 03:49
outputs_nlb_C5_LNG375_highbrent_j120,outputs,nlb_C5_LNG375_highbrent_j120,27153580888.37846,optimal (non-)integer solution within mipgap or absmipgap,0.002087,5.66911e+07,corr-percell_14173814_142.out.gz,2026-07-25 03:16
outputs_nlb_C5_LNG375_highbrent_j120_adv,outputs,nlb_C5_LNG375_highbrent_j120_adv,26407652014.21415,optimal integer solution within mipgap or absmipgap,0.00228324,6.03262e+07,corr-percell_14173814_52.out.gz,2026-07-25 01:47
outputs_nlb_C5_LNG375_lowbrent,outputs,nlb_C5_LNG375_lowbrent,25807106208.73378,optimal integer solution within mipgap or absmipgap,0.00174988,4.51675e+07,corr-percell_14173814_108.out.gz,2026-07-25 02:39
outputs_nlb_C5_LNG375_lowbrent_adv,outputs,nlb_C5_LNG375_lowbrent_adv,25000425654.39108,optimal integer solution within mipgap or absmipgap,0.00183494,4.58865e+07,corr-percell_14173814_32.out.gz,2026-07-25 01:24
outputs_nlb_C5_LNG375_lowbrent_j120,outputs,nlb_C5_LNG375_lowbrent_j120,26170546833.67522,optimal integer solution within mipgap or absmipgap,0.00219172,5.73586e+07,corr-percell_14173814_79.out.gz,2026-07-25 02:53
outputs_nlb_C5_LNG375_lowbrent_j120_adv,outputs,nlb_C5_LNG375_lowbrent_j120_adv,25344903167.26979,optimal integer solution within mipgap or absmipgap,0.00200406,5.08179e+07,corr-percell_14173814_50.out.gz,2026-07-25 01:46
outputs_nlb_C5_LNG375_refbrent,outputs,nlb_C5_LNG375_refbrent,26230870587.30317,optimal integer solution within mipgap or absmipgap,0.00217338,5.70218e+07,corr-percell_14173814_40.out.gz,2026-07-25 01:27
outputs_nlb_C5_LNG375_refbrent_adv,outputs,nlb_C5_LNG375_refbrent_adv,25444772534.14139,optimal integer solution within mipgap or absmipgap,0.00196235,4.99314e+07,corr-percell_14173814_168.out.gz,2026-07-25 03:50
outputs_nlb_C5_LNG375_refbrent_j120,outputs,nlb_C5_LNG375_refbrent_j120,26571442889.90975,optimal integer solution within mipgap or absmipgap,0.00209901,5.57929e+07,corr-percell_14173814_26.out.gz,2026-07-25 01:26
outputs_nlb_C5_LNG375_refbrent_j120_adv,outputs,nlb_C5_LNG375_refbrent_j120_adv,25791627877.04908,optimal integer solution within mipgap or absmipgap,0.00198843,5.1285e+07,corr-percell_14173814_175.out.gz,2026-07-25 04:00
outputs_nlb_C6_STATUSQUO_highbrent,outputs,nlb_C6_STATUSQUO_highbrent,28624035986.52530,optimal integer solution within mipgap or absmipgap,0.00231527,6.62723e+07,corr-percell_14173814_172.out.gz,2026-07-25 03:39
outputs_nlb_C6_STATUSQUO_highbrent_adv,outputs,nlb_C6_STATUSQUO_highbrent_adv,27702182255.32906,optimal integer solution within mipgap or absmipgap,0.0023625,6.54465e+07,corr-percell_14173814_72.out.gz,2026-07-25 02:21
outputs_nlb_C6_STATUSQUO_highbrent_j120,outputs,nlb_C6_STATUSQUO_highbrent_j120,29022563974.13108,optimal integer solution within mipgap or absmipgap,0.00175977,5.10946e+07,corr-percell_14173814_118.out.gz,2026-07-25 02:47
outputs_nlb_C6_STATUSQUO_highbrent_j120_adv,outputs,nlb_C6_STATUSQUO_highbrent_j120_adv,28106630979.91652,optimal integer solution within mipgap or absmipgap,0.00240258,6.75762e+07,corr-percell_14173814_120.out.gz,2026-07-25 02:50
outputs_nlb_C6_STATUSQUO_lowbrent,outputs,nlb_C6_STATUSQUO_lowbrent,27570822505.98000,optimal integer solution within mipgap or absmipgap,0.00164091,4.52413e+07,corr-percell_14173814_24.out.gz,2026-07-25 02:50
outputs_nlb_C6_STATUSQUO_lowbrent_adv,outputs,nlb_C6_STATUSQUO_lowbrent_adv,26567658651.86926,optimal integer solution within mipgap or absmipgap,0.00208098,5.52988e+07,corr-percell_14173814_54.out.gz,2026-07-25 01:45
outputs_nlb_C6_STATUSQUO_lowbrent_j120,outputs,nlb_C6_STATUSQUO_lowbrent_j120,27992282966.17679,optimal integer solution within mipgap or absmipgap,0.00249709,6.99707e+07,corr-percell_14173814_171.out.gz,2026-07-25 03:42
outputs_nlb_C6_STATUSQUO_lowbrent_j120_adv,outputs,nlb_C6_STATUSQUO_lowbrent_j120_adv,26990100303.89573,optimal integer solution within mipgap or absmipgap,0.00163894,4.42352e+07,corr-percell_14173814_163.out.gz,2026-07-25 03:38
outputs_nlb_C6_STATUSQUO_refbrent,outputs,nlb_C6_STATUSQUO_refbrent,27983558439.92479,optimal integer solution within mipgap or absmipgap,0.00167355,4.68616e+07,corr-percell_14173814_100.out.gz,2026-07-25 02:27
outputs_nlb_C6_STATUSQUO_refbrent_adv,outputs,nlb_C6_STATUSQUO_refbrent_adv,27030903016.53432,optimal integer solution within mipgap or absmipgap,0.00239949,6.48878e+07,corr-percell_14173814_101.out.gz,2026-07-25 02:27
outputs_nlb_C6_STATUSQUO_refbrent_j120,outputs,nlb_C6_STATUSQUO_refbrent_j120,28408563047.29531,optimal (non-)integer solution within mipgap or absmipgap,0.00130408,3.70585e+07,corr-percell_14173814_109.out.gz,2026-07-25 02:41
outputs_nlb_C6_STATUSQUO_refbrent_j120_adv,outputs,nlb_C6_STATUSQUO_refbrent_j120_adv,27442438478.86655,optimal (non-)integer solution within mipgap or absmipgap,0.00200826,5.51439e+07,corr-percell_14173814_60.out.gz,2026-07-25 01:50
outputs_nlb_be_pv15_C1_LSFO250_refbrent,outputs,nlb_be_pv15_C1_LSFO250_refbrent,28442390337.63095,optimal integer solution within mipgap or absmipgap,0.00178876,5.08766e+07,corr-percell_14173814_116.out.gz,2026-07-25 04:34
outputs_nlb_be_pv15_C1_LSFO250_refbrent_adv,outputs,nlb_be_pv15_C1_LSFO250_refbrent_adv,27635157583.36677,optimal (non-)integer solution within mipgap or absmipgap,0.00237819,6.57389e+07,corr-percell_14173814_53.out.gz,2026-07-25 01:46
outputs_nlb_be_pv15_C4_NOTHERMAL_refbrent,outputs,nlb_be_pv15_C4_NOTHERMAL_refbrent,28162730805.33454,optimal integer solution within mipgap or absmipgap,0.00235468,6.63142e+07,corr-percell_14173814_35.out.gz,2026-07-25 01:58
outputs_nlb_be_pv15_C4_NOTHERMAL_refbrent_adv,outputs,nlb_be_pv15_C4_NOTHERMAL_refbrent_adv,27316043267.85046,optimal integer solution within mipgap or absmipgap,0.00200906,5.48796e+07,corr-percell_14173814_121.out.gz,2026-07-25 03:16
outputs_nlb_be_pv15_wb_C6_LNG500_refbrent,outputs,nlb_be_pv15_wb_C6_LNG500_refbrent,28303263026.88525,optimal (non-)integer solution within mipgap or absmipgap,0.00225434,6.38053e+07,corr-percell_14173814_78.out.gz,2026-07-25 02:42
outputs_nlb_be_pv15_wb_C6_LNG500_refbrent_j120,outputs,nlb_be_pv15_wb_C6_LNG500_refbrent_j120,28735080350.44537,optimal integer solution within mipgap or absmipgap,0.00244998,7.04004e+07,corr-percell_14173814_39.out.gz,2026-07-25 01:45
outputs_nlb_be_pv17_C1_LSFO250_refbrent,outputs,nlb_be_pv17_C1_LSFO250_refbrent,29108004915.65461,optimal integer solution within mipgap or absmipgap,0.00214207,6.23513e+07,corr-percell_14173814_90.out.gz,2026-07-25 03:11
outputs_nlb_be_pv17_C1_LSFO250_refbrent_adv,outputs,nlb_be_pv17_C1_LSFO250_refbrent_adv,28195033538.07660,optimal integer solution within mipgap or absmipgap,0.00197314,5.56329e+07,corr-percell_14173814_107.out.gz,2026-07-25 02:41
outputs_nlb_be_pv17_C4_NOTHERMAL_refbrent,outputs,nlb_be_pv17_C4_NOTHERMAL_refbrent,28905132816.65578,optimal integer solution within mipgap or absmipgap,0.00246679,7.1303e+07,corr-percell_14173814_130.out.gz,2026-07-25 03:40
outputs_nlb_be_pv17_C4_NOTHERMAL_refbrent_adv,outputs,nlb_be_pv17_C4_NOTHERMAL_refbrent_adv,27959599582.79151,optimal (non-)integer solution within mipgap or absmipgap,0.00235509,6.5856e+07,corr-percell_14173814_37.out.gz,2026-07-25 01:30
outputs_nlb_be_pv17_wb_C6_LNG500_refbrent,outputs,nlb_be_pv17_wb_C6_LNG500_refbrent,28859934493.82214,optimal integer solution within mipgap or absmipgap,0.00129659,3.74375e+07,corr-percell_14173814_156.out.gz,2026-07-25 03:21
outputs_nlb_be_pv17_wb_C6_LNG500_refbrent_j120,outputs,nlb_be_pv17_wb_C6_LNG500_refbrent_j120,29288407454.25605,optimal (non-)integer solution within mipgap or absmipgap,0.00104117,3.04987e+07,corr-percell_14173814_58.out.gz,2026-07-25 01:49
outputs_nlb_egs_high_lng_forced_refbrent,outputs,nlb_egs_high_lng_forced_refbrent,26929199192.05984,optimal integer solution within mipgap or absmipgap,0.002376,6.39838e+07,corr-percell_14173814_13.out.gz,2026-07-25 02:11
outputs_nlb_egs_high_lng_forced_refbrent_adv,outputs,nlb_egs_high_lng_forced_refbrent_adv,25566483540.92184,optimal integer solution within mipgap or absmipgap,0.00237508,6.07429e+07,corr-percell_14173814_1.out.gz,2026-07-25 01:27
outputs_nlb_egs_high_lng_forced_refbrent_j120_adv,outputs,nlb_egs_high_lng_forced_refbrent_j120_adv,25990672116.18742,optimal integer solution within mipgap or absmipgap,0.00192845,5.01218e+07,corr-percell_14173814_150.out.gz,2026-07-25 03:20
outputs_nlb_egs_high_no_lng_highbrent_adv,outputs,nlb_egs_high_no_lng_highbrent_adv,25851584418.08044,optimal integer solution within mipgap or absmipgap,0.00235167,6.08164e+07,corr-percell_14173941_34.out.gz,2026-07-25 01:31
outputs_nlb_egs_high_no_lng_lowbrent_adv,outputs,nlb_egs_high_no_lng_lowbrent_adv,25043707264.04760,optimal integer solution within mipgap or absmipgap,0.00212733,5.32762e+07,corr-percell_14173814_47.out.gz,2026-07-25 02:23
outputs_nlb_egs_high_no_lng_refbrent_adv,outputs,nlb_egs_high_no_lng_refbrent_adv,25413095906.80004,optimal integer solution within mipgap or absmipgap,0.00249585,6.34272e+07,corr-percell_14173814_115.out.gz,2026-07-25 03:21
outputs_nlb_egs_low_lng_forced_refbrent,outputs,nlb_egs_low_lng_forced_refbrent,26231342724.02715,optimal integer solution within mipgap or absmipgap,0.00178608,4.6865e+07,corr-percell_14173814_122.out.gz,2026-07-25 02:55
outputs_nlb_egs_low_lng_forced_refbrent_adv,outputs,nlb_egs_low_lng_forced_refbrent_adv,25331020910.52259,optimal (non-)integer solution within mipgap or absmipgap,0.00215013,5.44651e+07,corr-percell_14173814_64.out.gz,2026-07-25 02:07
outputs_nlb_egs_low_lng_forced_refbrent_j120,outputs,nlb_egs_low_lng_forced_refbrent_j120,26676687618.86954,optimal integer solution within mipgap or absmipgap,0.00227267,6.0632e+07,corr-percell_14173814_110.out.gz,2026-07-25 02:46
outputs_nlb_egs_low_lng_forced_refbrent_j120_adv,outputs,nlb_egs_low_lng_forced_refbrent_j120_adv,25749028273.15589,optimal integer solution within mipgap or absmipgap,0.00240781,6.20355e+07,corr-percell_14173814_170.out.gz,2026-07-25 03:43
outputs_nlb_egs_low_no_lng_highbrent,outputs,nlb_egs_low_no_lng_highbrent,26837428379.90013,optimal integer solution within mipgap or absmipgap,0.00230401,6.18338e+07,corr-percell_14173814_43.out.gz,2026-07-25 02:21
outputs_nlb_egs_low_no_lng_highbrent_adv,outputs,nlb_egs_low_no_lng_highbrent_adv,25371699085.58643,optimal integer solution within mipgap or absmipgap,0.00219067,5.55811e+07,corr-percell_14173814_157.out.gz,2026-07-25 04:08
outputs_nlb_egs_low_no_lng_lowbrent_adv,outputs,nlb_egs_low_no_lng_lowbrent_adv,24624709215.30660,optimal integer solution within mipgap or absmipgap,0.00225498,5.55283e+07,corr-percell_14173814_167.out.gz,2026-07-25 04:12
outputs_nlb_egs_low_no_lng_refbrent,outputs,nlb_egs_low_no_lng_refbrent,26296031411.95318,optimal integer solution within mipgap or absmipgap,0.00247073,6.49703e+07,corr-percell_14173814_125.out.gz,2026-07-25 04:56
outputs_nlb_egs_low_no_lng_refbrent_adv,outputs,nlb_egs_low_no_lng_refbrent_adv,24951072999.40112,optimal integer solution within mipgap or absmipgap,0.00204474,5.10184e+07,corr-percell_14173941_31.out.gz,2026-07-25 02:11
outputs_nlb_egs_none_lng_forced_refbrent,outputs,nlb_egs_none_lng_forced_refbrent,26836790446.75966,optimal integer solution within mipgap or absmipgap,0.00249411,6.69994e+07,corr-percell_14173814_63.out.gz,2026-07-25 02:17
outputs_nlb_egs_none_lng_forced_refbrent_adv,outputs,nlb_egs_none_lng_forced_refbrent_adv,25560254821.85044,optimal integer solution within mipgap or absmipgap,0.0017855,4.56379e+07,corr-percell_14173814_74.out.gz,2026-07-25 02:09
outputs_nlb_egs_none_lng_forced_refbrent_j120,outputs,nlb_egs_none_lng_forced_refbrent_j120,27258658720.23450,optimal integer solution within mipgap or absmipgap,0.0022276,6.07731e+07,corr-percell_14173814_158.out.gz,2026-07-25 03:25
outputs_nlb_egs_none_lng_forced_refbrent_j120_adv,outputs,nlb_egs_none_lng_forced_refbrent_j120_adv,25979690075.55539,optimal integer solution within mipgap or absmipgap,0.00199514,5.18581e+07,corr-percell_14173814_145.out.gz,2026-07-25 03:15
outputs_nlb_egs_none_no_lng_refbrent,outputs,nlb_egs_none_no_lng_refbrent,26580175620.12729,optimal integer solution within mipgap or absmipgap,0.0024885,6.61448e+07,corr-percell_14173814_176.out.gz,2026-07-25 04:28
outputs_nlb_egs_none_no_lng_refbrent_adv,outputs,nlb_egs_none_no_lng_refbrent_adv,25407939608.61820,optimal integer solution within mipgap or absmipgap,0.00229928,5.84199e+07,corr-percell_14173814_149.out.gz,2026-07-25 03:49
outputs_nlb_egs_ref_lng_forced_refbrent,outputs,nlb_egs_ref_lng_forced_refbrent,26512844535.36915,optimal (non-)integer solution within mipgap or absmipgap,0.00179159,4.75159e+07,corr-percell_14173814_129.out.gz,2026-07-25 03:02
outputs_nlb_egs_ref_lng_forced_refbrent_adv,outputs,nlb_egs_ref_lng_forced_refbrent_adv,25578333549.68640,optimal integer solution within mipgap or absmipgap,0.00249074,6.37089e+07,corr-percell_14173814_88.out.gz,2026-07-25 02:21
outputs_nlb_egs_ref_lng_forced_refbrent_j120,outputs,nlb_egs_ref_lng_forced_refbrent_j120,26926228596.46738,optimal integer solution within mipgap or absmipgap,0.00144444,3.89118e+07,corr-percell_14173814_126.out.gz,2026-07-25 02:56
outputs_nlb_egs_ref_lng_forced_refbrent_j120_adv,outputs,nlb_egs_ref_lng_forced_refbrent_j120_adv,25979654899.74543,optimal integer solution within mipgap or absmipgap,0.00150525,3.91058e+07,corr-percell_14173814_30.out.gz,2026-07-25 01:30
outputs_nlb_egs_ref_no_lng_refbrent,outputs,nlb_egs_ref_no_lng_refbrent,26017699061.76443,optimal integer solution within mipgap or absmipgap,0.00232205,6.04143e+07,corr-percell_14173814_117.out.gz,2026-07-25 03:37
outputs_nlb_egs_ref_no_lng_refbrent_adv,outputs,nlb_egs_ref_no_lng_refbrent_adv,25395092464.53136,optimal integer solution within mipgap or absmipgap,0.00217249,5.51706e+07,corr-percell_14173941_36.out.gz,2026-07-25 02:21
outputs_nlb_lc_C1_LSFO250_highbrent,outputs,nlb_lc_C1_LSFO250_highbrent,27345353098.42559,optimal (non-)integer solution within mipgap or absmipgap,0.00221162,6.05045e+07,corr-percell_14173814_80.out.gz,2026-07-25 02:09
outputs_nlb_lc_C1_LSFO250_highbrent_adv,outputs,nlb_lc_C1_LSFO250_highbrent_adv,26739103836.01054,optimal integer solution within mipgap or absmipgap,0.00201156,5.37874e+07,corr-percell_14173814_160.out.gz,2026-07-25 03:32
outputs_nlb_lc_C1_LSFO250_lowbrent,outputs,nlb_lc_C1_LSFO250_lowbrent,26427530370.82645,optimal integer solution within mipgap or absmipgap,0.0023277,6.15155e+07,corr-percell_14173814_98.out.gz,2026-07-25 02:52
outputs_nlb_lc_C1_LSFO250_lowbrent_adv,outputs,nlb_lc_C1_LSFO250_lowbrent_adv,25815389491.19910,optimal integer solution within mipgap or absmipgap,0.00211355,5.45622e+07,corr-percell_14173814_165.out.gz,2026-07-25 03:50
outputs_nlb_lc_C1_LSFO250_refbrent,outputs,nlb_lc_C1_LSFO250_refbrent,26824781771.99718,optimal integer solution within mipgap or absmipgap,0.00224526,6.02285e+07,corr-percell_14173814_25.out.gz,2026-07-25 01:23
outputs_nlb_lc_C1_LSFO250_refbrent_adv,outputs,nlb_lc_C1_LSFO250_refbrent_adv,26260915557.79329,optimal integer solution within mipgap or absmipgap,0.00246953,6.48522e+07,corr-percell_14173814_38.out.gz,2026-07-25 01:30
outputs_nlb_lc_C2_LSFO375_highbrent,outputs,nlb_lc_C2_LSFO375_highbrent,27730569276.75084,optimal integer solution within mipgap or absmipgap,0.00235848,6.54019e+07,corr-percell_14173814_0.out.gz,2026-07-25 01:36
outputs_nlb_lc_C2_LSFO375_highbrent_adv,outputs,nlb_lc_C2_LSFO375_highbrent_adv,27078892088.05512,optimal integer solution within mipgap or absmipgap,0.00199222,5.39699e+07,corr-percell_14173814_44.out.gz,2026-07-25 01:38
outputs_nlb_lc_C2_LSFO375_lowbrent,outputs,nlb_lc_C2_LSFO375_lowbrent,26788987883.96196,optimal integer solution within mipgap or absmipgap,0.00212904,5.70349e+07,corr-percell_14173814_138.out.gz,2026-07-25 03:52
outputs_nlb_lc_C2_LSFO375_lowbrent_adv,outputs,nlb_lc_C2_LSFO375_lowbrent_adv,26111550821.93744,optimal integer solution within mipgap or absmipgap,0.00214746,5.60734e+07,corr-percell_14173814_106.out.gz,2026-07-25 02:47
outputs_nlb_lc_C2_LSFO375_refbrent,outputs,nlb_lc_C2_LSFO375_refbrent,27190630584.92021,optimal integer solution within mipgap or absmipgap,0.00228374,6.20963e+07,corr-percell_14173814_77.out.gz,2026-07-25 02:24
outputs_nlb_lc_C2_LSFO375_refbrent_adv,outputs,nlb_lc_C2_LSFO375_refbrent_adv,26559101535.20150,optimal integer solution within mipgap or absmipgap,0.0016077,4.26989e+07,corr-percell_14173814_51.out.gz,2026-07-25 01:44
outputs_nlb_lc_C3_LSFO500_highbrent,outputs,nlb_lc_C3_LSFO500_highbrent,28141639022.09444,optimal integer solution within mipgap or absmipgap,0.00233167,6.56702e+07,corr-percell_14173814_33.out.gz,2026-07-25 01:19
outputs_nlb_lc_C3_LSFO500_highbrent_adv,outputs,nlb_lc_C3_LSFO500_highbrent_adv,27468755402.01754,optimal integer solution within mipgap or absmipgap,0.00191288,5.25757e+07,corr-percell_14173814_162.out.gz,2026-07-25 03:27
outputs_nlb_lc_C3_LSFO500_lowbrent,outputs,nlb_lc_C3_LSFO500_lowbrent,27209044609.21505,optimal (non-)integer solution within mipgap or absmipgap,0.00149208,4.0598e+07,corr-percell_14173814_134.out.gz,2026-07-25 03:46
outputs_nlb_lc_C3_LSFO500_lowbrent_adv,outputs,nlb_lc_C3_LSFO500_lowbrent_adv,26492933440.60363,optimal integer solution within mipgap or absmipgap,0.00230776,6.11393e+07,corr-percell_14173814_83.out.gz,2026-07-25 02:26
outputs_nlb_lc_C3_LSFO500_refbrent,outputs,nlb_lc_C3_LSFO500_refbrent,27599338564.00568,optimal integer solution within mipgap or absmipgap,0.00216285,5.97415e+07,corr-percell_14173814_15.out.gz,2026-07-25 01:19
outputs_nlb_lc_C3_LSFO500_refbrent_adv,outputs,nlb_lc_C3_LSFO500_refbrent_adv,26948382185.17294,optimal integer solution within mipgap or absmipgap,0.00238886,6.44181e+07,corr-percell_14173814_127.out.gz,2026-07-25 02:49
outputs_nlb_lc_C4_NOTHERMAL_highbrent,outputs,nlb_lc_C4_NOTHERMAL_highbrent,26851959808.51719,optimal integer solution within mipgap or absmipgap,0.00219687,5.89903e+07,corr-percell_14173814_102.out.gz,2026-07-25 02:50
outputs_nlb_lc_C4_NOTHERMAL_highbrent_adv,outputs,nlb_lc_C4_NOTHERMAL_highbrent_adv,26205461594.89201,optimal integer solution within mipgap or absmipgap,0.00221345,5.80044e+07,corr-percell_14173814_97.out.gz,2026-07-25 02:46
outputs_nlb_lc_C4_NOTHERMAL_lowbrent,outputs,nlb_lc_C4_NOTHERMAL_lowbrent,26007965689.07453,optimal integer solution within mipgap or absmipgap,0.00238617,6.20595e+07,corr-percell_14173814_131.out.gz,2026-07-25 03:23
outputs_nlb_lc_C4_NOTHERMAL_lowbrent_adv,outputs,nlb_lc_C4_NOTHERMAL_lowbrent_adv,25430879305.46928,optimal integer solution within mipgap or absmipgap,0.00227646,5.78924e+07,corr-percell_14173814_42.out.gz,2026-07-25 01:37
outputs_nlb_lc_C4_NOTHERMAL_refbrent,outputs,nlb_lc_C4_NOTHERMAL_refbrent,26375529853.66938,optimal integer solution within mipgap or absmipgap,0.00246152,6.49379e+07,corr-percell_14173814_17.out.gz,2026-07-25 01:23
outputs_nlb_lc_C4_NOTHERMAL_refbrent_adv,outputs,nlb_lc_C4_NOTHERMAL_refbrent_adv,25784026307.29071,optimal integer solution within mipgap or absmipgap,0.00215472,5.55573e+07,corr-percell_14173814_159.out.gz,2026-07-25 03:31
outputs_nlb_lc_C5_LNG375_highbrent,outputs,nlb_lc_C5_LNG375_highbrent,27192101082.28194,optimal integer solution within mipgap or absmipgap,0.00244559,6.65284e+07,corr-percell_14173814_21.out.gz,2026-07-25 01:20
outputs_nlb_lc_C5_LNG375_highbrent_adv,outputs,nlb_lc_C5_LNG375_highbrent_adv,26453027903.71085,optimal integer solution within mipgap or absmipgap,0.00231683,6.132e+07,corr-percell_14173814_147.out.gz,2026-07-25 03:10
outputs_nlb_lc_C5_LNG375_highbrent_j120,outputs,nlb_lc_C5_LNG375_highbrent_j120,27530039727.12966,optimal integer solution within mipgap or absmipgap,0.00226724,6.24508e+07,corr-percell_14173814_161.out.gz,2026-07-25 03:28
outputs_nlb_lc_C5_LNG375_highbrent_j120_adv,outputs,nlb_lc_C5_LNG375_highbrent_j120_adv,26788137668.08142,optimal integer solution within mipgap or absmipgap,0.00179864,4.82027e+07,corr-percell_14173814_6.out.gz,2026-07-25 01:18
outputs_nlb_lc_C5_LNG375_lowbrent,outputs,nlb_lc_C5_LNG375_lowbrent,26200965118.34622,optimal integer solution within mipgap or absmipgap,0.00238895,6.26239e+07,corr-percell_14173814_139.out.gz,2026-07-25 03:07
outputs_nlb_lc_C5_LNG375_lowbrent_adv,outputs,nlb_lc_C5_LNG375_lowbrent_adv,25413684905.12151,optimal integer solution within mipgap or absmipgap,0.00249624,6.34385e+07,corr-percell_14173814_128.out.gz,2026-07-25 02:58
outputs_nlb_lc_C5_LNG375_lowbrent_j120,outputs,nlb_lc_C5_LNG375_lowbrent_j120,26564201967.02367,optimal integer solution within mipgap or absmipgap,0.0024849,6.60093e+07,corr-percell_14173814_62.out.gz,2026-07-25 02:19
outputs_nlb_lc_C5_LNG375_lowbrent_j120_adv,outputs,nlb_lc_C5_LNG375_lowbrent_j120_adv,25742072257.01679,optimal (non-)integer solution within mipgap or absmipgap,0.00208626,5.37198e+07,corr-percell_14173814_105.out.gz,2026-07-25 02:29
outputs_nlb_lc_C5_LNG375_refbrent,outputs,nlb_lc_C5_LNG375_refbrent,26596838946.48680,optimal integer solution within mipgap or absmipgap,0.00142431,3.78821e+07,corr-percell_14173814_76.out.gz,2026-07-25 02:26
outputs_nlb_lc_C5_LNG375_refbrent_adv,outputs,nlb_lc_C5_LNG375_refbrent_adv,25830401936.33400,optimal (non-)integer solution within mipgap or absmipgap,0.00200163,5.17132e+07,corr-percell_14173814_84.out.gz,2026-07-25 02:08
outputs_nlb_lc_C5_LNG375_refbrent_j120,outputs,nlb_lc_C5_LNG375_refbrent_j120,26970586254.92310,optimal integer solution within mipgap or absmipgap,0.00247197,6.66705e+07,corr-percell_14173814_41.out.gz,2026-07-25 01:45
outputs_nlb_lc_C5_LNG375_refbrent_j120_adv,outputs,nlb_lc_C5_LNG375_refbrent_j120_adv,26189304702.55464,optimal integer solution within mipgap or absmipgap,0.00228946,5.99593e+07,corr-percell_14173814_29.out.gz,2026-07-25 01:35
outputs_nlb_lc_C6_STATUSQUO_highbrent,outputs,nlb_lc_C6_STATUSQUO_highbrent,28973135617.53241,optimal integer solution within mipgap or absmipgap,0.00185076,5.36475e+07,corr-percell_14173814_91.out.gz,2026-07-25 02:16
outputs_nlb_lc_C6_STATUSQUO_highbrent_adv,outputs,nlb_lc_C6_STATUSQUO_highbrent_adv,28069771888.60900,optimal (non-)integer solution within mipgap or absmipgap,0.00231795,6.51338e+07,corr-percell_14173814_10.out.gz,2026-07-25 01:19
outputs_nlb_lc_C6_STATUSQUO_highbrent_j120,outputs,nlb_lc_C6_STATUSQUO_highbrent_j120,29395775973.98022,optimal (non-)integer solution within mipgap or absmipgap,0.00186512,5.48604e+07,corr-percell_14173814_86.out.gz,2026-07-25 02:06
outputs_nlb_lc_C6_STATUSQUO_highbrent_j120_adv,outputs,nlb_lc_C6_STATUSQUO_highbrent_j120_adv,28516394212.06467,optimal integer solution within mipgap or absmipgap,0.00191063,5.44842e+07,corr-percell_14173814_12.out.gz,2026-07-25 01:22
outputs_nlb_lc_C6_STATUSQUO_lowbrent,outputs,nlb_lc_C6_STATUSQUO_lowbrent,27974259821.88390,optimal integer solution within mipgap or absmipgap,0.00229151,6.41033e+07,corr-percell_14173814_151.out.gz,2026-07-25 03:29
outputs_nlb_lc_C6_STATUSQUO_lowbrent_adv,outputs,nlb_lc_C6_STATUSQUO_lowbrent_adv,26981223270.08770,optimal integer solution within mipgap or absmipgap,0.00213997,5.77389e+07,corr-percell_14173814_14.out.gz,2026-07-25 01:23
outputs_nlb_lc_C6_STATUSQUO_lowbrent_j120,outputs,nlb_lc_C6_STATUSQUO_lowbrent_j120,28384037679.51328,optimal (non-)integer solution within mipgap or absmipgap,0.00168907,4.79428e+07,corr-percell_14173814_113.out.gz,2026-07-25 03:06
outputs_nlb_lc_C6_STATUSQUO_lowbrent_j120_adv,outputs,nlb_lc_C6_STATUSQUO_lowbrent_j120_adv,27404082748.19497,optimal (non-)integer solution within mipgap or absmipgap,0.00230369,6.31462e+07,corr-percell_14173814_166.out.gz,2026-07-25 03:33
outputs_nlb_lc_C6_STATUSQUO_refbrent,outputs,nlb_lc_C6_STATUSQUO_refbrent,28384835374.25970,optimal integer solution within mipgap or absmipgap,0.00171071,4.85582e+07,corr-percell_14173814_89.out.gz,2026-07-25 02:32
outputs_nlb_lc_C6_STATUSQUO_refbrent_adv,outputs,nlb_lc_C6_STATUSQUO_refbrent_adv,27443726510.59423,optimal integer solution within mipgap or absmipgap,0.00236446,6.48895e+07,corr-percell_14173814_144.out.gz,2026-07-25 03:09
outputs_nlb_lc_C6_STATUSQUO_refbrent_j120,outputs,nlb_lc_C6_STATUSQUO_refbrent_j120,28832378235.56418,optimal integer solution within mipgap or absmipgap,0.00246237,7.09961e+07,corr-percell_14173814_178.out.gz,2026-07-25 03:46
outputs_nlb_lc_C6_STATUSQUO_refbrent_j120_adv,outputs,nlb_lc_C6_STATUSQUO_refbrent_j120_adv,27856925246.91412,optimal (non-)integer solution within mipgap or absmipgap,0.00244092,6.80354e+07,corr-percell_14173814_57.out.gz,2026-07-25 01:43
outputs_nlb_lngconv_heco_refbrent,outputs,nlb_lngconv_heco_refbrent,24954431120.89302,optimal integer solution within mipgap or absmipgap,0.00234659,5.85578e+07,corr-percell_14173814_27.out.gz,2026-07-25 02:01
outputs_nlb_lngconv_noplant_refbrent,outputs,nlb_lngconv_noplant_refbrent,25622960104.46141,optimal integer solution within mipgap or absmipgap,0.00216923,5.55821e+07,corr-percell_14173814_95.out.gz,2026-07-25 02:52
outputs_nlb_lngconv_opt_refbrent,outputs,nlb_lngconv_opt_refbrent,25613122598.63583,optimal integer solution within mipgap or absmipgap,0.00175915,4.50574e+07,corr-percell_14173814_71.out.gz,2026-07-25 02:42
outputs_nlb_lngconv_wjera_refbrent,outputs,nlb_lngconv_wjera_refbrent,26063778850.78807,optimal (non-)integer solution within mipgap or absmipgap,0.00202078,5.26905e+07,corr-percell_14173814_2.out.gz,2026-07-25 01:21
outputs_nlb_norps_LNG500_refbrent,outputs,nlb_norps_LNG500_refbrent,25719315681.81986,optimal integer solution within mipgap or absmipgap,0.00196656,5.05787e+07,corr-percell_14173814_133.out.gz,2026-07-25 04:30
outputs_nlb_norps_LNG500_refbrent_j120,outputs,nlb_norps_LNG500_refbrent_j120,26269105983.36481,optimal integer solution within mipgap or absmipgap,0.00243109,6.38626e+07,corr-percell_14173814_146.out.gz,2026-07-25 05:49
outputs_nlb_norps_LNGOPT_refbrent,outputs,nlb_norps_LNGOPT_refbrent,25558416017.62458,optimal integer solution within mipgap or absmipgap,0.00249398,6.37423e+07,corr-percell_14173814_94.out.gz,2026-07-25 09:09
outputs_nlb_norps_NOTHERMAL_refbrent,outputs,nlb_norps_NOTHERMAL_refbrent,25735829835.25896,optimal integer solution within mipgap or absmipgap,0.00224216,5.77037e+07,corr-percell_14173814_111.out.gz,2026-07-25 03:35
outputs_nlb_wb_C5_LNG375_refbrent,outputs,nlb_wb_C5_LNG375_refbrent,26232606948.60975,optimal integer solution within mipgap or absmipgap,0.00249795,6.55588e+07,corr-percell_14173814_123.out.gz,2026-07-25 02:51
outputs_nlb_wb_C5_LNG375_refbrent_adv,outputs,nlb_wb_C5_LNG375_refbrent_adv,25451639800.83118,optimal integer solution within mipgap or absmipgap,0.00222783,5.67019e+07,corr-percell_14173814_68.out.gz,2026-07-25 02:05
outputs_nlb_wb_C5_LNG375_refbrent_j120,outputs,nlb_wb_C5_LNG375_refbrent_j120,26571442889.90975,optimal integer solution within mipgap or absmipgap,0.00209901,5.57929e+07,corr-percell_14173814_26.out.gz,2026-07-25 01:26
outputs_nlb_wb_C5_LNG375_refbrent_j120_adv,outputs,nlb_wb_C5_LNG375_refbrent_j120_adv,25791627877.04908,optimal integer solution within mipgap or absmipgap,0.00198843,5.1285e+07,corr-percell_14173814_175.out.gz,2026-07-25 04:00
outputs_nlb_wb_C6_LNG500_highbrent,outputs,nlb_wb_C6_LNG500_highbrent,27092786072.98202,optimal integer solution within mipgap or absmipgap,0.00107871,2.92298e+07,corr-percell_14173814_148.out.gz,2026-07-25 03:12
outputs_nlb_wb_C6_LNG500_highbrent_adv,outputs,nlb_wb_C6_LNG500_highbrent_adv,26225519467.21401,optimal integer solution within mipgap or absmipgap,0.00232513,6.09777e+07,corr-percell_14173814_164.out.gz,2026-07-25 03:42
outputs_nlb_wb_C6_LNG500_highbrent_j120,outputs,nlb_wb_C6_LNG500_highbrent_j120,27556281724.96219,optimal integer solution within mipgap or absmipgap,0.00226694,6.24684e+07,corr-percell_14173814_70.out.gz,2026-07-25 01:59
outputs_nlb_wb_C6_LNG500_highbrent_j120_adv,outputs,nlb_wb_C6_LNG500_highbrent_j120_adv,26631710609.46510,optimal integer solution within mipgap or absmipgap,0.0015482,4.12313e+07,corr-percell_14173814_140.out.gz,2026-07-25 03:12
outputs_nlb_wb_C6_LNG500_lowbrent,outputs,nlb_wb_C6_LNG500_lowbrent,26108847166.55606,optimal (non-)integer solution within mipgap or absmipgap,0.00230918,6.029e+07,corr-percell_14173814_16.out.gz,2026-07-25 01:52
outputs_nlb_wb_C6_LNG500_lowbrent_adv,outputs,nlb_wb_C6_LNG500_lowbrent_adv,25110659211.65083,optimal integer solution within mipgap or absmipgap,0.00229769,5.77224e+07,corr-percell_14173814_48.out.gz,2026-07-25 01:45
outputs_nlb_wb_C6_LNG500_lowbrent_j120,outputs,nlb_wb_C6_LNG500_lowbrent_j120,26521547766.24666,optimal (non-)integer solution within mipgap or absmipgap,0.00177965,4.71991e+07,corr-percell_14173814_85.out.gz,2026-07-25 02:47
outputs_nlb_wb_C6_LNG500_lowbrent_j120_adv,outputs,nlb_wb_C6_LNG500_lowbrent_j120_adv,25536950375.38480,optimal integer solution within mipgap or absmipgap,0.00182599,4.66303e+07,corr-percell_14173814_152.out.gz,2026-07-25 03:20
outputs_nlb_wb_C6_LNG500_refbrent,outputs,nlb_wb_C6_LNG500_refbrent,26539890254.52824,optimal integer solution within mipgap or absmipgap,0.00249497,6.62183e+07,corr-percell_14173814_135.out.gz,2026-07-25 03:14
outputs_nlb_wb_C6_LNG500_refbrent_adv,outputs,nlb_wb_C6_LNG500_refbrent_adv,25552419537.10072,optimal (non-)integer solution within mipgap or absmipgap,0.00218718,5.59269e+07,corr-percell_14173814_104.out.gz,2026-07-25 02:31
outputs_nlb_wb_C6_LNG500_refbrent_j120,outputs,nlb_wb_C6_LNG500_refbrent_j120,26927437633.67974,optimal integer solution within mipgap or absmipgap,0.00115271,3.10439e+07,corr-percell_14173814_20.out.gz,2026-07-25 01:23
outputs_nlb_wb_C6_LNG500_refbrent_j120_adv,outputs,nlb_wb_C6_LNG500_refbrent_j120_adv,25987145390.09122,optimal integer solution within mipgap or absmipgap,0.0023253,6.04595e+07,corr-percell_14173814_75.out.gz,2026-07-25 02:05
outputs_nlb_wr_C1_LSFO250_highbrent,outputs,nlb_wr_C1_LSFO250_highbrent,28445120735.16433,optimal integer solution within mipgap or absmipgap,0.00233352,6.63771e+07,corr-percell_14173814_173.out.gz,2026-07-25 03:50
outputs_nlb_wr_C1_LSFO250_highbrent_adv,outputs,nlb_wr_C1_LSFO250_highbrent_adv,27789407213.89721,optimal integer solution within mipgap or absmipgap,0.0015533,4.31857e+07,corr-percell_14173814_112.out.gz,2026-07-25 02:49
outputs_nlb_wr_C1_LSFO250_lowbrent,outputs,nlb_wr_C1_LSFO250_lowbrent,27493252628.54436,optimal integer solution within mipgap or absmipgap,0.00235345,6.4704e+07,corr-percell_14173814_136.out.gz,2026-07-25 03:40
outputs_nlb_wr_C1_LSFO250_lowbrent_adv,outputs,nlb_wr_C1_LSFO250_lowbrent_adv,26840853510.20051,optimal integer solution within mipgap or absmipgap,0.00249775,6.70939e+07,corr-percell_14173814_103.out.gz,2026-07-25 02:58
outputs_nlb_wr_C1_LSFO250_refbrent,outputs,nlb_wr_C1_LSFO250_refbrent,27899504397.86252,optimal integer solution within mipgap or absmipgap,0.00232306,6.48122e+07,corr-percell_14173814_73.out.gz,2026-07-25 02:10
outputs_nlb_wr_C1_LSFO250_refbrent_adv,outputs,nlb_wr_C1_LSFO250_refbrent_adv,27291642478.04773,optimal integer solution within mipgap or absmipgap,0.00175889,4.80031e+07,corr-percell_14173814_55.out.gz,2026-07-25 01:56
outputs_nlb_wr_C4_NOTHERMAL_highbrent,outputs,nlb_wr_C4_NOTHERMAL_highbrent,27904212609.77630,optimal integer solution within mipgap or absmipgap,0.00233541,6.51848e+07,corr-percell_14173814_3.out.gz,2026-07-25 01:27
outputs_nlb_wr_C4_NOTHERMAL_highbrent_adv,outputs,nlb_wr_C4_NOTHERMAL_highbrent_adv,27245303028.09537,optimal integer solution within mipgap or absmipgap,0.00207127,5.64324e+07,corr-percell_14173814_82.out.gz,2026-07-25 02:29
outputs_nlb_wr_C4_NOTHERMAL_lowbrent,outputs,nlb_wr_C4_NOTHERMAL_lowbrent,27026321546.76147,optimal integer solution within mipgap or absmipgap,0.00240875,6.50997e+07,corr-percell_14173814_141.out.gz,2026-07-25 03:24
outputs_nlb_wr_C4_NOTHERMAL_lowbrent_adv,outputs,nlb_wr_C4_NOTHERMAL_lowbrent_adv,26429045109.22778,optimal integer solution within mipgap or absmipgap,0.00210657,5.56837e+07,corr-percell_14173814_96.out.gz,2026-07-25 02:29
outputs_nlb_wr_C4_NOTHERMAL_refbrent,outputs,nlb_wr_C4_NOTHERMAL_refbrent,27408996849.44329,optimal integer solution within mipgap or absmipgap,0.00205912,5.64384e+07,corr-percell_14173814_67.out.gz,2026-07-25 02:25
outputs_nlb_wr_C4_NOTHERMAL_refbrent_adv,outputs,nlb_wr_C4_NOTHERMAL_refbrent_adv,26812444613.29158,optimal integer solution within mipgap or absmipgap,0.00241045,6.463e+07,corr-percell_14173814_65.out.gz,2026-07-25 02:18
outputs_nlb_wr_C5_LNG375_refbrent,outputs,nlb_wr_C5_LNG375_refbrent,27690711339.16018,optimal integer solution within mipgap or absmipgap,0.0020194,5.59402e+07,corr-percell_14173814_8.out.gz,2026-07-25 01:21
outputs_nlb_wr_C5_LNG375_refbrent_adv,outputs,nlb_wr_C5_LNG375_refbrent_adv,26883098125.26615,optimal (non-)integer solution within mipgap or absmipgap,0.00150124,4.03624e+07,corr-percell_14173814_174.out.gz,2026-07-25 03:48
outputs_nlb_wr_C5_LNG375_refbrent_j120,outputs,nlb_wr_C5_LNG375_refbrent_j120,28043624836.64432,optimal integer solution within mipgap or absmipgap,0.00208168,5.83896e+07,corr-percell_14173814_61.out.gz,2026-07-25 01:49
outputs_nlb_wr_C5_LNG375_refbrent_j120_adv,outputs,nlb_wr_C5_LNG375_refbrent_j120_adv,27229654791.52283,optimal (non-)integer solution within mipgap or absmipgap,0.0016136,4.39466e+07,corr-percell_14173814_28.out.gz,2026-07-25 01:27
outputs_nlb_wr_C6_LNG500_refbrent,outputs,nlb_wr_C6_LNG500_refbrent,27987310114.80363,optimal integer solution within mipgap or absmipgap,0.0023348,6.54209e+07,corr-percell_14173814_18.out.gz,2026-07-25 01:24
outputs_nlb_wr_C6_LNG500_refbrent_adv,outputs,nlb_wr_C6_LNG500_refbrent_adv,27030561135.77327,optimal integer solution within mipgap or absmipgap,0.00242929,6.56956e+07,corr-percell_14173814_7.out.gz,2026-07-25 01:21
outputs_nlb_wr_C6_LNG500_refbrent_j120,outputs,nlb_wr_C6_LNG500_refbrent_j120,28408563047.29531,optimal (non-)integer solution within mipgap or absmipgap,0.00130408,3.70585e+07,corr-percell_14173814_109.out.gz,2026-07-25 02:41
outputs_nlb_wr_C6_LNG500_refbrent_j120_adv,outputs,nlb_wr_C6_LNG500_refbrent_j120_adv,27442438478.86655,optimal (non-)integer solution within mipgap or absmipgap,0.00200826,5.51439e+07,corr-percell_14173814_60.out.gz,2026-07-25 01:50
outputs_nls_C1_LSFO250_highbrent,outputs,nls_C1_LSFO250_highbrent,26360571664.27390,optimal integer solution within mipgap or absmipgap,0.00219937,5.79767e+07,corr-percell_14173815_22.out.gz,2026-07-25 01:24
outputs_nls_C1_LSFO250_highbrent_adv,outputs,nls_C1_LSFO250_highbrent_adv,25809252767.38375,optimal integer solution within mipgap or absmipgap,0.00242618,6.2618e+07,corr-percell_14173815_137.out.gz,2026-07-25 03:07
outputs_nls_C1_LSFO250_lowbrent,outputs,nls_C1_LSFO250_lowbrent,25456913349.94296,optimal integer solution within mipgap or absmipgap,0.00230461,5.86684e+07,corr-percell_14173815_19.out.gz,2026-07-25 01:53
outputs_nls_C1_LSFO250_lowbrent_adv,outputs,nls_C1_LSFO250_lowbrent_adv,24885662415.78605,optimal integer solution within mipgap or absmipgap,0.00236851,5.89678e+07,corr-percell_14173815_153.out.gz,2026-07-25 03:23
outputs_nls_C1_LSFO250_refbrent,outputs,nls_C1_LSFO250_refbrent,25845064050.21609,optimal integer solution within mipgap or absmipgap,0.00222116,5.7406e+07,corr-percell_14173815_132.out.gz,2026-07-25 03:27
outputs_nls_C1_LSFO250_refbrent_adv,outputs,nls_C1_LSFO250_refbrent_adv,25323644393.96882,optimal integer solution within mipgap or absmipgap,0.00244395,6.18897e+07,corr-percell_14173815_4.out.gz,2026-07-25 01:32
outputs_nls_C2_LSFO375_highbrent,outputs,nls_C2_LSFO375_highbrent,26741009895.42696,optimal integer solution within mipgap or absmipgap,0.00245516,6.56535e+07,corr-percell_14173815_81.out.gz,2026-07-25 02:41
outputs_nls_C2_LSFO375_highbrent_adv,outputs,nls_C2_LSFO375_highbrent_adv,26136973893.31278,optimal integer solution within mipgap or absmipgap,0.00205312,5.36934e+07,corr-percell_14173815_66.out.gz,2026-07-25 01:58
outputs_nls_C2_LSFO375_lowbrent,outputs,nls_C2_LSFO375_lowbrent,25837164664.71154,optimal integer solution within mipgap or absmipgap,0.00243147,6.28224e+07,corr-percell_14173815_56.out.gz,2026-07-25 02:32
outputs_nls_C2_LSFO375_lowbrent_adv,outputs,nls_C2_LSFO375_lowbrent_adv,25197613413.25593,optimal integer solution within mipgap or absmipgap,0.00234957,5.92036e+07,corr-percell_14173815_119.out.gz,2026-07-25 03:13
outputs_nls_C2_LSFO375_refbrent,outputs,nls_C2_LSFO375_refbrent,26209793488.61115,optimal integer solution within mipgap or absmipgap,0.00194557,5.09929e+07,corr-percell_14173815_169.out.gz,2026-07-25 04:30
outputs_nls_C2_LSFO375_refbrent_adv,outputs,nls_C2_LSFO375_refbrent_adv,25644002123.16577,optimal integer solution within mipgap or absmipgap,0.00225954,5.79437e+07,corr-percell_14173815_87.out.gz,2026-07-25 02:28
outputs_nls_C3_LSFO500_highbrent,outputs,nls_C3_LSFO500_highbrent,27174802985.11999,optimal integer solution within mipgap or absmipgap,0.00219622,5.96817e+07,corr-percell_14173815_59.out.gz,2026-07-25 02:08
outputs_nls_C3_LSFO500_highbrent_adv,outputs,nls_C3_LSFO500_highbrent_adv,26562805555.36867,optimal integer solution within mipgap or absmipgap,0.00244173,6.48591e+07,corr-percell_14173815_143.out.gz,2026-07-25 03:15
outputs_nls_C3_LSFO500_lowbrent,outputs,nls_C3_LSFO500_lowbrent,26262367000.64466,optimal (non-)integer solution within mipgap or absmipgap,0.00177099,4.65104e+07,corr-percell_14173815_23.out.gz,2026-07-25 02:33
outputs_nls_C3_LSFO500_lowbrent_adv,outputs,nls_C3_LSFO500_lowbrent_adv,25580927704.20535,optimal integer solution within mipgap or absmipgap,0.0024297,6.2154e+07,corr-percell_14173815_46.out.gz,2026-07-25 01:57
outputs_nls_C3_LSFO500_refbrent,outputs,nls_C3_LSFO500_refbrent,26648348046.90908,optimal (non-)integer solution within mipgap or absmipgap,0.00189635,5.05347e+07,corr-percell_14173815_99.out.gz,2026-07-25 02:48
outputs_nls_C3_LSFO500_refbrent_adv,outputs,nls_C3_LSFO500_refbrent_adv,26033964228.05088,optimal integer solution within mipgap or absmipgap,0.00214012,5.57158e+07,corr-percell_14173815_114.out.gz,2026-07-25 02:48
outputs_nls_C4_NOTHERMAL_highbrent,outputs,nls_C4_NOTHERMAL_highbrent,25857669917.77079,optimal integer solution within mipgap or absmipgap,0.00243367,6.29291e+07,corr-percell_14173815_5.out.gz,2026-07-25 02:00
outputs_nls_C4_NOTHERMAL_highbrent_adv,outputs,nls_C4_NOTHERMAL_highbrent_adv,25246757990.01459,optimal integer solution within mipgap or absmipgap,0.00243074,6.13859e+07,corr-percell_14173815_155.out.gz,2026-07-25 03:23
outputs_nls_C4_NOTHERMAL_lowbrent,outputs,nls_C4_NOTHERMAL_lowbrent,25023483394.05740,optimal integer solution within mipgap or absmipgap,0.00249205,6.23599e+07,corr-percell_14173815_49.out.gz,2026-07-25 02:13
outputs_nls_C4_NOTHERMAL_lowbrent_adv,outputs,nls_C4_NOTHERMAL_lowbrent_adv,24500674358.40247,optimal integer solution within mipgap or absmipgap,0.00247742,6.06985e+07,corr-percell_14173815_92.out.gz,2026-07-25 02:47
outputs_nls_C4_NOTHERMAL_refbrent,outputs,nls_C4_NOTHERMAL_refbrent,25375848444.92758,optimal integer solution within mipgap or absmipgap,0.00195788,4.96828e+07,corr-percell_14173815_154.out.gz,2026-07-25 03:42
outputs_nls_C4_NOTHERMAL_refbrent_adv,outputs,nls_C4_NOTHERMAL_refbrent_adv,24840395515.18564,optimal integer solution within mipgap or absmipgap,0.00219739,5.4584e+07,corr-percell_14173815_124.out.gz,2026-07-25 03:33
outputs_nls_C5_LNG375_highbrent,outputs,nls_C5_LNG375_highbrent,26207360180.40306,optimal integer solution within mipgap or absmipgap,0.00139505,3.65669e+07,corr-percell_14173815_93.out.gz,2026-07-25 02:21
outputs_nls_C5_LNG375_highbrent_adv,outputs,nls_C5_LNG375_highbrent_adv,25515920174.69447,optimal integer solution within mipgap or absmipgap,0.00165498,4.22372e+07,corr-percell_14173815_177.out.gz,2026-07-25 03:43
outputs_nls_C5_LNG375_highbrent_j120,outputs,nls_C5_LNG375_highbrent_j120,26586451877.74976,optimal integer solution within mipgap or absmipgap,0.0024068,6.39882e+07,corr-percell_14173815_142.out.gz,2026-07-25 03:35
outputs_nls_C5_LNG375_highbrent_j120_adv,outputs,nls_C5_LNG375_highbrent_j120_adv,25865722400.67529,optimal integer solution within mipgap or absmipgap,0.00158815,4.10787e+07,corr-percell_14173815_52.out.gz,2026-07-25 01:47
outputs_nls_C5_LNG375_lowbrent,outputs,nls_C5_LNG375_lowbrent,25269799798.68782,optimal integer solution within mipgap or absmipgap,0.00176003,4.44841e+07,corr-percell_14173815_108.out.gz,2026-07-25 02:34
outputs_nls_C5_LNG375_lowbrent_adv,outputs,nls_C5_LNG375_lowbrent_adv,24507247774.12297,optimal (non-)integer solution within mipgap or absmipgap,0.00210086,5.15011e+07,corr-percell_14173815_32.out.gz,2026-07-25 01:32
outputs_nls_C5_LNG375_lowbrent_j120,outputs,nls_C5_LNG375_lowbrent_j120,25614266474.40142,optimal integer solution within mipgap or absmipgap,0.0017569,4.50128e+07,corr-percell_14173815_79.out.gz,2026-07-25 02:08
outputs_nls_C5_LNG375_lowbrent_j120_adv,outputs,nls_C5_LNG375_lowbrent_j120_adv,24861426031.22207,optimal integer solution within mipgap or absmipgap,0.00229468,5.70579e+07,corr-percell_14173815_50.out.gz,2026-07-25 01:51
outputs_nls_C5_LNG375_refbrent,outputs,nls_C5_LNG375_refbrent,25658333962.95469,optimal integer solution within mipgap or absmipgap,0.00173487,4.45248e+07,corr-percell_14173815_40.out.gz,2026-07-25 01:32
outputs_nls_C5_LNG375_refbrent_adv,outputs,nls_C5_LNG375_refbrent_adv,24918799925.54137,optimal integer solution within mipgap or absmipgap,0.00147692,3.68031e+07,corr-percell_14173815_168.out.gz,2026-07-25 03:39
outputs_nls_C5_LNG375_refbrent_j120,outputs,nls_C5_LNG375_refbrent_j120,26001446551.22605,optimal integer solution within mipgap or absmipgap,0.0016709,4.34583e+07,corr-percell_14173815_9.out.gz,2026-07-25 01:29
outputs_nls_C5_LNG375_refbrent_j120_adv,outputs,nls_C5_LNG375_refbrent_j120_adv,25264488180.55358,optimal integer solution within mipgap or absmipgap,0.00166965,4.21911e+07,corr-percell_14173815_175.out.gz,2026-07-25 03:43
outputs_nls_C6_STATUSQUO_highbrent,outputs,nls_C6_STATUSQUO_highbrent,28059148475.66418,optimal (non-)integer solution within mipgap or absmipgap,0.00214161,6.00916e+07,corr-percell_14173815_172.out.gz,2026-07-25 04:07
outputs_nls_C6_STATUSQUO_highbrent_adv,outputs,nls_C6_STATUSQUO_highbrent_adv,27161760710.79797,optimal integer solution within mipgap or absmipgap,0.00213322,5.79726e+07,corr-percell_14173815_72.out.gz,2026-07-25 01:57
outputs_nls_C6_STATUSQUO_highbrent_j120,outputs,nls_C6_STATUSQUO_highbrent_j120,28464989087.62267,optimal integer solution within mipgap or absmipgap,0.00200384,5.70722e+07,corr-percell_14173815_118.out.gz,2026-07-25 02:42
outputs_nls_C6_STATUSQUO_highbrent_j120_adv,outputs,nls_C6_STATUSQUO_highbrent_j120_adv,27588475583.02190,optimal integer solution within mipgap or absmipgap,0.00156203,4.3094e+07,corr-percell_14173815_120.out.gz,2026-07-25 02:50
outputs_nls_C6_STATUSQUO_lowbrent,outputs,nls_C6_STATUSQUO_lowbrent,27065597750.29218,optimal integer solution within mipgap or absmipgap,0.00235857,6.3856e+07,corr-percell_14173815_24.out.gz,2026-07-25 01:25
outputs_nls_C6_STATUSQUO_lowbrent_adv,outputs,nls_C6_STATUSQUO_lowbrent_adv,26089808409.59912,optimal integer solution within mipgap or absmipgap,0.00156743,4.0894e+07,corr-percell_14173815_54.out.gz,2026-07-25 01:56
outputs_nls_C6_STATUSQUO_lowbrent_j120,outputs,nls_C6_STATUSQUO_lowbrent_j120,27476978003.86960,optimal integer solution within mipgap or absmipgap,0.00145375,3.99447e+07,corr-percell_14173815_171.out.gz,2026-07-25 04:22
outputs_nls_C6_STATUSQUO_lowbrent_j120_adv,outputs,nls_C6_STATUSQUO_lowbrent_j120_adv,26507912850.84859,optimal integer solution within mipgap or absmipgap,0.00124896,3.31073e+07,corr-percell_14173815_163.out.gz,2026-07-25 03:28
outputs_nls_C6_STATUSQUO_refbrent,outputs,nls_C6_STATUSQUO_refbrent,27445083163.70811,optimal (non-)integer solution within mipgap or absmipgap,0.00112408,3.08562e+07,corr-percell_14173815_100.out.gz,2026-07-25 02:26
outputs_nls_C6_STATUSQUO_refbrent_adv,outputs,nls_C6_STATUSQUO_refbrent_adv,26535544285.57761,optimal integer solution within mipgap or absmipgap,0.00194624,5.16527e+07,corr-percell_14173815_101.out.gz,2026-07-25 02:23
outputs_nls_C6_STATUSQUO_refbrent_j120,outputs,nls_C6_STATUSQUO_refbrent_j120,27880371597.90207,optimal integer solution within mipgap or absmipgap,0.00161671,4.50906e+07,corr-percell_14173815_109.out.gz,2026-07-25 02:33
outputs_nls_C6_STATUSQUO_refbrent_j120_adv,outputs,nls_C6_STATUSQUO_refbrent_j120_adv,26964738435.85247,optimal integer solution within mipgap or absmipgap,0.0020741,5.59381e+07,corr-percell_14173815_60.out.gz,2026-07-25 01:54
outputs_nls_be_pv15_C1_LSFO250_refbrent,outputs,nls_be_pv15_C1_LSFO250_refbrent,27713372154.97095,optimal integer solution within mipgap or absmipgap,0.00238197,6.60125e+07,corr-percell_14173815_116.out.gz,2026-07-25 03:40
outputs_nls_be_pv15_C1_LSFO250_refbrent_adv,outputs,nls_be_pv15_C1_LSFO250_refbrent_adv,26967659733.64227,optimal integer solution within mipgap or absmipgap,0.00207581,5.59796e+07,corr-percell_14173815_53.out.gz,2026-07-25 02:00
outputs_nls_be_pv15_C4_NOTHERMAL_refbrent,outputs,nls_be_pv15_C4_NOTHERMAL_refbrent,27375229712.07100,optimal integer solution within mipgap or absmipgap,0.00241378,6.60779e+07,corr-percell_14173815_35.out.gz,2026-07-25 02:00
outputs_nls_be_pv15_C4_NOTHERMAL_refbrent_adv,outputs,nls_be_pv15_C4_NOTHERMAL_refbrent_adv,26615076019.28244,optimal integer solution within mipgap or absmipgap,0.00170792,4.54565e+07,corr-percell_14173815_121.out.gz,2026-07-25 03:09
outputs_nls_be_pv15_wb_C6_LNG500_refbrent,outputs,nls_be_pv15_wb_C6_LNG500_refbrent,27614197083.34968,optimal (non-)integer solution within mipgap or absmipgap,0.00197131,5.44361e+07,corr-percell_14173815_78.out.gz,2026-07-25 03:02
outputs_nls_be_pv15_wb_C6_LNG500_refbrent_j120,outputs,nls_be_pv15_wb_C6_LNG500_refbrent_j120,28054850108.25752,optimal integer solution within mipgap or absmipgap,0.00249962,7.01264e+07,corr-percell_14173815_39.out.gz,2026-07-25 01:28
outputs_nls_be_pv17_C1_LSFO250_refbrent,outputs,nls_be_pv17_C1_LSFO250_refbrent,28323563192.08080,optimal integer solution within mipgap or absmipgap,0.00246135,6.97142e+07,corr-percell_14173815_90.out.gz,2026-07-25 02:59
outputs_nls_be_pv17_C1_LSFO250_refbrent_adv,outputs,nls_be_pv17_C1_LSFO250_refbrent_adv,27480885145.74179,optimal integer solution within mipgap or absmipgap,0.00243766,6.70199e+07,corr-percell_14173815_107.out.gz,2026-07-25 02:35
outputs_nls_be_pv17_C4_NOTHERMAL_refbrent,outputs,nls_be_pv17_C4_NOTHERMAL_refbrent,28070284096.29402,optimal integer solution within mipgap or absmipgap,0.00249445,7.00198e+07,corr-percell_14173815_130.out.gz,2026-07-25 03:19
outputs_nls_be_pv17_C4_NOTHERMAL_refbrent_adv,outputs,nls_be_pv17_C4_NOTHERMAL_refbrent_adv,27209104574.35203,optimal integer solution within mipgap or absmipgap,0.00246197,6.70126e+07,corr-percell_14173815_37.out.gz,2026-07-25 01:24
outputs_nls_be_pv17_wb_C6_LNG500_refbrent,outputs,nls_be_pv17_wb_C6_LNG500_refbrent,28159987009.87854,optimal integer solution within mipgap or absmipgap,0.00184884,5.2073e+07,corr-percell_14173815_156.out.gz,2026-07-25 03:21
outputs_nls_be_pv17_wb_C6_LNG500_refbrent_j120,outputs,nls_be_pv17_wb_C6_LNG500_refbrent_j120,28593083056.58045,optimal (non-)integer solution within mipgap or absmipgap,0.00214856,6.14498e+07,corr-percell_14173815_58.out.gz,2026-07-25 01:51
outputs_nls_egs_high_lng_forced_refbrent,outputs,nls_egs_high_lng_forced_refbrent,26345603891.30349,optimal (non-)integer solution within mipgap or absmipgap,0.00194789,5.13337e+07,corr-percell_14173815_13.out.gz,2026-07-25 01:34
outputs_nls_egs_high_lng_forced_refbrent_adv,outputs,nls_egs_high_lng_forced_refbrent_adv,25064971707.91262,optimal integer solution within mipgap or absmipgap,0.00176263,4.41802e+07,corr-percell_14173815_1.out.gz,2026-07-25 01:34
outputs_nls_egs_high_lng_forced_refbrent_j120_adv,outputs,nls_egs_high_lng_forced_refbrent_j120_adv,25489229203.66600,optimal integer solution within mipgap or absmipgap,0.00206906,5.27594e+07,corr-percell_14173815_150.out.gz,2026-07-25 03:16
outputs_nls_egs_high_no_lng_highbrent_adv,outputs,nls_egs_high_no_lng_highbrent_adv,25288772877.16965,optimal integer solution within mipgap or absmipgap,0.00234152,5.92141e+07,corr-percell_14173942_34.out.gz,2026-07-25 01:39
outputs_nls_egs_high_no_lng_lowbrent_adv,outputs,nls_egs_high_no_lng_lowbrent_adv,24497404232.43781,optimal integer solution within mipgap or absmipgap,0.00237305,5.81335e+07,corr-percell_14173815_47.out.gz,2026-07-25 02:25
outputs_nls_egs_high_no_lng_refbrent_adv,outputs,nls_egs_high_no_lng_refbrent_adv,24849854521.19900,optimal integer solution within mipgap or absmipgap,0.00246761,6.13197e+07,corr-percell_14173815_115.out.gz,2026-07-25 02:51
outputs_nls_egs_low_lng_forced_refbrent,outputs,nls_egs_low_lng_forced_refbrent,25677881161.22145,optimal (non-)integer solution within mipgap or absmipgap,0.00141923,3.64457e+07,corr-percell_14173815_122.out.gz,2026-07-25 02:54
outputs_nls_egs_low_lng_forced_refbrent_adv,outputs,nls_egs_low_lng_forced_refbrent_adv,24836727529.40244,optimal integer solution within mipgap or absmipgap,0.00181648,4.51153e+07,corr-percell_14173815_64.out.gz,2026-07-25 02:05
outputs_nls_egs_low_lng_forced_refbrent_j120,outputs,nls_egs_low_lng_forced_refbrent_j120,26108137880.28758,optimal (non-)integer solution within mipgap or absmipgap,0.00219499,5.73481e+07,corr-percell_14173815_110.out.gz,2026-07-25 02:37
outputs_nls_egs_low_lng_forced_refbrent_j120_adv,outputs,nls_egs_low_lng_forced_refbrent_j120_adv,25270425192.44047,optimal integer solution within mipgap or absmipgap,0.00227089,5.73965e+07,corr-percell_14173815_170.out.gz,2026-07-25 03:39
outputs_nls_egs_low_no_lng_highbrent,outputs,nls_egs_low_no_lng_highbrent,26169483717.31762,optimal integer solution within mipgap or absmipgap,0.00244564,6.4001e+07,corr-percell_14173815_43.out.gz,2026-07-25 02:52
outputs_nls_egs_low_no_lng_highbrent_adv,outputs,nls_egs_low_no_lng_highbrent_adv,24814586006.16931,optimal integer solution within mipgap or absmipgap,0.00248882,6.17592e+07,corr-percell_14173815_157.out.gz,2026-07-25 04:03
outputs_nls_egs_low_no_lng_lowbrent_adv,outputs,nls_egs_low_no_lng_lowbrent_adv,24076842677.61127,optimal integer solution within mipgap or absmipgap,0.00187986,4.52612e+07,corr-percell_14173815_167.out.gz,2026-07-25 04:08
outputs_nls_egs_low_no_lng_refbrent,outputs,nls_egs_low_no_lng_refbrent,25641916439.89326,optimal integer solution within mipgap or absmipgap,0.00243904,6.25416e+07,corr-percell_14173815_125.out.gz,2026-07-25 04:27
outputs_nls_egs_low_no_lng_refbrent_adv,outputs,nls_egs_low_no_lng_refbrent_adv,24402230146.50408,optimal integer solution within mipgap or absmipgap,0.00224842,5.48664e+07,corr-percell_14173942_31.out.gz,2026-07-25 02:05
outputs_nls_egs_none_lng_forced_refbrent,outputs,nls_egs_none_lng_forced_refbrent,26276759633.78808,optimal integer solution within mipgap or absmipgap,0.00159508,4.19253e+07,corr-percell_14173815_63.out.gz,2026-07-25 01:57
outputs_nls_egs_none_lng_forced_refbrent_adv,outputs,nls_egs_none_lng_forced_refbrent_adv,25070674643.46690,optimal integer solution within mipgap or absmipgap,0.00199027,4.98974e+07,corr-percell_14173815_74.out.gz,2026-07-25 02:08
outputs_nls_egs_none_lng_forced_refbrent_j120,outputs,nls_egs_none_lng_forced_refbrent_j120,26720797415.58408,optimal integer solution within mipgap or absmipgap,0.00235533,6.29605e+07,corr-percell_14173815_158.out.gz,2026-07-25 03:23
outputs_nls_egs_none_lng_forced_refbrent_j120_adv,outputs,nls_egs_none_lng_forced_refbrent_j120_adv,25476416423.42115,optimal integer solution within mipgap or absmipgap,0.00158434,4.03797e+07,corr-percell_14173815_145.out.gz,2026-07-25 03:13
outputs_nls_egs_none_no_lng_refbrent,outputs,nls_egs_none_no_lng_refbrent,25932933817.01242,optimal integer solution within mipgap or absmipgap,0.0023491,6.09191e+07,corr-percell_14173815_176.out.gz,2026-07-25 04:13
outputs_nls_egs_none_no_lng_refbrent_adv,outputs,nls_egs_none_no_lng_refbrent_adv,24850589389.45549,optimal integer solution within mipgap or absmipgap,0.00247396,6.14793e+07,corr-percell_14173815_149.out.gz,2026-07-25 04:05
outputs_nls_egs_ref_lng_forced_refbrent,outputs,nls_egs_ref_lng_forced_refbrent,25965792989.98803,optimal integer solution within mipgap or absmipgap,0.00130297,3.38375e+07,corr-percell_14173815_129.out.gz,2026-07-25 02:55
outputs_nls_egs_ref_lng_forced_refbrent_adv,outputs,nls_egs_ref_lng_forced_refbrent_adv,25062356778.93927,optimal integer solution within mipgap or absmipgap,0.00165946,4.159e+07,corr-percell_14173815_88.out.gz,2026-07-25 02:25
outputs_nls_egs_ref_lng_forced_refbrent_j120,outputs,nls_egs_ref_lng_forced_refbrent_j120,26399603500.25905,optimal integer solution within mipgap or absmipgap,0.00167161,4.41401e+07,corr-percell_14173815_126.out.gz,2026-07-25 02:59
outputs_nls_egs_ref_lng_forced_refbrent_j120_adv,outputs,nls_egs_ref_lng_forced_refbrent_j120_adv,25490796459.35709,optimal integer solution within mipgap or absmipgap,0.00173022,4.41046e+07,corr-percell_14173815_30.out.gz,2026-07-25 01:31
outputs_nls_egs_ref_no_lng_refbrent,outputs,nls_egs_ref_no_lng_refbrent,25387524732.85957,optimal integer solution within mipgap or absmipgap,0.00245076,6.22186e+07,corr-percell_14173815_117.out.gz,2026-07-25 03:28
outputs_nls_egs_ref_no_lng_refbrent_adv,outputs,nls_egs_ref_no_lng_refbrent_adv,24842886966.80130,optimal integer solution within mipgap or absmipgap,0.00232811,5.7837e+07,corr-percell_14173942_36.out.gz,2026-07-25 02:08
outputs_nls_lc_C1_LSFO250_highbrent,outputs,nls_lc_C1_LSFO250_highbrent,26743940893.39610,optimal integer solution within mipgap or absmipgap,0.00207713,5.55507e+07,corr-percell_14173815_80.out.gz,2026-07-25 02:22
outputs_nls_lc_C1_LSFO250_highbrent_adv,outputs,nls_lc_C1_LSFO250_highbrent_adv,26199505058.97719,optimal integer solution within mipgap or absmipgap,0.0023354,6.11988e+07,corr-percell_14173815_160.out.gz,2026-07-25 03:18
outputs_nls_lc_C1_LSFO250_lowbrent,outputs,nls_lc_C1_LSFO250_lowbrent,25853565697.63548,optimal integer solution within mipgap or absmipgap,0.00214498,5.54555e+07,corr-percell_14173815_98.out.gz,2026-07-25 02:46
outputs_nls_lc_C1_LSFO250_lowbrent_adv,outputs,nls_lc_C1_LSFO250_lowbrent_adv,25290506587.17797,optimal integer solution within mipgap or absmipgap,0.00179508,4.54063e+07,corr-percell_14173815_165.out.gz,2026-07-25 03:33
outputs_nls_lc_C1_LSFO250_refbrent,outputs,nls_lc_C1_LSFO250_refbrent,26243583051.09699,optimal integer solution within mipgap or absmipgap,0.00246896,6.47943e+07,corr-percell_14173815_25.out.gz,2026-07-25 01:41
outputs_nls_lc_C1_LSFO250_refbrent_adv,outputs,nls_lc_C1_LSFO250_refbrent_adv,25732969114.95250,optimal integer solution within mipgap or absmipgap,0.00244197,6.2839e+07,corr-percell_14173815_38.out.gz,2026-07-25 01:25
outputs_nls_lc_C2_LSFO375_highbrent,outputs,nls_lc_C2_LSFO375_highbrent,27125774124.64174,optimal integer solution within mipgap or absmipgap,0.00228943,6.21025e+07,corr-percell_14173815_0.out.gz,2026-07-25 01:52
outputs_nls_lc_C2_LSFO375_highbrent_adv,outputs,nls_lc_C2_LSFO375_highbrent_adv,26544042681.13291,optimal integer solution within mipgap or absmipgap,0.00209194,5.55525e+07,corr-percell_14173815_44.out.gz,2026-07-25 01:35
outputs_nls_lc_C2_LSFO375_lowbrent,outputs,nls_lc_C2_LSFO375_lowbrent,26238484233.26664,optimal (non-)integer solution within mipgap or absmipgap,0.00240831,6.31904e+07,corr-percell_14173815_138.out.gz,2026-07-25 03:28
outputs_nls_lc_C2_LSFO375_lowbrent_adv,outputs,nls_lc_C2_LSFO375_lowbrent_adv,25617959431.19505,optimal integer solution within mipgap or absmipgap,0.0024006,6.14985e+07,corr-percell_14173815_106.out.gz,2026-07-25 02:29
outputs_nls_lc_C2_LSFO375_refbrent,outputs,nls_lc_C2_LSFO375_refbrent,26616881849.74804,optimal integer solution within mipgap or absmipgap,0.00248739,6.62067e+07,corr-percell_14173815_77.out.gz,2026-07-25 02:20
outputs_nls_lc_C2_LSFO375_refbrent_adv,outputs,nls_lc_C2_LSFO375_refbrent_adv,26061677500.07122,optimal integer solution within mipgap or absmipgap,0.00245049,6.38639e+07,corr-percell_14173815_51.out.gz,2026-07-25 01:44
outputs_nls_lc_C3_LSFO500_highbrent,outputs,nls_lc_C3_LSFO500_highbrent,27571526181.05340,optimal (non-)integer solution within mipgap or absmipgap,0.0024954,6.8802e+07,corr-percell_14173815_33.out.gz,2026-07-25 01:41
outputs_nls_lc_C3_LSFO500_highbrent_adv,outputs,nls_lc_C3_LSFO500_highbrent_adv,26948640691.83962,optimal integer solution within mipgap or absmipgap,0.00226136,6.09694e+07,corr-percell_14173815_162.out.gz,2026-07-25 03:21
outputs_nls_lc_C3_LSFO500_lowbrent,outputs,nls_lc_C3_LSFO500_lowbrent,26677571361.00500,optimal (non-)integer solution within mipgap or absmipgap,0.00225329,6.01123e+07,corr-percell_14173815_134.out.gz,2026-07-25 03:39
outputs_nls_lc_C3_LSFO500_lowbrent_adv,outputs,nls_lc_C3_LSFO500_lowbrent_adv,26002093220.24579,optimal (non-)integer solution within mipgap or absmipgap,0.00237319,6.1708e+07,corr-percell_14173815_83.out.gz,2026-07-25 02:29
outputs_nls_lc_C3_LSFO500_refbrent,outputs,nls_lc_C3_LSFO500_refbrent,27054576231.98662,optimal integer solution within mipgap or absmipgap,0.00240015,6.4935e+07,corr-percell_14173815_15.out.gz,2026-07-25 01:23
outputs_nls_lc_C3_LSFO500_refbrent_adv,outputs,nls_lc_C3_LSFO500_refbrent_adv,26456334219.22287,optimal integer solution within mipgap or absmipgap,0.00242148,6.40635e+07,corr-percell_14173815_127.out.gz,2026-07-25 03:06
outputs_nls_lc_C4_NOTHERMAL_highbrent,outputs,nls_lc_C4_NOTHERMAL_highbrent,26222195778.60077,optimal (non-)integer solution within mipgap or absmipgap,0.00247467,6.49015e+07,corr-percell_14173815_102.out.gz,2026-07-25 02:25
outputs_nls_lc_C4_NOTHERMAL_highbrent_adv,outputs,nls_lc_C4_NOTHERMAL_highbrent_adv,25661203984.93306,optimal integer solution within mipgap or absmipgap,0.0024026,6.16535e+07,corr-percell_14173815_97.out.gz,2026-07-25 02:41
outputs_nls_lc_C4_NOTHERMAL_lowbrent,outputs,nls_lc_C4_NOTHERMAL_lowbrent,25410363201.16749,optimal (non-)integer solution within mipgap or absmipgap,0.00236685,6.01426e+07,corr-percell_14173815_131.out.gz,2026-07-25 03:15
outputs_nls_lc_C4_NOTHERMAL_lowbrent_adv,outputs,nls_lc_C4_NOTHERMAL_lowbrent_adv,24902539002.05892,optimal integer solution within mipgap or absmipgap,0.00245536,6.11447e+07,corr-percell_14173815_42.out.gz,2026-07-25 01:43
outputs_nls_lc_C4_NOTHERMAL_refbrent,outputs,nls_lc_C4_NOTHERMAL_refbrent,25770300573.45558,optimal (non-)integer solution within mipgap or absmipgap,0.00247701,6.38332e+07,corr-percell_14173815_17.out.gz,2026-07-25 01:36
outputs_nls_lc_C4_NOTHERMAL_refbrent_adv,outputs,nls_lc_C4_NOTHERMAL_refbrent_adv,25245989560.43149,optimal integer solution within mipgap or absmipgap,0.00245468,6.19708e+07,corr-percell_14173815_159.out.gz,2026-07-25 03:39
outputs_nls_lc_C5_LNG375_highbrent,outputs,nls_lc_C5_LNG375_highbrent,26636002284.82611,optimal integer solution within mipgap or absmipgap,0.00242854,6.46865e+07,corr-percell_14173815_21.out.gz,2026-07-25 01:28
outputs_nls_lc_C5_LNG375_highbrent_adv,outputs,nls_lc_C5_LNG375_highbrent_adv,25929965768.33759,optimal integer solution within mipgap or absmipgap,0.00169506,4.39527e+07,corr-percell_14173815_147.out.gz,2026-07-25 03:11
outputs_nls_lc_C5_LNG375_highbrent_j120,outputs,nls_lc_C5_LNG375_highbrent_j120,26982885958.31538,optimal (non-)integer solution within mipgap or absmipgap,0.00241714,6.52213e+07,corr-percell_14173815_161.out.gz,2026-07-25 03:37
outputs_nls_lc_C5_LNG375_highbrent_j120_adv,outputs,nls_lc_C5_LNG375_highbrent_j120_adv,26275370803.55678,optimal integer solution within mipgap or absmipgap,0.00167277,4.39527e+07,corr-percell_14173815_6.out.gz,2026-07-25 01:27
outputs_nls_lc_C5_LNG375_lowbrent,outputs,nls_lc_C5_LNG375_lowbrent,25673630299.20576,optimal (non-)integer solution within mipgap or absmipgap,0.00193855,4.97843e+07,corr-percell_14173815_139.out.gz,2026-07-25 02:57
outputs_nls_lc_C5_LNG375_lowbrent_adv,outputs,nls_lc_C5_LNG375_lowbrent_adv,24930715222.37146,optimal integer solution within mipgap or absmipgap,0.00232037,5.78485e+07,corr-percell_14173815_128.out.gz,2026-07-25 02:55
outputs_nls_lc_C5_LNG375_lowbrent_j120,outputs,nls_lc_C5_LNG375_lowbrent_j120,26037959488.88509,optimal (non-)integer solution within mipgap or absmipgap,0.00231222,6.02054e+07,corr-percell_14173815_62.out.gz,2026-07-25 02:10
outputs_nls_lc_C5_LNG375_lowbrent_j120_adv,outputs,nls_lc_C5_LNG375_lowbrent_j120_adv,25266325789.47343,optimal integer solution within mipgap or absmipgap,0.00245403,6.20384e+07,corr-percell_14173815_105.out.gz,2026-07-25 02:28
outputs_nls_lc_C5_LNG375_refbrent,outputs,nls_lc_C5_LNG375_refbrent,26049306504.20013,optimal integer solution within mipgap or absmipgap,0.00141554,3.68816e+07,corr-percell_14173815_76.out.gz,2026-07-25 02:02
outputs_nls_lc_C5_LNG375_refbrent_adv,outputs,nls_lc_C5_LNG375_refbrent_adv,25331389154.82646,optimal (non-)integer solution within mipgap or absmipgap,0.00218392,5.53463e+07,corr-percell_14173815_84.out.gz,2026-07-25 02:14
outputs_nls_lc_C5_LNG375_refbrent_j120,outputs,nls_lc_C5_LNG375_refbrent_j120,26402067182.17917,optimal integer solution within mipgap or absmipgap,0.00166894,4.40725e+07,corr-percell_14173815_41.out.gz,2026-07-25 01:24
outputs_nls_lc_C5_LNG375_refbrent_j120_adv,outputs,nls_lc_C5_LNG375_refbrent_j120_adv,25677763361.30913,optimal integer solution within mipgap or absmipgap,0.00175011,4.4939e+07,corr-percell_14173815_29.out.gz,2026-07-25 01:30
outputs_nls_lc_C6_STATUSQUO_highbrent,outputs,nls_lc_C6_STATUSQUO_highbrent,28420217742.04063,optimal integer solution within mipgap or absmipgap,0.00117255,3.33304e+07,corr-percell_14173815_91.out.gz,2026-07-25 02:16
outputs_nls_lc_C6_STATUSQUO_highbrent_adv,outputs,nls_lc_C6_STATUSQUO_highbrent_adv,27583217253.81366,optimal integer solution within mipgap or absmipgap,0.00169792,4.6834e+07,corr-percell_14173815_10.out.gz,2026-07-25 01:24
outputs_nls_lc_C6_STATUSQUO_highbrent_j120,outputs,nls_lc_C6_STATUSQUO_highbrent_j120,28860038150.96717,optimal integer solution within mipgap or absmipgap,0.0023421,6.76537e+07,corr-percell_14173815_86.out.gz,2026-07-25 02:16
outputs_nls_lc_C6_STATUSQUO_highbrent_j120_adv,outputs,nls_lc_C6_STATUSQUO_highbrent_j120_adv,28001909857.63520,optimal integer solution within mipgap or absmipgap,0.00141501,3.96229e+07,corr-percell_14173815_12.out.gz,2026-07-25 01:25
outputs_nls_lc_C6_STATUSQUO_lowbrent,outputs,nls_lc_C6_STATUSQUO_lowbrent,27466005301.50134,optimal (non-)integer solution within mipgap or absmipgap,0.00201028,5.52144e+07,corr-percell_14173815_151.out.gz,2026-07-25 03:49
outputs_nls_lc_C6_STATUSQUO_lowbrent_adv,outputs,nls_lc_C6_STATUSQUO_lowbrent_adv,26518463782.56567,optimal integer solution within mipgap or absmipgap,0.00213592,5.66548e+07,corr-percell_14173815_14.out.gz,2026-07-25 01:16
outputs_nls_lc_C6_STATUSQUO_lowbrent_j120,outputs,nls_lc_C6_STATUSQUO_lowbrent_j120,27874143463.08364,optimal (non-)integer solution within mipgap or absmipgap,0.00133945,3.73361e+07,corr-percell_14173815_113.out.gz,2026-07-25 02:58
outputs_nls_lc_C6_STATUSQUO_lowbrent_j120_adv,outputs,nls_lc_C6_STATUSQUO_lowbrent_j120_adv,26926533070.94960,optimal integer solution within mipgap or absmipgap,0.00114796,3.09107e+07,corr-percell_14173815_166.out.gz,2026-07-25 03:30
outputs_nls_lc_C6_STATUSQUO_refbrent,outputs,nls_lc_C6_STATUSQUO_refbrent,27850822002.13099,optimal integer solution within mipgap or absmipgap,0.00239458,6.67703e+07,corr-percell_14173815_89.out.gz,2026-07-25 02:13
outputs_nls_lc_C6_STATUSQUO_refbrent_adv,outputs,nls_lc_C6_STATUSQUO_refbrent_adv,26937330476.56477,optimal integer solution within mipgap or absmipgap,0.00119212,3.21125e+07,corr-percell_14173815_144.out.gz,2026-07-25 03:04
outputs_nls_lc_C6_STATUSQUO_refbrent_j120,outputs,nls_lc_C6_STATUSQUO_refbrent_j120,28293553153.63199,optimal integer solution within mipgap or absmipgap,0.00203638,5.7631e+07,corr-percell_14173815_178.out.gz,2026-07-25 03:39
outputs_nls_lc_C6_STATUSQUO_refbrent_j120_adv,outputs,nls_lc_C6_STATUSQUO_refbrent_j120_adv,27382639036.79728,optimal integer solution within mipgap or absmipgap,0.00245049,6.7139e+07,corr-percell_14173815_57.out.gz,2026-07-25 01:46
outputs_nls_lngconv_heco_refbrent,outputs,nls_lngconv_heco_refbrent,24365748949.98761,optimal integer solution within mipgap or absmipgap,0.00214148,5.21789e+07,corr-percell_14173815_27.out.gz,2026-07-25 01:47
outputs_nls_lngconv_noplant_refbrent,outputs,nls_lngconv_noplant_refbrent,24996527398.25069,optimal integer solution within mipgap or absmipgap,0.00232455,5.81056e+07,corr-percell_14173815_95.out.gz,2026-07-25 02:58
outputs_nls_lngconv_opt_refbrent,outputs,nls_lngconv_opt_refbrent,24993343822.93578,optimal integer solution within mipgap or absmipgap,0.0021366,5.34009e+07,corr-percell_14173815_71.out.gz,2026-07-25 02:37
outputs_nls_lngconv_wjera_refbrent,outputs,nls_lngconv_wjera_refbrent,25513876895.69609,optimal integer solution within mipgap or absmipgap,0.00164249,4.19263e+07,corr-percell_14173815_2.out.gz,2026-07-25 01:26
outputs_nls_norps_LNG500_refbrent,outputs,nls_norps_LNG500_refbrent,25220101972.64212,optimal integer solution within mipgap or absmipgap,0.00233078,5.87826e+07,corr-percell_14173815_133.out.gz,2026-07-25 04:04
outputs_nls_norps_LNG500_refbrent_j120,outputs,nls_norps_LNG500_refbrent_j120,25753171156.04205,optimal integer solution within mipgap or absmipgap,0.00242931,6.25625e+07,corr-percell_14173815_146.out.gz,2026-07-25 05:06
outputs_nls_norps_LNGOPT_refbrent,outputs,nls_norps_LNGOPT_refbrent,25023762945.53906,optimal integer solution within mipgap or absmipgap,0.00194016,4.85502e+07,corr-percell_14173815_94.out.gz,2026-07-25 21:15
outputs_nls_norps_NOTHERMAL_refbrent,outputs,nls_norps_NOTHERMAL_refbrent,25121898657.39779,optimal integer solution within mipgap or absmipgap,0.00239585,6.01884e+07,corr-percell_14173815_111.out.gz,2026-07-25 03:27
outputs_nls_wb_C5_LNG375_refbrent,outputs,nls_wb_C5_LNG375_refbrent,25659293476.43505,optimal integer solution within mipgap or absmipgap,0.00190092,4.87944e+07,corr-percell_14173815_123.out.gz,2026-07-25 02:53
outputs_nls_wb_C5_LNG375_refbrent_adv,outputs,nls_wb_C5_LNG375_refbrent_adv,24918799925.54137,optimal integer solution within mipgap or absmipgap,0.00147692,3.68031e+07,corr-percell_14173815_168.out.gz,2026-07-25 03:39
outputs_nls_wb_C5_LNG375_refbrent_j120,outputs,nls_wb_C5_LNG375_refbrent_j120,26001446551.22605,optimal integer solution within mipgap or absmipgap,0.0016709,4.34583e+07,corr-percell_14173815_9.out.gz,2026-07-25 01:29
outputs_nls_wb_C5_LNG375_refbrent_j120_adv,outputs,nls_wb_C5_LNG375_refbrent_j120_adv,25264488180.55358,optimal integer solution within mipgap or absmipgap,0.00166965,4.21911e+07,corr-percell_14173815_175.out.gz,2026-07-25 03:43
outputs_nls_wb_C6_LNG500_highbrent,outputs,nls_wb_C6_LNG500_highbrent,26533830198.71545,optimal integer solution within mipgap or absmipgap,0.00165607,4.39662e+07,corr-percell_14173815_148.out.gz,2026-07-25 03:13
outputs_nls_wb_C6_LNG500_highbrent_adv,outputs,nls_wb_C6_LNG500_highbrent_adv,25680385504.70161,optimal integer solution within mipgap or absmipgap,0.00134354,3.45027e+07,corr-percell_14173815_164.out.gz,2026-07-25 03:28
outputs_nls_wb_C6_LNG500_highbrent_j120,outputs,nls_wb_C6_LNG500_highbrent_j120,26963388056.50470,optimal integer solution within mipgap or absmipgap,0.00134296,3.62152e+07,corr-percell_14173815_70.out.gz,2026-07-25 02:00
outputs_nls_wb_C6_LNG500_highbrent_j120_adv,outputs,nls_wb_C6_LNG500_highbrent_j120_adv,26109615443.30645,optimal integer solution within mipgap or absmipgap,0.00144837,3.78163e+07,corr-percell_14173815_140.out.gz,2026-07-25 03:03
outputs_nls_wb_C6_LNG500_lowbrent,outputs,nls_wb_C6_LNG500_lowbrent,25564496327.32356,optimal integer solution within mipgap or absmipgap,0.00167994,4.29619e+07,corr-percell_14173815_16.out.gz,2026-07-25 01:20
outputs_nls_wb_C6_LNG500_lowbrent_adv,outputs,nls_wb_C6_LNG500_lowbrent_adv,24633938249.21826,optimal integer solution within mipgap or absmipgap,0.0019904,4.90315e+07,corr-percell_14173815_48.out.gz,2026-07-25 01:51
outputs_nls_wb_C6_LNG500_lowbrent_j120,outputs,nls_wb_C6_LNG500_lowbrent_j120,25980007233.44271,optimal (non-)integer solution within mipgap or absmipgap,0.0010948,2.84482e+07,corr-percell_14173815_85.out.gz,2026-07-25 02:18
outputs_nls_wb_C6_LNG500_lowbrent_j120_adv,outputs,nls_wb_C6_LNG500_lowbrent_j120_adv,25062675868.95900,optimal integer solution within mipgap or absmipgap,0.00207116,5.19088e+07,corr-percell_14173815_152.out.gz,2026-07-25 03:19
outputs_nls_wb_C6_LNG500_refbrent,outputs,nls_wb_C6_LNG500_refbrent,25970929570.29583,optimal integer solution within mipgap or absmipgap,0.00167126,4.34177e+07,corr-percell_14173815_135.out.gz,2026-07-25 02:58
outputs_nls_wb_C6_LNG500_refbrent_adv,outputs,nls_wb_C6_LNG500_refbrent_adv,25051141105.85253,optimal integer solution within mipgap or absmipgap,0.00159353,3.99348e+07,corr-percell_14173815_104.out.gz,2026-07-25 02:29
outputs_nls_wb_C6_LNG500_refbrent_j120,outputs,nls_wb_C6_LNG500_refbrent_j120,26395860302.92019,optimal (non-)integer solution within mipgap or absmipgap,0.00135637,3.58046e+07,corr-percell_14173815_20.out.gz,2026-07-25 01:20
outputs_nls_wb_C6_LNG500_refbrent_j120_adv,outputs,nls_wb_C6_LNG500_refbrent_j120_adv,25495248289.93362,optimal (non-)integer solution within mipgap or absmipgap,0.00190299,4.85173e+07,corr-percell_14173815_75.out.gz,2026-07-25 02:05
outputs_nls_wr_C1_LSFO250_highbrent,outputs,nls_wr_C1_LSFO250_highbrent,27795044709.10048,optimal integer solution within mipgap or absmipgap,0.00180912,5.02998e+07,corr-percell_14173815_173.out.gz,2026-07-25 03:37
outputs_nls_wr_C1_LSFO250_highbrent_adv,outputs,nls_wr_C1_LSFO250_highbrent_adv,27235820002.83359,optimal integer solution within mipgap or absmipgap,0.00162979,4.44082e+07,corr-percell_14173815_112.out.gz,2026-07-25 02:39
outputs_nls_wr_C1_LSFO250_lowbrent,outputs,nls_wr_C1_LSFO250_lowbrent,26908814090.36998,optimal integer solution within mipgap or absmipgap,0.0021282,5.72674e+07,corr-percell_14173815_136.out.gz,2026-07-25 03:34
outputs_nls_wr_C1_LSFO250_lowbrent_adv,outputs,nls_wr_C1_LSFO250_lowbrent_adv,26316727677.11435,optimal integer solution within mipgap or absmipgap,0.0021914,5.76941e+07,corr-percell_14173815_103.out.gz,2026-07-25 02:36
outputs_nls_wr_C1_LSFO250_refbrent,outputs,nls_wr_C1_LSFO250_refbrent,27278420019.97005,optimal integer solution within mipgap or absmipgap,0.00249193,6.80434e+07,corr-percell_14173815_73.out.gz,2026-07-25 02:03
outputs_nls_wr_C1_LSFO250_refbrent_adv,outputs,nls_wr_C1_LSFO250_refbrent_adv,26751750157.45045,optimal integer solution within mipgap or absmipgap,0.00249985,6.69198e+07,corr-percell_14173815_55.out.gz,2026-07-25 01:54
outputs_nls_wr_C4_NOTHERMAL_highbrent,outputs,nls_wr_C4_NOTHERMAL_highbrent,27268508542.92465,optimal integer solution within mipgap or absmipgap,0.00236093,6.43789e+07,corr-percell_14173815_3.out.gz,2026-07-25 02:10
outputs_nls_wr_C4_NOTHERMAL_highbrent_adv,outputs,nls_wr_C4_NOTHERMAL_highbrent_adv,26683474099.20488,optimal integer solution within mipgap or absmipgap,0.00205239,5.47649e+07,corr-percell_14173815_82.out.gz,2026-07-25 02:42
outputs_nls_wr_C4_NOTHERMAL_lowbrent,outputs,nls_wr_C4_NOTHERMAL_lowbrent,26410133345.32748,optimal integer solution within mipgap or absmipgap,0.00201241,5.31481e+07,corr-percell_14173815_141.out.gz,2026-07-25 03:27
outputs_nls_wr_C4_NOTHERMAL_lowbrent_adv,outputs,nls_wr_C4_NOTHERMAL_lowbrent_adv,25883768942.29521,optimal (non-)integer solution within mipgap or absmipgap,0.00219526,5.68367e+07,corr-percell_14173815_96.out.gz,2026-07-25 02:32
outputs_nls_wr_C4_NOTHERMAL_refbrent,outputs,nls_wr_C4_NOTHERMAL_refbrent,26769016043.93248,optimal (non-)integer solution within mipgap or absmipgap,0.00189879,5.08411e+07,corr-percell_14173815_67.out.gz,2026-07-25 02:07
outputs_nls_wr_C4_NOTHERMAL_refbrent_adv,outputs,nls_wr_C4_NOTHERMAL_refbrent_adv,26251584649.69420,optimal integer solution within mipgap or absmipgap,0.00224222,5.88619e+07,corr-percell_14173815_65.out.gz,2026-07-25 02:09
outputs_nls_wr_C5_LNG375_refbrent,outputs,nls_wr_C5_LNG375_refbrent,27148017651.37349,optimal (non-)integer solution within mipgap or absmipgap,0.00193839,5.26234e+07,corr-percell_14173815_8.out.gz,2026-07-25 01:55
outputs_nls_wr_C5_LNG375_refbrent_adv,outputs,nls_wr_C5_LNG375_refbrent_adv,26385183421.99123,optimal (non-)integer solution within mipgap or absmipgap,0.00247011,6.52196e+07,corr-percell_14173815_174.out.gz,2026-07-25 03:38
outputs_nls_wr_C5_LNG375_refbrent_j120,outputs,nls_wr_C5_LNG375_refbrent_j120,27490623914.91165,optimal integer solution within mipgap or absmipgap,0.00221259,6.08427e+07,corr-percell_14173815_61.out.gz,2026-07-25 01:55
outputs_nls_wr_C5_LNG375_refbrent_j120_adv,outputs,nls_wr_C5_LNG375_refbrent_j120_adv,26733153629.69563,optimal integer solution within mipgap or absmipgap,0.00226179,6.04898e+07,corr-percell_14173815_28.out.gz,2026-07-25 01:25
outputs_nls_wr_C6_LNG500_refbrent,outputs,nls_wr_C6_LNG500_refbrent,27453155048.30377,optimal (non-)integer solution within mipgap or absmipgap,0.0023026,6.32815e+07,corr-percell_14173815_18.out.gz,2026-07-25 01:19
outputs_nls_wr_C6_LNG500_refbrent_adv,outputs,nls_wr_C6_LNG500_refbrent_adv,26535544285.57761,optimal integer solution within mipgap or absmipgap,0.00194624,5.16527e+07,corr-percell_14173815_101.out.gz,2026-07-25 02:23
outputs_nls_wr_C6_LNG500_refbrent_j120,outputs,nls_wr_C6_LNG500_refbrent_j120,27880371597.90207,optimal integer solution within mipgap or absmipgap,0.00161671,4.50906e+07,corr-percell_14173815_109.out.gz,2026-07-25 02:33
outputs_nls_wr_C6_LNG500_refbrent_j120_adv,outputs,nls_wr_C6_LNG500_refbrent_j120_adv,26964738435.85247,optimal integer solution within mipgap or absmipgap,0.0020741,5.59381e+07,corr-percell_14173815_60.out.gz,2026-07-25 01:54
outputs_nlv2a_C1_LSFO250_refbrent,outputs,nlv2a_C1_LSFO250_refbrent,25466887912.24950,optimal integer solution within mipgap or absmipgap,0.00247879,6.31271e+07,aw1b-6_14721913_0.out,2026-09-06 05:32
outputs_nlv2a_C4_NOTHERMAL_refbrent,outputs,nlv2a_C4_NOTHERMAL_refbrent,24987204116.12717,optimal integer solution within mipgap or absmipgap,0.00208586,5.21198e+07,aw1b-6_14721913_1.out,2026-09-06 05:28
outputs_nlv2a_C5_LNG375_highbrent,outputs,nlv2a_C5_LNG375_highbrent,27176164875.86066,optimal (non-)integer solution within mipgap or absmipgap,0.00213138,5.79394e+07,audit-wave1_14721648_14.out,2026-09-06 04:09
outputs_nlv2a_C5_LNG375_lowbrent,outputs,nlv2a_C5_LNG375_lowbrent,21599214530.43549,optimal integer solution within mipgap or absmipgap,0.00236948,5.12099e+07,aw1b-6_14721913_2.out,2026-09-06 05:20
outputs_nlv2a_C5_LNG375_refbrent,outputs,nlv2a_C5_LNG375_refbrent,25318096104.76180,optimal integer solution within mipgap or absmipgap,0.00136305,3.45099e+07,audit-wave1_14721648_16.out,2026-09-06 03:36
outputs_nlv2a_be_pv15_C4_NOTHERMAL_refbrent,outputs,nlv2a_be_pv15_C4_NOTHERMAL_refbrent,26883901797.12045,optimal (non-)integer solution within mipgap or absmipgap,0.00241208,6.48462e+07,audit-wave1_14721648_13.out,2026-09-06 03:39
outputs_nlv2a_be_pv17_C4_NOTHERMAL_refbrent,outputs,nlv2a_be_pv17_C4_NOTHERMAL_refbrent,27531976401.86450,optimal integer solution within mipgap or absmipgap,0.00249796,6.87736e+07,audit-wave1_14721648_12.out,2026-09-06 03:37
outputs_nlv2a_plan_igp_alt_xf_firmfloor_refbrent,outputs,nlv2a_plan_igp_alt_xf_firmfloor_refbrent,25635270727.81181,optimal integer solution within mipgap or absmipgap,0.00205293,5.2648e+07,solve_plan_firmfloor.slurm_14349380_8.out.gz,2026-08-04 02:46
outputs_nlv2a_plan_igp_alt_xf_hybrid_refbrent,outputs,nlv2a_plan_igp_alt_xf_hybrid_refbrent,26124973070.81106,optimal integer solution within mipgap or absmipgap,0.0023195,6.05969e+07,solve_plan_hybrid.slurm_14352361_6.out.gz,2026-08-04 07:15
outputs_nlv2a_plan_igp_alt_xf_refbrent,outputs,nlv2a_plan_igp_alt_xf_refbrent,25713702869.11600,optimal integer solution within mipgap or absmipgap,0.00236308,6.07958e+07,solve_plan_xfamily.slurm_14296114_1.out.gz,2026-08-02 23:35
outputs_nlv2a_plan_igp_pref_hybrid_refbrent,outputs,nlv2a_plan_igp_pref_hybrid_refbrent,26476178478.69202,time limit with integer solution,0.00361702,9.57648e+07,solve_plan_hybrid_igppref.slurm_14359768_1.out.gz,2026-08-05 19:56
outputs_nlv2a_plan_igp_pref_pv15_hybrid_refbrent,outputs,nlv2a_plan_igp_pref_pv15_hybrid_refbrent,27545355321.34042,time limit with integer solution,0.00296485,8.16678e+07,solve_plan_hybrid_igppref.slurm_14359768_0.out.gz,2026-08-05 19:47
outputs_nlv2a_plan_igp_pref_pv15_refbrent,outputs,nlv2a_plan_igp_pref_pv15_refbrent,26950363055.20795,optimal integer solution within mipgap or absmipgap,0.00239528,6.45537e+07,solve_plan_hrfix.slurm_14296123_0.out.gz,2026-08-03 05:08
outputs_nlv2a_plan_igp_pref_pv17_hybrid_refbrent,outputs,nlv2a_plan_igp_pref_pv17_hybrid_refbrent,27934346499.90693,time limit with integer solution,0.00367662,1.02704e+08,solve_plan_hybrid_igppref2.slurm_14362611_1.out.gz,2026-08-06 20:25
outputs_nlv2a_plan_igp_pref_pv17_refbrent,outputs,nlv2a_plan_igp_pref_pv17_refbrent,27435143567.57909,optimal integer solution within mipgap or absmipgap,0.00247263,6.78369e+07,solve_plan_hrfix.slurm_14296123_1.out.gz,2026-08-03 15:36
outputs_nlv2a_plan_igp_pref_refbrent,outputs,nlv2a_plan_igp_pref_refbrent,25652365977.09888,optimal integer solution within mipgap or absmipgap,0.00249441,6.39874e+07,solve_plan_hrfix.slurm_14296123_2.out.gz,2026-08-03 09:32
outputs_nlv2b_C1_LSFO250_futbrent,outputs,nlv2b_C1_LSFO250_futbrent,25039323754.73401,optimal integer solution within mipgap or absmipgap,0.0023563,5.90002e+07,aw1b-7_14721914_0.out,2026-09-06 09:10
outputs_nlv2b_C1_LSFO250_futbrent_adv,outputs,nlv2b_C1_LSFO250_futbrent_adv,23665587653.15405,optimal integer solution within mipgap or absmipgap,0.00200959,4.75582e+07,aw1b-0_14721877_0.out,2026-09-06 07:11
outputs_nlv2b_C1_LSFO250_highbrent,outputs,nlv2b_C1_LSFO250_highbrent,28228247874.59005,optimal integer solution within mipgap or absmipgap,0.00217717,6.14979e+07,aw1b-7_14721914_14.out,2026-09-06 07:41
outputs_nlv2b_C1_LSFO250_highbrent_adv,outputs,nlv2b_C1_LSFO250_highbrent_adv,26523615903.05683,optimal integer solution within mipgap or absmipgap,0.00129929,3.44618e+07,aw1b-0_14721877_6.out,2026-09-06 07:03
outputs_nlv2b_C1_LSFO250_lowbrent,outputs,nlv2b_C1_LSFO250_lowbrent,22024735930.08657,optimal integer solution within mipgap or absmipgap,0.00211782,4.66445e+07,aw1b-7_14721914_15.out,2026-09-06 07:39
outputs_nlv2b_C1_LSFO250_lowbrent_adv,outputs,nlv2b_C1_LSFO250_lowbrent_adv,20851861252.13955,optimal (non-)integer solution within mipgap or absmipgap,0.002129,4.43935e+07,aw1b-0_14721877_5.out,2026-09-06 07:02
outputs_nlv2b_C1_LSFO250_refbrent,outputs,nlv2b_C1_LSFO250_refbrent,26569141566.35660,optimal integer solution within mipgap or absmipgap,0.00243992,6.48267e+07,aw1b-7_14721914_4.out,2026-09-06 09:15
outputs_nlv2b_C1_LSFO250_refbrent_adv,outputs,nlv2b_C1_LSFO250_refbrent_adv,25065647810.63651,optimal (non-)integer solution within mipgap or absmipgap,0.00185485,4.65187e+07,aw1b-0_14721877_1.out,2026-09-06 15:42
outputs_nlv2b_C2_LSFO375_futbrent,outputs,nlv2b_C2_LSFO375_futbrent,25407992387.52646,optimal integer solution within mipgap or absmipgap,0.00189232,4.80801e+07,aw1b-7_14721914_5.out,2026-09-06 07:46
outputs_nlv2b_C2_LSFO375_futbrent_adv,outputs,nlv2b_C2_LSFO375_futbrent_adv,24061805934.47712,optimal integer solution within mipgap or absmipgap,0.00213564,5.13874e+07,aw1b-0_14721877_4.out,2026-09-06 07:19
outputs_nlv2b_C2_LSFO375_highbrent,outputs,nlv2b_C2_LSFO375_highbrent,28650932457.39661,optimal integer solution within mipgap or absmipgap,0.00229182,6.56628e+07,aw1b-7_14721914_7.out,2026-09-06 07:41
outputs_nlv2b_C2_LSFO375_highbrent_adv,outputs,nlv2b_C2_LSFO375_highbrent_adv,26992657328.84311,optimal integer solution within mipgap or absmipgap,0.00213647,5.76689e+07,aw1b-0_14721877_7.out,2026-09-06 07:05
outputs_nlv2b_C2_LSFO375_lowbrent,outputs,nlv2b_C2_LSFO375_lowbrent,22437285587.47132,optimal integer solution within mipgap or absmipgap,0.00203199,4.55924e+07,aw1b-7_14721914_2.out,2026-09-06 07:39
outputs_nlv2b_C2_LSFO375_lowbrent_adv,outputs,nlv2b_C2_LSFO375_lowbrent_adv,21246599409.74511,optimal integer solution within mipgap or absmipgap,0.0019535,4.15051e+07,aw1b-0_14721877_11.out,2026-09-06 09:17
outputs_nlv2b_C2_LSFO375_refbrent,outputs,nlv2b_C2_LSFO375_refbrent,26910356627.55436,optimal integer solution within mipgap or absmipgap,0.00248844,6.70117e+07,aw1b-7_14721914_12.out,2026-09-06 07:43
outputs_nlv2b_C2_LSFO375_refbrent_adv,outputs,nlv2b_C2_LSFO375_refbrent_adv,25435340888.84061,optimal (non-)integer solution within mipgap or absmipgap,0.00133831,3.40516e+07,aw1b-0_14721877_10.out,2026-09-06 07:00
outputs_nlv2b_C3_LSFO500_futbrent,outputs,nlv2b_C3_LSFO500_futbrent,25860657400.95149,optimal (non-)integer solution within mipgap or absmipgap,0.00235368,6.08677e+07,aw1b-7_14721914_8.out,2026-09-06 08:11
outputs_nlv2b_C3_LSFO500_futbrent_adv,outputs,nlv2b_C3_LSFO500_futbrent_adv,24509303073.96765,optimal integer solution within mipgap or absmipgap,0.00194886,4.77651e+07,aw1b-0_14721877_15.out,2026-09-06 07:19
outputs_nlv2b_C3_LSFO500_highbrent,outputs,nlv2b_C3_LSFO500_highbrent,29079526066.55255,optimal integer solution within mipgap or absmipgap,0.00177427,5.1595e+07,aw1b-7_14721914_6.out,2026-09-06 07:46
outputs_nlv2b_C3_LSFO500_highbrent_adv,outputs,nlv2b_C3_LSFO500_highbrent_adv,27466535269.57372,optimal integer solution within mipgap or absmipgap,0.00208084,5.71536e+07,aw1b-0_14721877_14.out,2026-09-06 06:57
outputs_nlv2b_C3_LSFO500_lowbrent,outputs,nlv2b_C3_LSFO500_lowbrent,22913261421.75312,optimal (non-)integer solution within mipgap or absmipgap,0.00232378,5.32453e+07,aw1b-7_14721914_13.out,2026-09-06 07:43
outputs_nlv2b_C3_LSFO500_lowbrent_adv,outputs,nlv2b_C3_LSFO500_lowbrent_adv,21700948046.64214,optimal integer solution within mipgap or absmipgap,0.00191471,4.1551e+07,aw1b-0_14721877_3.out,2026-09-06 07:42
outputs_nlv2b_C3_LSFO500_refbrent,outputs,nlv2b_C3_LSFO500_refbrent,27350798447.88210,optimal integer solution within mipgap or absmipgap,0.00198352,5.42508e+07,aw1b-7_14721914_9.out,2026-09-06 15:42
outputs_nlv2b_C3_LSFO500_refbrent_adv,outputs,nlv2b_C3_LSFO500_refbrent_adv,25875230559.18544,optimal integer solution within mipgap or absmipgap,0.0022241,5.76203e+07,aw1b-0_14721877_2.out,2026-09-06 15:42
outputs_nlv2b_C4_NOTHERMAL_futbrent,outputs,nlv2b_C4_NOTHERMAL_futbrent,24579302762.74709,optimal (non-)integer solution within mipgap or absmipgap,0.00247007,6.07126e+07,aw1b-7_14721914_11.out,2026-09-06 07:52
outputs_nlv2b_C4_NOTHERMAL_futbrent_adv,outputs,nlv2b_C4_NOTHERMAL_futbrent_adv,23152858185.41331,optimal integer solution within mipgap or absmipgap,0.0021752,5.0362e+07,aw1b-0_14721877_13.out,2026-09-06 07:18
outputs_nlv2b_C4_NOTHERMAL_highbrent,outputs,nlv2b_C4_NOTHERMAL_highbrent,27637641868.81970,optimal integer solution within mipgap or absmipgap,0.00168653,4.66116e+07,aw1b-7_14721914_10.out,2026-09-06 15:41
outputs_nlv2b_C4_NOTHERMAL_highbrent_adv,outputs,nlv2b_C4_NOTHERMAL_highbrent_adv,25831215823.21051,optimal integer solution within mipgap or absmipgap,0.00235167,6.0765e+07,aw1b-0_14721877_12.out,2026-09-06 07:12
outputs_nlv2b_C4_NOTHERMAL_lowbrent,outputs,nlv2b_C4_NOTHERMAL_lowbrent,21378497387.83347,optimal (non-)integer solution within mipgap or absmipgap,0.00231046,4.93941e+07,aw1b-7_14721914_3.out,2026-09-06 07:48
outputs_nlv2b_C4_NOTHERMAL_lowbrent_adv,outputs,nlv2b_C4_NOTHERMAL_lowbrent_adv,20191011906.11819,optimal (non-)integer solution within mipgap or absmipgap,0.0018539,3.74321e+07,aw1b-0_14721877_9.out,2026-09-06 06:56
outputs_nlv2b_C4_NOTHERMAL_refbrent,outputs,nlv2b_C4_NOTHERMAL_refbrent,26141409212.96820,optimal integer solution within mipgap or absmipgap,0.00228786,5.98078e+07,aw1b-7_14721914_1.out,2026-09-06 07:40
outputs_nlv2b_C4_NOTHERMAL_refbrent_adv,outputs,nlv2b_C4_NOTHERMAL_refbrent_adv,24522966973.41956,optimal integer solution within mipgap or absmipgap,0.00160223,3.92914e+07,aw1b-0_14721877_8.out,2026-09-06 07:01
outputs_nlv2b_C5_LNG375_futbrent,outputs,nlv2b_C5_LNG375_futbrent,24748581121.28124,optimal integer solution within mipgap or absmipgap,0.00225319,5.57823e+07,aw1c_14722819_0.out,2026-09-06 16:07
outputs_nlv2b_C5_LNG375_futbrent_adv,outputs,nlv2b_C5_LNG375_futbrent_adv,23519688957.96094,optimal integer solution within mipgap or absmipgap,0.00235819,5.54638e+07,audit-wave1_14721648_5.out,2026-09-06 04:14
outputs_nlv2b_C5_LNG375_futbrent_j120,outputs,nlv2b_C5_LNG375_futbrent_j120,25098575068.16645,optimal integer solution within mipgap or absmipgap,0.00197617,4.9599e+07,aw1b-7_14721914_7.out,2026-09-06 07:41
outputs_nlv2b_C5_LNG375_futbrent_j120_adv,outputs,nlv2b_C5_LNG375_futbrent_j120_adv,23862935884.46150,optimal integer solution within mipgap or absmipgap,0.00223572,5.33509e+07,audit-wave1_14721648_24.out,2026-09-06 03:50
outputs_nlv2b_C5_LNG375_highbrent,outputs,nlv2b_C5_LNG375_highbrent,28311543330.65264,optimal integer solution within mipgap or absmipgap,0.00249505,7.06388e+07,aw1b-7_14721914_14.out,2026-09-06 07:41
outputs_nlv2b_C5_LNG375_highbrent_adv,outputs,nlv2b_C5_LNG375_highbrent_adv,26775855807.17464,optimal integer solution within mipgap or absmipgap,0.00185375,4.96607e+07,aw1b-0_14721877_2.out,2026-09-06 15:42
outputs_nlv2b_C5_LNG375_highbrent_j120,outputs,nlv2b_C5_LNG375_highbrent_j120,28638140861.53279,optimal integer solution within mipgap or absmipgap,0.00179355,5.13639e+07,aw1b-7_14721914_4.out,2026-09-06 09:15
outputs_nlv2b_C5_LNG375_highbrent_j120_adv,outputs,nlv2b_C5_LNG375_highbrent_j120_adv,27111228650.35643,optimal integer solution within mipgap or absmipgap,0.00117169,3.17725e+07,aw1b-0_14721877_12.out,2026-09-06 07:12
outputs_nlv2b_C5_LNG375_lowbrent,outputs,nlv2b_C5_LNG375_lowbrent,22415194495.44851,optimal integer solution within mipgap or absmipgap,0.00218119,4.88919e+07,aw1b-7_14721914_12.out,2026-09-06 07:43
outputs_nlv2b_C5_LNG375_lowbrent_adv,outputs,nlv2b_C5_LNG375_lowbrent_adv,21245751563.56396,optimal integer solution within mipgap or absmipgap,0.00225449,4.79398e+07,aw1b-0_14721877_10.out,2026-09-06 07:00
outputs_nlv2b_C5_LNG375_lowbrent_j120,outputs,nlv2b_C5_LNG375_lowbrent_j120,22762228178.01064,optimal (non-)integer solution within mipgap or absmipgap,0.00222527,5.06521e+07,aw1b-7_14721914_9.out,2026-09-06 15:42
outputs_nlv2b_C5_LNG375_refbrent,outputs,nlv2b_C5_LNG375_refbrent,26325653268.20886,optimal integer solution within mipgap or absmipgap,0.00160228,4.2181e+07,aw1b-7_14721914_6.out,2026-09-06 07:46
outputs_nlv2b_C5_LNG375_refbrent_adv,outputs,nlv2b_C5_LNG375_refbrent_adv,25028455570.38913,optimal integer solution within mipgap or absmipgap,0.00241688,6.04907e+07,aw1b-0_14721877_9.out,2026-09-06 06:56
outputs_nlv2b_C5_LNG375_refbrent_j120,outputs,nlv2b_C5_LNG375_refbrent_j120,26694507008.65749,optimal integer solution within mipgap or absmipgap,0.00246064,6.56857e+07,aw1b-7_14721914_14.out,2026-09-06 07:41
outputs_nlv2b_C5_LNG375_refbrent_j120_adv,outputs,nlv2b_C5_LNG375_refbrent_j120_adv,25349622869.59959,optimal integer solution within mipgap or absmipgap,0.00162972,4.13208e+07,aw1b-0_14721877_14.out,2026-09-06 06:57
outputs_nlv2b_C6_STATUSQUO_futbrent,outputs,nlv2b_C6_STATUSQUO_futbrent,26441686081.23314,optimal integer solution within mipgap or absmipgap,0.00161179,4.26183e+07,aw1b-7_14721914_1.out,2026-09-06 07:40
outputs_nlv2b_C6_STATUSQUO_futbrent_adv,outputs,nlv2b_C6_STATUSQUO_futbrent_adv,25266015110.27316,optimal (non-)integer solution within mipgap or absmipgap,0.00233499,5.90404e+07,aw1b-0_14721877_7.out,2026-09-06 07:05
outputs_nlv2b_C6_STATUSQUO_futbrent_j120,outputs,nlv2b_C6_STATUSQUO_futbrent_j120,26862410796.49925,optimal (non-)integer solution within mipgap or absmipgap,0.00139454,3.74608e+07,aw1b-7_14721914_0.out,2026-09-06 09:10
outputs_nlv2b_C6_STATUSQUO_futbrent_j120_adv,outputs,nlv2b_C6_STATUSQUO_futbrent_j120_adv,25697864176.71294,optimal (non-)integer solution within mipgap or absmipgap,0.00202839,5.21379e+07,aw1b-0_14721877_13.out,2026-09-06 07:18
outputs_nlv2b_C6_STATUSQUO_highbrent,outputs,nlv2b_C6_STATUSQUO_highbrent,30064248365.11953,optimal (non-)integer solution within mipgap or absmipgap,0.00124194,3.73422e+07,aw1b-7_14721914_11.out,2026-09-06 07:52
outputs_nlv2b_C6_STATUSQUO_highbrent_adv,outputs,nlv2b_C6_STATUSQUO_highbrent_adv,28597001022.10838,optimal (non-)integer solution within mipgap or absmipgap,0.00182788,5.23255e+07,aw1b-0_14721877_12.out,2026-09-06 07:12
outputs_nlv2b_C6_STATUSQUO_highbrent_j120,outputs,nlv2b_C6_STATUSQUO_highbrent_j120,30506254736.29484,optimal integer solution within mipgap or absmipgap,0.00217512,6.63904e+07,aw1b-7_14721914_4.out,2026-09-06 09:15
outputs_nlv2b_C6_STATUSQUO_highbrent_j120_adv,outputs,nlv2b_C6_STATUSQUO_highbrent_j120_adv,29036051945.63789,optimal integer solution within mipgap or absmipgap,0.00124502,3.61505e+07,aw1b-0_14721877_2.out,2026-09-06 15:42
outputs_nlv2b_C6_STATUSQUO_lowbrent,outputs,nlv2b_C6_STATUSQUO_lowbrent,24245833691.58037,optimal integer solution within mipgap or absmipgap,0.00119022,2.8858e+07,aw1b-7_14721914_8.out,2026-09-06 08:11
outputs_nlv2b_C6_STATUSQUO_lowbrent_adv,outputs,nlv2b_C6_STATUSQUO_lowbrent_adv,23054207496.07515,optimal integer solution within mipgap or absmipgap,0.00127617,2.94302e+07,aw1b-0_14721877_6.out,2026-09-06 07:03
outputs_nlv2b_C6_STATUSQUO_lowbrent_j120,outputs,nlv2b_C6_STATUSQUO_lowbrent_j120,24670420337.50487,optimal integer solution within mipgap or absmipgap,0.00111555,2.75211e+07,aw1b-7_14721914_2.out,2026-09-06 07:39
outputs_nlv2b_C6_STATUSQUO_lowbrent_j120_adv,outputs,nlv2b_C6_STATUSQUO_lowbrent_j120_adv,23486033835.33021,optimal integer solution within mipgap or absmipgap,0.00115332,2.70868e+07,aw1b-0_14721877_8.out,2026-09-06 07:01
outputs_nlv2b_C6_STATUSQUO_refbrent,outputs,nlv2b_C6_STATUSQUO_refbrent,28080185521.79782,optimal (non-)integer solution within mipgap or absmipgap,0.00190735,5.35928e+07,aw1b-7_14721914_3.out,2026-09-06 07:48
outputs_nlv2b_C6_STATUSQUO_refbrent_adv,outputs,nlv2b_C6_STATUSQUO_refbrent_adv,26789118826.74068,optimal (non-)integer solution within mipgap or absmipgap,0.000931576,2.49604e+07,aw1b-0_14721877_0.out,2026-09-06 07:11
outputs_nlv2b_C6_STATUSQUO_refbrent_j120,outputs,nlv2b_C6_STATUSQUO_refbrent_j120,28541518727.36443,optimal (non-)integer solution within mipgap or absmipgap,0.00245812,7.01585e+07,aw1b-7_14721914_13.out,2026-09-06 07:43
outputs_nlv2b_C6_STATUSQUO_refbrent_j120_adv,outputs,nlv2b_C6_STATUSQUO_refbrent_j120_adv,27228749775.81168,optimal (non-)integer solution within mipgap or absmipgap,0.00146695,3.99519e+07,aw1b-0_14721877_14.out,2026-09-06 06:57
outputs_nlv2b_battfix_C4_NOTHERMAL_refbrent,test,nlv2b_battfix_C4_NOTHERMAL_refbrent,26138496832.69588,optimal integer solution within mipgap or absmipgap,0.00249744,6.53015e+07,battfix-test_14721418.out,2026-09-05 23:46
outputs_nlv2b_be_pv15_C1_LSFO250_refbrent,outputs,nlv2b_be_pv15_C1_LSFO250_refbrent,28564539542.87530,optimal integer solution within mipgap or absmipgap,0.00203096,5.80135e+07,aw1b-7_14721914_11.out,2026-09-06 07:52
outputs_nlv2b_be_pv15_C1_LSFO250_refbrent_adv,outputs,nlv2b_be_pv15_C1_LSFO250_refbrent_adv,26881242452.66343,optimal integer solution within mipgap or absmipgap,0.00227096,6.11033e+07,aw1b-0_14721877_4.out,2026-09-06 07:19
outputs_nlv2b_be_pv15_C4_NOTHERMAL_futbrent,outputs,nlv2b_be_pv15_C4_NOTHERMAL_futbrent,26425746288.67801,optimal (non-)integer solution within mipgap or absmipgap,0.00216476,5.72366e+07,aw1b-7_14721914_15.out,2026-09-06 07:39
outputs_nlv2b_be_pv15_C4_NOTHERMAL_highbrent,outputs,nlv2b_be_pv15_C4_NOTHERMAL_highbrent,30287404230.23212,optimal integer solution within mipgap or absmipgap,0.00220131,6.66719e+07,aw1b-7_14721914_4.out,2026-09-06 09:15
outputs_nlv2b_be_pv15_C4_NOTHERMAL_lowbrent,outputs,nlv2b_be_pv15_C4_NOTHERMAL_lowbrent,22884533858.76442,optimal (non-)integer solution within mipgap or absmipgap,0.00175287,4.01254e+07,aw1b-7_14721914_5.out,2026-09-06 07:46
outputs_nlv2b_be_pv15_C4_NOTHERMAL_refbrent,outputs,nlv2b_be_pv15_C4_NOTHERMAL_refbrent,28289024622.95636,optimal integer solution within mipgap or absmipgap,0.00242009,6.84619e+07,aw1b-7_14721914_7.out,2026-09-06 07:41
outputs_nlv2b_be_pv15_C4_NOTHERMAL_refbrent_adv,outputs,nlv2b_be_pv15_C4_NOTHERMAL_refbrent_adv,26486726676.87900,optimal integer solution within mipgap or absmipgap,0.00139184,3.68653e+07,aw1b-0_14721877_10.out,2026-09-06 07:00
outputs_nlv2b_be_pv15_lngconv_heco_refbrent,outputs,nlv2b_be_pv15_lngconv_heco_refbrent,27010042442.80503,optimal integer solution within mipgap or absmipgap,0.00248574,6.71399e+07,aw1b-7_14721914_3.out,2026-09-06 07:48
outputs_nlv2b_be_pv15_lngconv_opt_refbrent,outputs,nlv2b_be_pv15_lngconv_opt_refbrent,27769412255.87922,optimal integer solution within mipgap or absmipgap,0.00216266,6.00557e+07,aw1b-7_14721914_1.out,2026-09-06 07:40
outputs_nlv2b_be_pv15_wb_C6_LNG500_futbrent,outputs,nlv2b_be_pv15_wb_C6_LNG500_futbrent,26583838258.50925,optimal (non-)integer solution within mipgap or absmipgap,0.00159526,4.24082e+07,audit-wave1_14721648_30.out,2026-09-06 05:06
outputs_nlv2b_be_pv15_wb_C6_LNG500_futbrent_j120,outputs,nlv2b_be_pv15_wb_C6_LNG500_futbrent_j120,27007277921.63218,optimal integer solution within mipgap or absmipgap,0.00148519,4.01108e+07,audit-wave1_14721648_28.out,2026-09-06 03:50
outputs_nlv2b_be_pv15_wb_C6_LNG500_highbrent,outputs,nlv2b_be_pv15_wb_C6_LNG500_highbrent,30685885220.41216,optimal integer solution within mipgap or absmipgap,0.00223941,6.87183e+07,audit-wave1_14721648_29.out,2026-09-06 04:07
outputs_nlv2b_be_pv15_wb_C6_LNG500_highbrent_j120,outputs,nlv2b_be_pv15_wb_C6_LNG500_highbrent_j120,31119756386.55929,optimal integer solution within mipgap or absmipgap,0.00247154,7.69138e+07,audit-wave1_14721648_18.out,2026-09-06 04:23
outputs_nlv2b_be_pv15_wb_C6_LNG500_lowbrent,outputs,nlv2b_be_pv15_wb_C6_LNG500_lowbrent,24280688984.66677,optimal integer solution within mipgap or absmipgap,0.00151828,3.68649e+07,audit-wave1_14721648_19.out,2026-09-06 03:41
outputs_nlv2b_be_pv15_wb_C6_LNG500_lowbrent_j120,outputs,nlv2b_be_pv15_wb_C6_LNG500_lowbrent_j120,24710839628.29631,optimal integer solution within mipgap or absmipgap,0.00166002,4.10204e+07,aw1c_14722819_2.out,2026-09-06 16:39
outputs_nlv2b_be_pv15_wb_C6_LNG500_refbrent,outputs,nlv2b_be_pv15_wb_C6_LNG500_refbrent,28357835528.67464,optimal integer solution within mipgap or absmipgap,0.00128263,3.63726e+07,aw1b-7_14721914_15.out,2026-09-06 07:39
outputs_nlv2b_be_pv15_wb_C6_LNG500_refbrent_j120,outputs,nlv2b_be_pv15_wb_C6_LNG500_refbrent_j120,28812725856.52691,optimal integer solution within mipgap or absmipgap,0.0022695,6.53904e+07,aw1b-7_14721914_5.out,2026-09-06 07:46
outputs_nlv2b_be_pv17_C1_LSFO250_refbrent,outputs,nlv2b_be_pv17_C1_LSFO250_refbrent,29217862419.97078,optimal integer solution within mipgap or absmipgap,0.00240082,7.01467e+07,aw1b-7_14721914_0.out,2026-09-06 09:10
outputs_nlv2b_be_pv17_C1_LSFO250_refbrent_adv,outputs,nlv2b_be_pv17_C1_LSFO250_refbrent_adv,27501945461.98991,optimal integer solution within mipgap or absmipgap,0.00196737,5.41064e+07,aw1b-0_14721877_9.out,2026-09-06 06:56
outputs_nlv2b_be_pv17_C4_NOTHERMAL_futbrent,outputs,nlv2b_be_pv17_C4_NOTHERMAL_futbrent,27009018620.67181,optimal (non-)integer solution within mipgap or absmipgap,0.00162036,4.3775e+07,aw1b-7_14721914_14.out,2026-09-06 07:41
outputs_nlv2b_be_pv17_C4_NOTHERMAL_highbrent,outputs,nlv2b_be_pv17_C4_NOTHERMAL_highbrent,31189966025.05501,optimal integer solution within mipgap or absmipgap,0.00249099,7.76939e+07,aw1b-7_14721914_8.out,2026-09-06 08:11
outputs_nlv2b_be_pv17_C4_NOTHERMAL_lowbrent,outputs,nlv2b_be_pv17_C4_NOTHERMAL_lowbrent,23379254153.39182,optimal (non-)integer solution within mipgap or absmipgap,0.00217566,5.08825e+07,aw1b-7_14721914_12.out,2026-09-06 07:43
outputs_nlv2b_be_pv17_C4_NOTHERMAL_refbrent,outputs,nlv2b_be_pv17_C4_NOTHERMAL_refbrent,29010574744.14637,optimal integer solution within mipgap or absmipgap,0.00217072,6.29739e+07,aw1b-7_14721914_2.out,2026-09-06 07:39
outputs_nlv2b_be_pv17_C4_NOTHERMAL_refbrent_adv,outputs,nlv2b_be_pv17_C4_NOTHERMAL_refbrent_adv,27140816137.16753,optimal integer solution within mipgap or absmipgap,0.00140704,3.81882e+07,aw1b-0_14721877_15.out,2026-09-06 07:19
outputs_nlv2b_be_pv17_lngconv_heco_refbrent,outputs,nlv2b_be_pv17_lngconv_heco_refbrent,27645029923.31605,optimal integer solution within mipgap or absmipgap,0.00233678,6.46003e+07,aw1b-7_14721914_13.out,2026-09-06 07:43
outputs_nlv2b_be_pv17_lngconv_opt_refbrent,outputs,nlv2b_be_pv17_lngconv_opt_refbrent,28453806511.15245,optimal integer solution within mipgap or absmipgap,0.00203277,5.784e+07,aw1b-7_14721914_7.out,2026-09-06 07:41
outputs_nlv2b_be_pv17_wb_C6_LNG500_futbrent,outputs,nlv2b_be_pv17_wb_C6_LNG500_futbrent,27094467615.85276,optimal integer solution within mipgap or absmipgap,0.00176983,4.79525e+07,audit-wave1_14721648_1.out,2026-09-06 03:57
outputs_nlv2b_be_pv17_wb_C6_LNG500_futbrent_j120,outputs,nlv2b_be_pv17_wb_C6_LNG500_futbrent_j120,27529782283.40205,optimal integer solution within mipgap or absmipgap,0.00208019,5.72671e+07,audit-wave1_14721648_23.out,2026-09-06 04:58
outputs_nlv2b_be_pv17_wb_C6_LNG500_highbrent,outputs,nlv2b_be_pv17_wb_C6_LNG500_highbrent,31330440219.66502,optimal integer solution within mipgap or absmipgap,0.00160467,5.0305e+07,audit-wave1_14721648_22.out,2026-09-06 03:40
outputs_nlv2b_be_pv17_wb_C6_LNG500_highbrent_j120,outputs,nlv2b_be_pv17_wb_C6_LNG500_highbrent_j120,31794518455.81942,optimal integer solution within mipgap or absmipgap,0.00219124,6.96695e+07,audit-wave1_14721648_20.out,2026-09-06 03:38
outputs_nlv2b_be_pv17_wb_C6_LNG500_lowbrent,outputs,nlv2b_be_pv17_wb_C6_LNG500_lowbrent,24776542520.00319,optimal integer solution within mipgap or absmipgap,0.00213742,5.29579e+07,aw1b-7_14721914_6.out,2026-09-06 07:46
outputs_nlv2b_be_pv17_wb_C6_LNG500_lowbrent_j120,outputs,nlv2b_be_pv17_wb_C6_LNG500_lowbrent_j120,25192587929.87771,optimal (non-)integer solution within mipgap or absmipgap,0.00172955,4.35719e+07,audit-wave1_14721648_6.out,2026-09-06 04:27
outputs_nlv2b_be_pv17_wb_C6_LNG500_refbrent,outputs,nlv2b_be_pv17_wb_C6_LNG500_refbrent,28951001623.09843,optimal (non-)integer solution within mipgap or absmipgap,0.00216191,6.26235e+07,aw1b-7_14721914_4.out,2026-09-06 09:15
outputs_nlv2b_be_pv17_wb_C6_LNG500_refbrent_j120,outputs,nlv2b_be_pv17_wb_C6_LNG500_refbrent_j120,29365295965.71163,optimal (non-)integer solution within mipgap or absmipgap,0.00199083,5.85075e+07,aw1b-7_14721914_14.out,2026-09-06 07:41
outputs_nlv2b_efor_C1_LSFO250_refbrent,outputs,nlv2b_efor_C1_LSFO250_refbrent,26260460557.75780,optimal integer solution within mipgap or absmipgap,0.000961386,2.52464e+07,corr-eforpilot_14611205_2.out.gz,2026-08-24 00:41
outputs_nlv2b_efor_C4_NOTHERMAL_futbrent,outputs,nlv2b_efor_C4_NOTHERMAL_futbrent,24295179661.90782,optimal integer solution within mipgap or absmipgap,0.000961588,2.3362e+07,corr-eforpilot_14611205_0.out.gz,2026-08-24 00:47
outputs_nlv2b_efor_C4_NOTHERMAL_refbrent,outputs,nlv2b_efor_C4_NOTHERMAL_refbrent,25836446336.82177,optimal integer solution within mipgap or absmipgap,0.000999953,2.58352e+07,corr-eforretry2_14612312_0.out.gz,2026-08-25 00:02
outputs_nlv2b_efor_lngconv_heco_opt_refbrent,outputs,nlv2b_efor_lngconv_heco_opt_refbrent,24793962242.08329,optimal integer solution within mipgap or absmipgap,0.000987767,2.44907e+07,corr-eforretry2_14612312_1.out.gz,2026-08-24 21:36
outputs_nlv2b_efor_lngconv_opt_refbrent,outputs,nlv2b_efor_lngconv_opt_refbrent,25456579309.30672,time limit with integer solution,0.00100681,2.563e+07,corr-eforretry_14611278_0.out.gz,2026-08-25 02:24
outputs_nlv2b_efor_wb_C6_LNG500_futbrent,outputs,nlv2b_efor_wb_C6_LNG500_futbrent,24750470793.90511,optimal integer solution within mipgap or absmipgap,0.00097,2.4008e+07,corr-eforpilot_14611205_1.out.gz,2026-08-24 01:28
outputs_nlv2b_efor_wb_C6_LNG500_refbrent,outputs,nlv2b_efor_wb_C6_LNG500_refbrent,26367300372.01492,optimal integer solution within mipgap or absmipgap,0.000898726,2.3697e+07,corr-eforpilot_14611205_7.out.gz,2026-08-23 23:53
outputs_nlv2b_efor_wb_C6_LNG500_refbrent_j120,outputs,nlv2b_efor_wb_C6_LNG500_refbrent_j120,26795251611.57796,optimal (non-)integer solution within mipgap or absmipgap,0.000960629,2.57403e+07,corr-eforpilot_14611205_5.out.gz,2026-08-23 23:48
outputs_nlv2b_efor_wr_C4_NOTHERMAL_refbrent,outputs,nlv2b_efor_wr_C4_NOTHERMAL_refbrent,27229134985.42253,optimal integer solution within mipgap or absmipgap,0.000984171,2.67981e+07,corr-eforpilot_14611205_4.out.gz,2026-08-23 23:29
outputs_nlv2b_egs_high_lng_forced_refbrent,outputs,nlv2b_egs_high_lng_forced_refbrent,26973403999.53992,optimal integer solution within mipgap or absmipgap,0.00249183,6.72131e+07,aw1b-7_14721914_12.out,2026-09-06 07:43
outputs_nlv2b_egs_high_lng_forced_refbrent_adv,outputs,nlv2b_egs_high_lng_forced_refbrent_adv,25489535733.39561,optimal integer solution within mipgap or absmipgap,0.00249279,6.35648e+07,aw1b-0_14721877_7.out,2026-09-06 07:05
outputs_nlv2b_egs_high_lng_forced_refbrent_j120_adv,outputs,nlv2b_egs_high_lng_forced_refbrent_j120_adv,25917747036.68025,optimal integer solution within mipgap or absmipgap,0.0021568,5.58993e+07,aw1b-0_14721877_12.out,2026-09-06 07:12
outputs_nlv2b_egs_high_no_lng_futbrent_adv,outputs,nlv2b_egs_high_no_lng_futbrent_adv,23331444467.46489,optimal integer solution within mipgap or absmipgap,0.00234842,5.4792e+07,aw1b-0_14721877_2.out,2026-09-06 15:42
outputs_nlv2b_egs_high_no_lng_highbrent_adv,outputs,nlv2b_egs_high_no_lng_highbrent_adv,26211363793.90120,optimal integer solution within mipgap or absmipgap,0.00139905,3.6671e+07,aw1b-0_14721877_3.out,2026-09-06 07:42
outputs_nlv2b_egs_high_no_lng_lowbrent_adv,outputs,nlv2b_egs_high_no_lng_lowbrent_adv,20213296796.22925,optimal integer solution within mipgap or absmipgap,0.00204744,4.13977e+07,aw1b-0_14721877_14.out,2026-09-06 06:57
outputs_nlv2b_egs_high_no_lng_refbrent_adv,outputs,nlv2b_egs_high_no_lng_refbrent_adv,24877772256.23465,optimal integer solution within mipgap or absmipgap,0.00220873,5.49483e+07,aw1b-0_14721877_0.out,2026-09-06 07:11
outputs_nlv2b_egs_low_lng_forced_refbrent,outputs,nlv2b_egs_low_lng_forced_refbrent,26296517542.41298,optimal integer solution within mipgap or absmipgap,0.00202838,5.33671e+07,aw1b-7_14721914_4.out,2026-09-06 09:15
outputs_nlv2b_egs_low_lng_forced_refbrent_adv,outputs,nlv2b_egs_low_lng_forced_refbrent_adv,25021576244.86396,optimal integer solution within mipgap or absmipgap,0.00206124,5.15753e+07,aw1b-0_14721877_6.out,2026-09-06 07:03
outputs_nlv2b_egs_low_lng_forced_refbrent_j120,outputs,nlv2b_egs_low_lng_forced_refbrent_j120,26737845595.91093,optimal integer solution within mipgap or absmipgap,0.00202845,5.42363e+07,aw1b-7_14721914_1.out,2026-09-06 07:40
outputs_nlv2b_egs_low_lng_forced_refbrent_j120_adv,outputs,nlv2b_egs_low_lng_forced_refbrent_j120_adv,25452530624.91850,optimal integer solution within mipgap or absmipgap,0.00222393,5.66047e+07,aw1b-0_14721877_4.out,2026-09-06 07:19
outputs_nlv2b_egs_low_no_lng_futbrent_adv,outputs,nlv2b_egs_low_no_lng_futbrent_adv,22823563537.83019,optimal integer solution within mipgap or absmipgap,0.00153013,3.49231e+07,aw1b-0_14721877_9.out,2026-09-06 06:56
outputs_nlv2b_egs_low_no_lng_highbrent,outputs,nlv2b_egs_low_no_lng_highbrent,27319713308.62695,optimal integer solution within mipgap or absmipgap,0.00150173,4.10267e+07,aw1b-7_14721914_13.out,2026-09-06 07:43
outputs_nlv2b_egs_low_no_lng_highbrent_adv,outputs,nlv2b_egs_low_no_lng_highbrent_adv,25505994912.22675,optimal integer solution within mipgap or absmipgap,0.00221112,5.64306e+07,aw1b-0_14721877_5.out,2026-09-06 07:02
outputs_nlv2b_egs_low_no_lng_lowbrent_adv,outputs,nlv2b_egs_low_no_lng_lowbrent_adv,19914252556.53081,optimal (non-)integer solution within mipgap or absmipgap,0.00240532,4.79001e+07,aw1b-0_14721877_7.out,2026-09-06 07:05
outputs_nlv2b_egs_low_no_lng_refbrent,outputs,nlv2b_egs_low_no_lng_refbrent,25831930236.05691,optimal integer solution within mipgap or absmipgap,0.00249678,6.44965e+07,aw1b-7_14721914_14.out,2026-09-06 07:41
outputs_nlv2b_egs_low_no_lng_refbrent_adv,outputs,nlv2b_egs_low_no_lng_refbrent_adv,24216265581.88456,optimal integer solution within mipgap or absmipgap,0.00192302,4.65684e+07,aw1b-0_14721877_13.out,2026-09-06 07:18
outputs_nlv2b_egs_none_lng_forced_refbrent,outputs,nlv2b_egs_none_lng_forced_refbrent,26955933955.90891,optimal integer solution within mipgap or absmipgap,0.0020885,5.6326e+07,aw1b-7_14721914_2.out,2026-09-06 07:39
outputs_nlv2b_egs_none_lng_forced_refbrent_adv,outputs,nlv2b_egs_none_lng_forced_refbrent_adv,25488171507.30192,optimal integer solution within mipgap or absmipgap,0.00205077,5.22705e+07,aw1b-0_14721877_12.out,2026-09-06 07:12
outputs_nlv2b_egs_none_lng_forced_refbrent_j120,outputs,nlv2b_egs_none_lng_forced_refbrent_j120,27385079139.29853,optimal (non-)integer solution within mipgap or absmipgap,0.00199677,5.46994e+07,aw1b-7_14721914_8.out,2026-09-06 08:11
outputs_nlv2b_egs_none_lng_forced_refbrent_j120_adv,outputs,nlv2b_egs_none_lng_forced_refbrent_j120_adv,25923680760.57053,optimal integer solution within mipgap or absmipgap,0.00238603,6.18547e+07,aw1b-0_14721877_2.out,2026-09-06 15:42
outputs_nlv2b_egs_none_no_lng_refbrent,outputs,nlv2b_egs_none_no_lng_refbrent,26701921622.15466,optimal integer solution within mipgap or absmipgap,0.00246856,6.59399e+07,aw1b-7_14721914_15.out,2026-09-06 07:39
outputs_nlv2b_egs_none_no_lng_refbrent_adv,outputs,nlv2b_egs_none_no_lng_refbrent_adv,24878628804.88450,optimal integer solution within mipgap or absmipgap,0.00223644,5.56396e+07,aw1b-0_14721877_10.out,2026-09-06 07:00
outputs_nlv2b_egs_ref_lng_forced_refbrent,outputs,nlv2b_egs_ref_lng_forced_refbrent,26632858295.15262,optimal integer solution within mipgap or absmipgap,0.00232311,6.1871e+07,aw1b-7_14721914_3.out,2026-09-06 07:48
outputs_nlv2b_egs_ref_lng_forced_refbrent_adv,outputs,nlv2b_egs_ref_lng_forced_refbrent_adv,25345258232.60242,optimal integer solution within mipgap or absmipgap,0.00245352,6.21851e+07,aw1b-0_14721877_15.out,2026-09-06 07:19
outputs_nlv2b_egs_ref_lng_forced_refbrent_j120,outputs,nlv2b_egs_ref_lng_forced_refbrent_j120,27060542715.42084,optimal integer solution within mipgap or absmipgap,0.00235765,6.37994e+07,aw1b-7_14721914_5.out,2026-09-06 07:46
outputs_nlv2b_egs_ref_lng_forced_refbrent_j120_adv,outputs,nlv2b_egs_ref_lng_forced_refbrent_j120_adv,25748957610.60796,optimal integer solution within mipgap or absmipgap,0.00242398,6.24694e+07,aw1b-0_14721877_3.out,2026-09-06 07:42
outputs_nlv2b_egs_ref_no_lng_refbrent,outputs,nlv2b_egs_ref_no_lng_refbrent,26146410433.72545,optimal integer solution within mipgap or absmipgap,0.00249769,6.53055e+07,aw1b-7_14721914_0.out,2026-09-06 09:10
outputs_nlv2b_egs_ref_no_lng_refbrent_adv,outputs,nlv2b_egs_ref_no_lng_refbrent_adv,24533461778.40588,optimal integer solution within mipgap or absmipgap,0.00206435,5.06457e+07,aw1b-0_14721877_6.out,2026-09-06 07:03
outputs_nlv2b_lc_C1_LSFO250_futbrent,outputs,nlv2b_lc_C1_LSFO250_futbrent,25430282926.99425,optimal integer solution within mipgap or absmipgap,0.00232442,5.91106e+07,aw1b-4_14721911_3.out,2026-09-06 06:06
outputs_nlv2b_lc_C1_LSFO250_futbrent_adv,outputs,nlv2b_lc_C1_LSFO250_futbrent_adv,24093203379.74846,optimal (non-)integer solution within mipgap or absmipgap,0.00249365,6.01101e+07,aw1b-2_14721909_13.out,2026-09-06 05:50
outputs_nlv2b_lc_C1_LSFO250_highbrent,outputs,nlv2b_lc_C1_LSFO250_highbrent,28606212720.55924,optimal integer solution within mipgap or absmipgap,0.00226971,6.49277e+07,aw1b-4_14721911_2.out,2026-09-06 06:21
outputs_nlv2b_lc_C1_LSFO250_highbrent_adv,outputs,nlv2b_lc_C1_LSFO250_highbrent_adv,26937361940.00778,optimal (non-)integer solution within mipgap or absmipgap,0.00224665,6.05565e+07,aw1b-2_14721909_12.out,2026-09-06 05:38
outputs_nlv2b_lc_C1_LSFO250_lowbrent,outputs,nlv2b_lc_C1_LSFO250_lowbrent,22424970818.46046,optimal (non-)integer solution within mipgap or absmipgap,0.00224188,5.02741e+07,aw1b-4_14721911_4.out,2026-09-06 06:07
outputs_nlv2b_lc_C1_LSFO250_lowbrent_adv,outputs,nlv2b_lc_C1_LSFO250_lowbrent_adv,21262013296.56382,optimal (non-)integer solution within mipgap or absmipgap,0.00136084,2.89342e+07,aw1b-2_14721909_10.out,2026-09-06 05:54
outputs_nlv2b_lc_C1_LSFO250_refbrent,outputs,nlv2b_lc_C1_LSFO250_refbrent,26948557363.64940,optimal integer solution within mipgap or absmipgap,0.00228375,6.15437e+07,aw1b-4_14721911_5.out,2026-09-06 06:23
outputs_nlv2b_lc_C1_LSFO250_refbrent_adv,outputs,nlv2b_lc_C1_LSFO250_refbrent_adv,25491242105.99227,optimal integer solution within mipgap or absmipgap,0.0020387,5.19961e+07,aw1b-2_14721909_11.out,2026-09-06 05:43
outputs_nlv2b_lc_C2_LSFO375_futbrent,outputs,nlv2b_lc_C2_LSFO375_futbrent,25811839570.75570,optimal integer solution within mipgap or absmipgap,0.00231934,5.98663e+07,aw1b-4_14721911_7.out,2026-09-06 06:50
outputs_nlv2b_lc_C2_LSFO375_futbrent_adv,outputs,nlv2b_lc_C2_LSFO375_futbrent_adv,24480074210.68872,optimal integer solution within mipgap or absmipgap,0.00180822,4.42742e+07,aw1b-2_14721909_3.out,2026-09-06 06:06
outputs_nlv2b_lc_C2_LSFO375_highbrent,outputs,nlv2b_lc_C2_LSFO375_highbrent,28997190445.52470,optimal integer solution within mipgap or absmipgap,0.00210276,6.10013e+07,aw1b-4_14721911_6.out,2026-09-06 06:12
outputs_nlv2b_lc_C2_LSFO375_highbrent_adv,outputs,nlv2b_lc_C2_LSFO375_highbrent_adv,27380032057.50664,optimal integer solution within mipgap or absmipgap,0.00147673,4.04396e+07,aw1b-2_14721909_2.out,2026-09-06 05:44
outputs_nlv2b_lc_C2_LSFO375_lowbrent,outputs,nlv2b_lc_C2_LSFO375_lowbrent,22832128946.66978,optimal (non-)integer solution within mipgap or absmipgap,0.00189461,4.32579e+07,aw1b-4_14721911_9.out,2026-09-06 06:17
outputs_nlv2b_lc_C2_LSFO375_lowbrent_adv,outputs,nlv2b_lc_C2_LSFO375_lowbrent_adv,21667598386.92843,optimal integer solution within mipgap or absmipgap,0.0016782,3.63625e+07,aw1b-2_14721909_5.out,2026-09-06 06:10
outputs_nlv2b_lc_C2_LSFO375_refbrent,outputs,nlv2b_lc_C2_LSFO375_refbrent,27304537186.28178,optimal integer solution within mipgap or absmipgap,0.00218699,5.97149e+07,aw1b-4_14721911_8.out,2026-09-06 06:26
outputs_nlv2b_lc_C2_LSFO375_refbrent_adv,outputs,nlv2b_lc_C2_LSFO375_refbrent_adv,25873224406.42241,optimal integer solution within mipgap or absmipgap,0.00150601,3.89654e+07,aw1b-2_14721909_4.out,2026-09-06 05:44
outputs_nlv2b_lc_C3_LSFO500_futbrent,outputs,nlv2b_lc_C3_LSFO500_futbrent,26232960454.12831,optimal (non-)integer solution within mipgap or absmipgap,0.0016418,4.30692e+07,aw1b-4_14721911_1.out,2026-09-06 06:22
outputs_nlv2b_lc_C3_LSFO500_futbrent_adv,outputs,nlv2b_lc_C3_LSFO500_futbrent_adv,24939160475.43207,optimal (non-)integer solution within mipgap or absmipgap,0.00184094,4.59114e+07,aw1b-2_14721909_9.out,2026-09-06 05:43
outputs_nlv2b_lc_C3_LSFO500_highbrent,outputs,nlv2b_lc_C3_LSFO500_highbrent,29443401605.39574,optimal integer solution within mipgap or absmipgap,0.0020912,6.15927e+07,aw1b-4_14721911_0.out,2026-09-06 06:34
outputs_nlv2b_lc_C3_LSFO500_highbrent_adv,outputs,nlv2b_lc_C3_LSFO500_highbrent_adv,27865234728.79773,optimal integer solution within mipgap or absmipgap,0.00159854,4.45436e+07,aw1b-2_14721909_14.out,2026-09-06 05:47
outputs_nlv2b_lc_C3_LSFO500_lowbrent,outputs,nlv2b_lc_C3_LSFO500_lowbrent,23292291838.44348,optimal (non-)integer solution within mipgap or absmipgap,0.0015363,3.57841e+07,aw1b-4_14721911_14.out,2026-09-06 06:43
outputs_nlv2b_lc_C3_LSFO500_lowbrent_adv,outputs,nlv2b_lc_C3_LSFO500_lowbrent_adv,22119938530.72152,optimal integer solution within mipgap or absmipgap,0.00217872,4.82119e+07,aw1b-2_14721909_15.out,2026-09-06 05:49
outputs_nlv2b_lc_C3_LSFO500_refbrent,outputs,nlv2b_lc_C3_LSFO500_refbrent,27734629005.72569,optimal integer solution within mipgap or absmipgap,0.00231336,6.41816e+07,aw1b-4_14721911_15.out,2026-09-06 06:32
outputs_nlv2b_lc_C3_LSFO500_refbrent_adv,outputs,nlv2b_lc_C3_LSFO500_refbrent_adv,26327177973.14971,optimal integer solution within mipgap or absmipgap,0.00201523,5.30552e+07,aw1b-2_14721909_8.out,2026-09-06 05:36
outputs_nlv2b_lc_C4_NOTHERMAL_futbrent,outputs,nlv2b_lc_C4_NOTHERMAL_futbrent,24959855108.48625,optimal integer solution within mipgap or absmipgap,0.00226453,5.65222e+07,aw1b-4_14721911_11.out,2026-09-06 06:12
outputs_nlv2b_lc_C4_NOTHERMAL_futbrent_adv,outputs,nlv2b_lc_C4_NOTHERMAL_futbrent_adv,23576103522.46239,optimal integer solution within mipgap or absmipgap,0.00216969,5.11528e+07,aw1b-2_14721909_7.out,2026-09-06 05:46
outputs_nlv2b_lc_C4_NOTHERMAL_highbrent,outputs,nlv2b_lc_C4_NOTHERMAL_highbrent,28002048799.26986,optimal integer solution within mipgap or absmipgap,0.00238511,6.67881e+07,aw1b-4_14721911_10.out,2026-09-06 15:42
outputs_nlv2b_lc_C4_NOTHERMAL_highbrent_adv,outputs,nlv2b_lc_C4_NOTHERMAL_highbrent_adv,26217091080.08176,optimal integer solution within mipgap or absmipgap,0.0023981,6.28931e+07,aw1b-2_14721909_6.out,2026-09-06 06:11
outputs_nlv2b_lc_C4_NOTHERMAL_lowbrent,outputs,nlv2b_lc_C4_NOTHERMAL_lowbrent,21770139652.57782,optimal (non-)integer solution within mipgap or absmipgap,0.00221055,4.8124e+07,aw1b-4_14721911_13.out,2026-09-06 06:09
outputs_nlv2b_lc_C4_NOTHERMAL_lowbrent_adv,outputs,nlv2b_lc_C4_NOTHERMAL_lowbrent_adv,20631679437.24677,optimal integer solution within mipgap or absmipgap,0.00240062,4.95288e+07,aw1b-2_14721909_1.out,2026-09-06 05:41
outputs_nlv2b_lc_C4_NOTHERMAL_refbrent,outputs,nlv2b_lc_C4_NOTHERMAL_refbrent,26504760070.54520,optimal integer solution within mipgap or absmipgap,0.00215739,5.7181e+07,aw1b-4_14721911_12.out,2026-09-06 15:42
outputs_nlv2b_lc_C4_NOTHERMAL_refbrent_adv,outputs,nlv2b_lc_C4_NOTHERMAL_refbrent_adv,24936911897.09837,optimal integer solution within mipgap or absmipgap,0.00238931,5.96018e+07,aw1b-2_14721909_0.out,2026-09-06 05:41
outputs_nlv2b_lc_C5_LNG375_futbrent,outputs,nlv2b_lc_C5_LNG375_futbrent,25127080749.19976,optimal integer solution within mipgap or absmipgap,0.00138797,3.48756e+07,aw1b-4_14721911_0.out,2026-09-06 06:34
outputs_nlv2b_lc_C5_LNG375_futbrent_adv,outputs,nlv2b_lc_C5_LNG375_futbrent_adv,23948389024.79443,optimal integer solution within mipgap or absmipgap,0.00219841,5.26484e+07,audit-wave1_14721648_11.out,2026-09-06 03:42
outputs_nlv2b_lc_C5_LNG375_futbrent_j120,outputs,nlv2b_lc_C5_LNG375_futbrent_j120,25501188669.68448,optimal integer solution within mipgap or absmipgap,0.00249725,6.36828e+07,aw1b-4_14721911_6.out,2026-09-06 06:12
outputs_nlv2b_lc_C5_LNG375_futbrent_j120_adv,outputs,nlv2b_lc_C5_LNG375_futbrent_j120_adv,24297363780.54180,optimal integer solution within mipgap or absmipgap,0.00233536,5.67432e+07,audit-wave1_14721648_0.out,2026-09-06 05:06
outputs_nlv2b_lc_C5_LNG375_highbrent,outputs,nlv2b_lc_C5_LNG375_highbrent,28668663049.90669,optimal integer solution within mipgap or absmipgap,0.00207614,5.95258e+07,aw1b-4_14721911_15.out,2026-09-06 06:32
outputs_nlv2b_lc_C5_LNG375_highbrent_adv,outputs,nlv2b_lc_C5_LNG375_highbrent_adv,27203517679.92731,optimal integer solution within mipgap or absmipgap,0.00199137,5.41723e+07,aw1b-2_14721909_3.out,2026-09-06 06:06
outputs_nlv2b_lc_C5_LNG375_highbrent_j120,outputs,nlv2b_lc_C5_LNG375_highbrent_j120,29025119550.41031,optimal integer solution within mipgap or absmipgap,0.00231824,6.72873e+07,aw1b-4_14721911_10.out,2026-09-06 15:42
outputs_nlv2b_lc_C5_LNG375_highbrent_j120_adv,outputs,nlv2b_lc_C5_LNG375_highbrent_j120_adv,27548922715.14650,optimal integer solution within mipgap or absmipgap,0.0019664,5.41723e+07,aw1b-2_14721909_2.out,2026-09-06 05:44
outputs_nlv2b_lc_C5_LNG375_lowbrent,outputs,nlv2b_lc_C5_LNG375_lowbrent,22811136173.26813,optimal integer solution within mipgap or absmipgap,0.00212244,4.84153e+07,aw1b-4_14721911_2.out,2026-09-06 06:21
outputs_nlv2b_lc_C5_LNG375_lowbrent_adv,outputs,nlv2b_lc_C5_LNG375_lowbrent_adv,21695624550.33236,optimal integer solution within mipgap or absmipgap,0.00247976,5.38e+07,aw1b-2_14721909_13.out,2026-09-06 05:50
outputs_nlv2b_lc_C5_LNG375_lowbrent_j120,outputs,nlv2b_lc_C5_LNG375_lowbrent_j120,23160463757.71190,optimal integer solution within mipgap or absmipgap,0.00225801,5.22966e+07,aw1b-4_14721911_5.out,2026-09-06 06:23
outputs_nlv2b_lc_C5_LNG375_lowbrent_j120_adv,outputs,nlv2b_lc_C5_LNG375_lowbrent_j120_adv,22020480861.56372,optimal integer solution within mipgap or absmipgap,0.00148345,3.26664e+07,aw1b-2_14721909_6.out,2026-09-06 06:11
outputs_nlv2b_lc_C5_LNG375_refbrent,outputs,nlv2b_lc_C5_LNG375_refbrent,26723387121.11348,optimal integer solution within mipgap or absmipgap,0.0022988,6.14318e+07,aw1b-4_14721911_8.out,2026-09-06 06:26
outputs_nlv2b_lc_C5_LNG375_refbrent_adv,outputs,nlv2b_lc_C5_LNG375_refbrent_adv,25451463587.05362,optimal integer solution within mipgap or absmipgap,0.00249699,6.35521e+07,aw1b-2_14721909_11.out,2026-09-06 05:43
outputs_nlv2b_lc_C5_LNG375_refbrent_j120,outputs,nlv2b_lc_C5_LNG375_refbrent_j120,27054868290.59425,optimal integer solution within mipgap or absmipgap,0.00205788,5.56906e+07,aw1b-4_14721911_15.out,2026-09-06 06:32
outputs_nlv2b_lc_C5_LNG375_refbrent_j120_adv,outputs,nlv2b_lc_C5_LNG375_refbrent_j120_adv,25791420992.15176,optimal integer solution within mipgap or absmipgap,0.00224193,5.78226e+07,aw1b-2_14721909_14.out,2026-09-06 05:47
outputs_nlv2b_lc_C6_STATUSQUO_futbrent,outputs,nlv2b_lc_C6_STATUSQUO_futbrent,26815500149.67107,optimal (non-)integer solution within mipgap or absmipgap,0.00127906,3.42986e+07,aw1c_14722819_1.out,2026-09-06 16:20
outputs_nlv2b_lc_C6_STATUSQUO_futbrent_adv,outputs,nlv2b_lc_C6_STATUSQUO_futbrent_adv,25695219175.73349,optimal integer solution within mipgap or absmipgap,0.00228108,5.86483e+07,aw1b-2_14721909_12.out,2026-09-06 05:38
outputs_nlv2b_lc_C6_STATUSQUO_futbrent_j120,outputs,nlv2b_lc_C6_STATUSQUO_futbrent_j120,27256425158.31764,optimal integer solution within mipgap or absmipgap,0.00242741,6.62008e+07,aw1b-4_14721911_13.out,2026-09-06 06:09
outputs_nlv2b_lc_C6_STATUSQUO_futbrent_j120_adv,outputs,nlv2b_lc_C6_STATUSQUO_futbrent_j120_adv,26102345676.14911,optimal integer solution within mipgap or absmipgap,0.00159752,4.1727e+07,aw1b-2_14721909_0.out,2026-09-06 05:41
outputs_nlv2b_lc_C6_STATUSQUO_highbrent,outputs,nlv2b_lc_C6_STATUSQUO_highbrent,30464623612.59557,optimal integer solution within mipgap or absmipgap,0.00199553,6.07931e+07,aw1b-4_14721911_11.out,2026-09-06 06:12
outputs_nlv2b_lc_C6_STATUSQUO_highbrent_adv,outputs,nlv2b_lc_C6_STATUSQUO_highbrent_adv,29020498741.11917,optimal integer solution within mipgap or absmipgap,0.00121241,3.51847e+07,aw1b-2_14721909_8.out,2026-09-06 05:36
outputs_nlv2b_lc_C6_STATUSQUO_highbrent_j120,outputs,nlv2b_lc_C6_STATUSQUO_highbrent_j120,30878386138.95353,optimal integer solution within mipgap or absmipgap,0.00227015,7.01471e+07,aw1b-4_14721911_4.out,2026-09-06 06:07
outputs_nlv2b_lc_C6_STATUSQUO_highbrent_j120_adv,outputs,nlv2b_lc_C6_STATUSQUO_highbrent_j120_adv,29446423781.75225,optimal integer solution within mipgap or absmipgap,0.00119487,3.51847e+07,aw1b-2_14721909_15.out,2026-09-06 05:49
outputs_nlv2b_lc_C6_STATUSQUO_lowbrent,outputs,nlv2b_lc_C6_STATUSQUO_lowbrent,24640384612.53933,optimal integer solution within mipgap or absmipgap,0.0012709,3.13155e+07,aw1b-4_14721911_15.out,2026-09-06 06:32
outputs_nlv2b_lc_C6_STATUSQUO_lowbrent_adv,outputs,nlv2b_lc_C6_STATUSQUO_lowbrent_adv,23475411132.93978,optimal integer solution within mipgap or absmipgap,0.000971431,2.28048e+07,aw1b-2_14721909_3.out,2026-09-06 06:06
outputs_nlv2b_lc_C6_STATUSQUO_lowbrent_j120,outputs,nlv2b_lc_C6_STATUSQUO_lowbrent_j120,25072704686.41913,optimal (non-)integer solution within mipgap or absmipgap,0.0015056,3.77495e+07,aw1c_14722819_3.out,2026-09-06 16:33
outputs_nlv2b_lc_C6_STATUSQUO_lowbrent_j120_adv,outputs,nlv2b_lc_C6_STATUSQUO_lowbrent_j120_adv,23905394798.09917,optimal integer solution within mipgap or absmipgap,0.00235749,5.64239e+07,aw1b-2_14721909_2.out,2026-09-06 05:44
outputs_nlv2b_lc_C6_STATUSQUO_refbrent,outputs,nlv2b_lc_C6_STATUSQUO_refbrent,28470827741.31893,optimal (non-)integer solution within mipgap or absmipgap,0.00224125,6.38437e+07,aw1b-4_14721911_9.out,2026-09-06 06:17
outputs_nlv2b_lc_C6_STATUSQUO_refbrent_adv,outputs,nlv2b_lc_C6_STATUSQUO_refbrent_adv,27217127477.24120,optimal (non-)integer solution within mipgap or absmipgap,0.00107891,2.93649e+07,aw1b-2_14721909_7.out,2026-09-06 05:46
outputs_nlv2b_lc_C6_STATUSQUO_refbrent_j120,outputs,nlv2b_lc_C6_STATUSQUO_refbrent_j120,28908461055.72998,optimal (non-)integer solution within mipgap or absmipgap,0.00204787,5.92007e+07,aw1b-4_14721911_7.out,2026-09-06 06:50
outputs_nlv2b_lc_C6_STATUSQUO_refbrent_j120_adv,outputs,nlv2b_lc_C6_STATUSQUO_refbrent_j120_adv,27639308884.20515,optimal integer solution within mipgap or absmipgap,0.00103507,2.86117e+07,aw1b-2_14721909_15.out,2026-09-06 05:49
outputs_nlv2b_lngconv_heco_opt_refbrent,outputs,nlv2b_lngconv_heco_opt_refbrent,25043518383.14139,optimal integer solution within mipgap or absmipgap,0.00226222,5.6654e+07,aw1b-7_14721914_11.out,2026-09-06 07:52
outputs_nlv2b_lngconv_heco_refbrent,outputs,nlv2b_lngconv_heco_refbrent,25041675635.28170,optimal integer solution within mipgap or absmipgap,0.00210101,5.26433e+07,aw1b-7_14721914_4.out,2026-09-06 09:15
outputs_nlv2b_lngconv_noplant_refbrent,outputs,nlv2b_lngconv_noplant_refbrent,25739964868.27808,optimal integer solution within mipgap or absmipgap,0.00208551,5.36808e+07,aw1b-7_14721914_13.out,2026-09-06 07:43
outputs_nlv2b_lngconv_opt_refbrent,outputs,nlv2b_lngconv_opt_refbrent,25732156169.57046,optimal integer solution within mipgap or absmipgap,0.0017373,4.47046e+07,aw1b-7_14721914_2.out,2026-09-06 07:39
outputs_nlv2b_lngconv_wjera_refbrent,outputs,nlv2b_lngconv_wjera_refbrent,26176638002.02885,optimal (non-)integer solution within mipgap or absmipgap,0.0021396,5.60076e+07,aw1b-7_14721914_15.out,2026-09-06 07:39
outputs_nlv2b_norps_LNG500_refbrent,outputs,nlv2b_norps_LNG500_refbrent,25845775113.32809,optimal (non-)integer solution within mipgap or absmipgap,0.00240358,6.21225e+07,aw1b-7_14721914_8.out,2026-09-06 08:11
outputs_nlv2b_norps_LNG500_refbrent_j120,outputs,nlv2b_norps_LNG500_refbrent_j120,26382273096.67950,optimal integer solution within mipgap or absmipgap,0.00246337,6.49893e+07,aw1b-7_14721914_7.out,2026-09-06 07:41
outputs_nlv2b_norps_LNGOPT_refbrent,outputs,nlv2b_norps_LNGOPT_refbrent,25674427768.45267,optimal (non-)integer solution within mipgap or absmipgap,0.0022223,5.70563e+07,aw1b-7_14721914_4.out,2026-09-06 09:15
outputs_nlv2b_norps_NOTHERMAL_refbrent,outputs,nlv2b_norps_NOTHERMAL_refbrent,25873754196.03879,optimal integer solution within mipgap or absmipgap,0.00214596,5.5524e+07,aw1b-7_14721914_12.out,2026-09-06 07:43
outputs_nlv2b_norps_lngconv_heco_jeraopt,outputs,nlv2b_norps_lngconv_heco_jeraopt,24316129780.84437,optimal integer solution within mipgap or absmipgap,0.00234291,5.69706e+07,corr-percell_14723047_0.out,2026-09-06 22:10
outputs_nlv2b_norps_lngconv_heco_refbrent,outputs,nlv2b_norps_lngconv_heco_refbrent,24373405667.63949,optimal integer solution within mipgap or absmipgap,0.00185858,4.52999e+07,aw1b-7_14721914_14.out,2026-09-06 07:41
outputs_nlv2b_norps_lngconv_opt_refbrent,outputs,nlv2b_norps_lngconv_opt_refbrent,25275956520.33275,optimal integer solution within mipgap or absmipgap,0.00234943,5.93842e+07,aw1b-7_14721914_1.out,2026-09-06 07:40
outputs_nlv2b_plan_hseo_lng_pv17_refbrent,outputs,nlv2b_plan_hseo_lng_pv17_refbrent,29814179678.19376,optimal integer solution within mipgap or absmipgap,0.00249641,7.45022e+07,plan-price_14277300_2.out.gz,2026-07-31 22:00
outputs_nlv2b_plan_hseo_lng_refbrent,outputs,nlv2b_plan_hseo_lng_refbrent,27474882215.86155,optimal integer solution within mipgap or absmipgap,0.00249435,6.85885e+07,plan-price_14277300_1.out.gz,2026-07-31 21:35
outputs_nlv2b_plan_hseo_oil_pv17_refbrent,outputs,nlv2b_plan_hseo_oil_pv17_refbrent,29770819290.78278,optimal integer solution within mipgap or absmipgap,0.00192525,5.73164e+07,plan-price_14277300_0.out.gz,2026-07-31 23:27
outputs_nlv2b_plan_hseo_oil_refbrent,outputs,nlv2b_plan_hseo_oil_refbrent,27676624387.12421,optimal integer solution within mipgap or absmipgap,0.00241989,6.69744e+07,plan-price_14277300_4.out.gz,2026-07-31 21:56
outputs_nlv2b_plan_igp_alt_firmfloor_refbrent,outputs,nlv2b_plan_igp_alt_firmfloor_refbrent,27451154302.13026,optimal integer solution within mipgap or absmipgap,0.00223107,6.12857e+07,solve_plan_firmfloor.slurm_14349380_2.out.gz,2026-08-04 02:43
outputs_nlv2b_plan_igp_alt_hybrid_refbrent,outputs,nlv2b_plan_igp_alt_hybrid_refbrent,28015240870.64368,optimal integer solution within mipgap or absmipgap,0.00203799,5.70947e+07,solve_plan_hybrid.slurm_14352361_10.out.gz,2026-08-04 08:48
outputs_nlv2b_plan_igp_alt_mix_refbrent,outputs,nlv2b_plan_igp_alt_mix_refbrent,27823473545.22462,optimal (non-)integer solution within mipgap or absmipgap,0.0024006,6.67931e+07,solve_plan_mix.slurm_14314048_11.out.gz,2026-08-04 02:58
outputs_nlv2b_plan_igp_alt_pv15_firmfloor_refbrent,outputs,nlv2b_plan_igp_alt_pv15_firmfloor_refbrent,29714398034.09499,optimal integer solution within mipgap or absmipgap,0.00207462,6.1646e+07,solve_plan_firmfloor.slurm_14349380_3.out.gz,2026-08-04 03:44
outputs_nlv2b_plan_igp_alt_pv15_hybrid_refbrent,outputs,nlv2b_plan_igp_alt_pv15_hybrid_refbrent,30139036897.47033,optimal integer solution within mipgap or absmipgap,0.00191556,5.77332e+07,solve_plan_hybrid.slurm_14352361_9.out.gz,2026-08-04 08:55
outputs_nlv2b_plan_igp_alt_pv15_refbrent,outputs,nlv2b_plan_igp_alt_pv15_refbrent,29830711632.82159,optimal integer solution within mipgap or absmipgap,0.00224637,6.702e+07,plan-pv15_14284575_1.out.gz,2026-08-01 14:54
outputs_nlv2b_plan_igp_alt_pv17_firmfloor_refbrent,outputs,nlv2b_plan_igp_alt_pv17_firmfloor_refbrent,30545779519.95809,optimal integer solution within mipgap or absmipgap,0.00194507,5.94137e+07,solve_plan_firmfloor.slurm_14349380_4.out.gz,2026-08-04 03:26
outputs_nlv2b_plan_igp_alt_pv17_hybrid_refbrent,outputs,nlv2b_plan_igp_alt_pv17_hybrid_refbrent,30936484929.62141,optimal integer solution within mipgap or absmipgap,0.00192433,5.95319e+07,solve_plan_hybrid.slurm_14352361_7.out.gz,2026-08-04 08:41
outputs_nlv2b_plan_igp_alt_pv17_mix_refbrent,outputs,nlv2b_plan_igp_alt_pv17_mix_refbrent,30770190859.47630,optimal integer solution within mipgap or absmipgap,0.00210756,6.48499e+07,solve_plan_mix.slurm_14314048_7.out.gz,2026-08-04 01:41
outputs_nlv2b_plan_igp_alt_pv17_refbrent,outputs,nlv2b_plan_igp_alt_pv17_refbrent,30682897249.03268,optimal (non-)integer solution within mipgap or absmipgap,0.0023506,7.21314e+07,plan-igp2_14278556_1.out.gz,2026-07-31 23:26
outputs_nlv2b_plan_igp_alt_refbrent,outputs,nlv2b_plan_igp_alt_refbrent,27531750063.03404,optimal integer solution within mipgap or absmipgap,0.00178816,4.92518e+07,plan-igp2_14278556_0.out.gz,2026-07-31 23:21
outputs_nlv2b_plan_igp_pref_xf_hybrid_refbrent,outputs,nlv2b_plan_igp_pref_xf_hybrid_refbrent,28805248055.74089,time limit with integer solution,0.00701947,2.02198e+08,solve_plan_hybrid_igppref2.slurm_14362611_0.out.gz,2026-08-06 20:22
outputs_nlv2b_plan_igp_pref_xf_refbrent,outputs,nlv2b_plan_igp_pref_xf_refbrent,27835691651.01952,optimal integer solution within mipgap or absmipgap,0.00194401,5.41128e+07,solve_plan_xfamily.slurm_14296114_0.out.gz,2026-08-03 16:55
outputs_nlv2b_sq_lngfree_refbrent,outputs,nlv2b_sq_lngfree_refbrent,27183736919.24150,optimal (non-)integer solution within mipgap or absmipgap,0.00249991,6.79568e+07,aw1b-7_14721914_0.out,2026-09-06 09:10
outputs_nlv2b_sq_nolng_refbrent,outputs,nlv2b_sq_nolng_refbrent,31110236263.77889,optimal integer solution within mipgap or absmipgap,0.00213472,6.64117e+07,audit-wave1_14721648_3.out,2026-09-06 03:54
outputs_nlv2b_wb_C5_LNG375_refbrent,outputs,nlv2b_wb_C5_LNG375_refbrent,26327577519.12432,optimal integer solution within mipgap or absmipgap,0.00206308,5.4334e+07,aw1b-7_14721914_13.out,2026-09-06 07:43
outputs_nlv2b_wb_C5_LNG375_refbrent_adv,outputs,nlv2b_wb_C5_LNG375_refbrent_adv,25008327005.93008,optimal (non-)integer solution within mipgap or absmipgap,0.00162284,4.05845e+07,aw1b-0_14721877_0.out,2026-09-06 07:11
outputs_nlv2b_wb_C5_LNG375_refbrent_j120,outputs,nlv2b_wb_C5_LNG375_refbrent_j120,26679953161.37222,optimal integer solution within mipgap or absmipgap,0.00235925,6.29692e+07,aw1b-7_14721914_5.out,2026-09-06 07:46
outputs_nlv2b_wb_C5_LNG375_refbrent_j120_adv,outputs,nlv2b_wb_C5_LNG375_refbrent_j120_adv,25347599314.75741,optimal integer solution within mipgap or absmipgap,0.00165343,4.19228e+07,aw1b-0_14721877_4.out,2026-09-06 07:19
outputs_nlv2b_wb_C6_LNG500_futbrent,outputs,nlv2b_wb_C6_LNG500_futbrent,24976345187.17400,optimal (non-)integer solution within mipgap or absmipgap,0.00194678,4.86234e+07,aw1b-7_14721914_3.out,2026-09-06 07:48
outputs_nlv2b_wb_C6_LNG500_futbrent_adv,outputs,nlv2b_wb_C6_LNG500_futbrent_adv,23808710374.22744,optimal (non-)integer solution within mipgap or absmipgap,0.00239957,5.71306e+07,audit-wave1_14721648_8.out,2026-09-06 03:57
outputs_nlv2b_wb_C6_LNG500_futbrent_j120,outputs,nlv2b_wb_C6_LNG500_futbrent_j120,25399382603.09157,optimal (non-)integer solution within mipgap or absmipgap,0.00180886,4.59439e+07,aw1b-7_14721914_15.out,2026-09-06 07:39
outputs_nlv2b_wb_C6_LNG500_futbrent_j120_adv,outputs,nlv2b_wb_C6_LNG500_futbrent_j120_adv,24231462720.97039,optimal integer solution within mipgap or absmipgap,0.00222676,5.39576e+07,audit-wave1_14721648_31.out,2026-09-06 04:07
outputs_nlv2b_wb_C6_LNG500_highbrent,outputs,nlv2b_wb_C6_LNG500_highbrent,28594007104.09404,optimal integer solution within mipgap or absmipgap,0.00204435,5.84816e+07,aw1b-7_14721914_11.out,2026-09-06 07:52
outputs_nlv2b_wb_C6_LNG500_highbrent_adv,outputs,nlv2b_wb_C6_LNG500_highbrent_adv,27106275766.06926,optimal integer solution within mipgap or absmipgap,0.00235574,6.39523e+07,aw1b-0_14721877_14.out,2026-09-06 06:57
outputs_nlv2b_wb_C6_LNG500_highbrent_j120,outputs,nlv2b_wb_C6_LNG500_highbrent_j120,29004869344.63536,optimal integer solution within mipgap or absmipgap,0.00141774,4.1136e+07,aw1b-7_14721914_13.out,2026-09-06 07:43
outputs_nlv2b_wb_C6_LNG500_highbrent_j120_adv,outputs,nlv2b_wb_C6_LNG500_highbrent_j120_adv,27536237754.44835,optimal integer solution within mipgap or absmipgap,0.00184628,5.0884e+07,aw1b-0_14721877_5.out,2026-09-06 07:02
outputs_nlv2b_wb_C6_LNG500_lowbrent,outputs,nlv2b_wb_C6_LNG500_lowbrent,22761810624.57825,optimal (non-)integer solution within mipgap or absmipgap,0.00201407,4.58708e+07,aw1b-7_14721914_5.out,2026-09-06 07:46
outputs_nlv2b_wb_C6_LNG500_lowbrent_adv,outputs,nlv2b_wb_C6_LNG500_lowbrent_adv,21609941223.27854,optimal integer solution within mipgap or absmipgap,0.00225586,4.8749e+07,aw1b-0_14721877_8.out,2026-09-06 07:01
outputs_nlv2b_wb_C6_LNG500_lowbrent_j120,outputs,nlv2b_wb_C6_LNG500_lowbrent_j120,23186183023.97643,optimal integer solution within mipgap or absmipgap,0.00130198,3.01879e+07,aw1b-7_14721914_2.out,2026-09-06 07:39
outputs_nlv2b_wb_C6_LNG500_lowbrent_j120_adv,outputs,nlv2b_wb_C6_LNG500_lowbrent_j120_adv,22025928628.07057,optimal integer solution within mipgap or absmipgap,0.00173543,3.82245e+07,aw1b-0_14721877_3.out,2026-09-06 07:42
outputs_nlv2b_wb_C6_LNG500_refbrent,outputs,nlv2b_wb_C6_LNG500_refbrent,26607522515.86761,optimal (non-)integer solution within mipgap or absmipgap,0.00167297,4.45256e+07,aw1b-7_14721914_11.out,2026-09-06 07:52
outputs_nlv2b_wb_C6_LNG500_refbrent_adv,outputs,nlv2b_wb_C6_LNG500_refbrent_adv,25312709729.33145,optimal integer solution within mipgap or absmipgap,0.00116936,2.95997e+07,aw1b-0_14721877_13.out,2026-09-06 07:18
outputs_nlv2b_wb_C6_LNG500_refbrent_j120,outputs,nlv2b_wb_C6_LNG500_refbrent_j120,27056590016.53634,optimal integer solution within mipgap or absmipgap,0.00219882,5.94927e+07,aw1b-7_14721914_13.out,2026-09-06 07:43
outputs_nlv2b_wb_C6_LNG500_refbrent_j120_adv,outputs,nlv2b_wb_C6_LNG500_refbrent_j120_adv,25746667267.87304,optimal integer solution within mipgap or absmipgap,0.00178551,4.59858e+07,aw1b-0_14721877_15.out,2026-09-06 07:19
outputs_nlv2b_wr_C1_LSFO250_futbrent,outputs,nlv2b_wr_C1_LSFO250_futbrent,26484595034.12611,optimal (non-)integer solution within mipgap or absmipgap,0.00248099,6.57557e+07,aw1b-7_14721914_5.out,2026-09-06 07:46
outputs_nlv2b_wr_C1_LSFO250_futbrent_adv,outputs,nlv2b_wr_C1_LSFO250_futbrent_adv,25134732191.31379,optimal integer solution within mipgap or absmipgap,0.00211793,5.32336e+07,aw1b-0_14721877_0.out,2026-09-06 07:11
outputs_nlv2b_wr_C1_LSFO250_highbrent,outputs,nlv2b_wr_C1_LSFO250_highbrent,29724599457.91391,optimal integer solution within mipgap or absmipgap,0.0018494,5.49727e+07,aw1b-7_14721914_12.out,2026-09-06 07:43
outputs_nlv2b_wr_C1_LSFO250_highbrent_adv,outputs,nlv2b_wr_C1_LSFO250_highbrent_adv,28045254853.15741,optimal integer solution within mipgap or absmipgap,0.00192339,5.3942e+07,aw1b-0_14721877_10.out,2026-09-06 07:00
outputs_nlv2b_wr_C1_LSFO250_lowbrent,outputs,nlv2b_wr_C1_LSFO250_lowbrent,23489615395.06483,optimal integer solution within mipgap or absmipgap,0.00223206,5.24302e+07,aw1b-7_14721914_11.out,2026-09-06 07:52
outputs_nlv2b_wr_C1_LSFO250_lowbrent_adv,outputs,nlv2b_wr_C1_LSFO250_lowbrent_adv,22303305099.24135,optimal integer solution within mipgap or absmipgap,0.00211338,4.71354e+07,aw1b-0_14721877_4.out,2026-09-06 07:19
outputs_nlv2b_wr_C1_LSFO250_refbrent,outputs,nlv2b_wr_C1_LSFO250_refbrent,28012661975.98812,optimal integer solution within mipgap or absmipgap,0.00241811,6.77378e+07,aw1b-7_14721914_6.out,2026-09-06 07:46
outputs_nlv2b_wr_C1_LSFO250_refbrent_adv,outputs,nlv2b_wr_C1_LSFO250_refbrent_adv,26519274135.72269,optimal integer solution within mipgap or absmipgap,0.00146298,3.88134e+07,aw1b-0_14721877_12.out,2026-09-06 07:12
outputs_nlv2b_wr_C4_NOTHERMAL_futbrent,outputs,nlv2b_wr_C4_NOTHERMAL_futbrent,25956505466.17982,optimal (non-)integer solution within mipgap or absmipgap,0.00194471,5.04778e+07,aw1b-7_14721914_14.out,2026-09-06 07:41
outputs_nlv2b_wr_C4_NOTHERMAL_futbrent_adv,outputs,nlv2b_wr_C4_NOTHERMAL_futbrent_adv,24539045625.52451,optimal integer solution within mipgap or absmipgap,0.00182723,4.48626e+07,aw1b-0_14721877_14.out,2026-09-06 06:57
outputs_nlv2b_wr_C4_NOTHERMAL_highbrent,outputs,nlv2b_wr_C4_NOTHERMAL_highbrent,29131497563.53717,optimal (non-)integer solution within mipgap or absmipgap,0.00234447,6.83206e+07,aw1b-7_14721914_3.out,2026-09-06 07:48
outputs_nlv2b_wr_C4_NOTHERMAL_highbrent_adv,outputs,nlv2b_wr_C4_NOTHERMAL_highbrent_adv,27303526458.73142,optimal integer solution within mipgap or absmipgap,0.00211226,5.77178e+07,aw1b-0_14721877_5.out,2026-09-06 07:02
outputs_nlv2b_wr_C4_NOTHERMAL_lowbrent,outputs,nlv2b_wr_C4_NOTHERMAL_lowbrent,22729069922.90355,optimal (non-)integer solution within mipgap or absmipgap,0.00175437,3.99013e+07,aw1b-7_14721914_15.out,2026-09-06 07:39
outputs_nlv2b_wr_C4_NOTHERMAL_lowbrent_adv,outputs,nlv2b_wr_C4_NOTHERMAL_lowbrent_adv,21573051997.59594,optimal integer solution within mipgap or absmipgap,0.00220897,4.76542e+07,aw1c_14722819_9.out,2026-09-06 16:35
outputs_nlv2b_wr_C4_NOTHERMAL_refbrent,outputs,nlv2b_wr_C4_NOTHERMAL_refbrent,27531027949.37071,optimal integer solution within mipgap or absmipgap,0.00247695,6.82186e+07,aw1b-7_14721914_1.out,2026-09-06 07:40
outputs_nlv2b_wr_C4_NOTHERMAL_refbrent_adv,outputs,nlv2b_wr_C4_NOTHERMAL_refbrent_adv,25960864149.22555,optimal integer solution within mipgap or absmipgap,0.00246917,6.41361e+07,aw1b-0_14721877_6.out,2026-09-06 07:03
outputs_nlv2b_wr_C5_LNG375_refbrent,outputs,nlv2b_wr_C5_LNG375_refbrent,27786728438.74571,optimal (non-)integer solution within mipgap or absmipgap,0.00189185,5.258e+07,aw1b-7_14721914_7.out,2026-09-06 07:41
outputs_nlv2b_wr_C5_LNG375_refbrent_adv,outputs,nlv2b_wr_C5_LNG375_refbrent_adv,26505747121.15600,optimal integer solution within mipgap or absmipgap,0.00235754,6.24885e+07,aw1b-0_14721877_13.out,2026-09-06 07:18
outputs_nlv2b_wr_C5_LNG375_refbrent_j120,outputs,nlv2b_wr_C5_LNG375_refbrent_j120,28132809592.55837,optimal integer solution within mipgap or absmipgap,0.00192765,5.4244e+07,aw1b-7_14721914_5.out,2026-09-06 07:46
outputs_nlv2b_wr_C5_LNG375_refbrent_j120_adv,outputs,nlv2b_wr_C5_LNG375_refbrent_j120_adv,26821304095.27296,optimal integer solution within mipgap or absmipgap,0.00122107,3.27507e+07,aw1b-0_14721877_15.out,2026-09-06 07:19
outputs_nlv2b_wr_C6_LNG500_futbrent,outputs,nlv2b_wr_C6_LNG500_futbrent,26449068644.07796,optimal (non-)integer solution within mipgap or absmipgap,0.0018909,5.00125e+07,audit-wave1_14721648_10.out,2026-09-06 03:53
outputs_nlv2b_wr_C6_LNG500_futbrent_j120,outputs,nlv2b_wr_C6_LNG500_futbrent_j120,26871867500.56517,optimal (non-)integer solution within mipgap or absmipgap,0.00174366,4.68555e+07,audit-wave1_14721648_21.out,2026-09-06 04:00
outputs_nlv2b_wr_C6_LNG500_highbrent,outputs,nlv2b_wr_C6_LNG500_highbrent,30080956752.54530,optimal integer solution within mipgap or absmipgap,0.00167849,5.04905e+07,audit-wave1_14721648_17.out,2026-09-06 03:37
outputs_nlv2b_wr_C6_LNG500_highbrent_j120,outputs,nlv2b_wr_C6_LNG500_highbrent_j120,30493456111.34645,optimal (non-)integer solution within mipgap or absmipgap,0.00208045,6.34947e+07,audit-wave1_14721648_7.out,2026-09-06 04:10
outputs_nlv2b_wr_C6_LNG500_lowbrent,outputs,nlv2b_wr_C6_LNG500_lowbrent,24242414217.14010,optimal integer solution within mipgap or absmipgap,0.00105184,2.5499e+07,audit-wave1_14721648_9.out,2026-09-06 03:48
outputs_nlv2b_wr_C6_LNG500_lowbrent_j120,outputs,nlv2b_wr_C6_LNG500_lowbrent_j120,24676036094.70796,optimal integer solution within mipgap or absmipgap,0.00134517,3.31935e+07,audit-wave1_14721648_2.out,2026-09-06 03:54
outputs_nlv2b_wr_C6_LNG500_refbrent,outputs,nlv2b_wr_C6_LNG500_refbrent,28084192300.87630,optimal integer solution within mipgap or absmipgap,0.00177179,4.97772e+07,aw1b-7_14721914_6.out,2026-09-06 07:46
outputs_nlv2b_wr_C6_LNG500_refbrent_adv,outputs,nlv2b_wr_C6_LNG500_refbrent_adv,26791094822.71533,optimal (non-)integer solution within mipgap or absmipgap,0.00207842,5.57527e+07,aw1b-0_14721877_0.out,2026-09-06 07:11
outputs_nlv2b_wr_C6_LNG500_refbrent_j120,outputs,nlv2b_wr_C6_LNG500_refbrent_j120,28496575598.00803,optimal integer solution within mipgap or absmipgap,0.00162511,4.63429e+07,aw1b-7_14721914_3.out,2026-09-06 07:48
outputs_nlv2b_wr_C6_LNG500_refbrent_j120_adv,outputs,nlv2b_wr_C6_LNG500_refbrent_j120_adv,27223162671.44289,optimal (non-)integer solution within mipgap or absmipgap,0.00158615,4.32034e+07,aw1b-0_14721877_12.out,2026-09-06 07:12
outputs_nlv2s_C1_LSFO250_futbrent,outputs,nlv2s_C1_LSFO250_futbrent,24613279278.31993,optimal integer solution within mipgap or absmipgap,0.00224137,5.51674e+07,aw1b-8_14721915_10.out,2026-09-06 07:28
outputs_nlv2s_C1_LSFO250_futbrent_adv,outputs,nlv2s_C1_LSFO250_futbrent_adv,23295344840.97805,optimal integer solution within mipgap or absmipgap,0.00222459,5.18227e+07,aw1b-1_14721878_5.out,2026-09-06 06:35
outputs_nlv2s_C1_LSFO250_highbrent,outputs,nlv2s_C1_LSFO250_highbrent,27738416253.60160,optimal (non-)integer solution within mipgap or absmipgap,0.00204261,5.66772e+07,aw1b-8_14721915_12.out,2026-09-06 07:31
outputs_nlv2s_C1_LSFO250_highbrent_adv,outputs,nlv2s_C1_LSFO250_highbrent_adv,26103092078.46273,optimal (non-)integer solution within mipgap or absmipgap,0.00208964,5.45802e+07,aw1b-1_14721878_7.out,2026-09-06 06:35
outputs_nlv2s_C1_LSFO250_lowbrent,outputs,nlv2s_C1_LSFO250_lowbrent,21687632740.37172,optimal (non-)integer solution within mipgap or absmipgap,0.00247006,5.35698e+07,aw1b-8_14721915_15.out,2026-09-06 07:28
outputs_nlv2s_C1_LSFO250_lowbrent_adv,outputs,nlv2s_C1_LSFO250_lowbrent_adv,20532119525.90688,optimal (non-)integer solution within mipgap or absmipgap,0.00156196,3.20704e+07,aw1b-1_14721878_6.out,2026-09-06 06:43
outputs_nlv2s_C1_LSFO250_refbrent,outputs,nlv2s_C1_LSFO250_refbrent,26090808753.08367,optimal integer solution within mipgap or absmipgap,0.00195349,5.09682e+07,aw1b-8_14721915_13.out,2026-09-06 07:40
outputs_nlv2s_C1_LSFO250_refbrent_adv,outputs,nlv2s_C1_LSFO250_refbrent_adv,24667329396.18331,optimal integer solution within mipgap or absmipgap,0.00187707,4.63183e+07,aw1b-1_14721878_2.out,2026-09-06 06:34
outputs_nlv2s_C2_LSFO375_futbrent,outputs,nlv2s_C2_LSFO375_futbrent,25008530499.00024,optimal integer solution within mipgap or absmipgap,0.00241126,6.03022e+07,aw1b-8_14721915_14.out,2026-09-06 15:42
outputs_nlv2s_C2_LSFO375_futbrent_adv,outputs,nlv2s_C2_LSFO375_futbrent_adv,23691584378.79281,optimal integer solution within mipgap or absmipgap,0.00242601,5.75019e+07,aw1b-1_14721878_3.out,2026-09-06 06:59
outputs_nlv2s_C2_LSFO375_highbrent,outputs,nlv2s_C2_LSFO375_highbrent,28146590525.70433,optimal integer solution within mipgap or absmipgap,0.00234735,6.61044e+07,aw1b-8_14721915_11.out,2026-09-06 07:38
outputs_nlv2s_C2_LSFO375_highbrent_adv,outputs,nlv2s_C2_LSFO375_highbrent_adv,26544983529.69748,optimal integer solution within mipgap or absmipgap,0.00143975,3.8231e+07,aw1b-1_14721878_11.out,2026-09-06 06:40
outputs_nlv2s_C2_LSFO375_lowbrent,outputs,nlv2s_C2_LSFO375_lowbrent,22110915204.97536,optimal integer solution within mipgap or absmipgap,0.00231584,5.12054e+07,aw1b-8_14721915_3.out,2026-09-06 07:22
outputs_nlv2s_C2_LSFO375_lowbrent_adv,outputs,nlv2s_C2_LSFO375_lowbrent_adv,20930889065.57215,optimal integer solution within mipgap or absmipgap,0.00116091,2.4299e+07,aw1b-1_14721878_10.out,2026-09-06 09:34
outputs_nlv2s_C2_LSFO375_refbrent,outputs,nlv2s_C2_LSFO375_refbrent,26470652968.02187,optimal (non-)integer solution within mipgap or absmipgap,0.0024276,6.42602e+07,aw1b-8_14721915_4.out,2026-09-06 08:08
outputs_nlv2s_C2_LSFO375_refbrent_adv,outputs,nlv2s_C2_LSFO375_refbrent_adv,25060772890.42471,optimal integer solution within mipgap or absmipgap,0.0022988,5.76304e+07,aw1b-1_14721878_4.out,2026-09-06 06:33
outputs_nlv2s_C3_LSFO500_futbrent,outputs,nlv2s_C3_LSFO500_futbrent,25451180839.25941,optimal (non-)integer solution within mipgap or absmipgap,0.00229285,5.83559e+07,aw1b-8_14721915_7.out,2026-09-06 07:22
outputs_nlv2s_C3_LSFO500_futbrent_adv,outputs,nlv2s_C3_LSFO500_futbrent_adv,24155560849.70979,optimal integer solution within mipgap or absmipgap,0.00224962,5.43409e+07,aw1b-1_14721878_13.out,2026-09-06 06:31
outputs_nlv2s_C3_LSFO500_highbrent,outputs,nlv2s_C3_LSFO500_highbrent,28586854018.67710,optimal integer solution within mipgap or absmipgap,0.00166631,4.76345e+07,aw1b-8_14721915_0.out,2026-09-06 07:57
outputs_nlv2s_C3_LSFO500_highbrent_adv,outputs,nlv2s_C3_LSFO500_highbrent_adv,27022154121.64639,optimal integer solution within mipgap or absmipgap,0.00192453,5.20462e+07,aw1b-1_14721878_8.out,2026-09-06 06:27
outputs_nlv2s_C3_LSFO500_lowbrent,outputs,nlv2s_C3_LSFO500_lowbrent,22583538885.50210,optimal (non-)integer solution within mipgap or absmipgap,0.00228514,5.16065e+07,aw1b-8_14721915_6.out,2026-09-06 07:21
outputs_nlv2s_C3_LSFO500_lowbrent_adv,outputs,nlv2s_C3_LSFO500_lowbrent_adv,21405190865.50559,optimal integer solution within mipgap or absmipgap,0.00184696,3.95344e+07,aw1b-1_14721878_12.out,2026-09-06 06:48
outputs_nlv2s_C3_LSFO500_refbrent,outputs,nlv2s_C3_LSFO500_refbrent,26903028579.70855,optimal (non-)integer solution within mipgap or absmipgap,0.00219262,5.89882e+07,aw1b-8_14721915_2.out,2026-09-06 07:24
outputs_nlv2s_C3_LSFO500_refbrent_adv,outputs,nlv2s_C3_LSFO500_refbrent_adv,25489373445.38922,optimal integer solution within mipgap or absmipgap,0.00161125,4.10818e+07,aw1b-1_14721878_9.out,2026-09-06 06:43
outputs_nlv2s_C4_NOTHERMAL_futbrent,outputs,nlv2s_C4_NOTHERMAL_futbrent,24123987591.44516,optimal integer solution within mipgap or absmipgap,0.00232089,5.59891e+07,aw1b-8_14721915_5.out,2026-09-06 10:52
outputs_nlv2s_C4_NOTHERMAL_futbrent_adv,outputs,nlv2s_C4_NOTHERMAL_futbrent_adv,22754425151.18576,optimal integer solution within mipgap or absmipgap,0.00227685,5.18157e+07,aw1b-1_14721878_14.out,2026-09-06 06:52
outputs_nlv2s_C4_NOTHERMAL_highbrent,outputs,nlv2s_C4_NOTHERMAL_highbrent,27130909800.46191,optimal integer solution within mipgap or absmipgap,0.00239005,6.48754e+07,aw1b-8_14721915_8.out,2026-09-06 07:30
outputs_nlv2s_C4_NOTHERMAL_highbrent_adv,outputs,nlv2s_C4_NOTHERMAL_highbrent_adv,25389067029.85342,optimal (non-)integer solution within mipgap or absmipgap,0.00248552,6.31485e+07,aw1b-1_14721878_15.out,2026-09-06 06:39
outputs_nlv2s_C4_NOTHERMAL_lowbrent,outputs,nlv2s_C4_NOTHERMAL_lowbrent,20993781339.89091,optimal (non-)integer solution within mipgap or absmipgap,0.0015395,3.2329e+07,aw1b-8_14721915_9.out,2026-09-06 07:30
outputs_nlv2s_C4_NOTHERMAL_lowbrent_adv,outputs,nlv2s_C4_NOTHERMAL_lowbrent_adv,19862743645.84277,optimal integer solution within mipgap or absmipgap,0.00185693,3.68974e+07,aw1b-1_14721878_1.out,2026-09-06 06:31
outputs_nlv2s_C4_NOTHERMAL_refbrent,outputs,nlv2s_C4_NOTHERMAL_refbrent,25657978526.85086,optimal integer solution within mipgap or absmipgap,0.0024241,6.21975e+07,aw1b-8_14721915_1.out,2026-09-06 07:33
outputs_nlv2s_C4_NOTHERMAL_refbrent_adv,outputs,nlv2s_C4_NOTHERMAL_refbrent_adv,24117928297.95448,optimal integer solution within mipgap or absmipgap,0.00211843,5.10922e+07,aw1b-1_14721878_0.out,2026-09-06 06:31
outputs_nlv2s_C5_LNG375_futbrent,outputs,nlv2s_C5_LNG375_futbrent,24359371773.73313,optimal (non-)integer solution within mipgap or absmipgap,0.00223371,5.4428e+07,aw1b-8_14721915_11.out,2026-09-06 07:38
outputs_nlv2s_C5_LNG375_futbrent_adv,outputs,nlv2s_C5_LNG375_futbrent_adv,23169968003.14039,optimal integer solution within mipgap or absmipgap,0.00192392,4.45772e+07,audit-wave1_14721648_27.out,2026-09-06 04:04
outputs_nlv2s_C5_LNG375_futbrent_j120,outputs,nlv2s_C5_LNG375_futbrent_j120,24712067478.06642,optimal integer solution within mipgap or absmipgap,0.00212935,5.26206e+07,aw1b-8_14721915_8.out,2026-09-06 07:30
outputs_nlv2s_C5_LNG375_futbrent_j120_adv,outputs,nlv2s_C5_LNG375_futbrent_j120_adv,23508909300.99598,optimal integer solution within mipgap or absmipgap,0.00202698,4.76695e+07,audit-wave1_14721648_4.out,2026-09-06 03:43
outputs_nlv2s_C5_LNG375_highbrent,outputs,nlv2s_C5_LNG375_highbrent,27831016584.09643,optimal integer solution within mipgap or absmipgap,0.00245862,6.84425e+07,aw1b-8_14721915_0.out,2026-09-06 07:57
outputs_nlv2s_C5_LNG375_highbrent_adv,outputs,nlv2s_C5_LNG375_highbrent_adv,26382321416.04504,optimal integer solution within mipgap or absmipgap,0.00186653,4.92435e+07,audit-wave1_14721648_0.out,2026-09-06 05:06
outputs_nlv2s_C5_LNG375_highbrent_j120,outputs,nlv2s_C5_LNG375_highbrent_j120,28158634864.81488,optimal (non-)integer solution within mipgap or absmipgap,0.00150601,4.24072e+07,aw1b-8_14721915_12.out,2026-09-06 07:31
outputs_nlv2s_C5_LNG375_highbrent_j120_adv,outputs,nlv2s_C5_LNG375_highbrent_j120_adv,26718742233.30050,optimal integer solution within mipgap or absmipgap,0.00199333,5.32839e+07,audit-wave1_14721648_7.out,2026-09-06 04:10
outputs_nlv2s_C5_LNG375_lowbrent,outputs,nlv2s_C5_LNG375_lowbrent,22090067807.13709,optimal integer solution within mipgap or absmipgap,0.00222206,4.90855e+07,aw1b-8_14721915_9.out,2026-09-06 07:30
outputs_nlv2s_C5_LNG375_lowbrent_adv,outputs,nlv2s_C5_LNG375_lowbrent_adv,20969436288.76143,optimal integer solution within mipgap or absmipgap,0.00223195,4.68028e+07,audit-wave1_14721648_22.out,2026-09-06 03:40
outputs_nlv2s_C5_LNG375_lowbrent_j120,outputs,nlv2s_C5_LNG375_lowbrent_j120,22435607743.89319,optimal (non-)integer solution within mipgap or absmipgap,0.00219433,4.92311e+07,aw1b-8_14721915_1.out,2026-09-06 07:33
outputs_nlv2s_C5_LNG375_lowbrent_j120_adv,outputs,nlv2s_C5_LNG375_lowbrent_j120_adv,21314603579.02455,optimal integer solution within mipgap or absmipgap,0.00218433,4.65581e+07,audit-wave1_14721648_8.out,2026-09-06 03:57
outputs_nlv2s_C5_LNG375_refbrent,outputs,nlv2s_C5_LNG375_refbrent,25919824152.62486,optimal integer solution within mipgap or absmipgap,0.00213008,5.52112e+07,aw1b-8_14721915_11.out,2026-09-06 07:38
outputs_nlv2s_C5_LNG375_refbrent_adv,outputs,nlv2s_C5_LNG375_refbrent_adv,24649424682.46803,optimal integer solution within mipgap or absmipgap,0.00203701,5.02111e+07,audit-wave1_14721648_24.out,2026-09-06 03:50
outputs_nlv2s_C5_LNG375_refbrent_j120,outputs,nlv2s_C5_LNG375_refbrent_j120,26262696200.01374,optimal integer solution within mipgap or absmipgap,0.00200501,5.26569e+07,audit-wave1_14721648_4.out,2026-09-06 03:43
outputs_nlv2s_C5_LNG375_refbrent_j120_adv,outputs,nlv2s_C5_LNG375_refbrent_j120_adv,24976812433.37483,optimal (non-)integer solution within mipgap or absmipgap,0.00124719,3.11508e+07,audit-wave1_14721648_17.out,2026-09-06 03:37
outputs_nlv2s_C6_STATUSQUO_futbrent,outputs,nlv2s_C6_STATUSQUO_futbrent,26077305938.51597,optimal (non-)integer solution within mipgap or absmipgap,0.00180469,4.70616e+07,aw1b-8_14721915_0.out,2026-09-06 07:57
outputs_nlv2s_C6_STATUSQUO_futbrent_adv,outputs,nlv2s_C6_STATUSQUO_futbrent_adv,24939397169.17667,optimal (non-)integer solution within mipgap or absmipgap,0.00164046,4.09121e+07,aw1b-1_14721878_9.out,2026-09-06 06:43
outputs_nlv2s_C6_STATUSQUO_futbrent_j120,outputs,nlv2s_C6_STATUSQUO_futbrent_j120,26501142923.65981,optimal (non-)integer solution within mipgap or absmipgap,0.00169496,4.49183e+07,aw1b-8_14721915_4.out,2026-09-06 08:08
outputs_nlv2s_C6_STATUSQUO_futbrent_j120_adv,outputs,nlv2s_C6_STATUSQUO_futbrent_j120_adv,25353404869.37202,optimal (non-)integer solution within mipgap or absmipgap,0.00167532,4.24967e+07,aw1b-1_14721878_14.out,2026-09-06 06:52
outputs_nlv2s_C6_STATUSQUO_highbrent,outputs,nlv2s_C6_STATUSQUO_highbrent,29602918039.45577,optimal integer solution within mipgap or absmipgap,0.0014726,4.36043e+07,aw1b-8_14721915_13.out,2026-09-06 07:40
outputs_nlv2s_C6_STATUSQUO_highbrent_adv,outputs,nlv2s_C6_STATUSQUO_highbrent_adv,28220716477.32397,optimal integer solution within mipgap or absmipgap,0.00169078,4.7715e+07,aw1b-1_14721878_4.out,2026-09-06 06:33
outputs_nlv2s_C6_STATUSQUO_highbrent_j120,outputs,nlv2s_C6_STATUSQUO_highbrent_j120,30037340283.17132,optimal (non-)integer solution within mipgap or absmipgap,0.00206258,6.19903e+07,aw1b-8_14721915_14.out,2026-09-06 15:42
outputs_nlv2s_C6_STATUSQUO_highbrent_j120_adv,outputs,nlv2s_C6_STATUSQUO_highbrent_j120_adv,28646641517.95705,optimal integer solution within mipgap or absmipgap,0.00166564,4.7715e+07,aw1b-1_14721878_2.out,2026-09-06 06:34
outputs_nlv2s_C6_STATUSQUO_lowbrent,outputs,nlv2s_C6_STATUSQUO_lowbrent,23931873443.97454,optimal integer solution within mipgap or absmipgap,0.00123383,2.9528e+07,aw1b-8_14721915_5.out,2026-09-06 10:52
outputs_nlv2s_C6_STATUSQUO_lowbrent_adv,outputs,nlv2s_C6_STATUSQUO_lowbrent_adv,22784438217.25092,optimal integer solution within mipgap or absmipgap,0.00220674,5.03132e+07,aw1b-1_14721878_11.out,2026-09-06 06:40
outputs_nlv2s_C6_STATUSQUO_lowbrent_j120,outputs,nlv2s_C6_STATUSQUO_lowbrent_j120,24356152268.73552,optimal integer solution within mipgap or absmipgap,0.00114027,2.77727e+07,aw1b-8_14721915_2.out,2026-09-06 07:24
outputs_nlv2s_C6_STATUSQUO_lowbrent_j120_adv,outputs,nlv2s_C6_STATUSQUO_lowbrent_j120_adv,23199636201.48626,optimal integer solution within mipgap or absmipgap,0.00100242,2.32558e+07,aw1b-1_14721878_3.out,2026-09-06 06:59
outputs_nlv2s_C6_STATUSQUO_refbrent,outputs,nlv2s_C6_STATUSQUO_refbrent,27671423352.92155,optimal (non-)integer solution within mipgap or absmipgap,0.00198104,5.48637e+07,aw1b-8_14721915_10.out,2026-09-06 07:28
outputs_nlv2s_C6_STATUSQUO_refbrent_adv,outputs,nlv2s_C6_STATUSQUO_refbrent_adv,26453119620.84501,optimal (non-)integer solution within mipgap or absmipgap,0.00158028,4.18033e+07,aw1b-1_14721878_15.out,2026-09-06 06:39
outputs_nlv2s_C6_STATUSQUO_refbrent_j120,outputs,nlv2s_C6_STATUSQUO_refbrent_j120,28116063583.24563,optimal (non-)integer solution within mipgap or absmipgap,0.001768,4.97092e+07,aw1b-8_14721915_12.out,2026-09-06 07:31
outputs_nlv2s_C6_STATUSQUO_refbrent_j120_adv,outputs,nlv2s_C6_STATUSQUO_refbrent_j120_adv,26863131373.03054,optimal integer solution within mipgap or absmipgap,0.00116212,3.12243e+07,aw1b-1_14721878_8.out,2026-09-06 06:27
outputs_nlv2s_be_pv15_C1_LSFO250_refbrent,outputs,nlv2s_be_pv15_C1_LSFO250_refbrent,27977196137.12843,optimal integer solution within mipgap or absmipgap,0.00196722,5.50374e+07,aw1b-8_14721915_15.out,2026-09-06 07:28
outputs_nlv2s_be_pv15_C1_LSFO250_refbrent_adv,outputs,nlv2s_be_pv15_C1_LSFO250_refbrent_adv,26377662061.85143,optimal integer solution within mipgap or absmipgap,0.00177069,4.67067e+07,aw1b-1_14721878_7.out,2026-09-06 06:35
outputs_nlv2s_be_pv15_C4_NOTHERMAL_futbrent,outputs,nlv2s_be_pv15_C4_NOTHERMAL_futbrent,25881170557.37489,optimal integer solution within mipgap or absmipgap,0.00241084,6.23955e+07,aw1b-8_14721915_13.out,2026-09-06 07:40
outputs_nlv2s_be_pv15_C4_NOTHERMAL_highbrent,outputs,nlv2s_be_pv15_C4_NOTHERMAL_highbrent,29631989328.75540,optimal integer solution within mipgap or absmipgap,0.00236384,7.00452e+07,aw1b-8_14721915_3.out,2026-09-06 07:22
outputs_nlv2s_be_pv15_C4_NOTHERMAL_lowbrent,outputs,nlv2s_be_pv15_C4_NOTHERMAL_lowbrent,22415341687.97658,optimal (non-)integer solution within mipgap or absmipgap,0.00135955,3.04793e+07,aw1b-8_14721915_14.out,2026-09-06 15:42
outputs_nlv2s_be_pv15_C4_NOTHERMAL_refbrent,outputs,nlv2s_be_pv15_C4_NOTHERMAL_refbrent,27666161535.02480,optimal integer solution within mipgap or absmipgap,0.00232134,6.42226e+07,aw1b-8_14721915_8.out,2026-09-06 07:30
outputs_nlv2s_be_pv15_C4_NOTHERMAL_refbrent_adv,outputs,nlv2s_be_pv15_C4_NOTHERMAL_refbrent_adv,25971518250.26377,optimal integer solution within mipgap or absmipgap,0.00234045,6.0785e+07,aw1b-1_14721878_1.out,2026-09-06 06:31
outputs_nlv2s_be_pv15_C6_STATUSQUO_futbrent,outputs,nlv2s_be_pv15_C6_STATUSQUO_futbrent,27570316204.43601,optimal integer solution within mipgap or absmipgap,0.00119925,3.30638e+07,aw1b-8_14721915_10.out,2026-09-06 07:28
outputs_nlv2s_be_pv15_C6_STATUSQUO_highbrent,outputs,nlv2s_be_pv15_C6_STATUSQUO_highbrent,31584533179.41724,optimal integer solution within mipgap or absmipgap,0.00249317,7.87456e+07,aw1b-8_14721915_14.out,2026-09-06 15:42
outputs_nlv2s_be_pv15_C6_STATUSQUO_lowbrent,outputs,nlv2s_be_pv15_C6_STATUSQUO_lowbrent,25324506384.53215,optimal integer solution within mipgap or absmipgap,0.00191247,4.84728e+07,aw1b-8_14721915_11.out,2026-09-06 07:38
outputs_nlv2s_be_pv15_C6_STATUSQUO_refbrent,outputs,nlv2s_be_pv15_C6_STATUSQUO_refbrent,29314951066.89066,optimal integer solution within mipgap or absmipgap,0.00188663,5.53063e+07,aw1b-8_14721915_9.out,2026-09-06 07:30
outputs_nlv2s_be_pv15_lngconv_heco_futbrent,outputs,nlv2s_be_pv15_lngconv_heco_futbrent,24474131575.81715,optimal integer solution within mipgap or absmipgap,0.00198739,4.86396e+07,aw1b-8_14721915_4.out,2026-09-06 08:08
outputs_nlv2s_be_pv15_lngconv_heco_highbrent,outputs,nlv2s_be_pv15_lngconv_heco_highbrent,28748652110.42673,optimal integer solution within mipgap or absmipgap,0.00234241,6.73411e+07,aw1b-8_14721915_1.out,2026-09-06 07:33
outputs_nlv2s_be_pv15_lngconv_heco_lowbrent,outputs,nlv2s_be_pv15_lngconv_heco_lowbrent,22087575694.00772,optimal integer solution within mipgap or absmipgap,0.00211335,4.66788e+07,aw1b-8_14721915_5.out,2026-09-06 10:52
outputs_nlv2s_be_pv15_lngconv_heco_refbrent,outputs,nlv2s_be_pv15_lngconv_heco_refbrent,26417511166.88247,optimal integer solution within mipgap or absmipgap,0.00213779,5.6475e+07,aw1b-8_14721915_0.out,2026-09-06 07:57
outputs_nlv2s_be_pv15_wb_C6_LNG500_futbrent,outputs,nlv2s_be_pv15_wb_C6_LNG500_futbrent,26105355652.81028,optimal (non-)integer solution within mipgap or absmipgap,0.00171284,4.47144e+07,audit-wave1_14721648_14.out,2026-09-06 04:09
outputs_nlv2s_be_pv15_wb_C6_LNG500_highbrent,outputs,nlv2s_be_pv15_wb_C6_LNG500_highbrent,30089315209.77629,optimal integer solution within mipgap or absmipgap,0.00217031,6.53033e+07,audit-wave1_14721648_20.out,2026-09-06 03:38
outputs_nlv2s_be_pv15_wb_C6_LNG500_lowbrent,outputs,nlv2s_be_pv15_wb_C6_LNG500_lowbrent,23844357937.93193,optimal (non-)integer solution within mipgap or absmipgap,0.00249894,5.96715e+07,audit-wave1_14721648_11.out,2026-09-06 03:42
outputs_nlv2s_be_pv15_wb_C6_LNG500_refbrent,outputs,nlv2s_be_pv15_wb_C6_LNG500_refbrent,27844142218.07103,optimal integer solution within mipgap or absmipgap,0.00207098,5.76647e+07,audit-wave1_14721648_31.out,2026-09-06 04:07
outputs_nlv2s_be_pv15_wb_C6_LNG500_refbrent_j120,outputs,nlv2s_be_pv15_wb_C6_LNG500_refbrent_j120,28247820735.11134,optimal (non-)integer solution within mipgap or absmipgap,0.00212299,6.00195e+07,audit-wave1_14721648_18.out,2026-09-06 04:23
outputs_nlv2s_be_pv17_C1_LSFO250_refbrent,outputs,nlv2s_be_pv17_C1_LSFO250_refbrent,28592126577.51048,optimal integer solution within mipgap or absmipgap,0.00240645,6.88055e+07,aw1b-8_14721915_2.out,2026-09-06 07:24
outputs_nlv2s_be_pv17_C1_LSFO250_refbrent_adv,outputs,nlv2s_be_pv17_C1_LSFO250_refbrent_adv,26937313969.40223,optimal integer solution within mipgap or absmipgap,0.00220207,5.93539e+07,aw1b-1_14721878_4.out,2026-09-06 06:33
outputs_nlv2s_be_pv17_C4_NOTHERMAL_futbrent,outputs,nlv2s_be_pv17_C4_NOTHERMAL_futbrent,26407746287.43452,optimal integer solution within mipgap or absmipgap,0.00182997,4.83384e+07,aw1b-8_14721915_12.out,2026-09-06 07:31
outputs_nlv2s_be_pv17_C4_NOTHERMAL_highbrent,outputs,nlv2s_be_pv17_C4_NOTHERMAL_highbrent,30477624176.00713,optimal integer solution within mipgap or absmipgap,0.0024336,7.41705e+07,aw1b-8_14721915_11.out,2026-09-06 07:38
outputs_nlv2s_be_pv17_C4_NOTHERMAL_lowbrent,outputs,nlv2s_be_pv17_C4_NOTHERMAL_lowbrent,22864024490.30066,optimal (non-)integer solution within mipgap or absmipgap,0.00131727,3.0122e+07,aw1b-8_14721915_8.out,2026-09-06 07:30
outputs_nlv2s_be_pv17_C4_NOTHERMAL_refbrent,outputs,nlv2s_be_pv17_C4_NOTHERMAL_refbrent,28353854964.13795,optimal integer solution within mipgap or absmipgap,0.00242968,6.88907e+07,aw1b-8_14721915_10.out,2026-09-06 07:28
outputs_nlv2s_be_pv17_C4_NOTHERMAL_refbrent_adv,outputs,nlv2s_be_pv17_C4_NOTHERMAL_refbrent_adv,26557532328.68314,optimal integer solution within mipgap or absmipgap,0.00147266,3.91103e+07,aw1b-1_14721878_2.out,2026-09-06 06:34
outputs_nlv2s_be_pv17_C6_STATUSQUO_futbrent,outputs,nlv2s_be_pv17_C6_STATUSQUO_futbrent,28049564886.87560,optimal (non-)integer solution within mipgap or absmipgap,0.00154621,4.33705e+07,aw1b-8_14721915_13.out,2026-09-06 07:40
outputs_nlv2s_be_pv17_C6_STATUSQUO_highbrent,outputs,nlv2s_be_pv17_C6_STATUSQUO_highbrent,32205681639.76266,optimal (non-)integer solution within mipgap or absmipgap,0.00210257,6.77344e+07,aw1b-8_14721915_12.out,2026-09-06 07:31
outputs_nlv2s_be_pv17_C6_STATUSQUO_lowbrent,outputs,nlv2s_be_pv17_C6_STATUSQUO_lowbrent,25784341014.02161,optimal integer solution within mipgap or absmipgap,0.00190451,4.91065e+07,aw1c_14722819_8.out,2026-09-06 16:52
outputs_nlv2s_be_pv17_C6_STATUSQUO_refbrent,outputs,nlv2s_be_pv17_C6_STATUSQUO_refbrent,29857237830.29758,optimal integer solution within mipgap or absmipgap,0.00181946,5.43242e+07,aw1b-8_14721915_4.out,2026-09-06 08:08
outputs_nlv2s_be_pv17_lngconv_heco_futbrent,outputs,nlv2s_be_pv17_lngconv_heco_futbrent,24943002538.99624,optimal (non-)integer solution within mipgap or absmipgap,0.00139564,3.4817e+07,aw1b-8_14721915_15.out,2026-09-06 07:28
outputs_nlv2s_be_pv17_lngconv_heco_highbrent,outputs,nlv2s_be_pv17_lngconv_heco_highbrent,29487827626.63932,optimal integer solution within mipgap or absmipgap,0.0022625,6.67161e+07,aw1b-8_14721915_7.out,2026-09-06 07:22
outputs_nlv2s_be_pv17_lngconv_heco_lowbrent,outputs,nlv2s_be_pv17_lngconv_heco_lowbrent,22528288426.15662,optimal (non-)integer solution within mipgap or absmipgap,0.00183279,4.12895e+07,aw1b-8_14721915_8.out,2026-09-06 07:30
outputs_nlv2s_be_pv17_lngconv_heco_refbrent,outputs,nlv2s_be_pv17_lngconv_heco_refbrent,27012237902.62020,optimal integer solution within mipgap or absmipgap,0.00184865,4.99361e+07,aw1b-8_14721915_6.out,2026-09-06 07:21
outputs_nlv2s_be_pv17_wb_C6_LNG500_futbrent,outputs,nlv2s_be_pv17_wb_C6_LNG500_futbrent,26572798564.67393,optimal integer solution within mipgap or absmipgap,0.00228482,6.0756e+07,audit-wave1_14721648_5.out,2026-09-06 04:14
outputs_nlv2s_be_pv17_wb_C6_LNG500_highbrent,outputs,nlv2s_be_pv17_wb_C6_LNG500_highbrent,30740277970.10210,optimal integer solution within mipgap or absmipgap,0.00241081,7.41089e+07,audit-wave1_14721648_0.out,2026-09-06 05:06
outputs_nlv2s_be_pv17_wb_C6_LNG500_lowbrent,outputs,nlv2s_be_pv17_wb_C6_LNG500_lowbrent,24309057197.57402,optimal (non-)integer solution within mipgap or absmipgap,0.00213368,5.18678e+07,audit-wave1_14721648_7.out,2026-09-06 04:10
outputs_nlv2s_be_pv17_wb_C6_LNG500_refbrent,outputs,nlv2s_be_pv17_wb_C6_LNG500_refbrent,28359724619.89902,optimal (non-)integer solution within mipgap or absmipgap,0.00237712,6.75077e+07,audit-wave1_14721648_24.out,2026-09-06 03:50
outputs_nlv2s_be_pv17_wb_C6_LNG500_refbrent_j120,outputs,nlv2s_be_pv17_wb_C6_LNG500_refbrent_j120,28819378248.18256,optimal integer solution within mipgap or absmipgap,0.00211704,6.10118e+07,audit-wave1_14721648_1.out,2026-09-06 03:57
outputs_nlv2s_egs_high_lng_forced_refbrent,outputs,nlv2s_egs_high_lng_forced_refbrent,26529427153.59106,optimal (non-)integer solution within mipgap or absmipgap,0.00201766,5.35584e+07,aw1b-8_14721915_12.out,2026-09-06 07:31
outputs_nlv2s_egs_high_lng_forced_refbrent_adv,outputs,nlv2s_egs_high_lng_forced_refbrent_adv,25117076442.63669,optimal integer solution within mipgap or absmipgap,0.00193474,4.85949e+07,aw1b-1_14721878_14.out,2026-09-06 06:52
outputs_nlv2s_egs_high_lng_forced_refbrent_j120_adv,outputs,nlv2s_egs_high_lng_forced_refbrent_j120_adv,25545185784.59046,optimal integer solution within mipgap or absmipgap,0.00245686,6.279e+07,aw1b-1_14721878_13.out,2026-09-06 06:31
outputs_nlv2s_egs_high_no_lng_futbrent_adv,outputs,nlv2s_egs_high_no_lng_futbrent_adv,22935076789.72487,optimal integer solution within mipgap or absmipgap,0.00245502,5.63062e+07,aw1b-1_14721878_8.out,2026-09-06 06:27
outputs_nlv2s_egs_high_no_lng_highbrent_adv,outputs,nlv2s_egs_high_no_lng_highbrent_adv,25774161758.51347,optimal integer solution within mipgap or absmipgap,0.00131308,3.38436e+07,aw1b-1_14721878_5.out,2026-09-06 06:35
outputs_nlv2s_egs_high_no_lng_lowbrent_adv,outputs,nlv2s_egs_high_no_lng_lowbrent_adv,19883174300.68917,optimal integer solution within mipgap or absmipgap,0.00179851,3.57754e+07,aw1b-1_14721878_0.out,2026-09-06 06:31
outputs_nlv2s_egs_high_no_lng_refbrent_adv,outputs,nlv2s_egs_high_no_lng_refbrent_adv,24458536449.71916,optimal integer solution within mipgap or absmipgap,0.00236122,5.77521e+07,aw1b-1_14721878_15.out,2026-09-06 06:39
outputs_nlv2s_egs_low_lng_forced_refbrent,outputs,nlv2s_egs_low_lng_forced_refbrent,25912790639.30733,optimal integer solution within mipgap or absmipgap,0.00234633,6.07999e+07,aw1b-8_14721915_5.out,2026-09-06 10:52
outputs_nlv2s_egs_low_lng_forced_refbrent_adv,outputs,nlv2s_egs_low_lng_forced_refbrent_adv,24655272619.33273,optimal integer solution within mipgap or absmipgap,0.00205338,5.06401e+07,aw1b-1_14721878_11.out,2026-09-06 06:40
outputs_nlv2s_egs_low_lng_forced_refbrent_j120,outputs,nlv2s_egs_low_lng_forced_refbrent_j120,26336943168.42301,optimal integer solution within mipgap or absmipgap,0.00223437,5.88465e+07,aw1b-8_14721915_2.out,2026-09-06 07:24
outputs_nlv2s_egs_low_lng_forced_refbrent_j120_adv,outputs,nlv2s_egs_low_lng_forced_refbrent_j120_adv,25076965053.00157,optimal integer solution within mipgap or absmipgap,0.0015894,3.98572e+07,aw1b-1_14721878_9.out,2026-09-06 06:43
outputs_nlv2s_egs_low_no_lng_futbrent_adv,outputs,nlv2s_egs_low_no_lng_futbrent_adv,22442430542.81877,optimal integer solution within mipgap or absmipgap,0.00226134,5.07499e+07,aw1b-1_14721878_1.out,2026-09-06 06:31
outputs_nlv2s_egs_low_no_lng_highbrent,outputs,nlv2s_egs_low_no_lng_highbrent,26815886034.44462,optimal integer solution within mipgap or absmipgap,0.00231061,6.19881e+07,aw1b-8_14721915_11.out,2026-09-06 07:38
outputs_nlv2s_egs_low_no_lng_highbrent_adv,outputs,nlv2s_egs_low_no_lng_highbrent_adv,25083070985.86212,optimal integer solution within mipgap or absmipgap,0.00243266,6.10424e+07,aw1b-1_14721878_7.out,2026-09-06 06:35
outputs_nlv2s_egs_low_no_lng_lowbrent_adv,outputs,nlv2s_egs_low_no_lng_lowbrent_adv,19580884397.70776,optimal (non-)integer solution within mipgap or absmipgap,0.00202459,3.96434e+07,aw1b-1_14721878_4.out,2026-09-06 06:33
outputs_nlv2s_egs_low_no_lng_refbrent,outputs,nlv2s_egs_low_no_lng_refbrent,25344352613.77182,optimal integer solution within mipgap or absmipgap,0.00249917,6.33399e+07,aw1b-8_14721915_1.out,2026-09-06 07:33
outputs_nlv2s_egs_low_no_lng_refbrent_adv,outputs,nlv2s_egs_low_no_lng_refbrent_adv,23798880721.74471,optimal integer solution within mipgap or absmipgap,0.00249824,5.94893e+07,aw1b-1_14721878_2.out,2026-09-06 06:34
outputs_nlv2s_egs_none_lng_forced_refbrent,outputs,nlv2s_egs_none_lng_forced_refbrent,26552931730.34312,optimal integer solution within mipgap or absmipgap,0.00203723,5.40945e+07,aw1b-8_14721915_9.out,2026-09-06 07:30
outputs_nlv2s_egs_none_lng_forced_refbrent_adv,outputs,nlv2s_egs_none_lng_forced_refbrent_adv,25128653899.30604,optimal integer solution within mipgap or absmipgap,0.00239523,6.0189e+07,aw1b-1_14721878_12.out,2026-09-06 06:48
outputs_nlv2s_egs_none_lng_forced_refbrent_j120,outputs,nlv2s_egs_none_lng_forced_refbrent_j120,26984391521.87384,optimal integer solution within mipgap or absmipgap,0.00221257,5.97048e+07,aw1b-8_14721915_3.out,2026-09-06 07:22
outputs_nlv2s_egs_none_lng_forced_refbrent_j120_adv,outputs,nlv2s_egs_none_lng_forced_refbrent_j120_adv,25550949836.84087,optimal integer solution within mipgap or absmipgap,0.00221361,5.65599e+07,aw1b-1_14721878_13.out,2026-09-06 06:31
outputs_nlv2s_egs_none_no_lng_refbrent,outputs,nlv2s_egs_none_no_lng_refbrent,26191758893.99912,optimal integer solution within mipgap or absmipgap,0.00139875,3.66358e+07,aw1b-8_14721915_15.out,2026-09-06 07:28
outputs_nlv2s_egs_none_no_lng_refbrent_adv,outputs,nlv2s_egs_none_no_lng_refbrent_adv,24442024459.93771,optimal integer solution within mipgap or absmipgap,0.00168501,4.1185e+07,aw1b-1_14721878_11.out,2026-09-06 06:40
outputs_nlv2s_egs_ref_lng_forced_refbrent,outputs,nlv2s_egs_ref_lng_forced_refbrent,26230147010.43701,optimal integer solution within mipgap or absmipgap,0.00247138,6.48247e+07,aw1b-8_14721915_12.out,2026-09-06 07:31
outputs_nlv2s_egs_ref_lng_forced_refbrent_adv,outputs,nlv2s_egs_ref_lng_forced_refbrent_adv,24964424376.38603,optimal integer solution within mipgap or absmipgap,0.00159541,3.98284e+07,aw1b-1_14721878_9.out,2026-09-06 06:43
outputs_nlv2s_egs_ref_lng_forced_refbrent_j120,outputs,nlv2s_egs_ref_lng_forced_refbrent_j120,26625214486.01163,optimal (non-)integer solution within mipgap or absmipgap,0.00198538,5.28974e+07,aw1b-8_14721915_11.out,2026-09-06 07:38
outputs_nlv2s_egs_ref_lng_forced_refbrent_j120_adv,outputs,nlv2s_egs_ref_lng_forced_refbrent_j120_adv,25388071107.37632,optimal integer solution within mipgap or absmipgap,0.00148856,3.77917e+07,aw1b-1_14721878_0.out,2026-09-06 06:31
outputs_nlv2s_egs_ref_no_lng_refbrent,outputs,nlv2s_egs_ref_no_lng_refbrent,25650188763.98140,optimal integer solution within mipgap or absmipgap,0.00216463,5.55231e+07,aw1b-8_14721915_13.out,2026-09-06 07:40
outputs_nlv2s_egs_ref_no_lng_refbrent_adv,outputs,nlv2s_egs_ref_no_lng_refbrent_adv,24107462764.60360,optimal integer solution within mipgap or absmipgap,0.00172077,4.14834e+07,aw1b-1_14721878_14.out,2026-09-06 06:52
outputs_nlv2s_lc_C1_LSFO250_futbrent,outputs,nlv2s_lc_C1_LSFO250_futbrent,25025804275.84817,optimal integer solution within mipgap or absmipgap,0.00241047,6.03238e+07,aw1b-5_14721912_13.out,2026-09-06 05:44
outputs_nlv2s_lc_C1_LSFO250_futbrent_adv,outputs,nlv2s_lc_C1_LSFO250_futbrent_adv,23740420665.82739,optimal integer solution within mipgap or absmipgap,0.00221543,5.25952e+07,aw1b-3_14721910_10.out,2026-09-06 05:39
outputs_nlv2s_lc_C1_LSFO250_highbrent,outputs,nlv2s_lc_C1_LSFO250_highbrent,28128522305.87727,optimal integer solution within mipgap or absmipgap,0.00223795,6.29504e+07,aw1b-5_14721912_10.out,2026-09-06 05:50
outputs_nlv2s_lc_C1_LSFO250_highbrent_adv,outputs,nlv2s_lc_C1_LSFO250_highbrent_adv,26522258301.07265,optimal integer solution within mipgap or absmipgap,0.00149189,3.95683e+07,aw1b-3_14721910_11.out,2026-09-06 06:01
outputs_nlv2s_lc_C1_LSFO250_lowbrent,outputs,nlv2s_lc_C1_LSFO250_lowbrent,22100341399.35120,optimal (non-)integer solution within mipgap or absmipgap,0.00241496,5.33714e+07,aw1b-5_14721912_11.out,2026-09-06 05:43
outputs_nlv2s_lc_C1_LSFO250_lowbrent_adv,outputs,nlv2s_lc_C1_LSFO250_lowbrent_adv,20975989081.08458,optimal integer solution within mipgap or absmipgap,0.00167179,3.50675e+07,aw1b-3_14721910_3.out,2026-09-06 06:06
outputs_nlv2s_lc_C1_LSFO250_refbrent,outputs,nlv2s_lc_C1_LSFO250_refbrent,26491233591.94816,optimal integer solution within mipgap or absmipgap,0.00194787,5.16016e+07,aw1b-5_14721912_15.out,2026-09-06 05:55
outputs_nlv2s_lc_C1_LSFO250_refbrent_adv,outputs,nlv2s_lc_C1_LSFO250_refbrent_adv,25107887134.69444,optimal integer solution within mipgap or absmipgap,0.00181036,4.54544e+07,aw1b-3_14721910_2.out,2026-09-06 05:42
outputs_nlv2s_lc_C2_LSFO375_futbrent,outputs,nlv2s_lc_C2_LSFO375_futbrent,25392273847.34776,optimal integer solution within mipgap or absmipgap,0.00141984,3.6053e+07,aw1b-5_14721912_12.out,2026-09-06 05:39
outputs_nlv2s_lc_C2_LSFO375_futbrent_adv,outputs,nlv2s_lc_C2_LSFO375_futbrent_adv,24144932737.74501,optimal integer solution within mipgap or absmipgap,0.00225904,5.45444e+07,aw1b-3_14721910_4.out,2026-09-06 05:35
outputs_nlv2s_lc_C2_LSFO375_highbrent,outputs,nlv2s_lc_C2_LSFO375_highbrent,28537068238.35971,optimal integer solution within mipgap or absmipgap,0.00203723,5.81367e+07,aw1b-5_14721912_14.out,2026-09-06 05:46
outputs_nlv2s_lc_C2_LSFO375_highbrent_adv,outputs,nlv2s_lc_C2_LSFO375_highbrent_adv,26972215526.86872,optimal integer solution within mipgap or absmipgap,0.00185018,4.99323e+07,aw1b-3_14721910_5.out,2026-09-06 05:32
outputs_nlv2s_lc_C2_LSFO375_lowbrent,outputs,nlv2s_lc_C2_LSFO375_lowbrent,22519488176.96560,optimal (non-)integer solution within mipgap or absmipgap,0.00213857,4.81596e+07,aw1b-5_14721912_5.out,2026-09-06 06:14
outputs_nlv2s_lc_C2_LSFO375_lowbrent_adv,outputs,nlv2s_lc_C2_LSFO375_lowbrent_adv,21392683471.25877,optimal integer solution within mipgap or absmipgap,0.00211056,4.51506e+07,aw1b-3_14721910_8.out,2026-09-06 05:57
outputs_nlv2s_lc_C2_LSFO375_refbrent,outputs,nlv2s_lc_C2_LSFO375_refbrent,26866105354.30682,optimal integer solution within mipgap or absmipgap,0.00216257,5.80999e+07,aw1b-5_14721912_3.out,2026-09-06 06:15
outputs_nlv2s_lc_C2_LSFO375_refbrent_adv,outputs,nlv2s_lc_C2_LSFO375_refbrent_adv,25486513642.79823,optimal integer solution within mipgap or absmipgap,0.00179299,4.5713e+07,aw1b-3_14721910_9.out,2026-09-06 05:51
outputs_nlv2s_lc_C3_LSFO500_futbrent,outputs,nlv2s_lc_C3_LSFO500_futbrent,25854548111.93742,optimal integer solution within mipgap or absmipgap,0.00216102,5.58722e+07,aw1b-5_14721912_2.out,2026-09-06 05:59
outputs_nlv2s_lc_C3_LSFO500_futbrent_adv,outputs,nlv2s_lc_C3_LSFO500_futbrent_adv,24585257694.82447,optimal integer solution within mipgap or absmipgap,0.00189129,4.65087e+07,aw1b-3_14721910_6.out,2026-09-06 05:46
outputs_nlv2s_lc_C3_LSFO500_highbrent,outputs,nlv2s_lc_C3_LSFO500_highbrent,28988107390.23667,optimal integer solution within mipgap or absmipgap,0.00216019,6.26199e+07,aw1b-5_14721912_4.out,2026-09-06 05:42
outputs_nlv2s_lc_C3_LSFO500_highbrent_adv,outputs,nlv2s_lc_C3_LSFO500_highbrent_adv,27464748156.88404,optimal integer solution within mipgap or absmipgap,0.00241768,6.64409e+07,aw1b-3_14721910_7.out,2026-09-06 05:49
outputs_nlv2s_lc_C3_LSFO500_lowbrent,outputs,nlv2s_lc_C3_LSFO500_lowbrent,22994879116.79502,optimal (non-)integer solution within mipgap or absmipgap,0.0022366,5.14305e+07,aw1b-5_14721912_1.out,2026-09-06 05:54
outputs_nlv2s_lc_C3_LSFO500_lowbrent_adv,outputs,nlv2s_lc_C3_LSFO500_lowbrent_adv,21846263809.12372,optimal integer solution within mipgap or absmipgap,0.00196041,4.28276e+07,aw1b-3_14721910_1.out,2026-09-06 05:44
outputs_nlv2s_lc_C3_LSFO500_refbrent,outputs,nlv2s_lc_C3_LSFO500_refbrent,27304584819.87506,optimal integer solution within mipgap or absmipgap,0.00213521,5.83011e+07,aw1b-5_14721912_0.out,2026-09-06 05:39
outputs_nlv2s_lc_C3_LSFO500_refbrent_adv,outputs,nlv2s_lc_C3_LSFO500_refbrent_adv,25921961696.88976,optimal (non-)integer solution within mipgap or absmipgap,0.00148237,3.84406e+07,aw1b-3_14721910_0.out,2026-09-06 15:42
outputs_nlv2s_lc_C4_NOTHERMAL_futbrent,outputs,nlv2s_lc_C4_NOTHERMAL_futbrent,24529240356.01091,optimal integer solution within mipgap or absmipgap,0.00243325,5.96858e+07,aw1b-5_14721912_7.out,2026-09-06 05:46
outputs_nlv2s_lc_C4_NOTHERMAL_futbrent_adv,outputs,nlv2s_lc_C4_NOTHERMAL_futbrent_adv,23194554280.73089,optimal integer solution within mipgap or absmipgap,0.00221939,5.14777e+07,aw1b-3_14721910_14.out,2026-09-06 05:36
outputs_nlv2s_lc_C4_NOTHERMAL_highbrent,outputs,nlv2s_lc_C4_NOTHERMAL_highbrent,27495304816.39871,optimal integer solution within mipgap or absmipgap,0.0019588,5.38577e+07,aw1b-5_14721912_6.out,2026-09-06 06:28
outputs_nlv2s_lc_C4_NOTHERMAL_highbrent_adv,outputs,nlv2s_lc_C4_NOTHERMAL_highbrent_adv,25795663393.01124,optimal integer solution within mipgap or absmipgap,0.00208174,5.36997e+07,aw1b-3_14721910_15.out,2026-09-06 05:32
outputs_nlv2s_lc_C4_NOTHERMAL_lowbrent,outputs,nlv2s_lc_C4_NOTHERMAL_lowbrent,21423511611.52022,optimal (non-)integer solution within mipgap or absmipgap,0.00204914,4.38998e+07,aw1b-5_14721912_9.out,2026-09-06 05:54
outputs_nlv2s_lc_C4_NOTHERMAL_lowbrent_adv,outputs,nlv2s_lc_C4_NOTHERMAL_lowbrent_adv,20304038967.81242,optimal (non-)integer solution within mipgap or absmipgap,0.0016748,3.40122e+07,aw1b-3_14721910_13.out,2026-09-06 15:42
outputs_nlv2s_lc_C4_NOTHERMAL_refbrent,outputs,nlv2s_lc_C4_NOTHERMAL_refbrent,26020627698.57076,optimal (non-)integer solution within mipgap or absmipgap,0.00192822,5.01867e+07,aw1b-5_14721912_8.out,2026-09-06 15:42
outputs_nlv2s_lc_C4_NOTHERMAL_refbrent_adv,outputs,nlv2s_lc_C4_NOTHERMAL_refbrent_adv,24537343892.42806,optimal integer solution within mipgap or absmipgap,0.00218326,5.35714e+07,aw1b-3_14721910_12.out,2026-09-06 05:32
outputs_nlv2s_lc_C5_LNG375_futbrent,outputs,nlv2s_lc_C5_LNG375_futbrent,24763596861.09981,optimal (non-)integer solution within mipgap or absmipgap,0.0022705,5.62418e+07,aw1b-5_14721912_15.out,2026-09-06 05:55
outputs_nlv2s_lc_C5_LNG375_futbrent_adv,outputs,nlv2s_lc_C5_LNG375_futbrent_adv,23610171847.46716,optimal integer solution within mipgap or absmipgap,0.00176102,4.15781e+07,audit-wave1_14721648_27.out,2026-09-06 04:04
outputs_nlv2s_lc_C5_LNG375_futbrent_j120,outputs,nlv2s_lc_C5_LNG375_futbrent_j120,25105291871.99422,optimal integer solution within mipgap or absmipgap,0.00204352,5.13154e+07,aw1b-5_14721912_6.out,2026-09-06 06:28
outputs_nlv2s_lc_C5_LNG375_futbrent_j120_adv,outputs,nlv2s_lc_C5_LNG375_futbrent_j120_adv,23960459443.73769,optimal integer solution within mipgap or absmipgap,0.00193905,4.64606e+07,audit-wave1_14721648_19.out,2026-09-06 03:41
outputs_nlv2s_lc_C5_LNG375_highbrent,outputs,nlv2s_lc_C5_LNG375_highbrent,28205725493.39838,optimal integer solution within mipgap or absmipgap,0.00173985,4.90737e+07,aw1b-5_14721912_14.out,2026-09-06 05:46
outputs_nlv2s_lc_C5_LNG375_highbrent_adv,outputs,nlv2s_lc_C5_LNG375_highbrent_adv,26806932718.19753,optimal integer solution within mipgap or absmipgap,0.00193895,5.19772e+07,audit-wave1_14721648_10.out,2026-09-06 03:53
outputs_nlv2s_lc_C5_LNG375_highbrent_j120,outputs,nlv2s_lc_C5_LNG375_highbrent_j120,28546100972.12403,optimal (non-)integer solution within mipgap or absmipgap,0.00196113,5.60055e+07,aw1b-5_14721912_8.out,2026-09-06 15:42
outputs_nlv2s_lc_C5_LNG375_highbrent_j120_adv,outputs,nlv2s_lc_C5_LNG375_highbrent_j120_adv,27155249224.37423,optimal integer solution within mipgap or absmipgap,0.00202129,5.48887e+07,audit-wave1_14721648_13.out,2026-09-06 03:39
outputs_nlv2s_lc_C5_LNG375_lowbrent,outputs,nlv2s_lc_C5_LNG375_lowbrent,22504806175.26558,optimal (non-)integer solution within mipgap or absmipgap,0.00245633,5.52793e+07,aw1b-5_14721912_10.out,2026-09-06 05:50
outputs_nlv2s_lc_C5_LNG375_lowbrent_j120,outputs,nlv2s_lc_C5_LNG375_lowbrent_j120,22838966829.01859,optimal integer solution within mipgap or absmipgap,0.0019279,4.40313e+07,aw1b-5_14721912_15.out,2026-09-06 05:55
outputs_nlv2s_lc_C5_LNG375_lowbrent_j120_adv,outputs,nlv2s_lc_C5_LNG375_lowbrent_j120_adv,21753520429.42468,optimal integer solution within mipgap or absmipgap,0.00210492,4.57894e+07,audit-wave1_14721648_9.out,2026-09-06 03:48
outputs_nlv2s_lc_C5_LNG375_refbrent,outputs,nlv2s_lc_C5_LNG375_refbrent,26304463025.81735,optimal (non-)integer solution within mipgap or absmipgap,0.00214284,5.63838e+07,audit-wave1_14721648_28.out,2026-09-06 03:50
outputs_nlv2s_lc_C5_LNG375_refbrent_adv,outputs,nlv2s_lc_C5_LNG375_refbrent_adv,25070492548.73057,optimal (non-)integer solution within mipgap or absmipgap,0.0016386,4.10804e+07,audit-wave1_14721648_18.out,2026-09-06 04:23
outputs_nlv2s_lc_C5_LNG375_refbrent_j120,outputs,nlv2s_lc_C5_LNG375_refbrent_j120,26649127996.43568,optimal (non-)integer solution within mipgap or absmipgap,0.00222375,5.92873e+07,audit-wave1_14721648_5.out,2026-09-06 04:14
outputs_nlv2s_lc_C5_LNG375_refbrent_j120_adv,outputs,nlv2s_lc_C5_LNG375_refbrent_j120_adv,25430668709.88499,optimal integer solution within mipgap or absmipgap,0.00218632,5.55996e+07,audit-wave1_14721648_2.out,2026-09-06 03:54
outputs_nlv2s_lc_C6_STATUSQUO_futbrent,outputs,nlv2s_lc_C6_STATUSQUO_futbrent,26459318363.28870,optimal (non-)integer solution within mipgap or absmipgap,0.00243266,6.44464e+07,aw1b-5_14721912_13.out,2026-09-06 05:44
outputs_nlv2s_lc_C6_STATUSQUO_futbrent_adv,outputs,nlv2s_lc_C6_STATUSQUO_futbrent_adv,25391833489.21177,optimal integer solution within mipgap or absmipgap,0.00214069,5.4356e+07,aw1b-3_14721910_7.out,2026-09-06 05:49
outputs_nlv2s_lc_C6_STATUSQUO_futbrent_j120,outputs,nlv2s_lc_C6_STATUSQUO_futbrent_j120,26893962141.93438,optimal (non-)integer solution within mipgap or absmipgap,0.00239089,6.43577e+07,aw1b-5_14721912_14.out,2026-09-06 05:46
outputs_nlv2s_lc_C6_STATUSQUO_futbrent_j120_adv,outputs,nlv2s_lc_C6_STATUSQUO_futbrent_j120_adv,25803025553.51157,optimal integer solution within mipgap or absmipgap,0.0015354,3.96179e+07,aw1b-3_14721910_9.out,2026-09-06 05:51
outputs_nlv2s_lc_C6_STATUSQUO_highbrent,outputs,nlv2s_lc_C6_STATUSQUO_highbrent,30007100763.61673,optimal integer solution within mipgap or absmipgap,0.0016841,5.0535e+07,aw1b-5_14721912_11.out,2026-09-06 05:43
outputs_nlv2s_lc_C6_STATUSQUO_highbrent_adv,outputs,nlv2s_lc_C6_STATUSQUO_highbrent_adv,28641923403.36893,optimal integer solution within mipgap or absmipgap,0.00154064,4.41268e+07,aw1b-3_14721910_6.out,2026-09-06 05:46
outputs_nlv2s_lc_C6_STATUSQUO_highbrent_j120,outputs,nlv2s_lc_C6_STATUSQUO_highbrent_j120,30417788540.20806,optimal integer solution within mipgap or absmipgap,0.00140388,4.27133e+07,aw1b-5_14721912_13.out,2026-09-06 05:44
outputs_nlv2s_lc_C6_STATUSQUO_highbrent_j120_adv,outputs,nlv2s_lc_C6_STATUSQUO_highbrent_j120_adv,29067844573.90467,optimal integer solution within mipgap or absmipgap,0.00151793,4.41229e+07,aw1b-3_14721910_5.out,2026-09-06 05:32
outputs_nlv2s_lc_C6_STATUSQUO_lowbrent,outputs,nlv2s_lc_C6_STATUSQUO_lowbrent,24345684558.40165,optimal (non-)integer solution within mipgap or absmipgap,0.00152213,3.70573e+07,aw1c_14722819_5.out,2026-09-06 16:26
outputs_nlv2s_lc_C6_STATUSQUO_lowbrent_adv,outputs,nlv2s_lc_C6_STATUSQUO_lowbrent_adv,23214646173.51597,optimal integer solution within mipgap or absmipgap,0.00118606,2.75339e+07,aw1b-3_14721910_11.out,2026-09-06 06:01
outputs_nlv2s_lc_C6_STATUSQUO_lowbrent_j120,outputs,nlv2s_lc_C6_STATUSQUO_lowbrent_j120,24767864763.40850,optimal (non-)integer solution within mipgap or absmipgap,0.00134708,3.33644e+07,aw1b-5_14721912_3.out,2026-09-06 06:15
outputs_nlv2s_lc_C6_STATUSQUO_lowbrent_j120_adv,outputs,nlv2s_lc_C6_STATUSQUO_lowbrent_j120_adv,23633490555.23381,optimal integer solution within mipgap or absmipgap,0.000889229,2.10156e+07,aw1c_14722819_6.out,2026-09-06 16:14
outputs_nlv2s_lc_C6_STATUSQUO_refbrent,outputs,nlv2s_lc_C6_STATUSQUO_refbrent,28072667018.44666,optimal (non-)integer solution within mipgap or absmipgap,0.00202685,5.6929e+07,aw1b-5_14721912_14.out,2026-09-06 05:46
outputs_nlv2s_lc_C6_STATUSQUO_refbrent_adv,outputs,nlv2s_lc_C6_STATUSQUO_refbrent_adv,26895212542.59115,optimal (non-)integer solution within mipgap or absmipgap,0.00198252,5.33203e+07,aw1b-3_14721910_2.out,2026-09-06 05:42
outputs_nlv2s_lc_C6_STATUSQUO_refbrent_j120,outputs,nlv2s_lc_C6_STATUSQUO_refbrent_j120,28503370467.82684,optimal (non-)integer solution within mipgap or absmipgap,0.00162008,4.61776e+07,aw1b-5_14721912_6.out,2026-09-06 06:28
outputs_nlv2s_lc_C6_STATUSQUO_refbrent_j120_adv,outputs,nlv2s_lc_C6_STATUSQUO_refbrent_j120_adv,27327698378.00969,optimal (non-)integer solution within mipgap or absmipgap,0.00219122,5.9881e+07,aw1b-3_14721910_6.out,2026-09-06 05:46
outputs_nlv2s_lngconv_heco_futbrent,outputs,nlv2s_lngconv_heco_futbrent,22941545549.71878,optimal integer solution within mipgap or absmipgap,0.0020235,4.6434e+07,aw1b-8_14721915_0.out,2026-09-06 07:57
outputs_nlv2s_lngconv_heco_highbrent,outputs,nlv2s_lngconv_heco_highbrent,26658804256.28745,optimal integer solution within mipgap or absmipgap,0.00231159,6.16242e+07,aw1b-8_14721915_10.out,2026-09-06 07:28
outputs_nlv2s_lngconv_heco_lowbrent,outputs,nlv2s_lngconv_heco_lowbrent,20643486608.03328,optimal integer solution within mipgap or absmipgap,0.00132966,2.74546e+07,aw1b-8_14721915_4.out,2026-09-06 08:08
outputs_nlv2s_lngconv_heco_refbrent,outputs,nlv2s_lngconv_heco_refbrent,24622145000.25523,optimal integer solution within mipgap or absmipgap,0.00243014,5.98353e+07,aw1b-8_14721915_6.out,2026-09-06 07:21
outputs_nlv2s_lngconv_noplant_refbrent,outputs,nlv2s_lngconv_noplant_refbrent,25248566585.18631,optimal integer solution within mipgap or absmipgap,0.00177828,4.4899e+07,aw1b-8_14721915_1.out,2026-09-06 07:33
outputs_nlv2s_lngconv_opt_refbrent,outputs,nlv2s_lngconv_opt_refbrent,25252536634.83920,optimal integer solution within mipgap or absmipgap,0.00193709,4.89164e+07,aw1b-8_14721915_8.out,2026-09-06 07:30
outputs_nlv2s_lngconv_wjera_refbrent,outputs,nlv2s_lngconv_wjera_refbrent,25778602658.11499,optimal integer solution within mipgap or absmipgap,0.00241883,6.2354e+07,aw1b-8_14721915_11.out,2026-09-06 07:38
outputs_nlv2s_norps_LNG500_refbrent,outputs,nlv2s_norps_LNG500_refbrent,25473982853.40618,optimal integer solution within mipgap or absmipgap,0.00242128,6.16796e+07,audit-wave1_14721648_23.out,2026-09-06 04:58
outputs_nlv2s_norps_LNG500_refbrent_j120,outputs,nlv2s_norps_LNG500_refbrent_j120,25983187928.04856,optimal integer solution within mipgap or absmipgap,0.001774,4.60943e+07,aw1b-8_14721915_0.out,2026-09-06 07:57
outputs_nlv2s_norps_LNGOPT_refbrent,outputs,nlv2s_norps_LNGOPT_refbrent,25302816056.51749,optimal integer solution within mipgap or absmipgap,0.00249553,6.31441e+07,aw1b-8_14721915_5.out,2026-09-06 10:52
outputs_nlv2s_norps_NOTHERMAL_refbrent,outputs,nlv2s_norps_NOTHERMAL_refbrent,25408286392.64510,optimal integer solution within mipgap or absmipgap,0.00234331,5.95395e+07,aw1b-8_14721915_7.out,2026-09-06 07:22
outputs_nlv2s_plan_hseo_lng_firmfloor_refbrent,outputs,nlv2s_plan_hseo_lng_firmfloor_refbrent,26567258478.05344,optimal integer solution within mipgap or absmipgap,0.0021641,5.74941e+07,solve_plan_firmfloor.slurm_14349380_11.out.gz,2026-08-04 03:35
outputs_nlv2s_plan_hseo_lng_hybrid_refbrent,outputs,nlv2s_plan_hseo_lng_hybrid_refbrent,28067403900.16648,optimal integer solution within mipgap or absmipgap,0.00249995,7.0167e+07,solve_plan_hybrid_lngfix.slurm_14354655_2.out.gz,2026-08-04 13:02
outputs_nlv2s_plan_hseo_lng_mix_refbrent,outputs,nlv2s_plan_hseo_lng_mix_refbrent,32492343145.35713,optimal integer solution within mipgap or absmipgap,0.00194457,6.31836e+07,solve_plan_mix.slurm_14314048_1.out.gz,2026-08-04 03:06
outputs_nlv2s_plan_hseo_lng_pv15_firmfloor_refbrent,outputs,nlv2s_plan_hseo_lng_pv15_firmfloor_refbrent,28009311820.99216,optimal integer solution within mipgap or absmipgap,0.00249307,6.98293e+07,solve_plan_firmfloor.slurm_14349380_10.out.gz,2026-08-04 03:12
outputs_nlv2s_plan_hseo_lng_pv15_hybrid_refbrent,outputs,nlv2s_plan_hseo_lng_pv15_hybrid_refbrent,29129070620.97555,optimal integer solution within mipgap or absmipgap,0.00248087,7.22655e+07,solve_plan_hybrid_lngfix.slurm_14354655_1.out.gz,2026-08-04 10:50
outputs_nlv2s_plan_hseo_lng_pv15_mix_refbrent,outputs,nlv2s_plan_hseo_lng_pv15_mix_refbrent,33554715598.81901,optimal integer solution within mipgap or absmipgap,0.00223135,7.48722e+07,solve_plan_mix.slurm_14314048_5.out.gz,2026-08-03 21:29
outputs_nlv2s_plan_hseo_lng_pv15_refbrent,outputs,nlv2s_plan_hseo_lng_pv15_refbrent,28298649534.22999,optimal integer solution within mipgap or absmipgap,0.00213625,6.04773e+07,plan-pv15_14284575_4.out.gz,2026-08-01 14:41
outputs_nlv2s_plan_hseo_lng_pv17_hybrid_refbrent,outputs,nlv2s_plan_hseo_lng_pv17_hybrid_refbrent,29498052780.14331,optimal integer solution within mipgap or absmipgap,0.00203427,6.0007e+07,solve_plan_hybrid_lngfix.slurm_14354655_0.out.gz,2026-08-04 10:52
outputs_nlv2s_plan_hseo_lng_pv17_mix_refbrent,outputs,nlv2s_plan_hseo_lng_pv17_mix_refbrent,33910697134.51184,optimal integer solution within mipgap or absmipgap,0.00141793,4.80831e+07,solve_plan_mix.slurm_14314048_2.out.gz,2026-08-03 20:25
outputs_nlv2s_plan_hseo_lng_pv17_refbrent,outputs,nlv2s_plan_hseo_lng_pv17_refbrent,28901047662.64845,optimal integer solution within mipgap or absmipgap,0.00240529,6.95155e+07,plan-repair_14277527_5.out.gz,2026-07-31 23:22
outputs_nlv2s_plan_hseo_lng_refbrent,outputs,nlv2s_plan_hseo_lng_refbrent,26729326663.04144,optimal integer solution within mipgap or absmipgap,0.002268,6.06407e+07,plan-repair_14277527_2.out.gz,2026-07-31 22:50
outputs_nlv2s_plan_hseo_oil_hybrid_refbrent,outputs,nlv2s_plan_hseo_oil_hybrid_refbrent,28799583519.74194,optimal integer solution within mipgap or absmipgap,0.00236601,6.814e+07,solve_plan_hybrid.slurm_14352361_5.out.gz,2026-08-04 08:03
outputs_nlv2s_plan_hseo_oil_pv15_hybrid_refbrent,outputs,nlv2s_plan_hseo_oil_pv15_hybrid_refbrent,29894769179.39984,optimal integer solution within mipgap or absmipgap,0.00176504,5.27654e+07,solve_plan_hybrid.slurm_14352361_0.out.gz,2026-08-04 13:05
outputs_nlv2s_plan_hseo_oil_pv15_refbrent,outputs,nlv2s_plan_hseo_oil_pv15_refbrent,28444240081.74864,optimal integer solution within mipgap or absmipgap,0.00225316,6.40895e+07,plan-pv15_14284575_3.out.gz,2026-08-01 19:25
outputs_nlv2s_plan_hseo_oil_pv17_hybrid_refbrent,outputs,nlv2s_plan_hseo_oil_pv17_hybrid_refbrent,30318954926.19342,optimal integer solution within mipgap or absmipgap,0.00240483,7.29121e+07,solve_plan_hybrid.slurm_14352361_2.out.gz,2026-08-04 08:38
outputs_nlv2s_plan_hseo_oil_pv17_refbrent,outputs,nlv2s_plan_hseo_oil_pv17_refbrent,28949273448.80475,optimal integer solution within mipgap or absmipgap,0.00243966,7.06264e+07,plan-repair_14277527_4.out.gz,2026-07-31 23:21
outputs_nlv2s_plan_hseo_oil_refbrent,outputs,nlv2s_plan_hseo_oil_refbrent,27035337911.69672,optimal integer solution within mipgap or absmipgap,0.00172106,4.65294e+07,plan-repair_14277527_3.out.gz,2026-08-01 00:26
outputs_nlv2s_wb_C5_LNG375_refbrent,outputs,nlv2s_wb_C5_LNG375_refbrent,25921093741.78251,optimal integer solution within mipgap or absmipgap,0.00238226,6.17605e+07,audit-wave1_14721648_17.out,2026-09-06 03:37
outputs_nlv2s_wb_C5_LNG375_refbrent_adv,outputs,nlv2s_wb_C5_LNG375_refbrent_adv,24641438080.08897,optimal integer solution within mipgap or absmipgap,0.0022231,5.48077e+07,audit-wave1_14721648_10.out,2026-09-06 03:53
outputs_nlv2s_wb_C5_LNG375_refbrent_j120,outputs,nlv2s_wb_C5_LNG375_refbrent_j120,26271742595.73341,optimal integer solution within mipgap or absmipgap,0.00234133,6.15108e+07,audit-wave1_14721648_29.out,2026-09-06 04:07
outputs_nlv2s_wb_C5_LNG375_refbrent_j120_adv,outputs,nlv2s_wb_C5_LNG375_refbrent_j120_adv,24995478205.36344,optimal integer solution within mipgap or absmipgap,0.00204685,5.1162e+07,audit-wave1_14721648_16.out,2026-09-06 03:36
outputs_nlv2s_wb_C6_LNG500_futbrent,outputs,nlv2s_wb_C6_LNG500_futbrent,24610595560.15848,optimal (non-)integer solution within mipgap or absmipgap,0.00224456,5.524e+07,aw1b-8_14721915_2.out,2026-09-06 07:24
outputs_nlv2s_wb_C6_LNG500_futbrent_adv,outputs,nlv2s_wb_C6_LNG500_futbrent_adv,23468225121.56707,optimal integer solution within mipgap or absmipgap,0.00243238,5.71084e+07,audit-wave1_14721648_13.out,2026-09-06 03:39
outputs_nlv2s_wb_C6_LNG500_futbrent_j120,outputs,nlv2s_wb_C6_LNG500_futbrent_j120,25044053816.13247,optimal integer solution within mipgap or absmipgap,0.00249967,6.26018e+07,aw1b-8_14721915_4.out,2026-09-06 08:08
outputs_nlv2s_wb_C6_LNG500_futbrent_j120_adv,outputs,nlv2s_wb_C6_LNG500_futbrent_j120_adv,23883573008.61964,optimal (non-)integer solution within mipgap or absmipgap,0.0019573,4.67676e+07,audit-wave1_14721648_22.out,2026-09-06 03:40
outputs_nlv2s_wb_C6_LNG500_highbrent,outputs,nlv2s_wb_C6_LNG500_highbrent,28123620313.23368,optimal integer solution within mipgap or absmipgap,0.00222127,6.2522e+07,aw1b-8_14721915_3.out,2026-09-06 07:22
outputs_nlv2s_wb_C6_LNG500_highbrent_adv,outputs,nlv2s_wb_C6_LNG500_highbrent_adv,26736717669.25900,optimal (non-)integer solution within mipgap or absmipgap,0.00205299,5.48901e+07,audit-wave1_14721648_8.out,2026-09-06 03:57
outputs_nlv2s_wb_C6_LNG500_highbrent_j120,outputs,nlv2s_wb_C6_LNG500_highbrent_j120,28534907872.90166,optimal integer solution within mipgap or absmipgap,0.00121813,3.47715e+07,aw1b-8_14721915_13.out,2026-09-06 07:40
outputs_nlv2s_wb_C6_LNG500_highbrent_j120_adv,outputs,nlv2s_wb_C6_LNG500_highbrent_j120_adv,27162642709.89208,optimal (non-)integer solution within mipgap or absmipgap,0.0020208,5.48901e+07,audit-wave1_14721648_6.out,2026-09-06 04:27
outputs_nlv2s_wb_C6_LNG500_lowbrent,outputs,nlv2s_wb_C6_LNG500_lowbrent,22451356287.74577,optimal integer solution within mipgap or absmipgap,0.00169566,3.80699e+07,aw1b-8_14721915_10.out,2026-09-06 07:28
outputs_nlv2s_wb_C6_LNG500_lowbrent_adv,outputs,nlv2s_wb_C6_LNG500_lowbrent_adv,21317899797.08999,optimal integer solution within mipgap or absmipgap,0.00201551,4.29663e+07,audit-wave1_14721648_27.out,2026-09-06 04:04
outputs_nlv2s_wb_C6_LNG500_lowbrent_j120,outputs,nlv2s_wb_C6_LNG500_lowbrent_j120,22870210639.05327,optimal integer solution within mipgap or absmipgap,0.00135428,3.09728e+07,aw1b-8_14721915_12.out,2026-09-06 07:31
outputs_nlv2s_wb_C6_LNG500_lowbrent_j120_adv,outputs,nlv2s_wb_C6_LNG500_lowbrent_j120_adv,21743061379.97093,optimal integer solution within mipgap or absmipgap,0.00194634,4.23194e+07,audit-wave1_14721648_21.out,2026-09-06 04:00
outputs_nlv2s_wb_C6_LNG500_refbrent,outputs,nlv2s_wb_C6_LNG500_refbrent,26197461940.36978,optimal integer solution within mipgap or absmipgap,0.00154297,4.04338e+07,audit-wave1_14721648_19.out,2026-09-06 03:41
outputs_nlv2s_wb_C6_LNG500_refbrent_adv,outputs,nlv2s_wb_C6_LNG500_refbrent_adv,24945683321.62907,optimal (non-)integer solution within mipgap or absmipgap,0.00118069,2.94629e+07,audit-wave1_14721648_11.out,2026-09-06 03:42
outputs_nlv2s_wb_C6_LNG500_refbrent_j120,outputs,nlv2s_wb_C6_LNG500_refbrent_j120,26654227504.95995,optimal integer solution within mipgap or absmipgap,0.00235339,6.27279e+07,audit-wave1_14721648_18.out,2026-09-06 04:23
outputs_nlv2s_wb_C6_LNG500_refbrent_j120_adv,outputs,nlv2s_wb_C6_LNG500_refbrent_j120_adv,25389781559.75798,optimal integer solution within mipgap or absmipgap,0.00220002,5.58945e+07,audit-wave1_14721648_4.out,2026-09-06 03:43
outputs_nlv2s_wr_C1_LSFO250_futbrent,outputs,nlv2s_wr_C1_LSFO250_futbrent,26069695943.27332,optimal integer solution within mipgap or absmipgap,0.00190932,4.97754e+07,aw1b-8_14721915_9.out,2026-09-06 07:30
outputs_nlv2s_wr_C1_LSFO250_futbrent_adv,outputs,nlv2s_wr_C1_LSFO250_futbrent_adv,24753673163.68916,optimal integer solution within mipgap or absmipgap,0.00249455,6.17932e+07,aw1b-1_14721878_1.out,2026-09-06 06:31
outputs_nlv2s_wr_C1_LSFO250_highbrent,outputs,nlv2s_wr_C1_LSFO250_highbrent,29238886309.67006,optimal integer solution within mipgap or absmipgap,0.00218541,6.38988e+07,aw1b-8_14721915_15.out,2026-09-06 07:28
outputs_nlv2s_wr_C1_LSFO250_highbrent_adv,outputs,nlv2s_wr_C1_LSFO250_highbrent_adv,27620174535.68091,optimal (non-)integer solution within mipgap or absmipgap,0.00249452,6.89409e+07,aw1b-1_14721878_7.out,2026-09-06 06:35
outputs_nlv2s_wr_C1_LSFO250_lowbrent,outputs,nlv2s_wr_C1_LSFO250_lowbrent,23142857376.62594,optimal integer solution within mipgap or absmipgap,0.00191048,4.42141e+07,aw1b-8_14721915_13.out,2026-09-06 07:40
outputs_nlv2s_wr_C1_LSFO250_lowbrent_adv,outputs,nlv2s_wr_C1_LSFO250_lowbrent_adv,22003970934.27840,optimal integer solution within mipgap or absmipgap,0.00227688,5.01004e+07,aw1b-1_14721878_3.out,2026-09-06 06:59
outputs_nlv2s_wr_C1_LSFO250_refbrent,outputs,nlv2s_wr_C1_LSFO250_refbrent,27542207479.42067,optimal integer solution within mipgap or absmipgap,0.00217855,6.00021e+07,aw1b-8_14721915_11.out,2026-09-06 07:38
outputs_nlv2s_wr_C1_LSFO250_refbrent_adv,outputs,nlv2s_wr_C1_LSFO250_refbrent_adv,26125488545.21785,optimal integer solution within mipgap or absmipgap,0.00187658,4.90508e+07,aw1b-1_14721878_5.out,2026-09-06 06:35
outputs_nlv2s_wr_C4_NOTHERMAL_futbrent,outputs,nlv2s_wr_C4_NOTHERMAL_futbrent,25492331298.39637,optimal (non-)integer solution within mipgap or absmipgap,0.00133655,3.4077e+07,aw1b-8_14721915_3.out,2026-09-06 07:22
outputs_nlv2s_wr_C4_NOTHERMAL_futbrent_adv,outputs,nlv2s_wr_C4_NOTHERMAL_futbrent_adv,24163877321.27801,optimal integer solution within mipgap or absmipgap,0.00239266,5.78426e+07,aw1b-1_14721878_15.out,2026-09-06 06:39
outputs_nlv2s_wr_C4_NOTHERMAL_highbrent,outputs,nlv2s_wr_C4_NOTHERMAL_highbrent,28599612163.54302,optimal integer solution within mipgap or absmipgap,0.00116232,3.32419e+07,aw1b-8_14721915_11.out,2026-09-06 07:38
outputs_nlv2s_wr_C4_NOTHERMAL_highbrent_adv,outputs,nlv2s_wr_C4_NOTHERMAL_highbrent_adv,26879835982.28837,optimal (non-)integer solution within mipgap or absmipgap,0.00223003,5.99757e+07,aw1b-1_14721878_6.out,2026-09-06 06:43
outputs_nlv2s_wr_C4_NOTHERMAL_lowbrent,outputs,nlv2s_wr_C4_NOTHERMAL_lowbrent,22379405079.34881,optimal integer solution within mipgap or absmipgap,0.00205268,4.59767e+07,aw1b-8_14721915_1.out,2026-09-06 07:33
outputs_nlv2s_wr_C4_NOTHERMAL_lowbrent_adv,outputs,nlv2s_wr_C4_NOTHERMAL_lowbrent_adv,21230913157.63686,optimal (non-)integer solution within mipgap or absmipgap,0.00230172,4.89289e+07,aw1b-1_14721878_12.out,2026-09-06 06:48
outputs_nlv2s_wr_C4_NOTHERMAL_refbrent,outputs,nlv2s_wr_C4_NOTHERMAL_refbrent,27038483221.08422,optimal integer solution within mipgap or absmipgap,0.00222238,6.0118e+07,aw1b-8_14721915_8.out,2026-09-06 07:30
outputs_nlv2s_wr_C4_NOTHERMAL_refbrent_adv,outputs,nlv2s_wr_C4_NOTHERMAL_refbrent_adv,25530711591.91665,optimal (non-)integer solution within mipgap or absmipgap,0.00161201,4.11651e+07,aw1b-1_14721878_9.out,2026-09-06 06:43
outputs_nlv2s_wr_C5_LNG375_refbrent,outputs,nlv2s_wr_C5_LNG375_refbrent,27380477966.22518,optimal (non-)integer solution within mipgap or absmipgap,0.00236993,6.49107e+07,audit-wave1_14721648_24.out,2026-09-06 03:50
outputs_nlv2s_wr_C5_LNG375_refbrent_adv,outputs,nlv2s_wr_C5_LNG375_refbrent_adv,26133416718.29218,optimal integer solution within mipgap or absmipgap,0.00228817,5.97978e+07,audit-wave1_14721648_28.out,2026-09-06 03:50
outputs_nlv2s_wr_C5_LNG375_refbrent_j120,outputs,nlv2s_wr_C5_LNG375_refbrent_j120,27728080389.90065,optimal integer solution within mipgap or absmipgap,0.00199289,5.52589e+07,audit-wave1_14721648_5.out,2026-09-06 04:14
outputs_nlv2s_wr_C5_LNG375_refbrent_j120_adv,outputs,nlv2s_wr_C5_LNG375_refbrent_j120_adv,26479592756.22047,optimal integer solution within mipgap or absmipgap,0.00228738,6.05688e+07,audit-wave1_14721648_2.out,2026-09-06 03:54
outputs_nlv2s_wr_C6_LNG500_refbrent,outputs,nlv2s_wr_C6_LNG500_refbrent,27669617716.64128,optimal (non-)integer solution within mipgap or absmipgap,0.00145224,4.01976e+07,audit-wave1_14721648_10.out,2026-09-06 03:53
outputs_nlv2s_wr_C6_LNG500_refbrent_adv,outputs,nlv2s_wr_C6_LNG500_refbrent_adv,26458498443.39237,optimal integer solution within mipgap or absmipgap,0.00178378,4.7196e+07,audit-wave1_14721648_8.out,2026-09-06 03:57
outputs_nlv2s_wr_C6_LNG500_refbrent_j120,outputs,nlv2s_wr_C6_LNG500_refbrent_j120,28124945260.36378,optimal (non-)integer solution within mipgap or absmipgap,0.00207746,5.84285e+07,audit-wave1_14721648_6.out,2026-09-06 04:27
outputs_nlv2s_wr_C6_LNG500_refbrent_j120_adv,outputs,nlv2s_wr_C6_LNG500_refbrent_j120_adv,26865983021.06157,optimal (non-)integer solution within mipgap or absmipgap,0.00119824,3.21961e+07,audit-wave1_14721648_3.out,2026-09-06 03:54
outputs_norps_LNG500_refbrent,outputs,norps_LNG500_refbrent,26286432868.94405,optimal (non-)integer solution within mipgap or absmipgap,0.00244758,6.43381e+07,corr-norps_14075386_0.out.gz,2026-07-21 08:48
outputs_norps_LNG500_refbrent_j120,outputs,norps_LNG500_refbrent_j120,26821629196.96806,optimal (non-)integer solution within mipgap or absmipgap,0.00200464,5.37677e+07,corr-norps_14075386_1.out.gz,2026-07-21 09:26
outputs_norps_LNGOPT_refbrent,outputs,norps_LNGOPT_refbrent,26130439814.96059,optimal (non-)integer solution within mipgap or absmipgap,0.00232089,6.06458e+07,corr-norps_14075386_3.out.gz,2026-07-21 10:27
outputs_norps_NOTHERMAL_refbrent,outputs,norps_NOTHERMAL_refbrent,26425262818.70936,optimal integer solution within mipgap or absmipgap,0.00205167,5.42159e+07,corr-norps_14075386_2.out.gz,2026-07-21 08:50
outputs_p0015bak_C1_LSFO250_lowbrent_adv,legacy,p0015bak_C1_LSFO250_lowbrent_adv,25989059728.13057,optimal integer solution within mipgap or absmipgap,0.00148193,3.8514e+07,corr-percell_14105367_0.out.gz,2026-07-23 03:44
outputs_p0015bak_C4_NOTHERMAL_highbrent,legacy,p0015bak_C4_NOTHERMAL_highbrent,27192285731.87894,optimal integer solution within mipgap or absmipgap,0.0014606,3.9717e+07,corr-percell_14105367_1.out.gz,2026-07-23 03:06
outputs_p0015bak_C4_NOTHERMAL_highbrent_adv,legacy,p0015bak_C4_NOTHERMAL_highbrent_adv,26411119733.29243,optimal integer solution within mipgap or absmipgap,0.00149057,3.93675e+07,corr-percell_14105367_2.out.gz,2026-07-23 03:27
outputs_p0015bak_C4_NOTHERMAL_lowbrent,legacy,p0015bak_C4_NOTHERMAL_lowbrent,26311534343.09665,optimal integer solution within mipgap or absmipgap,0.00146836,3.86348e+07,corr-percell_14105367_3.out.gz,2026-07-23 03:26
outputs_p0015bak_C4_NOTHERMAL_refbrent,legacy,p0015bak_C4_NOTHERMAL_refbrent,26697258848.47705,optimal integer solution within mipgap or absmipgap,0.00142706,3.80987e+07,corr-percell_14105367_4.out.gz,2026-07-23 03:44
outputs_p0015bak_C4_NOTHERMAL_refbrent_adv,legacy,p0015bak_C4_NOTHERMAL_refbrent_adv,25985984306.90275,optimal integer solution within mipgap or absmipgap,0.00126948,3.29886e+07,corr-p001b_14102593_6.out.gz,2026-07-22 20:51
outputs_p0015bak_be_pv15_C1_LSFO250_refbrent,legacy,p0015bak_be_pv15_C1_LSFO250_refbrent,29179690607.41886,optimal (non-)integer solution within mipgap or absmipgap,0.00147812,4.31311e+07,corr-percell_14105367_5.out.gz,2026-07-23 05:42
outputs_p0015bak_be_pv15_C4_NOTHERMAL_refbrent,legacy,p0015bak_be_pv15_C4_NOTHERMAL_refbrent,28916811106.27268,optimal integer solution within mipgap or absmipgap,0.00140344,4.0583e+07,corr-percell_14105367_6.out.gz,2026-07-23 04:17
outputs_p0015bak_be_pv17_C1_LSFO250_refbrent,legacy,p0015bak_be_pv17_C1_LSFO250_refbrent,29807820481.19407,optimal integer solution within mipgap or absmipgap,0.00144494,4.30706e+07,corr-percell_14105367_7.out.gz,2026-07-23 03:39
outputs_p0015bak_egs_ref_no_lng_refbrent,legacy,p0015bak_egs_ref_no_lng_refbrent,26690335376.12020,optimal integer solution within mipgap or absmipgap,0.00121631,3.24637e+07,corr-percell_14105367_10.out.gz,2026-07-23 03:54
outputs_p0015bak_egs_ref_no_lng_refbrent_adv,legacy,p0015bak_egs_ref_no_lng_refbrent_adv,25983585127.09599,optimal integer solution within mipgap or absmipgap,0.00121742,3.1633e+07,corr-percell_14105367_11.out.gz,2026-07-23 03:39
outputs_p0015bak_lngconv_noplant_refbrent,legacy,p0015bak_lngconv_noplant_refbrent,26303205301.04432,optimal integer solution within mipgap or absmipgap,0.00145598,3.82969e+07,corr-p001b_14102593_13.out.gz,2026-07-22 21:31
outputs_p0015bak_lngconv_opt_refbrent,legacy,p0015bak_lngconv_opt_refbrent,26302205855.01073,optimal integer solution within mipgap or absmipgap,0.00141345,3.71769e+07,corr-p001b_14102593_15.out.gz,2026-07-22 21:43
outputs_p0015bak_lngconv_wjera_refbrent,legacy,p0015bak_lngconv_wjera_refbrent,26571411228.29647,optimal integer solution within mipgap or absmipgap,0.00104243,2.76989e+07,corr-p001b_14102593_2.out.gz,2026-07-22 21:13
outputs_p0015bak_wb_C6_LNG500_lowbrent,legacy,p0015bak_wb_C6_LNG500_lowbrent,26576376585.64054,optimal integer solution within mipgap or absmipgap,0.00142784,3.79503e+07,corr-percell_14105367_12.out.gz,2026-07-23 02:47
outputs_p0015bak_wb_C6_LNG500_refbrent,legacy,p0015bak_wb_C6_LNG500_refbrent,27033893773.68498,optimal (non-)integer solution within mipgap or absmipgap,0.00116905,3.1604e+07,corr-percell_14105367_13.out.gz,2026-07-23 03:42
outputs_p0015bak_wr_C1_LSFO250_highbrent,legacy,p0015bak_wr_C1_LSFO250_highbrent,29115129710.70325,optimal integer solution within mipgap or absmipgap,0.00146856,4.27574e+07,corr-percell_14105367_14.out.gz,2026-07-23 04:06
outputs_p001_C1_LSFO250_highbrent,legacy,p001_C1_LSFO250_highbrent,27660014250.60237,optimal integer solution within mipgap or absmipgap,0.000986891,2.72974e+07,corr-p001_14083067_10.out.gz,2026-07-22 03:55
outputs_p001_C1_LSFO250_highbrent_adv,legacy,p001_C1_LSFO250_highbrent_adv,26938420367.68030,optimal integer solution within mipgap or absmipgap,0.000966554,2.60374e+07,corr-p001_14083067_5.out.gz,2026-07-22 02:08
outputs_p001_C1_LSFO250_lowbrent,legacy,p001_C1_LSFO250_lowbrent,26651646464.21777,optimal integer solution within mipgap or absmipgap,0.000966523,2.57594e+07,corr-p001_14100223_15.out.gz,2026-07-22 13:06
outputs_p001_C1_LSFO250_lowbrent_adv,legacy,p001_C1_LSFO250_lowbrent_adv,25976631659.16713,optimal integer solution within mipgap or absmipgap,0.000999515,2.5964e+07,corr-percell_14157434_0.out.gz,2026-07-23 21:56
outputs_p001_C1_LSFO250_refbrent,legacy,p001_C1_LSFO250_refbrent,27097073638.17566,optimal integer solution within mipgap or absmipgap,0.000949762,2.57358e+07,corr-p001_14083067_9.out.gz,2026-07-22 10:49
outputs_p001_C1_LSFO250_refbrent_adv,legacy,p001_C1_LSFO250_refbrent_adv,26440442934.49521,optimal integer solution within mipgap or absmipgap,0.000952658,2.51887e+07,corr-p001_14083067_13.out.gz,2026-07-22 07:55
outputs_p001_C2_LSFO375_highbrent,legacy,p001_C2_LSFO375_highbrent,28013570203.26516,optimal integer solution within mipgap or absmipgap,0.00096029,2.69011e+07,corr-p001_14083067_9.out.gz,2026-07-22 10:49
outputs_p001_C2_LSFO375_highbrent_adv,legacy,p001_C2_LSFO375_highbrent_adv,27291739892.30101,optimal integer solution within mipgap or absmipgap,0.000851385,2.32358e+07,corr-p001_14083067_2.out.gz,2026-07-22 04:40
outputs_p001_C2_LSFO375_lowbrent,legacy,p001_C2_LSFO375_lowbrent,26971184796.65607,optimal integer solution within mipgap or absmipgap,0.000968354,2.61177e+07,corr-p001_14083067_3.out.gz,2026-07-22 03:51
outputs_p001_C2_LSFO375_lowbrent_adv,legacy,p001_C2_LSFO375_lowbrent_adv,26241944910.60276,optimal integer solution within mipgap or absmipgap,0.000930184,2.44098e+07,corr-p001_14083067_12.out.gz,2026-07-22 07:16
outputs_p001_C2_LSFO375_refbrent,legacy,p001_C2_LSFO375_refbrent,27435065248.48550,optimal integer solution within mipgap or absmipgap,0.000923146,2.53266e+07,corr-p001_14083067_12.out.gz,2026-07-22 07:16
outputs_p001_C2_LSFO375_refbrent_adv,legacy,p001_C2_LSFO375_refbrent_adv,26748038581.64425,optimal integer solution within mipgap or absmipgap,0.00099782,2.66897e+07,corr-p001_14083067_4.out.gz,2026-07-22 04:55
outputs_p001_C3_LSFO500_highbrent,legacy,p001_C3_LSFO500_highbrent,28437975239.25366,optimal integer solution within mipgap or absmipgap,0.000882646,2.51007e+07,corr-p001_14083067_1.out.gz,2026-07-22 04:19
outputs_p001_C3_LSFO500_highbrent_adv,legacy,p001_C3_LSFO500_highbrent_adv,27682114888.08935,optimal integer solution within mipgap or absmipgap,0.000891207,2.46705e+07,corr-p001_14083067_8.out.gz,2026-07-22 03:42
outputs_p001_C3_LSFO500_lowbrent,legacy,p001_C3_LSFO500_lowbrent,27389577937.53624,optimal integer solution within mipgap or absmipgap,0.000813989,2.22948e+07,corr-p001_14083067_10.out.gz,2026-07-22 03:55
outputs_p001_C3_LSFO500_lowbrent_adv,legacy,p001_C3_LSFO500_lowbrent_adv,26600690897.69704,optimal integer solution within mipgap or absmipgap,0.000928509,2.4699e+07,corr-p001_14083067_10.out.gz,2026-07-22 03:55
outputs_p001_C3_LSFO500_refbrent,legacy,p001_C3_LSFO500_refbrent,27849105359.96539,optimal integer solution within mipgap or absmipgap,0.000669335,1.86404e+07,corr-p001_14083067_4.out.gz,2026-07-22 04:55
outputs_p001_C3_LSFO500_refbrent_adv,legacy,p001_C3_LSFO500_refbrent_adv,27116960502.47030,optimal integer solution within mipgap or absmipgap,0.000985135,2.67139e+07,corr-p001_14083067_14.out.gz,2026-07-22 02:55
outputs_p001_C4_NOTHERMAL_highbrent,legacy,p001_C4_NOTHERMAL_highbrent,27180238991.20367,optimal integer solution within mipgap or absmipgap,0.000997694,2.71176e+07,corr-percell_14157434_1.out.gz,2026-07-23 22:02
outputs_p001_C4_NOTHERMAL_highbrent_adv,legacy,p001_C4_NOTHERMAL_highbrent_adv,26400722104.64116,optimal integer solution within mipgap or absmipgap,0.000999992,2.64005e+07,corr-percell_14157434_2.out.gz,2026-07-24 10:44
outputs_p001_C4_NOTHERMAL_lowbrent,legacy,p001_C4_NOTHERMAL_lowbrent,26301044204.48732,optimal integer solution within mipgap or absmipgap,0.0009997,2.62931e+07,corr-percell_14157434_3.out.gz,2026-07-24 01:58
outputs_p001_C4_NOTHERMAL_lowbrent_adv,legacy,p001_C4_NOTHERMAL_lowbrent_adv,25634904940.06655,optimal integer solution within mipgap or absmipgap,0.000948251,2.43083e+07,corr-p001_14083067_3.out.gz,2026-07-22 03:51
outputs_p001_C4_NOTHERMAL_refbrent,legacy,p001_C4_NOTHERMAL_refbrent,26687675761.14529,optimal (non-)integer solution within mipgap or absmipgap,0.000988916,2.63919e+07,corr-percell_14157434_4.out.gz,2026-07-24 17:00
outputs_p001_C4_NOTHERMAL_refbrent_adv,legacy,p001_C4_NOTHERMAL_refbrent_adv,25979592753.16616,optimal integer solution within mipgap or absmipgap,0.000999891,2.59768e+07,corr-percell_14105368_0.out.gz,2026-07-23 06:33
outputs_p001_C5_LNG375_highbrent,legacy,p001_C5_LNG375_highbrent,27403832905.06702,optimal integer solution within mipgap or absmipgap,0.000958858,2.62764e+07,corr-p001_14083067_8.out.gz,2026-07-22 03:42
outputs_p001_C5_LNG375_highbrent_adv,legacy,p001_C5_LNG375_highbrent_adv,26623706889.24315,optimal integer solution within mipgap or absmipgap,0.000884734,2.35549e+07,corr-p001_14083067_15.out.gz,2026-07-22 02:51
outputs_p001_C5_LNG375_highbrent_j120,legacy,p001_C5_LNG375_highbrent_j120,27749837622.72091,optimal integer solution within mipgap or absmipgap,0.000964677,2.67696e+07,corr-p001_14083067_3.out.gz,2026-07-22 03:51
outputs_p001_C5_LNG375_highbrent_j120_adv,legacy,p001_C5_LNG375_highbrent_j120_adv,26967829846.93918,optimal integer solution within mipgap or absmipgap,0.00082854,2.23439e+07,corr-p001_14083067_10.out.gz,2026-07-22 03:55
outputs_p001_C5_LNG375_lowbrent,legacy,p001_C5_LNG375_lowbrent,26326135327.73534,optimal integer solution within mipgap or absmipgap,0.000890492,2.34432e+07,corr-p001_14083067_6.out.gz,2026-07-22 04:19
outputs_p001_C5_LNG375_lowbrent_adv,legacy,p001_C5_LNG375_lowbrent_adv,25486837924.31152,optimal (non-)integer solution within mipgap or absmipgap,0.000991792,2.52776e+07,corr-p001_14083067_2.out.gz,2026-07-22 04:40
outputs_p001_C5_LNG375_lowbrent_j120,legacy,p001_C5_LNG375_lowbrent_j120,26674661170.43329,optimal integer solution within mipgap or absmipgap,0.000982532,2.62087e+07,corr-p001_14083067_5.out.gz,2026-07-22 02:08
outputs_p001_C5_LNG375_lowbrent_j120_adv,legacy,p001_C5_LNG375_lowbrent_j120_adv,25832474048.55490,optimal (non-)integer solution within mipgap or absmipgap,0.00096398,2.4902e+07,corr-p001_14083067_6.out.gz,2026-07-22 04:19
outputs_p001_C5_LNG375_refbrent,legacy,p001_C5_LNG375_refbrent,26769749622.04973,optimal integer solution within mipgap or absmipgap,0.000819464,2.19369e+07,corr-p001_14083067_2.out.gz,2026-07-22 04:40
outputs_p001_C5_LNG375_refbrent_adv,legacy,p001_C5_LNG375_refbrent_adv,25953579309.14452,optimal integer solution within mipgap or absmipgap,0.000920181,2.3882e+07,corr-p001_14083067_2.out.gz,2026-07-22 04:40
outputs_p001_C5_LNG375_refbrent_j120,legacy,p001_C5_LNG375_refbrent_j120,27120616529.38123,optimal integer solution within mipgap or absmipgap,0.000999647,2.7111e+07,corr-p001_14083067_2.out.gz,2026-07-22 04:40
outputs_p001_C5_LNG375_refbrent_j120_adv,legacy,p001_C5_LNG375_refbrent_j120_adv,26301221490.50921,optimal integer solution within mipgap or absmipgap,0.000987725,2.59784e+07,corr-p001_14083067_12.out.gz,2026-07-22 07:16
outputs_p001_C6_STATUSQUO_highbrent,legacy,p001_C6_STATUSQUO_highbrent,29155289652.67799,optimal (non-)integer solution within mipgap or absmipgap,0.000972072,2.8341e+07,corr-p001_14083067_14.out.gz,2026-07-22 02:55
outputs_p001_C6_STATUSQUO_highbrent_adv,legacy,p001_C6_STATUSQUO_highbrent_adv,28224027365.55153,optimal integer solution within mipgap or absmipgap,0.000923912,2.60765e+07,corr-p001_14083067_8.out.gz,2026-07-22 03:42
outputs_p001_C6_STATUSQUO_highbrent_j120,legacy,p001_C6_STATUSQUO_highbrent_j120,29579964679.00485,optimal (non-)integer solution within mipgap or absmipgap,0.000919502,2.71988e+07,corr-p001_14083067_15.out.gz,2026-07-22 02:51
outputs_p001_C6_STATUSQUO_highbrent_j120_adv,legacy,p001_C6_STATUSQUO_highbrent_j120_adv,28645105982.00527,optimal integer solution within mipgap or absmipgap,0.000749468,2.14686e+07,corr-p001_14083067_1.out.gz,2026-07-22 04:19
outputs_p001_C6_STATUSQUO_lowbrent,legacy,p001_C6_STATUSQUO_lowbrent,28019361271.44345,optimal (non-)integer solution within mipgap or absmipgap,0.000784914,2.19928e+07,corr-p001_14083067_9.out.gz,2026-07-22 10:49
outputs_p001_C6_STATUSQUO_lowbrent_adv,legacy,p001_C6_STATUSQUO_lowbrent_adv,26999362916.04893,optimal integer solution within mipgap or absmipgap,0.000875823,2.36467e+07,corr-p001_14083067_5.out.gz,2026-07-22 02:08
outputs_p001_C6_STATUSQUO_lowbrent_j120,legacy,p001_C6_STATUSQUO_lowbrent_j120,28447879524.76885,optimal integer solution within mipgap or absmipgap,0.000879834,2.50294e+07,corr-p001_14083067_7.out.gz,2026-07-22 02:06
outputs_p001_C6_STATUSQUO_lowbrent_j120_adv,legacy,p001_C6_STATUSQUO_lowbrent_j120_adv,27426137355.94844,optimal (non-)integer solution within mipgap or absmipgap,0.000877683,2.40715e+07,corr-p001_14083067_15.out.gz,2026-07-22 02:51
outputs_p001_C6_STATUSQUO_refbrent,legacy,p001_C6_STATUSQUO_refbrent,28495994767.75531,optimal integer solution within mipgap or absmipgap,0.000989894,2.8208e+07,corr-p001_14083067_5.out.gz,2026-07-22 02:08
outputs_p001_C6_STATUSQUO_refbrent_adv,legacy,p001_C6_STATUSQUO_refbrent_adv,27501231450.62180,optimal (non-)integer solution within mipgap or absmipgap,0.000732517,2.01451e+07,corr-p001_14083067_1.out.gz,2026-07-22 04:19
outputs_p001_C6_STATUSQUO_refbrent_j120,legacy,p001_C6_STATUSQUO_refbrent_j120,28919542750.85052,optimal integer solution within mipgap or absmipgap,0.000938257,2.7134e+07,corr-p001_14083067_1.out.gz,2026-07-22 04:19
outputs_p001_C6_STATUSQUO_refbrent_j120_adv,legacy,p001_C6_STATUSQUO_refbrent_j120_adv,27933560643.67748,optimal integer solution within mipgap or absmipgap,0.000954668,2.66673e+07,corr-p001_14083067_9.out.gz,2026-07-22 10:49
outputs_p001_be_pv15_C1_LSFO250_refbrent,legacy,p001_be_pv15_C1_LSFO250_refbrent,29174069715.99712,optimal (non-)integer solution within mipgap or absmipgap,0.000991851,2.89363e+07,corr-percell_14157434_5.out.gz,2026-07-24 00:31
outputs_p001_be_pv15_C1_LSFO250_refbrent_adv,legacy,p001_be_pv15_C1_LSFO250_refbrent_adv,28331328039.36924,optimal integer solution within mipgap or absmipgap,0.000996511,2.82325e+07,corr-p001_14083067_12.out.gz,2026-07-22 07:16
outputs_p001_be_pv15_C4_NOTHERMAL_refbrent,legacy,p001_be_pv15_C4_NOTHERMAL_refbrent,28913902991.06334,optimal integer solution within mipgap or absmipgap,0.0009928,2.87057e+07,corr-percell_14157434_6.out.gz,2026-07-24 01:40
outputs_p001_be_pv15_C4_NOTHERMAL_refbrent_adv,legacy,p001_be_pv15_C4_NOTHERMAL_refbrent_adv,28021916597.91362,optimal integer solution within mipgap or absmipgap,0.000986573,2.76457e+07,corr-p001_14083067_9.out.gz,2026-07-22 10:49
outputs_p001_be_pv15_wb_C6_LNG500_refbrent,legacy,p001_be_pv15_wb_C6_LNG500_refbrent,28698720643.25368,optimal (non-)integer solution within mipgap or absmipgap,0.000979161,2.81007e+07,corr-p001_14100223_15.out.gz,2026-07-22 13:06
outputs_p001_be_pv15_wb_C6_LNG500_refbrent_j120,legacy,p001_be_pv15_wb_C6_LNG500_refbrent_j120,29129477730.77245,optimal integer solution within mipgap or absmipgap,0.000984234,2.86702e+07,corr-p001_14083067_11.out.gz,2026-07-22 03:18
outputs_p001_be_pv17_C1_LSFO250_refbrent,legacy,p001_be_pv17_C1_LSFO250_refbrent,29796619694.67244,optimal integer solution within mipgap or absmipgap,0.00099944,2.97799e+07,corr-percell_14157434_7.out.gz,2026-07-23 22:01
outputs_p001_be_pv17_C1_LSFO250_refbrent_adv,legacy,p001_be_pv17_C1_LSFO250_refbrent_adv,28875583995.50188,optimal integer solution within mipgap or absmipgap,0.000951251,2.74679e+07,corr-p001_14083067_3.out.gz,2026-07-22 03:51
outputs_p001_be_pv17_C4_NOTHERMAL_refbrent,legacy,p001_be_pv17_C4_NOTHERMAL_refbrent,29628453790.82850,optimal (non-)integer solution within mipgap or absmipgap,0.000979082,2.90087e+07,corr-p001_14083067_2.out.gz,2026-07-22 04:40
outputs_p001_be_pv17_C4_NOTHERMAL_refbrent_adv,legacy,p001_be_pv17_C4_NOTHERMAL_refbrent_adv,28667152231.45738,optimal integer solution within mipgap or absmipgap,0.000886238,2.54059e+07,corr-p001_14083067_13.out.gz,2026-07-22 07:55
outputs_p001_be_pv17_wb_C6_LNG500_refbrent,legacy,p001_be_pv17_wb_C6_LNG500_refbrent,29211482193.50893,optimal integer solution within mipgap or absmipgap,0.0009733,2.84315e+07,corr-p001_14083067_4.out.gz,2026-07-22 04:55
outputs_p001_be_pv17_wb_C6_LNG500_refbrent_j120,legacy,p001_be_pv17_wb_C6_LNG500_refbrent_j120,29635569575.76142,optimal integer solution within mipgap or absmipgap,0.000912355,2.70382e+07,corr-p001_14083067_6.out.gz,2026-07-22 04:19
outputs_p001_egs_high_lng_forced_refbrent,legacy,p001_egs_high_lng_forced_refbrent,27454600836.03262,optimal (non-)integer solution within mipgap or absmipgap,0.0009536,2.61807e+07,corr-p001_14083067_6.out.gz,2026-07-22 04:19
outputs_p001_egs_high_lng_forced_refbrent_adv,legacy,p001_egs_high_lng_forced_refbrent_adv,26053617625.91235,optimal (non-)integer solution within mipgap or absmipgap,0.000831381,2.16605e+07,corr-p001_14083067_12.out.gz,2026-07-22 07:16
outputs_p001_egs_high_lng_forced_refbrent_j120_adv,legacy,p001_egs_high_lng_forced_refbrent_j120_adv,26481430196.28207,optimal (non-)integer solution within mipgap or absmipgap,0.000896278,2.37347e+07,corr-p001_14083067_14.out.gz,2026-07-22 02:55
outputs_p001_egs_high_no_lng_highbrent_adv,legacy,p001_egs_high_no_lng_highbrent_adv,26464641997.87369,optimal integer solution within mipgap or absmipgap,0.000960653,2.54233e+07,corr-p001_14083067_1.out.gz,2026-07-22 04:19
outputs_p001_egs_high_no_lng_lowbrent_adv,legacy,p001_egs_high_no_lng_lowbrent_adv,25640370588.30063,optimal integer solution within mipgap or absmipgap,0.000946156,2.42598e+07,corr-p001_14100223_3.out.gz,2026-07-22 15:19
outputs_p001_egs_high_no_lng_refbrent_adv,legacy,p001_egs_high_no_lng_refbrent_adv,26008869013.55293,optimal integer solution within mipgap or absmipgap,0.000998924,2.59809e+07,corr-p001_14083067_10.out.gz,2026-07-22 03:55
outputs_p001_egs_low_lng_forced_refbrent,legacy,p001_egs_low_lng_forced_refbrent,26762505317.60955,optimal (non-)integer solution within mipgap or absmipgap,0.00081232,2.17397e+07,corr-p001_14083067_1.out.gz,2026-07-22 04:19
outputs_p001_egs_low_lng_forced_refbrent_adv,legacy,p001_egs_low_lng_forced_refbrent_adv,25803410448.56648,optimal (non-)integer solution within mipgap or absmipgap,0.000750068,1.93543e+07,corr-p001_14083067_3.out.gz,2026-07-22 03:51
outputs_p001_egs_low_lng_forced_refbrent_j120,legacy,p001_egs_low_lng_forced_refbrent_j120,27193737346.98280,optimal (non-)integer solution within mipgap or absmipgap,0.00097295,2.64582e+07,corr-p001_14100223_0.out.gz,2026-07-22 18:43
outputs_p001_egs_low_lng_forced_refbrent_j120_adv,legacy,p001_egs_low_lng_forced_refbrent_j120_adv,26230382946.73357,optimal (non-)integer solution within mipgap or absmipgap,0.000747679,1.96119e+07,corr-p001_14083067_7.out.gz,2026-07-22 02:06
outputs_p001_egs_low_no_lng_highbrent,legacy,p001_egs_low_no_lng_highbrent,27553632394.36155,optimal integer solution within mipgap or absmipgap,0.00148614,4.09487e+07,corr-percell_14105367_8.out.gz,2026-07-23 04:40
outputs_p001_egs_low_no_lng_highbrent_adv,legacy,p001_egs_low_no_lng_highbrent_adv,25957544856.37243,optimal integer solution within mipgap or absmipgap,0.000995588,2.5843e+07,corr-p001_14083067_11.out.gz,2026-07-22 03:18
outputs_p001_egs_low_no_lng_lowbrent_adv,legacy,p001_egs_low_no_lng_lowbrent_adv,25198473403.66232,optimal integer solution within mipgap or absmipgap,0.000962825,2.42617e+07,corr-p001_14083067_4.out.gz,2026-07-22 04:55
outputs_p001_egs_low_no_lng_refbrent,legacy,p001_egs_low_no_lng_refbrent,27000221362.94466,optimal integer solution within mipgap or absmipgap,0.00149919,4.04784e+07,corr-p001b_14102593_4.out.gz,2026-07-23 08:17
outputs_p001_egs_low_no_lng_refbrent_adv,legacy,p001_egs_low_no_lng_refbrent_adv,25546726455.06041,optimal integer solution within mipgap or absmipgap,0.00135249,3.45517e+07,corr-percell_14105367_9.out.gz,2026-07-23 03:28
outputs_p001_egs_none_lng_forced_refbrent,legacy,p001_egs_none_lng_forced_refbrent,27366764685.75998,optimal integer solution within mipgap or absmipgap,0.000944679,2.58528e+07,corr-p001_14083067_9.out.gz,2026-07-22 10:49
outputs_p001_egs_none_lng_forced_refbrent_adv,legacy,p001_egs_none_lng_forced_refbrent_adv,26057767256.18336,optimal integer solution within mipgap or absmipgap,0.000998593,2.60211e+07,corr-p001_14083067_5.out.gz,2026-07-22 02:08
outputs_p001_egs_none_lng_forced_refbrent_j120,legacy,p001_egs_none_lng_forced_refbrent_j120,27794320760.21379,optimal (non-)integer solution within mipgap or absmipgap,0.000974271,2.70792e+07,corr-p001_14083067_1.out.gz,2026-07-22 04:19
outputs_p001_egs_none_lng_forced_refbrent_j120_adv,legacy,p001_egs_none_lng_forced_refbrent_j120_adv,26483350218.45774,optimal (non-)integer solution within mipgap or absmipgap,0.000990842,2.62408e+07,corr-p001_14083067_5.out.gz,2026-07-22 02:08
outputs_p001_egs_none_no_lng_refbrent,legacy,p001_egs_none_no_lng_refbrent,27260901623.64780,optimal integer solution within mipgap or absmipgap,0.000990896,2.70127e+07,corr-p001_14083067_4.out.gz,2026-07-22 04:55
outputs_p001_egs_none_no_lng_refbrent_adv,legacy,p001_egs_none_no_lng_refbrent_adv,26008290532.12815,optimal integer solution within mipgap or absmipgap,0.000969137,2.52056e+07,corr-p001_14083067_6.out.gz,2026-07-22 04:19
outputs_p001_egs_ref_lng_forced_refbrent,legacy,p001_egs_ref_lng_forced_refbrent,27027546810.39368,optimal (non-)integer solution within mipgap or absmipgap,0.000937182,2.53297e+07,corr-p001_14100223_13.out.gz,2026-07-22 18:43
outputs_p001_egs_ref_lng_forced_refbrent_adv,legacy,p001_egs_ref_lng_forced_refbrent_adv,26051767080.94327,optimal integer solution within mipgap or absmipgap,0.000986636,2.57036e+07,corr-p001_14083067_2.out.gz,2026-07-22 04:40
outputs_p001_egs_ref_lng_forced_refbrent_j120,legacy,p001_egs_ref_lng_forced_refbrent_j120,27451500671.55477,optimal (non-)integer solution within mipgap or absmipgap,0.00087125,2.39171e+07,corr-p001_14100223_13.out.gz,2026-07-22 18:43
outputs_p001_egs_ref_lng_forced_refbrent_j120_adv,legacy,p001_egs_ref_lng_forced_refbrent_j120_adv,26478425602.07006,optimal integer solution within mipgap or absmipgap,0.000998063,2.64271e+07,corr-p001_14083067_2.out.gz,2026-07-22 04:40
outputs_p001_egs_ref_no_lng_refbrent,legacy,p001_egs_ref_no_lng_refbrent,26685908861.46204,optimal integer solution within mipgap or absmipgap,0.000979634,2.61424e+07,corr-percell_14157434_10.out.gz,2026-07-24 08:58
outputs_p001_egs_ref_no_lng_refbrent_adv,legacy,p001_egs_ref_no_lng_refbrent_adv,25980019047.28856,optimal integer solution within mipgap or absmipgap,0.000989965,2.57193e+07,corr-percell_14157434_11.out.gz,2026-07-24 17:00
outputs_p001_lc_C1_LSFO250_highbrent,legacy,p001_lc_C1_LSFO250_highbrent,28002051953.25171,optimal integer solution within mipgap or absmipgap,0.0009993,2.79824e+07,corr-p001_14083067_4.out.gz,2026-07-22 04:55
outputs_p001_lc_C1_LSFO250_highbrent_adv,legacy,p001_lc_C1_LSFO250_highbrent_adv,27310371877.85435,optimal integer solution within mipgap or absmipgap,0.000981065,2.67933e+07,corr-p001_14083067_4.out.gz,2026-07-22 04:55
outputs_p001_lc_C1_LSFO250_lowbrent,legacy,p001_lc_C1_LSFO250_lowbrent,27018789453.93089,optimal integer solution within mipgap or absmipgap,0.00096314,2.60229e+07,corr-p001_14083067_9.out.gz,2026-07-22 10:49
outputs_p001_lc_C1_LSFO250_lowbrent_adv,legacy,p001_lc_C1_LSFO250_lowbrent_adv,26353317516.44770,optimal integer solution within mipgap or absmipgap,0.000997597,2.629e+07,corr-p001_14083067_10.out.gz,2026-07-22 03:55
outputs_p001_lc_C1_LSFO250_refbrent,legacy,p001_lc_C1_LSFO250_refbrent,27452179512.60057,optimal integer solution within mipgap or absmipgap,0.000989355,2.71599e+07,corr-p001_14083067_5.out.gz,2026-07-22 02:08
outputs_p001_lc_C1_LSFO250_refbrent_adv,legacy,p001_lc_C1_LSFO250_refbrent_adv,26806332226.29724,optimal (non-)integer solution within mipgap or absmipgap,0.00088969,2.38493e+07,corr-p001_14083067_8.out.gz,2026-07-22 03:42
outputs_p001_lc_C2_LSFO375_highbrent,legacy,p001_lc_C2_LSFO375_highbrent,28353597951.08927,optimal integer solution within mipgap or absmipgap,0.00077148,2.18742e+07,corr-p001_14083067_9.out.gz,2026-07-22 10:49
outputs_p001_lc_C2_LSFO375_highbrent_adv,legacy,p001_lc_C2_LSFO375_highbrent_adv,27655034630.55587,optimal (non-)integer solution within mipgap or absmipgap,0.000953599,2.63718e+07,corr-p001_14083067_2.out.gz,2026-07-22 04:40
outputs_p001_lc_C2_LSFO375_lowbrent,legacy,p001_lc_C2_LSFO375_lowbrent,27339500143.99396,optimal integer solution within mipgap or absmipgap,0.000861253,2.35462e+07,corr-p001_14083067_3.out.gz,2026-07-22 03:51
outputs_p001_lc_C2_LSFO375_lowbrent_adv,legacy,p001_lc_C2_LSFO375_lowbrent_adv,26621688034.18307,optimal integer solution within mipgap or absmipgap,0.000823964,2.19353e+07,corr-p001_14083067_14.out.gz,2026-07-22 02:55
outputs_p001_lc_C2_LSFO375_refbrent,legacy,p001_lc_C2_LSFO375_refbrent,27792675110.40506,optimal integer solution within mipgap or absmipgap,0.000851237,2.36582e+07,corr-p001_14083067_10.out.gz,2026-07-22 03:55
outputs_p001_lc_C2_LSFO375_refbrent_adv,legacy,p001_lc_C2_LSFO375_refbrent_adv,27123362504.27501,optimal integer solution within mipgap or absmipgap,0.000962292,2.61006e+07,corr-p001_14083067_11.out.gz,2026-07-22 03:18
outputs_p001_lc_C3_LSFO500_highbrent,legacy,p001_lc_C3_LSFO500_highbrent,28781348223.69274,optimal integer solution within mipgap or absmipgap,0.000794874,2.28776e+07,corr-p001_14083067_3.out.gz,2026-07-22 03:51
outputs_p001_lc_C3_LSFO500_highbrent_adv,legacy,p001_lc_C3_LSFO500_highbrent_adv,28045139432.19918,optimal integer solution within mipgap or absmipgap,0.000891291,2.49964e+07,corr-p001_14083067_9.out.gz,2026-07-22 10:49
outputs_p001_lc_C3_LSFO500_lowbrent,legacy,p001_lc_C3_LSFO500_lowbrent,27762545596.14793,optimal integer solution within mipgap or absmipgap,0.000879013,2.44036e+07,corr-p001_14083067_8.out.gz,2026-07-22 03:42
outputs_p001_lc_C3_LSFO500_lowbrent_adv,legacy,p001_lc_C3_LSFO500_lowbrent_adv,26986634028.20574,optimal integer solution within mipgap or absmipgap,0.00095899,2.58799e+07,corr-p001_14083067_12.out.gz,2026-07-22 07:16
outputs_p001_lc_C3_LSFO500_refbrent,legacy,p001_lc_C3_LSFO500_refbrent,28217286785.53138,optimal (non-)integer solution within mipgap or absmipgap,0.000951472,2.6848e+07,corr-p001_14083067_10.out.gz,2026-07-22 03:55
outputs_p001_lc_C3_LSFO500_refbrent_adv,legacy,p001_lc_C3_LSFO500_refbrent_adv,27492772144.71052,optimal integer solution within mipgap or absmipgap,0.000805564,2.21472e+07,corr-p001_14083067_1.out.gz,2026-07-22 04:19
outputs_p001_lc_C4_NOTHERMAL_highbrent,legacy,p001_lc_C4_NOTHERMAL_highbrent,27508668704.53188,optimal integer solution within mipgap or absmipgap,0.000997252,2.74331e+07,corr-p001_14083067_1.out.gz,2026-07-22 04:19
outputs_p001_lc_C4_NOTHERMAL_highbrent_adv,legacy,p001_lc_C4_NOTHERMAL_highbrent_adv,26774319350.21801,optimal integer solution within mipgap or absmipgap,0.000993846,2.66095e+07,corr-p001_14083067_3.out.gz,2026-07-22 03:51
outputs_p001_lc_C4_NOTHERMAL_lowbrent,legacy,p001_lc_C4_NOTHERMAL_lowbrent,26644815458.89508,optimal integer solution within mipgap or absmipgap,0.000977453,2.60441e+07,corr-p001_14083067_2.out.gz,2026-07-22 04:40
outputs_p001_lc_C4_NOTHERMAL_lowbrent_adv,legacy,p001_lc_C4_NOTHERMAL_lowbrent_adv,26000790461.55797,optimal integer solution within mipgap or absmipgap,0.00099981,2.59959e+07,corr-p001_14083067_5.out.gz,2026-07-22 02:08
outputs_p001_lc_C4_NOTHERMAL_refbrent,legacy,p001_lc_C4_NOTHERMAL_refbrent,27025900736.96356,optimal integer solution within mipgap or absmipgap,0.000999945,2.70244e+07,corr-p001_14083067_9.out.gz,2026-07-22 10:49
outputs_p001_lc_C4_NOTHERMAL_refbrent_adv,legacy,p001_lc_C4_NOTHERMAL_refbrent_adv,26360388997.35594,optimal integer solution within mipgap or absmipgap,0.000999976,2.63598e+07,corr-p001_14083067_13.out.gz,2026-07-22 07:55
outputs_p001_lc_C5_LNG375_highbrent,legacy,p001_lc_C5_LNG375_highbrent,27757590201.08777,optimal integer solution within mipgap or absmipgap,0.00084241,2.33833e+07,corr-p001_14083067_3.out.gz,2026-07-22 03:51
outputs_p001_lc_C5_LNG375_highbrent_adv,legacy,p001_lc_C5_LNG375_highbrent_adv,27003744057.92166,optimal integer solution within mipgap or absmipgap,0.000977368,2.63926e+07,corr-p001_14083067_6.out.gz,2026-07-22 04:19
outputs_p001_lc_C5_LNG375_highbrent_j120,legacy,p001_lc_C5_LNG375_highbrent_j120,28101454062.39029,optimal integer solution within mipgap or absmipgap,0.000768968,2.16091e+07,corr-p001_14083067_15.out.gz,2026-07-22 02:51
outputs_p001_lc_C5_LNG375_highbrent_j120_adv,legacy,p001_lc_C5_LNG375_highbrent_j120_adv,27346613654.11980,optimal integer solution within mipgap or absmipgap,0.000892422,2.44047e+07,corr-p001_14083067_4.out.gz,2026-07-22 04:55
outputs_p001_lc_C5_LNG375_lowbrent,legacy,p001_lc_C5_LNG375_lowbrent,26683245441.17271,optimal integer solution within mipgap or absmipgap,0.000937243,2.50087e+07,corr-p001_14083067_10.out.gz,2026-07-22 03:55
outputs_p001_lc_C5_LNG375_lowbrent_adv,legacy,p001_lc_C5_LNG375_lowbrent_adv,25863813335.18884,optimal (non-)integer solution within mipgap or absmipgap,0.000999661,2.58551e+07,corr-p001_14083067_8.out.gz,2026-07-22 03:42
outputs_p001_lc_C5_LNG375_lowbrent_j120,legacy,p001_lc_C5_LNG375_lowbrent_j120,27025725460.07807,optimal integer solution within mipgap or absmipgap,0.000801352,2.16571e+07,corr-p001_14083067_0.out.gz,2026-07-22 03:20
outputs_p001_lc_C5_LNG375_lowbrent_j120_adv,legacy,p001_lc_C5_LNG375_lowbrent_j120_adv,26207350029.52840,optimal integer solution within mipgap or absmipgap,0.000925578,2.42569e+07,corr-p001_14083067_5.out.gz,2026-07-22 02:08
outputs_p001_lc_C5_LNG375_refbrent,legacy,p001_lc_C5_LNG375_refbrent,27130469794.87649,optimal (non-)integer solution within mipgap or absmipgap,0.000985616,2.67402e+07,corr-p001_14083067_5.out.gz,2026-07-22 02:08
outputs_p001_lc_C5_LNG375_refbrent_adv,legacy,p001_lc_C5_LNG375_refbrent_adv,26330985627.44030,optimal integer solution within mipgap or absmipgap,0.000991881,2.61172e+07,corr-p001_14083067_10.out.gz,2026-07-22 03:55
outputs_p001_lc_C5_LNG375_refbrent_j120,legacy,p001_lc_C5_LNG375_refbrent_j120,27468764624.94551,optimal (non-)integer solution within mipgap or absmipgap,0.000729178,2.00296e+07,corr-p001_14083067_4.out.gz,2026-07-22 04:55
outputs_p001_lc_C5_LNG375_refbrent_j120_adv,legacy,p001_lc_C5_LNG375_refbrent_j120_adv,26669795030.24401,optimal integer solution within mipgap or absmipgap,0.000709439,1.89206e+07,corr-p001_14083067_10.out.gz,2026-07-22 03:55
outputs_p001_lc_C6_STATUSQUO_highbrent,legacy,p001_lc_C6_STATUSQUO_highbrent,29507577039.38890,optimal integer solution within mipgap or absmipgap,0.000933899,2.75571e+07,corr-p001_14083067_1.out.gz,2026-07-22 04:19
outputs_p001_lc_C6_STATUSQUO_highbrent_adv,legacy,p001_lc_C6_STATUSQUO_highbrent_adv,28608624267.58737,optimal integer solution within mipgap or absmipgap,0.000930397,2.66174e+07,corr-p001_14083067_11.out.gz,2026-07-22 03:18
outputs_p001_lc_C6_STATUSQUO_highbrent_j120,legacy,p001_lc_C6_STATUSQUO_highbrent_j120,29930916471.43998,optimal integer solution within mipgap or absmipgap,0.000836407,2.50344e+07,corr-p001_14083067_14.out.gz,2026-07-22 02:55
outputs_p001_lc_C6_STATUSQUO_highbrent_j120_adv,legacy,p001_lc_C6_STATUSQUO_highbrent_j120_adv,29033466939.46397,optimal integer solution within mipgap or absmipgap,0.00088129,2.55869e+07,corr-p001_14083067_11.out.gz,2026-07-22 03:18
outputs_p001_lc_C6_STATUSQUO_lowbrent,legacy,p001_lc_C6_STATUSQUO_lowbrent,28384230747.64894,optimal (non-)integer solution within mipgap or absmipgap,0.000940059,2.66829e+07,corr-p001_14083067_2.out.gz,2026-07-22 04:40
outputs_p001_lc_C6_STATUSQUO_lowbrent_adv,legacy,p001_lc_C6_STATUSQUO_lowbrent_adv,27378563368.48586,optimal integer solution within mipgap or absmipgap,0.000867036,2.37382e+07,corr-p001_14083067_1.out.gz,2026-07-22 04:19
outputs_p001_lc_C6_STATUSQUO_lowbrent_j120,legacy,p001_lc_C6_STATUSQUO_lowbrent_j120,28811321868.07357,optimal integer solution within mipgap or absmipgap,0.000959535,2.76455e+07,corr-p001_14083067_6.out.gz,2026-07-22 04:19
outputs_p001_lc_C6_STATUSQUO_lowbrent_j120_adv,legacy,p001_lc_C6_STATUSQUO_lowbrent_j120_adv,27808624330.86004,optimal integer solution within mipgap or absmipgap,0.000991896,2.75833e+07,corr-p001_14083067_2.out.gz,2026-07-22 04:40
outputs_p001_lc_C6_STATUSQUO_refbrent,legacy,p001_lc_C6_STATUSQUO_refbrent,28846510769.43937,optimal (non-)integer solution within mipgap or absmipgap,0.000822259,2.37193e+07,corr-p001_14083067_8.out.gz,2026-07-22 03:42
outputs_p001_lc_C6_STATUSQUO_refbrent_adv,legacy,p001_lc_C6_STATUSQUO_refbrent_adv,27883108546.72397,optimal (non-)integer solution within mipgap or absmipgap,0.000812658,2.26594e+07,corr-p001_14083067_9.out.gz,2026-07-22 10:49
outputs_p001_lc_C6_STATUSQUO_refbrent_j120,legacy,p001_lc_C6_STATUSQUO_refbrent_j120,29278471766.47591,optimal (non-)integer solution within mipgap or absmipgap,0.00099607,2.91634e+07,corr-p001_14083067_8.out.gz,2026-07-22 03:42
outputs_p001_lc_C6_STATUSQUO_refbrent_j120_adv,legacy,p001_lc_C6_STATUSQUO_refbrent_j120_adv,28312455318.28614,optimal integer solution within mipgap or absmipgap,0.000924227,2.61671e+07,corr-p001_14083067_15.out.gz,2026-07-22 02:51
outputs_p001_lngconv_heco_refbrent,legacy,p001_lngconv_heco_refbrent,25550506087.78846,optimal integer solution within mipgap or absmipgap,0.000997703,2.54918e+07,corr-p001_14083067_10.out.gz,2026-07-22 03:55
outputs_p001_lngconv_noplant_refbrent,legacy,p001_lngconv_noplant_refbrent,26294612431.23787,optimal integer solution within mipgap or absmipgap,0.000985054,2.59016e+07,corr-percell_14105368_1.out.gz,2026-07-24 00:17
outputs_p001_lngconv_opt_refbrent,legacy,p001_lngconv_opt_refbrent,26295518878.14252,time limit with integer solution,0.00102164,2.68647e+07,corr-percell_14105368_2.out.gz,2026-07-24 02:34
outputs_p001_lngconv_wjera_refbrent,legacy,p001_lngconv_wjera_refbrent,26569511677.48783,optimal (non-)integer solution within mipgap or absmipgap,0.000942894,2.50522e+07,corr-percell_14105368_3.out.gz,2026-07-23 17:42
outputs_p001_norps_LNG500_refbrent,legacy,p001_norps_LNG500_refbrent,26253667301.10122,optimal (non-)integer solution within mipgap or absmipgap,0.00119217,3.12988e+07,corr-p001b_14102593_0.out.gz,2026-07-22 22:23
outputs_p001_norps_LNG500_refbrent_j120,legacy,p001_norps_LNG500_refbrent_j120,26809021907.25090,optimal (non-)integer solution within mipgap or absmipgap,0.00138333,3.70858e+07,corr-p001b_14102593_7.out.gz,2026-07-23 01:56
outputs_p001_norps_LNGOPT_refbrent,legacy,p001_norps_LNGOPT_refbrent,26120713976.25085,optimal (non-)integer solution within mipgap or absmipgap,0.00149416,3.90285e+07,corr-percell_14157435_0.out.gz,2026-07-23 23:46
outputs_p001_norps_NOTHERMAL_refbrent,legacy,p001_norps_NOTHERMAL_refbrent,26412729734.74764,optimal integer solution within mipgap or absmipgap,0.001495,3.9487e+07,corr-p001b_14102593_8.out.gz,2026-07-23 01:08
outputs_p001_pv15_lngconv_heco_refbrent,legacy,p001_pv15_lngconv_heco_refbrent,27550600467.40166,optimal integer solution within mipgap or absmipgap,0.00149161,4.10948e+07,corr-percell_14165004_2.out.gz,2026-07-24 17:55
outputs_p001_pv15_lngconv_noplant_refbrent,legacy,p001_pv15_lngconv_noplant_refbrent,28404795972.49589,optimal integer solution within mipgap or absmipgap,0.00146467,4.16036e+07,corr-percell_14165004_0.out.gz,2026-07-24 18:00
outputs_p001_pv17_lngconv_heco_refbrent,legacy,p001_pv17_lngconv_heco_refbrent,28179552198.97336,optimal integer solution within mipgap or absmipgap,0.00147255,4.14957e+07,corr-percell_14165004_3.out.gz,2026-07-24 17:01
outputs_p001_pv17_lngconv_noplant_refbrent,legacy,p001_pv17_lngconv_noplant_refbrent,29097855687.36486,optimal integer solution within mipgap or absmipgap,0.00149029,4.33644e+07,corr-percell_14165004_1.out.gz,2026-07-24 21:06
outputs_p001_wb_C5_LNG375_refbrent,legacy,p001_wb_C5_LNG375_refbrent,26771280555.39017,optimal integer solution within mipgap or absmipgap,0.000886769,2.37399e+07,corr-p001_14083067_3.out.gz,2026-07-22 03:51
outputs_p001_wb_C5_LNG375_refbrent_adv,legacy,p001_wb_C5_LNG375_refbrent_adv,25953579309.14452,optimal integer solution within mipgap or absmipgap,0.000920181,2.3882e+07,corr-p001_14083067_2.out.gz,2026-07-22 04:40
outputs_p001_wb_C5_LNG375_refbrent_j120,legacy,p001_wb_C5_LNG375_refbrent_j120,27120616529.38123,optimal integer solution within mipgap or absmipgap,0.000999647,2.7111e+07,corr-p001_14083067_2.out.gz,2026-07-22 04:40
outputs_p001_wb_C5_LNG375_refbrent_j120_adv,legacy,p001_wb_C5_LNG375_refbrent_j120_adv,26301221490.50921,optimal integer solution within mipgap or absmipgap,0.000987725,2.59784e+07,corr-p001_14083067_12.out.gz,2026-07-22 07:16
outputs_p001_wb_C6_LNG500_highbrent,legacy,p001_wb_C6_LNG500_highbrent,27671405462.70736,optimal (non-)integer solution within mipgap or absmipgap,0.000836444,2.31456e+07,corr-p001_14083067_14.out.gz,2026-07-22 02:55
outputs_p001_wb_C6_LNG500_highbrent_adv,legacy,p001_wb_C6_LNG500_highbrent_adv,26758153248.13338,optimal integer solution within mipgap or absmipgap,0.000877812,2.34886e+07,corr-p001_14083067_12.out.gz,2026-07-22 07:16
outputs_p001_wb_C6_LNG500_highbrent_j120,legacy,p001_wb_C6_LNG500_highbrent_j120,28093085039.15264,optimal (non-)integer solution within mipgap or absmipgap,0.000688062,1.93298e+07,corr-p001_14083067_15.out.gz,2026-07-22 02:51
outputs_p001_wb_C6_LNG500_highbrent_j120_adv,legacy,p001_wb_C6_LNG500_highbrent_j120_adv,27186978773.48258,optimal (non-)integer solution within mipgap or absmipgap,0.00096954,2.63589e+07,corr-p001_14083067_11.out.gz,2026-07-22 03:18
outputs_p001_wb_C6_LNG500_lowbrent,legacy,p001_wb_C6_LNG500_lowbrent,26566294835.62058,optimal (non-)integer solution within mipgap or absmipgap,0.000932862,2.47827e+07,corr-percell_14157434_12.out.gz,2026-07-23 20:06
outputs_p001_wb_C6_LNG500_lowbrent_adv,legacy,p001_wb_C6_LNG500_lowbrent_adv,25562936127.42380,optimal integer solution within mipgap or absmipgap,0.000912531,2.3327e+07,corr-p001_14083067_3.out.gz,2026-07-22 03:51
outputs_p001_wb_C6_LNG500_lowbrent_j120,legacy,p001_wb_C6_LNG500_lowbrent_j120,26988664367.40263,optimal (non-)integer solution within mipgap or absmipgap,0.000777971,2.09964e+07,corr-p001_14083067_1.out.gz,2026-07-22 04:19
outputs_p001_wb_C6_LNG500_lowbrent_j120_adv,legacy,p001_wb_C6_LNG500_lowbrent_j120_adv,25991695841.87394,optimal integer solution within mipgap or absmipgap,0.000999816,2.59869e+07,corr-p001_14083067_0.out.gz,2026-07-22 03:20
outputs_p001_wb_C6_LNG500_refbrent,legacy,p001_wb_C6_LNG500_refbrent,27029188769.12423,optimal (non-)integer solution within mipgap or absmipgap,0.00099824,2.69816e+07,corr-percell_14157434_13.out.gz,2026-07-23 19:59
outputs_p001_wb_C6_LNG500_refbrent_adv,legacy,p001_wb_C6_LNG500_refbrent_adv,26047258769.16854,optimal (non-)integer solution within mipgap or absmipgap,0.000816154,2.12586e+07,corr-p001_14083067_7.out.gz,2026-07-22 02:06
outputs_p001_wb_C6_LNG500_refbrent_j120,legacy,p001_wb_C6_LNG500_refbrent_j120,27447500454.24858,optimal (non-)integer solution within mipgap or absmipgap,0.000737719,2.02485e+07,corr-p001_14083067_7.out.gz,2026-07-22 02:06
outputs_p001_wb_C6_LNG500_refbrent_j120_adv,legacy,p001_wb_C6_LNG500_refbrent_j120_adv,26478832276.66015,optimal integer solution within mipgap or absmipgap,0.000995797,2.63675e+07,corr-p001_14083067_4.out.gz,2026-07-22 04:55
outputs_p001_wr_C1_LSFO250_highbrent,legacy,p001_wr_C1_LSFO250_highbrent,29099086783.03241,optimal integer solution within mipgap or absmipgap,0.000911615,2.65272e+07,corr-percell_14157434_14.out.gz,2026-07-23 21:33
outputs_p001_wr_C1_LSFO250_highbrent_adv,legacy,p001_wr_C1_LSFO250_highbrent_adv,28393859630.56695,optimal integer solution within mipgap or absmipgap,0.000888327,2.5223e+07,corr-p001_14083067_0.out.gz,2026-07-22 03:20
outputs_p001_wr_C1_LSFO250_lowbrent,legacy,p001_wr_C1_LSFO250_lowbrent,28083106039.29953,optimal (non-)integer solution within mipgap or absmipgap,0.000968418,2.71962e+07,corr-p001_14100223_3.out.gz,2026-07-22 15:19
outputs_p001_wr_C1_LSFO250_lowbrent_adv,legacy,p001_wr_C1_LSFO250_lowbrent_adv,27397991088.41580,optimal integer solution within mipgap or absmipgap,0.000941576,2.57973e+07,corr-p001_14083067_10.out.gz,2026-07-22 03:55
outputs_p001_wr_C1_LSFO250_refbrent,legacy,p001_wr_C1_LSFO250_refbrent,28536988859.60241,optimal integer solution within mipgap or absmipgap,0.000985262,2.81164e+07,corr-p001_14083067_14.out.gz,2026-07-22 02:55
outputs_p001_wr_C1_LSFO250_refbrent_adv,legacy,p001_wr_C1_LSFO250_refbrent_adv,27876148460.91416,optimal integer solution within mipgap or absmipgap,0.000975133,2.7183e+07,corr-p001_14083067_15.out.gz,2026-07-22 02:51
outputs_p001_wr_C4_NOTHERMAL_highbrent,legacy,p001_wr_C4_NOTHERMAL_highbrent,28579685913.04423,optimal integer solution within mipgap or absmipgap,0.000915352,2.61605e+07,corr-p001_14083067_1.out.gz,2026-07-22 04:19
outputs_p001_wr_C4_NOTHERMAL_highbrent_adv,legacy,p001_wr_C4_NOTHERMAL_highbrent_adv,27821102277.97268,optimal integer solution within mipgap or absmipgap,0.000896186,2.49329e+07,corr-p001_14083067_9.out.gz,2026-07-22 10:49
outputs_p001_wr_C4_NOTHERMAL_lowbrent,legacy,p001_wr_C4_NOTHERMAL_lowbrent,27665011303.95044,optimal integer solution within mipgap or absmipgap,0.000841229,2.32726e+07,corr-p001_14083067_4.out.gz,2026-07-22 04:55
outputs_p001_wr_C4_NOTHERMAL_lowbrent_adv,legacy,p001_wr_C4_NOTHERMAL_lowbrent_adv,27013200747.72165,optimal integer solution within mipgap or absmipgap,0.000994289,2.68589e+07,corr-p001_14083067_14.out.gz,2026-07-22 02:55
outputs_p001_wr_C4_NOTHERMAL_refbrent,legacy,p001_wr_C4_NOTHERMAL_refbrent,28074642409.66241,optimal integer solution within mipgap or absmipgap,0.000996591,2.79789e+07,corr-p001_14083067_0.out.gz,2026-07-22 03:20
outputs_p001_wr_C4_NOTHERMAL_refbrent_adv,legacy,p001_wr_C4_NOTHERMAL_refbrent_adv,27385433644.88441,optimal integer solution within mipgap or absmipgap,0.000992172,2.71711e+07,corr-p001_14083067_1.out.gz,2026-07-22 04:19
outputs_p001_wr_C5_LNG375_refbrent,legacy,p001_wr_C5_LNG375_refbrent,28223794919.75630,optimal (non-)integer solution within mipgap or absmipgap,0.000983904,2.77695e+07,corr-p001_14083067_14.out.gz,2026-07-22 02:55
outputs_p001_wr_C5_LNG375_refbrent_adv,legacy,p001_wr_C5_LNG375_refbrent_adv,27390948295.12610,optimal integer solution within mipgap or absmipgap,0.000858977,2.35282e+07,corr-p001_14083067_11.out.gz,2026-07-22 03:18
outputs_p001_wr_C5_LNG375_refbrent_j120,legacy,p001_wr_C5_LNG375_refbrent_j120,28567607190.95186,optimal integer solution within mipgap or absmipgap,0.000921055,2.63123e+07,corr-p001_14083067_10.out.gz,2026-07-22 03:55
outputs_p001_wr_C5_LNG375_refbrent_j120_adv,legacy,p001_wr_C5_LNG375_refbrent_j120_adv,27739380413.04585,optimal integer solution within mipgap or absmipgap,0.000992329,2.75266e+07,corr-p001_14083067_14.out.gz,2026-07-22 02:55
outputs_p001_wr_C6_LNG500_refbrent,legacy,p001_wr_C6_LNG500_refbrent,28493823519.64577,optimal (non-)integer solution within mipgap or absmipgap,0.000914503,2.60577e+07,corr-p001_14100223_4.out.gz,2026-07-22 17:36
outputs_p001_wr_C6_LNG500_refbrent_adv,legacy,p001_wr_C6_LNG500_refbrent_adv,27501231450.62180,optimal (non-)integer solution within mipgap or absmipgap,0.000732517,2.01451e+07,corr-p001_14083067_1.out.gz,2026-07-22 04:19
outputs_p001_wr_C6_LNG500_refbrent_j120,legacy,p001_wr_C6_LNG500_refbrent_j120,28919542750.85052,optimal integer solution within mipgap or absmipgap,0.000938257,2.7134e+07,corr-p001_14083067_1.out.gz,2026-07-22 04:19
outputs_p001_wr_C6_LNG500_refbrent_j120_adv,legacy,p001_wr_C6_LNG500_refbrent_j120_adv,27933560643.67748,optimal integer solution within mipgap or absmipgap,0.000954668,2.66673e+07,corr-p001_14083067_9.out.gz,2026-07-22 10:49
outputs_p001retry_egs_low_no_lng_highbrent,legacy,p001retry_egs_low_no_lng_highbrent,27544499806.25029,time limit with integer solution,0.00105284,2.9e+07,corr-percell_14157434_8.out.gz,2026-07-24 19:21
outputs_p001retry_egs_low_no_lng_refbrent_adv,legacy,p001retry_egs_low_no_lng_refbrent_adv,25539730681.69224,optimal integer solution within mipgap or absmipgap,0.000995505,2.54249e+07,corr-percell_14157434_9.out.gz,2026-07-24 18:14
outputs_p001retry_norps_LNG500_refbrent,legacy,p001retry_norps_LNG500_refbrent,26254174261.98828,optimal (non-)integer solution within mipgap or absmipgap,0.000954639,2.50633e+07,corr-percell_14105368_4.out.gz,2026-07-23 13:38
outputs_p001retry_norps_LNGOPT_refbrent,legacy,p001retry_norps_LNGOPT_refbrent,26114169772.71394,time limit with integer solution,0.0012158,3.17495e+07,corr-percell_14160309_0.out.gz,2026-07-25 05:06
outputs_p2045_mixtest,outputs,p2045_mixtest,3597916257.05970,optimal (non-)integer solution within mipgap or absmipgap,0.00232126,8.3524e+06,solve_p2045_test.slurm_14314062_0.out.gz,2026-08-03 18:20
outputs_probe_f35min,outputs,probe_f35min,25959015217.83540,optimal integer solution within mipgap or absmipgap,0.00629916,1.6352e+08,probe-f35_14278280_1.out.gz,2026-07-31 22:57
outputs_probe_pref_clean,outputs,probe_pref_clean,25428176201.26569,optimal integer solution within mipgap or absmipgap,0.0185645,4.74285e+08,probe-pref_14277958_1.out.gz,2026-07-31 22:49
outputs_probe_pref_fossil,outputs,probe_pref_fossil,24163615788.54684,optimal (non-)integer solution within mipgap or absmipgap,0.0138861,3.37824e+08,probe-pref_14277958_0.out.gz,2026-07-31 22:45
outputs_wb_C5_LNG375_refbrent,outputs,wb_C5_LNG375_refbrent,26812409098.51863,optimal integer solution within mipgap or absmipgap,0.00245479,6.58188e+07,corr-p025_14075382_3.out.gz,2026-07-21 10:15
outputs_wb_C5_LNG375_refbrent_adv,outputs,wb_C5_LNG375_refbrent_adv,25979445888.89203,optimal integer solution within mipgap or absmipgap,0.00194886,5.06303e+07,corr-adv_14075385_12.out.gz,2026-07-21 09:59
outputs_wb_C5_LNG375_refbrent_j120,outputs,wb_C5_LNG375_refbrent_j120,27157153764.01498,optimal integer solution within mipgap or absmipgap,0.00239931,6.51584e+07,corr-j120_14075384_0.out.gz,2026-07-21 08:27
outputs_wb_C5_LNG375_refbrent_j120_adv,outputs,wb_C5_LNG375_refbrent_j120_adv,26324942996.80697,optimal integer solution within mipgap or absmipgap,0.00192678,5.07224e+07,corr-adv_14075385_14.out.gz,2026-07-21 09:58
outputs_wb_C6_LNG500_highbrent,outputs,wb_C6_LNG500_highbrent,27706328499.33694,optimal integer solution within mipgap or absmipgap,0.00214728,5.94933e+07,corr-p025_14075382_3.out.gz,2026-07-21 10:15
outputs_wb_C6_LNG500_highbrent_adv,outputs,wb_C6_LNG500_highbrent_adv,26793170288.75296,optimal integer solution within mipgap or absmipgap,0.00220485,5.90749e+07,corr-adv_14075385_10.out.gz,2026-07-21 09:57
outputs_wb_C6_LNG500_highbrent_j120,outputs,wb_C6_LNG500_highbrent_j120,28141909451.56461,optimal integer solution within mipgap or absmipgap,0.00245716,6.91492e+07,corr-j120_14075384_2.out.gz,2026-07-21 08:23
outputs_wb_C6_LNG500_highbrent_j120_adv,outputs,wb_C6_LNG500_highbrent_j120_adv,27214252016.76176,optimal integer solution within mipgap or absmipgap,0.00199276,5.42316e+07,corr-adv_14075385_4.out.gz,2026-07-21 09:59
outputs_wb_C6_LNG500_lowbrent,outputs,wb_C6_LNG500_lowbrent,26600100371.56923,optimal integer solution within mipgap or absmipgap,0.00220503,5.86541e+07,corr-p025_14075382_11.out.gz,2026-07-21 10:06
outputs_wb_C6_LNG500_lowbrent_adv,outputs,wb_C6_LNG500_lowbrent_adv,25596258783.14168,optimal integer solution within mipgap or absmipgap,0.0022449,5.7461e+07,corr-adv_14075385_0.out.gz,2026-07-21 09:54
outputs_wb_C6_LNG500_lowbrent_j120,outputs,wb_C6_LNG500_lowbrent_j120,27031805102.14594,optimal integer solution within mipgap or absmipgap,0.00240322,6.49634e+07,corr-j120_14075384_7.out.gz,2026-07-21 08:30
outputs_wb_C6_LNG500_lowbrent_j120_adv,outputs,wb_C6_LNG500_lowbrent_j120_adv,26021490329.95225,optimal (non-)integer solution within mipgap or absmipgap,0.00218156,5.67675e+07,corr-adv_14075385_15.out.gz,2026-07-21 09:51
outputs_wb_C6_LNG500_refbrent,outputs,wb_C6_LNG500_refbrent,27061214306.92987,optimal integer solution within mipgap or absmipgap,0.00220767,5.97423e+07,corr-p025_14075382_9.out.gz,2026-07-21 11:04
outputs_wb_C6_LNG500_refbrent_adv,outputs,wb_C6_LNG500_refbrent_adv,26070638378.24722,optimal (non-)integer solution within mipgap or absmipgap,0.00173605,4.52599e+07,corr-adv_14075385_0.out.gz,2026-07-21 09:54
outputs_wb_C6_LNG500_refbrent_j120,outputs,wb_C6_LNG500_refbrent_j120,27490152612.64756,optimal integer solution within mipgap or absmipgap,0.00228227,6.274e+07,corr-j120_14075384_12.out.gz,2026-07-21 08:24
outputs_wb_C6_LNG500_refbrent_j120_adv,outputs,wb_C6_LNG500_refbrent_j120_adv,26499133214.25352,optimal integer solution within mipgap or absmipgap,0.00180511,4.78338e+07,corr-adv_14075385_6.out.gz,2026-07-21 09:46
outputs_wr_C1_LSFO250_highbrent,outputs,wr_C1_LSFO250_highbrent,29143610402.27544,optimal integer solution within mipgap or absmipgap,0.00248269,7.23544e+07,corr-p025_14075382_12.out.gz,2026-07-21 10:34
outputs_wr_C1_LSFO250_highbrent_adv,outputs,wr_C1_LSFO250_highbrent_adv,28427462758.14150,optimal integer solution within mipgap or absmipgap,0.00208906,5.93868e+07,corr-adv_14075385_6.out.gz,2026-07-21 09:46
outputs_wr_C1_LSFO250_lowbrent,outputs,wr_C1_LSFO250_lowbrent,28117034912.39944,optimal (non-)integer solution within mipgap or absmipgap,0.00216962,6.10032e+07,corr-p025_14075382_14.out.gz,2026-07-21 11:03
outputs_wr_C1_LSFO250_lowbrent_adv,outputs,wr_C1_LSFO250_lowbrent_adv,27429161961.37823,optimal integer solution within mipgap or absmipgap,0.00210712,5.77965e+07,corr-adv_14075385_8.out.gz,2026-07-21 09:55
outputs_wr_C1_LSFO250_refbrent,outputs,wr_C1_LSFO250_refbrent,28563084683.47820,optimal integer solution within mipgap or absmipgap,0.00196407,5.61e+07,corr-p025_14075382_10.out.gz,2026-07-21 10:09
outputs_wr_C1_LSFO250_refbrent_adv,outputs,wr_C1_LSFO250_refbrent_adv,27907318044.55404,optimal integer solution within mipgap or absmipgap,0.00212032,5.91724e+07,corr-adv_14075385_4.out.gz,2026-07-21 09:59
outputs_wr_C4_NOTHERMAL_highbrent,outputs,wr_C4_NOTHERMAL_highbrent,28621392888.26169,optimal integer solution within mipgap or absmipgap,0.00240715,6.8896e+07,corr-p025_14075382_13.out.gz,2026-07-21 10:25
outputs_wr_C4_NOTHERMAL_highbrent_adv,outputs,wr_C4_NOTHERMAL_highbrent_adv,27848779243.22208,optimal integer solution within mipgap or absmipgap,0.00192058,5.34857e+07,corr-adv_14075385_5.out.gz,2026-07-21 09:52
outputs_wr_C4_NOTHERMAL_lowbrent,outputs,wr_C4_NOTHERMAL_lowbrent,27695200610.36208,optimal integer solution within mipgap or absmipgap,0.00196677,5.447e+07,corr-p025_14075382_8.out.gz,2026-07-21 09:42
outputs_wr_C4_NOTHERMAL_lowbrent_adv,outputs,wr_C4_NOTHERMAL_lowbrent_adv,27032107884.24715,optimal integer solution within mipgap or absmipgap,0.0017177,4.6433e+07,corr-adv_14075385_9.out.gz,2026-07-21 10:04
outputs_wr_C4_NOTHERMAL_refbrent,outputs,wr_C4_NOTHERMAL_refbrent,28099345036.10307,optimal integer solution within mipgap or absmipgap,0.0019166,5.38551e+07,corr-p025_14075382_11.out.gz,2026-07-21 10:06
outputs_wr_C4_NOTHERMAL_refbrent_adv,outputs,wr_C4_NOTHERMAL_refbrent_adv,27406210107.74344,optimal integer solution within mipgap or absmipgap,0.00177056,4.85244e+07,corr-adv_14075385_5.out.gz,2026-07-21 09:52
outputs_wr_C5_LNG375_refbrent,outputs,wr_C5_LNG375_refbrent,28261744331.99864,optimal integer solution within mipgap or absmipgap,0.00239649,6.77291e+07,corr-p025_14075382_2.out.gz,2026-07-21 09:52
outputs_wr_C5_LNG375_refbrent_adv,outputs,wr_C5_LNG375_refbrent_adv,27414557707.12390,optimal integer solution within mipgap or absmipgap,0.00180797,4.95648e+07,corr-adv_14075385_0.out.gz,2026-07-21 09:54
outputs_wr_C5_LNG375_refbrent_j120,outputs,wr_C5_LNG375_refbrent_j120,28607592814.02633,optimal integer solution within mipgap or absmipgap,0.00232969,6.66468e+07,corr-j120_14075384_5.out.gz,2026-07-21 08:28
outputs_wr_C5_LNG375_refbrent_j120_adv,outputs,wr_C5_LNG375_refbrent_j120_adv,27778623528.02791,optimal integer solution within mipgap or absmipgap,0.00246167,6.83818e+07,corr-adv_14075385_8.out.gz,2026-07-21 09:55
outputs_wr_C6_LNG500_refbrent,outputs,wr_C6_LNG500_refbrent,28521710374.47688,optimal integer solution within mipgap or absmipgap,0.0019424,5.54005e+07,corr-p025_14075382_4.out.gz,2026-07-21 10:23
outputs_wr_C6_LNG500_refbrent_adv,outputs,wr_C6_LNG500_refbrent_adv,27534636119.87695,optimal integer solution within mipgap or absmipgap,0.00195265,5.37656e+07,corr-adv_14075385_7.out.gz,2026-07-21 10:09
outputs_wr_C6_LNG500_refbrent_j120,outputs,wr_C6_LNG500_refbrent_j120,28956918682.60400,optimal integer solution within mipgap or absmipgap,0.0022436,6.49678e+07,corr-j120_14075384_6.out.gz,2026-07-21 08:29
outputs_wr_C6_LNG500_refbrent_j120_adv,outputs,wr_C6_LNG500_refbrent_j120_adv,27954973137.38187,optimal integer solution within mipgap or absmipgap,0.00176882,4.94472e+07,corr-adv_14075385_3.out.gz,2026-07-21 09:52
