date,mw_inc,batt_inc,pv_mw_cum,batt_mwh_cum
2005-09-15,0.004952363884853185,0.00046658370206550964,0.004952363884853185,0.00046658370206550964
2005-12-05,0.004952363884853185,0.00046658370206550964,0.00990472776970637,0.0009331674041310193
2005-12-12,0.004952363884853185,0.00046658370206550964,0.014857091654559555,0.0013997511061965289
2006-01-24,0.00990472776970637,0.0009331674041310193,0.024761819424265925,0.0023329185103275482
2006-02-22,0.004952363884853185,0.00046658370206550964,0.02971418330911911,0.0027995022123930577
2006-02-24,0.004952363884853185,0.00046658370206550964,0.034666547193972296,0.003266085914458567
2006-04-27,0.004952363884853185,0.00046658370206550964,0.03961891107882548,0.0037326696165240767
2006-06-22,0.004952363884853185,0.00046658370206550964,0.044571274963678666,0.004199253318589586
2006-07-06,0.004952363884853185,0.00046658370206550964,0.04952363884853185,0.004665837020655096
2006-07-13,0.004952363884853185,0.00046658370206550964,0.054476002733385036,0.005132420722720605
2006-07-25,0.004952363884853185,0.00046658370206550964,0.05942836661823822,0.005599004424786115
2006-08-07,0.004952363884853185,0.00046658370206550964,0.0643807305030914,0.006065588126851624
2006-08-15,0.004952363884853185,0.00046658370206550964,0.06933309438794458,0.0065321718289171335
2006-08-23,0.004952363884853185,0.00046658370206550964,0.07428545827279776,0.006998755530982643
2006-09-15,0.004952363884853185,0.00046658370206550964,0.07923782215765093,0.0074653392330481525
2006-09-18,0.004952363884853185,0.00046658370206550964,0.08419018604250411,0.007931922935113663
2006-09-21,0.03145088521410192,0.00046658370206550964,0.11564107125660603,0.008398506637179172
2006-10-04,0.004952363884853185,0.00046658370206550964,0.1205934351414592,0.008865090339244682
2006-10-24,0.004952363884853185,0.00046658370206550964,0.12554579902631238,0.009331674041310191
2006-11-03,0.004952363884853185,0.00046658370206550964,0.13049816291116556,0.0097982577433757
2006-11-09,0.004952363884853185,0.00046658370206550964,0.13545052679601874,0.01026484144544121
2006-11-17,0.00990472776970637,0.0009331674041310193,0.14535525456572512,0.01119800884957223
2006-11-28,0.00990472776970637,0.0009331674041310193,0.15525998233543148,0.012131176253703248
2006-11-30,0.00990472776970637,0.0009331674041310193,0.16516471010513784,0.013064343657834267
2006-12-07,0.03459597373551212,0.00046658370206550964,0.19976068384064996,0.013530927359899777
2006-12-15,0.004952363884853185,0.00046658370206550964,0.20471304772550314,0.013997511061965286
2006-12-21,0.00990472776970637,0.0009331674041310193,0.2146177754952095,0.014930678466096305
2006-12-28,0.004952363884853185,0.00046658370206550964,0.21957013938006267,0.015397262168161814
2006-12-29,0.014857091654559555,0.0013997511061965289,0.23442723103462224,0.016797013274358345
2007-01-10,0.03145088521410192,0.00046658370206550964,0.26587811624872415,0.017263596976423854
2007-02-02,0.004952363884853185,0.00046658370206550964,0.27083048013357736,0.017730180678489364
2007-02-09,0.004952363884853185,0.00046658370206550964,0.27578284401843056,0.018196764380554873
2007-02-13,0.004952363884853185,0.00046658370206550964,0.28073520790328377,0.018663348082620383
2007-02-16,0.004952363884853185,0.00046658370206550964,0.285687571788137,0.019129931784685892
2007-02-20,0.004952363884853185,0.00046658370206550964,0.2906399356729902,0.0195965154867514
2007-02-23,0.004952363884853185,0.00046658370206550964,0.2955922995578434,0.02006309918881691
2007-03-13,0.004952363884853185,0.00046658370206550964,0.3005446634426966,0.02052968289088242
2007-03-22,0.004952363884853185,0.00046658370206550964,0.3054970273275498,0.02099626659294793
2007-04-03,0.004952363884853185,0.00046658370206550964,0.310449391212403,0.02146285029501344
2007-04-09,0.004952363884853185,0.00046658370206550964,0.3154017550972562,0.02192943399707895
2007-05-03,0.004952363884853185,0.00046658370206550964,0.3203541189821094,0.02239601769914446
2007-05-10,0.004952363884853185,0.00046658370206550964,0.3253064828669626,0.022862601401209968
2007-05-22,0.020363085304438387,0.00046658370206550964,0.345669568171401,0.023329185103275477
2007-07-06,0.004952363884853185,0.00046658370206550964,0.3506219320562542,0.023795768805340987
2007-07-26,0.004952363884853185,0.00046658370206550964,0.3555742959411074,0.024262352507406496
2007-08-24,0.0036692699416452246,0.00046658370206550964,0.35924356588275264,0.024728936209472006
2007-08-29,0.004952363884853185,0.00046658370206550964,0.36419592976760584,0.025195519911537515
2007-08-30,0.004952363884853185,0.00046658370206550964,0.36914829365245905,0.025662103613603025
2007-09-06,0.014945460653741235,0.00046658370206550964,0.3840937543062003,0.026128687315668534
2007-10-03,0.004952363884853185,0.00046658370206550964,0.3890461181910535,0.026595271017734044
2007-10-05,0.35478768632586744,0.0009331674041310193,0.7438338045169209,0.027528438421865063
2007-10-10,0.007447255109847195,0.00046658370206550964,0.7512810596267682,0.027995022123930572
2007-10-16,0.004952363884853185,0.00046658370206550964,0.7562334235116214,0.02846160582599608
2007-10-18,0.004952363884853185,0.00046658370206550964,0.7611857873964746,0.02892818952806159
2007-10-30,0.004952363884853185,0.00046658370206550964,0.7661381512813278,0.0293947732301271
2007-11-01,0.004952363884853185,0.00046658370206550964,0.771090515166181,0.02986135693219261
2007-11-17,0.044571274963678666,0.004199253318589587,0.8156617901298596,0.0340606102507822
2007-11-26,0.004952363884853185,0.00046658370206550964,0.8206141540147128,0.03452719395284771
2007-12-12,0.004952363884853185,0.00046658370206550964,0.825566517899566,0.03499377765491322
2007-12-18,0.004952363884853185,0.00046658370206550964,0.8305188817844192,0.03546036135697873
2007-12-21,0.015725442607050964,0.0009331674041310193,0.8462443243914702,0.036393528761109746
2007-12-27,0.17739379074479172,0.00046658370206550964,1.023638115136262,0.036860112463175256
2007-12-28,0.004952363884853185,0.00046658370206550964,1.0285904790211151,0.037326696165240765
2008-01-22,0.00990472776970637,0.0009331674041310193,1.0384952067908215,0.038259863569371784
2008-01-28,0.023478725481057963,0.0023329185103275482,1.0619739322718795,0.04059278207969933
2008-01-31,0.004952363884853185,0.00046658370206550964,1.0669262961567327,0.04105936578176484
2008-02-06,0.004952363884853185,0.00046658370206550964,1.071878660041586,0.04152594948383035
2008-02-07,0.004952363884853185,0.00046658370206550964,1.0768310239264391,0.04199253318589586
2008-02-12,0.014857091654559555,0.0013997511061965289,1.0916881155809988,0.04339228429209239
2008-02-14,0.09910802948667799,0.00046658370206550964,1.1907961450676767,0.0438588679941579
2008-02-15,0.004952363884853185,0.00046658370206550964,1.19574850895253,0.04432545169622341
2008-02-20,0.004952363884853185,0.00046658370206550964,1.2007008728373831,0.04479203539828892
2008-02-22,0.01782216828799109,0.00046658370206550964,1.2185230411253742,0.045258619100354426
2008-02-26,0.00990472776970637,0.0009331674041310193,1.2284277688950807,0.046191786504485445
2008-02-28,0.00990472776970637,0.0009331674041310193,1.238332496664787,0.047124953908616464
2008-03-09,0.004952363884853185,0.00046658370206550964,1.2432848605496403,0.04759153761068197
2008-03-17,0.004952363884853185,0.00046658370206550964,1.2482372244344935,0.04805812131274748
2008-03-21,0.004952363884853185,0.00046658370206550964,1.2531895883193467,0.04852470501481299
2008-03-24,0.004952363884853185,0.00046658370206550964,1.2581419522041999,0.0489912887168785
2008-03-25,0.004952363884853185,0.00046658370206550964,1.263094316089053,0.04945787241894401
2008-03-27,0.05241814202350321,0.00046658370206550964,1.3155124581125563,0.04992445612100952
2008-03-28,0.023478725481057963,0.0023329185103275482,1.3389911835936144,0.05225737463133707
2008-03-31,0.00990472776970637,0.0009331674041310193,1.3488959113633208,0.05319054203546809
2008-04-01,0.004952363884853185,0.00046658370206550964,1.353848275248174,0.0536571257375336
2008-04-03,0.00990472776970637,0.0009331674041310193,1.3637530030178804,0.054590293141664616
2008-04-10,0.004952363884853185,0.00046658370206550964,1.3687053669027336,0.055056876843730125
2008-04-11,0.004952363884853185,0.00046658370206550964,1.3736577307875868,0.055523460545795635
2008-04-14,0.004952363884853185,0.00046658370206550964,1.37861009467244,0.055990044247861144
2008-04-15,0.004952363884853185,0.00046658370206550964,1.3835624585572932,0.056456627949926654
2008-04-18,0.04164506330130543,0.0009331674041310193,1.4252075218585987,0.05738979535405767
2008-04-21,0.044571274963678666,0.004199253318589587,1.4697787968222773,0.06158904867264726
2008-04-22,0.004952363884853185,0.00046658370206550964,1.4747311607071305,0.06205563237471277
2008-04-23,0.014857091654559555,0.0013997511061965289,1.4895882523616901,0.0634553834809093
2008-04-24,0.004952363884853185,0.00046658370206550964,1.4945406162465433,0.06392196718297481
2008-04-25,0.014857091654559555,0.0013997511061965289,1.509397707901103,0.06532171828917134
2008-04-28,0.01980945553941274,0.0018663348082620386,1.5292071634405158,0.06718805309743338
2008-04-29,0.014857091654559555,0.0013997511061965289,1.5440642550950754,0.0685878042036299
2008-05-01,0.004952363884853185,0.00046658370206550964,1.5490166189799286,0.06905438790569542
2008-05-02,0.004952363884853185,0.00046658370206550964,1.5539689828647818,0.06952097160776093
2008-05-07,0.004952363884853185,0.00046658370206550964,1.558921346749635,0.06998755530982644
2008-05-14,0.008596575291854525,0.00046658370206550964,1.5675179220414894,0.07045413901189194
2008-05-15,0.004952363884853185,0.00046658370206550964,1.5724702859263426,0.07092072271395745
2008-05-20,0.01980945553941274,0.0018663348082620386,1.5922797414657555,0.07278705752221949
2008-05-22,0.004952363884853185,0.00046658370206550964,1.5972321053506087,0.073253641224285
2008-05-27,0.013573997711351595,0.0013997511061965289,1.6108061030619603,0.07465339233048153
2008-06-04,0.014857091654559555,0.0013997511061965289,1.6256631947165199,0.07605314343667806
2008-06-10,0.004952363884853185,0.00046658370206550964,1.630615558601373,0.07651972713874357
2008-06-16,0.004952363884853185,0.00046658370206550964,1.6355679224862263,0.07698631084080908
2008-06-19,0.03669269941645224,0.00046658370206550964,1.6722606219026785,0.07745289454287459
2008-06-26,0.00990472776970637,0.0009331674041310193,1.682165349672385,0.0783860619470056
2008-06-30,0.004952363884853185,0.00046658370206550964,1.6871177135572382,0.07885264564907112
2008-07-01,0.01980945553941274,0.0018663348082620386,1.706927169096651,0.08071898045733315
2008-07-02,0.004952363884853185,0.00046658370206550964,1.7118795329815042,0.08118556415939866
2008-07-08,0.01724326765299682,0.0018663348082620386,1.729122800634501,0.0830518989676607
2008-07-09,0.004952363884853185,0.00046658370206550964,1.7340751645193542,0.08351848266972621
2008-07-10,0.018526361596204778,0.0018663348082620386,1.752601526115559,0.08538481747798825
2008-07-11,0.23063982490341411,0.00046658370206550964,1.983241351018973,0.08585140118005376
2008-07-16,0.004952363884853185,0.00046658370206550964,1.9881937149038262,0.08631798488211927
2008-07-21,0.004952363884853185,0.00046658370206550964,1.9931460787886794,0.08678456858418478
2008-07-24,0.00990472776970637,0.0009331674041310193,2.003050806558386,0.0877177359883158
2008-07-25,0.004952363884853185,0.00046658370206550964,2.008003170443239,0.0881843196903813
2008-07-28,0.014857091654559555,0.0013997511061965289,2.0228602620977987,0.08958407079657783
2008-07-29,0.014857091654559555,0.0013997511061965289,2.0377173537523583,0.09098382190277436
2008-07-31,0.004952363884853185,0.00046658370206550964,2.0426697176372115,0.09145040560483987
2008-08-01,0.0036692699416452246,0.00046658370206550964,2.046338987578857,0.09191698930690538
2008-08-06,0.004952363884853185,0.00046658370206550964,2.05129135146371,0.09238357300897089
2008-08-07,0.004952363884853185,0.00046658370206550964,2.0562437153485633,0.0928501567110364
2008-08-08,0.004952363884853185,0.00046658370206550964,2.0611960792334165,0.09331674041310191
2008-08-11,0.08853194080496118,0.0013997511061965289,2.1497280200383777,0.09471649151929844
2008-08-12,0.004952363884853185,0.00046658370206550964,2.154680383923231,0.09518307522136395
2008-08-13,0.0036692699416452246,0.00046658370206550964,2.1583496538648763,0.09564965892342946
2008-08-14,0.00990472776970637,0.0009331674041310193,2.1682543816345827,0.09658282632756048
2008-08-18,0.3317144809052866,0.0009331674041310193,2.4999688625398693,0.0975159937316915
2008-08-21,0.014857091654559555,0.0013997511061965289,2.514825954194429,0.09891574483788802
2008-08-25,0.004952363884853185,0.00046658370206550964,2.519778318079282,0.09938232853995353
2008-08-26,0.014857091654559555,0.0013997511061965289,2.5346354097338417,0.10078207964615006
2008-08-27,0.06669633304306849,0.0032660859144585676,2.6013317427769103,0.10404816556060863
2008-08-28,0.00990472776970637,0.0009331674041310193,2.6112364705466167,0.10498133296473965
2008-08-29,0.00990472776970637,0.0009331674041310193,2.621141198316323,0.10591450036887066
2008-09-02,0.014857091654559555,0.0013997511061965289,2.6359982899708827,0.1073142514750672
2008-09-03,0.004952363884853185,0.00046658370206550964,2.640950653855736,0.1077808351771327
2008-09-04,0.01980945553941274,0.0018663348082620386,2.6607601093951487,0.10964716998539474
2008-09-05,0.06593742052009556,0.0023329185103275482,2.7266975299152443,0.11198008849572229
2008-09-09,0.004952363884853185,0.00046658370206550964,2.7316498938000975,0.1124466721977878
2008-09-10,0.004952363884853185,0.00046658370206550964,2.7366022576849507,0.11291325589985331
2008-09-12,0.02843108936591115,0.0027995022123930577,2.7650333470508617,0.11571275811224636
2008-09-15,0.004952363884853185,0.00046658370206550964,2.769985710935715,0.11617934181431187
2008-09-16,0.014857091654559555,0.0013997511061965289,2.7848428025902745,0.1175790929205084
2008-09-17,0.01980945553941274,0.0018663348082620386,2.8046522581296873,0.11944542772877044
2008-09-18,0.00990472776970637,0.0009331674041310193,2.8145569858993937,0.12037859513290146
2008-09-19,0.00990472776970637,0.0009331674041310193,2.8244617136691,0.12131176253703248
2008-09-22,0.024761819424265925,0.0023329185103275482,2.849223533093366,0.12364468104736002
2008-09-23,0.044735432607956385,0.0023329185103275482,2.8939589657013225,0.1259775995576876
2008-09-24,0.004952363884853185,0.00046658370206550964,2.8989113295861757,0.1264441832597531
2008-09-25,0.008072393871619494,0.00046658370206550964,2.9069837234577953,0.1269107669618186
2008-09-26,0.020967256809401286,0.00046658370206550964,2.927950980267197,0.12737735066388411
2008-09-29,0.004952363884853185,0.00046658370206550964,2.93290334415205,0.12784393436594962
2008-09-30,0.024761819424265925,0.0023329185103275482,2.957665163576316,0.13017685287627717
2008-10-02,0.004952363884853185,0.00046658370206550964,2.9626175274611692,0.13064343657834268
2008-10-03,0.15725442607050963,0.0013997511061965289,3.119871953531679,0.1320431876845392
2008-10-06,0.004952363884853185,0.00046658370206550964,3.124824317416532,0.13250977138660472
2008-10-07,1.2452361776193992,0.0046658370206550965,4.370060495035931,0.1371756084072598
2008-10-08,0.06991199502293886,0.006065588126851625,4.43997249005887,0.14324119653411144
2008-10-15,0.00990472776970637,0.0009331674041310193,4.449877217828576,0.14417436393824246
2008-10-16,0.004952363884853185,0.00046658370206550964,4.45482958171343,0.14464094764030797
2008-10-17,0.024761819424265925,0.0023329185103275482,4.479591401137696,0.1469738661506355
2008-10-20,0.00990472776970637,0.0009331674041310193,4.489496128907402,0.14790703355476653
2008-10-21,0.00990472776970637,0.0009331674041310193,4.499400856677108,0.14884020095889755
2008-10-22,0.12551409053891055,0.0013997511061965289,4.624914947216019,0.15023995206509408
2008-10-24,0.05025778604365985,0.0013997511061965289,4.675172733259679,0.1516397031712906
2008-10-28,0.018526361596204778,0.0018663348082620386,4.693699094855884,0.15350603797955265
2008-10-29,0.02971418330911911,0.0027995022123930577,4.723413278165003,0.1563055401919457
2008-10-30,0.014857091654559555,0.0013997511061965289,4.7382703698195625,0.15770529129814223
2008-10-31,0.04106616266631116,0.0018663348082620386,4.779336532485874,0.15957162610640427
2008-11-03,0.02714799542270319,0.0027995022123930577,4.8064845279085775,0.16237112831879733
2008-11-04,0.004952363884853185,0.00046658370206550964,4.811436891793431,0.16283771202086283
2008-11-05,0.06677611079247162,0.0023329185103275482,4.878213002585903,0.16517063053119038
2008-11-06,0.04200508707726275,0.004199253318589587,4.920218089663165,0.16936988384977997
2008-11-07,0.01980945553941274,0.0018663348082620386,4.940027545202578,0.171236218658042
2008-11-10,0.07585293843878882,0.0027995022123930577,5.015880483641367,0.17403572087043506
2008-11-12,0.00990472776970637,0.0009331674041310193,5.0257852114110735,0.17496888827456608
2008-11-13,0.004952363884853185,0.00046658370206550964,5.030737575295927,0.1754354719766316
2008-11-14,0.013573997711351595,0.0013997511061965289,5.0443115730072785,0.17683522308282812
2008-11-17,0.004952363884853185,0.00046658370206550964,5.049263936892132,0.17730180678489363
2008-11-18,0.014857091654559555,0.0013997511061965289,5.064121028546691,0.17870155789109016
2008-11-20,0.00990472776970637,0.0009331674041310193,5.074025756316398,0.17963472529522118
2008-11-21,0.004952363884853185,0.00046658370206550964,5.078978120201251,0.18010130899728669
2008-11-24,0.00990472776970637,0.0009331674041310193,5.088882847970957,0.1810344764014177
2008-11-25,0.04185013372392797,0.0032660859144585676,5.1307329816948855,0.18430056231587627
2008-11-26,0.04630797686866148,0.0018663348082620386,5.177040958563547,0.1861668971241383
2008-12-01,0.11474101181671278,0.0018663348082620386,5.291781970380259,0.18803323193240035
2008-12-02,0.02971418330911911,0.0027995022123930577,5.321496153689378,0.1908327341447934
2008-12-04,0.01980945553941274,0.0018663348082620386,5.341305609228791,0.19269906895305544
2008-12-05,0.004952363884853185,0.00046658370206550964,5.346257973113644,0.19316565265512095
2008-12-08,0.054476002733385036,0.005132420722720606,5.40073397584703,0.19829807337784155
2008-12-09,0.024761819424265925,0.0023329185103275482,5.425495795271296,0.2006309918881691
2008-12-10,0.024761819424265925,0.0023329185103275482,5.450257614695562,0.20296391039849665
2008-12-11,0.026209071011751604,0.00046658370206550964,5.476466685707313,0.20343049410056216
2008-12-12,0.1066046944393911,0.006532171828917135,5.583071380146705,0.2099626659294793
2008-12-16,0.004952363884853185,0.00046658370206550964,5.588023744031558,0.2104292496315448
2008-12-17,0.01980945553941274,0.0018663348082620386,5.607833199570971,0.21229558443980684
2008-12-18,0.00990472776970637,0.0009331674041310193,5.617737927340677,0.21322875184393786
2008-12-19,0.1278614015662895,0.0055990044247861154,5.745599328906967,0.21882775626872397
2008-12-23,0.004952363884853185,0.00046658370206550964,5.75055169279182,0.21929433997078948
2008-12-24,0.07833776271775766,0.0009331674041310193,5.828889455509578,0.2202275073749205
2008-12-26,0.03961891107882548,0.003732669616524077,5.8685083665884035,0.22396017699144458
2008-12-29,0.07119508896614682,0.006532171828917135,5.93970345555455,0.2304923488203617
2008-12-30,0.03611379878145797,0.0013997511061965289,5.975817254336008,0.23189209992655824
2008-12-31,0.02966080832675594,0.0009331674041310193,6.005478062662764,0.23282526733068926
2009-01-01,0.00990472776970637,0.0009331674041310193,6.01538279043247,0.23375843473482028
2009-01-02,0.05942836661823822,0.0055990044247861154,6.074811157050709,0.2393574391596064
2009-01-03,0.09409491381221052,0.008865090339244684,6.16890607086292,0.24822252949885107
2009-01-05,0.17828509985471466,0.016797013274358348,6.347191170717634,0.26501954277320944
2009-01-06,0.10399964158191688,0.009798257743375702,6.451190812299551,0.27481780051658516
2009-01-07,0.07923782215765096,0.007465339233048154,6.530428634457202,0.2822831397496333
2009-01-08,0.05942836661823822,0.0055990044247861154,6.5898570010754405,0.28788214417441943
2009-01-09,0.0568621787318223,0.0055990044247861154,6.6467191798072625,0.29348114859920554
2009-01-10,0.034666547193972296,0.0032660859144585676,6.681385727001235,0.29674723451366414
2009-01-11,0.024761819424265925,0.0023329185103275482,6.706147546425501,0.2990801530239917
2009-01-12,0.22647808202893574,0.009331674041310193,6.932625628454437,0.3084118270653019
2009-01-13,0.11757363929326849,0.011198008849572231,7.050199267747705,0.31960983591487413
2009-01-14,0.18760887918214023,0.009331674041310193,7.237808146929845,0.3289415099561843
2009-01-15,0.0990472776970637,0.009331674041310193,7.3368554246269095,0.3382731839974945
2009-01-16,0.04952363884853185,0.0046658370206550965,7.386379063475442,0.3429390210181496
2009-01-17,0.024761819424265925,0.0023329185103275482,7.411140882899708,0.3452719395284772
2009-01-19,0.03961891107882548,0.003732669616524077,7.450759793978533,0.34900460914500125
2009-01-20,0.05942836661823822,0.0055990044247861154,7.510188160596772,0.35460361356978737
2009-01-21,0.08419018604250414,0.007931922935113665,7.594378346639276,0.36253553650490106
2009-01-22,0.054476002733385036,0.005132420722720606,7.6488543493726615,0.3676679572276217
2009-01-23,0.1819543697963599,0.017263596976423858,7.830808719169021,0.38493155420404557
2009-01-24,0.00990472776970637,0.0009331674041310193,7.840713446938728,0.3858647216081766
2009-01-26,0.04952363884853185,0.0046658370206550965,7.89023708578726,0.3905305586288317
2009-01-27,0.06944253281746307,0.005132420722720606,7.959679618604723,0.3956629793515523
2009-01-28,0.06737086567116682,0.0055990044247861154,8.02705048427589,0.4012619837763384
2009-01-29,0.07923782215765096,0.007465339233048154,8.106288306433541,0.4087273230093866
2009-01-30,0.10399964158191688,0.009798257743375702,8.210287948015457,0.4185255807527623
2009-02-02,0.05974747761585071,0.004199253318589587,8.270035425631308,0.4227248340713519
2009-02-03,0.24266583035780606,0.02286260140120997,8.512701255989114,0.4455874354725619
2009-02-04,0.08419018604250414,0.007931922935113665,8.596891442031618,0.4535193584076756
2009-02-05,0.11390436935162326,0.010731425147506721,8.71079581138324,0.46425078355518234
2009-02-06,0.1980945553941274,0.018663348082620386,8.908890366777369,0.4829141316378027
2009-02-07,0.014857091654559555,0.0013997511061965289,8.923747458431928,0.4843138827439993
2009-02-08,0.004952363884853185,0.00046658370206550964,8.92869982231678,0.4847804664460648
2009-02-09,0.18323746373956784,0.017263596976423858,9.111937286056348,0.5020440634224886
2009-02-10,0.15224018648724078,0.014464094764030799,9.264177472543588,0.5165081581865194
2009-02-11,0.0643807305030914,0.006065588126851625,9.32855820304668,0.5225737463133711
2009-02-12,0.14361855266074236,0.01353092735989978,9.472176755707421,0.5361046736732709
2009-02-13,0.02971418330911911,0.0027995022123930577,9.50189093901654,0.538904175885664
2009-02-16,0.02971418330911911,0.0027995022123930577,9.53160512232566,0.5417036780980571
2009-02-17,0.06933309438794459,0.006532171828917135,9.600938216713605,0.5482358499269743
2009-02-18,0.06933309438794459,0.006532171828917135,9.67027131110155,0.5547680217558915
2009-02-19,0.054476002733385036,0.005132420722720606,9.724747313834934,0.559900442478612
2009-02-20,0.02971418330911911,0.0027995022123930577,9.754461497144053,0.5626999446910051
2009-02-21,0.004952363884853185,0.00046658370206550964,9.759413861028905,0.5631665283930707
2009-02-23,0.08914254992735733,0.008398506637179174,9.848556410956263,0.5715650350302499
2009-02-24,0.06933309438794459,0.006532171828917135,9.917889505344208,0.5780972068591671
2009-02-25,0.024761819424265925,0.0023329185103275482,9.942651324768473,0.5804301253694947
2009-02-26,0.04952363884853185,0.0046658370206550965,9.992174963617005,0.5850959623901498
2009-02-27,0.024761819424265925,0.0023329185103275482,10.01693678304127,0.5874288809004774
2009-02-28,0.004952363884853185,0.00046658370206550964,10.021889146926123,0.5878954646025429
2009-03-02,0.014857091654559555,0.0013997511061965289,10.036746238580681,0.5892952157087394
2009-03-03,0.10895200546677007,0.010264841445441212,10.145698244047452,0.5995600571541807
2009-03-04,0.07923782215765096,0.007465339233048154,10.224936066205103,0.6070253963872289
2009-03-05,0.0643807305030914,0.006065588126851625,10.289316796708194,0.6130909845140805
2009-03-06,0.05942836661823822,0.0055990044247861154,10.348745163326432,0.6186899889388666
2009-03-08,0.004952363884853185,0.00046658370206550964,10.353697527211285,0.6191565726409322
2009-03-09,0.054476002733385036,0.005132420722720606,10.40817352994467,0.6242889933636527
2009-03-10,0.08914254992735733,0.008398506637179174,10.497316079872027,0.632687500000832
2009-03-11,0.054476002733385036,0.005132420722720606,10.551792082605411,0.6378199207235525
2009-03-12,0.08419018604250414,0.007931922935113665,10.635982268647915,0.6457518436586662
2009-03-13,0.034666547193972296,0.0032660859144585676,10.670648815841886,0.6490179295731248
2009-03-14,0.004952363884853185,0.00046658370206550964,10.675601179726739,0.6494845132751903
2009-03-15,0.00990472776970637,0.0009331674041310193,10.685505907496445,0.6504176806793214
2009-03-16,0.044571274963678666,0.004199253318589587,10.730077182460123,0.654616933997911
2009-03-17,0.06933309438794459,0.006532171828917135,10.799410276848068,0.6611491058268282
2009-03-18,0.11757363929326849,0.011198008849572231,10.916983916141337,0.6723471146764004
2009-03-19,0.0643807305030914,0.006065588126851625,10.981364646644428,0.678412702803252
2009-03-20,0.02971418330911911,0.0027995022123930577,11.011078829953547,0.6812122050156452
2009-03-23,0.13866618877588918,0.01306434365783427,11.149745018729437,0.6942765486734794
2009-03-24,0.07428545827279778,0.006998755530982645,11.224030477002234,0.701275304204462
2009-03-25,0.0643807305030914,0.006065588126851625,11.288411207505325,0.7073408923313137
2009-03-26,0.044571274963678666,0.004199253318589587,11.332982482469003,0.7115401456499033
2009-03-27,0.07923782215765096,0.007465339233048154,11.412220304626654,0.7190054848829515
2009-03-28,0.00990472776970637,0.0009331674041310193,11.42212503239636,0.7199386522870825
2009-03-29,0.00990472776970637,0.0009331674041310193,11.432029760166067,0.7208718196912136
2009-03-30,0.04952363884853185,0.0046658370206550965,11.481553399014599,0.7255376567118688
2009-03-31,0.08914254992735733,0.008398506637179174,11.570695948941957,0.733936163349048
2009-04-01,0.05942836661823822,0.0055990044247861154,11.630124315560195,0.7395351677738341
2009-04-02,0.023478725481057963,0.0023329185103275482,11.653603041041253,0.7418680862841617
2009-04-03,0.06933309438794459,0.006532171828917135,11.722936135429197,0.7484002581130789
2009-04-04,0.00990472776970637,0.0009331674041310193,11.732840863198904,0.7493334255172099
2009-04-06,0.06933309438794459,0.006532171828917135,11.802173957586849,0.7558655973461271
2009-04-07,0.07428545827279778,0.006998755530982645,11.876459415859646,0.7628643528771097
2009-04-08,0.12380909712132962,0.01166459255163774,12.000268512980975,0.7745289454287475
2009-04-09,0.05814527267503026,0.0055990044247861154,12.058413785656006,0.7801279498535336
2009-04-10,0.00990472776970637,0.0009331674041310193,12.068318513425712,0.7810611172576647
2009-04-11,0.004952363884853185,0.00046658370206550964,12.073270877310565,0.7815277009597302
2009-04-13,0.11995981529170574,0.01166459255163774,12.19323069260227,0.793192293511368
2009-04-14,0.02971418330911911,0.0027995022123930577,12.22294487591139,0.7959917957237611
2009-04-15,0.03961891107882548,0.003732669616524077,12.262563786990215,0.7997244653402852
2009-04-16,0.10766891152356212,0.010264841445441212,12.370232698513778,0.8099893067857264
2009-04-17,0.06320247284393045,0.006065588126851625,12.433435171357708,0.8160548949125781
2009-04-18,0.004952363884853185,0.00046658370206550964,12.43838753524256,0.8165214786146436
2009-04-20,0.0643807305030914,0.006065588126851625,12.502768265745651,0.8225870667414953
2009-04-21,0.06933309438794459,0.006532171828917135,12.572101360133596,0.8291192385704125
2009-04-22,0.06805000044473664,0.006532171828917135,12.640151360578333,0.8356514103993297
2009-04-23,0.06933309438794459,0.006532171828917135,12.709484454966278,0.8421835822282469
2009-04-24,0.03961891107882548,0.003732669616524077,12.749103366045103,0.8459162518447709
2009-04-27,0.06933309438794459,0.006532171828917135,12.818436460433048,0.8524484236736881
2009-04-28,0.0643807305030914,0.006065588126851625,12.882817190936139,0.8585140118005398
2009-04-29,0.04952363884853185,0.0046658370206550965,12.932340829784671,0.8631798488211949
2009-04-30,0.054476002733385036,0.005132420722720606,12.986816832518056,0.8683122695439155
2009-05-01,0.014857091654559555,0.0013997511061965289,13.001673924172614,0.869712020650112
2009-05-03,0.004952363884853185,0.00046658370206550964,13.006626288057467,0.8701786043521775
2009-05-04,0.13866618877588918,0.01306434365783427,13.145292476833356,0.8832429480100118
2009-05-05,0.05942836661823822,0.0055990044247861154,13.204720843451595,0.8888419524347979
2009-05-06,0.054476002733385036,0.005132420722720606,13.25919684618498,0.8939743731575185
2009-05-07,0.06933309438794459,0.006532171828917135,13.328529940572924,0.9005065449864357
2009-05-08,0.04952363884853185,0.0046658370206550965,13.378053579421456,0.9051723820070908
2009-05-11,0.034666547193972296,0.0032660859144585676,13.412720126615428,0.9084384679215494
2009-05-12,0.0990472776970637,0.009331674041310193,13.511767404312492,0.9177701419628596
2009-05-13,0.054476002733385036,0.005132420722720606,13.566243407045876,0.9229025626855801
2009-05-14,0.05814527267503026,0.0055990044247861154,13.624388679720907,0.9285015671103662
2009-05-15,0.09409491381221052,0.008865090339244684,13.718483593533117,0.9373666574496109
2009-05-16,0.024761819424265925,0.0023329185103275482,13.743245412957382,0.9396995759599385
2009-05-18,0.024761819424265925,0.0023329185103275482,13.768007232381647,0.942032494470266
2009-05-19,0.06579832141046173,0.0055990044247861154,13.833805553792109,0.9476314988950522
2009-05-20,0.10399964158191688,0.009798257743375702,13.937805195374025,0.9574297566384279
2009-05-21,0.04952363884853185,0.0046658370206550965,13.987328834222557,0.962095593659083
2009-05-22,0.04952363884853185,0.0046658370206550965,14.03685247307109,0.9667614306797382
2009-05-26,0.09591497387679394,0.008865090339244684,14.132767446947884,0.9756265210189828
2009-05-27,0.049343626960553194,0.005132420722720606,14.182111073908438,0.9807589417417034
2009-05-28,0.03961891107882548,0.003732669616524077,14.221729984987263,0.9844916113582275
2009-05-29,0.09409491381221052,0.008865090339244684,14.315824898799473,0.9933567016974721
2009-05-30,0.004952363884853185,0.00046658370206550964,14.320777262684325,0.9938232853995377
2009-06-01,0.10766891152356212,0.010264841445441212,14.428446174207888,1.0040881268449788
2009-06-02,0.02971418330911911,0.0027995022123930577,14.458160357517007,1.0068876290573718
2009-06-03,0.044571274963678666,0.004199253318589587,14.502731632480685,1.0110868823759613
2009-06-04,0.05942836661823822,0.0055990044247861154,14.562159999098924,1.0166858868007476
2009-06-05,0.024761819424265925,0.0023329185103275482,14.586921818523189,1.0190188053110751
2009-06-08,0.13866618877588918,0.01306434365783427,14.725588007299079,1.0320831489689095
2009-06-09,0.014857091654559555,0.0013997511061965289,14.740445098953638,1.033482900075106
2009-06-10,0.044571274963678666,0.004199253318589587,14.785016373917315,1.0376821533936955
2009-06-11,0.024761819424265925,0.0023329185103275482,14.80977819334158,1.040015071904023
2009-06-12,0.04952363884853185,0.0046658370206550965,14.859301832190113,1.0446809089246782
2009-06-15,0.07923782215765096,0.007465339233048154,14.938539654347764,1.0521462481577264
2009-06-16,0.034666547193972296,0.0032660859144585676,14.973206201541736,1.055412334072185
2009-06-17,0.07300236432958981,0.006998755530982645,15.046208565871325,1.0624110896031678
2009-06-18,0.07923782215765096,0.007465339233048154,15.125446388028976,1.069876428836216
2009-06-19,0.03961891107882548,0.003732669616524077,15.165065299107802,1.07360909845274
2009-06-21,0.004952363884853185,0.00046658370206550964,15.170017662992654,1.0740756821548054
2009-06-22,0.07428545827279778,0.006998755530982645,15.244303121265451,1.0810744376857881
2009-06-23,0.034666547193972296,0.0032660859144585676,15.278969668459423,1.0843405236002468
2009-06-24,0.054476002733385036,0.005132420722720606,15.333445671192807,1.0894729443229674
2009-06-25,0.14329739385584336,0.006065588126851625,15.47674306504865,1.095538532449819
2009-06-26,0.0643807305030914,0.006065588126851625,15.54112379555174,1.1016041205766707
2009-06-27,0.014857091654559555,0.0013997511061965289,15.5559808872063,1.1030038716828672
2009-06-29,0.034666547193972296,0.0032660859144585676,15.590647434400271,1.1062699575973258
2009-06-30,0.10895200546677007,0.010264841445441212,15.699599439867042,1.116534799042767
2009-07-01,0.04952363884853185,0.0046658370206550965,15.749123078715574,1.1212006360634221
2009-07-02,0.0643807305030914,0.006065588126851625,15.813503809218664,1.1272662241902738
2009-07-06,0.1057363434868997,0.007465339233048154,15.919240152705564,1.134731563423322
2009-07-07,0.044571274963678666,0.004199253318589587,15.963811427669242,1.1389308167419114
2009-07-08,0.07923782215765096,0.007465339233048154,16.043049249826893,1.1463961559749596
2009-07-09,0.054476002733385036,0.005132420722720606,16.097525252560278,1.1515285766976802
2009-07-10,0.03961891107882548,0.003732669616524077,16.137144163639103,1.1552612463142042
2009-07-13,0.044571274963678666,0.004199253318589587,16.181715438602783,1.1594604996327937
2009-07-14,0.044571274963678666,0.004199253318589587,16.226286713566463,1.1636597529513832
2009-07-15,0.0643807305030914,0.006065588126851625,16.290667444069555,1.169725341078235
2009-07-16,0.02971418330911911,0.0027995022123930577,16.320381627378673,1.172524843290628
2009-07-17,0.133713824891036,0.012597759955768761,16.45409545226971,1.1851226032463966
2009-07-19,0.00990472776970637,0.0009331674041310193,16.464000180039413,1.1860557706505277
2009-07-20,0.0643807305030914,0.006065588126851625,16.528380910542506,1.1921213587773793
2009-07-21,0.09409491381221052,0.008865090339244684,16.622475824354716,1.200986449116624
2009-07-22,0.14156069195086055,0.009331674041310193,16.764036516305577,1.2103181231579343
2009-07-23,0.05942836661823822,0.0055990044247861154,16.823464882923815,1.2159171275827205
2009-07-24,0.06933309438794459,0.006532171828917135,16.89279797731176,1.2224492994116376
2009-07-27,0.24266583035780606,0.02286260140120997,17.135463807669563,1.2453119008128475
2009-07-28,0.06933309438794459,0.006532171828917135,17.204796902057506,1.2518440726417646
2009-07-29,0.02971418330911911,0.0027995022123930577,17.234511085366623,1.2546435748541576
2009-07-30,0.024761819424265925,0.0023329185103275482,17.25927290479089,1.2569764933644851
2009-07-31,0.024761819424265925,0.0023329185103275482,17.284034724215157,1.2593094118748127
2009-08-03,0.034666547193972296,0.0032660859144585676,17.31870127140913,1.2625754977892714
2009-08-04,0.014857091654559555,0.0013997511061965289,17.333558363063688,1.2639752488954679
2009-08-05,0.11390436935162326,0.010731425147506721,17.44746273241531,1.2747066740429747
2009-08-06,0.02971418330911911,0.0027995022123930577,17.477176915724428,1.2775061762553677
2009-08-07,0.044571274963678666,0.004199253318589587,17.521748190688108,1.2817054295739572
2009-08-09,0.024761819424265925,0.0023329185103275482,17.546510010112375,1.2840383480842847
2009-08-10,0.14361855266074236,0.01353092735989978,17.69012856277312,1.2975692754441845
2009-08-11,0.034666547193972296,0.0032660859144585676,17.72479510996709,1.3008353613586432
2009-08-12,0.17240761799532434,0.009798257743375702,17.897202727962416,1.310633619102019
2009-08-13,0.07923782215765096,0.007465339233048154,17.976440550120067,1.318098958335067
2009-08-14,0.034666547193972296,0.0032660859144585676,18.01110709731404,1.3213650442495257
2009-08-17,0.06933309438794459,0.006532171828917135,18.08044019170198,1.3278972160784428
2009-08-18,0.034666547193972296,0.0032660859144585676,18.115106738895953,1.3311633019929014
2009-08-19,0.02843108936591115,0.0027995022123930577,18.143537828261863,1.3339628042052945
2009-08-20,0.0990472776970637,0.009331674041310193,18.242585105958927,1.3432944782466048
2009-08-21,0.00990472776970637,0.0009331674041310193,18.25248983372863,1.3442276456507358
2009-08-22,0.004952363884853185,0.00046658370206550964,18.257442197613486,1.3446942293528013
2009-08-24,0.044571274963678666,0.004199253318589587,18.302013472577165,1.3488934826713908
2009-08-25,0.07923782215765096,0.007465339233048154,18.381251294734817,1.356358821904439
2009-08-26,0.10895200546677007,0.010264841445441212,18.490203300201586,1.36662366334988
2009-08-27,0.1634280082001551,0.015397262168161818,18.653631308401742,1.3820209255180418
2009-08-28,0.07829889774669938,0.006065588126851625,18.73193020614844,1.3880865136448934
2009-08-31,0.11885673323647644,0.011198008849572231,18.850786939384918,1.3992845224944657
2009-09-01,0.01980945553941274,0.0018663348082620386,18.87059639492433,1.4011508573027278
2009-09-02,0.15847564431530192,0.014930678466096308,19.029072039239633,1.4160815357688241
2009-09-03,0.024761819424265925,0.0023329185103275482,19.0538338586639,1.4184144542791517
2009-09-04,0.10271654763870892,0.009798257743375702,19.15655040630261,1.4282127120225274
2009-09-05,0.00990472776970637,0.0009331674041310193,19.166455134072315,1.4291458794266585
2009-09-06,0.00990472776970637,0.0009331674041310193,19.17635986184202,1.4300790468307896
2009-09-07,0.01980945553941274,0.0018663348082620386,19.196169317381433,1.4319453816390517
2009-09-08,0.034666547193972296,0.0032660859144585676,19.230835864575404,1.4352114675535104
2009-09-09,0.06717470633268828,0.003732669616524077,19.298010570908094,1.4389441371700344
2009-09-10,0.08419018604250414,0.007931922935113665,19.3822007569506,1.446876060105148
2009-09-11,0.014857091654559555,0.0013997511061965289,19.397057848605158,1.4482758112113445
2009-09-14,0.11885673323647644,0.011198008849572231,19.515914581841635,1.4594738200609167
2009-09-15,0.044571274963678666,0.004199253318589587,19.560485856805315,1.4636730733795063
2009-09-16,0.03961891107882548,0.003732669616524077,19.60010476788414,1.4674057429960303
2009-09-17,0.034666547193972296,0.0032660859144585676,19.634771315078112,1.470671828910489
2009-09-18,0.034666547193972296,0.0032660859144585676,19.669437862272083,1.4739379148249476
2009-09-20,0.004952363884853185,0.00046658370206550964,19.674390226156937,1.474404498527013
2009-09-21,0.04952363884853185,0.0046658370206550965,19.723913865005468,1.4790703355476682
2009-09-22,0.024761819424265925,0.0023329185103275482,19.748675684429735,1.4814032540579958
2009-09-23,0.07923782215765096,0.007465339233048154,19.827913506587386,1.488868593291044
2009-09-24,0.07428545827279778,0.006998755530982645,19.902198964860183,1.4958673488220267
2009-09-25,0.07923782215765096,0.007465339233048154,19.981436787017834,1.5033326880550748
2009-09-28,0.0643807305030914,0.006065588126851625,20.045817517520927,1.5093982761819265
2009-09-29,0.024761819424265925,0.0023329185103275482,20.070579336945194,1.511731194692254
2009-09-30,0.044571274963678666,0.004199253318589587,20.115150611908874,1.5159304480108435
2009-10-01,0.05942836661823822,0.0055990044247861154,20.174578978527112,1.5215294524356298
2009-10-02,0.02971418330911911,0.0027995022123930577,20.20429316183623,1.5243289546480228
2009-10-05,0.0990472776970637,0.009331674041310193,20.303340439533294,1.533660628689333
2009-10-06,0.04952363884853185,0.0046658370206550965,20.352864078381824,1.5383264657099882
2009-10-07,0.054476002733385036,0.005132420722720606,20.40734008111521,1.5434588864327088
2009-10-08,0.19629443651434084,0.007465339233048154,20.603634517629548,1.550924225665757
2009-10-09,0.054476002733385036,0.005132420722720606,20.658110520362932,1.5560566463884775
2009-10-10,0.00990472776970637,0.0009331674041310193,20.668015248132637,1.5569898137926086
2009-10-12,0.10271654763870892,0.009798257743375702,20.770731795771347,1.5667880715359843
2009-10-13,0.06933309438794459,0.006532171828917135,20.84006489015929,1.5733202433649014
2009-10-14,0.11885673323647644,0.011198008849572231,20.958921623395767,1.5845182522144736
2009-10-15,0.044571274963678666,0.004199253318589587,21.003492898359447,1.5887175055330631
2009-10-16,0.02971418330911911,0.0027995022123930577,21.033207081668564,1.5915170077454561
2009-10-17,0.00990472776970637,0.0009331674041310193,21.04311180943827,1.5924501751495872
2009-10-19,0.17333273596986148,0.01633042957229284,21.21644454540813,1.60878060472188
2009-10-20,0.0643807305030914,0.006065588126851625,21.280825275911223,1.6148461928487317
2009-10-21,0.034666547193972296,0.0032660859144585676,21.315491823105194,1.6181122787631903
2009-10-22,0.05942836661823822,0.0055990044247861154,21.374920189723433,1.6237112831879765
2009-10-23,0.07923782215765096,0.007465339233048154,21.454158011881084,1.6311766224210247
2009-10-24,0.004952363884853185,0.00046658370206550964,21.45911037576594,1.63164320612309
2009-10-25,0.014857091654559555,0.0013997511061965289,21.473967467420497,1.6330429572292866
2009-10-26,0.034666547193972296,0.0032660859144585676,21.50863401461447,1.6363090431437453
2009-10-27,0.05942836661823822,0.0055990044247861154,21.568062381232707,1.6419080475685315
2009-10-28,0.044571274963678666,0.004199253318589587,21.612633656196387,1.646107300887121
2009-10-29,0.14760567556459153,0.01213117625370325,21.760239331760978,1.6582384771408243
2009-10-30,0.14857091654559557,0.01399751106196529,21.908810248306573,1.6722359882027895
2009-10-31,0.004952363884853185,0.00046658370206550964,21.913762612191427,1.672702571904855
2009-11-01,0.00990472776970637,0.0009331674041310193,21.92366733996113,1.673635739308986
2009-11-02,0.05942836661823822,0.0055990044247861154,21.98309570657937,1.6792347437337722
2009-11-03,0.08914254992735733,0.008398506637179174,22.072238256506726,1.6876332503709515
2009-11-04,0.1905760036228583,0.018196764380554876,22.262814260129584,1.7058300147515064
2009-11-05,0.08914254992735733,0.008398506637179174,22.35195681005694,1.7142285213886856
2009-11-06,0.05942836661823822,0.0055990044247861154,22.41138517667518,1.7198275258134719
2009-11-07,0.00990472776970637,0.0009331674041310193,22.421289904444883,1.720760693217603
2009-11-08,0.01980945553941274,0.0018663348082620386,22.441099359984296,1.722627028025865
2009-11-09,0.19954180698161308,0.016797013274358348,22.64064116696591,1.7394240413002235
2009-11-10,0.14156069195086055,0.008865090339244684,22.78220185891677,1.7482891316394682
2009-11-11,0.014857091654559555,0.0013997511061965289,22.79705895057133,1.7496888827456647
2009-11-12,0.1622384984427647,0.009331674041310193,22.959297449014095,1.759020556786975
2009-11-13,0.05309267465160154,0.0032660859144585676,23.012390123665696,1.7622866427014336
2009-11-14,0.014857091654559555,0.0013997511061965289,23.027247215320255,1.7636863938076301
2009-11-15,0.014857091654559555,0.0013997511061965289,23.042104306974814,1.7650861449138266
2009-11-16,0.14857091654559557,0.01399751106196529,23.190675223520408,1.7790836559757919
2009-11-17,0.04824054490532389,0.0046658370206550965,23.23891576842573,1.783749492996447
2009-11-18,0.08914254992735733,0.008398506637179174,23.328058318353087,1.7921479996336263
2009-11-19,0.04952363884853185,0.0046658370206550965,23.377581957201617,1.7968138366542814
2009-11-20,0.17847891817910774,0.01353092735989978,23.556060875380723,1.8103447640141812
2009-11-23,0.0643807305030914,0.006065588126851625,23.620441605883816,1.8164103521410329
2009-11-24,0.11390436935162326,0.010731425147506721,23.73434597523544,1.8271417772885397
2009-11-25,0.09648108981064778,0.009331674041310193,23.830827065046087,1.83647345132985
2009-11-27,0.08914254992735733,0.008398506637179174,23.919969614973443,1.8448719579670292
2009-11-29,0.00990472776970637,0.0009331674041310193,23.929874342743148,1.8458051253711603
2009-11-30,0.034666547193972296,0.0032660859144585676,23.96454088993712,1.849071211285619
2009-12-01,0.07923782215765096,0.007465339233048154,24.04377871209477,1.856536550518667
2009-12-02,0.09409491381221052,0.008865090339244684,24.13787362590698,1.8654016408579117
2009-12-03,0.13866618877588918,0.01306434365783427,24.27653981468287,1.878465984515746
2009-12-04,0.08290709209929618,0.007931922935113665,24.359446906782168,1.8863979074508597
2009-12-05,0.004952363884853185,0.00046658370206550964,24.364399270667022,1.886864491152925
2009-12-06,0.01980945553941274,0.0018663348082620386,24.384208726206435,1.8887308259611872
2009-12-07,0.1701170739899911,0.01353092735989978,24.554325800196427,1.902261753321087
2009-12-08,0.1217512364114478,0.006998755530982645,24.676077036607875,1.9092605088520698
2009-12-09,0.22157328087518538,0.020996266592947933,24.89765031748306,1.9302567754450177
2009-12-10,0.17828509985471466,0.016797013274358348,25.075935417337774,1.9470537887193762
2009-12-11,0.11723867405195505,0.008865090339244684,25.19317409138973,1.9559188790586208
2009-12-13,0.08914254992735733,0.008398506637179174,25.282316641317085,1.9643173856958
2009-12-14,0.06933309438794459,0.006532171828917135,25.351649735705028,1.9708495575247171
2009-12-15,0.12233013704644208,0.006065588126851625,25.47397987275147,1.9769151456515688
2009-12-16,0.10117366405811919,0.008398506637179174,25.57515353680959,1.985313652288748
2009-12-17,0.10766891152356212,0.010264841445441212,25.68282244833315,1.9955784937341892
2009-12-18,0.2062242228186911,0.007465339233048154,25.889046671151842,2.0030438329672373
2009-12-19,0.024761819424265925,0.0023329185103275482,25.91380849057611,2.0053767514775647
2009-12-20,0.004952363884853185,0.00046658370206550964,25.918760854460963,2.0058433351796303
2009-12-21,0.16371080856489426,0.007931922935113665,26.082471663025856,2.013775258114744
2009-12-22,0.054476002733385036,0.005132420722720606,26.13694766575924,2.018907678837465
2009-12-23,0.03961891107882548,0.003732669616524077,26.176566576838066,2.022640348453989
2009-12-24,0.014857091654559555,0.0013997511061965289,26.191423668492625,2.0240400995601857
2009-12-26,0.054476002733385036,0.005132420722720606,26.24589967122601,2.0291725202829065
2009-12-27,0.06933309438794459,0.006532171828917135,26.315232765613953,2.035704692111824
2009-12-28,0.1694834541402376,0.01633042957229284,26.48471621975419,2.0520351216841166
2009-12-29,0.22039962536149588,0.018663348082620386,26.705115845115685,2.070698469766737
2009-12-30,0.0643807305030914,0.006065588126851625,26.769496575618778,2.076764057893589
2009-12-31,0.08254706832333888,0.005132420722720606,26.852043643942118,2.0818964786163097
2010-01-04,0.10895200546677007,0.010264841445441212,26.960995649408886,2.092161320061751
2010-01-05,0.13976927083111848,0.01353092735989978,27.100764920240003,2.1056922474216506
2010-01-06,0.07171927038638186,0.006998755530982645,27.172484190626385,2.112691002952633
2010-01-07,0.05942836661823822,0.0055990044247861154,27.231912557244623,2.118290007377419
2010-01-08,0.09058980151484301,0.006532171828917135,27.322502358759465,2.1248221792063364
2010-01-09,0.014857091654559555,0.0013997511061965289,27.337359450414024,2.126221930312533
2010-01-11,0.05942836661823822,0.0055990044247861154,27.396787817032262,2.131820934737319
2010-01-12,0.11390436935162326,0.010731425147506721,27.510692186383885,2.1425523598848257
2010-01-13,0.08419018604250414,0.007931922935113665,27.59488237242639,2.1504842828199395
2010-01-14,0.077954728214443,0.007465339233048154,27.672837100640834,2.1579496220529877
2010-01-15,0.05814527267503026,0.0055990044247861154,27.730982373315864,2.1635486264777737
2010-01-16,0.00990472776970637,0.0009331674041310193,27.74088710108557,2.1644817938819045
2010-01-17,0.014857091654559555,0.0013997511061965289,27.755744192740128,2.165881544988101
2010-01-18,0.04952363884853185,0.0046658370206550965,27.805267831588658,2.170547382008756
2010-01-19,0.02971418330911911,0.0027995022123930577,27.834982014897776,2.173346884221149
2010-01-20,0.04952363884853185,0.0046658370206550965,27.884505653746306,2.1780127212418043
2010-01-21,0.050681440118520396,0.0032660859144585676,27.935187093864826,2.181278807156263
2010-01-22,0.09409491381221052,0.008865090339244684,28.029282007677036,2.1901438974955076
2010-01-23,0.004952363884853185,0.00046658370206550964,28.03423437156189,2.1906104811975733
2010-01-24,0.014857091654559555,0.0013997511061965289,28.04909146321645,2.19201023230377
2010-01-25,0.07923782215765096,0.007465339233048154,28.1283292853741,2.199475571536818
2010-01-26,0.08914254992735733,0.008398506637179174,28.217471835301456,2.207874078173997
2010-01-27,0.10575993165081027,0.007465339233048154,28.323231766952265,2.215339417407045
2010-01-28,0.12380909712132962,0.01166459255163774,28.447040864073596,2.2270040099586828
2010-01-29,0.05539447075516421,0.005132420722720606,28.50243533482876,2.2321364306814035
2010-01-30,0.00990472776970637,0.0009331674041310193,28.512340062598465,2.2330695980855344
2010-01-31,0.014857091654559555,0.0013997511061965289,28.527197154253024,2.234469349191731
2010-02-01,0.03961891107882548,0.003732669616524077,28.56681606533185,2.238202018808255
2010-02-02,0.07428545827279778,0.006998755530982645,28.641101523604647,2.2452007743392377
2010-02-03,0.15847564431530192,0.014930678466096308,28.79957716791995,2.260131452805334
2010-02-04,0.01980945553941274,0.0018663348082620386,28.819386623459362,2.261997787613596
2010-02-05,0.14535525456572518,0.011198008849572231,28.964741878025087,2.2731957964631686
2010-02-06,0.00990472776970637,0.0009331674041310193,28.974646605794792,2.2741289638672995
2010-02-07,0.004952363884853185,0.00046658370206550964,28.979598969679646,2.274595547569365
2010-02-08,0.1634280082001551,0.015397262168161818,29.143026977879803,2.289992809737527
2010-02-09,0.04952363884853185,0.0046658370206550965,29.192550616728333,2.294658646758182
2010-02-10,0.14881590030211686,0.01166459255163774,29.34136651703045,2.30632323930982
2010-02-11,0.15352328043044874,0.014464094764030799,29.4948897974609,2.3207873340738505
2010-02-12,0.10381962969393824,0.008865090339244684,29.598709427154837,2.329652424413095
2010-02-14,0.004952363884853185,0.00046658370206550964,29.60366179103969,2.330119008115161
2010-02-15,0.034666547193972296,0.0032660859144585676,29.638328338233663,2.3333850940296195
2010-02-16,0.01980945553941274,0.0018663348082620386,29.658137793773076,2.3352514288378816
2010-02-17,0.01980945553941274,0.0018663348082620386,29.67794724931249,2.3371177636461438
2010-02-18,0.09409491381221052,0.008865090339244684,29.7720421631247,2.3459828539853884
2010-02-19,0.07428545827279778,0.006998755530982645,29.846327621397496,2.352981609516371
2010-02-20,0.00990472776970637,0.0009331674041310193,29.8562323491672,2.3539147769205018
2010-02-21,0.004952363884853185,0.00046658370206550964,29.861184713052054,2.3543813606225674
2010-02-22,0.13866618877588918,0.01306434365783427,29.999850901827944,2.3674457042804016
2010-02-23,0.18323746373956784,0.017263596976423858,30.183088365567514,2.3847093012568252
2010-02-24,0.1694834541402376,0.01586384587022733,30.35257181970775,2.4005731471270524
2010-02-25,0.054476002733385036,0.005132420722720606,30.407047822441136,2.405705567849773
2010-02-26,0.04952363884853185,0.0046658370206550965,30.456571461289666,2.4103714048704283
2010-02-28,0.00990472776970637,0.0009331674041310193,30.46647618905937,2.411304572274559
2010-03-01,0.06933309438794459,0.006532171828917135,30.535809283447314,2.4178367441034765
2010-03-02,0.05942836661823822,0.0055990044247861154,30.595237650065553,2.4234357485282625
2010-03-03,0.02971418330911911,0.0027995022123930577,30.62495183337467,2.4262352507406555
2010-03-04,0.07428545827279778,0.006998755530982645,30.699237291647467,2.433234006271638
2010-03-05,0.12986454306141212,0.01213117625370325,30.82910183470888,2.4453651825253413
2010-03-06,0.00990472776970637,0.0009331674041310193,30.839006562478584,2.446298349929472
2010-03-07,0.01980945553941274,0.0018663348082620386,30.858816018017997,2.4481646847377343
2010-03-08,0.054476002733385036,0.005132420722720606,30.91329202075138,2.453297105460455
2010-03-09,0.10718359507438538,0.005132420722720606,31.020475615825767,2.458429526183176
2010-03-10,0.0990472776970637,0.009331674041310193,31.11952289352283,2.467761200224486
2010-03-11,0.01980945553941274,0.0018663348082620386,31.139332349062244,2.4696275350327483
2010-03-12,0.034666547193972296,0.0032660859144585676,31.173998896256215,2.472893620947207
2010-03-15,0.02971418330911911,0.0027995022123930577,31.203713079565333,2.4756931231596
2010-03-16,0.1305666885623393,0.0046658370206550965,31.334279768127672,2.480358960180255
2010-03-17,0.037052723192409556,0.003732669616524077,31.371332491320082,2.4840916297967794
2010-03-18,0.054476002733385036,0.005132420722720606,31.425808494053467,2.4892240505195002
2010-03-19,0.044571274963678666,0.004199253318589587,31.470379769017146,2.4934233038380897
2010-03-20,0.004952363884853185,0.00046658370206550964,31.475332132902,2.4938898875401554
2010-03-22,0.034666547193972296,0.0032660859144585676,31.509998680095972,2.497155973454614
2010-03-23,0.06933309438794459,0.006532171828917135,31.579331774483915,2.5036881452835313
2010-03-24,0.08914254992735733,0.008398506637179174,31.66847432441127,2.5120866519207103
2010-03-25,0.07428545827279778,0.006998755530982645,31.742759782684068,2.519085407451693
2010-03-26,0.044571274963678666,0.004199253318589587,31.787331057647748,2.5232846607702824
2010-03-29,0.01980945553941274,0.0018663348082620386,31.80714051318716,2.5251509955785445
2010-03-30,0.0643807305030914,0.006065588126851625,31.871521243690253,2.531216583705396
2010-03-31,0.08914254992735733,0.008398506637179174,31.96066379361761,2.539615090342575
2010-04-01,0.03226033947701211,0.0027995022123930577,31.992924133094622,2.542414592554968
2010-04-02,0.024761819424265925,0.0023329185103275482,32.01768595251889,2.5447475110652955
2010-04-03,0.014857091654559555,0.0013997511061965289,32.03254304417345,2.546147262171492
2010-04-05,0.07887779838169365,0.005132420722720606,32.11142084255515,2.551279682894213
2010-04-06,0.0666053401590953,0.006065588126851625,32.17802618271424,2.5573452710210645
2010-04-07,0.08914254992735733,0.008398506637179174,32.2671687326416,2.5657437776582435
2010-04-08,0.14361855266074236,0.01353092735989978,32.41078728530234,2.5792747050181433
2010-04-09,0.014857091654559555,0.0013997511061965289,32.4256443769569,2.5806744561243398
2010-04-10,0.00990472776970637,0.0009331674041310193,32.43554910472661,2.5816076235284706
2010-04-11,0.02971418330911911,0.0027995022123930577,32.46526328803573,2.5844071257408636
2010-04-12,0.00990472776970637,0.0009331674041310193,32.47516801580544,2.5853402931449945
2010-04-13,0.06933309438794459,0.006532171828917135,32.54450111019338,2.5918724649739118
2010-04-14,0.0643807305030914,0.006065588126851625,32.60888184069647,2.5979380531007634
2010-04-15,0.034666547193972296,0.0032660859144585676,32.64354838789044,2.601204139015222
2010-04-16,0.11604592502078578,0.004199253318589587,32.759594312911226,2.6054033923338116
2010-04-18,0.004952363884853185,0.00046658370206550964,32.76454667679608,2.6058699760358772
2010-04-19,0.07428545827279778,0.006998755530982645,32.83883213506888,2.6128687315668597
2010-04-20,0.08419018604250414,0.007931922935113665,32.92302232111138,2.6208006545019735
2010-04-21,0.034666547193972296,0.0032660859144585676,32.957688868305354,2.624066740416432
2010-04-22,0.07923782215765096,0.007465339233048154,33.036926690463005,2.6315320796494803
2010-04-24,0.00990472776970637,0.0009331674041310193,33.04683141823271,2.632465247053611
2010-04-25,0.004952363884853185,0.00046658370206550964,33.05178378211757,2.632931830755677
2010-04-26,0.024761819424265925,0.0023329185103275482,33.07654560154183,2.635264749266004
2010-04-27,0.034666547193972296,0.0032660859144585676,33.1112121487358,2.638530835180463
2010-04-28,0.11390436935162326,0.010731425147506721,33.225116518087425,2.6492622603279696
2010-04-29,0.024761819424265925,0.0023329185103275482,33.24987833751169,2.651595178838297
2010-04-30,0.044571274963678666,0.004199253318589587,33.29444961247537,2.6557944321568865
2010-05-01,0.004952363884853185,0.00046658370206550964,33.29940197636022,2.656261015858952
2010-05-02,0.014857091654559555,0.0013997511061965289,33.314259068014785,2.6576607669651486
2010-05-03,0.1634280082001551,0.015397262168161818,33.47768707621494,2.6730580291333106
2010-05-04,0.08914254992735733,0.008398506637179174,33.5668296261423,2.6814565357704896
2010-05-05,0.03961891107882548,0.003732669616524077,33.60644853722113,2.685189205387014
2010-05-06,0.04952363884853185,0.0046658370206550965,33.65597217606966,2.689855042407669
2010-05-07,0.0643807305030914,0.006065588126851625,33.72035290657275,2.6959206305345207
2010-05-10,0.0643807305030914,0.006065588126851625,33.78473363707584,2.7019862186613723
2010-05-11,0.02971418330911911,0.0027995022123930577,33.814447820384956,2.7047857208737653
2010-05-12,0.14361855266074236,0.01353092735989978,33.958066373045696,2.718316648233665
2010-05-13,0.00990472776970637,0.0009331674041310193,33.967971100815404,2.719249815637796
2010-05-14,0.044571274963678666,0.004199253318589587,34.012542375779084,2.7234490689563855
2010-05-16,0.004952363884853185,0.00046658370206550964,34.01749473966394,2.723915652658451
2010-05-17,0.034666547193972296,0.0032660859144585676,34.05216128685791,2.72718173857291
2010-05-18,0.044571274963678666,0.004199253318589587,34.09673256182159,2.7313809918914993
2010-05-19,0.06933309438794459,0.006532171828917135,34.16606565620953,2.7379131637204166
2010-05-20,0.0643807305030914,0.006065588126851625,34.23044638671262,2.7439787518472682
2010-05-21,0.05942836661823822,0.0055990044247861154,34.28987475333086,2.7495777562720543
2010-05-22,0.01980945553941274,0.0018663348082620386,34.309684208870266,2.7514440910803164
2010-05-23,0.004952363884853185,0.00046658370206550964,34.31463657275512,2.751910674782382
2010-05-24,0.15847564431530192,0.014930678466096308,34.47311221707042,2.7668413532484784
2010-05-25,0.07923782215765096,0.007465339233048154,34.552350039228074,2.7743066924815265
2010-05-26,0.01980945553941274,0.0018663348082620386,34.57215949476748,2.7761730272897887
2010-05-27,0.054476002733385036,0.005132420722720606,34.62663549750087,2.7813054480125095
2010-05-28,0.16838037208500828,0.01586384587022733,34.79501586958588,2.7971692938827366
2010-05-29,0.00990472776970637,0.0009331674041310193,34.80492059735559,2.7981024612868675
2010-05-31,0.00990472776970637,0.0009331674041310193,34.8148253251253,2.7990356286909983
2010-06-01,0.08914254992735733,0.008398506637179174,34.90396787505266,2.8074341353281773
2010-06-02,0.17474740465163724,0.0055990044247861154,35.0787152797043,2.8130331397529633
2010-06-03,0.11885673323647644,0.011198008849572231,35.197572012940775,2.8242311486025358
2010-06-04,0.08626645533427187,0.006065588126851625,35.28383846827505,2.8302967367293874
2010-06-07,0.04952363884853185,0.0046658370206550965,35.333362107123584,2.8349625737500426
2010-06-08,0.06933309438794459,0.006532171828917135,35.40269520151153,2.84149474557896
2010-06-09,0.12252600317812166,0.01166459255163774,35.52522120468965,2.8531593381305975
2010-06-10,0.02971418330911911,0.0027995022123930577,35.55493538799877,2.8559588403429905
2010-06-11,0.034666547193972296,0.0032660859144585676,35.58960193519274,2.859224926257449
2010-06-12,0.004952363884853185,0.00046658370206550964,35.59455429907759,2.859691509959515
2010-06-14,0.03961891107882548,0.003732669616524077,35.63417321015642,2.863424179576039
2010-06-15,0.03961891107882548,0.003732669616524077,35.673792121235245,2.8671568491925634
2010-06-16,0.03961891107882548,0.003732669616524077,35.71341103231407,2.8708895188090877
2010-06-17,0.054476002733385036,0.005132420722720606,35.76788703504746,2.8760219395318085
2010-06-18,0.03961891107882548,0.003732669616524077,35.807505946126284,2.879754609148333
2010-06-21,0.12747836706297486,0.01213117625370325,35.93498431318926,2.891885785402036
2010-06-22,0.08943200024485447,0.008398506637179174,36.024416313434116,2.900284292039215
2010-06-23,0.06933309438794459,0.006532171828917135,36.09374940782206,2.9068164638681324
2010-06-24,0.05942836661823822,0.0055990044247861154,36.153177774440294,2.9124154682929184
2010-06-25,0.054476002733385036,0.005132420722720606,36.20765377717368,2.917547889015639
2010-06-26,0.004952363884853185,0.00046658370206550964,36.21260614105854,2.918014472717705
2010-06-27,0.00990472776970637,0.0009331674041310193,36.222510868828245,2.9189476401218357
2010-06-28,0.02971418330911911,0.0027995022123930577,36.25222505213736,2.9217471423342287
2010-06-29,0.04952363884853185,0.0046658370206550965,36.301748690985896,2.926412979354884
2010-06-30,0.05039198980102326,0.003732669616524077,36.35214068078692,2.930145648971408
2010-07-01,0.08157388108680046,0.006532171828917135,36.433714561873714,2.9366778208003255
2010-07-02,0.01980945553941274,0.0018663348082620386,36.45352401741312,2.9385441556085876
2010-07-03,0.004952363884853185,0.00046658370206550964,36.45847638129798,2.9390107393106533
2010-07-04,0.014857091654559555,0.0013997511061965289,36.47333347295254,2.9404104904168498
2010-07-06,0.03961891107882548,0.003732669616524077,36.512952384031365,2.944143160033374
2010-07-07,0.04824054490532389,0.0046658370206550965,36.56119292893669,2.948808997054029
2010-07-08,0.03961891107882548,0.003732669616524077,36.60081184001552,2.9525416666705535
2010-07-09,0.18671086754953348,0.01213117625370325,36.78752270756505,2.964672842924257
2010-07-10,0.014857091654559555,0.0013997511061965289,36.802379799219615,2.9660725940304533
2010-07-12,0.08914254992735733,0.008398506637179174,36.891522349146975,2.9744711006676323
2010-07-13,0.077954728214443,0.007465339233048154,36.96947707736142,2.9819364399006805
2010-07-14,0.13017700410626662,0.0018663348082620386,37.09965408146768,2.9838027747089426
2010-07-15,0.08914254992735733,0.008398506637179174,37.18879663139504,2.9922012813461216
2010-07-16,0.014857091654559555,0.0013997511061965289,37.203653723049605,2.993601032452318
2010-07-18,0.004952363884853185,0.00046658370206550964,37.20860608693446,2.9940676161543838
2010-07-19,0.2643585356135161,0.020063099188816914,37.47296462254798,3.014130715343201
2010-07-20,0.20799928316383376,0.019596515486751405,37.68096390571181,3.0337272308299523
2010-07-21,0.014857091654559555,0.0013997511061965289,37.695820997366376,3.035126981936149
2010-07-22,0.0643807305030914,0.006065588126851625,37.760201727869465,3.0411925700630005
2010-07-23,0.024761819424265925,0.0023329185103275482,37.78496354729373,3.043525488573328
2010-07-26,0.0643807305030914,0.006065588126851625,37.84934427779682,3.0495910767001795
2010-07-27,0.06805000044473664,0.006532171828917135,37.91739427824155,3.056123248529097
2010-07-28,0.014857091654559555,0.0013997511061965289,37.932251369896115,3.0575229996352933
2010-07-29,0.06933309438794459,0.006532171828917135,38.00158446428406,3.0640551714642106
2010-07-30,0.024761819424265925,0.0023329185103275482,38.02634628370832,3.066388089974538
2010-08-02,0.10271654763870892,0.009798257743375702,38.12906283134703,3.0761863477179134
2010-08-03,0.034666547193972296,0.0032660859144585676,38.163729378541,3.079452433632372
2010-08-04,0.05505490336837931,0.0046658370206550965,38.21878428190938,3.0841182706530272
2010-08-05,0.1074472423522237,0.0023329185103275482,38.3262315242616,3.0864511891633546
2010-08-06,0.00990472776970637,0.0009331674041310193,38.33613625203131,3.0873843565674854
2010-08-07,0.00990472776970637,0.0009331674041310193,38.34604097980102,3.0883175239716163
2010-08-09,0.10895200546677007,0.010264841445441212,38.454992985267786,3.0985823654170574
2010-08-10,0.07923782215765096,0.007465339233048154,38.53423080742544,3.1060477046501056
2010-08-11,0.36212522212440573,0.02706185471979956,38.89635602954984,3.133109559369905
2010-08-12,0.00990472776970637,0.0009331674041310193,38.90626075731955,3.134042726774036
2010-08-13,0.044571274963678666,0.004199253318589587,38.95083203228323,3.1382419800926256
2010-08-14,0.004952363884853185,0.00046658370206550964,38.955784396168085,3.138708563794691
2010-08-16,0.03961891107882548,0.003732669616524077,38.99540330724691,3.1424412334112155
2010-08-17,0.054476002733385036,0.005132420722720606,39.0498793099803,3.1475736541339363
2010-08-18,0.10399964158191688,0.009798257743375702,39.15387895156221,3.157371911877312
2010-08-19,0.06933309438794459,0.006532171828917135,39.223212045950156,3.163904083706229
2010-08-20,0.004952363884853185,0.00046658370206550964,39.22816440983501,3.1643706674082948
2010-08-23,0.004952363884853185,0.00046658370206550964,39.233116773719864,3.1648372511103604
2010-08-24,0.044571274963678666,0.004199253318589587,39.277688048683544,3.16903650442895
2010-08-25,0.08206682395714612,0.006998755530982645,39.35975487264069,3.1760352599599324
2010-08-26,0.12380909712132962,0.01166459255163774,39.483563969762024,3.18769985251157
2010-08-27,0.024761819424265925,0.0023329185103275482,39.50832578918629,3.1900327710218974
2010-08-28,0.004952363884853185,0.00046658370206550964,39.51327815307114,3.190499354723963
2010-08-30,0.10461280504249798,0.006065588126851625,39.61789095811364,3.1965649428508147
2010-08-31,0.0990472776970637,0.009331674041310193,39.7169382358107,3.205896616892125
2010-09-01,0.0990472776970637,0.009331674041310193,39.81598551350776,3.2152282909334353
2010-09-02,0.05942836661823822,0.0055990044247861154,39.875413880126,3.2208272953582213
2010-09-03,0.03961891107882548,0.003732669616524077,39.91503279120482,3.2245599649747456
2010-09-04,0.01980945553941274,0.0018663348082620386,39.93484224674423,3.2264262997830078
2010-09-05,0.004952363884853185,0.00046658370206550964,39.939794610629086,3.2268928834850734
2010-09-06,0.004952363884853185,0.00046658370206550964,39.94474697451394,3.227359467187139
2010-09-07,0.3178196395830952,0.028928189528061598,40.26256661409703,3.256287656715201
2010-09-08,0.21790401093354014,0.020529682890882424,40.48047062503057,3.276817339606083
2010-09-09,0.09776418375385575,0.009331674041310193,40.57823480878442,3.2861490136473934
2010-09-10,0.04952363884853185,0.0046658370206550965,40.62775844763296,3.2908148506680486
2010-09-11,0.024761819424265925,0.0023329185103275482,40.65252026705722,3.293147769178376
2010-09-13,0.054476002733385036,0.005132420722720606,40.70699626979061,3.2982801899010967
2010-09-14,0.11920090276873281,0.010264841445441212,40.82619717255934,3.308545031346538
2010-09-15,0.35969336945920377,0.03312744284665119,41.18589054201854,3.341672474193189
2010-09-16,0.044571274963678666,0.004199253318589587,41.23046181698222,3.3458717275117786
2010-09-17,0.054476002733385036,0.005132420722720606,41.28493781971561,3.3510041482344994
2010-09-20,0.147091956470708,0.008398506637179174,41.43202977618632,3.3594026548716784
2010-09-21,0.21013054091234984,0.009331674041310193,41.64216031709867,3.3687343289129887
2010-09-22,0.02971418330911911,0.0027995022123930577,41.67187450040779,3.3715338311253817
2010-09-23,0.16838037208500828,0.01586384587022733,41.8402548724928,3.387397676995609
2010-09-24,0.0643807305030914,0.006065588126851625,41.90463560299589,3.3934632651224605
2010-09-25,0.004952363884853185,0.00046658370206550964,41.90958796688074,3.393929848824526
2010-09-27,0.22369301728348284,0.01166459255163774,42.13328098416422,3.405594441376164
2010-09-28,0.06933309438794459,0.006532171828917135,42.202614078552166,3.412126613205081
2010-09-29,0.12380909712132962,0.01166459255163774,42.3264231756735,3.423791205756719
2010-09-30,0.05942836661823822,0.0055990044247861154,42.38585154229173,3.429390210181505
2010-10-01,0.02971418330911911,0.0027995022123930577,42.41556572560085,3.432189712393898
2010-10-04,0.09950088565883855,0.006998755530982645,42.51506661125969,3.4391884679248803
2010-10-05,0.00990472776970637,0.0009331674041310193,42.5249713390294,3.440121635329011
2010-10-06,0.10399964158191688,0.009798257743375702,42.628970980611314,3.4499198930723867
2010-10-07,0.034666547193972296,0.0032660859144585676,42.663637527805285,3.4531859789868453
2010-10-08,0.014857091654559555,0.0013997511061965289,42.67849461945985,3.454585730093042
2010-10-10,0.004952363884853185,0.00046658370206550964,42.6834469833447,3.4550523137951075
2010-10-11,0.17333273596986148,0.01633042957229284,42.85677971931457,3.4713827433674003
2010-10-12,0.3664749274791357,0.034527193952847715,43.223254646793706,3.505909937320248
2010-10-13,0.10399964158191688,0.009798257743375702,43.32725428837562,3.5157081950636235
2010-10-14,0.19689000878125523,0.006065588126851625,43.52414429715687,3.521773783190475
2010-10-15,0.24144461211301377,0.008398506637179174,43.76558890926989,3.530172289827654
2010-10-18,0.15352328043044874,0.014464094764030799,43.919112189700336,3.544636384591685
2010-10-19,0.08914254992735733,0.008398506637179174,44.008254739627695,3.553034891228864
2010-10-20,0.1402934522513535,0.012597759955768761,44.14854819187905,3.565632651184633
2010-10-21,0.11885673323647644,0.011198008849572231,44.26740492511553,3.5768306600342052
2010-10-22,0.0643807305030914,0.006065588126851625,44.33178565561862,3.582896248161057
2010-10-25,0.024761819424265925,0.0023329185103275482,44.35654747504288,3.5852291666713842
2010-10-26,0.04952363884853185,0.0046658370206550965,44.406071113891414,3.5898950036920394
2010-10-27,0.05942836661823822,0.0055990044247861154,44.46549948050965,3.5954940081168254
2010-10-28,0.24434927809324966,0.020996266592947933,44.7098487586029,3.6164902747097734
2010-10-29,0.05942836661823822,0.0055990044247861154,44.76927712522114,3.6220892791345594
2010-10-30,0.02971418330911911,0.0027995022123930577,44.798991308530255,3.6248887813469524
2010-10-31,0.024761819424265925,0.0023329185103275482,44.82375312795452,3.6272216998572797
2010-11-01,0.41169413525988074,0.01166459255163774,45.2354472632144,3.6388862924089174
2010-11-02,0.024761819424265925,0.0023329185103275482,45.26020908263866,3.6412192109192447
2010-11-03,0.416295533893311,0.015397262168161818,45.67650461653197,3.6566164730874067
2010-11-04,0.10399964158191688,0.009798257743375702,45.780504258113886,3.666414730830782
2010-11-05,0.08932504859582999,0.005132420722720606,45.86982930670972,3.671547151553503
2010-11-06,0.034666547193972296,0.0032660859144585676,45.90449585390369,3.6748132374679616
2010-11-07,0.034666547193972296,0.0032660859144585676,45.93916240109766,3.6780793233824203
2010-11-08,0.4952363884853185,0.04665837020655096,46.43439878958298,3.7247376935889713
2010-11-09,0.02971418330911911,0.0027995022123930577,46.464112972892096,3.7275371958013643
2010-11-10,0.044571274963678666,0.004199253318589587,46.508684247855776,3.731736449119954
2010-11-15,0.16838037208500828,0.01586384587022733,46.677064619940786,3.747600294990181
2010-11-16,0.076890511130272,0.003732669616524077,46.75395513107106,3.7513329646067053
2010-11-17,0.15352328043044874,0.014464094764030799,46.90747841150151,3.765797059370736
2010-11-18,0.32190365251545705,0.030327940634258126,47.22938206401697,3.796125000004994
2010-11-19,0.27208354829544157,0.010264841445441212,47.50146561231241,3.8063898414504354
2010-11-21,0.004952363884853185,0.00046658370206550964,47.50641797619726,3.806856425152501
2010-11-22,0.1520831853266195,0.003732669616524077,47.65850116152388,3.8105890947690253
2010-11-23,0.10982035641926148,0.009331674041310193,47.76832151794314,3.8199207688103356
2010-11-24,0.14990872970356275,0.01399751106196529,47.918230247646704,3.833918279872301
2010-11-25,0.004952363884853185,0.00046658370206550964,47.92318261153156,3.8343848635743667
2010-11-26,0.01980945553941274,0.0018663348082620386,47.94299206707097,3.836251198382629
2010-11-27,0.034666547193972296,0.0032660859144585676,47.97765861426494,3.8395172842970875
2010-11-28,0.07923782215765096,0.007465339233048154,48.05689643642259,3.8469826235301356
2010-11-29,0.4358080218670803,0.04105936578176485,48.49270445828967,3.8880419893119007
2010-11-30,0.6702424093853591,0.043858867994157905,49.16294686767503,3.9319008573060588
2010-12-01,0.28286364207162584,0.02612868731566854,49.44581050974666,3.9580295446217275
2010-12-02,0.20799928316383376,0.019596515486751405,49.653809792910494,3.977626060108479
2010-12-03,0.08419018604250414,0.007931922935113665,49.737999978953,3.9855579830435928
2010-12-04,0.004952363884853185,0.00046658370206550964,49.74295234283785,3.9860245667456584
2010-12-06,0.07923782215765096,0.007465339233048154,49.822190164995504,3.9934899059787066
2010-12-07,0.08785945598414938,0.008398506637179174,49.910049620979656,4.001888412615886
2010-12-08,0.32801381767029875,0.029394773230127107,50.23806343864995,4.0312831858460125
2010-12-09,0.07208849845328211,0.0055990044247861154,50.310151937103235,4.0368821902707985
2010-12-10,0.11885673323647644,0.011198008849572231,50.42900867033971,4.0480801991203705
2010-12-11,0.004952363884853185,0.00046658370206550964,50.433961034224566,4.048546782822436
2010-12-12,0.00990472776970637,0.0009331674041310193,50.443865761994275,4.0494799502265675
2010-12-13,0.267427649782072,0.025195519911537522,50.711293411776346,4.074675470138105
2010-12-14,0.4232261265050514,0.01213117625370325,51.134519538281396,4.086806646391809
2010-12-15,0.04952363884853185,0.0046658370206550965,51.18404317712993,4.091472483412463
2010-12-16,0.08914254992735733,0.008398506637179174,51.27318572705729,4.099870990049642
2010-12-17,0.014857091654559555,0.0013997511061965289,51.28804281871185,4.101270741155839
2010-12-18,0.034666547193972296,0.0032660859144585676,51.32270936590582,4.104536827070298
2010-12-20,0.04952363884853185,0.0046658370206550965,51.37223300475436,4.109202664090953
2010-12-21,0.07923782215765096,0.007465339233048154,51.45147082691201,4.116668003324001
2010-12-22,0.17941119263730132,0.007465339233048154,51.63088201954931,4.12413334255705
2010-12-23,0.03961891107882548,0.003732669616524077,51.67050093062814,4.127866012173574
2010-12-24,0.01980945553941274,0.0018663348082620386,51.690310386167546,4.129732346981836
2010-12-26,0.004952363884853185,0.00046658370206550964,51.6952627500524,4.1301989306839015
2010-12-27,0.1641004930209669,0.008865090339244684,51.85936324307337,4.139064021023146
2010-12-28,0.09310127018649969,0.008398506637179174,51.95246451325987,4.147462527660325
2010-12-29,0.278998505998301,0.020996266592947933,52.23146301925817,4.168458794253273
2010-12-30,0.10617048119016495,0.009798257743375702,52.337633500448334,4.178257051996649
2010-12-31,0.01980945553941274,0.0018663348082620386,52.35744295598774,4.180123386804911
2011-01-03,0.0643807305030914,0.006065588126851625,52.42182368649083,4.1861889749317625
2011-01-04,0.02843108936591115,0.0027995022123930577,52.45025477585674,4.1889884771441555
2011-01-05,0.14361855266074236,0.01353092735989978,52.59387332851748,4.202519404504055
2011-01-06,0.14868884804116284,0.0046658370206550965,52.74256217655864,4.2071852415247095
2011-01-07,0.024761819424265925,0.0023329185103275482,52.767323995982906,4.209518160035037
2011-01-08,0.004952363884853185,0.00046658370206550964,52.77227635986776,4.2099847437371025
2011-01-09,0.014857091654559555,0.0013997511061965289,52.78713345152232,4.2113844948432995
2011-01-10,0.1287614610061828,0.01213117625370325,52.91589491252851,4.223515671097003
2011-01-11,0.07923782215765096,0.007465339233048154,52.99513273468616,4.230981010330051
2011-01-12,0.07123003439416249,0.006532171828917135,53.06636276908032,4.237513182158969
2011-01-13,0.1709572396203475,0.0055990044247861154,53.23732000870067,4.243112186583755
2011-01-14,0.004952363884853185,0.00046658370206550964,53.242272372585525,4.24357877028582
2011-01-15,0.02971418330911911,0.0027995022123930577,53.27198655589464,4.246378272498213
2011-01-17,0.044571274963678666,0.004199253318589587,53.31655783085832,4.250577525816803
2011-01-18,0.08914254992735733,0.008398506637179174,53.40570038078568,4.258976032453982
2011-01-19,0.133713824891036,0.012597759955768761,53.53941420567672,4.271573792409751
2011-01-20,0.30114481322241476,0.008865090339244684,53.840559018899135,4.280438882748996
2011-01-21,0.02971418330911911,0.0027995022123930577,53.87027320220825,4.283238384961389
2011-01-24,0.07428545827279778,0.006998755530982645,53.94455866048105,4.290237140492372
2011-01-25,0.1287614610061828,0.01213117625370325,54.073320121487235,4.302368316746075
2011-01-26,0.21719257060794397,0.017730180678489367,54.29051269209518,4.320098497424564
2011-01-27,0.29200945731835926,0.02799502212393058,54.582522149413535,4.348093519548495
2011-01-28,0.024761819424265925,0.0023329185103275482,54.6072839688378,4.350426438058823
2011-01-29,0.00990472776970637,0.0009331674041310193,54.617188696607506,4.351359605462954
2011-01-30,0.004952363884853185,0.00046658370206550964,54.62214106049236,4.35182618916502
2011-01-31,0.151292454163122,0.010731425147506721,54.77343351465548,4.362557614312526
2011-02-01,0.14361855266074236,0.01353092735989978,54.91705206731622,4.376088541672425
2011-02-02,0.07923782215765096,0.007465339233048154,54.99628988947387,4.383553880905474
2011-02-03,0.10895200546677007,0.010264841445441212,55.10524189494064,4.3938187223509155
2011-02-04,0.18979742746626446,0.0032660859144585676,55.29503932240691,4.397084808265374
2011-02-06,0.004952363884853185,0.00046658370206550964,55.29999168629176,4.39755139196744
2011-02-07,0.01980945553941274,0.0018663348082620386,55.31980114183117,4.3994177267757015
2011-02-08,0.17333273596986148,0.01633042957229284,55.493133877801036,4.415748156347995
2011-02-09,0.03961891107882548,0.003732669616524077,55.53275278887986,4.419480825964519
2011-02-10,0.08419018604250414,0.007931922935113665,55.61694297492237,4.427412748899632
2011-02-11,0.05942836661823822,0.0055990044247861154,55.6763713415406,4.433011753324418
2011-02-14,0.2914186219827067,0.018663348082620386,55.96778996352331,4.451675101407039
2011-02-15,0.00990472776970637,0.0009331674041310193,55.97769469129302,4.45260826881117
2011-02-16,0.20794995885009754,0.006998755530982645,56.18564465014312,4.459607024342153
2011-02-17,0.24255650208141025,0.010264841445441212,56.42820115222453,4.469871865787595
2011-02-18,0.034666547193972296,0.0032660859144585676,56.4628676994185,4.4731379517020535
2011-02-19,0.03961891107882548,0.003732669616524077,56.50248661049733,4.476870621318578
2011-02-21,0.044571274963678666,0.004199253318589587,56.54705788546101,4.481069874637168
2011-02-22,0.16434284222701223,0.009331674041310193,56.71140072768802,4.490401548678478
2011-02-23,0.15147246605110065,0.01166459255163774,56.86287319373913,4.502066141230116
2011-02-24,0.03961891107882548,0.003732669616524077,56.90249210481795,4.50579881084664
2011-02-25,0.07923782215765096,0.007465339233048154,56.9817299269756,4.513264150079689
2011-02-26,0.004952363884853185,0.00046658370206550964,56.98668229086046,4.513730733781754
2011-02-28,0.1634280082001551,0.015397262168161818,57.150110299060614,4.529127995949916
2011-03-01,0.133713824891036,0.012597759955768761,57.28382412395165,4.541725755905685
2011-03-02,0.04824054490532389,0.0046658370206550965,57.33206466885698,4.54639159292634
2011-03-03,0.11805974849799672,0.004199253318589587,57.45012441735498,4.55059084624493
2011-03-06,0.014857091654559555,0.0013997511061965289,57.46498150900954,4.551990597351127
2011-03-07,0.01980945553941274,0.0018663348082620386,57.48479096454895,4.5538569321593885
2011-03-08,0.1287614610061828,0.01213117625370325,57.613552425555135,4.565988108413092
2011-03-09,0.22285637481839332,0.020996266592947933,57.836408800373526,4.58698437500604
2011-03-10,0.12949991713998332,0.01213117625370325,57.96590871751351,4.599115551259743
2011-03-11,0.00990472776970637,0.0009331674041310193,57.975813445283215,4.600048718663874
2011-03-12,0.004952363884853185,0.00046658370206550964,57.98076580916807,4.60051530236594
2011-03-13,0.004952363884853185,0.00046658370206550964,57.98571817305292,4.600981886068006
2011-03-14,0.07428545827279778,0.006998755530982645,58.06000363132572,4.607980641598989
2011-03-15,0.013573997711351595,0.0013997511061965289,58.073577629037075,4.6093803927051855
2011-03-16,0.09409491381221052,0.008865090339244684,58.16767254284929,4.61824548304443
2011-03-17,0.024761819424265925,0.0023329185103275482,58.19243436227355,4.6205784015547575
2011-03-18,0.00990472776970637,0.0009331674041310193,58.20233909004326,4.621511568958889
2011-03-20,0.004952363884853185,0.00046658370206550964,58.207291453928114,4.6219781526609545
2011-03-21,0.036117321946724845,0.0023329185103275482,58.24340877587484,4.624311071171282
2011-03-22,0.23646778044385316,0.019129931784685895,58.47987655631869,4.643441002955968
2011-03-23,0.166089541855022,0.011198008849572231,58.645966098173716,4.65463901180554
2011-03-24,0.06933309438794459,0.006532171828917135,58.71529919256166,4.661171183634457
2011-03-25,0.03961891107882548,0.003732669616524077,58.754918103640485,4.664903853250982
2011-03-28,0.24231648623077207,0.007931922935113665,58.997234589871255,4.672835776186095
2011-03-29,0.12380909712132962,0.01166459255163774,59.121043686992586,4.684500368737733
2011-03-30,0.11885673323647644,0.011198008849572231,59.23990042022906,4.695698377587305
2011-03-31,0.133713824891036,0.012597759955768761,59.3736142451201,4.708296137543074
2011-04-01,0.06309763655988344,0.006065588126851625,59.43671188167998,4.714361725669925
2011-04-02,0.004952363884853185,0.00046658370206550964,59.44166424556484,4.714828309371991
2011-04-03,0.20003604149707968,0.008865090339244684,59.641700287061916,4.723693399711236
2011-04-04,0.1634280082001551,0.015397262168161818,59.80512829526207,4.7390906618793975
2011-04-05,0.11390436935162326,0.010731425147506721,59.919032664613695,4.749822087026904
2011-04-06,0.11390436935162326,0.010731425147506721,60.03293703396532,4.76055351217441
2011-04-07,0.17883581516757394,0.008865090339244684,60.21177284913289,4.769418602513655
2011-04-08,0.04952363884853185,0.0046658370206550965,60.261296487981426,4.77408443953431
2011-04-09,0.014857091654559555,0.0013997511061965289,60.27615357963599,4.7754841906405066
2011-04-10,0.00990472776970637,0.0009331674041310193,60.286058307405696,4.776417358044638
2011-04-11,0.16545416042263505,0.012597759955768761,60.45151246782833,4.789015118000407
2011-04-12,0.4806868695054889,0.029394773230127107,60.93219933733382,4.818409891230534
2011-04-13,0.21491927066648772,0.007931922935113665,61.147118608000305,4.826341814165647
2011-04-14,0.10399964158191688,0.009798257743375702,61.25111824958222,4.836140071909023
2011-04-15,0.044571274963678666,0.004199253318589587,61.2956895245459,4.840339325227613
2011-04-16,0.01980945553941274,0.0018663348082620386,61.31549898008531,4.842205660035875
2011-04-17,0.00990472776970637,0.0009331674041310193,61.32540370785502,4.843138827440006
2011-04-18,0.38200109094236284,0.01353092735989978,61.70740479879738,4.856669754799905
2011-04-19,0.2316680748242955,0.009331674041310193,61.939072873621676,4.866001428841216
2011-04-20,0.143989256085623,0.004199253318589587,62.0830621297073,4.870200682159806
2011-04-21,0.13866618877588918,0.01306434365783427,62.22172831848319,4.88326502581764
2011-04-22,0.044571274963678666,0.004199253318589587,62.26629959344687,4.88746427913623
2011-04-23,0.01980945553941274,0.0018663348082620386,62.286109048986276,4.889330613944492
2011-04-24,0.00990472776970637,0.0009331674041310193,62.296013776755984,4.890263781348623
2011-04-25,0.04952363884853185,0.0046658370206550965,62.34553741560452,4.894929618369278
2011-04-26,0.12380909712132962,0.01166459255163774,62.46934651272585,4.9065942109209155
2011-04-27,0.06933309438794459,0.006532171828917135,62.53867960711379,4.913126382749833
2011-04-28,0.06933309438794459,0.006532171828917135,62.608012701501735,4.91965855457875
2011-04-29,0.05942836661823822,0.0055990044247861154,62.66744106811997,4.925257559003536
2011-04-30,0.02971418330911911,0.0027995022123930577,62.69715525142909,4.928057061215929
2011-05-01,0.034666547193972296,0.0032660859144585676,62.73182179862306,4.931323147130388
2011-05-02,0.11390436935162326,0.010731425147506721,62.84572616797468,4.942054572277894
2011-05-03,0.04952363884853185,0.0046658370206550965,62.895249806823216,4.946720409298549
2011-05-04,0.2755322586719918,0.01306434365783427,63.17078206549521,4.959784752956383
2011-05-05,0.2339118575275545,0.018663348082620386,63.40469392302276,4.978448101039004
2011-05-06,0.07428545827279778,0.006998755530982645,63.47897938129556,4.985446856569987
2011-05-07,0.01980945553941274,0.0018663348082620386,63.49878883683497,4.987313191378249
2011-05-08,0.00990472776970637,0.0009331674041310193,63.50869356460468,4.98824635878238
2011-05-09,0.0643807305030914,0.006065588126851625,63.573074295107766,4.994311946909232
2011-05-10,0.23065028424609207,0.018663348082620386,63.803724579353855,5.012975294991852
2011-05-11,0.13339715308256406,0.01166459255163774,63.93712173243642,5.02463988754349
2011-05-12,0.07923782215765096,0.007465339233048154,64.01635955459406,5.0321052267765385
2011-05-13,0.08914254992735733,0.008398506637179174,64.10550210452142,5.0405037334137175
2011-05-14,0.00990472776970637,0.0009331674041310193,64.11540683229113,5.041436900817849
2011-05-15,0.02971418330911911,0.0027995022123930577,64.14512101560025,5.044236403030242
2011-05-16,0.4669913345965217,0.03825986356937179,64.61211235019678,5.082496266599613
2011-05-17,0.3714272913639889,0.034993777654913225,64.98353964156077,5.117490044254526
2011-05-18,0.19314219150927422,0.018196764380554876,65.17668183307005,5.135686808635081
2011-05-19,0.3182697243796032,0.025195519911537522,65.49495155744965,5.160882328546619
2011-05-20,0.014857091654559555,0.0013997511061965289,65.50980864910422,5.162282079652816
2011-05-21,0.054476002733385036,0.005132420722720606,65.5642846518376,5.1674145003755365
2011-05-23,0.4388509385957511,0.015397262168161818,66.00313559043335,5.1828117625436985
2011-05-24,0.08914254992735733,0.008398506637179174,66.0922781403607,5.1912102691808775
2011-05-25,0.07428545827279778,0.006998755530982645,66.1665635986335,5.19820902471186
2011-05-26,0.3585223654613049,0.011198008849572231,66.52508596409481,5.209407033561432
2011-05-27,0.32190365251545705,0.030327940634258126,66.84698961661027,5.239734974195691
2011-05-28,0.02971418330911911,0.0027995022123930577,66.8767037999194,5.242534476408084
2011-05-29,0.034666547193972296,0.0032660859144585676,66.91137034711338,5.245800562322542
2011-05-30,0.02971418330911911,0.0027995022123930577,66.9410845304225,5.248600064534935
2011-05-31,0.3036242099880977,0.02846160582599609,67.2447087404106,5.277061670360931
2011-06-01,0.1804065978456456,0.008865090339244684,67.42511533825625,5.285926760700176
2011-06-02,0.2539203858514881,0.014464094764030799,67.67903572410773,5.300390855464206
2011-06-03,0.034666547193972296,0.0032660859144585676,67.71370227130171,5.303656941378665
2011-06-04,0.004952363884853185,0.00046658370206550964,67.71865463518657,5.304123525080731
2011-06-06,0.41607327930582416,0.01353092735989978,68.13472791449239,5.31765445244063
2011-06-07,0.21295164704868697,0.020063099188816914,68.34767956154107,5.337717551629447
2011-06-08,0.14857091654559557,0.01399751106196529,68.49625047808667,5.351715062691412
2011-06-09,0.2379989336708394,0.010731425147506721,68.7342494117575,5.362446487838918
2011-06-10,0.004952363884853185,0.00046658370206550964,68.73920177564236,5.362913071540984
2011-06-11,0.00990472776970637,0.0009331674041310193,68.74910650341207,5.363846238945115
2011-06-12,0.004952363884853185,0.00046658370206550964,68.75405886729692,5.364312822647181
2011-06-13,0.15306038097461935,0.010731425147506721,68.90711924827154,5.375044247794687
2011-06-14,0.18818982762442105,0.017730180678489367,69.09530907589597,5.392774428473176
2011-06-15,0.2327611025880997,0.021929433997078952,69.32807017848407,5.4147038624702555
2011-06-16,0.26912912003438605,0.01399751106196529,69.59719929851846,5.4287013735322205
2011-06-17,0.20896479871234022,0.015397262168161818,69.8061640972308,5.444098635700382
2011-06-18,0.03961891107882548,0.003732669616524077,69.84578300830962,5.447831305316907
2011-06-20,0.5875709512974749,0.010731425147506721,70.4333539596071,5.458562730464413
2011-06-21,0.16838037208500828,0.01586384587022733,70.60173433169211,5.474426576334641
2011-06-22,0.21295164704868697,0.020063099188816914,70.8146859787408,5.494489675523457
2011-06-23,0.18741898040078978,0.008398506637179174,71.00210495914159,5.502888182160636
2011-06-24,0.0643807305030914,0.006065588126851625,71.06648568964468,5.508953770287488
2011-06-25,0.004952363884853185,0.00046658370206550964,71.07143805352953,5.509420353989554
2011-06-26,0.004952363884853185,0.00046658370206550964,71.07639041741439,5.509886937691619
2011-06-27,0.5591691262339034,0.01166459255163774,71.63555954364828,5.521551530243257
2011-06-28,0.19314219150927422,0.018196764380554876,71.82870173515757,5.539748294623812
2011-06-29,0.10399964158191688,0.009798257743375702,71.93270137673949,5.549546552367188
2011-06-30,0.15847564431530192,0.014930678466096308,72.09117702105479,5.564477230833284
2011-07-01,0.44841923010290224,0.04105936578176485,72.53959625115769,5.605536596615049
2011-07-03,0.01980945553941274,0.0018663348082620386,72.5594057066971,5.6074029314233105
2011-07-05,0.16882341055098252,0.010731425147506721,72.72822911724809,5.618134356570817
2011-07-06,0.08419018604250414,0.007931922935113665,72.8124193032906,5.62606627950593
2011-07-07,0.09409491381221052,0.008865090339244684,72.90651421710281,5.634931369845175
2011-07-08,0.09409491381221052,0.008865090339244684,73.00060913091502,5.6437964601844195
2011-07-09,0.00990472776970637,0.0009331674041310193,73.01051385868473,5.644729627588551
2011-07-10,0.004952363884853185,0.00046658370206550964,73.01546622256959,5.645196211290616
2011-07-11,0.267427649782072,0.025195519911537522,73.28289387235166,5.670391731202154
2011-07-12,0.12991221594563762,0.008865090339244684,73.4128060882973,5.679256821541399
2011-07-13,0.0643807305030914,0.006065588126851625,73.47718681880039,5.685322409668251
2011-07-14,0.2923431675079377,0.007931922935113665,73.76952998630833,5.693254332603364
2011-07-15,0.13724155153798512,0.01306434365783427,73.90677153784631,5.706318676261199
2011-07-16,0.00990472776970637,0.0009331674041310193,73.91667626561602,5.70725184366533
2011-07-17,0.014857091654559555,0.0013997511061965289,73.93153335727058,5.708651594771527
2011-07-18,0.15224018648724078,0.014464094764030799,74.08377354375783,5.7231156895355575
2011-07-19,0.13866618877588918,0.01306434365783427,74.22243973253372,5.736180033193392
2011-07-20,0.19314219150927422,0.018196764380554876,74.415581924043,5.754376797573947
2011-07-21,0.21095167726965228,0.019129931784685895,74.62653360131264,5.773506729358633
2011-07-22,0.1477647275161729,0.010731425147506721,74.77429832882882,5.78423815450614
2011-07-24,0.0643807305030914,0.006065588126851625,74.83867905933191,5.790303742632991
2011-07-25,0.054476002733385036,0.005132420722720606,74.89315506206529,5.795436163355712
2011-07-26,0.18818982762442105,0.017730180678489367,75.08134488968972,5.813166344034201
2011-07-27,0.13866618877588918,0.01306434365783427,75.2200110784656,5.826230687692036
2011-07-28,0.6948374731995824,0.006998755530982645,75.91484855166519,5.8332294432230185
2011-07-29,0.19314219150927422,0.018196764380554876,76.10799074317447,5.8514262076035735
2011-07-30,0.034666547193972296,0.0032660859144585676,76.14265729036845,5.854692293518032
2011-07-31,0.0990472776970637,0.009331674041310193,76.24170456806551,5.864023967559342
2011-08-01,0.1980945553941274,0.018663348082620386,76.43979912345964,5.882687315641963
2011-08-02,0.10895200546677007,0.010264841445441212,76.54875112892641,5.892952157087405
2011-08-03,0.3961891107882548,0.03732669616524077,76.94494023971467,5.930278853252646
2011-08-04,0.29370024792175004,0.02706185471979956,77.23864048763642,5.957340707972445
2011-08-05,0.03961891107882548,0.003732669616524077,77.27825939871524,5.96107337758897
2011-08-06,0.004952363884853185,0.00046658370206550964,77.28321176260009,5.961539961291035
2011-08-07,0.014857091654559555,0.0013997511061965289,77.29806885425465,5.962939712397232
2011-08-08,0.11885673323647644,0.011198008849572231,77.41692558749112,5.974137721246804
2011-08-09,0.11885673323647644,0.011198008849572231,77.53578232072759,5.985335730096376
2011-08-10,0.2327611025880997,0.021929433997078952,77.76854342331569,6.007265164093456
2011-08-11,0.133713824891036,0.012597759955768761,77.90225724820672,6.0198629240492245
2011-08-12,0.28014599171447063,0.02612868731566854,78.1824032399212,6.045991611364893
2011-08-13,0.00990472776970637,0.0009331674041310193,78.19230796769091,6.046924778769024
2011-08-14,0.034666547193972296,0.0032660859144585676,78.22697451488489,6.050190864683483
2011-08-15,0.10895200546677007,0.010264841445441212,78.33592652035166,6.060455706128924
2011-08-16,0.03961891107882548,0.003732669616524077,78.37554543143048,6.064188375745449
2011-08-17,0.310050456860258,0.006532171828917135,78.68559588829073,6.070720547574366
2011-08-18,0.16755997590465688,0.005132420722720606,78.85315586419539,6.075852968297086
2011-08-19,0.04952363884853185,0.0046658370206550965,78.90267950304391,6.080518805317741
2011-08-20,0.01980945553941274,0.0018663348082620386,78.92248895858333,6.082385140126003
2011-08-21,0.014857091654559555,0.0013997511061965289,78.93734605023789,6.0837848912322
2011-08-22,0.28228474143663157,0.02659527101773405,79.21963079167452,6.110380162249934
2011-08-23,0.07428545827279778,0.006998755530982645,79.29391624994732,6.117378917780917
2011-08-24,0.09409491381221052,0.008865090339244684,79.38801116375953,6.126244008120161
2011-08-25,0.12385313734634873,0.01166459255163774,79.51186430110587,6.137908600671799
2011-08-26,0.999060016134733,0.017730180678489367,80.51092431724061,6.155638781350288
2011-08-27,0.034666547193972296,0.0032660859144585676,80.54559086443459,6.158904867264747
2011-08-29,0.26614455583886404,0.025195519911537522,80.81173542027345,6.184100387176285
2011-08-30,0.0643807305030914,0.006065588126851625,80.87611615077654,6.190165975303136
2011-08-31,0.24266583035780606,0.02286260140120997,81.11878198113435,6.213028576704346
2011-09-01,0.20799928316383376,0.019596515486751405,81.32678126429818,6.232625092191097
2011-09-02,0.1634280082001551,0.015397262168161818,81.49020927249833,6.248022354359259
2011-09-03,0.014857091654559555,0.0013997511061965289,81.5050663641529,6.249422105465456
2011-09-04,0.07923782215765096,0.007465339233048154,81.58430418631055,6.2568874446985046
2011-09-05,0.01980945553941274,0.0018663348082620386,81.60411364184996,6.258753779506766
2011-09-06,0.34666547193972297,0.03266085914458568,81.9507791137897,6.291414638651352
2011-09-07,0.18818982762442105,0.017730180678489367,82.13896894141412,6.309144819329841
2011-09-08,0.22285637481839332,0.020996266592947933,82.36182531623251,6.330141085922789
2011-09-09,0.05942836661823822,0.0055990044247861154,82.42125368285075,6.335740090347575
2011-09-10,0.06933309438794459,0.006532171828917135,82.49058677723869,6.342272262176492
2011-09-11,0.00990472776970637,0.0009331674041310193,82.5004915050084,6.343205429580624
2011-09-12,0.23771346647295288,0.022396017699144462,82.73820497148135,6.365601447279769
2011-09-13,0.25950600349609154,0.022396017699144462,82.99771097497744,6.3879974649789135
2011-09-14,0.3268560164003102,0.030794524336323636,83.32456699137775,6.418791989315237
2011-09-15,0.1267706505894943,0.010264841445441212,83.45133764196724,6.429056830760679
2011-09-16,0.1287614610061828,0.01213117625370325,83.58009910297342,6.441188007014382
2011-09-17,0.11390436935162326,0.010731425147506721,83.69400347232505,6.451919432161889
2011-09-19,0.29448637693977603,0.02286260140120997,83.98848984926482,6.474782033563098
2011-09-20,0.4054860699984031,0.029394773230127107,84.39397591926323,6.504176806793225
2011-09-21,0.20799928316383376,0.019596515486751405,84.60197520242706,6.523773322279976
2011-09-22,0.975426690744418,0.008398506637179174,85.57740189317147,6.532171828917155
2011-09-23,0.38628438301854845,0.03639352876110975,85.96368627619002,6.568565357678265
2011-09-24,0.03961891107882548,0.003732669616524077,86.00330518726884,6.5722980272947895
2011-09-25,0.00990472776970637,0.0009331674041310193,86.01320991503854,6.573231194698921
2011-09-26,0.3518143725719423,0.03219427544252017,86.36502428761048,6.605425470141441
2011-09-27,0.30559465087178445,0.014464094764030799,86.67061893848226,6.619889564905471
2011-09-28,0.41104620244281437,0.0387264472714373,87.08166514092508,6.658616012176909
2011-09-29,0.13866618877588918,0.01306434365783427,87.22033132970097,6.671680355834743
2011-09-30,0.17333273596986148,0.01633042957229284,87.39366406567083,6.6880107854070365
2011-10-01,0.01980945553941274,0.0018663348082620386,87.41347352121025,6.689877120215298
2011-10-02,0.004952363884853185,0.00046658370206550964,87.4184258850951,6.690343703917364
2011-10-03,0.15847564431530192,0.014930678466096308,87.5769015294104,6.70527438238346
2011-10-04,0.06933309438794459,0.006532171828917135,87.64623462379835,6.7118065542123775
2011-10-05,0.20268689550302327,0.018196764380554876,87.84892151930137,6.730003318592932
2011-10-06,0.45575589391369803,0.03779327986730628,88.30467741321507,6.767796598460238
2011-10-07,0.17928970935400187,0.014930678466096308,88.48396712256907,6.782727276926335
2011-10-08,0.04952363884853185,0.0046658370206550965,88.5334907614176,6.787393113946989
2011-10-09,0.014857091654559555,0.0013997511061965289,88.54834785307216,6.788792865053186
2011-10-10,0.32505902430801475,0.02472893620947201,88.87340687738018,6.813521801262659
2011-10-11,0.10895200546677007,0.010264841445441212,88.98235888284695,6.8237866427081
2011-10-12,0.15721556109945134,0.007931922935113665,89.1395744439464,6.831718565643214
2011-10-13,0.17828509985471466,0.016797013274358348,89.31785954380112,6.848515578917572
2011-10-14,0.33328364112325365,0.012597759955768761,89.65114318492438,6.8611133388733405
2011-10-15,0.014857091654559555,0.0013997511061965289,89.66600027657894,6.8625130899795375
2011-10-16,0.04952363884853185,0.0046658370206550965,89.71552391542747,6.867178927000192
2011-10-17,0.212014405673385,0.01399751106196529,89.92753832110085,6.881176438062157
2011-10-18,0.29944334297010067,0.020996266592947933,90.22698166407096,6.902172704655105
2011-10-19,0.29714183309119113,0.02799502212393058,90.52412349716215,6.930167726779036
2011-10-20,0.5813308913239423,0.011198008849572231,91.1054543884861,6.941365735628608
2011-10-21,0.35152219717024313,0.021462850295013443,91.45697658565634,6.962828585923622
2011-10-23,0.02971418330911911,0.0027995022123930577,91.48669076896546,6.965628088136015
2011-10-24,0.14275364632653403,0.010731425147506721,91.629444415292,6.976359513283521
2011-10-25,0.5398407361177833,0.019129931784685895,92.16928515140978,6.995489445068207
2011-10-26,0.2197624823464755,0.020063099188816914,92.38904763375626,7.015552544257024
2011-10-27,0.2316132983646056,0.009331674041310193,92.62066093212087,7.024884218298334
2011-10-28,0.3029449321022013,0.02379576880534099,92.92360586422308,7.048679987103675
2011-10-29,0.004952363884853185,0.00046658370206550964,92.92855822810793,7.049146570805741
2011-10-31,0.6006249773634342,0.04152594948383036,93.52918320547137,7.090672520289571
2011-11-01,0.21790401093354014,0.020529682890882424,93.7470872164049,7.111202203180453
2011-11-02,0.2427442429023515,0.016797013274358348,93.98983145930725,7.127999216454811
2011-11-03,0.5557661857292753,0.035926945059044244,94.54559764503652,7.163926161513856
2011-11-04,0.42712473264841155,0.025195519911537522,94.97272237768493,7.1891216814253935
2011-11-05,0.01980945553941274,0.0018663348082620386,94.99253183322435,7.190988016233655
2011-11-06,0.03961891107882548,0.003732669616524077,95.03215074430317,7.1947206858501795
2011-11-07,0.4000013993825765,0.030327940634258126,95.43215214368574,7.225048626484438
2011-11-08,0.4173210224575213,0.021462850295013443,95.84947316614326,7.246511476779451
2011-11-09,0.292534280402224,0.02472893620947201,96.14200744654548,7.271240412988924
2011-11-10,0.5023916136216088,0.01399751106196529,96.64439906016709,7.285237924050889
2011-11-11,0.0990472776970637,0.009331674041310193,96.74344633786416,7.294569598092199
2011-11-12,0.00990472776970637,0.0009331674041310193,96.75335106563386,7.29550276549633
2011-11-13,0.01980945553941274,0.0018663348082620386,96.77316052117328,7.297369100304592
2011-11-14,0.18818982762442105,0.017730180678489367,96.96135034879771,7.315099280983081
2011-11-15,0.11390436935162326,0.010731425147506721,97.07525471814934,7.325830706130588
2011-11-16,0.12747836706297486,0.01213117625370325,97.20273308521232,7.337961882384291
2011-11-17,0.15980641114273536,0.01306434365783427,97.36253949635505,7.3510262260421255
2011-11-18,0.5360535513162938,0.020529682890882424,97.89859304767135,7.371555908933008
2011-11-19,0.01980945553941274,0.0018663348082620386,97.91840250321077,7.3734222437412695
2011-11-20,0.0643807305030914,0.006065588126851625,97.98278323371386,7.379487831868121
2011-11-21,0.15123245020046244,0.010264841445441212,98.13401568391433,7.389752673313563
2011-11-22,0.13009222783361626,0.010264841445441212,98.26410791174794,7.400017514759004
2011-11-23,0.16718614569228518,0.007931922935113665,98.43129405744023,7.407949437694118
2011-11-25,0.4655222051761994,0.043858867994157905,98.89681626261643,7.451808305688275
2011-11-27,0.024761819424265925,0.0023329185103275482,98.9215780820407,7.454141224198603
2011-11-28,0.22780873870324653,0.021462850295013443,99.14938682074394,7.475604074493616
2011-11-29,0.3668933037882418,0.02286260140120997,99.51628012453219,7.498466675894826
2011-11-30,0.3301750472858425,0.030327940634258126,99.84645517181804,7.528794616529084
2011-12-01,0.17941559576123128,0.008865090339244684,100.02587076757926,7.537659706868329
2011-12-02,0.05942836661823822,0.0055990044247861154,100.0852991341975,7.543258711293115
2011-12-03,0.014857091654559555,0.0013997511061965289,100.10015622585206,7.544658462399312
2011-12-04,0.00990472776970637,0.0009331674041310193,100.11006095362177,7.545591629803443
2011-12-05,0.133713824891036,0.012597759955768761,100.2437747785128,7.558189389759212
2011-12-06,0.24031499616516025,0.020529682890882424,100.48408977467795,7.578719072650094
2011-12-07,0.2219040403488031,0.019596515486751405,100.70599381502676,7.598315588136845
2011-12-08,0.413615341045191,0.02286260140120997,101.11960915607195,7.621178189538055
2011-12-09,0.08914254992735733,0.008398506637179174,101.2087517059993,7.629576696175234
2011-12-10,0.004952363884853185,0.00046658370206550964,101.21370406988416,7.6300432798773
2011-12-11,0.004952363884853185,0.00046658370206550964,101.21865643376901,7.630509863579365
2011-12-12,0.1634280082001551,0.015397262168161818,101.38208444196917,7.645907125747527
2011-12-13,0.22865947382940355,0.01586384587022733,101.61074391579858,7.661770971617755
2011-12-14,0.4127476726951284,0.02752843842186507,102.02349158849371,7.68929941003962
2011-12-15,0.3514874447790725,0.029861356932192617,102.37497903327278,7.719160766971813
2011-12-16,0.18776979988580417,0.014930678466096308,102.56274883315858,7.734091445437909
2011-12-17,0.01980945553941274,0.0018663348082620386,102.582558288698,7.735957780246171
2011-12-18,0.024761819424265925,0.0023329185103275482,102.60732010812227,7.738290698756498
2011-12-19,0.4599173172920772,0.03825986356937179,103.06723742541435,7.77655056232587
2011-12-20,0.21790401093354014,0.020529682890882424,103.28514143634789,7.797080245216752
2011-12-21,0.15632112987704205,0.01306434365783427,103.44146256622493,7.810144588874587
2011-12-22,0.2503993903583628,0.012597759955768761,103.6918619565833,7.822742348830356
2011-12-23,0.33306681207150324,0.02612868731566854,104.0249287686548,7.848871036146024
2011-12-26,0.024761819424265925,0.0023329185103275482,104.04969058807907,7.851203954656351
2011-12-27,0.23436597635696635,0.01586384587022733,104.28405656443604,7.867067800526579
2011-12-28,0.15847564431530192,0.014930678466096308,104.44253220875135,7.881998478992675
2011-12-29,0.16219258714117263,0.012597759955768761,104.60472479589252,7.894596238948444
2011-12-30,0.27238001366692516,0.02566210361360303,104.87710480955944,7.920258342562047
2012-01-02,0.004952363884853185,0.00046658370206550964,104.8820571734443,7.920724926264112
2012-01-03,0.2444273045727797,0.01353092735989978,105.12648447801708,7.934255853624012
2012-01-04,0.17644043487819372,0.01306434365783427,105.30292491289526,7.947320197281846
2012-01-05,0.11885673323647644,0.011198008849572231,105.42178164613173,7.958518206131418
2012-01-06,0.2806726176493595,0.02379576880534099,105.70245426378109,7.982313974936759
2012-01-07,0.02971418330911911,0.0027995022123930577,105.73216844709022,7.985113477149152
2012-01-08,0.054476002733385036,0.005132420722720606,105.7866444498236,7.990245897871873
2012-01-09,0.11885673323647644,0.011198008849572231,105.90550118306007,8.001443906721445
2012-01-10,0.3129972806700556,0.01399751106196529,106.21849846373013,8.01544141778341
2012-01-11,0.11390436935162326,0.010731425147506721,106.33240283308176,8.026172842930917
2012-01-12,0.5115376585245972,0.042459116887961376,106.84394049160636,8.068631959818878
2012-01-13,0.15352328043044874,0.014464094764030799,106.99746377203681,8.08309605458291
2012-01-14,0.004952363884853185,0.00046658370206550964,107.00241613592166,8.083562638284976
2012-01-15,0.004952363884853185,0.00046658370206550964,107.00736849980652,8.084029221987041
2012-01-16,0.05942836661823822,0.0055990044247861154,107.06679686642475,8.089628226411827
2012-01-17,0.05794372541767459,0.0046658370206550965,107.12474059184242,8.094294063432482
2012-01-18,0.30744192644264623,0.02706185471979956,107.43218251828507,8.12135591815228
2012-01-19,0.2865434199274025,0.009798257743375702,107.71872593821247,8.131154175895656
2012-01-20,0.18856053104930165,0.008865090339244684,107.90728646926178,8.140019266234901
2012-01-23,0.10238976495306445,0.008398506637179174,108.00967623421484,8.148417772872081
2012-01-24,0.2575229220123656,0.0242623525074065,108.2671991562272,8.172680125379488
2012-01-25,0.22652564476003856,0.021462850295013443,108.49372480098725,8.1941429756745
2012-01-26,0.28100878434033405,0.01213117625370325,108.77473358532758,8.206274151928204
2012-01-27,0.12147824073289057,0.010731425147506721,108.89621182606047,8.21700557707571
2012-01-28,0.02971418330911911,0.0027995022123930577,108.92592600936959,8.219805079288104
2012-01-30,0.3614097491016213,0.03266085914458568,109.28733575847122,8.25246593843269
2012-01-31,0.5685724630044868,0.034527193952847715,109.8559082214757,8.286993132385538
2012-02-01,0.27733237755177836,0.02612868731566854,110.13324059902747,8.313121819701207
2012-02-02,0.0643807305030914,0.006065588126851625,110.19762132953056,8.319187407828059
2012-02-03,0.07428545827279778,0.006998755530982645,110.27190678780336,8.326186163359042
2012-02-04,0.004952363884853185,0.00046658370206550964,110.27685915168821,8.326652747061107
2012-02-05,0.00990472776970637,0.0009331674041310193,110.28676387945792,8.327585914465239
2012-02-06,0.14361855266074236,0.01353092735989978,110.43038243211866,8.341116841825139
2012-02-07,0.29714183309119113,0.02799502212393058,110.72752426520985,8.369111863949069
2012-02-08,0.35502555454620616,0.03219427544252017,111.08254981975605,8.40130613939159
2012-02-09,0.19681146145091943,0.018663348082620386,111.27936128120697,8.41996948747421
2012-02-10,0.32546944704117436,0.019129931784685895,111.60483072824815,8.439099419258897
2012-02-11,0.014857091654559555,0.0013997511061965289,111.61968781990271,8.440499170365094
2012-02-12,0.054476002733385036,0.005132420722720606,111.67416382263609,8.445631591087814
2012-02-13,0.271357220228736,0.0242623525074065,111.94552104286483,8.46989394359522
2012-02-14,0.2857387565274196,0.02659527101773405,112.23125979939225,8.496489214612955
2012-02-15,0.24761819424265924,0.02332918510327548,112.47887799363491,8.51981839971623
2012-02-16,0.15524941283963092,0.009331674041310193,112.63412740647455,8.52915007375754
2012-02-17,0.07923782215765096,0.007465339233048154,112.7133652286322,8.536615412990589
2012-02-18,0.024761819424265925,0.0023329185103275482,112.73812704805647,8.538948331500917
2012-02-20,0.004952363884853185,0.00046658370206550964,112.74307941194132,8.539414915202983
2012-02-21,0.19314219150927422,0.018196764380554876,112.9362216034506,8.557611679583538
2012-02-22,0.2903241934181083,0.02706185471979956,113.22654579686872,8.584673534303336
2012-02-23,0.15895840208955514,0.01353092735989978,113.38550419895827,8.598204461663236
2012-02-24,0.12598034442623787,0.011198008849572231,113.51148454338451,8.609402470512808
2012-02-25,0.004952363884853185,0.00046658370206550964,113.51643690726937,8.609869054214874
2012-02-27,0.5334365637581614,0.014930678466096308,114.04987347102752,8.624799732680971
2012-02-28,0.17828509985471466,0.016797013274358348,114.22815857088224,8.64159674595533
2012-02-29,0.17333273596986148,0.01633042957229284,114.40149130685211,8.657927175527622
2012-03-01,0.1634280082001551,0.015397262168161818,114.56491931505226,8.673324437695783
2012-03-02,0.11783701133574657,0.011198008849572231,114.68275632638802,8.684522446545355
2012-03-03,0.00990472776970637,0.0009331674041310193,114.69266105415772,8.685455613949486
2012-03-04,0.00990472776970637,0.0009331674041310193,114.70256578192743,8.686388781353617
2012-03-05,0.31356970742382234,0.029394773230127107,115.01613548935126,8.715783554583744
2012-03-06,0.6209976513585237,0.035926945059044244,115.63713314070978,8.751710499642789
2012-03-07,0.17828509985471466,0.016797013274358348,115.8154182405645,8.768507512917147
2012-03-08,0.24334428252894702,0.020996266592947933,116.05876252309345,8.789503779510094
2012-03-09,0.27238001366692516,0.02566210361360303,116.33114253676037,8.815165883123697
2012-03-11,0.014857091654559555,0.0013997511061965289,116.34599962841493,8.816565634229894
2012-03-12,0.5810293961526641,0.016797013274358348,116.92702902456759,8.833362647504252
2012-03-13,0.11705116221073628,0.009798257743375702,117.04408018677833,8.843160905247627
2012-03-14,0.20304691927898058,0.019129931784685895,117.2471271060573,8.862290837032313
2012-03-15,0.10895200546677007,0.010264841445441212,117.35607911152408,8.872555678477754
2012-03-16,0.10482423919322545,0.006998755530982645,117.4609033507173,8.879554434008737
2012-03-18,0.004952363884853185,0.00046658370206550964,117.46585571460216,8.880021017710803
2012-03-19,0.2921894692063379,0.02752843842186507,117.75804518380849,8.907549456132667
2012-03-20,0.24266583035780606,0.02286260140120997,118.0007110141663,8.930412057533877
2012-03-21,0.46083894537279363,0.02706185471979956,118.4615499595391,8.957473912253676
2012-03-22,0.21718396338162552,0.015397262168161818,118.67873392292073,8.972871174421837
2012-03-23,0.2386123650550433,0.022396017699144462,118.91734628797577,8.99526719212098
2012-03-24,0.02971418330911911,0.0027995022123930577,118.9470604712849,8.998066694333374
2012-03-25,0.00990472776970637,0.0009331674041310193,118.95696519905461,8.998999861737506
2012-03-26,0.07428545827279778,0.006998755530982645,119.0312506573274,9.005998617268489
2012-03-27,0.39020122167226406,0.019596515486751405,119.42145187899968,9.02559513275524
2012-03-28,0.37022721211079784,0.02612868731566854,119.79167909111047,9.05172382007091
2012-03-29,0.1634280082001551,0.015397262168161818,119.95510709931062,9.06712108223907
2012-03-30,0.26066448736850895,0.02379576880534099,120.21577158667914,9.090916851044412
2012-03-31,0.014857091654559555,0.0013997511061965289,120.2306286783337,9.092316602150609
2012-04-01,0.014857091654559555,0.0013997511061965289,120.24548576998826,9.093716353256806
2012-04-02,0.2937602518844096,0.02752843842186507,120.53924602187267,9.12124479167867
2012-04-03,0.28473552354319986,0.02566210361360303,120.82398154541588,9.146906895292274
2012-04-04,0.658169583718655,0.03126110803838915,121.48215112913454,9.178168003330663
2012-04-05,0.3128496598719077,0.02379576880534099,121.79500078900644,9.201963772136004
2012-04-06,0.07923782215765096,0.007465339233048154,121.87423861116409,9.209429111369053
2012-04-07,0.004952363884853185,0.00046658370206550964,121.87919097504894,9.209895695071118
2012-04-08,0.004952363884853185,0.00046658370206550964,121.8841433389338,9.210362278773184
2012-04-09,0.6992030750725282,0.03312744284665119,122.58334641400633,9.243489721619834
2012-04-10,0.21295164704868697,0.020063099188816914,122.79629806105501,9.263552820808652
2012-04-11,0.3664749274791357,0.034527193952847715,123.16277298853414,9.2980800147615
2012-04-12,0.0643807305030914,0.006065588126851625,123.22715371903723,9.304145602888351
2012-04-13,0.22285637481839332,0.020996266592947933,123.45001009385562,9.325141869481298
2012-04-14,0.04952363884853185,0.0046658370206550965,123.49953373270415,9.329807706501953
2012-04-15,0.034666547193972296,0.0032660859144585676,123.53420027989813,9.33307379241641
2012-04-16,0.2624752858972188,0.02472893620947201,123.79667556579535,9.357802728625883
2012-04-17,0.29714183309119113,0.02799502212393058,124.09381739888654,9.385797750749813
2012-04-18,0.3318083802851634,0.03126110803838915,124.42562577917171,9.417058858788202
2012-04-19,0.5080732293493195,0.017263596976423858,124.93369900852103,9.434322455764626
2012-04-20,0.22285637481839332,0.020996266592947933,125.15655538333942,9.455318722357573
2012-04-21,0.0643807305030914,0.006065588126851625,125.22093611384251,9.461384310484425
2012-04-22,0.004952363884853185,0.00046658370206550964,125.22588847772737,9.46185089418649
2012-04-23,0.38133201913369524,0.035926945059044244,125.60722049686106,9.497777839245535
2012-04-24,0.2937602518844096,0.02752843842186507,125.90098074874547,9.525306277667399
2012-04-25,0.5293135757016185,0.034060610250782206,126.43029432444709,9.55936688791818
2012-04-26,0.3020941969760443,0.02846160582599609,126.73238852142313,9.587828493744176
2012-04-27,0.9275962194649147,0.0242623525074065,127.65998474088805,9.612090846251583
2012-04-28,0.01980945553941274,0.0018663348082620386,127.67979419642747,9.613957181059845
2012-04-29,0.004952363884853185,0.00046658370206550964,127.68474656031232,9.614423764761911
2012-04-30,0.2536351715894592,0.022396017699144462,127.93838173190179,9.636819782461055
2012-05-01,0.2903063356365344,0.02332918510327548,128.22868806753831,9.66014896756433
2012-05-02,0.499850087892061,0.020063099188816914,128.72853815543039,9.680212066753148
2012-05-03,0.1980945553941274,0.018663348082620386,128.92663271082452,9.698875414835769
2012-05-04,0.27733237755177836,0.02612868731566854,129.2039650883763,9.725004102151438
2012-05-05,0.004952363884853185,0.00046658370206550964,129.20891745226115,9.725470685853503
2012-05-06,0.00990472776970637,0.0009331674041310193,129.21882218003086,9.726403853257635
2012-05-07,0.3714272913639889,0.034993777654913225,129.59024947139486,9.761397630912548
2012-05-08,0.4033583184324899,0.02379576880534099,129.99360778982734,9.785193399717889
2012-05-09,0.2624752858972188,0.02472893620947201,130.25608307572455,9.80992233592736
2012-05-10,0.19389758086698028,0.018196764380554876,130.44998065659152,9.828119100307916
2012-05-11,0.31695128863060384,0.029861356932192617,130.76693194522213,9.857980457240108
2012-05-12,0.004952363884853185,0.00046658370206550964,130.77188430910698,9.858447040942174
2012-05-13,0.014857091654559555,0.0013997511061965289,130.78674140076154,9.859846792048371
2012-05-14,0.31695128863060384,0.029861356932192617,131.10369268939215,9.889708148980564
2012-05-15,0.25257055812751245,0.02379576880534099,131.35626324751965,9.913503917785905
2012-05-16,0.13866618877588918,0.01306434365783427,131.49492943629554,9.92656826144374
2012-05-17,0.21420149990158208,0.019596515486751405,131.7091309361971,9.946164776930491
2012-05-18,0.28228474143663157,0.02659527101773405,131.99141567763374,9.972760047948226
2012-05-19,0.03961891107882548,0.003732669616524077,132.03103458871257,9.97649271756475
2012-05-20,0.21790401093354014,0.020529682890882424,132.24893859964612,9.997022400455633
2012-05-21,0.5472154115858902,0.04805812131274749,132.796154011232,10.04508052176838
2012-05-22,0.37852416396713034,0.018663348082620386,133.17467817519915,10.063743869851
2012-05-23,0.28595401137827675,0.02706185471979956,133.4606321865774,10.0908057245708
2012-05-24,0.21691781001613883,0.01586384587022733,133.67754999659354,10.106669570441026
2012-05-25,0.22285637481839332,0.020996266592947933,133.90040637141195,10.127665837033973
2012-05-26,0.03961891107882548,0.003732669616524077,133.94002528249078,10.131398506650497
2012-05-28,0.024761819424265925,0.0023329185103275482,133.96478710191505,10.133731425160825
2012-05-29,0.22518254685417105,0.020529682890882424,134.18996964876922,10.154261108051708
2012-05-30,0.35579014819485516,0.02799502212393058,134.54575979696406,10.182256130175638
2012-05-31,0.3747472171786001,0.020529682890882424,134.92050701414266,10.202785813066521
2012-06-01,0.2234037117436195,0.019129931784685895,135.1439107258863,10.221915744851207
2012-06-02,0.024761819424265925,0.0023329185103275482,135.16867254531056,10.224248663361536
2012-06-03,0.014857091654559555,0.0013997511061965289,135.18352963696512,10.225648414467733
2012-06-04,2.2496841533966503,0.020529682890882424,137.43321379036178,10.246178097358616
2012-06-05,0.22279784621371412,0.01213117625370325,137.6560116365755,10.25830927361232
2012-06-06,0.2779077550215058,0.02472893620947201,137.93391939159702,10.283038209821791
2012-06-07,0.2872371053214847,0.02706185471979956,138.2211564969185,10.31010006454159
2012-06-08,0.29341057261432807,0.01306434365783427,138.51456706953283,10.323164408199425
2012-06-09,0.02971418330911911,0.0027995022123930577,138.54428125284196,10.325963910411819
2012-06-10,0.004952363884853185,0.00046658370206550964,138.5492336167268,10.326430494113884
2012-06-11,0.13866618877588918,0.01306434365783427,138.6878998055027,10.339494837771719
2012-06-12,0.4093984825781776,0.03779327986730628,139.09729828808088,10.377288117639026
2012-06-13,0.6864798124873337,0.02612868731566854,139.7837781005682,10.403416804954695
2012-06-14,0.8430097692687262,0.06672146939536788,140.62678786983693,10.470138274350063
2012-06-15,0.15615407442499568,0.014930678466096308,140.78294194426192,10.48506895281616
2012-06-16,0.044571274963678666,0.004199253318589587,140.8275132192256,10.48926820613475
2012-06-17,0.03961891107882548,0.003732669616524077,140.86713213030444,10.493000875751273
2012-06-18,0.30267104980375203,0.018663348082620386,141.1698031801082,10.511664223833893
2012-06-19,0.4605698412913462,0.043392284292092395,141.63037302139955,10.555056508125986
2012-06-20,0.401141474673108,0.03779327986730628,142.03151449607265,10.592849787993293
2012-06-21,0.19413634600262203,0.017263596976423858,142.22565084207525,10.610113384969717
2012-06-22,0.49210448071323293,0.04619178650448545,142.7177553227885,10.656305171474202
2012-06-23,0.07923782215765096,0.007465339233048154,142.79699314494613,10.66377051070725
2012-06-24,0.02971418330911911,0.0027995022123930577,142.82670732825525,10.666570012919644
2012-06-25,0.9000701438274291,0.07558655973461256,143.7267774720827,10.742156572654256
2012-06-26,0.6752229585923473,0.05179079092927157,144.40200043067503,10.793947363583527
2012-06-27,0.2327611025880997,0.021929433997078952,144.63476153326312,10.815876797580605
2012-06-28,0.20799928316383376,0.019596515486751405,144.84276081642696,10.835473313067357
2012-06-29,0.2720223911423322,0.02566210361360303,145.1147832075693,10.86113541668096
2012-06-30,0.00990472776970637,0.0009331674041310193,145.124687935339,10.862068584085092
2012-07-01,0.024761819424265925,0.0023329185103275482,145.14944975476328,10.86440150259542
2012-07-02,0.1980945553941274,0.018663348082620386,145.34754431015742,10.883064850678041
2012-07-03,0.18940530682207415,0.01586384587022733,145.53694961697948,10.898928696548268
2012-07-04,0.004952363884853185,0.00046658370206550964,145.54190198086434,10.899395280250333
2012-07-05,0.6190454856066482,0.058322962758188705,146.160947466471,10.957718243008522
2012-07-06,0.22285637481839332,0.020996266592947933,146.3838038412894,10.978714509601469
2012-07-07,0.05942836661823822,0.0055990044247861154,146.44323220790764,10.984313514026255
2012-07-08,0.034666547193972296,0.0032660859144585676,146.47789875510162,10.987579599940712
2012-07-09,1.5883425709045706,0.09844916113582253,148.06624132600618,11.086028761076536
2012-07-10,0.3408996806641924,0.03219427544252017,148.40714100667037,11.118223036519057
2012-07-11,0.6772521513879814,0.02752843842186507,149.08439315805836,11.145751474940921
2012-07-12,0.4521158882743924,0.04152594948383036,149.53650904633275,11.187277424424751
2012-07-13,0.2762547627253025,0.02612868731566854,149.81276380905805,11.21340611174042
2012-07-14,0.07923782215765096,0.007465339233048154,149.8920016312157,11.220871450973469
2012-07-15,0.024761819424265925,0.0023329185103275482,149.91676345063996,11.223204369483797
2012-07-16,0.6537120328006204,0.06158904867264727,150.5704754834406,11.284793418156445
2012-07-17,0.43508797431516566,0.035926945059044244,151.00556345775576,11.32072036321549
2012-07-18,0.4356092379612945,0.04105936578176485,151.44117269571706,11.361779728997254
2012-07-19,0.17828509985471466,0.016797013274358348,151.61945779557178,11.378576742271612
2012-07-20,0.3008111030328363,0.02846160582599609,151.9202688986046,11.407038348097608
2012-07-22,0.00990472776970637,0.0009331674041310193,151.9301736263743,11.407971515501739
2012-07-23,0.3107158308025427,0.029394773230127107,152.24088945717685,11.437366288731866
2012-07-24,0.31199892474575064,0.029394773230127107,152.5528883819226,11.466761061961993
2012-07-25,0.38133201913369524,0.035926945059044244,152.9342204010563,11.502688007021037
2012-07-26,0.3008111030328363,0.02846160582599609,153.23503150408914,11.531149612847033
2012-07-27,0.5490137029646356,0.021462850295013443,153.78404520705377,11.552612463142045
2012-07-28,0.0643807305030914,0.006065588126851625,153.84842593755687,11.558678051268897
2012-07-29,0.004952363884853185,0.00046658370206550964,153.85337830144172,11.559144634970963
2012-07-30,0.23771346647295288,0.022396017699144462,154.09109176791466,11.581540652670107
2012-07-31,0.4209509302125207,0.03965961467556832,154.51204269812717,11.621200267345674
2012-08-01,0.5118472254218891,0.03266085914458568,155.02388992354906,11.653861126490261
2012-08-02,0.5271243448150655,0.03639352876110975,155.55101426836413,11.69025465525137
2012-08-03,0.267427649782072,0.025195519911537522,155.8184419181462,11.715450175162909
2012-08-04,0.034666547193972296,0.0032660859144585676,155.85310846534017,11.718716261077367
2012-08-05,0.014857091654559555,0.0013997511061965289,155.86796555699473,11.720116012183563
2012-08-06,0.3565701997094293,0.033594026548716696,156.22453575670417,11.75371003873228
2012-08-07,0.3679857061945478,0.034060610250782206,156.59252146289873,11.787770648983061
2012-08-08,0.3086277985449085,0.02799502212393058,156.90114926144363,11.815765671106991
2012-08-09,0.30602649349568506,0.021929433997078952,157.20717575493933,11.83769510510407
2012-08-10,0.18690673368121308,0.017730180678489367,157.39408248862054,11.855425285782559
2012-08-11,0.01980945553941274,0.0018663348082620386,157.41389194415996,11.857291620590821
2012-08-12,0.11390436935162326,0.010731425147506721,157.52779631351157,11.868023045738328
2012-08-13,0.5347952956014844,0.050391039823075044,158.06259160911307,11.918414085561404
2012-08-14,0.20304691927898058,0.019129931784685895,158.26563852839206,11.93754401734609
2012-08-15,0.2327611025880997,0.021929433997078952,158.49839963098015,11.959473451343168
2012-08-16,0.1515474373079775,0.01399751106196529,158.64994706828813,11.973470962405134
2012-08-17,0.10399964158191688,0.009798257743375702,158.75394670987004,11.98326922014851
2012-08-18,0.024761819424265925,0.0023329185103275482,158.7787085292943,11.985602138658837
2012-08-19,0.00990472776970637,0.0009331674041310193,158.78861325706401,11.986535306062969
2012-08-20,0.8331675954631257,0.034993777654913225,159.62178085252714,12.021529083717882
2012-08-21,0.3268560164003102,0.030794524336323636,159.94863686892745,12.052323608054206
2012-08-22,0.2782437959124093,0.020063099188816914,160.22688066483985,12.072386707243023
2012-08-23,0.34877776563971097,0.02799502212393058,160.57565843047956,12.100381729366953
2012-08-24,1.8009424695391376,0.025195519911537522,162.3766009000187,12.125577249278491
2012-08-25,0.024761819424265925,0.0023329185103275482,162.40136271944297,12.12791016778882
2012-08-26,0.01980945553941274,0.0018663348082620386,162.4211721749824,12.129776502597082
2012-08-27,0.3268560164003102,0.030794524336323636,162.7480281913827,12.160571026933406
2012-08-28,0.3107158308025427,0.029394773230127107,163.05874402218524,12.189965800163533
2012-08-29,0.2512874641843045,0.02379576880534099,163.31003148636955,12.213761568968874
2012-08-30,0.24266583035780606,0.02286260140120997,163.55269731672735,12.236624170370083
2012-08-31,0.3156681946873959,0.029861356932192617,163.86836551141474,12.266485527302276
2012-09-01,0.054476002733385036,0.005132420722720606,163.92284151414813,12.271617948024996
2012-09-02,0.00990472776970637,0.0009331674041310193,163.93274624191784,12.272551115429128
2012-09-03,0.04952363884853185,0.0046658370206550965,163.98226988076638,12.277216952449782
2012-09-04,0.4159985663276675,0.03919303097350281,164.39826844709404,12.316409983423284
2012-09-05,0.66856912445518,0.06298879977884381,165.06683757154923,12.379398783202127
2012-09-06,0.45066511352163985,0.042459116887961376,165.51750268507087,12.421857900090089
2012-09-07,1.1355325479501281,0.06065588126851625,166.653035233021,12.482513781358605
2012-09-08,0.04952363884853185,0.0046658370206550965,166.70255887186954,12.48717961837926
2012-09-09,0.054476002733385036,0.005132420722720606,166.75703487460294,12.49231203910198
2012-09-10,0.4159985663276675,0.03919303097350281,167.1730334409306,12.531505070075482
2012-09-11,0.25488677337906235,0.02379576880534099,167.42792021430967,12.555300838880823
2012-09-12,0.17828509985471466,0.016797013274358348,167.60620531416438,12.572097852155181
2012-09-13,0.24266583035780606,0.02286260140120997,167.84887114452218,12.594960453556391
2012-09-14,0.36152256359428253,0.034060610250782206,168.21039370811647,12.629021063807173
2012-09-15,0.02971418330911911,0.0027995022123930577,168.2401078914256,12.631820566019567
2012-09-16,0.004952363884853185,0.00046658370206550964,168.24506025531045,12.632287149721632
2012-09-17,0.3078019502186035,0.028928189528061598,168.55286220552904,12.661215339249694
2012-09-18,0.5843789384126759,0.05505687684373014,169.1372411439417,12.716272216093424
2012-09-19,1.0821972521790608,0.04805812131274749,170.21943839612078,12.764330337406172
2012-09-20,1.2232338795587367,0.11524617441018088,171.4426722756795,12.879576511816353
2012-09-21,0.8765684076190138,0.0825853152655952,172.31924068329852,12.962161827081948
2012-09-22,0.133713824891036,0.012597759955768761,172.45295450818955,12.974759587037717
2012-09-23,0.17333273596986148,0.01633042957229284,172.6262872441594,12.99109001661001
2012-09-24,1.0499011435888752,0.09891574483788804,173.67618838774828,13.090005761447896
2012-09-25,0.9459015020069583,0.08911748709451234,174.62208988975524,13.179123248542409
2012-09-26,0.7019525777059443,0.06625488569330237,175.3240424674612,13.245378134235711
2012-09-27,0.6487596689157672,0.06112246497058176,175.97280213637697,13.306500599206293
2012-09-28,0.5546647551035567,0.05225737463133708,176.52746689148051,13.35875797383763
2012-09-29,0.06933309438794459,0.006532171828917135,176.59679998586847,13.365290145666547
2012-09-30,0.02971418330911911,0.0027995022123930577,176.6265141691776,13.368089647878941
2012-10-01,0.614093121721795,0.057856379056123196,177.2406072908994,13.425946026935064
2012-10-02,1.3095776025389416,0.07791947824494011,178.55018489343834,13.503865505180004
2012-10-03,0.9922556104834572,0.058789546460254215,179.5424405039218,13.562655051640258
2012-10-04,0.6834262161097395,0.06438855088504034,180.22586672003155,13.627043602525298
2012-10-05,0.5865604403662663,0.04759153761068198,180.81242716039782,13.67463514013598
2012-10-06,0.12380909712132962,0.01166459255163774,180.93623625751914,13.686299732687617
2012-10-07,0.02971418330911911,0.0027995022123930577,180.96595044082827,13.689099234900011
2012-10-08,0.4618470823740862,0.043392284292092395,181.42779752320234,13.732491519192104
2012-10-09,0.7329498549582714,0.06905438790569543,182.1607473781606,13.801545907097799
2012-10-10,1.4425927391759097,0.059722713864385234,183.60334011733653,13.861268620962184
2012-10-11,0.6785261272545833,0.059722713864385234,184.2818662445911,13.920991334826569
2012-10-12,0.4407603857519335,0.04152594948383036,184.72262663034303,13.9625172843104
2012-10-13,0.05942836661823822,0.0055990044247861154,184.78205499696128,13.968116288735185
2012-10-14,0.12380909712132962,0.01166459255163774,184.9058640940826,13.979780881286823
2012-10-15,0.4770238531388259,0.042459116887961376,185.38288794722143,14.022239998174785
2012-10-16,0.4605698412913462,0.043392284292092395,185.84345778851278,14.065632282466877
2012-10-17,0.7383542855285113,0.035460361356978734,186.5818120740413,14.101092643823856
2012-10-18,0.4655222051761994,0.043858867994157905,187.0473342792175,14.144951511818014
2012-10-19,0.29714183309119113,0.02799502212393058,187.34447611230868,14.172946533941944
2012-10-20,0.14361855266074236,0.01353092735989978,187.48809466496942,14.186477461301845
2012-10-21,0.13866618877588918,0.01306434365783427,187.6267608537453,14.19954180495968
2012-10-22,0.5546647551035567,0.05225737463133708,188.18142560884885,14.251799179591016
2012-10-23,0.5488003012362619,0.05179079092927157,188.73022591008512,14.303589970520287
2012-10-24,0.4673818001683446,0.043858867994157905,189.19760771025346,14.347448838514445
2012-10-25,0.5280999559407371,0.04945787241894402,189.7257076661942,14.39690671093339
2012-10-26,0.34666547193972297,0.03266085914458568,190.07237313813394,14.429567570077976
2012-10-27,0.07428545827279778,0.006998755530982645,190.14665859640675,14.43656632560896
2012-10-28,0.07923782215765096,0.007465339233048154,190.2258964185644,14.444031664842008
2012-10-29,0.5216213388388236,0.04899128871687851,190.74751775740322,14.493022953558887
2012-10-30,0.9099700933801336,0.05412370943959912,191.65748785078335,14.547146662998486
2012-10-31,0.43300181813002614,0.0387264472714373,192.0904896689134,14.585873110269924
2012-11-01,0.6134930820951994,0.05365712573753361,192.7039827510086,14.639530236007458
2012-11-02,0.42230394762402296,0.034060610250782206,193.1262866986326,14.67359084625824
2012-11-03,0.06933309438794459,0.006532171828917135,193.19561979302057,14.680123018087157
2012-11-04,0.044571274963678666,0.004199253318589587,193.24019106798426,14.684322271405746
2012-11-05,0.28228474143663157,0.02659527101773405,193.52247580942088,14.71091754242348
2012-11-06,0.5100934801398781,0.04805812131274749,194.03256928956077,14.758975663736228
2012-11-07,0.3503347418813682,0.03312744284665119,194.38290403144214,14.792103106582879
2012-11-08,0.5447600273338503,0.05132420722720606,194.92766405877597,14.843427313810084
2012-11-09,0.8073998093316596,0.04619178650448545,195.73506386810763,14.889619100314569
2012-11-10,0.024761819424265925,0.0023329185103275482,195.7598256875319,14.891952018824897
2012-11-11,0.054476002733385036,0.005132420722720606,195.8143016902653,14.897084439547617
2012-11-12,0.3070465608608975,0.028928189528061598,196.1213482511262,14.926012629075679
2012-11-13,0.5595390132940382,0.05272395833340259,196.68088726442022,14.978736587409081
2012-11-14,0.9046779418022501,0.08351848266972622,197.58556520622247,15.062255070078807
2012-11-15,0.5051411162550249,0.04759153761068198,198.0907063224775,15.109846607689489
2012-11-16,0.49028402460046533,0.04619178650448545,198.58099034707797,15.156038394193974
2012-11-17,0.20304691927898058,0.019129931784685895,198.78403726635696,15.17516832597866
2012-11-18,0.13866618877588918,0.01306434365783427,198.92270345513285,15.188232669636495
2012-11-19,0.6091407578369418,0.057389795354057686,199.5318442129698,15.245622464990552
2012-11-20,0.5205327052132299,0.03779327986730628,200.05237691818303,15.283415744857859
2012-11-21,0.479096202887551,0.04525861910035443,200.53147312107058,15.328674363958212
2012-11-22,0.044571274963678666,0.004199253318589587,200.57604439603426,15.332873617276801
2012-11-23,0.21790401093354014,0.020529682890882424,200.79394840696781,15.353403300167685
2012-11-24,0.0643807305030914,0.006065588126851625,200.85832913747092,15.359468888294536
2012-11-25,0.07428545827279778,0.006998755530982645,200.93261459574373,15.36646764382552
2012-11-26,0.7131403994188587,0.06718805309743339,201.64575499516258,15.433655696922953
2012-11-27,0.6759076643384704,0.06392196718297483,202.32166265950104,15.497577664105927
2012-11-28,0.4725923175784255,0.044325451696223414,202.79425497707948,15.541903115802151
2012-11-29,0.7497378016383134,0.03732669616524077,203.54399277871778,15.579229811967393
2012-11-30,0.33676074417001656,0.03172769174045466,203.8807535228878,15.610957503707848
2012-12-01,0.133713824891036,0.012597759955768761,204.01446734777883,15.623555263663617
2012-12-02,0.0643807305030914,0.006065588126851625,204.07884807828194,15.629620851790468
2012-12-03,0.480379296830759,0.04525861910035443,204.5592273751127,15.674879470890822
2012-12-04,0.5546647551035567,0.05225737463133708,205.11389213021624,15.727136845522159
2012-12-05,0.41032615489089974,0.033594026548716696,205.52421828510714,15.760730872070875
2012-12-06,0.49418812781837584,0.04665837020655096,206.01840641292551,15.807389242277425
2012-12-07,0.8717104611345102,0.043858867994157905,206.89011687406003,15.851248110271584
2012-12-08,0.04952363884853185,0.0046658370206550965,206.93964051290857,15.855913947292239
2012-12-09,0.11390436935162326,0.010731425147506721,207.05354488226018,15.866645372439745
2012-12-10,0.8714651200769911,0.06205563237471278,207.9250100023372,15.928701004814458
2012-12-11,0.689481662049822,0.06438855088504034,208.614491664387,15.993089555699498
2012-12-12,0.6292732439170097,0.05365712573753361,209.243764908304,16.046746681437032
2012-12-13,0.5100934801398781,0.04805812131274749,209.7538583884439,16.094804802749778
2012-12-14,0.653232001099344,0.058322962758188705,210.40709038954324,16.153127765507968
2012-12-15,0.18323746373956784,0.017263596976423858,210.59032785328282,16.17039136248439
2012-12-16,0.04952363884853185,0.0046658370206550965,210.63985149213136,16.175057199505048
2012-12-17,0.4407603857519335,0.04152594948383036,211.08061187788329,16.216583148988878
2012-12-18,0.7138411291312264,0.06112246497058176,211.7944530070145,16.27770561395946
2012-12-19,0.5932579283425203,0.05599004424786116,212.38771093535703,16.33369565820732
2012-12-20,0.401141474673108,0.03779327986730628,212.78885241003013,16.371488938074624
2012-12-21,0.36202100387744485,0.030794524336323636,213.1508734139076,16.402283462410946
2012-12-22,0.10895200546677007,0.010264841445441212,213.25982541937435,16.412548303856386
2012-12-23,0.07923782215765096,0.007465339233048154,213.339063241532,16.420013643089433
2012-12-24,0.20176382533577264,0.019129931784685895,213.54082706686776,16.43914357487412
2012-12-25,0.00990472776970637,0.0009331674041310193,213.55073179463747,16.44007674227825
2012-12-26,0.6487596689157672,0.06112246497058176,214.19949146355324,16.50119920724883
2012-12-27,0.5699402230672224,0.04199253318589587,214.76943168662046,16.543191740434725
2012-12-28,0.8319214947552199,0.044792035398288924,215.60135318137569,16.587983775833013
2012-12-29,0.0643807305030914,0.006065588126851625,215.6657339118788,16.594049363959865
2012-12-30,0.07923782215765096,0.007465339233048154,215.74497173403643,16.601514703192912
2012-12-31,0.6874321972283833,0.06112246497058176,216.43240393126482,16.662637168163492
2013-01-01,0.0039040498455515204,0.00046658370206550964,216.43630798111036,16.663103751865556
2013-01-02,0.2826684528803701,0.009798257743375702,216.71897643399072,16.672902009608933
2013-01-03,0.22853940639391643,0.020529682890882424,216.94751584038463,16.693431692499814
2013-01-04,0.31832856781178215,0.02472893620947201,217.26584440819641,16.718160628709285
2013-01-05,0.007808099691103041,0.0009331674041310193,217.2736525078875,16.719093796113416
2013-01-06,0.007808099691103041,0.0009331674041310193,217.2814606075786,16.720026963517547
2013-01-07,0.1389346839835303,0.01633042957229284,217.42039529156213,16.73635739308984
2013-01-08,0.14054579443985474,0.016797013274358348,217.56094108600198,16.7531544063642
2013-01-09,0.31061610632129455,0.03219427544252017,217.87155719232328,16.78534868180672
2013-01-10,0.1927899954964738,0.014930678466096308,218.06434718781975,16.800279360272818
2013-01-11,0.5790689357842562,0.014464094764030799,218.643416123604,16.814743455036847
2013-01-12,0.12102554521209713,0.014464094764030799,218.7644416688161,16.829207549800877
2013-01-13,0.06636884737437584,0.007931922935113665,218.83081051619047,16.83713947273599
2013-01-14,0.2264348910419882,0.02706185471979956,219.05724540723244,16.864201327455792
2013-01-15,0.31896855969527815,0.007465339233048154,219.3762139669277,16.87166666668884
2013-01-16,0.1717781932042669,0.020529682890882424,219.54799216013197,16.89219634957972
2013-01-17,0.12492959505764865,0.014930678466096308,219.6729217551896,16.907127028045817
2013-01-18,0.30331544517566683,0.02846160582599609,219.97623720036526,16.935588633871813
2013-01-19,0.0390404984555152,0.0046658370206550965,220.01527769882077,16.94025447089247
2013-01-20,0.007808099691103041,0.0009331674041310193,220.02308579851186,16.9411876382966
2013-01-21,0.13664174459430323,0.01633042957229284,220.15972754310616,16.957518067868893
2013-01-22,0.21971348234956112,0.021462850295013443,220.37944102545572,16.978980918163906
2013-01-23,0.1483538941309578,0.017730180678489367,220.52779491958668,16.996711098842397
2013-01-24,0.2490676418827229,0.02286260140120997,220.77686256146941,17.01957370024361
2013-01-25,0.14444984428540625,0.017263596976423858,220.92131240575483,17.036837297220032
2013-01-26,0.042944548301066726,0.005132420722720606,220.9642569540559,17.041969717942752
2013-01-27,0.011712149536654561,0.0013997511061965289,220.97596910359258,17.043369469048947
2013-01-28,0.27695275913025164,0.03312744284665119,221.25292186272281,17.0764969118956
2013-01-29,0.33452653104585733,0.029861356932192617,221.58744839376868,17.106358268827794
2013-01-30,0.4314691795893012,0.02659527101773405,222.01891757335798,17.132953539845527
2013-01-31,0.3312747958565983,0.029861356932192617,222.35019236921457,17.16281489677772
2013-02-01,0.1346628917504939,0.01586384587022733,222.48485526096505,17.17867874264795
2013-02-03,0.0039040498455515204,0.00046658370206550964,222.4887593108106,17.179145326350014
2013-02-04,0.3490643772361563,0.020529682890882424,222.83782368804674,17.199675009240895
2013-02-05,0.33132964069849874,0.03534765806374481,223.16915332874524,17.23502266730464
2013-02-06,0.26060297262151155,0.029394773230127107,223.42975630136675,17.264417440534768
2013-02-07,0.2539108113438996,0.0242623525074065,223.68366711271065,17.288679793042174
2013-02-08,0.23201053279712572,0.020529682890882424,223.91567764550777,17.309209475933056
2013-02-09,0.015616199382206082,0.0018663348082620386,223.93129384488998,17.31107581074132
2013-02-10,0.0195202492277576,0.0023329185103275482,223.95081409411773,17.313408729251645
2013-02-11,0.3732474338842128,0.02799502212393058,224.32406152800195,17.341403751375577
2013-02-12,0.2469841370241764,0.016797013274358348,224.57104566502613,17.358200764649936
2013-02-13,0.08588909660213345,0.010264841445441212,224.65693476162826,17.368465606095377
2013-02-14,0.3279288486486898,0.02472893620947201,224.98486361027696,17.393194542304848
2013-02-15,0.27065064851416953,0.02846160582599609,225.25551425879112,17.421656148130843
2013-02-17,0.0039040498455515204,0.00046658370206550964,225.25941830863667,17.422122731832907
2013-02-18,0.14054579443985474,0.016797013274358348,225.3999641030765,17.438919745107267
2013-02-19,0.1912984424320245,0.02286260140120997,225.59126254550853,17.46178234650848
2013-02-20,0.3124223685661555,0.03312744284665119,225.9036849140747,17.49490978935513
2013-02-21,0.25480074049850787,0.02799502212393058,226.15848565457318,17.522904811479062
2013-02-22,0.3552773333082871,0.03965961467556832,226.51376298788148,17.56256442615463
2013-02-23,0.05673169891303937,0.0018663348082620386,226.57049468679452,17.564430760962892
2013-02-24,0.0039040498455515204,0.00046658370206550964,226.57439873664006,17.564897344664956
2013-02-25,0.7337616085487491,0.06672146939536788,227.3081603451888,17.631618814060324
2013-02-26,0.29971207086065543,0.03312744284665119,227.60787241604947,17.664746256906977
2013-02-27,0.39136195687400843,0.034527193952847715,227.9992343729235,17.699273450859824
2013-02-28,0.29678879985732787,0.019129931784685895,228.29602317278082,17.71840338264451
2013-03-01,0.18509578400842697,0.016797013274358348,228.48111895678926,17.73520039591887
2013-03-02,0.007808099691103041,0.0009331674041310193,228.48892705648035,17.736133563323
2013-03-03,0.027328348918860643,0.0032660859144585676,228.51625540539922,17.73939964923746
2013-03-04,0.32917444940805446,0.02799502212393058,228.84542985480726,17.76739467136139
2013-03-05,0.34723378066751187,0.029394773230127107,229.1926636354748,17.796789444591518
2013-03-06,0.3011478569451659,0.02752843842186507,229.49381149241995,17.824317883013382
2013-03-07,0.23163169809889678,0.018663348082620386,229.72544319051886,17.842981231096
2013-03-08,0.19944971300469638,0.02379576880534099,229.92489290352356,17.866776999901344
2013-03-09,0.011712149536654561,0.0013997511061965289,229.93660505306022,17.86817675100754
2013-03-10,0.0039040498455515204,0.00046658370206550964,229.94050910290576,17.868643334709603
2013-03-11,0.47537899050301674,0.033594026548716696,230.41588809340877,17.90223736125832
2013-03-12,0.25443523080154806,0.029861356932192617,230.67032332421033,17.932098718190513
2013-03-13,0.5351878236900389,0.033594026548716696,231.20551114790038,17.96569274473923
2013-03-14,0.21688633878284116,0.01633042957229284,231.42239748668322,17.98202317431152
2013-03-15,0.23302690425033673,0.02472893620947201,231.65542439093355,18.006752110520992
2013-03-18,0.2465697037279947,0.018196764380554876,231.90199409466155,18.024948874901547
2013-03-19,0.18739439258647297,0.022396017699144462,232.08938848724802,18.04734489260069
2013-03-20,0.515779962379903,0.018196764380554876,232.6051684496279,18.065541656981246
2013-03-21,0.28585482017961955,0.02286260140120997,232.89102326980753,18.088404258382457
2013-03-22,0.1586376880597678,0.017730180678489367,233.0496609578673,18.10613443906095
2013-03-23,0.011712149536654561,0.0013997511061965289,233.06137310740397,18.107534190167144
2013-03-24,0.0195202492277576,0.0023329185103275482,233.08089335663172,18.10986710867747
2013-03-25,0.2556034611322606,0.02612868731566854,233.336496817764,18.13599579599314
2013-03-26,0.21862679135088514,0.02612868731566854,233.55512360911487,18.16212448330881
2013-03-27,0.31217491597563635,0.029394773230127107,233.86729852509052,18.191519256538935
2013-03-28,0.29623822845410297,0.034993777654913225,234.16353675354463,18.22651303419385
2013-03-29,0.1483538941309578,0.017730180678489367,234.3118906476756,18.24424321487234
2013-03-30,0.042944548301066726,0.005132420722720606,234.35483519597668,18.24937563559506
2013-03-31,0.011712149536654561,0.0013997511061965289,234.36654734551334,18.250775386701257
2013-04-01,0.33184423687187925,0.03965961467556832,234.69839158238523,18.290435001376824
2013-04-02,0.4058374032315006,0.028928189528061598,235.10422898561671,18.319363190904888
2013-04-03,0.5197505393718436,0.043392284292092395,235.62397952498856,18.36275547519698
2013-04-04,0.6160540380793955,0.06718805309743339,236.24003356306795,18.429943528294412
2013-04-05,1.1476406163618171,0.11011375368746028,237.38767417942978,18.540057281981873
2013-04-06,0.035136448609963684,0.004199253318589587,237.42281062803974,18.544256535300462
2013-04-07,0.015616199382206082,0.0018663348082620386,237.43842682742195,18.546122870108725
2013-04-08,0.08588909660213345,0.010264841445441212,237.52431592402408,18.556387711554166
2013-04-09,0.07027289721992737,0.008398506637179174,237.594588821244,18.564786218191344
2013-04-10,0.0780809969110304,0.009331674041310193,237.67266981815504,18.574117892232653
2013-04-11,0.10209574749300222,0.01213117625370325,237.77476556564804,18.586249068486357
2013-04-12,0.14641379175207764,0.01353092735989978,237.92117935740012,18.599779995846255
2013-04-13,0.0039040498455515204,0.00046658370206550964,237.92508340724567,18.60024657954832
2013-04-14,0.08588909660213345,0.010264841445441212,238.0109725038478,18.61051142099376
2013-04-15,0.18349034274092146,0.021929433997078952,238.19446284658872,18.63244085499084
2013-04-16,0.14054579443985474,0.016797013274358348,238.33500864102857,18.6492378682652
2013-04-17,0.7442531707463457,0.019596515486751405,239.0792618117749,18.66883438375195
2013-04-18,0.15592721391815453,0.018663348082620386,239.23518902569305,18.68749773183457
2013-04-19,0.1522579439765093,0.018196764380554876,239.38744696966955,18.705694496215123
2013-04-20,0.027328348918860643,0.0032660859144585676,239.41477531858843,18.70896058212958
2013-04-21,0.08198504675658193,0.009798257743375702,239.496760365345,18.718758839872958
2013-04-22,0.16006604366761235,0.019129931784685895,239.65682640901264,18.737888771657644
2013-04-23,0.1910636625281182,0.02286260140120997,239.84789007154075,18.760751373058856
2013-04-24,0.09884401230374319,0.011198008849572231,239.9467340838445,18.771949381908428
2013-04-25,0.1876263378959698,0.019596515486751405,240.13436042174047,18.791545897395178
2013-04-26,0.18782176543106255,0.022396017699144462,240.32218218717153,18.813941915094322
2013-04-27,0.0039040498455515204,0.00046658370206550964,240.32608623701708,18.814408498796386
2013-04-28,0.015616199382206082,0.0018663348082620386,240.3417024363993,18.81627483360465
2013-04-29,0.2888996885708125,0.034527193952847715,240.6306021249701,18.850802027557496
2013-04-30,0.23132089089628297,0.02752843842186507,240.86192301586638,18.87833046597936
2013-05-01,0.18595619888642506,0.021929433997078952,241.0478792147528,18.90025989997644
2013-05-02,0.1912984424320245,0.02286260140120997,241.23917765718483,18.92312250137765
2013-05-03,0.1769380999954972,0.017263596976423858,241.41611575718034,18.940386098354075
2013-05-04,0.0039040498455515204,0.00046658370206550964,241.42001980702588,18.94085268205614
2013-05-05,0.042944548301066726,0.005132420722720606,241.46296435532696,18.94598510277886
2013-05-06,0.7049962342623559,0.02379576880534099,242.1679605895893,18.969780871584202
2013-05-07,0.26191717316450486,0.030794524336323636,242.42987776275382,19.000575395920524
2013-05-08,0.18349034274092146,0.021929433997078952,242.61336810549474,19.022504829917604
2013-05-09,0.15097092123647007,0.01586384587022733,242.76433902673122,19.038368675787833
2013-05-10,0.2973094121717566,0.02332918510327548,243.06164843890298,19.06169786089111
2013-05-11,0.015616199382206082,0.0018663348082620386,243.0772646382852,19.06356419569937
2013-05-12,0.007808099691103041,0.0009331674041310193,243.08507273797628,19.064497363103502
2013-05-13,0.17958629289536995,0.021462850295013443,243.26465903087166,19.085960213398515
2013-05-14,0.4394099719406008,0.02846160582599609,243.70406900281225,19.11442181922451
2013-05-15,0.3277268001070774,0.02799502212393058,244.03179580291933,19.142416841348442
2013-05-16,0.2312832049169467,0.020996266592947933,244.26307900783627,19.16341310794139
2013-05-17,0.11875591718707128,0.011198008849572231,244.38183492502333,19.174611116790963
2013-05-18,0.007808099691103041,0.0009331674041310193,244.38964302471442,19.175544284195094
2013-05-19,0.0390404984555152,0.0046658370206550965,244.42868352316992,19.18021012121575
2013-05-20,0.19910654212312753,0.02379576880534099,244.62779006529306,19.204005890021094
2013-05-21,0.1810760698640369,0.021462850295013443,244.8088661351571,19.225468740316106
2013-05-22,0.24898872365565983,0.02706185471979956,245.05785485881276,19.252530595035907
2013-05-23,0.11712149536654562,0.01399751106196529,245.1749763541793,19.266528106097873
2013-05-24,0.15773091731516223,0.018663348082620386,245.33270727149446,19.28519145418049
2013-05-25,0.0039040498455515204,0.00046658370206550964,245.33661132134,19.285658037882556
2013-05-26,0.007808099691103041,0.0009331674041310193,245.3444194210311,19.286591205286687
2013-05-27,0.07027289721992737,0.008398506637179174,245.414692318251,19.294989711923865
2013-05-28,0.1717781932042669,0.020529682890882424,245.58647051145527,19.315519394814746
2013-05-29,0.2654753894975034,0.03172769174045466,245.85194590095278,19.3472470865552
2013-05-30,0.2656581443459833,0.03126110803838915,246.11760404529878,19.37850819459359
2013-05-31,0.1717781932042669,0.020529682890882424,246.28938223850304,19.39903787748447
2013-06-01,0.011712149536654561,0.0013997511061965289,246.3010943880397,19.400437628590666
2013-06-02,0.08979314644768498,0.010731425147506721,246.39088753448738,19.411169053738174
2013-06-03,0.23076631373212927,0.02752843842186507,246.6216538482195,19.43869749216004
2013-06-04,0.2327429338854135,0.02612868731566854,246.8543967821049,19.464826179475708
2013-06-05,0.20691464181423058,0.02472893620947201,247.06131142391914,19.489555115685178
2013-06-06,0.2029812911815049,0.0242623525074065,247.26429271510065,19.513817468192585
2013-06-07,0.1893611746475538,0.022396017699144462,247.4536538897482,19.53621348589173
2013-06-09,0.0039040498455515204,0.00046658370206550964,247.45755793959376,19.536680069593793
2013-06-10,0.14054579443985474,0.016797013274358348,247.5981037340336,19.553477082868152
2013-06-11,0.11712149536654562,0.01399751106196529,247.71522522940015,19.56747459393012
2013-06-12,0.2301041609836334,0.02752843842186507,247.9453293903838,19.595003032351983
2013-06-13,0.20344709425686966,0.02286260140120997,248.14877648464065,19.617865633753194
2013-06-14,0.27572036478108986,0.028928189528061598,248.42449684942173,19.646793823281257
2013-06-15,0.05856074768327281,0.006998755530982645,248.483057597105,19.65379257881224
2013-06-16,0.011712149536654561,0.0013997511061965289,248.49476974664165,19.655192329918435
2013-06-17,0.1561619938220608,0.018663348082620386,248.6509317404637,19.673855678001054
2013-06-18,0.16787414335871537,0.020063099188816914,248.81880588382242,19.69391877718987
2013-06-19,0.30061183810746706,0.035926945059044244,249.1194177219299,19.729845722248914
2013-06-20,0.3166408607941153,0.020996266592947933,249.436058582724,19.750841988841863
2013-06-21,0.16164670882452703,0.019129931784685895,249.59770529154852,19.76997192062655
2013-06-22,0.015616199382206082,0.0018663348082620386,249.61332149093073,19.77183825543481
2013-06-23,0.007808099691103041,0.0009331674041310193,249.62112959062182,19.772771422838943
2013-06-24,0.2810915888797095,0.033594026548716696,249.90222117950154,19.80636544938766
2013-06-25,0.25981682671596107,0.029861356932192617,250.1620380062175,19.836226806319853
2013-06-26,0.23864664838665547,0.02379576880534099,250.40068465460416,19.860022575125196
2013-06-27,0.2303389408875397,0.02752843842186507,250.6310235954917,19.88755101354706
2013-06-28,0.30841993779857013,0.03686011246317526,250.93944353329027,19.924411126010234
2013-06-30,0.007808099691103041,0.0009331674041310193,250.94725163298136,19.925344293414366
2013-07-01,0.2513202978803369,0.020063099188816914,251.1985719308617,19.945407392603183
2013-07-02,0.1910636625281182,0.02286260140120997,251.3896355933898,19.968269994004395
2013-07-03,0.18349034274092146,0.021929433997078952,251.57312593613074,19.990199428001475
2013-07-04,0.0039040498455515204,0.00046658370206550964,251.57702998597628,19.99066601170354
2013-07-05,0.1912984424320245,0.02286260140120997,251.7683284284083,20.01352861310475
2013-07-06,0.0390404984555152,0.0046658370206550965,251.8073689268638,20.018194450125407
2013-07-07,0.0195202492277576,0.0023329185103275482,251.82688917609156,20.020527368635733
2013-07-08,0.2652406095935971,0.03172769174045466,252.09212978568516,20.052255060376186
2013-07-09,0.2680944862148767,0.03172769174045466,252.36022427190002,20.08398275211664
2013-07-10,0.21005248880043342,0.02332918510327548,252.57027676070047,20.107311937219915
2013-07-11,0.23814704057864275,0.02846160582599609,252.8084238012791,20.13577354304591
2013-07-12,0.19910654212312753,0.02379576880534099,253.00753034340224,20.159569311851254
2013-07-15,0.027328348918860643,0.0032660859144585676,253.0348586923211,20.16283539776571
2013-07-16,0.2535284600569425,0.030327940634258126,253.28838715237805,20.19316333839997
2013-07-17,0.1917258152766141,0.02286260140120997,253.48011296765466,20.21602593980118
2013-07-18,0.49858304144304455,0.04152594948383036,253.97869600909772,20.25755188928501
2013-07-19,0.32068992311107275,0.03779327986730628,254.2993859322088,20.295345169152316
2013-07-20,0.0390404984555152,0.0046658370206550965,254.3384264306643,20.300011006172973
2013-07-21,0.011712149536654561,0.0013997511061965289,254.35013858020096,20.301410757279168
2013-07-22,0.20301059196867907,0.0242623525074065,254.55314917216964,20.325673109786575
2013-07-23,0.26987600202880924,0.02799502212393058,254.82302517419845,20.353668131910506
2013-07-24,0.1912984424320245,0.02286260140120997,255.01432361663046,20.376530733311718
2013-07-25,0.22566868818263952,0.025195519911537522,255.23999230481311,20.401726253223256
2013-07-26,0.17410303967770624,0.020529682890882424,255.41409534449082,20.422255936114137
2013-07-27,0.007808099691103041,0.0009331674041310193,255.4219034441819,20.42318910351827
2013-07-28,0.007808099691103041,0.0009331674041310193,255.429711543873,20.4241222709224
2013-07-29,0.23870699637712378,0.02846160582599609,255.66841854025012,20.452583876748395
2013-07-30,0.3235665773729636,0.0387264472714373,255.99198511762307,20.49131032401983
2013-07-31,0.4360012453064067,0.05179079092927157,256.42798636292946,20.543101114949103
2013-08-01,0.2184735507790154,0.02612868731566854,256.6464599137085,20.569229802264772
2013-08-02,0.1676393634548091,0.020063099188816914,256.8140992771633,20.58929290145359
2013-08-03,0.015616199382206082,0.0018663348082620386,256.82971547654546,20.591159236261852
2013-08-04,0.007808099691103041,0.0009331674041310193,256.83752357623655,20.592092403665983
2013-08-05,0.2680698969394382,0.02332918510327548,257.105593473176,20.61542158876926
2013-08-06,0.2810297257320797,0.033594026548716696,257.38662319890807,20.649015615317975
2013-08-07,0.22546848391710378,0.02659527101773405,257.61209168282517,20.675610886335708
2013-08-08,0.18483056768987213,0.017730180678489367,257.796922250515,20.6933410670142
2013-08-09,0.1800015550747653,0.020996266592947933,257.97692380558976,20.714337333607148
2013-08-10,0.011712149536654561,0.0013997511061965289,257.9886359551264,20.715737084713343
2013-08-11,0.015616199382206082,0.0018663348082620386,258.0042521545086,20.717603419521605
2013-08-12,0.31190698661532545,0.034993777654913225,258.31615914112393,20.75259719717652
2013-08-13,0.28416359953481163,0.029861356932192617,258.6003227406587,20.782458554108715
2013-08-14,0.27718753903415794,0.03312744284665119,258.8775102796929,20.815585996955367
2013-08-15,0.36080470674044607,0.03266085914458568,259.23831498643335,20.84824685609995
2013-08-16,0.1717781932042669,0.020529682890882424,259.4100931796376,20.868776538990833
2013-08-17,0.06636884737437584,0.007931922935113665,259.47646202701196,20.876708461925947
2013-08-18,0.0039040498455515204,0.00046658370206550964,259.48036607685754,20.87717504562801
2013-08-19,0.34365476733056766,0.03686011246317526,259.8240208441881,20.914035158091185
2013-08-20,0.1926879793946455,0.02286260140120997,260.01670882358275,20.936897759492396
2013-08-21,0.20301059196867907,0.0242623525074065,260.2197194155514,20.961160111999803
2013-08-22,0.2693794393430549,0.03219427544252017,260.48909885489445,20.993354387442324
2013-08-23,0.24533233989006345,0.02846160582599609,260.7344311947845,21.02181599326832
2013-08-24,0.015616199382206082,0.0018663348082620386,260.7500473941667,21.023682328076582
2013-08-25,0.011712149536654561,0.0013997511061965289,260.76175954370336,21.025082079182777
2013-08-26,0.3647312673648138,0.035926945059044244,261.12649081106815,21.06100902424182
2013-08-27,0.2537632399608488,0.030327940634258126,261.380254051029,21.091336964876078
2013-08-28,0.7949061035075066,0.04199253318589587,262.1751601545365,21.133329498061972
2013-08-29,0.21509950659170154,0.02566210361360303,262.3902596611282,21.158991601675574
2013-08-30,0.3077872993266844,0.03639352876110975,262.69804696045486,21.195385130436684
2013-08-31,0.054656697837721285,0.006532171828917135,262.7527036582926,21.2019173022656
2013-09-01,0.0039040498455515204,0.00046658370206550964,262.7566077081382,21.202383885967663
2013-09-02,0.0039040498455515204,0.00046658370206550964,262.76051175798375,21.202850469669727
2013-09-03,0.2264348910419882,0.02706185471979956,262.98694664902575,21.229912324389527
2013-09-04,0.284995638725261,0.034060610250782206,263.271942287751,21.26397293464031
2013-09-05,0.3420228581341719,0.030794524336323636,263.6139651458852,21.294767458976633
2013-09-06,0.37435574313953746,0.03919303097350281,263.9883208890247,21.333960489950137
2013-09-07,0.0195202492277576,0.0023329185103275482,264.00784113825245,21.336293408460463
2013-09-08,0.015616199382206082,0.0018663348082620386,264.0234573376346,21.338159743268726
2013-09-09,0.461536796367643,0.04572520280241994,264.48499413400225,21.383884946071145
2013-09-10,0.36387995225075437,0.04012619837763383,264.848874086253,21.42401114444878
2013-09-11,0.2537632399608488,0.030327940634258126,265.1026373262138,21.45433908508304
2013-09-12,0.5690180151623639,0.03919303097350281,265.6716553413762,21.493532116056542
2013-09-13,0.1327376947487517,0.01586384587022733,265.80439303612496,21.50939596192677
2013-09-15,0.0195202492277576,0.0023329185103275482,265.8239132853527,21.511728880437097
2013-09-16,0.29416489672984925,0.03312744284665119,266.11807818208257,21.54485632328375
2013-09-17,0.427294445815672,0.03779327986730628,266.54537262789825,21.582649603151054
2013-09-18,0.37040043322110794,0.0387264472714373,266.91577306111935,21.62137605042249
2013-09-19,0.2815947784951577,0.02659527101773405,267.1973678396145,21.647971321440224
2013-09-20,0.27718753903415794,0.03312744284665119,267.4745553786487,21.681098764286876
2013-09-21,0.011712149536654561,0.0013997511061965289,267.48626752818535,21.68249851539307
2013-09-22,0.015616199382206082,0.0018663348082620386,267.50188372756753,21.684364850201334
2013-09-23,0.3045158879530186,0.03639352876110975,267.80639961552055,21.720758378962444
2013-09-24,0.15718667044079124,0.018663348082620386,267.96358628596136,21.739421727045062
2013-09-25,0.38348734774224724,0.04572520280241994,268.3470736337036,21.785146929847482
2013-09-26,0.6744177038120297,0.034993777654913225,269.0214913375156,21.820140707502397
2013-09-27,0.22602827663692074,0.02706185471979956,269.2475196141525,21.847202562222197
2013-09-28,0.09760124613878801,0.01166459255163774,269.3451208602913,21.858867154773836
2013-09-29,0.0195202492277576,0.0023329185103275482,269.364641109519,21.861200073284163
2013-09-30,0.2991638063152158,0.035460361356978734,269.66380491583425,21.89666043464114
2013-10-01,0.18739439258647297,0.022396017699144462,269.85119930842075,21.919056452340286
2013-10-02,0.404193107715935,0.04105936578176485,270.25539241613666,21.960115818122052
2013-10-03,0.16002695816059379,0.019129931784685895,270.41541937429724,21.979245749906738
2013-10-04,0.28430814060353937,0.028928189528061598,270.69972751490076,22.0081739394348
2013-10-05,0.007808099691103041,0.0009331674041310193,270.70753561459185,22.009107106838933
2013-10-06,0.0195202492277576,0.0023329185103275482,270.7270558638196,22.01144002534926
2013-10-07,0.24502976078791344,0.022396017699144462,270.97208562460753,22.033836043048403
2013-10-08,0.3187741135299653,0.030794524336323636,271.2908597381375,22.064630567384725
2013-10-09,0.4886964686392847,0.02472893620947201,271.77955620677676,22.089359503594196
2013-10-10,0.2172673023884643,0.021462850295013443,271.9968235091652,22.11082235388921
2013-10-11,0.2652406095935971,0.03172769174045466,272.2620641187588,22.142550045629662
2013-10-12,0.007808099691103041,0.0009331674041310193,272.2698722184499,22.143483213033793
2013-10-13,0.011712149536654561,0.0013997511061965289,272.28158436798657,22.14488296413999
2013-10-14,0.29049245715170513,0.02752843842186507,272.57207682513825,22.172411402561853
2013-10-15,0.47639096179388485,0.0387264472714373,273.0484677869321,22.21113784983329
2013-10-16,0.12492959505764865,0.014930678466096308,273.1733973819898,22.226068528299386
2013-10-17,0.16787414335871537,0.020063099188816914,273.3412715253485,22.246131627488204
2013-10-18,0.271077192019187,0.03126110803838915,273.61234871736764,22.277392735526593
2013-10-19,0.011712149536654561,0.0013997511061965289,273.6240608669043,22.27879248663279
2013-10-20,0.011712149536654561,0.0013997511061965289,273.63577301644096,22.280192237738984
2013-10-21,0.21862679135088514,0.02612868731566854,273.8543998077918,22.306320925054653
2013-10-22,0.3836142763790467,0.020529682890882424,274.23801408417086,22.326850607945534
2013-10-23,0.35835229122569084,0.042459116887961376,274.59636637539654,22.369309724833496
2013-10-24,0.30841993779857013,0.03686011246317526,274.90478631319513,22.40616983729667
2013-10-25,0.35245995965347615,0.02752843842186507,275.2572462728486,22.433698275718534
2013-10-26,0.05856074768327281,0.006998755530982645,275.31580702053185,22.440697031249517
2013-10-27,0.027328348918860643,0.0032660859144585676,275.3431353694507,22.443963117163975
2013-10-28,0.33159392599425397,0.02332918510327548,275.67472929544493,22.46729230226725
2013-10-29,0.3850078042946611,0.030327940634258126,276.0597370997396,22.497620242901508
2013-10-30,0.4096420640033714,0.04619178650448545,276.469379163743,22.543812029405995
2013-10-31,0.18715961268256667,0.022396017699144462,276.6565387764256,22.56620804710514
2013-11-01,0.23700965883351532,0.020996266592947933,276.8935484352591,22.587204313698088
2013-11-02,0.035136448609963684,0.004199253318589587,276.9286848838691,22.591403567016677
2013-11-03,0.015616199382206082,0.0018663348082620386,276.9443010832513,22.59326990182494
2013-11-04,0.2089557847845417,0.02472893620947201,277.15325686803584,22.61799883803441
2013-11-05,0.2158341166778178,0.02332918510327548,277.36909098471364,22.641328023137685
2013-11-06,0.4916183994742547,0.02332918510327548,277.8607093841879,22.66465720824096
2013-11-07,0.29988471779354986,0.034060610250782206,278.1605941019814,22.698717818491744
2013-11-08,0.20730966578780052,0.022396017699144462,278.36790376776923,22.721113836190888
2013-11-09,0.015616199382206082,0.0018663348082620386,278.3835199671514,22.72298017099915
2013-11-10,0.0039040498455515204,0.00046658370206550964,278.387424016997,22.723446754701214
2013-11-11,0.10540934582989105,0.012597759955768761,278.4928333628269,22.73604451465698
2013-11-12,0.3740468010079015,0.03219427544252017,278.8668801638348,22.768238790099502
2013-11-13,0.4277625053380501,0.02332918510327548,279.29464266917284,22.791567975202778
2013-11-14,0.45245438222595014,0.03686011246317526,279.7470970513988,22.82842808766595
2013-11-15,0.17238832089733636,0.020063099188816914,279.9194853722961,22.84849118685477
2013-11-16,0.042944548301066726,0.005132420722720606,279.9624299205972,22.85362360757749
2013-11-17,0.015616199382206082,0.0018663348082620386,279.97804611997935,22.855489942385752
2013-11-18,0.23465769089106794,0.02472893620947201,280.21270381087044,22.880218878595223
2013-11-19,0.21839201144697884,0.033947906957548284,280.4310958223174,22.91416678555277
2013-11-20,0.30818515789466383,0.03686011246317526,280.7392809802121,22.951026898015943
2013-11-21,0.24811374732737437,0.025195519911537522,280.9873947275394,22.97622241792748
2013-11-22,0.4666311826642001,0.020063099188816914,281.4540259102036,22.9962855171163
2013-11-23,0.031232398764412164,0.003732669616524077,281.485258308968,23.000018186732824
2013-11-24,0.007808099691103041,0.0009331674041310193,281.4930664086591,23.000951354136955
2013-11-25,0.20301059196867907,0.0242623525074065,281.6960770006278,23.02521370664436
2013-11-26,0.393009374576888,0.03312744284665119,282.08908637520466,23.058341149491014
2013-11-27,0.284995638725261,0.034060610250782206,282.3740820139299,23.092401759741797
2013-11-28,0.031232398764412164,0.003732669616524077,282.40531441269434,23.096134429358322
2013-11-29,0.08198504675658193,0.009798257743375702,282.4872994594509,23.1059326871017
2013-11-30,0.011712149536654561,0.0013997511061965289,282.4990116089876,23.107332438207894
2013-12-01,0.007808099691103041,0.0009331674041310193,282.5068197086787,23.108265605612026
2013-12-02,0.32149574520102997,0.035926945059044244,282.8283154538797,23.144192550671068
2013-12-03,0.2622630066770579,0.029861356932192617,283.0905784605568,23.174053907603263
2013-12-04,0.5347986557404402,0.030327940634258126,283.6253771162972,23.20438184823752
2013-12-05,0.21597116205117237,0.02566210361360303,283.8413482783484,23.230043951851123
2013-12-06,0.2962184277554557,0.029394773230127107,284.1375667061038,23.25943872508125
2013-12-07,0.023424299073309122,0.0027995022123930577,284.16099100517715,23.262238227293643
2013-12-09,0.20691464181423058,0.02472893620947201,284.3679056469914,23.286967163503114
2013-12-10,0.3435563864085338,0.04105936578176485,284.7114620333999,23.32802652928488
2013-12-11,0.2693794393430549,0.03219427544252017,284.98084147274295,23.3602208047274
2013-12-12,0.5536573366412917,0.03126110803838915,285.5344988093842,23.39148191276579
2013-12-13,0.3186321609887532,0.022396017699144462,285.85313097037294,23.413877930464935
2013-12-14,0.0195202492277576,0.0023329185103275482,285.8726512196007,23.41621084897526
2013-12-15,0.023424299073309122,0.0027995022123930577,285.896075518674,23.419010351187655
2013-12-16,0.3037504856790549,0.029861356932192617,286.1998260043531,23.44887170811985
2013-12-17,0.267377473816545,0.02706185471979956,286.46720347816967,23.47593356283965
2013-12-18,0.36055025657530715,0.035460361356978734,286.827753734745,23.51139392419663
2013-12-19,0.20201934351449655,0.02379576880534099,287.0297730782595,23.53518969300197
2013-12-20,1.3122178638428401,0.035460361356978734,288.3419909421023,23.57065005435895
2013-12-21,0.027328348918860643,0.0032660859144585676,288.36931929102116,23.573916140273408
2013-12-22,0.007808099691103041,0.0009331674041310193,288.37712739071225,23.57484930767754
2013-12-23,0.8964702027730738,0.02286260140120997,289.2735975934853,23.59771190907875
2013-12-24,0.19513821262964753,0.01213117625370325,289.468735806115,23.609843085332454
2013-12-25,0.035136448609963684,0.004199253318589587,289.50387225472497,23.614042338651043
2013-12-26,0.36132157120718816,0.0387264472714373,289.8651938259322,23.65276878592248
2013-12-27,0.2622630066770579,0.029861356932192617,290.12745683260925,23.682630142854673
2013-12-28,0.011712149536654561,0.0013997511061965289,290.1391689821459,23.68402989396087
2013-12-29,0.023424299073309122,0.0027995022123930577,290.16259328121924,23.686829396173263
2013-12-30,0.34025836655834035,0.030794524336323636,290.50285164777756,23.717623920509585
2013-12-31,0.15592721391815453,0.018663348082620386,290.65877886169574,23.736287268592204
2014-01-01,0.004458757719846417,0.00046658370206550964,290.6632376194156,23.736753852294267
2014-01-02,0.09363391211677476,0.009798257743375702,290.7568715315324,23.746552110037644
2014-01-03,0.17733558073584885,0.01586384587022733,290.93420711226827,23.762415955907873
2014-01-04,0.008917515439692833,0.0009331674041310193,290.94312462770796,23.763349123312004
2014-01-05,0.004458757719846417,0.00046658370206550964,290.94758338542783,23.763815707014068
2014-01-06,0.1293039738755461,0.01353092735989978,291.0768873593034,23.777346634373966
2014-01-07,0.08838566661872714,0.009331674041310193,291.1652730259221,23.786678308415276
2014-01-08,0.11147532235018406,0.010731425147506721,291.2767483482723,23.797409733562784
2014-01-09,0.09338164870957842,0.008398506637179174,291.37012999698186,23.805808240199962
2014-01-10,0.6783753165604128,0.02706185471979956,292.04850531354225,23.832870094919762
2014-01-11,0.026752546319078502,0.0027995022123930577,292.0752578598613,23.835669597132156
2014-01-12,0.008917515439692833,0.0009331674041310193,292.084175375301,23.836602764536288
2014-01-13,0.17835030879385666,0.018663348082620386,292.2625256840949,23.855266112618907
2014-01-14,0.14408467581078463,0.01213117625370325,292.4066103599057,23.86739728887261
2014-01-15,0.20510285511293516,0.021462850295013443,292.61171321501865,23.888860139167623
2014-01-16,0.3399018083949042,0.017263596976423858,292.9516150234136,23.906123736144046
2014-01-17,0.16094284620624752,0.016797013274358348,293.1125578696198,23.922920749418406
2014-01-20,0.0802576389572355,0.008398506637179174,293.19281550857704,23.931319256055584
2014-01-21,0.2891210646672048,0.014464094764030799,293.48193657324424,23.945783350819614
2014-01-22,0.12484521615569967,0.01306434365783427,293.6067817893999,23.95884769447745
2014-01-23,0.25414919003124575,0.02659527101773405,293.86093097943115,23.98544296549518
2014-01-24,0.3393127729395705,0.021462850295013443,294.20024375237074,24.006905815790194
2014-01-25,0.008917515439692833,0.0009331674041310193,294.20916126781043,24.007838983194326
2014-01-27,0.5809473647171505,0.02286260140120997,294.79010863252756,24.030701584595537
2014-01-28,0.23631415915186008,0.02472893620947201,295.0264227916794,24.055430520805007
2014-01-29,0.19618533967324234,0.020529682890882424,295.2226081313527,24.07596020369589
2014-01-30,0.3058816468045807,0.020996266592947933,295.5284897781573,24.096956470288838
2014-01-31,0.08471639667708192,0.008865090339244684,295.6132061748344,24.105821560628083
2014-02-01,0.022293788599232083,0.0023329185103275482,295.63549996343363,24.10815447913841
2014-02-02,0.008917515439692833,0.0009331674041310193,295.6444174788733,24.10908764654254
2014-02-03,0.15322472640996607,0.01586384587022733,295.7976422052833,24.12495149241277
2014-02-04,0.11961905349427315,0.010731425147506721,295.91726125877756,24.135682917560278
2014-02-05,0.22519040564499795,0.01306434365783427,296.14245166442254,24.148747261218112
2014-02-06,0.11238869730293598,0.006065588126851625,296.2548403617255,24.154812849344964
2014-02-07,0.1872678242335495,0.019596515486751405,296.44210818595906,24.174409364831714
2014-02-08,0.022293788599232083,0.0023329185103275482,296.4644019745583,24.17674228334204
2014-02-09,0.004458757719846417,0.00046658370206550964,296.4688607322782,24.177208867044104
2014-02-10,0.160515277914471,0.016797013274358348,296.6293760101927,24.194005880318464
2014-02-11,0.14597061334381906,0.015397262168161818,296.7753466235365,24.209403142486625
2014-02-12,0.08960875659927556,0.009331674041310193,296.86495538013577,24.218734816527935
2014-02-13,0.24906699250617576,0.017263596976423858,297.11402237264195,24.23599841350436
2014-02-14,0.1864783364553483,0.019596515486751405,297.3005007090973,24.25559492899111
2014-02-15,0.013376273159539251,0.0013997511061965289,297.3138769822569,24.256994680097304
2014-02-16,0.008917515439692833,0.0009331674041310193,297.3227944976966,24.257927847501435
2014-02-17,0.053505092638157004,0.0055990044247861154,297.3762995903347,24.263526851926223
2014-02-18,0.15605652019462457,0.01633042957229284,297.53235611052935,24.279857281498515
2014-02-19,0.13822148931523892,0.014464094764030799,297.6705775998446,24.294321376262545
2014-02-20,0.16703842447739584,0.017263596976423858,297.83761602432196,24.31158497323897
2014-02-21,0.08917515439692833,0.009331674041310193,297.9267911787189,24.320916647280278
2014-02-22,0.03567006175877133,0.003732669616524077,297.96246124047764,24.324649316896803
2014-02-23,0.008917515439692833,0.0009331674041310193,297.9713787559173,24.325582484300934
2014-02-24,0.26762908535944263,0.02659527101773405,298.23900784127676,24.352177755318667
2014-02-25,0.12405572837749848,0.01306434365783427,298.36306356965423,24.365242098976502
2014-02-26,0.1285144860973449,0.01353092735989978,298.4915780557516,24.3787730263364
2014-02-27,0.13822148931523892,0.014464094764030799,298.6297995450668,24.39323712110043
2014-02-28,0.1886722530092488,0.016797013274358348,298.8184717980761,24.41003413437479
2014-03-01,0.013376273159539251,0.0013997511061965289,298.83184807123564,24.411433885480985
2014-03-02,0.022293788599232083,0.0023329185103275482,298.8541418598349,24.41376680399131
2014-03-03,0.1872678242335495,0.019596515486751405,299.04140968406847,24.43336331947806
2014-03-04,0.1293039738755461,0.01353092735989978,299.170713657944,24.44689424683796
2014-03-05,0.181424806882204,0.018663348082620386,299.3521384648262,24.46555759492058
2014-03-06,0.1337627315953925,0.01399751106196529,299.4859011964216,24.479555105982545
2014-03-07,0.15159776247477816,0.01586384587022733,299.63749895889634,24.495418951852773
2014-03-08,0.008917515439692833,0.0009331674041310193,299.64641647433604,24.496352119256905
2014-03-09,0.022293788599232083,0.0023329185103275482,299.6687102629353,24.49868503776723
2014-03-10,0.21615086879232884,0.018196764380554876,299.88486113172763,24.516881802147786
2014-03-11,0.1856888486771471,0.019596515486751405,300.0705499804048,24.536478317634536
2014-03-12,0.1864783364553483,0.019596515486751405,300.25702831686016,24.556074833121286
2014-03-13,0.160515277914471,0.016797013274358348,300.41754359477466,24.572871846395646
2014-03-14,0.1329732438171913,0.01399751106196529,300.5505168385919,24.586869357457612
2014-03-16,0.031211304038924918,0.0032660859144585676,300.5817281426308,24.59013544337207
2014-03-17,0.08917515439692833,0.009331674041310193,300.67090329702773,24.59946711741338
2014-03-18,0.09730318205841998,0.010264841445441212,300.76820647908613,24.60973195885882
2014-03-19,0.17244461662536226,0.01353092735989978,300.9406510957115,24.62326288621872
2014-03-20,0.19618533967324234,0.020529682890882424,301.13683643538474,24.6437925691096
2014-03-21,0.15534857174845995,0.01633042957229284,301.2921850071332,24.660122998681892
2014-03-22,0.008917515439692833,0.0009331674041310193,301.3011025225729,24.661056166086023
2014-03-23,0.013376273159539251,0.0013997511061965289,301.31447879573244,24.66245591719222
2014-03-24,0.17835030879385666,0.018663348082620386,301.4928291045263,24.681119265274837
2014-03-25,0.14713900475493175,0.015397262168161818,301.63996810928126,24.696516527443
2014-03-26,0.09809266983662117,0.010264841445441212,301.73806077911786,24.70678136888844
2014-03-27,0.19356461293144242,0.016797013274358348,301.9316253920493,24.7235783821628
2014-03-28,0.24969043231139934,0.02612868731566854,302.1813158243607,24.749707069478468
2014-03-30,0.017835030879385667,0.0018663348082620386,302.1991508552401,24.75157340428673
2014-03-31,0.0802576389572355,0.008398506637179174,302.2794084941973,24.75997191092391
2014-04-01,0.14982598000659492,0.01586384587022733,302.4292344742039,24.775835756794137
2014-04-02,0.13440740084059835,0.01306434365783427,302.5636418750445,24.788900100451972
2014-04-03,0.2149676179366607,0.018196764380554876,302.77860949298116,24.807096864832527
2014-04-04,0.10950817632173965,0.010731425147506721,302.8881176693029,24.817828289980035
2014-04-07,0.12484521615569967,0.01306434365783427,303.0129628854586,24.83089263363787
2014-04-08,0.19985600074729615,0.016797013274358348,303.21281888620587,24.84768964691223
2014-04-09,0.16943279335416384,0.017730180678489367,303.38225167956006,24.86541982759072
2014-04-10,0.1820195787355019,0.019129931784685895,303.56427125829555,24.884549759375407
2014-04-11,0.11592770071600683,0.01213117625370325,303.68019895901153,24.89668093562911
2014-04-12,0.008917515439692833,0.0009331674041310193,303.6891164744512,24.89761410303324
2014-04-13,0.013376273159539251,0.0013997511061965289,303.7024927476108,24.899013854139437
2014-04-14,0.12484521615569967,0.01306434365783427,303.82733796376647,24.91207819779727
2014-04-15,0.12299434053544096,0.01166459255163774,303.9503323043019,24.92374279034891
2014-04-16,0.10255142755646758,0.010731425147506721,304.0528837318584,24.93447421549642
2014-04-17,0.18624149362496928,0.01586384587022733,304.23912522548335,24.950338061366647
2014-04-18,0.0802576389572355,0.008398506637179174,304.31938286444057,24.958736568003825
2014-04-21,0.12038645843585324,0.012597759955768761,304.43976932287643,24.971334327959593
2014-04-22,0.13822148931523892,0.014464094764030799,304.5779908121917,24.985798422723622
2014-04-23,0.1293039738755461,0.01353092735989978,304.7072947860672,24.99932935008352
2014-04-24,0.18979935687362937,0.014930678466096308,304.89709414294083,25.014260028549618
2014-04-25,0.24969043231139934,0.02612868731566854,305.14678457525224,25.040388715865287
2014-04-26,0.017835030879385667,0.0018663348082620386,305.1646196061316,25.04225505067355
2014-04-27,0.017835030879385667,0.0018663348082620386,305.182454637011,25.044121385481812
2014-04-28,0.13822148931523892,0.014464094764030799,305.32067612632625,25.058585480245842
2014-04-29,0.07579888123738908,0.007931922935113665,305.39647500756365,25.066517403180956
2014-04-30,0.13822148931523892,0.014464094764030799,305.5346964968789,25.080981497944986
2014-05-01,0.20064409739308875,0.020996266592947933,305.735340594272,25.101977764537935
2014-05-02,0.06688136579769625,0.006998755530982645,305.8022219600697,25.108976520068918
2014-05-03,0.008917515439692833,0.0009331674041310193,305.8111394755094,25.10990968747305
2014-05-04,0.013376273159539251,0.0013997511061965289,305.82451574866894,25.111309438579244
2014-05-05,0.20702242542301824,0.018663348082620386,306.03153817409196,25.129972786661863
2014-05-06,0.11146894299616042,0.01166459255163774,306.14300711708813,25.141637379213503
2014-05-07,0.1744028699028507,0.017263596976423858,306.317409986991,25.158900976189926
2014-05-08,0.1053366240947492,0.010731425147506721,306.42274661108576,25.169632401337434
2014-05-09,0.14268024703508533,0.014930678466096308,306.5654268581208,25.18456307980353
2014-05-10,0.004458757719846417,0.00046658370206550964,306.5698856158407,25.185029663505595
2014-05-11,0.004458757719846417,0.00046658370206550964,306.57434437356056,25.18549624720766
2014-05-12,0.1337627315953925,0.01399751106196529,306.70810710515593,25.199493758269625
2014-05-13,0.12720180864077707,0.006532171828917135,306.8353089137967,25.20602593009854
2014-05-14,0.1293039738755461,0.01353092735989978,306.9646128876723,25.21955685745844
2014-05-15,0.1293039738755461,0.01353092735989978,307.0939168615478,25.233087784818338
2014-05-16,0.062422608077849835,0.006532171828917135,307.15633946962566,25.239619956647253
2014-05-17,0.013376273159539251,0.0013997511061965289,307.16971574278523,25.24101970775345
2014-05-18,0.013376273159539251,0.0013997511061965289,307.1830920159448,25.242419458859644
2014-05-19,0.17389155107401025,0.018196764380554876,307.3569835670188,25.2606162232402
2014-05-20,0.09363391211677476,0.009798257743375702,307.4506174791356,25.270414480983575
2014-05-21,0.16943279335416384,0.017730180678489367,307.6200502724898,25.288144661662066
2014-05-22,0.08917515439692833,0.009331674041310193,307.7092254268867,25.297476335703376
2014-05-23,0.2922272046956807,0.016797013274358348,308.00145263158237,25.314273348977736
2014-05-24,0.017835030879385667,0.0018663348082620386,308.01928766246175,25.316139683785998
2014-05-25,0.004458757719846417,0.00046658370206550964,308.0237464201816,25.316606267488062
2014-05-26,0.004458757719846417,0.00046658370206550964,308.0282051779015,25.317072851190126
2014-05-27,0.10701018527631401,0.011198008849572231,308.1352153631778,25.328270860039698
2014-05-28,0.14268024703508533,0.014930678466096308,308.27789561021285,25.343201538505795
2014-05-29,0.08392690889888073,0.008865090339244684,308.36182251911174,25.35206662884504
2014-05-30,0.10255142755646758,0.010731425147506721,308.4643739466682,25.36279805399255
2014-05-31,0.004458757719846417,0.00046658370206550964,308.4688327043881,25.363264637694613
2014-06-02,0.14268024703508533,0.014930678466096308,308.61151295142315,25.37819531616071
2014-06-03,0.14713900475493175,0.015397262168161818,308.7586519561781,25.39359257832887
2014-06-04,0.15159776247477816,0.01586384587022733,308.91024971865284,25.4094564241991
2014-06-05,0.15605652019462457,0.01633042957229284,309.06630623884746,25.425786853771392
2014-06-06,0.11592770071600683,0.01213117625370325,309.18223393956345,25.437918030025095
2014-06-08,0.04012881947861775,0.004199253318589587,309.2223627590421,25.442117283343684
2014-06-09,0.10255142755646758,0.010731425147506721,309.32491418659856,25.452848708491192
2014-06-10,0.16943279335416384,0.017730180678489367,309.49434697995275,25.470578889169683
2014-06-11,0.09363391211677476,0.009798257743375702,309.58798089206954,25.48037714691306
2014-06-12,0.13398241784202378,0.01166459255163774,309.7219633099116,25.4920417394647
2014-06-13,0.06688136579769625,0.006998755530982645,309.7888446757093,25.499040494995683
2014-06-14,0.004458757719846417,0.00046658370206550964,309.7933034334292,25.499507078697746
2014-06-15,0.004458757719846417,0.00046658370206550964,309.79776219114905,25.49997366239981
2014-06-16,0.09363391211677476,0.009798257743375702,309.89139610326583,25.509771920143187
2014-06-17,0.13822148931523892,0.014464094764030799,310.0296175925811,25.524236014907217
2014-06-18,0.19172658195339592,0.020063099188816914,310.22134417453447,25.544299114096034
2014-06-19,0.12693551054094251,0.01353092735989978,310.3482796850754,25.557830041455933
2014-06-20,0.09809266983662117,0.010264841445441212,310.446372354912,25.568094882901374
2014-06-21,0.004458757719846417,0.00046658370206550964,310.4508311126319,25.568561466603438
2014-06-22,0.022293788599232083,0.0023329185103275482,310.47312490123113,25.570894385113764
2014-06-23,0.13772460791193292,0.01213117625370325,310.61084950914307,25.583025561367467
2014-06-24,0.14170629332239423,0.014930678466096308,310.75255580246545,25.597956239833564
2014-06-25,0.11592770071600683,0.01213117625370325,310.86848350318144,25.610087416087268
2014-06-26,0.10586481192225883,0.010264841445441212,310.97434831510367,25.62035225753271
2014-06-27,0.10907457411939243,0.011198008849572231,311.0834228892231,25.63155026638228
2014-06-28,0.03567006175877133,0.003732669616524077,311.11909295098184,25.635282935998806
2014-06-29,0.004458757719846417,0.00046658370206550964,311.1235517087017,25.63574951970087
2014-06-30,0.45449812085952285,0.019596515486751405,311.5780498295612,25.65534603518762
2014-07-01,0.1695105099806571,0.017263596976423858,311.7475603395419,25.672609632164043
2014-07-02,0.31301408482370374,0.018663348082620386,312.0605744243656,25.691272980246662
2014-07-03,0.0802576389572355,0.008398506637179174,312.1408320633228,25.69967148688384
2014-07-04,0.004458757719846417,0.00046658370206550964,312.1452908210427,25.700138070585904
2014-07-05,0.008917515439692833,0.0009331674041310193,312.1542083364824,25.701071237990035
2014-07-06,0.004458757719846417,0.00046658370206550964,312.15866709420226,25.7015378216921
2014-07-07,0.1337627315953925,0.01399751106196529,312.2924298257976,25.715535332754065
2014-07-08,0.15524401435936586,0.01633042957229284,312.447673840157,25.731865762326358
2014-07-09,0.1559894182881225,0.01306434365783427,312.6036632584451,25.744930105984192
2014-07-10,0.15159776247477816,0.01586384587022733,312.7552610209199,25.76079395185442
2014-07-11,0.09284442433857355,0.009798257743375702,312.84810544525845,25.770592209597798
2014-07-12,0.008917515439692833,0.0009331674041310193,312.85702296069815,25.77152537700193
2014-07-14,0.14691646959544316,0.01399751106196529,313.0039394302936,25.785522888063895
2014-07-15,0.15564257393506217,0.012597759955768761,313.15958200422864,25.798120648019662
2014-07-16,0.21402037055262801,0.022396017699144462,313.3736023747813,25.820516665718806
2014-07-17,0.0802576389572355,0.008398506637179174,313.4538600137385,25.828915172355984
2014-07-18,0.20459060106365828,0.021462850295013443,313.6584506148022,25.850378022650997
2014-07-19,0.008917515439692833,0.0009331674041310193,313.66736813024187,25.851311190055128
2014-07-21,0.1472499847495975,0.011198008849572231,313.81461811499145,25.8625091989047
2014-07-22,0.17835030879385666,0.018663348082620386,313.9929684237853,25.88117254698732
2014-07-23,0.13655715172125665,0.01306434365783427,314.1295255755066,25.894236890645153
2014-07-24,0.1062206974981128,0.011198008849572231,314.2357462730047,25.905434899494725
2014-07-25,0.20703304014300938,0.01306434365783427,314.4427793131477,25.91849924315256
2014-07-26,0.008917515439692833,0.0009331674041310193,314.4516968285874,25.91943241055669
2014-07-28,0.19435410070964362,0.017730180678489367,314.646050929297,25.937162591235182
2014-07-29,0.13518440345793553,0.01399751106196529,314.78123533275493,25.95116010229715
2014-07-30,0.0987203356492154,0.010264841445441212,314.87995566840414,25.96142494374259
2014-07-31,0.21569961609094324,0.007931922935113665,315.0956552844951,25.969356866677703
2014-08-01,0.32139405874009214,0.019129931784685895,315.4170493432352,25.98848679846239
2014-08-03,0.004458757719846417,0.00046658370206550964,315.42150810095507,25.988953382164453
2014-08-04,0.1690208472901183,0.01166459255163774,315.5905289482452,26.000617974716093
2014-08-05,0.11146894299616042,0.01166459255163774,315.7019978912414,26.012282567267732
2014-08-06,0.10176193977826639,0.010731425147506721,315.80375983101965,26.02301399241524
2014-08-07,0.057963850358003416,0.006065588126851625,315.86172368137767,26.029079580542092
2014-08-08,0.013376273159539251,0.0013997511061965289,315.87509995453723,26.030479331648287
2014-08-09,0.004458757719846417,0.00046658370206550964,315.8795587122571,26.03094591535035
2014-08-11,0.21608425612181895,0.012597759955768761,316.0956429683789,26.04354367530612
2014-08-12,0.2804311252187604,0.021929433997078952,316.37607409359765,26.0654731093032
2014-08-13,0.15188272343858672,0.01166459255163774,316.5279568170362,26.077137701854838
2014-08-14,0.09809266983662117,0.010264841445441212,316.62604948687283,26.08740254330028
2014-08-15,0.04012881947861775,0.004199253318589587,316.66617830635147,26.091601796618868
2014-08-17,0.008917515439692833,0.0009331674041310193,316.67509582179116,26.092534964023
2014-08-18,0.15159997367980554,0.014930678466096308,316.826695795471,26.107465642489096
2014-08-19,0.23586031647797412,0.01306434365783427,317.06255611194894,26.12052998614693
2014-08-20,0.2450932739848308,0.014930678466096308,317.30764938593376,26.135460664613028
2014-08-21,0.15001878691837578,0.01586384587022733,317.45766817285215,26.151324510483256
2014-08-22,0.07134012351754267,0.007465339233048154,317.5290082963697,26.158789849716303
2014-08-23,0.008917515439692833,0.0009331674041310193,317.5379258118094,26.159723017120434
2014-08-24,0.04012881947861775,0.004199253318589587,317.578054631288,26.163922270439024
2014-08-25,0.09487526222840093,0.006998755530982645,317.6729298935164,26.170921025970006
2014-08-26,0.15266737146701057,0.01586384587022733,317.82559726498346,26.186784871840235
2014-08-27,0.08471639667708192,0.008865090339244684,317.91031366166055,26.19564996217948
2014-08-28,0.15605652019462457,0.01633042957229284,318.0663701818552,26.211980391751773
2014-08-29,0.09363391211677476,0.009798257743375702,318.16000409397196,26.22177864949515
2014-08-30,0.004458757719846417,0.00046658370206550964,318.16446285169184,26.222245233197214
2014-09-01,0.008917515439692833,0.0009331674041310193,318.17338036713153,26.223178400601345
2014-09-02,0.11650807371601986,0.01213117625370325,318.28988844084756,26.235309576855048
2014-09-03,0.12484521615569967,0.01306434365783427,318.41473365700324,26.248373920512883
2014-09-04,0.30071614472689095,0.015397262168161818,318.71544980173013,26.263771182681044
2014-09-05,0.18380358274489378,0.014930678466096308,318.899253384475,26.27870186114714
2014-09-06,0.017835030879385667,0.0018663348082620386,318.9170884153544,26.280568195955404
2014-09-08,0.15105289269268665,0.01586384587022733,319.0681413080471,26.296432041825632
2014-09-09,0.10125329274572391,0.008398506637179174,319.16939460079277,26.30483054846281
2014-09-10,0.12430034637360815,0.01306434365783427,319.2936949471664,26.317894892120645
2014-09-11,0.25414919003124575,0.02659527101773405,319.5478441371976,26.344490163138378
2014-09-12,0.13724627422478325,0.014464094764030799,319.6850904114224,26.358954257902408
2014-09-13,0.008917515439692833,0.0009331674041310193,319.69400792686207,26.35988742530654
2014-09-14,0.044587577198464165,0.0046658370206550965,319.7385955040605,26.364553262327195
2014-09-15,0.1329732438171913,0.01399751106196529,319.87156874787775,26.37855077338916
2014-09-16,0.10176193977826639,0.010731425147506721,319.973330687656,26.38928219853667
2014-09-17,1.7145513243626573,0.019596515486751405,321.6878820120187,26.40887871402342
2014-09-18,0.08917515439692833,0.009331674041310193,321.7770571664156,26.41821038806473
2014-09-19,0.062422608077849835,0.006532171828917135,321.83947977449344,26.424742559893645
2014-09-20,0.004458757719846417,0.00046658370206550964,321.8439385322133,26.42520914359571
2014-09-22,0.17023770170918234,0.017263596976423858,322.0141762339225,26.442472740572132
2014-09-23,0.11592770071600683,0.01213117625370325,322.1301039346385,26.454603916825835
2014-09-24,0.2097102207473002,0.020529682890882424,322.3398141553858,26.475133599716717
2014-09-25,0.19267350318010049,0.01633042957229284,322.5324876585659,26.49146402928901
2014-09-26,0.11592770071600683,0.01213117625370325,322.6484153592819,26.503595205542712
2014-09-27,0.017835030879385667,0.0018663348082620386,322.6662503901613,26.505461540350975
2014-09-28,0.013376273159539251,0.0013997511061965289,322.67962666332085,26.50686129145717
2014-09-29,0.12038645843585324,0.012597759955768761,322.8000131217567,26.519459051412937
2014-09-30,0.15646039414926408,0.01633042957229284,322.956473515906,26.53578948098523
2014-10-01,0.08471639667708192,0.008865090339244684,323.0411899125831,26.544654571324475
2014-10-02,0.06688136579769625,0.006998755530982645,323.1080712783808,26.551653326855458
2014-10-03,0.07579888123738908,0.007931922935113665,323.1838701596182,26.559585249790572
2014-10-04,0.008917515439692833,0.0009331674041310193,323.1927876750579,26.560518417194704
2014-10-05,0.017835030879385667,0.0018663348082620386,323.2106227059373,26.562384752002966
2014-10-06,0.17389155107401025,0.018196764380554876,323.3845142570113,26.58058151638352
2014-10-07,0.1578467498379729,0.01633042957229284,323.54236100684926,26.596911945955814
2014-10-08,0.10255142755646758,0.010731425147506721,323.64491243440574,26.607643371103322
2014-10-09,0.13822148931523892,0.014464094764030799,323.783133923721,26.62210746586735
2014-10-10,0.14268024703508533,0.014930678466096308,323.92581417075604,26.63703814433345
2014-10-11,0.017835030879385667,0.0018663348082620386,323.9436492016354,26.63890447914171
2014-10-12,0.013376273159539251,0.0013997511061965289,323.957025474795,26.640304230247907
2014-10-13,0.1492516602032774,0.01213117625370325,324.10627713499827,26.65243540650161
2014-10-14,0.16740110206769762,0.010731425147506721,324.27367823706595,26.663166831649118
2014-10-15,0.1448723025067098,0.014464094764030799,324.41855053957266,26.677630926413148
2014-10-16,0.15156225457755823,0.01399751106196529,324.57011279415025,26.691628437475114
2014-10-17,0.20150365638669654,0.017730180678489367,324.77161645053695,26.709358618153605
2014-10-18,0.004458757719846417,0.00046658370206550964,324.7760752082568,26.70982520185567
2014-10-19,0.004458757719846417,0.00046658370206550964,324.7805339659767,26.710291785557732
2014-10-20,0.18350348935827762,0.010731425147506721,324.96403745533496,26.72102321070524
2014-10-21,0.19618533967324234,0.020529682890882424,325.1602227950082,26.741552893596122
2014-10-22,0.10255142755646758,0.010731425147506721,325.2627742225647,26.75228431874363
2014-10-23,0.1337627315953925,0.01399751106196529,325.39653695416007,26.766281829805596
2014-10-24,0.13743200153703772,0.014464094764030799,325.5339689556971,26.780745924569626
2014-10-25,0.03567006175877133,0.003732669616524077,325.56963901745587,26.78447859418615
2014-10-26,0.017835030879385667,0.0018663348082620386,325.58747404833525,26.786344928994414
2014-10-27,0.09809266983662117,0.010264841445441212,325.68556671817186,26.796609770439854
2014-10-28,0.1337627315953925,0.01399751106196529,325.8193294497672,26.81060728150182
2014-10-29,0.3478034781913639,0.01586384587022733,326.16713292795856,26.82647112737205
2014-10-30,0.1337627315953925,0.01399751106196529,326.30089565955393,26.840468638434015
2014-10-31,0.140389500326975,0.012597759955768761,326.4412851598809,26.85306639838978
2014-11-01,0.008917515439692833,0.0009331674041310193,326.4502026753206,26.853999565793913
2014-11-02,0.044587577198464165,0.0046658370206550965,326.49479025251907,26.85866540281457
2014-11-03,0.11067945521795923,0.01166459255163774,326.60546970773703,26.87032999536621
2014-11-04,0.17389155107401025,0.018196764380554876,326.77936125881104,26.888526759746764
2014-11-05,0.12138701325691308,0.01166459255163774,326.900748272068,26.900191352298403
2014-11-06,0.2644779502265089,0.018196764380554876,327.1652262222945,26.91838811667896
2014-11-07,0.11592770071600683,0.01213117625370325,327.2811539230105,26.93051929293266
2014-11-09,0.013376273159539251,0.0013997511061965289,327.29453019617006,26.931919044038857
2014-11-10,0.08471639667708192,0.008865090339244684,327.37924659284715,26.940784134378102
2014-11-11,0.09809266983662117,0.010264841445441212,327.47733926268376,26.951048975823543
2014-11-12,0.1337627315953925,0.01399751106196529,327.6111019942791,26.96504648688551
2014-11-13,0.21084330591210665,0.01399751106196529,327.8219453001912,26.979043997947475
2014-11-14,0.12038645843585324,0.012597759955768761,327.94233175862706,26.991641757903242
2014-11-15,0.013376273159539251,0.0013997511061965289,327.9557080317866,26.993041509009437
2014-11-17,0.22293788599232084,0.02332918510327548,328.17864591777897,27.016370694112712
2014-11-18,0.17514054659672307,0.018196764380554876,328.3537864643757,27.034567458493267
2014-11-19,0.11592770071600683,0.01213117625370325,328.46971416509166,27.04669863474697
2014-11-20,0.1337627315953925,0.01399751106196529,328.603476896687,27.060696145808937
2014-11-21,0.17389155107401025,0.018196764380554876,328.77736844776103,27.07889291018949
2014-11-22,0.053505092638157004,0.0055990044247861154,328.8308735403992,27.08449191461428
2014-11-23,0.004458757719846417,0.00046658370206550964,328.83533229811906,27.084958498316343
2014-11-24,0.9578548549467455,0.015397262168161818,329.7931871530658,27.100355760484504
2014-11-25,0.10255142755646758,0.010731425147506721,329.89573858062226,27.111087185632012
2014-11-26,0.22293788599232084,0.02332918510327548,330.1186764666146,27.134416370735288
2014-11-28,0.12038645843585324,0.012597759955768761,330.23906292505046,27.147014130691055
2014-11-29,0.013376273159539251,0.0013997511061965289,330.25243919821,27.14841388179725
2014-11-30,0.013376273159539251,0.0013997511061965289,330.2658154713696,27.149813632903445
2014-12-01,0.2438431462700663,0.02286260140120997,330.5096586176397,27.172676234304657
2014-12-02,0.29881749641665567,0.021929433997078952,330.8084761140563,27.194605668301737
2014-12-03,0.2714393511285399,0.02846160582599609,331.07991546518485,27.223067274127732
2014-12-04,0.09388812778864153,0.009798257743375702,331.1738035929735,27.23286553187111
2014-12-05,0.1452234061911608,0.01213117625370325,331.3190269991647,27.244996708124813
2014-12-06,0.008917515439692833,0.0009331674041310193,331.3279445146044,27.245929875528944
2014-12-07,0.017835030879385667,0.0018663348082620386,331.34577954548377,27.247796210337206
2014-12-08,0.2589735946502984,0.01306434365783427,331.60475314013405,27.26086055399504
2014-12-09,0.10464172194171042,0.011198008849572231,331.7093948620758,27.272058562844613
2014-12-10,0.10255142755646758,0.010731425147506721,331.81194628963226,27.28278998799212
2014-12-11,0.17169287659413002,0.017730180678489367,331.9836391662264,27.300520168670612
2014-12-12,0.11513821293780564,0.01213117625370325,332.0987773791642,27.312651344924316
2014-12-13,0.022293788599232083,0.0023329185103275482,332.12107116776343,27.314984263434642
2014-12-14,0.013376273159539251,0.0013997511061965289,332.134447440923,27.316384014540837
2014-12-15,0.2868235259446466,0.020063099188816914,332.42127096686767,27.336447113729655
2014-12-16,0.2827381844725765,0.02846160582599609,332.70400915134024,27.36490871955565
2014-12-17,0.2032428214912785,0.019596515486751405,332.90725197283155,27.3845052350424
2014-12-18,0.1337627315953925,0.01399751106196529,333.0410147044269,27.398502746104366
2014-12-19,0.14713900475493175,0.015397262168161818,333.18815370918185,27.413900008272527
2014-12-20,0.013376273159539251,0.0013997511061965289,333.2015299823414,27.415299759378723
2014-12-21,0.013376273159539251,0.0013997511061965289,333.214906255501,27.416699510484918
2014-12-22,0.13743200153703772,0.014464094764030799,333.352338257038,27.431163605248948
2014-12-23,0.2192121288641646,0.01353092735989978,333.5715503859022,27.444694532608846
2014-12-24,0.15735732680166623,0.016797013274358348,333.72890771270386,27.461491545883206
2014-12-26,0.07255268060189754,0.006065588126851625,333.8014603933058,27.467557134010057
2014-12-27,0.004458757719846417,0.00046658370206550964,333.80591915102565,27.46802371771212
2014-12-28,0.031211304038924918,0.0032660859144585676,333.8371304550646,27.47128980362658
2014-12-29,0.16497403563431742,0.017263596976423858,334.0021044906989,27.488553400603003
2014-12-30,0.1562880679321852,0.01633042957229284,334.1583925586311,27.504883830175295
2014-12-31,0.2898192517900171,0.030327940634258126,334.44821181042107,27.535211770809553
2015-01-02,0.09244822250284934,0.0032660859144585676,334.54066003292394,27.53847785672401
2015-01-04,0.009402758383721828,0.0009331674041310193,334.55006279130765,27.539411024128142
2015-01-05,0.1303877589259923,0.005132420722720606,334.6804505502337,27.544543444850863
2015-01-06,0.07522206706977462,0.007465339233048154,334.75567261730345,27.55200878408391
2015-01-07,0.06581930868605279,0.006532171828917135,334.8214919259895,27.558540955912825
2015-01-08,0.10750730882276813,0.010731425147506721,334.9289992348123,27.569272381060333
2015-01-09,0.11735216653315907,0.007465339233048154,335.0463514013455,27.57673772029338
2015-01-10,0.009402758383721828,0.0009331674041310193,335.0557541597292,27.57767088769751
2015-01-11,0.018805516767443655,0.0018663348082620386,335.0745596764966,27.579537222505774
2015-01-12,0.11801826480238228,0.009798257743375702,335.192577941299,27.58933548024915
2015-01-13,0.07947696810880951,0.007931922935113665,335.2720549094078,27.597267403184265
2015-01-14,0.3599487470744751,0.01353092735989978,335.6320036564823,27.610798330544164
2015-01-15,0.07992344626163553,0.007931922935113665,335.71192710274397,27.618730253479278
2015-01-16,0.12884704548357187,0.008398506637179174,335.8407741482275,27.627128760116456
2015-01-20,0.08970816610602281,0.008398506637179174,335.9304823143336,27.635527266753634
2015-01-21,0.051715171110470054,0.005132420722720606,335.98219748544403,27.640659687476354
2015-01-22,0.10848794767394909,0.009798257743375702,336.090685433118,27.65045794521973
2015-01-23,0.08462482545349645,0.008398506637179174,336.17531025857147,27.65885645185691
2015-01-25,0.004701379191860914,0.00046658370206550964,336.18001163776336,27.659323035558973
2015-01-26,0.12693723818024466,0.012597759955768761,336.3069488759436,27.67192079551474
2015-01-27,0.10343034222094011,0.010264841445441212,336.4103792181645,27.68218563696018
2015-01-28,0.05641655030233096,0.0055990044247861154,336.46679576846685,27.68778464138497
2015-01-29,0.3686099329969141,0.01166459255163774,336.83540570146374,27.69944923393661
2015-01-30,0.07769614909713103,0.007465339233048154,336.91310185056085,27.706914573169655
2015-01-31,0.009402758383721828,0.0009331674041310193,336.92250460894456,27.707847740573786
2015-02-02,0.07522206706977462,0.007465339233048154,336.99772667601434,27.715313079806833
2015-02-03,0.09405548590347787,0.009331674041310193,337.0917821619178,27.724644753848143
2015-02-04,0.07522206706977462,0.007465339233048154,337.1670042289876,27.73211009308119
2015-02-05,0.1363399965639665,0.01353092735989978,337.30334422555154,27.745641020441088
2015-02-06,0.08829409539514167,0.008865090339244684,337.3916383209467,27.754506110780333
2015-02-09,0.26320831667955746,0.01586384587022733,337.65484663762624,27.770369956650562
2015-02-10,0.07669423084445522,0.006532171828917135,337.7315408684707,27.776902128479477
2015-02-11,0.56640946551507,0.01306434365783427,338.29795033398574,27.789966472137312
2015-02-12,0.35617436946801817,0.011198008849572231,338.65412470345376,27.801164480986884
2015-02-13,0.09299547458700258,0.009331674041310193,338.74712017804075,27.810496155028193
2015-02-14,0.009402758383721828,0.0009331674041310193,338.75652293642446,27.811429322432325
2015-02-16,0.02820827515116548,0.0027995022123930577,338.7847312115756,27.81422882464472
2015-02-17,0.21527712051895156,0.017730180678489367,339.0000083320946,27.83195900532321
2015-02-18,0.10813172141280102,0.010731425147506721,339.1081400535074,27.842690430470718
2015-02-19,0.06581930868605279,0.006532171828917135,339.17395936219344,27.849222602299633
2015-02-20,0.11239966874496177,0.011198008849572231,339.2863590309384,27.860420611149205
2015-02-21,0.009402758383721828,0.0009331674041310193,339.2957617893221,27.861353778553337
2015-02-23,0.12223585898838375,0.01213117625370325,339.4179976483105,27.87348495480704
2015-02-24,0.11122550236363529,0.011198008849572231,339.52922315067417,27.884682963656612
2015-02-25,0.1729189208486381,0.017263596976423858,339.7021420715228,27.901946560633036
2015-02-26,0.18805516767443656,0.018663348082620386,339.8901972391973,27.920609908715655
2015-02-27,0.08951718537569008,0.008865090339244684,339.979714424573,27.9294749990549
2015-02-28,0.004701379191860914,0.00046658370206550964,339.9844158037649,27.929941582756964
2015-03-02,0.14283740792737398,0.01353092735989978,340.1272532116923,27.943472510116862
2015-03-03,0.18805516767443656,0.018663348082620386,340.31530837936674,27.96213585819948
2015-03-04,0.48830249003373255,0.006998755530982645,340.8036108694005,27.969134613730464
2015-03-05,0.09402758383721828,0.009331674041310193,340.8976384532377,27.978466287771774
2015-03-06,0.14811172931023306,0.01213117625370325,341.0457501825479,27.990597464025477
2015-03-07,0.004701379191860914,0.00046658370206550964,341.0504515617398,27.99106404772754
2015-03-08,0.004701379191860914,0.00046658370206550964,341.0551529409317,27.991530631429605
2015-03-09,0.2939348837907462,0.018196764380554876,341.34908782472246,28.00972739581016
2015-03-10,0.14056293418484306,0.01399751106196529,341.4896507589073,28.023724906872125
2015-03-11,0.22785324224157535,0.018663348082620386,341.7175040011489,28.042388254954744
2015-03-12,0.16454827171513198,0.01633042957229284,341.88205227286403,28.058718684527037
2015-03-13,0.10343034222094011,0.010264841445441212,341.98548261508495,28.068983525972477
2015-03-15,0.009402758383721828,0.0009331674041310193,341.99488537346866,28.06991669337661
2015-03-16,0.15759602702599143,0.01306434365783427,342.15248140049465,28.082981037034443
2015-03-17,0.20479646594144882,0.020529682890882424,342.3572778664361,28.103510719925325
2015-03-18,0.23043832604536638,0.021929433997078952,342.5877161924815,28.125440153922405
2015-03-19,0.1306065081218899,0.01306434365783427,342.7183227006034,28.13850449758024
2015-03-20,0.2397703387849066,0.02379576880534099,342.9580930393883,28.162300266385582
2015-03-21,0.018805516767443655,0.0018663348082620386,342.97689855615573,28.164166601193845
2015-03-22,0.004701379191860914,0.00046658370206550964,342.9815999353476,28.16463318489591
2015-03-23,0.2815017646903747,0.02659527101773405,343.26310170003796,28.19122845591364
2015-03-24,0.12693723818024466,0.012597759955768761,343.3900389382182,28.20382621586941
2015-03-25,0.14574275494768832,0.014464094764030799,343.53578169316586,28.21829031063344
2015-03-26,0.19275654686629745,0.019129931784685895,343.72853824003215,28.237420242418125
2015-03-27,0.588783655234762,0.0242623525074065,344.3173218952669,28.26168259492553
2015-03-28,0.009402758383721828,0.0009331674041310193,344.3267246536506,28.262615762329663
2015-03-29,0.004701379191860914,0.00046658370206550964,344.3314260328425,28.263082346031727
2015-03-30,0.13163861737210558,0.01306434365783427,344.4630646502146,28.27614668968956
2015-03-31,0.2734761518490079,0.02286260140120997,344.73654080206364,28.299009291090773
2015-04-01,0.2535805548320872,0.022396017699144462,344.9901213568957,28.321405308789917
2015-04-02,0.28172530044614646,0.018663348082620386,345.2718466573419,28.340068656872536
2015-04-03,0.12223585898838375,0.01213117625370325,345.3940825163303,28.35219983312624
2015-04-04,0.01410413757558274,0.0013997511061965289,345.4081866539059,28.353599584232434
2015-04-05,0.009402758383721828,0.0009331674041310193,345.4175894122896,28.354532751636565
2015-04-06,0.15751347077625438,0.01353092735989978,345.5751028830659,28.368063678996464
2015-04-07,0.9080330561760154,0.02472893620947201,346.4831359392419,28.392792615205934
2015-04-08,0.23036758040118477,0.02286260140120997,346.7135035196431,28.415655216607146
2015-04-09,0.14074312049394078,0.01399751106196529,346.85424664013703,28.42965272766911
2015-04-10,0.2432551285964458,0.020529682890882424,347.0975017687335,28.450182410559993
2015-04-13,0.19745792605815837,0.019596515486751405,347.29495969479166,28.469778926046743
2015-04-14,0.25798801249554587,0.019596515486751405,347.5529477072872,28.489375441533493
2015-04-15,0.3096666140727874,0.030794524336323636,347.86261432136,28.520169965869815
2015-04-16,0.2258571819396566,0.022396017699144462,348.0884715032997,28.54256598356896
2015-04-17,0.21626344282560203,0.021462850295013443,348.3047349461253,28.564028833863972
2015-04-19,0.03761103353488731,0.003732669616524077,348.3423459796602,28.567761503480497
2015-04-20,0.14104137575582743,0.01399751106196529,348.483387355416,28.581759014542463
2015-04-21,0.17395103009885382,0.017263596976423858,348.6573383855149,28.599022611518887
2015-04-22,0.14574275494768832,0.014464094764030799,348.80308114046255,28.613486706282917
2015-04-23,0.21561329503605178,0.020996266592947933,349.0186944354986,28.634482972875865
2015-04-24,0.15984689252327106,0.01586384587022733,349.1785413280219,28.650346818746094
2015-04-25,0.01410413757558274,0.0013997511061965289,349.1926454655975,28.65174656985229
2015-04-26,0.009402758383721828,0.0009331674041310193,349.2020482239812,28.65267973725642
2015-04-27,0.12590512893002898,0.012597759955768761,349.3279533529112,28.665277497212188
2015-04-28,0.16454827171513198,0.01633042957229284,349.49250162462636,28.68160792678448
2015-04-29,0.14104137575582743,0.01399751106196529,349.6335430003822,28.695605437846446
2015-04-30,0.1692496509069929,0.016797013274358348,349.80279265128917,28.712402451120806
2015-05-01,0.1363399965639665,0.01353092735989978,349.9391326478531,28.725933378480704
2015-05-02,0.01410413757558274,0.0013997511061965289,349.9532367854287,28.7273331295869
2015-05-04,0.2679786139360721,0.02659527101773405,350.2212153993648,28.753928400604632
2015-05-05,0.08932620464535736,0.008865090339244684,350.31054160401015,28.762793490943878
2015-05-06,0.22566620120932385,0.022396017699144462,350.5362078052195,28.785189508643022
2015-05-07,0.14104137575582743,0.01399751106196529,350.6772491809753,28.799187019704988
2015-05-08,0.16518412410942304,0.01166459255163774,350.84243330508474,28.810851612256627
2015-05-09,0.009402758383721828,0.0009331674041310193,350.85183606346845,28.81178477966076
2015-05-11,0.4733634573371041,0.018196764380554876,351.32519952080554,28.829981544041313
2015-05-12,0.21626344282560203,0.021462850295013443,351.54146296363115,28.851444394336326
2015-05-13,0.15881478327305537,0.01586384587022733,351.7002777469042,28.867308240206555
2015-05-14,0.1897997294469484,0.01633042957229284,351.89007747635117,28.883638669778847
2015-05-15,0.12223585898838375,0.01213117625370325,352.01231333533957,28.89576984603255
2015-05-17,0.009402758383721828,0.0009331674041310193,352.0217160937233,28.89670301343668
2015-05-18,0.1829917850777395,0.018196764380554876,352.204707878801,28.914899777817237
2015-05-19,0.14574275494768832,0.014464094764030799,352.35045063374866,28.929363872581266
2015-05-20,0.23036758040118477,0.02286260140120997,352.5808182141499,28.952226473982478
2015-05-21,0.24695842127150677,0.01306434365783427,352.8277766354214,28.965290817640312
2015-05-22,0.19745792605815837,0.019596515486751405,353.0252345614796,28.984887333127062
2015-05-23,0.004701379191860914,0.00046658370206550964,353.02993594067146,28.985353916829126
2015-05-24,0.009402758383721828,0.0009331674041310193,353.0393386990552,28.986287084233258
2015-05-25,0.009402758383721828,0.0009331674041310193,353.0487414574389,28.98722025163739
2015-05-26,1.0733875610797923,0.018663348082620386,354.1221290185187,29.005883599720008
2015-05-27,0.13941901542988558,0.011198008849572231,354.2615480339486,29.01708160856958
2015-05-28,0.210569093262903,0.020996266592947933,354.4721171272115,29.03807787516253
2015-05-29,0.29427683545153455,0.02286260140120997,354.766393962663,29.06094047656374
2015-05-30,0.004701379191860914,0.00046658370206550964,354.7710953418549,29.061407060265804
2015-05-31,0.004701379191860914,0.00046658370206550964,354.7757967210468,29.061873643967868
2015-06-01,0.17395103009885382,0.017263596976423858,354.94974775114565,29.07913724094429
2015-06-02,0.1774330163436976,0.015397262168161818,355.12718076748934,29.094534503112452
2015-06-03,0.2023945739865344,0.017730180678489367,355.32957534147585,29.112264683790944
2015-06-04,0.14574275494768832,0.014464094764030799,355.4753180964235,29.126728778554973
2015-06-05,0.14142333721649286,0.01353092735989978,355.61674143364,29.140259705914872
2015-06-08,0.36569002337995105,0.022396017699144462,355.98243145701997,29.162655723614016
2015-06-09,0.14017234516968485,0.01399751106196529,356.12260380218964,29.17665323467598
2015-06-10,0.9425215392761829,0.01353092735989978,357.06512534146583,29.19018416203588
2015-06-11,0.09872896302907919,0.009798257743375702,357.1638543044949,29.199982419779257
2015-06-12,0.15984689252327106,0.01586384587022733,357.3237011970182,29.215846265649486
2015-06-13,0.018805516767443655,0.0018663348082620386,357.3425067137856,29.217712600457748
2015-06-15,0.15411340408119448,0.015397262168161818,357.4966201178668,29.23310986262591
2015-06-16,0.12867029075805284,0.012597759955768761,357.6252904086249,29.245707622581676
2015-06-17,0.14007058408330322,0.01399751106196529,357.76536099270817,29.259705133643642
2015-06-18,0.26640722784153964,0.021462850295013443,358.0317682205497,29.281167983938655
2015-06-19,0.24707907693658465,0.008865090339244684,358.27884729748627,29.2900330742779
2015-06-22,0.19314284206044738,0.017263596976423858,358.47199013954673,29.307296671254324
2015-06-23,0.32800526960583276,0.02286260140120997,358.7999954091526,29.330159272655536
2015-06-24,0.1780143137076028,0.017730180678489367,358.9780097228602,29.347889453334027
2015-06-25,0.12693723818024466,0.012597759955768761,359.1049469610404,29.360487213289794
2015-06-26,0.13542166244553144,0.011198008849572231,359.24036862348595,29.371685222139366
2015-06-27,0.004701379191860914,0.00046658370206550964,359.24507000267783,29.37215180584143
2015-06-28,0.009402758383721828,0.0009331674041310193,359.25447276106155,29.37308497324556
2015-06-29,0.15984689252327106,0.01586384587022733,359.4143196535848,29.38894881911579
2015-06-30,0.25074413631093334,0.017263596976423858,359.6650637898957,29.406212416092213
2015-07-01,0.2397703387849066,0.02379576880534099,359.90483412868065,29.430008184897556
2015-07-02,0.31487456419080556,0.020529682890882424,360.21970869287145,29.450537867788437
2015-07-03,0.042312412726748225,0.004199253318589587,360.2620211055982,29.454737121107026
2015-07-05,0.004701379191860914,0.00046658370206550964,360.2667224847901,29.45520370480909
2015-07-06,0.21089844277388517,0.019129931784685895,360.477620927564,29.474333636593776
2015-07-07,0.20400642788753004,0.018663348082620386,360.6816273554515,29.492996984676395
2015-07-08,0.33152782252555457,0.02566210361360303,361.01315517797707,29.518659088289997
2015-07-09,1.7477265096693133,0.02846160582599609,362.76088168764636,29.547120694115993
2015-07-10,0.3749876133914857,0.02135014700177952,363.13586930103787,29.568470841117772
2015-07-11,0.01410413757558274,0.0013997511061965289,363.1499734386135,29.569870592223968
2015-07-12,0.009402758383721828,0.0009331674041310193,363.1593761969972,29.5708037596281
2015-07-13,0.21254750290806254,0.01353092735989978,363.37192369990527,29.584334686987997
2015-07-14,0.15514551333141016,0.015397262168161818,363.5270692132367,29.59973194915616
2015-07-15,0.15514551333141016,0.015397262168161818,363.68221472656813,29.61512921132432
2015-07-16,0.1778928201028683,0.017263596976423858,363.860107546671,29.632392808300743
2015-07-17,0.2670705711396135,0.01353092735989978,364.1271781178106,29.64592373566064
2015-07-18,0.04701379191860914,0.0046658370206550965,364.17419190972925,29.650589572681298
2015-07-19,0.004701379191860914,0.00046658370206550964,364.17889328892113,29.651056156383362
2015-07-20,0.18335378848257564,0.018196764380554876,364.3622470774037,29.669252920763917
2015-07-21,0.14941202488933356,0.014930678466096308,364.51165910229304,29.684183599230014
2015-07-22,0.12693723818024466,0.012597759955768761,364.63859634047327,29.69678135918578
2015-07-23,0.2021593052500193,0.020063099188816914,364.8407556457233,29.7168444583746
2015-07-24,0.9279259988416386,0.01306434365783427,365.76868164456494,29.729908802032433
2015-07-25,0.004701379191860914,0.00046658370206550964,365.7733830237568,29.730375385734497
2015-07-26,0.01410413757558274,0.0013997511061965289,365.7874871613324,29.731775136840692
2015-07-27,0.2403987051753534,0.018663348082620386,366.0278858665078,29.75043848492331
2015-07-28,0.20656676291347803,0.017730180678489367,366.2344526294213,29.768168665601802
2015-07-29,0.19275654686629745,0.019129931784685895,366.4272091762876,29.78729859738649
2015-07-30,0.1363399965639665,0.01353092735989978,366.56354917285154,29.800829524746387
2015-07-31,0.1393953221794857,0.01306434365783427,366.70294449503103,29.81389386840422
2015-08-01,0.004701379191860914,0.00046658370206550964,366.7076458742229,29.814360452106285
2015-08-02,0.01410413757558274,0.0013997511061965289,366.7217500117985,29.81576020321248
2015-08-03,0.1692496509069929,0.016797013274358348,366.8909996627055,29.83255721648684
2015-08-04,0.21510482444454176,0.01586384587022733,367.10610448715005,29.84842106235707
2015-08-05,0.2203769789606586,0.017730180678489367,367.3264814661107,29.86615124303556
2015-08-06,0.25801171442901577,0.014464094764030799,367.5844931805397,29.88061533779959
2015-08-07,0.1363399965639665,0.01353092735989978,367.72083317710366,29.89414626515949
2015-08-09,0.042312412726748225,0.004199253318589587,367.7631455898304,29.898345518478077
2015-08-10,0.17865240929071471,0.017730180678489367,367.9417979991211,29.91607569915657
2015-08-11,0.11753447979652284,0.01166459255163774,368.0593324789176,29.927740291708208
2015-08-12,0.21276375214825663,0.017730180678489367,368.27209623106586,29.9454704723867
2015-08-13,0.1964258168079427,0.019596515486751405,368.4685220478738,29.96506698787345
2015-08-14,0.15514551333141016,0.015397262168161818,368.62366756120525,29.98046425004161
2015-08-15,0.009402758383721828,0.0009331674041310193,368.63307031958897,29.98139741744574
2015-08-16,0.004701379191860914,0.00046658370206550964,368.63777169878085,29.981864001147805
2015-08-17,0.1563149660461816,0.015397262168161818,368.79408666482703,29.997261263315966
2015-08-18,0.18713466668925927,0.018663348082620386,368.9812213315163,30.015924611398585
2015-08-19,0.16718543240656153,0.016797013274358348,369.1484067639228,30.032721624672945
2015-08-20,0.41787200194907703,0.034060610250782206,369.5662787658719,30.06678223492373
2015-08-21,0.09402758383721828,0.009331674041310193,369.6603063497091,30.076113908965038
2015-08-22,0.009402758383721828,0.0009331674041310193,369.66970910809283,30.07704707636917
2015-08-23,0.02350689595930457,0.0023329185103275482,369.69321600405215,30.079379994879496
2015-08-24,0.08829409539514167,0.008865090339244684,369.7815100994473,30.08824508521874
2015-08-25,0.16454827171513198,0.01633042957229284,369.94605837116245,30.104575514791033
2015-08-26,0.319372251199606,0.016797013274358348,370.26543062236203,30.121372528065393
2015-08-27,0.0976968537788635,0.009798257743375702,370.3631274761409,30.13117078580877
2015-08-28,0.18232167923235995,0.018196764380554876,370.54544915537326,30.149367550189325
2015-08-29,0.009402758383721828,0.0009331674041310193,370.554851913757,30.150300717593456
2015-08-30,0.009402758383721828,0.0009331674041310193,370.5642546721407,30.151233884997588
2015-08-31,0.18335378848257564,0.018196764380554876,370.74760846062327,30.169430649378143
2015-09-01,0.19056148550153704,0.016797013274358348,370.9381699461248,30.186227662652502
2015-09-02,0.19838926137704685,0.015397262168161818,371.1365592075018,30.201624924820663
2015-09-03,0.5553284871457079,0.017730180678489367,371.6918876946475,30.219355105499154
2015-09-04,0.12482154928077857,0.010731425147506721,371.8167092439283,30.230086530646663
2015-09-06,0.018805516767443655,0.0018663348082620386,371.83551476069573,30.231952865454925
2015-09-07,0.03761103353488731,0.003732669616524077,371.87312579423065,30.23568553507145
2015-09-08,0.1766762307225466,0.01306434365783427,372.0498020249532,30.248749878729285
2015-09-09,0.2021593052500193,0.020063099188816914,372.2519613302032,30.268812977918103
2015-09-10,0.16281021054284683,0.01586384587022733,372.414771540746,30.28467682378833
2015-09-11,0.11283310060466192,0.011198008849572231,372.5276046413507,30.295874832637903
2015-09-13,0.004701379191860914,0.00046658370206550964,372.5323060205426,30.296341416339967
2015-09-14,1.1806312896887459,0.020529682890882424,373.7129373102313,30.31687109923085
2015-09-15,0.1420479909587053,0.012597759955768761,373.85498530119,30.329468859186616
2015-09-16,0.18805516767443656,0.018663348082620386,374.0430404688645,30.348132207269234
2015-09-17,0.17520721946268583,0.017263596976423858,374.21824768832715,30.365395804245658
2015-09-18,0.9460823376084465,0.020996266592947933,375.1643300259356,30.386392070838607
2015-09-19,0.004701379191860914,0.00046658370206550964,375.1690314051275,30.38685865454067
2015-09-20,0.009402758383721828,0.0009331674041310193,375.1784341635112,30.387791821944802
2015-09-21,0.12120374973816807,0.01213117625370325,375.2996379132494,30.399922998198505
2015-09-22,0.18805516767443656,0.018663348082620386,375.48769308092386,30.418586346281124
2015-09-23,0.1384342839973997,0.01353092735989978,375.6261273649213,30.432117273641023
2015-09-24,0.24414518071555072,0.021462850295013443,375.87027254563685,30.453580123936035
2015-09-25,0.22096482201746295,0.021929433997078952,376.0912373676543,30.475509557933115
2015-09-27,0.009402758383721828,0.0009331674041310193,376.100640126038,30.476442725337247
2015-09-28,0.1643659584517682,0.01213117625370325,376.26500608448976,30.48857390159095
2015-09-29,0.10815962347906062,0.010731425147506721,376.37316570796884,30.499305326738458
2015-09-30,0.18412439762913352,0.017730180678489367,376.557290105598,30.51703550741695
2015-10-01,0.43625663873375786,0.021929433997078952,376.99354674433175,30.53896494141403
2015-10-02,0.19745792605815837,0.019596515486751405,377.19100467038993,30.55856145690078
2015-10-05,0.3472814088514552,0.020529682890882424,377.5382860792414,30.57909113979166
2015-10-06,0.2309800188582948,0.020996266592947933,377.7692660980997,30.60008740638461
2015-10-07,0.2197527832250322,0.019129931784685895,377.98901888132474,30.619217338169296
2015-10-08,0.19701252006553535,0.017263596976423858,378.18603140139027,30.63648093514572
2015-10-09,0.1363399965639665,0.01353092735989978,378.3223713979542,30.650011862505618
2015-10-10,0.01410413757558274,0.0013997511061965289,378.3364755355298,30.651411613611813
2015-10-11,0.004701379191860914,0.00046658370206550964,378.3411769147217,30.651878197313877
2015-10-12,0.19258766851220005,0.01306434365783427,378.5337645832339,30.664942540971712
2015-10-13,0.23654100130318825,0.020996266592947933,378.7703055845371,30.68593880756466
2015-10-14,0.14844672411564544,0.011198008849572231,378.91875230865276,30.697136816414233
2015-10-15,0.15490841256855092,0.015397262168161818,379.0736607212213,30.712534078582394
2015-10-16,0.28178031173168155,0.022396017699144462,379.35544103295297,30.734930096281538
2015-10-17,0.018805516767443655,0.0018663348082620386,379.3742465497204,30.7367964310898
2015-10-18,0.02820827515116548,0.0027995022123930577,379.40245482487154,30.739595933302194
2015-10-19,0.2146433586693241,0.015397262168161818,379.61709818354086,30.754993195470355
2015-10-20,0.4035572864769403,0.01399751106196529,380.0206554700178,30.76899070653232
2015-10-21,0.17395103009885382,0.017263596976423858,380.19460650011666,30.786254303508745
2015-10-22,0.20056608222920413,0.01586384587022733,380.3951725823459,30.802118149378973
2015-10-23,0.19745792605815837,0.019596515486751405,380.59263050840406,30.821714664865723
2015-10-24,0.018805516767443655,0.0018663348082620386,380.6114360251715,30.823580999673986
2015-10-25,0.004701379191860914,0.00046658370206550964,380.61613740436337,30.82404758337605
2015-10-26,0.13587866263800674,0.01353092735989978,380.75201606700136,30.83757851073595
2015-10-27,0.1643594578515415,0.01633042957229284,380.9163755248529,30.85390894030824
2015-10-28,0.22096482201746295,0.021929433997078952,381.13734034687036,30.87583837430532
2015-10-29,0.15436268196811676,0.01306434365783427,381.29170302883847,30.888902717963155
2015-10-30,1.6476370845743504,0.01633042957229284,382.9393401134128,30.905233147535448
2015-11-01,0.004701379191860914,0.00046658370206550964,382.9440414926047,30.90569973123751
2015-11-02,0.21626344282560203,0.021462850295013443,383.1603049354303,30.927162581532524
2015-11-03,0.14960300561966627,0.014930678466096308,383.30990794104997,30.94209325999862
2015-11-04,0.340774894560829,0.03126110803838915,383.6506828356108,30.97335436803701
2015-11-05,0.3377827827595946,0.02286260140120997,383.98846561837036,30.996216969438223
2015-11-06,0.30806589636505805,0.029394773230127107,384.2965315147354,31.02561174266835
2015-11-07,0.004701379191860914,0.00046658370206550964,384.3012328939273,31.026078326370413
2015-11-08,0.01410413757558274,0.0013997511061965289,384.3153370315029,31.02747807747661
2015-11-09,0.22566620120932385,0.022396017699144462,384.5410032327122,31.049874095175753
2015-11-10,0.23036758040118477,0.02286260140120997,384.77137081311344,31.072736696576964
2015-11-11,0.10813172141280102,0.010731425147506721,384.87950253452624,31.083468121724472
2015-11-12,0.1692496509069929,0.016797013274358348,385.0487521854332,31.100265134998832
2015-11-13,0.18836907384017432,0.018663348082620386,385.2371212592734,31.11892848308145
2015-11-15,0.004701379191860914,0.00046658370206550964,385.2418226384653,31.119395066783515
2015-11-16,0.44811021874605933,0.025195519911537522,385.6899328572114,31.144590586695053
2015-11-17,0.23580498044811696,0.02332918510327548,385.9257378376595,31.167919771798328
2015-11-18,0.2876966113561841,0.02379576880534099,386.21343444901566,31.19171554060367
2015-11-19,0.20046117580409584,0.01633042957229284,386.41389562481976,31.208045970175963
2015-11-20,0.10925791261956715,0.010731425147506721,386.5231535374393,31.21877739532347
2015-11-21,0.02820827515116548,0.0027995022123930577,386.55136181259047,31.221576897535865
2015-11-22,0.004701379191860914,0.00046658370206550964,386.55606319178236,31.22204348123793
2015-11-23,0.28342518372108877,0.020996266592947933,386.83948837550344,31.243039747830878
2015-11-24,0.12693723818024466,0.012597759955768761,386.96642561368367,31.255637507786645
2015-11-25,0.1266202757160989,0.011198008849572231,387.0930458893998,31.266835516636217
2015-11-26,0.009402758383721828,0.0009331674041310193,387.1024486477835,31.267768684040348
2015-11-27,0.21820346652589204,0.016797013274358348,387.3206521143094,31.284565697314708
2015-11-28,0.018805516767443655,0.0018663348082620386,387.3394576310768,31.28643203212297
2015-11-29,0.004701379191860914,0.00046658370206550964,387.3441590102687,31.286898615825034
2015-11-30,0.17865240929071471,0.017730180678489367,387.5228114195594,31.304628796503525
2015-12-01,0.15984689252327106,0.01586384587022733,387.68265831208265,31.320492642373754
2015-12-02,0.19697496512868926,0.017730180678489367,387.8796332772113,31.338222823052245
2015-12-03,0.33804013475476824,0.034060610250782206,388.2176734119661,31.37228343330303
2015-12-04,0.2382442798759165,0.02332918510327548,388.455917691842,31.395612618406304
2015-12-05,0.018805516767443655,0.0018663348082620386,388.4747232086094,31.397478953214566
2015-12-07,0.19172443761608177,0.019129931784685895,388.6664476462255,31.416608884999253
2015-12-08,0.1951191542293102,0.01353092735989978,388.8615668004548,31.43013981235915
2015-12-09,0.4334387625847622,0.02612868731566854,389.2950055630396,31.45626849967482
2015-12-10,0.16454827171513198,0.01633042957229284,389.45955383475473,31.472598929247113
2015-12-11,0.21678491461756547,0.018663348082620386,389.6763387493723,31.49126227732973
2015-12-12,0.018805516767443655,0.0018663348082620386,389.6951442661397,31.493128612137994
2015-12-13,0.01410413757558274,0.0013997511061965289,389.7092484037153,31.49452836324419
2015-12-14,0.28189168752761035,0.018196764380554876,389.9911400912429,31.512725127624744
2015-12-15,0.33576386196673624,0.018196764380554876,390.32690395320964,31.5309218920053
2015-12-16,0.32830905217615797,0.03266085914458568,390.6552130053858,31.563582751149884
2015-12-17,0.2696717053095492,0.02286260140120997,390.9248847106954,31.586445352551095
2015-12-18,0.9040389873112789,0.033481323255482774,391.82892369800663,31.61992667580658
2015-12-19,0.018805516767443655,0.0018663348082620386,391.84772921477406,31.62179301061484
2015-12-20,0.004701379191860914,0.00046658370206550964,391.85243059396595,31.622259594316905
2015-12-21,0.2601809069935641,0.02612868731566854,392.11261150095953,31.648388281632574
2015-12-22,0.28313364778908195,0.018196764380554876,392.39574514874863,31.66658504601313
2015-12-23,0.5823912179354714,0.03312744284665119,392.9781363666841,31.69971248885978
2015-12-24,0.07169014059268515,0.006998755530982645,393.0498265072768,31.706711244390764
2015-12-26,0.004701379191860914,0.00046658370206550964,393.0545278864687,31.707177828092828
2015-12-27,0.042312412726748225,0.004199253318589587,393.09684029919543,31.711377081411417
2015-12-28,0.21564336396905362,0.018663348082620386,393.31248366316447,31.730040429494036
2015-12-29,0.18748398987077383,0.01213117625370325,393.49996765303524,31.74217160574774
2015-12-30,0.16718543240656153,0.016797013274358348,393.6671530854418,31.7589686190221
2015-12-31,0.45187998766587645,0.015397262168161818,394.1190330731077,31.77436588119026
2016-01-04,0.13443567689126806,0.01353092735989978,394.25346874999894,31.78789680855016
2016-01-05,0.1876197901840132,0.003732669616524077,394.44108854018293,31.791629478166683
2016-01-06,0.08807854692876184,0.008865090339244684,394.5291670871117,31.80049456850593
2016-01-07,0.037085703970004984,0.003732669616524077,394.5662527910817,31.804227238122454
2016-01-08,0.060264268951258096,0.006065588126851625,394.62651706003294,31.810292826249306
2016-01-09,0.04635712996250623,0.0046658370206550965,394.67287418999547,31.814958663269962
2016-01-10,0.018542851985002492,0.0018663348082620386,394.69141704198046,31.816824998078225
2016-01-11,0.07417140794000997,0.007465339233048154,394.7655884499205,31.82429033731127
2016-01-12,0.6680065296941661,0.01306434365783427,395.4335949796146,31.837354680969106
2016-01-13,0.07880712093626059,0.007931922935113665,395.51240210055084,31.84528660390422
2016-01-14,0.06760280883454854,0.006998755530982645,395.58000490938537,31.852285359435204
2016-01-15,0.10198568591751371,0.010264841445441212,395.68199059530286,31.862550200880644
2016-01-16,0.004635712996250623,0.00046658370206550964,395.68662630829914,31.863016784582708
2016-01-17,0.018542851985002492,0.0018663348082620386,395.70516916028413,31.86488311939097
2016-01-18,0.037085703970004984,0.003732669616524077,395.7422548642541,31.868615789007496
2016-01-19,0.16688566786502243,0.016797013274358348,395.9091405321191,31.885412802281856
2016-01-20,0.6710572815326183,0.019129931784685895,396.58019781365175,31.904542734066542
2016-01-21,0.1601533144838796,0.01586384587022733,396.7403511281356,31.92040657993677
2016-01-22,0.2693271571353069,0.017730180678489367,397.0096782852709,31.93813676061526
2016-01-23,0.03244999097375436,0.0032660859144585676,397.0421282762447,31.94140284652972
2016-01-25,0.060264268951258096,0.006065588126851625,397.1023925451959,31.94746843465657
2016-01-26,0.1396225178003055,0.012597759955768761,397.24201506299624,31.960066194612338
2016-01-27,0.11589282490626557,0.01166459255163774,397.3579078879025,31.971730787163978
2016-01-28,0.2516408797792286,0.01586384587022733,397.60954876768176,31.987594633034206
2016-01-29,0.10198568591751371,0.010264841445441212,397.71153445359926,31.997859474479647
2016-01-31,0.018542851985002492,0.0018663348082620386,397.73007730558425,31.99972580928791
2016-02-01,0.07687423482704979,0.007931922935113665,397.8069515404113,32.007657732223024
2016-02-02,0.10198568591751371,0.010264841445441212,397.9089372263288,32.017922573668464
2016-02-03,0.06953569494375934,0.006998755530982645,397.97847292127256,32.024921329199444
2016-02-04,0.25604305661509474,0.019596515486751405,398.23451597788767,32.0445178446862
2016-02-05,0.24315505781890331,0.01213117625370325,398.4776710357066,32.0566490209399
2016-02-06,0.013907138988751868,0.0013997511061965289,398.49157817469535,32.0580487720461
2016-02-07,0.023178564981253116,0.0023329185103275482,398.5147567396766,32.060381690556426
2016-02-08,1.43352449988986,0.010264841445441212,399.9482812395665,32.07064653200187
2016-02-09,0.4463070275553415,0.020063099188816914,400.39458826712183,32.090709631190684
2016-02-10,0.0950559684615343,0.008865090339244684,400.48964423558334,32.099574721529926
2016-02-11,0.19031102459402555,0.014930678466096308,400.6799552601774,32.11450539999602
2016-02-12,0.06489998194750872,0.006532171828917135,400.7448552421249,32.121037571824935
2016-02-15,0.018542851985002492,0.0018663348082620386,400.7633980941099,32.1229039066332
2016-02-16,0.1567789756845981,0.01213117625370325,400.9201770697945,32.1350350828869
2016-02-17,0.17615709385752368,0.017730180678489367,401.096334163652,32.15276526356539
2016-02-18,0.1622499548687718,0.01633042957229284,401.2585841185208,32.169095693137685
2016-02-19,0.15992406420600827,0.01213117625370325,401.4185081827268,32.18122686939139
2016-02-20,0.023178564981253116,0.0023329185103275482,401.44168674770805,32.183559787901714
2016-02-21,0.013907138988751868,0.0013997511061965289,401.4555938866968,32.18495953900791
2016-02-22,0.19340644382458527,0.01353092735989978,401.6490003305214,32.198490466367815
2016-02-23,0.06953569494375934,0.006998755530982645,401.71853602546514,32.205489221898794
2016-02-24,0.13686041576475513,0.01306434365783427,401.8553964412299,32.218553565556626
2016-02-25,0.4253298610820831,0.019129931784685895,402.280726302312,32.23768349734131
2016-02-26,0.2509914687826847,0.011198008849572231,402.5317177710947,32.248881506190884
2016-02-29,0.33840704872629546,0.034060610250782206,402.870124819821,32.28294211644167
2016-03-01,0.10750064128783043,0.010731425147506721,402.97762546110886,32.29367354158917
2016-03-02,0.11589282490626557,0.01166459255163774,403.0935182860151,32.30533813414081
2016-03-03,0.32015315408053996,0.01633042957229284,403.41367144009564,32.321668563713104
2016-03-04,0.18947457853163843,0.015397262168161818,403.6031460186273,32.33706582588127
2016-03-05,0.004635712996250623,0.00046658370206550964,403.60778173162356,32.33753240958333
2016-03-07,0.15297852887627056,0.015397262168161818,403.7607602604998,32.3529296717515
2016-03-08,0.12516425089876682,0.012597759955768761,403.88592451139857,32.365527431707264
2016-03-09,0.11736502130290155,0.011198008849572231,404.00328953270144,32.37672544055684
2016-03-10,0.11125711191001494,0.011198008849572231,404.11454664461144,32.387923449406415
2016-03-11,0.23698674813693654,0.01213117625370325,404.35153339274837,32.40005462566012
2016-03-12,0.023178564981253116,0.0023329185103275482,404.37471195772963,32.402387544170445
2016-03-14,0.4953457204769845,0.01353092735989978,404.8700576782066,32.41591847153035
2016-03-15,0.1826508541263822,0.01399751106196529,405.052708532333,32.42991598259231
2016-03-16,0.08344283393251122,0.008398506637179174,405.1361513662655,32.43831448922949
2016-03-17,0.14522411415682066,0.009331674041310193,405.2813754804223,32.447646163270804
2016-03-18,0.11348712858302344,0.01166459255163774,405.3948626090053,32.45931075582244
2016-03-20,0.009271425992501246,0.0009331674041310193,405.4041340349978,32.46024392322657
2016-03-21,0.16248250485457588,0.01633042957229284,405.56661653985236,32.47657435279886
2016-03-22,0.10662139891376433,0.010731425147506721,405.67323793876614,32.48730577794637
2016-03-23,0.1437071028837693,0.014464094764030799,405.8169450416499,32.5017698727104
2016-03-24,0.15784293245605166,0.01586384587022733,405.97478797410594,32.517633718580626
2016-03-25,0.03244999097375436,0.0032660859144585676,406.0072379650797,32.52089980449509
2016-03-27,0.004635712996250623,0.00046658370206550964,406.011873678076,32.52136638819715
2016-03-28,1.6114150795418591,0.014930678466096308,407.62328875761784,32.536297066663245
2016-03-29,0.18483117420730108,0.009331674041310193,407.80811993182516,32.54562874070456
2016-03-30,0.06489998194750872,0.006532171828917135,407.8730199137727,32.55216091253347
2016-03-31,0.09243583786237143,0.008398506637179174,407.96545575163503,32.56055941917065
2016-04-01,0.1437071028837693,0.014464094764030799,408.1091628545188,32.57502351393468
2016-04-02,0.004635712996250623,0.00046658370206550964,408.11379856751506,32.575490097636745
2016-04-03,0.013907138988751868,0.0013997511061965289,408.12770570650383,32.576889848742944
2016-04-04,0.36369629874954756,0.014930678466096308,408.4914020052534,32.59182052720904
2016-04-05,0.1986312443060288,0.020063099188816914,408.69003324955946,32.611883626397855
2016-04-06,0.27978064604088104,0.009798257743375702,408.96981389560034,32.62168188414123
2016-04-07,0.2722172518685459,0.010731425147506721,409.2420311474689,32.63241330928874
2016-04-08,0.14679631254539904,0.006998755530982645,409.3888274600143,32.639412064819716
2016-04-09,0.004635712996250623,0.00046658370206550964,409.39346317301056,32.63987864852178
2016-04-10,0.009271425992501246,0.0009331674041310193,409.40273459900305,32.64081181592591
2016-04-11,0.11125711191001494,0.011198008849572231,409.51399171091305,32.65200982477548
2016-04-12,0.1719577947715246,0.017263596976423858,409.68594950568456,32.66927342175191
2016-04-13,0.20860708483127804,0.028815486234827672,409.89455659051583,32.69808890798674
2016-04-14,0.23463624794202387,0.01353092735989978,410.12919283845787,32.71161983534664
2016-04-15,0.24483814573856957,0.011198008849572231,410.37403098419645,32.722817844196214
2016-04-17,0.018542851985002492,0.0018663348082620386,410.39257383618144,32.72468417900448
2016-04-18,0.3063803530196762,0.01213117625370325,410.6989541892011,32.73681535525818
2016-04-19,0.10832109004678231,0.010731425147506721,410.8072752792479,32.747546780405685
2016-04-20,0.12052853790251619,0.01213117625370325,410.92780381715045,32.75967795665939
2016-04-21,0.24306508517940317,0.014930678466096308,411.17086890232986,32.77460863512548
2016-04-22,0.21680084717445502,0.015397262168161818,411.3876697495043,32.790005897293646
2016-04-23,0.004635712996250623,0.00046658370206550964,411.3923054625006,32.79047248099571
2016-04-24,0.013907138988751868,0.0013997511061965289,411.40621260148936,32.79187223210191
2016-04-25,0.059822007316887735,0.006065588126851625,411.46603460880624,32.79793782022876
2016-04-26,0.07675118013736643,0.006532171828917135,411.5427857889436,32.804469992057676
2016-04-27,0.17480739245623023,0.01633042957229284,411.7175931813998,32.82080042162997
2016-04-28,0.09271425992501246,0.009331674041310193,411.8103074413248,32.83013209567128
2016-04-29,0.15843343973116783,0.012597759955768761,411.96874088105596,32.84272985562705
2016-05-01,0.018542851985002492,0.0018663348082620386,411.98728373304095,32.84459619043531
2016-05-02,0.3465828308768176,0.008398506637179174,412.33386656391775,32.85299469707249
2016-05-03,0.19644791501688474,0.01306434365783427,412.53031447893466,32.86605904073032
2016-05-04,0.21324279782752867,0.021462850295013443,412.7435572767622,32.88752189102534
2016-05-05,0.0583313828420473,0.006065588126851625,412.80188865960423,32.89358747915219
2016-05-06,0.11964938795960134,0.007931922935113665,412.92153804756384,32.9015194020873
2016-05-07,0.004635712996250623,0.00046658370206550964,412.9261737605601,32.901985985789366
2016-05-09,0.11142095148174429,0.011198008849572231,413.0375947120419,32.91318399463894
2016-05-10,0.13381456455631352,0.01353092735989978,413.1714092765982,32.926714921998844
2016-05-11,0.1306358502630637,0.010264841445441212,413.30204512686123,32.936979763444285
2016-05-12,0.11125711191001494,0.011198008849572231,413.4133022387712,32.94817777229386
2016-05-13,0.0966980387187987,0.009798257743375702,413.51000027749,32.95797603003724
2016-05-14,0.03244999097375436,0.0032660859144585676,413.54245026846377,32.9612421159517
2016-05-15,0.027814277977503736,0.0027995022123930577,413.57026454644125,32.96404161816409
2016-05-16,0.183643404983267,0.008865090339244684,413.75390795142454,32.97290670850333
2016-05-17,0.1766145597823435,0.01399751106196529,413.9305225112069,32.9869042195653
2016-05-18,0.10198568591751371,0.010264841445441212,414.0325081971244,32.99716906101074
2016-05-19,0.12516425089876682,0.012597759955768761,414.15767244802316,33.009766820966504
2016-05-20,0.6493552400077124,0.024149649214172578,414.80702768803087,33.03391647018068
2016-05-22,0.004635712996250623,0.00046658370206550964,414.81166340102715,33.03438305388274
2016-05-23,0.08771625583888319,0.007931922935113665,414.899379656866,33.042314976817856
2016-05-24,0.3361087621142014,0.009331674041310193,415.2354884189802,33.05164665085917
2016-05-25,0.36650080085942854,0.008865090339244684,415.60198921983965,33.06051174119841
2016-05-26,0.1341759778754475,0.01353092735989978,415.7361651977151,33.07404266855831
2016-05-27,0.14944462925266952,0.01306434365783427,415.88560982696777,33.087107012216144
2016-05-28,0.013907138988751868,0.0013997511061965289,415.89951696595654,33.08850676332234
2016-05-30,0.004635712996250623,0.00046658370206550964,415.9041526789528,33.08897334702441
2016-05-31,0.2508302927660805,0.010264841445441212,416.1549829717189,33.09923818846985
2016-06-01,0.27224284789453784,0.014464094764030799,416.4272258196134,33.11370228323388
2016-06-02,0.08711210387415644,0.008865090339244684,416.5143379234876,33.12256737357312
2016-06-03,0.1942576842081558,0.019596515486751405,416.7085956076957,33.14216388905987
2016-06-05,0.009271425992501246,0.0009331674041310193,416.7178670336882,33.143097056464
2016-06-06,0.291127682973205,0.010264841445441212,417.0089947166614,33.15336189790944
2016-06-07,0.08749037629478586,0.008398506637179174,417.0964850929562,33.16176040454662
2016-06-08,0.06489998194750872,0.006532171828917135,417.1613850749037,33.168292576375535
2016-06-09,0.3328508626160533,0.014464094764030799,417.49423593751976,33.182756671139565
2016-06-10,0.06489998194750872,0.006532171828917135,417.5591359194673,33.18928884296848
2016-06-13,0.4771923779352405,0.010264841445441212,418.0363282974025,33.19955368441392
2016-06-14,0.12052853790251619,0.01213117625370325,418.15685683530506,33.211684860667624
2016-06-15,0.12057229728098776,0.01213117625370325,418.27742913258606,33.22381603692133
2016-06-16,0.0796228947104543,0.007931922935113665,418.3570520272965,33.23174795985644
2016-06-17,0.09742799422438186,0.009798257743375702,418.4544800215209,33.24154621759982
2016-06-20,0.11582332335690411,0.01166459255163774,418.5703033448778,33.25321081015146
2016-06-21,0.08344283393251122,0.008398506637179174,418.6537461788103,33.261609316788636
2016-06-22,0.09271425992501246,0.009331674041310193,418.7464604387353,33.27094099082995
2016-06-23,0.150128456793272,0.01166459255163774,418.89658889552857,33.28260558338159
2016-06-24,0.05466211290040208,0.0055990044247861154,418.951251008429,33.288204587806376
2016-06-25,0.013907138988751868,0.0013997511061965289,418.96515814741775,33.289604338912575
2016-06-26,0.004635712996250623,0.00046658370206550964,418.96979386041403,33.29007092261464
2016-06-27,0.09734997292126309,0.009798257743375702,419.0671438333353,33.299869180358016
2016-06-28,0.14834281588001993,0.014930678466096308,419.21548664921534,33.31479985882411
2016-06-29,0.05562855595500747,0.0055990044247861154,419.27111520517036,33.3203988632489
2016-06-30,0.3794785466498676,0.010264841445441212,419.6505937518202,33.33066370469434
2016-07-01,0.10662139891376433,0.010731425147506721,419.757215150734,33.34139512984184
2016-07-02,0.009271425992501246,0.0009331674041310193,419.7664865767265,33.34232829724597
2016-07-03,0.004635712996250623,0.00046658370206550964,419.77112228972277,33.342794880948034
2016-07-04,0.018542851985002492,0.0018663348082620386,419.78966514170776,33.3446612157563
2016-07-05,0.21861050313873026,0.015397262168161818,420.0082756448465,33.36005847792446
2016-07-06,0.050992842958756855,0.005132420722720606,420.05926848780524,33.365190898647185
2016-07-07,0.09734997292126309,0.009798257743375702,420.1566184607265,33.37498915639056
2016-07-08,0.07423041122769229,0.007465339233048154,420.2308488719542,33.38245449562361
2016-07-11,0.15475442358265792,0.01761747738525544,420.38560329553684,33.40007197300887
2016-07-12,0.09772348506108643,0.017150893683189932,420.4833267805979,33.41722286669206
2016-07-13,0.14829698288365525,0.02228331440591054,420.63162376348157,33.43950618109797
2016-07-14,0.060264268951258096,0.006065588126851625,420.6918880324328,33.44557176922482
2016-07-15,1.8946208177112294,0.008398506637179174,422.58650885014407,33.453970275862
2016-07-18,0.3886086461963701,0.0310357014519213,422.97511749634043,33.48500597731392
2016-07-19,0.05562855595500747,0.0055990044247861154,423.03074605229546,33.490604981738706
2016-07-20,0.04635712996250623,0.0046658370206550965,423.077103182258,33.49527081875936
2016-07-21,0.12052853790251619,0.01213117625370325,423.19763172016053,33.50740199501306
2016-07-22,0.3383024551115133,0.010731425147506721,423.535934175272,33.51813342016057
2016-07-23,0.009271425992501246,0.0009331674041310193,423.5452056012645,33.519066587564694
2016-07-25,0.3838815559734397,0.010731425147506721,423.929087157238,33.5297980127122
2016-07-26,0.11586990840808323,0.01166459255163774,424.04495706564603,33.54146260526384
2016-07-27,0.06489998194750872,0.006532171828917135,424.10985704759355,33.547994777092754
2016-07-28,0.5406206983701886,0.01213117625370325,424.6504777459637,33.56012595334646
2016-07-29,0.07320496488540457,0.007465339233048154,424.7236827108491,33.56759129257951
2016-08-01,0.11956998482664817,0.01213117625370325,424.84325269567574,33.57972246883321
2016-08-02,0.38091895097709777,0.014930678466096308,425.22417164665285,33.594653147299304
2016-08-03,0.2950502373771078,0.012597759955768761,425.51922188402995,33.60725090725507
2016-08-04,0.37886800323936565,0.008398506637179174,425.8980898872693,33.61564941389225
2016-08-05,0.19573224035371978,0.027303031835397222,426.093822127623,33.642952445727644
2016-08-06,0.004635712996250623,0.00046658370206550964,426.0984578406193,33.64341902942971
2016-08-07,0.009271425992501246,0.0009331674041310193,426.1077292666118,33.644352196833836
2016-08-08,0.28861250419702816,0.005132420722720606,426.3963417708088,33.64948461755656
2016-08-09,0.12516425089876682,0.012597759955768761,426.5215060217076,33.66208237751233
2016-08-10,0.16094951054829598,0.01213117625370325,426.68245553225586,33.67421355376603
2016-08-11,0.10662139891376433,0.018550644789386464,426.78907693116963,33.692764198555416
2016-08-12,0.14544348671620375,0.014464094764030799,426.93452041788584,33.707228293319446
2016-08-15,0.1703104276469011,0.01166459255163774,427.1048308455327,33.718892885871085
2016-08-16,0.11236642727954028,0.019017228491451973,427.21719727281226,33.737910114362535
2016-08-17,0.12883352084041205,0.01306434365783427,427.3460307936527,33.750974458020366
2016-08-18,0.22108022520878154,0.01353092735989978,427.56711101886145,33.76450538538027
2016-08-19,0.050992842958756855,0.005132420722720606,427.6181038618202,33.76963780610299
2016-08-20,0.023178564981253116,0.0023329185103275482,427.64128242680147,33.77197072461332
2016-08-22,0.17442123607158339,0.0046658370206550965,427.81570366287303,33.77663656163397
2016-08-23,0.3877635485055344,0.01213117625370325,428.20346721137855,33.788767737887675
2016-08-24,0.24486094669781286,0.024616232916238087,428.4483281580764,33.81338397080391
2016-08-25,0.12597447191745773,0.01855064478938646,428.57430262999384,33.8319346155933
2016-08-26,0.09734997292126309,0.009798257743375702,428.6716526029151,33.841732873336674
2016-08-28,0.009271425992501246,0.0009331674041310193,428.6809240289076,33.8426660407408
2016-08-29,0.14091261000400013,0.01353092735989978,428.82183663891163,33.856196968100704
2016-08-30,0.11485701801648864,0.011198008849572231,428.9366936569281,33.86739497695028
2016-08-31,0.09271425992501246,0.009331674041310193,429.02940791685313,33.87672665099159
2016-09-01,0.18092740780490954,0.010731425147506721,429.21033532465805,33.8874580761391
2016-09-02,0.24931702365388592,0.01213117625370325,429.4596523483119,33.8995892523928
2016-09-03,0.013907138988751868,0.0013997511061965289,429.4735594873007,33.900989003499
2016-09-05,0.004635712996250623,0.00046658370206550964,429.47819520029697,33.90145558720106
2016-09-06,0.1759771859565179,0.010264841445441212,429.6541723862535,33.911720428646504
2016-09-07,0.17692656023705977,0.01213117625370325,429.83109894649056,33.92385160490021
2016-09-08,0.15307110288263573,0.01353092735989978,429.9841700493732,33.93738253226011
2016-09-09,0.08209759784340784,0.008398506637179174,430.0662676472166,33.94578103889729
2016-09-10,0.013907138988751868,0.0013997511061965289,430.08017478620536,33.947180790003486
2016-09-11,0.004635712996250623,0.00046658370206550964,430.08481049920164,33.94764737370555
2016-09-12,0.031483547919148966,0.011085305556338307,430.1162940471208,33.958732679261885
2016-09-13,0.10101924286290831,0.010264841445441212,430.2173132899837,33.968997520707326
2016-09-14,0.09271425992501246,0.017150893683189936,430.3100275499087,33.98614841439051
2016-09-15,0.06393353889290332,0.006532171828917135,430.3739610888016,33.99268058621943
2016-09-16,0.07074789735595874,0.006532171828917135,430.44470898615754,33.999212758048344
2016-09-17,0.009271425992501246,0.0009331674041310193,430.45398041215003,34.00014592545247
2016-09-18,0.004635712996250623,0.00046658370206550964,430.4586161251463,34.000612509154536
2016-09-19,0.07056114128604707,0.022637194814742127,430.5291772664323,34.02324970396928
2016-09-20,0.258584753701106,0.014464094764030799,430.7877620201334,34.03771379873331
2016-09-21,0.09302292105303465,0.024036945920938656,430.88078494118645,34.06175074465425
2016-09-22,0.15115047905110676,0.015397262168161818,431.0319354202376,34.07714800682241
2016-09-23,0.05539596688873112,0.013418224066665856,431.0873313871263,34.09056623088908
2016-09-24,0.004635712996250623,0.00046658370206550964,431.0919671001226,34.091032814591145
2016-09-25,0.004635712996250623,0.00046658370206550964,431.09660281311886,34.09149939829321
2016-09-26,0.09734997292126309,0.009798257743375702,431.19395278604014,34.101297656036586
2016-09-27,0.10326273934151424,0.010264841445441212,431.29721552538166,34.111562497482026
2016-09-28,0.21620797844793307,0.01399751106196529,431.5134235038296,34.12556000854399
2016-09-29,0.11503121813570719,0.01166459255163774,431.6284547219653,34.13722460109563
2016-09-30,0.5999053539755236,0.018663348082620386,432.2283600759408,34.15588794917825
2016-10-01,0.009271425992501246,0.0009331674041310193,432.2376315019333,34.15682111658238
2016-10-03,0.08807854692876184,0.008865090339244684,432.3257100488621,34.16568620692162
2016-10-04,0.12052853790251619,0.01213117625370325,432.44623858676465,34.177817383175324
2016-10-05,0.08486470891280462,0.007931922935113665,432.53110329567744,34.18574930611044
2016-10-06,0.19529036782159445,0.017263596976423858,432.72639366349904,34.203012903086865
2016-10-07,0.06489998194750872,0.006532171828917135,432.79129364544656,34.20954507491578
2016-10-08,0.023178564981253116,0.0023329185103275482,432.8144722104278,34.21187799342611
2016-10-09,0.009271425992501246,0.0009331674041310193,432.8237436364203,34.212811160830235
2016-10-10,0.12029594883623984,0.01213117625370325,432.9440395852566,34.22494233708394
2016-10-11,0.2115600565246796,0.0055990044247861154,433.15559964178124,34.230541341508726
2016-10-12,0.2240320649457725,0.009331674041310193,433.379631706727,34.23987301555004
2016-10-13,0.12052853790251619,0.01213117625370325,433.50016024462957,34.25200419180374
2016-10-14,0.1525814552478761,0.01306434365783427,433.6527416998774,34.26506853546157
2016-10-16,0.004635712996250623,0.00046658370206550964,433.6573774128737,34.26553511916364
2016-10-17,0.09541708681205228,0.009798257743375702,433.75279449968576,34.275333376907014
2016-10-18,0.10198568591751371,0.010264841445441212,433.85478018560326,34.285598218352455
2016-10-19,0.08344283393251122,0.008398506637179174,433.93822301953577,34.29399672498963
2016-10-20,0.04635712996250623,0.0046658370206550965,433.9845801494983,34.298662562010286
2016-10-21,0.07880712093626059,0.007931922935113665,434.06338727043453,34.3065944849454
2016-10-22,0.009271425992501246,0.0009331674041310193,434.072658696427,34.30752765234953
2016-10-24,0.12979996389501744,0.01306434365783427,434.20245866032207,34.32059199600736
2016-10-25,0.060264268951258096,0.006065588126851625,434.2627229292733,34.32665758413421
2016-10-26,0.08344283393251122,0.008398506637179174,434.3461657632058,34.33505609077139
2016-10-27,0.11125711191001494,0.011198008849572231,434.4574228751158,34.346254099620964
2016-10-28,0.06487706544932638,0.006532171828917135,434.5222999405651,34.35278627144988
2016-10-29,0.009271425992501246,0.0009331674041310193,434.5315713665576,34.35371943885401
2016-10-30,0.004635712996250623,0.00046658370206550964,434.5362070795539,34.35418602255607
2016-10-31,0.11589282490626557,0.01166459255163774,434.65209990446016,34.36585061510771
2016-11-01,0.19307226483151568,0.01586384587022733,434.8451721692917,34.38171446097794
2016-11-02,0.10662139891376433,0.010731425147506721,434.95179356820546,34.392445886125444
2016-11-03,0.08258122716195282,0.008398506637179174,435.0343747953674,34.40084439276262
2016-11-04,0.19904749056927107,0.016797013274358348,435.2334222859367,34.41764140603698
2016-11-07,0.2264624418708103,0.009798257743375702,435.4598847278075,34.427439663780355
2016-11-08,0.06489998194750872,0.006532171828917135,435.524784709755,34.43397183560927
2016-11-09,0.12356294241576056,0.01166459255163774,435.6483476521708,34.44563642816091
2016-11-10,0.12432222897308907,0.012597759955768761,435.7726698811439,34.45823418811668
2016-11-11,0.050992842958756855,0.005132420722720606,435.82366272410263,34.4633666088394
2016-11-12,0.009271425992501246,0.0009331674041310193,435.8329341500951,34.46429977624353
2016-11-13,0.004635712996250623,0.00046658370206550964,435.8375698630914,34.46476635994559
2016-11-14,0.08247639087790581,0.016217726279058917,435.9200462539693,34.48098408622465
2016-11-15,0.08807854692876184,0.016684309981124423,436.0081248008981,34.497668396205775
2016-11-16,0.135950661168875,0.02135014700177952,436.14407546206695,34.51901854320755
2016-11-17,0.09740897620894541,0.009798257743375702,436.2414844382759,34.52881680095093
2016-11-18,0.12052853790251619,0.019950395895582992,436.36201297617845,34.54876719684651
2016-11-19,0.04635712996250623,0.0046658370206550965,436.408370106141,34.553433033867165
2016-11-20,0.013907138988751868,0.0013997511061965289,436.42227724512975,34.554832784973364
2016-11-21,0.16327540121105952,0.024149649214172578,436.58555264634083,34.57898243418754
2016-11-22,0.10505309431999674,0.009798257743375702,436.6906057406608,34.588780691930914
2016-11-23,0.22235453691671242,0.017617477385255445,436.91296027757755,34.60639816931617
2016-11-25,0.03244999097375436,0.0032660859144585676,436.9454102685513,34.60966425523063
2016-11-26,0.009271425992501246,0.0009331674041310193,436.9546816945438,34.61059742263476
2016-11-27,0.009271425992501246,0.0009331674041310193,436.9639531205363,34.61153059003889
2016-11-28,0.20486859099679286,0.025549400320369106,437.1688217115331,34.63707999035926
2016-11-29,0.12052853790251619,0.01213117625370325,437.28935024943564,34.649211166612965
2016-11-30,0.1664360022853996,0.007931922935113665,437.45578625172107,34.65714308954808
2016-12-01,0.09118614951874317,0.008865090339244684,437.5469724012398,34.66600817988732
2016-12-02,0.15004653700740733,0.01166459255163774,437.69701893824725,34.67767277243896
2016-12-03,0.03244999097375436,0.0032660859144585676,437.729468929221,34.68093885835342
2016-12-05,0.14784084377931841,0.012597759955768761,437.8773097730003,34.69353661830919
2016-12-06,0.4013751966575817,0.011198008849572231,438.2786849696579,34.704734627158764
2016-12-07,0.09734997292126309,0.009798257743375702,438.37603494257917,34.71453288490214
2016-12-08,0.49753045358336734,0.008398506637179174,438.8735653961625,34.72293139153932
2016-12-09,0.27813241413274004,0.01166459255163774,439.1516978102953,34.73459598409096
2016-12-10,0.018542851985002492,0.0018663348082620386,439.17024066228026,34.73646231889922
2016-12-11,0.013907138988751868,0.0013997511061965289,439.18414780126903,34.73786207000542
2016-12-12,0.10280145969170741,0.010264841445441212,439.28694926096074,34.74812691145086
2016-12-13,0.08807854692876184,0.008865090339244684,439.3750278078895,34.7569920017901
2016-12-14,0.11125711191001494,0.011198008849572231,439.4862849197995,34.76819001063968
2016-12-15,0.2271499368162805,0.030681821043089714,439.7134348566158,34.79887183168277
2016-12-16,0.15691015255128035,0.009331674041310193,439.87034500916707,34.80820350572408
2016-12-18,0.009271425992501246,0.0009331674041310193,439.87961643515956,34.80913667312821
2016-12-19,0.08807854692876184,0.008865090339244684,439.96769498208835,34.81800176346745
2016-12-20,0.10662139891376433,0.010731425147506721,440.0743163810021,34.828733188614954
2016-12-21,0.1720889947459947,0.01306434365783427,440.2464053757481,34.841797532272786
2016-12-22,0.16302331973105377,0.01166459255163774,440.40942869547916,34.853462124824425
2016-12-23,0.07880712093626059,0.007931922935113665,440.4882358164154,34.86139404775954
2016-12-24,0.004635712996250623,0.00046658370206550964,440.4928715294117,34.8618606314616
2016-12-26,0.03244999097375436,0.0032660859144585676,440.52532152038543,34.865126717376064
2016-12-27,0.16272830329264215,0.023683065512107068,440.68804982367806,34.888809782888174
2016-12-28,0.05077732266654402,0.005132420722720606,440.7388271463446,34.8939422036109
2016-12-29,0.06489998194750872,0.006532171828917135,440.8037271282921,34.90047437543981
2016-12-30,0.1397331382808012,0.03512225147727696,440.9434602665729,34.93559662691709
2017-01-02,0.006087011972482784,0.0017376043648621646,440.9495472785454,34.93733423128195
2017-01-03,0.0791311556422762,0.02258885674320814,441.0286784341877,34.95992308802516
2017-01-04,0.024348047889931137,0.006950417459448658,441.05302648207766,34.96687350548461
2017-01-05,0.15033089703278668,0.02519526329050139,441.20335737911046,34.992068768775106
2017-01-06,0.056059159705474225,0.017376043648621647,441.2594165388159,35.00944481242373
2017-01-07,0.006087011972482784,0.0017376043648621646,441.2655035507884,35.01118241678859
2017-01-09,0.08521816761475898,0.024326461108070303,441.3507217184032,35.03550887789666
2017-01-10,0.1078823274621816,0.03735849384453654,441.45860404586534,35.0728673717412
2017-01-11,0.09739219155972455,0.027801669837794633,441.55599623742506,35.10066904157899
2017-01-12,0.06695713169731063,0.01911364801348381,441.6229533691224,35.119782689592476
2017-01-13,0.3338289900887835,0.024326461108070303,441.95678235921116,35.144109150700544
2017-01-14,0.006087011972482784,0.0017376043648621646,441.9628693711837,35.145846755065406
2017-01-15,0.006087011972482784,0.0017376043648621646,441.9689563831562,35.14758435943027
2017-01-16,0.012174023944965568,0.003475208729724329,441.98113040710115,35.151059568159994
2017-01-17,0.05981524938660136,0.017376043648621647,442.04094565648774,35.16843561180862
2017-01-18,0.09570179601945962,0.03822729602696762,442.1366474525072,35.206662907835586
2017-01-19,0.060870119724827844,0.017376043648621647,442.197517572232,35.22403895148421
2017-01-20,0.05478310775234506,0.01563843928375948,442.2523006799844,35.23967739076797
2017-01-21,0.006087011972482784,0.0017376043648621646,442.2583876919569,35.241414995132835
2017-01-22,0.006087011972482784,0.0017376043648621646,442.2644747039294,35.2431525994977
2017-01-23,0.1320140300035715,0.02258885674320814,442.396488733933,35.2657414562409
2017-01-24,0.04260908380737949,0.012163230554035152,442.4390978177404,35.27790468679494
2017-01-25,0.05327366728649076,0.01563843928375948,442.49237148502687,35.2935431260787
2017-01-26,0.07304414366979341,0.02693286765536355,442.56541562869666,35.320475993734064
2017-01-27,0.048696095779862274,0.013900834918897317,442.6141117244765,35.334376828652964
2017-01-28,0.006087011972482784,0.0017376043648621646,442.620198736449,35.336114433017826
2017-01-30,0.10956621550469012,0.03127687856751896,442.7297649519537,35.367391311585344
2017-01-31,0.12719172622010003,0.03648969166210546,442.8569566781738,35.40388100324745
2017-02-01,0.09663086281682969,0.027801669837794633,442.9535875409906,35.43168267308524
2017-02-02,0.05899752637103472,0.017376043648621647,443.01258506736167,35.449058716733866
2017-02-03,0.04260908380737949,0.012163230554035152,443.0551941511691,35.4612219472879
2017-02-06,0.1103658607905277,0.02258885674320814,443.1655600119596,35.48381080403111
2017-02-07,0.06695713169731063,0.01911364801348381,443.23251714365693,35.502924452044596
2017-02-08,0.05845237769399028,0.017376043648621647,443.2909695213509,35.52030049569322
2017-02-09,0.21149694888079568,0.05560333967558927,443.5024664702317,35.57590383536881
2017-02-10,0.048696095779862274,0.013900834918897317,443.55116256601156,35.58980467028771
2017-02-11,0.024348047889931137,0.006950417459448658,443.5755106139015,35.59675508774716
2017-02-13,0.08521816761475898,0.03648969166210546,443.66072878151624,35.63324477940927
2017-02-14,0.07304414366979341,0.02693286765536355,443.73377292518603,35.66017764706463
2017-02-15,0.15233724618873282,0.01911364801348381,443.88611017137475,35.679291295078116
2017-02-16,0.14873594075173205,0.02258885674320814,444.0348461121265,35.70188015182132
2017-02-17,0.08521816761475898,0.024326461108070303,444.12006427974126,35.72620661292939
2017-02-18,0.006087011972482784,0.0017376043648621646,444.12615129171377,35.72794421729425
2017-02-20,0.006087011972482784,0.0017376043648621646,444.1322383036863,35.72968182165911
2017-02-21,0.05478310775234506,0.01563843928375948,444.18702141143865,35.745320260942876
2017-02-22,0.5019149219470437,0.03214568074995004,444.6889363333857,35.777465941692824
2017-02-23,0.060870119724827844,0.017376043648621647,444.7498064531105,35.79484198534145
2017-02-24,0.061218194439183804,0.017376043648621647,444.8110246475497,35.812218028990074
2017-02-25,0.006087011972482784,0.0017376043648621646,444.8171116595222,35.81395563335494
2017-02-27,0.07304414366979341,0.020851252378345973,444.890155803192,35.83480688573328
2017-02-28,0.24582015683505615,0.020851252378345973,445.13597596002705,35.85565813811162
2017-03-01,0.06695713169731063,0.01911364801348381,445.2029330917244,35.87477178612511
2017-03-02,0.036522071834896704,0.010425626189172987,445.2394551635593,35.885197412314284
2017-03-03,0.240662703271602,0.008688021824310823,445.4801178668309,35.893885434138596
2017-03-04,0.006087011972482784,0.0017376043648621646,445.4862048788034,35.89562303850346
2017-03-06,0.09130517958724177,0.02606406547293247,445.57751005839066,35.92168710397639
2017-03-07,0.06508180495198677,0.01911364801348381,445.64259186334266,35.940800751989876
2017-03-08,0.04260908380737949,0.012163230554035152,445.68520094715007,35.95296398254391
2017-03-09,0.09694681643251088,0.02258885674320814,445.7821477635826,35.97555283928712
2017-03-10,0.06695713169731063,0.01911364801348381,445.84910489527994,35.994666487300606
2017-03-13,0.024348047889931137,0.006950417459448658,445.87345294316987,36.001616904760056
2017-03-14,0.08521816761475898,0.024326461108070303,445.9586711107846,36.02594336586812
2017-03-15,0.041763886037247025,0.012163230554035152,446.00043499682187,36.03810659642216
2017-03-16,0.0810117012573659,0.024326461108070303,446.0814466980792,36.06243305753023
2017-03-17,0.060870119724827844,0.02345765892563922,446.14231681780404,36.085890716455864
2017-03-20,0.07062640163895585,0.020851252378345973,446.212943219443,36.10674196883421
2017-03-21,0.012174023944965568,0.003475208729724329,446.22511724338796,36.11021717756393
2017-03-22,0.06695713169731063,0.025195263290501386,446.2920743750853,36.13541244085443
2017-03-23,0.2189140089030844,0.03301448293238113,446.5109883839884,36.16842692378681
2017-03-24,0.08038268355308387,0.024326461108070303,446.59137106754144,36.19275338489488
2017-03-27,0.0791311556422762,0.02258885674320814,446.67050222318375,36.21534224163808
2017-03-28,0.18261035917448354,0.05212813094586494,446.8531125823582,36.26747037258395
2017-03-29,0.030435059862413922,0.008688021824310823,446.88354764222066,36.27615839440826
2017-03-30,0.13758353333626647,0.03996490039182979,447.02113117555695,36.31612329480009
2017-03-31,0.1156532274771729,0.03301448293238113,447.13678440303414,36.34913777773247
2017-04-03,0.17140660809691108,0.0295392742026568,447.30819101113104,36.37867705193513
2017-04-04,0.2094092085277016,0.0590785484053136,447.51760021965873,36.437755600340445
2017-04-05,0.11144676111977982,0.03127687856751896,447.6290469807785,36.46903247890796
2017-04-06,0.06695713169731063,0.01911364801348381,447.69600411247586,36.48814612692145
2017-04-07,0.17474835419090246,0.02606406547293247,447.8707524666668,36.51421019239438
2017-04-09,0.006087011972482784,0.0017376043648621646,447.8768394786393,36.51594779675924
2017-04-10,0.06232481270597311,0.01563843928375948,447.93916429134526,36.531586236043005
2017-04-11,0.12782725142213847,0.04257130693912303,448.0669915427674,36.57415754298213
2017-04-12,0.12782725142213847,0.03648969166210546,448.1948187941896,36.61064723464423
2017-04-13,0.09840801691141254,0.020851252378345973,448.293226811101,36.631498487022576
2017-04-14,0.060870119724827844,0.017376043648621647,448.35409693082585,36.6488745306712
2017-04-15,0.006087011972482784,0.0017376043648621646,448.36018394279836,36.65061213503606
2017-04-16,0.012174023944965568,0.003475208729724329,448.3723579667433,36.65408734376579
2017-04-17,0.036522071834896704,0.010425626189172987,448.4088800385782,36.66451296995496
2017-04-18,0.07304414366979341,0.020851252378345973,448.481924182248,36.685364222333305
2017-04-19,0.07304414366979341,0.020851252378345973,448.5549683259178,36.70621547471165
2017-04-20,0.07600701908138441,0.02258885674320814,448.6309753449992,36.72880433145485
2017-04-21,0.1634174312903884,0.02606406547293247,448.79439277628956,36.75486839692778
2017-04-23,0.006087011972482784,0.0017376043648621646,448.80047978826207,36.756606001292646
2017-04-24,0.0791311556422762,0.02258885674320814,448.87961094390437,36.77919485803585
2017-04-25,0.044031239299742696,0.0017376043648621646,448.9236421832041,36.78093246240071
2017-04-26,0.31737125297912605,0.03822729602696762,449.2410134361832,36.81915975842768
2017-04-27,0.23696639767084274,0.03127687856751896,449.4779798338541,36.8504366369952
2017-04-28,0.07304414366979341,0.020851252378345973,449.55102397752387,36.87128788937354
2017-04-29,0.006087011972482784,0.0017376043648621646,449.5571109894964,36.8730254937384
2017-04-30,0.018261035917448352,0.005212813094586493,449.57537202541386,36.87823830683299
2017-05-01,0.1072387888136826,0.02606406547293247,449.68261081422753,36.90430237230592
2017-05-02,0.1355525989528349,0.0295392742026568,449.81816341318034,36.933841646508576
2017-05-03,0.048696095779862274,0.013900834918897317,449.8668595089602,36.947742481427476
2017-05-04,0.16910020984787694,0.0295392742026568,450.0359597188081,36.97728175563013
2017-05-05,0.12174023944965569,0.03475208729724329,450.15769995825775,37.01203384292737
2017-05-06,0.018261035917448352,0.005212813094586493,450.1759609941752,37.01724665602196
2017-05-08,0.07155691319986608,0.02345765892563922,450.2475179073751,37.0407043149476
2017-05-09,0.05478310775234506,0.01563843928375948,450.30230101512745,37.05634275423136
2017-05-10,0.08002262221664797,0.019982450195914894,450.3823236373441,37.07632520442727
2017-05-11,0.08496840934543153,0.02258885674320814,450.4672920466895,37.098914061170476
2017-05-12,0.09739219155972455,0.027801669837794633,450.56468423824924,37.12671573100827
2017-05-15,0.030435059862413922,0.008688021824310823,450.5951192981117,37.13540375283258
2017-05-16,0.08961478404697684,0.024326461108070303,450.6847340821587,37.15973021394065
2017-05-17,0.07304414366979341,0.020851252378345973,450.7577782258285,37.18058146631899
2017-05-18,0.09739219155972455,0.027801669837794633,450.8551704173882,37.20838313615678
2017-05-19,0.1766895257707533,0.03127687856751896,451.03185994315896,37.2396600147243
2017-05-22,0.0791311556422762,0.02258885674320814,451.11099109880126,37.262248871467506
2017-05-23,0.12782725142213847,0.04865292221614061,451.2388183502234,37.31090179368365
2017-05-24,0.1156532274771729,0.05125932876343386,451.3544715777006,37.362161122447084
2017-05-25,0.1531911552563396,0.06168495495260684,451.507662732957,37.42384607739969
2017-05-26,0.08521816761475898,0.03648969166210546,451.59288090057174,37.46033576906179
2017-05-28,0.006087011972482784,0.0017376043648621646,451.59896791254425,37.462073373426655
2017-05-29,0.006087011972482784,0.0017376043648621646,451.60505492451676,37.46381097779152
2017-05-30,0.4343166880179566,0.02258885674320814,452.0393716125347,37.48639983453472
2017-05-31,0.062121647635635505,0.017376043648621647,452.10149326017034,37.50377587818335
2017-06-01,0.07304414366979341,0.020851252378345973,452.17453740384013,37.52462713056169
2017-06-02,0.07597406224746615,0.012163230554035152,452.2505114660876,37.53679036111573
2017-06-05,0.07723759503167367,0.02258885674320814,452.3277490611192,37.55937921785893
2017-06-06,0.09739219155972455,0.027801669837794633,452.42514125267894,37.587180887696725
2017-06-07,0.048696095779862274,0.013900834918897317,452.4738373484588,37.601081722615625
2017-06-08,0.1116964505557978,0.03214568074995004,452.5855337990146,37.633227403365574
2017-06-09,0.126772381083912,0.04257130693912303,452.71230618009855,37.6757987103047
2017-06-10,0.006087011972482784,0.0017376043648621646,452.71839319207106,37.67753631466956
2017-06-12,0.05478310775234506,0.01563843928375948,452.77317629982343,37.69317475395332
2017-06-13,0.3002764311817076,0.03996490039182979,453.07345273100515,37.73313965434515
2017-06-14,0.09391957919066052,0.027801669837794633,453.1673723101958,37.760941324182944
2017-06-15,0.13527062758947592,0.03996490039182979,453.30264293778527,37.800906224574774
2017-06-16,0.09387237227025737,0.020851252378345973,453.3965153100555,37.82175747695312
2017-06-19,0.05478310775234506,0.02172005456077706,453.4512984178079,37.84347753151389
2017-06-20,0.07304414366979341,0.020851252378345973,453.5243425614777,37.86432878389223
2017-06-21,0.060870119724827844,0.017376043648621647,453.5852126812025,37.88170482754086
2017-06-22,0.10955320050917729,0.04344010912155412,453.6947658817117,37.92514493666241
2017-06-23,0.7130533186127472,0.04344010912155411,454.40781920032447,37.96858504578397
2017-06-25,0.018261035917448352,0.005212813094586493,454.42608023624194,37.973797858878555
2017-06-26,0.060870119724827844,0.02345765892563922,454.48695035596677,37.99725551780419
2017-06-27,0.05792168877599884,0.017376043648621647,454.54487204474276,38.014631561452816
2017-06-28,0.036522071834896704,0.010425626189172987,454.58139411657766,38.02505718764199
2017-06-29,0.0791311556422762,0.02258885674320814,454.66052527221996,38.047646044385196
2017-06-30,0.060870119724827844,0.0295392742026568,454.7213953919448,38.07718531858785
2017-07-01,0.012174023944965568,0.003475208729724329,454.73356941588975,38.080660527317576
2017-07-03,0.27605683301998823,0.02606406547293247,455.00962624890974,38.106724592790506
2017-07-05,0.09739219155972455,0.03388328511481221,455.10701844046946,38.14060787790532
2017-07-06,0.09130517958724177,0.02606406547293247,455.1983236200567,38.16667194337825
2017-07-07,0.10545807793358764,0.03127687856751896,455.3037816979903,38.197948821945765
2017-07-09,0.030435059862413922,0.008688021824310823,455.33421675785274,38.20663684377008
2017-07-10,0.10347920353220733,0.0295392742026568,455.437695961385,38.23617611797273
2017-07-11,0.06695713169731063,0.01911364801348381,455.5046530930823,38.25528976598622
2017-07-12,0.12174023944965569,0.03475208729724329,455.62639333253196,38.29004185328346
2017-07-13,0.1359862018236533,0.0295392742026568,455.7623795343556,38.31958112748612
2017-07-14,0.4486132656104652,0.04083370257426087,456.21099279996605,38.36041483006038
2017-07-16,0.006087011972482784,0.0017376043648621646,456.21707981193856,38.36215243442524
2017-07-17,0.0791311556422762,0.02258885674320814,456.29621096758086,38.384741291168446
2017-07-18,0.11323548544633534,0.03301448293238113,456.4094464530272,38.417755774100826
2017-07-19,0.38307106558781706,0.03301448293238113,456.79251751861506,38.450770257033206
2017-07-20,0.1156532274771729,0.03301448293238113,456.90817074609225,38.483784739965586
2017-07-21,0.09130517958724177,0.02606406547293247,456.9994759256795,38.509848805438516
2017-07-24,0.0791311556422762,0.02258885674320814,457.0786070813218,38.53243766218172
2017-07-25,0.2436095301272203,0.04691531785127844,457.32221661144905,38.579352980033
2017-07-26,0.13758353333626647,0.03996490039182979,457.45980014478533,38.61931788042483
2017-07-27,0.10263400576207488,0.0295392742026568,457.5624341505474,38.648857154627485
2017-07-28,0.40377136802227825,0.03735849384453654,457.96620551856967,38.68621564847202
2017-07-29,0.018261035917448352,0.005212813094586493,457.98446655448714,38.69142846156661
2017-07-31,0.0791311556422762,0.02258885674320814,458.06359771012944,38.714017318309814
2017-08-01,0.10347920353220733,0.0295392742026568,458.1670769136617,38.74355659251247
2017-08-02,0.1017407470849759,0.020851252378345973,458.26881766074666,38.76440784489081
2017-08-03,0.11056613633378497,0.03127687856751896,458.37938379708044,38.79568472345833
2017-08-04,0.35038055791041584,0.03648969166210546,458.72976435499083,38.832174415120434
2017-08-07,0.0888874375564042,0.02606406547293247,458.81865179254726,38.858238480593364
2017-08-08,0.16040528282529534,0.03214568074995004,458.97905707537257,38.89038416134331
2017-08-09,0.13758353333626647,0.04604651566884736,459.11664060870885,38.93643067701216
2017-08-10,0.13391426339462126,0.03822729602696762,459.25055487210346,38.97465797303913
2017-08-11,0.1156532274771729,0.03301448293238113,459.36620809958066,39.00767245597151
2017-08-14,0.09149532966206654,0.02258885674320814,459.4577034292427,39.030261312714714
2017-08-15,0.05478310775234506,0.01563843928375948,459.5124865369951,39.045899751998476
2017-08-16,0.09739219155972455,0.027801669837794633,459.6098787285548,39.07370142183627
2017-08-17,0.12764281318670656,0.0295392742026568,459.7375215417415,39.103240696038924
2017-08-18,0.030435059862413922,0.008688021824310823,459.76795660160394,39.111928717863236
2017-08-20,0.012174023944965568,0.003475208729724329,459.7801306255489,39.11540392659296
2017-08-21,0.18914116384402085,0.03822729602696762,459.9692717893929,39.15363122261993
2017-08-22,0.060870119724827844,0.017376043648621647,460.03014190911773,39.17100726626855
2017-08-23,0.10956621550469012,0.03127687856751896,460.1397081246224,39.20228414483607
2017-08-24,0.06023459452278939,0.02345765892563922,460.1999427191452,39.22574180376171
2017-08-25,0.05478310775234506,0.01563843928375948,460.2547258268976,39.24138024304547
2017-08-26,0.024348047889931137,0.006950417459448658,460.2790738747875,39.24833066050492
2017-08-28,0.11323548544633534,0.03301448293238113,460.39230936023387,39.2813451434373
2017-08-29,0.21533617149741915,0.03648969166210546,460.6076455317313,39.317834835099404
2017-08-30,0.13391426339462126,0.03822729602696762,460.7415597951259,39.35606213112637
2017-08-31,0.060870119724827844,0.017376043648621647,460.80242991485073,39.373438174774996
2017-09-01,0.060870119724827844,0.017376043648621647,460.86330003457556,39.39081421842362
2017-09-02,0.012174023944965568,0.003475208729724329,460.8754740585205,39.394289427153346
2017-09-03,0.006087011972482784,0.0017376043648621646,460.88156107049304,39.39602703151821
2017-09-05,0.07304414366979341,0.020851252378345973,460.9546052141628,39.41687828389655
2017-09-06,0.09130517958724177,0.02606406547293247,461.0459103937501,39.44294234936948
2017-09-07,0.11093803428441976,0.020851252378345973,461.1568484280345,39.463793601747824
2017-09-08,0.09297605263423746,0.02606406547293247,461.24982448066874,39.489857667220754
2017-09-11,0.1521752993120696,0.04344010912155411,461.4019997799808,39.53329777634231
2017-09-12,0.07304414366979341,0.020851252378345973,461.4750439236506,39.55414902872065
2017-09-13,0.10695723679545982,0.0295392742026568,461.58200116044605,39.583688302923306
2017-09-14,0.3600830304559986,0.03996490039182979,461.94208419090205,39.623653203315136
2017-09-15,0.060870119724827844,0.017376043648621647,462.0029543106269,39.64102924696376
2017-09-17,0.006087011972482784,0.0017376043648621646,462.0090413225994,39.64276685132862
2017-09-18,0.17804624543112452,0.04170250475669195,462.1870875680305,39.684469356085316
2017-09-19,0.13391426339462126,0.03822729602696762,462.3210018314251,39.72269665211228
2017-09-20,1.5833612041352627,0.03475208729724329,463.9043630355604,39.757448739409526
2017-09-21,0.12174023944965569,0.03475208729724329,464.02610327501003,39.79220082670677
2017-09-22,0.10956621550469012,0.03127687856751896,464.1356694905147,39.823477705274286
2017-09-24,0.012174023944965568,0.003475208729724329,464.1478435144597,39.82695291400401
2017-09-25,0.10956621550469012,0.03735849384453654,464.25740972996437,39.86431140784855
2017-09-26,0.07304414366979341,0.020851252378345973,464.33045387363416,39.88516266022689
2017-09-27,0.13472692367597167,0.03301448293238113,464.46518079731015,39.91817714315927
2017-09-28,0.10347920353220733,0.0295392742026568,464.5686600008424,39.947716417361924
2017-09-29,0.07304414366979341,0.020851252378345973,464.6417041445122,39.96856766974027
2017-10-01,0.012174023944965568,0.003475208729724329,464.65387816845714,39.97204287846999
2017-10-02,0.0791311556422762,0.02258885674320814,464.73300932409944,39.9946317352132
2017-10-03,0.22521944298186303,0.07037297677691767,464.9582287670813,40.06500471199011
2017-10-04,0.0791311556422762,0.02258885674320814,465.0373599227236,40.08759356873332
2017-10-05,0.09739219155972455,0.027801669837794633,465.13475211428334,40.11539523857111
2017-10-06,0.17480692167071016,0.04170250475669195,465.30955903595407,40.1570977433278
2017-10-09,0.060870119724827844,0.017376043648621647,465.3704291556789,40.17447378697643
2017-10-10,0.10714847347385256,0.03127687856751896,465.47757762915273,40.205750665543945
2017-10-11,0.36918192003584244,0.03214568074995004,465.84675954918856,40.237896346293894
2017-10-12,0.10347920353220733,0.0295392742026568,465.9502387527208,40.26743562049655
2017-10-13,0.14000127536710405,0.04604651566884736,466.0902400280879,40.3134821361654
2017-10-14,0.006087011972482784,0.0017376043648621646,466.09632704006043,40.31521974053026
2017-10-15,0.006087011972482784,0.0017376043648621646,466.10241405203294,40.31695734489512
2017-10-16,0.18571482644982715,0.024326461108070303,466.2881288784828,40.34128380600319
2017-10-17,0.34619619056351586,0.04170250475669195,466.63432506904627,40.38298631075988
2017-10-18,0.10347920353220733,0.0295392742026568,466.7378042725785,40.41252558496254
2017-10-19,0.15597387604306487,0.03301448293238113,466.89377814862155,40.44554006789492
2017-10-20,0.12782725142213847,0.03648969166210546,467.0216054000437,40.48202975955702
2017-10-21,0.012174023944965568,0.003475208729724329,467.0337794239887,40.48550496828675
2017-10-22,0.012174023944965568,0.003475208729724329,467.04595344793364,40.48898017701647
2017-10-23,0.07304414366979341,0.02693286765536355,467.11899759160343,40.515913044671834
2017-10-24,0.10809200003027561,0.03127687856751896,467.2270895916337,40.54718992323935
2017-10-25,0.10956621550469012,0.03127687856751896,467.3366558071384,40.57846680180687
2017-10-26,0.20073593131665216,0.05734094404045143,467.5373917384551,40.63580774584732
2017-10-27,0.30696753276730576,0.04517771348641628,467.8443592712224,40.68098545933374
2017-10-29,0.006087011972482784,0.0017376043648621646,467.8504462831949,40.6827230636986
2017-10-30,0.10956621550469012,0.03127687856751896,467.9600124986996,40.71399994226612
2017-10-31,0.12782725142213847,0.03648969166210546,468.08783975012176,40.750489633928225
2017-11-01,0.34271797154998096,0.03475208729724329,468.43055772167173,40.78524172122547
2017-11-02,0.1156532274771729,0.03301448293238113,468.54621094914893,40.81825620415785
2017-11-03,0.28298495181170796,0.03822729602696762,468.82919590096066,40.856483500184815
2017-11-06,0.14000127536710405,0.03996490039182979,468.9691971763278,40.896448400576645
2017-11-07,0.12047569654333519,0.03475208729724329,469.0896728728711,40.93120048787389
2017-11-08,0.18261035917448354,0.05212813094586494,469.2722832320456,40.983328618819755
2017-11-09,0.17166183314929997,0.04344010912155411,469.4439450651949,41.02676872794131
2017-11-10,0.030435059862413922,0.008688021824310823,469.47438012505734,41.03545674976562
2017-11-12,0.012174023944965568,0.003475208729724329,469.4865541490023,41.03893195849535
2017-11-13,0.26636542713357664,0.03475208729724329,469.75291957613587,41.07368404579259
2017-11-14,0.07304414366979341,0.020851252378345973,469.82596371980566,41.09453529817093
2017-11-15,0.11054494410811648,0.03127687856751896,469.9365086639138,41.12581217673845
2017-11-16,0.12174023944965569,0.03475208729724329,470.05824890336345,41.16056426403569
2017-11-17,0.1937295127812226,0.05560333967558927,470.25197841614465,41.216167603711284
2017-11-18,0.006087011972482784,0.0017376043648621646,470.25806542811716,41.21790520807615
2017-11-19,0.018261035917448352,0.005212813094586493,470.27632646403464,41.223118021170734
2017-11-20,1.1521452305357354,0.03127687856751896,471.42847169457036,41.25439489973825
2017-11-21,0.09739134522130667,0.027801669837794633,471.52586303979166,41.282196569576044
2017-11-22,0.13838048347130083,0.03996490039182979,471.66424352326294,41.322161469967874
2017-11-24,0.10347920353220733,0.0295392742026568,471.76772272679517,41.35170074417053
2017-11-25,0.018261035917448352,0.005212813094586493,471.78598376271265,41.356913557265116
2017-11-27,0.2775848087033705,0.07992980078365958,472.063568571416,41.436843358048776
2017-11-28,0.18627962911612875,0.0538657353107271,472.24984820053214,41.490709093359506
2017-11-29,0.3533967895801941,0.04517771348641628,472.60324499011233,41.53588680684592
2017-11-30,0.09150834465757936,0.02606406547293247,472.6947533347699,41.56195087231885
2017-12-01,0.1645615042478008,0.04691531785127844,472.8593148390177,41.60886619017013
2017-12-02,0.006087011972482784,0.0017376043648621646,472.8654018509902,41.610603794534995
2017-12-04,0.1645839162681504,0.04170250475669195,473.0299857672584,41.65230629929169
2017-12-05,0.12174023944965569,0.03475208729724329,473.15172600670803,41.68705838658893
2017-12-06,0.1947843831194491,0.05560333967558927,473.3465103898275,41.74266172626452
2017-12-07,0.12174023944965569,0.03475208729724329,473.4682506292771,41.777413813561765
2017-12-08,0.1156532274771729,0.03301448293238113,473.5839038567543,41.810428296494145
2017-12-11,0.12174023944965569,0.03475208729724329,473.70564409620397,41.84518038379139
2017-12-12,0.35830295624175346,0.05212813094586494,474.0639470524457,41.897308514737254
2017-12-13,0.12782725142213847,0.03648969166210546,474.1917743038679,41.93379820639936
2017-12-14,0.19256980615894914,0.05560333967558927,474.3843441100268,41.98940154607495
2017-12-15,0.15572881469983593,0.04170250475669195,474.54007292472664,42.031104050831644
2017-12-17,0.006087011972482784,0.0017376043648621646,474.54615993669915,42.032841655196506
2017-12-18,0.1156532274771729,0.03301448293238113,474.66181316417635,42.065856138128886
2017-12-19,0.12782725142213847,0.03648969166210546,474.7896404155985,42.10234582979099
2017-12-20,0.1156532274771729,0.03301448293238113,474.9052936430757,42.13536031272337
2017-12-21,0.2106276770060599,0.06081615277017576,475.1159213200818,42.196176465493544
2017-12-22,0.1474446515344415,0.04170250475669195,475.2633659716162,42.237878970250236
2017-12-23,0.006087011972482784,0.0017376043648621646,475.26945298358874,42.2396165746151
2017-12-25,0.006087011972482784,0.0017376043648621646,475.27553999556125,42.24135417897996
2017-12-26,0.030435059862413922,0.008688021824310823,475.3059750554237,42.25004220080427
2017-12-27,0.27785606382132017,0.06950417459448659,475.583831119245,42.31954637539876
2017-12-28,0.1937771651638381,0.02258885674320814,475.77760828440887,42.34213523214196
2017-12-29,0.38566176678064856,0.05039052658100277,476.1632700511895,42.39252575872297
2017-12-30,0.012174023944965568,0.003475208729724329,476.17544407513446,42.39600096745269
2018-01-02,0.049303806702754596,0.01911364801348381,476.22474788183723,42.41511461546618
2018-01-03,0.09412544915980424,0.03648969166210546,476.318873330997,42.451604307128285
2018-01-04,0.597743707806119,0.02606406547293247,476.9166170388031,42.477668372601215
2018-01-05,0.10308977765121416,0.03996490039182979,477.01970681645435,42.517633272993045
2018-01-08,0.022410821228524818,0.008688021824310823,477.04211763768285,42.52632129481736
2018-01-09,0.05826813519416453,0.02258885674320814,477.100385772877,42.54891015156056
2018-01-10,0.12151268243466723,0.027801669837794633,477.2218984553117,42.576711821398355
2018-01-11,0.17070985981876358,0.027801669837794633,477.3926083151305,42.60451349123615
2018-01-12,0.285975848965826,0.03822729602696762,477.6785841640963,42.642740787263115
2018-01-14,0.004482164245704964,0.0017376043648621646,477.683066328342,42.64447839162798
2018-01-15,0.004482164245704964,0.0017376043648621646,477.6875484925877,42.64621599599284
2018-01-16,0.044821642457049636,0.017376043648621647,477.7323701350448,42.663592039641465
2018-01-17,0.13021823166185428,0.056472141858020346,477.86258836670663,42.72006418149949
2018-01-18,0.10489779044832959,0.03996490039182979,477.96748615715495,42.76002908189132
2018-01-19,0.049303806702754596,0.01911364801348381,478.0167899638577,42.779142729904805
2018-01-20,0.004482164245704964,0.0017376043648621646,478.0212721281034,42.78088033426967
2018-01-22,0.11089220064929906,0.017376043648621647,478.1321643287527,42.79825637791829
2018-01-23,0.34141899331118825,0.024326461108070303,478.4735833220639,42.82258283902636
2018-01-24,0.03585731396563971,0.013900834918897317,478.5094406360296,42.83648367394526
2018-01-25,0.059237457718903895,0.02258885674320814,478.5686780937485,42.859072530688465
2018-01-26,0.06115021668859834,0.02258885674320814,478.62982831043706,42.88166138743167
2018-01-28,0.004482164245704964,0.0017376043648621646,478.63431047468276,42.88339899179653
2018-01-29,0.05493267646580647,0.020851252378345973,478.68924315114856,42.904250244174875
2018-01-30,0.08067895642268935,0.03127687856751896,478.76992210757123,42.93552712274239
2018-01-31,0.05378597094845956,0.020851252378345973,478.8237080785197,42.956378375120735
2018-02-01,0.040339478211344676,0.01563843928375948,478.86404755673107,42.9720168144045
2018-02-02,0.044821642457049636,0.017376043648621647,478.90886919918813,42.98939285805312
2018-02-05,0.24345369180550414,0.03475208729724329,479.1523228909936,43.024144945350365
2018-02-06,0.08119049444385942,0.027801669837794633,479.23351338543745,43.05194661518816
2018-02-07,0.06869724248871997,0.02606406547293247,479.3022106279262,43.07801068066109
2018-02-08,0.06275029943986948,0.024326461108070303,479.36496092736604,43.102337141769155
2018-02-09,0.044821642457049636,0.017376043648621647,479.4097825698231,43.11971318541778
2018-02-12,0.026080091170170044,0.010425626189172987,479.4358626609933,43.130138811606955
2018-02-13,0.07986606211862961,0.03127687856751896,479.5157287231119,43.16141569017447
2018-02-14,0.03137514971993474,0.012163230554035152,479.5471038728318,43.17357892072851
2018-02-15,0.05826813519416453,0.028670472020225716,479.605372008026,43.20224939274873
2018-02-16,0.0851611206683943,0.03301448293238113,479.69053312869437,43.23526387568111
2018-02-18,0.004482164245704964,0.0017376043648621646,479.69501529294007,43.237001480045976
2018-02-19,0.004482164245704964,0.0017376043648621646,479.69949745718577,43.23873908441084
2018-02-20,0.0848724077845696,0.03301448293238113,479.78436986497036,43.27175356734322
2018-02-21,0.06275029943986948,0.024326461108070303,479.8471201644102,43.296080028451286
2018-02-22,0.05378597094845956,0.020851252378345973,479.9009061353587,43.31693128082963
2018-02-23,0.06857124800261773,0.020851252378345973,479.9694773833613,43.33778253320797
2018-02-26,0.049303806702754596,0.01911364801348381,480.0187811900641,43.35689618122146
2018-02-27,0.06275029943986948,0.024326461108070303,480.08153148950396,43.381222642329526
2018-02-28,0.08966742847163382,0.03127687856751896,480.1711989179756,43.41249952089704
2018-03-01,0.0901134845532475,0.03475208729724329,480.2613124025288,43.447251608194286
2018-03-02,0.040339478211344676,0.01563843928375948,480.30165188074017,43.46289004747805
2018-03-04,0.004482164245704964,0.0017376043648621646,480.30613404498587,43.46462765184291
2018-03-05,0.05378597094845956,0.020851252378345973,480.35992001593434,43.48547890422125
2018-03-06,0.4058197316560184,0.024326461108070303,480.7657397475904,43.50980536532932
2018-03-07,0.07171462793127942,0.027801669837794633,480.83745437552165,43.53760703516711
2018-03-08,0.07171462793127942,0.027801669837794633,480.9091690034529,43.565408705004906
2018-03-09,0.03952658390728493,0.01563843928375948,480.9486955873602,43.58104714428867
2018-03-12,0.049303806702754596,0.01911364801348381,480.99799939406296,43.600160792302155
2018-03-13,0.07619679217698438,0.0295392742026568,481.07419618623993,43.62970006650481
2018-03-14,0.03585731396563971,0.013900834918897317,481.1100535002056,43.64360090142371
2018-03-15,0.10400420341775739,0.0295392742026568,481.2140577036233,43.673140175626365
2018-03-16,0.08227399183014725,0.017376043648621647,481.2963316954535,43.69051621927499
2018-03-19,0.12295377486194924,0.03127687856751896,481.41928547031546,43.72179309784251
2018-03-20,0.06641956938151472,0.02606406547293247,481.485705039697,43.74785716331544
2018-03-21,0.043362753213132994,0.01563843928375948,481.52906779291015,43.7634956025992
2018-03-22,0.044821642457049636,0.017376043648621647,481.5738894353672,43.780871646247824
2018-03-23,0.14965792650405607,0.024326461108070303,481.7235473618713,43.80519810735589
2018-03-26,0.022410821228524818,0.008688021824310823,481.7459581830998,43.813886129180204
2018-03-27,0.4680354284716557,0.027801669837794633,482.2139936115714,43.841687799018
2018-03-28,0.08964328491409927,0.03475208729724329,482.3036368964855,43.87643988631524
2018-03-29,0.05378597094845956,0.020851252378345973,482.35742286743397,43.89729113869358
2018-03-30,0.022410821228524818,0.008688021824310823,482.3798336886625,43.905979160517894
2018-04-02,0.05826813519416453,0.02258885674320814,482.43810182385664,43.9285680172611
2018-04-03,0.04486840568217535,0.017376043648621647,482.4829702295388,43.945944060909724
2018-04-04,0.07171462793127942,0.027801669837794633,482.5546848574701,43.97374573074752
2018-04-05,0.02689298547422978,0.010425626189172987,482.5815778429443,43.98417135693669
2018-04-06,0.14142592811103177,0.03301448293238113,482.7230037710553,44.01718583986907
2018-04-08,0.004482164245704964,0.0017376043648621646,482.727485935301,44.018923444233934
2018-04-09,0.03585731396563971,0.013900834918897317,482.76334324926665,44.032824279152834
2018-04-10,0.12360569057323878,0.020851252378345973,482.8869489398399,44.05367553153118
2018-04-11,0.05378597094845956,0.020851252378345973,482.94073491078836,44.07452678390952
2018-04-12,0.6399050496889547,0.03301448293238113,483.5806399604773,44.1075412668419
2018-04-13,0.07631086029646827,0.0295392742026568,483.6569508207738,44.137080541044554
2018-04-16,0.14394517522888509,0.02258885674320814,483.8008959960027,44.15966939778776
2018-04-17,0.08067895642268935,0.03127687856751896,483.88157495242535,44.19094627635528
2018-04-18,0.08746313452082072,0.0295392742026568,483.96903808694617,44.22048555055793
2018-04-19,0.08308853854498874,0.02606406547293247,484.05212662549116,44.24654961603086
2018-04-20,0.02689298547422978,0.010425626189172987,484.07901961096536,44.25697524222004
2018-04-23,0.3615991205726424,0.027801669837794633,484.440618731538,44.28477691205783
2018-04-24,0.10177684548445394,0.03127687856751896,484.54239557702243,44.31605379062535
2018-04-25,0.028831630523708525,0.008688021824310823,484.57122720754614,44.32474181244966
2018-04-26,0.044821642457049636,0.017376043648621647,484.6160488500032,44.342117856098284
2018-04-27,0.05544847722575849,0.01911364801348381,484.67149732722896,44.36123150411177
2018-04-29,0.008964328491409927,0.003475208729724329,484.68046165572036,44.364706712841496
2018-04-30,0.05839876744652785,0.02258885674320814,484.7388604231669,44.3872955695847
2018-05-01,0.09412544915980424,0.03648969166210546,484.8329858723267,44.423785261246806
2018-05-02,0.0851611206683943,0.03301448293238113,484.91814699299505,44.456799744179186
2018-05-03,0.12101843463403401,0.04691531785127844,485.0391654276291,44.503715062030466
2018-05-04,0.13145529981360896,0.05039052658100277,485.17062072744267,44.55410558861147
2018-05-05,0.004482164245704964,0.0017376043648621646,485.17510289168837,44.55584319297633
2018-05-07,0.049303806702754596,0.01911364801348381,485.22440669839114,44.57495684098982
2018-05-08,0.08379329174343796,0.013900834918897317,485.3081999901346,44.58885767590872
2018-05-09,0.06275029943986948,0.024326461108070303,485.37095028957447,44.61318413701679
2018-05-10,0.03585731396563971,0.013900834918897317,485.40680760354013,44.62708497193569
2018-05-11,0.11976481483428142,0.04517771348641628,485.5265724183744,44.672262685422105
2018-05-12,0.004482164245704964,0.0017376043648621646,485.53105458262013,44.67400028978697
2018-05-14,0.05826813519416453,0.02258885674320814,485.5893227178143,44.69658914653017
2018-05-15,0.07171462793127942,0.027801669837794633,485.66103734574557,44.724390816367965
2018-05-16,0.03585731396563971,0.013900834918897317,485.69689465971123,44.738291651286865
2018-05-17,0.07619679217698438,0.0295392742026568,485.7730914518882,44.76783092548952
2018-05-18,0.040339478211344676,0.01563843928375948,485.81343093009957,44.78346936477328
2018-05-21,0.07619679217698438,0.0295392742026568,485.88962772227654,44.81300863897594
2018-05-22,0.0851611206683943,0.03301448293238113,485.9747888429449,44.84602312190832
2018-05-23,0.13125159795647356,0.02258885674320814,486.1060404409014,44.86861197865152
2018-05-24,0.12630218335000315,0.05473453749315819,486.2323426242514,44.92334651614468
2018-05-25,1.5449772752330788,0.024326461108070303,487.77731989948444,44.94767297725275
2018-05-26,0.004482164245704964,0.0017376043648621646,487.78180206373014,44.94941058161761
2018-05-29,0.2316954264047155,0.03475208729724329,488.01349749013485,44.984162668914855
2018-05-30,0.08964328491409927,0.03475208729724329,488.1031407750489,45.0189147562121
2018-05-31,0.0851611206683943,0.03301448293238113,488.1883018957173,45.05192923914448
2018-06-01,0.07619679217698438,0.0295392742026568,488.2644986878943,45.08146851334713
2018-06-03,0.004482164245704964,0.0017376043648621646,488.26898085214,45.083206117711995
2018-06-04,0.15571428742124788,0.0295392742026568,488.4246951395612,45.11274539191465
2018-06-05,0.06723246368557445,0.02606406547293247,488.4919276032468,45.13880945738758
2018-06-06,0.05378597094845956,0.020851252378345973,488.54571357419525,45.15966070976592
2018-06-07,0.08906255432488634,0.01911364801348381,488.6347761285201,45.17877435777941
2018-06-08,0.09926688638400426,0.02258885674320814,488.7340430149041,45.201363214522615
2018-06-09,0.004482164245704964,0.0017376043648621646,488.7385251791498,45.20310081888748
2018-06-11,0.03585731396563971,0.013900834918897317,488.77438249311547,45.21700165380638
2018-06-12,0.0851611206683943,0.03301448293238113,488.85954361378384,45.25001613673876
2018-06-13,0.044821642457049636,0.017376043648621647,488.9043652562409,45.26739218038738
2018-06-14,0.07525161320977956,0.024326461108070303,488.9796168694507,45.29171864149545
2018-06-15,0.10308977765121416,0.03996490039182979,489.08270664710193,45.33168354188728
2018-06-18,0.0851611206683943,0.03301448293238113,489.1678677677703,45.36469802481966
2018-06-19,0.10308977765121416,0.03996490039182979,489.27095754542154,45.40466292521149
2018-06-20,0.02689298547422978,0.010425626189172987,489.29785053089574,45.415088551400665
2018-06-21,0.05826813519416453,0.02258885674320814,489.3561186660899,45.43767740814387
2018-06-22,0.022410821228524818,0.008688021824310823,489.3785294873184,45.44636542996818
2018-06-25,0.017928656982819854,0.006950417459448658,489.3964581443012,45.45331584742763
2018-06-26,0.07619679217698438,0.0295392742026568,489.4726549364782,45.48285512163029
2018-06-27,0.0933125548557445,0.03648969166210546,489.56596749133394,45.51934481329239
2018-06-28,0.06723246368557445,0.02606406547293247,489.6331999550195,45.54540887876532
2018-06-29,0.10142835466504788,0.020851252378345973,489.7346283096846,45.566260131143665
2018-06-30,0.004482164245704964,0.0017376043648621646,489.7391104739303,45.56799773550853
2018-07-02,0.10308977765121416,0.03996490039182979,489.8422002515815,45.60796263590036
2018-07-03,0.10796053383244555,0.024326461108070303,489.95016078541397,45.632289097008425
2018-07-04,0.004482164245704964,0.0017376043648621646,489.95464294965967,45.63402670137329
2018-07-05,0.05307791292844683,0.020851252378345973,490.00772086258814,45.65487795375163
2018-07-06,0.03137514971993474,0.012163230554035152,490.03909601230805,45.66704118430567
2018-07-09,0.06275029943986948,0.024326461108070303,490.1018463117479,45.691367645413735
2018-07-10,0.1869814682534957,0.04170250475669195,490.28882778000144,45.73307015017043
2018-07-11,0.06662276082732006,0.020851252378345973,490.35545054082877,45.75392140254877
2018-07-12,0.07619679217698438,0.0295392742026568,490.43164733300574,45.783460676751425
2018-07-13,0.03318316251705017,0.012163230554035152,490.4648304955228,45.79562390730546
2018-07-16,0.04943443895511792,0.01911364801348381,490.5142649344779,45.81473755531895
2018-07-17,0.05826813519416453,0.02258885674320814,490.5725330696721,45.837326412062154
2018-07-18,0.05378597094845956,0.020851252378345973,490.62631904062056,45.8581776644405
2018-07-19,0.07619679217698438,0.0295392742026568,490.70251583279753,45.88771693864315
2018-07-20,0.08707231733877498,0.02606406547293247,490.7895881501363,45.91378100411608
2018-07-23,0.10675904759285938,0.04170250475669195,490.89634719772914,45.955483508872774
2018-07-24,0.06723246368557445,0.02606406547293247,490.9635796614147,45.981547574345704
2018-07-25,0.10127655425210014,0.03648969166210546,491.0648562156668,46.01803726600781
2018-07-26,0.044821642457049636,0.017376043648621647,491.10967785812386,46.035413309656434
2018-07-27,0.022410821228524818,0.008688021824310823,491.13208867935236,46.044101331480746
2018-07-30,0.11300128452687523,0.020851252378345973,491.24508996387925,46.06495258385909
2018-07-31,0.02689298547422978,0.010425626189172987,491.27198294935346,46.075378210048264
2018-08-01,0.07619679217698438,0.0295392742026568,491.34817974153043,46.10491748425092
2018-08-02,0.08964328491409927,0.03475208729724329,491.4378230264445,46.13966957154816
2018-08-03,0.3111413858486144,0.03822729602696762,491.7489644122931,46.17789686757513
2018-08-06,0.06723246368557445,0.02606406547293247,491.8161968759787,46.20396093304806
2018-08-07,0.08067895642268935,0.03127687856751896,491.89687583240135,46.235237811615576
2018-08-08,0.06723246368557445,0.02606406547293247,491.9641082960869,46.261301877088506
2018-08-09,0.049303806702754596,0.01911364801348381,492.0134121027897,46.28041552510199
2018-08-10,0.1962052366209269,0.02258885674320814,492.2096173394106,46.3030043818452
2018-08-12,0.004482164245704964,0.0017376043648621646,492.2140995036563,46.30474198621006
2018-08-13,0.049303806702754596,0.01911364801348381,492.2634033103591,46.32385563422355
2018-08-14,0.06275029943986948,0.024326461108070303,492.32615360979895,46.348182095331616
2018-08-15,0.049303806702754596,0.01911364801348381,492.3754574165017,46.3672957433451
2018-08-16,0.06275029943986948,0.024326461108070303,492.4382077159416,46.39162220445317
2018-08-17,0.022410821228524818,0.008688021824310823,492.4606185371701,46.40031022627748
2018-08-18,0.008964328491409927,0.003475208729724329,492.4695828656615,46.40378543500721
2018-08-20,0.07171462793127942,0.027801669837794633,492.54129749359277,46.431587104845
2018-08-21,0.05378597094845956,0.020851252378345973,492.59508346454123,46.45243835722334
2018-08-22,0.07171462793127942,0.027801669837794633,492.6667980924725,46.480240027061136
2018-08-23,0.01344649273711489,0.005212813094586493,492.6802445852096,46.48545284015572
2018-08-24,0.004482164245704964,0.0017376043648621646,492.6847267494553,46.487190444520586
2018-08-27,0.9396099639172555,0.03822729602696762,493.62433671337254,46.52541774054755
2018-08-28,0.07538389787292464,0.0295392742026568,493.6997206112455,46.55495701475021
2018-08-29,0.6701023463155077,0.02258885674320814,494.369822957561,46.57754587149341
2018-08-30,0.044821642457049636,0.017376043648621647,494.41464460001805,46.59492191514204
2018-08-31,0.06193740513580975,0.024326461108070303,494.4765820051539,46.619248376250106
2018-09-02,0.004482164245704964,0.0017376043648621646,494.4810641693996,46.62098598061497
2018-09-04,0.036666452890796,0.012163230554035152,494.5177306222904,46.633149211169005
2018-09-05,0.049303806702754596,0.01911364801348381,494.56703442899317,46.65226285918249
2018-09-06,0.07171462793127942,0.027801669837794633,494.63874905692444,46.680064529020285
2018-09-07,0.043195853848930155,0.017376043648621647,494.6819449107734,46.69744057266891
2018-09-10,0.07459501107791167,0.027801669837794633,494.7565399218513,46.7252422425067
2018-09-11,0.05378597094845956,0.020851252378345973,494.81032589279977,46.746093494885045
2018-09-12,0.022410821228524818,0.008688021824310823,494.8327367140283,46.75478151670936
2018-09-13,0.052973076644399826,0.020851252378345973,494.88570979067265,46.7756327690877
2018-09-14,0.044821642457049636,0.017376043648621647,494.9305314331297,46.793008812736325
2018-09-17,0.17643015930638592,0.024326461108070303,495.1069615924361,46.81733527384439
2018-09-18,0.06275029943986948,0.024326461108070303,495.169711891876,46.84166173495246
2018-09-19,0.06275029943986948,0.024326461108070303,495.23246219131585,46.86598819606053
2018-09-20,0.05378597094845956,0.020851252378345973,495.2862481622643,46.88683944843887
2018-09-21,0.05378597094845956,0.020851252378345973,495.3400341332128,46.90769070081721
2018-09-24,0.06275029943986948,0.024326461108070303,495.40278443265265,46.93201716192528
2018-09-25,0.03585731396563971,0.013900834918897317,495.4386417466183,46.94591799684418
2018-09-26,0.06275029943986948,0.024326461108070303,495.5013920460582,46.97024445795225
2018-09-27,0.05378597094845956,0.020851252378345973,495.55517801700665,46.99109571033059
2018-09-28,0.0937818020631389,0.03648969166210546,495.6489598190698,47.027585401992695
2018-10-01,0.05378597094845956,0.020851252378345973,495.70274579001824,47.04843665437104
2018-10-02,0.06416790815763461,0.024326461108070303,495.76691369817587,47.072763115479106
2018-10-03,0.03137514971993474,0.012163230554035152,495.7982888478958,47.08492634603314
2018-10-04,0.03585731396563971,0.013900834918897317,495.83414616186144,47.09882718095204
2018-10-05,0.06193740513580975,0.024326461108070303,495.8960835669973,47.12315364206011
2018-10-08,0.040339478211344676,0.01563843928375948,495.93642304520864,47.13879208134387
2018-10-09,0.049303806702754596,0.01911364801348381,495.9857268519114,47.15790572935736
2018-10-10,0.09855424053725645,0.013900834918897317,496.0842810924487,47.17180656427626
2018-10-11,0.049303806702754596,0.01911364801348381,496.13358489915146,47.19092021228975
2018-10-12,0.05826813519416453,0.02258885674320814,496.1918530343456,47.21350906903295
2018-10-13,0.004482164245704964,0.0017376043648621646,496.1963351985913,47.215246673397814
2018-10-14,0.004482164245704964,0.0017376043648621646,496.20081736283703,47.21698427776268
2018-10-15,0.06802210930433875,0.02258885674320814,496.2688394721414,47.23957313450588
2018-10-16,0.11027176703542736,0.020851252378345973,496.37911123917684,47.260424386884225
2018-10-17,0.4133975589806362,0.12163230554035152,496.7925087981575,47.38205669242458
2018-10-18,0.05826813519416453,0.02258885674320814,496.85077693335165,47.40464554916778
2018-10-19,0.07619679217698438,0.0295392742026568,496.9269737255286,47.43418482337044
2018-10-20,0.004482164245704964,0.0017376043648621646,496.9314558897743,47.4359224277353
2018-10-22,0.5081841296157978,0.03475208729724329,497.43964001939014,47.47067451503254
2018-10-23,0.07619679217698438,0.0295392742026568,497.5158368115671,47.5002137892352
2018-10-24,0.0779104523184575,0.0295392742026568,497.5937472638856,47.52975306343785
2018-10-25,0.06723246368557445,0.02606406547293247,497.66097972757115,47.55581712891078
2018-10-26,0.07619679217698438,0.0295392742026568,497.7371765197481,47.58535640311344
2018-10-27,0.004482164245704964,0.0017376043648621646,497.7416586839938,47.5870940074783
2018-10-28,0.004482164245704964,0.0017376043648621646,497.7461408482395,47.58883161184316
2018-10-29,0.11155241586914186,0.03127687856751896,497.85769326410866,47.62010849041068
2018-10-30,0.08964328491409927,0.03475208729724329,497.94733654902274,47.65486057770792
2018-10-31,0.15603614729815368,0.05212813094586494,498.1033726963209,47.70698870865379
2018-11-01,0.040339478211344676,0.01563843928375948,498.14371217453225,47.72262714793755
2018-11-02,0.07171462793127942,0.027801669837794633,498.2154268024635,47.750428817775344
2018-11-03,0.004482164245704964,0.0017376043648621646,498.2199089667092,47.752166422140206
2018-11-05,0.07171462793127942,0.027801669837794633,498.2916235946405,47.779968091978
2018-11-06,0.0851611206683943,0.03301448293238113,498.3767847153089,47.81298257491038
2018-11-07,0.379138668966165,0.024326461108070303,498.75592338427504,47.837309036018446
2018-11-08,0.05826813519416453,0.02258885674320814,498.8141915194692,47.85989789276165
2018-11-09,0.06723246368557445,0.02606406547293247,498.8814239831548,47.88596195823458
2018-11-12,0.07171462793127942,0.027801669837794633,498.95313861108605,47.913763628072374
2018-11-13,0.0851611206683943,0.03301448293238113,499.0382997317544,47.946778111004754
2018-11-14,0.25247983000741653,0.03648969166210546,499.29077956176184,47.98326780266686
2018-11-15,0.13894709161685387,0.0538657353107271,499.4297266533787,48.03713353797759
2018-11-16,0.511875549940372,0.05734094404045143,499.94160220331906,48.09447448201804
2018-11-17,0.004482164245704964,0.0017376043648621646,499.94608436756477,48.096212086382906
2018-11-19,0.13894709161685387,0.0538657353107271,500.0850314591816,48.150077821693635
2018-11-20,0.14166095066544387,0.05212813094586494,500.22669240984703,48.2022059526395
2018-11-21,0.07171462793127942,0.027801669837794633,500.2984070377783,48.230007622477295
2018-11-23,0.022410821228524818,0.0147696371013284,500.3208178590068,48.244777259578626
2018-11-24,0.004482164245704964,0.0017376043648621646,500.3253000232525,48.24651486394349
2018-11-25,0.004482164245704964,0.0017376043648621646,500.3297821874982,48.24825246830835
2018-11-26,0.12101843463403401,0.04691531785127844,500.45080062213225,48.29516778615963
2018-11-27,0.07171462793127942,0.027801669837794633,500.5225152500635,48.32296945599742
2018-11-28,0.49789526205709356,0.04344010912155411,501.02041051212063,48.36640956511898
2018-11-29,0.049303806702754596,0.01911364801348381,501.0697143188234,48.385523213132466
2018-11-30,0.6797650754039165,0.03562088947967437,501.7494793942273,48.42114410261214
2018-12-03,0.1068638838769064,0.04170250475669195,501.8563432781042,48.46284660736883
2018-12-04,0.10238171963120143,0.03996490039182979,501.9587249977354,48.50281150776066
2018-12-05,0.05378597094845956,0.020851252378345973,502.01251096868384,48.523662760139004
2018-12-06,0.905753555268937,0.0295392742026568,502.91826452395276,48.55320203434166
2018-12-07,0.10731621627313342,0.024326461108070303,503.0255807402259,48.57752849544973
2018-12-08,0.004482164245704964,0.0017376043648621646,503.0300629044716,48.57926609981459
2018-12-10,0.46097670783015954,0.05039052658100277,503.4910396123018,48.629656626395594
2018-12-11,0.1120541061426241,0.04344010912155411,503.6030937184444,48.67309673551715
2018-12-12,0.11653627038832906,0.04517771348641628,503.71962998883276,48.718274449003566
2018-12-13,0.26238603264446775,0.03301448293238113,503.98201602147725,48.751288931935946
2018-12-14,0.07619679217698438,0.0295392742026568,504.0582128136542,48.7808282061386
2018-12-15,0.004482164245704964,0.0017376043648621646,504.0626949778999,48.78256581050346
2018-12-16,0.008964328491409927,0.003475208729724329,504.0716593063913,48.78604101923319
2018-12-17,0.15239358435396877,0.0590785484053136,504.22405289074527,48.845119567638505
2018-12-18,0.08964328491409927,0.03475208729724329,504.31369617565935,48.87987165493575
2018-12-19,0.18761347131325706,0.027801669837794633,504.50130964697263,48.90767332477354
2018-12-20,0.12020554032997428,0.04691531785127844,504.6215151873026,48.95458864262482
2018-12-21,0.08067895642268935,0.03127687856751896,504.70219414372525,48.98586552119234
2018-12-22,0.004482164245704964,0.0017376043648621646,504.70667630797095,48.9876031255572
2018-12-23,0.008964328491409927,0.003475208729724329,504.71564063646235,48.991078334286925
2018-12-24,0.008964328491409927,0.003475208729724329,504.72460496495376,48.99455354301665
2018-12-25,0.004482164245704964,0.0017376043648621646,504.72908712919946,48.99629114738151
2018-12-26,0.08067895642268935,0.03127687856751896,504.80976608562213,49.02756802594903
2018-12-27,0.05378597094845956,0.020851252378345973,504.8635520565706,49.04841927832737
2018-12-28,0.08067895642268935,0.03127687856751896,504.94423101299327,49.07969615689489
2018-12-29,0.008964328491409927,0.003475208729724329,504.9531953414847,49.083171365624615
2018-12-30,0.008964328491409927,0.003475208729724329,504.9621596699761,49.08664657435434
2018-12-31,0.044821642457049636,0.017376043648621647,505.00698131243314,49.104022618002965
2019-01-02,0.021225821635526256,0.006950417459448658,505.0282071340687,49.110973035462415
2019-01-03,0.10612910817763127,0.03475208729724329,505.1343362422463,49.14572512275966
2019-01-04,0.11065986910813791,0.02258885674320814,505.24499611135445,49.16831397950286
2019-01-07,0.6590352828644216,0.020851252378345973,505.90403139421886,49.189165231881205
2019-01-08,0.019588636168289916,0.006950417459448658,505.92362003038716,49.196115649340655
2019-01-09,0.04895149288196691,0.01563843928375948,505.9725715232691,49.21175408862442
2019-01-10,0.053064554088815635,0.017376043648621647,506.0256360773579,49.22913013227304
2019-01-11,0.021225821635526256,0.006950417459448658,506.0468618989934,49.23608054973249
2019-01-12,0.005306455408881564,0.0017376043648621646,506.0521683544023,49.237818154097354
2019-01-13,0.010612910817763128,0.003475208729724329,506.06278126522005,49.24129336282708
2019-01-14,3.0300896871812677,0.02606406547293247,509.0928709524013,49.26735742830001
2019-01-15,0.09551619735986815,0.03127687856751896,509.1883871497612,49.29863430686753
2019-01-16,0.10612910817763127,0.03475208729724329,509.2945162579388,49.33338639416477
2019-01-17,0.06367746490657877,0.020851252378345973,509.3581937228454,49.35423764654311
2019-01-18,0.06367746490657877,0.020851252378345973,509.42187118775195,49.375088898921454
2019-01-21,0.010612910817763128,0.003475208729724329,509.4324840985697,49.37856410765118
2019-01-22,0.06898392031546033,0.02258885674320814,509.5014680188852,49.401152964394385
2019-01-23,0.06367746490657877,0.020851252378345973,509.56514548379175,49.42200421677273
2019-01-24,0.0742903757243419,0.024326461108070303,509.6394358595161,49.446330677880795
2019-01-25,0.03183873245328939,0.010425626189172987,509.6712745919694,49.45675630406997
2019-01-26,0.010612910817763128,0.003475208729724329,509.68188750278716,49.460231512799695
2019-01-28,0.04775809867993407,0.01563843928375948,509.7296456014671,49.47586995208346
2019-01-29,0.06204027943934243,0.020851252378345973,509.7916858809064,49.4967212044618
2019-01-30,0.06367746490657877,0.020851252378345973,509.855363345813,49.51757245684014
2019-01-31,0.058371009497697204,0.01911364801348381,509.9137343553107,49.53668610485363
2019-02-01,0.026532277044407818,0.008688021824310823,509.9402666323551,49.54537412667794
2019-02-04,0.24542292847177088,0.01911364801348381,510.18568956082686,49.56448777469143
2019-02-05,0.2522377448296276,0.03388328511481221,510.4379273056565,49.59837105980624
2019-02-06,0.08490328654210502,0.027801669837794633,510.5228305921986,49.62617272964403
2019-02-07,0.05683866031450787,0.01911364801348381,510.5796692525131,49.64528637765752
2019-02-08,0.09170461429696414,0.024326461108070303,510.6713738668101,49.66961283876559
2019-02-09,0.005306455408881564,0.0017376043648621646,510.67668032221894,49.67135044313045
2019-02-10,0.005306455408881564,0.0017376043648621646,510.6819867776278,49.67308804749531
2019-02-11,0.10979895354354391,0.017376043648621647,510.79178573117133,49.69046409114394
2019-02-12,0.16872342152167918,0.024326461108070303,510.960509152693,49.714790552252005
2019-02-13,0.04106432544942595,0.012163230554035152,511.00157347814246,49.72695378280604
2019-02-14,0.12204847440427596,0.03996490039182979,511.1236219525467,49.76691868319787
2019-02-15,0.1565222174947107,0.02606406547293247,511.2801441700414,49.7929827486708
2019-02-18,0.03714518786217095,0.012163230554035152,511.3172893579036,49.80514597922484
2019-02-19,0.04775809867993407,0.01563843928375948,511.3650474565835,49.8207844185086
2019-02-20,0.0742903757243419,0.024326461108070303,511.43933783230784,49.84511087961667
2019-02-21,0.07959683113322345,0.02606406547293247,511.5189346634411,49.8711749450896
2019-02-22,0.07959683113322345,0.02606406547293247,511.59853149457433,49.89723901056253
2019-02-23,0.03183873245328939,0.010425626189172987,511.63037022702764,49.907664636751704
2019-02-25,0.07612853657915705,0.01911364801348381,511.7064987636068,49.92677828476519
2019-02-26,0.08793802523713948,0.027801669837794633,511.79443678884394,49.954579954602984
2019-02-27,0.06898392031546033,0.02258885674320814,511.8634207091594,49.97716881134619
2019-02-28,0.03183873245328939,0.010425626189172987,511.8952594416127,49.987594437535364
2019-03-01,0.06367746490657877,0.020851252378345973,511.9589369065193,50.00844568991371
2019-03-03,0.005306455408881564,0.0017376043648621646,511.96424336192814,50.01018329427857
2019-03-04,0.02814501638262868,0.008688021824310823,511.99238837831075,50.01887131610288
2019-03-05,0.1591936622664469,0.05212813094586494,512.1515820405772,50.07099944704875
2019-03-06,0.053064554088815635,0.02345765892563922,512.204646594666,50.094457105974385
2019-03-07,0.04775809867993407,0.01563843928375948,512.2524046933459,50.11009554525815
2019-03-08,0.04245164327105251,0.013900834918897317,512.2948563366169,50.12399638017705
2019-03-11,0.0742903757243419,0.024326461108070303,512.3691467123413,50.148322841285115
2019-03-12,0.06898392031546033,0.02258885674320814,512.4381306326567,50.17091169802832
2019-03-13,0.17727463915548075,0.03127687856751896,512.6154052718122,50.20218857659584
2019-03-14,0.07921718793971477,0.024326461108070303,512.6946224597518,50.226515037703905
2019-03-18,0.06367746490657877,0.020851252378345973,512.7582999246584,50.24736629008225
2019-03-19,0.053064554088815635,0.017376043648621647,512.8113644787472,50.26474233373087
2019-03-20,0.06367746490657877,0.020851252378345973,512.8750419436539,50.285593586109215
2019-03-21,0.13381746568955252,0.04344010912155411,513.0088594093434,50.32903369523077
2019-03-22,0.07174811934209523,0.020851252378345973,513.0806075286855,50.34988494760911
2019-03-24,0.005306455408881564,0.0017376043648621646,513.0859139840944,50.351622551973975
2019-03-25,0.20695176094638099,0.06776657022962441,513.2928657450408,50.4193891222036
2019-03-26,0.06367746490657877,0.020851252378345973,513.3565432099474,50.44024037458194
2019-03-27,0.03714518786217095,0.012163230554035152,513.3936883978096,50.45240360513598
2019-03-28,0.058371009497697204,0.01911364801348381,513.4520594073073,50.471517253149464
2019-03-29,1.748090737870346,0.03475208729724329,515.2001501451776,50.50626934044671
2019-03-30,0.005306455408881564,0.0017376043648621646,515.2054566005866,50.50800694481157
2019-04-01,0.058371009497697204,0.01911364801348381,515.2638276100843,50.52712059282506
2019-04-02,0.08204826074382036,0.02606406547293247,515.3458758708281,50.55318465829799
2019-04-03,0.10082265276874972,0.03301448293238113,515.4466985235969,50.58619914123037
2019-04-04,0.09020974195098659,0.0295392742026568,515.5369082655478,50.61573841543302
2019-04-05,0.09349116465344434,0.02258885674320814,515.6303994302012,50.63832727217623
2019-04-08,0.03714518786217095,0.012163230554035152,515.6675446180634,50.650490502730264
2019-04-09,0.13796784063092066,0.04517771348641628,515.8055124586944,50.69566821621668
2019-04-10,0.0742903757243419,0.024326461108070303,515.8798028344187,50.71999467732475
2019-04-11,0.06367746490657877,0.020851252378345973,515.9434802993253,50.74084592970309
2019-04-12,0.06367746490657877,0.020851252378345973,516.0071577642319,50.761697182081434
2019-04-13,0.005306455408881564,0.0017376043648621646,516.0124642196408,50.7634347864463
2019-04-14,0.005306455408881564,0.0017376043648621646,516.0177706750497,50.76517239081116
2019-04-15,0.10612910817763127,0.03475208729724329,516.1238997832273,50.7999244781084
2019-04-16,0.06898392031546033,0.02258885674320814,516.1928837035427,50.82251333485161
2019-04-17,0.12735492981315755,0.04170250475669195,516.3202386333559,50.8642158396083
2019-04-18,0.09020974195098659,0.0295392742026568,516.4104483753068,50.893755113810954
2019-04-19,0.04245164327105251,0.013900834918897317,516.4529000185779,50.907655948729854
2019-04-20,0.010612910817763128,0.003475208729724329,516.4635129293956,50.91113115745958
2019-04-22,0.021225821635526256,0.006950417459448658,516.4847387510312,50.91808157491903
2019-04-23,0.03714518786217095,0.012163230554035152,516.5218839388933,50.930244805473066
2019-04-24,0.070692798757213,0.013900834918897317,516.5925767376506,50.944145640391966
2019-04-25,0.06367746490657877,0.020851252378345973,516.6562542025572,50.96499689277031
2019-04-26,0.07959683113322345,0.02606406547293247,516.7358510336904,50.99106095824324
2019-04-29,0.10612910817763127,0.03475208729724329,516.841980141868,51.02581304554048
2019-04-30,0.10082265276874972,0.03301448293238113,516.9428027946368,51.05882752847286
2019-05-01,1.5313854415646686,0.02258885674320814,518.4741882362015,51.081416385216066
2019-05-02,0.04775809867993407,0.01563843928375948,518.5219463348814,51.09705482449983
2019-05-03,0.03714518786217095,0.012163230554035152,518.5590915227435,51.109218055053866
2019-05-04,0.005306455408881564,0.0017376043648621646,518.5643979781524,51.11095565941873
2019-05-06,0.06898392031546033,0.02258885674320814,518.6333818984679,51.13354451616193
2019-05-07,0.13727418172010739,0.04517771348641628,518.770656080188,51.17872222964835
2019-05-08,0.09551619735986815,0.03127687856751896,518.8661722775479,51.20999910821587
2019-05-09,0.030201546986053044,0.010425626189172987,518.896373824534,51.22042473440504
2019-05-10,0.08191186958448736,0.024326461108070303,518.9782856941184,51.24475119551311
2019-05-13,0.11674201899539441,0.03822729602696762,519.0950277131138,51.28297849154008
2019-05-14,0.08490328654210502,0.027801669837794633,519.179930999656,51.31078016137787
2019-05-15,0.10612910817763127,0.03475208729724329,519.2860601078336,51.34553224867511
2019-05-16,0.07959683113322345,0.02606406547293247,519.3656569389668,51.37159631414804
2019-05-17,0.03183873245328939,0.010425626189172987,519.3974956714201,51.38202194033722
2019-05-18,0.015919366226644693,0.005212813094586493,519.4134150376467,51.387234753431805
2019-05-19,0.005306455408881564,0.0017376043648621646,519.4187214930556,51.38897235779667
2019-05-20,0.08326610107486868,0.027801669837794633,519.5019875941305,51.41677402763446
2019-05-21,0.08326610107486868,0.027801669837794633,519.5852536952053,51.44457569747225
2019-05-22,0.0742903757243419,0.024326461108070303,519.6595440709297,51.46890215858032
2019-05-23,0.11674201899539441,0.03822729602696762,519.7762860899251,51.50712945460729
2019-05-24,0.08490328654210502,0.027801669837794633,519.8611893764672,51.53493112444508
2019-05-25,0.021225821635526256,0.006950417459448658,519.8824151981028,51.54188154190453
2019-05-28,0.08490328654210502,0.027801669837794633,519.9673184846449,51.56968321174232
2019-05-29,0.1485807514486838,0.04865292221614061,520.1158992360936,51.618336133958465
2019-05-30,0.12263207872273313,0.03822729602696762,520.2385313148163,51.65656342998543
2019-05-31,0.07102669809084201,0.024326461108070303,520.3095580129071,51.6808898910935
2019-06-01,0.005306455408881564,0.0017376043648621646,520.314864468316,51.68262749545836
2019-06-02,0.005306455408881564,0.0017376043648621646,520.320170923725,51.684365099823225
2019-06-03,0.053064554088815635,0.017376043648621647,520.3732354778138,51.70174114347185
2019-06-04,0.3698623160942657,0.0295392742026568,520.743097793908,51.731280417674505
2019-06-05,0.20786919596125847,0.04517771348641628,520.9509669898692,51.77645813116092
2019-06-06,0.09020974195098659,0.0295392742026568,521.0411767318202,51.80599740536358
2019-06-07,0.09020974195098659,0.0295392742026568,521.1313864737712,51.83553667956623
2019-06-09,0.026532277044407818,0.008688021824310823,521.1579187508156,51.844224701390544
2019-06-10,0.06675791222145772,0.020851252378345973,521.224676663037,51.86507595376889
2019-06-11,0.03183873245328939,0.010425626189172987,521.2565153954903,51.87550157995806
2019-06-12,0.058371009497697204,0.01911364801348381,521.314886404988,51.89461522797155
2019-06-13,0.7994359007095002,0.0538657353107271,522.1143223056974,51.94848096328228
2019-06-14,0.058371009497697204,0.01911364801348381,522.1726933151951,51.967594611295766
2019-06-16,0.015919366226644693,0.005212813094586493,522.1886126814218,51.97280742439035
2019-06-17,0.10612910817763127,0.03475208729724329,522.2947417895994,52.007559511687596
2019-06-18,0.15324079479225292,0.03475208729724329,522.4479825843916,52.04231159898484
2019-06-19,0.10612910817763127,0.03475208729724329,522.5541116925692,52.07706368628208
2019-06-20,1.5209367899291746,0.01911364801348381,524.0750484824983,52.09617733429557
2019-06-21,0.08490328654210502,0.027801669837794633,524.1599517690405,52.12397900413336
2019-06-24,0.1532665995619003,0.04865292221614061,524.3132183686024,52.1726319263495
2019-06-25,0.06367746490657877,0.020851252378345973,524.376895833509,52.193483178727845
2019-06-26,0.07934174517930456,0.024326461108070303,524.4562375786883,52.21780963983591
2019-06-27,0.08490328654210502,0.027801669837794633,524.5411408652304,52.245611309673706
2019-06-28,0.07959683113322345,0.02606406547293247,524.6207376963637,52.271675375146636
2019-06-29,0.005306455408881564,0.0017376043648621646,524.6260441517726,52.2734129795115
2019-07-01,0.1383417723812838,0.04344010912155411,524.7643859241539,52.31685308863305
2019-07-02,0.04245164327105251,0.013900834918897317,524.806837567425,52.33075392355195
2019-07-03,0.0703835082133811,0.01911364801348381,524.8772210756383,52.34986757156544
2019-07-05,0.026532277044407818,0.008688021824310823,524.9037533526828,52.35855559338975
2019-07-08,0.08490328654210502,0.027801669837794633,524.9886566392249,52.386357263227545
2019-07-09,0.10612910817763127,0.03475208729724329,525.0947857474025,52.42110935052479
2019-07-10,0.08490328654210502,0.027801669837794633,525.1796890339447,52.44891102036258
2019-07-11,0.12204847440427596,0.03996490039182979,525.301737508349,52.48887592075441
2019-07-12,0.13574183253691804,0.04344010912155411,525.437479340886,52.532316029875965
2019-07-13,0.010612910817763128,0.003475208729724329,525.4480922517037,52.53579123860569
2019-07-15,0.09020974195098659,0.0295392742026568,525.5383019936546,52.565330512808345
2019-07-16,0.11674201899539441,0.03822729602696762,525.65504401265,52.60355780883531
2019-07-17,0.2824362322886107,0.04170250475669195,525.9374802449387,52.645260313592004
2019-07-18,0.07927362510056725,0.024326461108070303,526.0167538700392,52.66958677470007
2019-07-19,0.1331841224401907,0.04170250475669195,526.1499379924794,52.711289279456764
2019-07-22,0.1095206089783384,0.02606406547293247,526.2594586014577,52.737353344929694
2019-07-23,0.23879049339967037,0.0781921964187974,526.4982490948573,52.81554554134849
2019-07-24,0.17878229843473684,0.0590785484053136,526.677031393292,52.87462408975381
2019-07-25,0.058371009497697204,0.01911364801348381,526.7354024027898,52.893737737767296
2019-07-26,0.1480374277691939,0.04865292221614061,526.8834398305589,52.94239065998344
2019-07-29,1.6866850538298985,0.027801669837794633,528.5701248843889,52.97019232982123
2019-07-30,0.11674201899539441,0.03822729602696762,528.6868669033843,53.0084196258482
2019-07-31,0.1910323947197363,0.06255375713503793,528.877899298104,53.07097338298323
2019-08-01,0.11456673661909872,0.0295392742026568,528.9924660347231,53.10051265718589
2019-08-02,0.11671931230248196,0.03822729602696762,529.1091853470256,53.138739953212855
2019-08-03,0.021225821635526256,0.006950417459448658,529.1304111686611,53.145690370672305
2019-08-04,0.010612910817763128,0.003475208729724329,529.1410240794788,53.14916557940203
2019-08-05,0.1485807514486838,0.04865292221614061,529.2896048309275,53.19781850161817
2019-08-06,0.1587726717177288,0.03475208729724329,529.4483775026453,53.232570588915415
2019-08-07,0.07479346367992527,0.02258885674320814,529.5231709663252,53.25515944565862
2019-08-08,0.10612910817763127,0.03475208729724329,529.6293000745028,53.28991153295586
2019-08-09,0.13796784063092066,0.04517771348641628,529.7672679151337,53.33508924644228
2019-08-10,0.010612910817763128,0.003475208729724329,529.7778808259515,53.338564455172005
2019-08-11,0.010612910817763128,0.003475208729724329,529.7884937367692,53.34203966390173
2019-08-12,0.17655629034073422,0.05734094404045143,529.9650500271099,53.399380607942184
2019-08-13,0.10082265276874972,0.03301448293238113,530.0658726798787,53.432395090874564
2019-08-14,0.10612910817763127,0.03475208729724329,530.1720017880563,53.46714717817181
2019-08-15,0.12204847440427596,0.03996490039182979,530.2940502624606,53.50711207856364
2019-08-16,0.04245164327105251,0.013900834918897317,530.3365019057317,53.52101291348254
2019-08-17,0.010612910817763128,0.003475208729724329,530.3471148165494,53.52448812221226
2019-08-18,0.005306455408881564,0.0017376043648621646,530.3524212719583,53.526225726577124
2019-08-19,0.08293374154649227,0.02606406547293247,530.4353550135048,53.552289792050054
2019-08-20,1.6239088340473462,0.03301448293238113,532.0592638475522,53.585304274982434
2019-08-21,0.3802548356565978,0.0781921964187974,532.4395186832088,53.66349647140123
2019-08-22,0.1432742960398022,0.04691531785127844,532.5827929792486,53.71041178925251
2019-08-23,0.12204847440427596,0.03996490039182979,532.7048414536529,53.75037668964434
2019-08-24,0.005306455408881564,0.0017376043648621646,532.7101479090618,53.7521142940092
2019-08-26,0.13906188741004713,0.03301448293238113,532.8492097964719,53.78512877694158
2019-08-27,0.10612910817763127,0.03475208729724329,532.9553389046495,53.819880864238826
2019-08-28,0.10612910817763127,0.03475208729724329,533.061468012827,53.85463295153607
2019-08-29,0.15086270356870246,0.05039052658100277,533.2123307163957,53.90502347811707
2019-08-30,0.2462218815614324,0.02606406547293247,533.4585525979571,53.93108754359
2019-08-31,0.005306455408881564,0.0017376043648621646,533.463859053366,53.932825147954865
2019-09-01,0.010612910817763128,0.003475208729724329,533.4744719641837,53.93630035668459
2019-09-02,0.010612910817763128,0.003475208729724329,533.4850848750015,53.939775565414315
2019-09-03,0.11143556358651284,0.03648969166210546,533.596520438588,53.97626525707642
2019-09-04,0.1485807514486838,0.04865292221614061,533.7451011900366,54.02491817929256
2019-09-05,0.1550090021086548,0.04170250475669195,533.9001101921452,54.066620684049255
2019-09-06,0.17887071820291423,0.05734094404045143,534.0789809103482,54.12396162808971
2019-09-07,0.010612910817763128,0.003475208729724329,534.0895938211659,54.127436836819435
2019-09-08,0.010612910817763128,0.003475208729724329,534.1002067319836,54.13091204554916
2019-09-09,0.2480459388802774,0.05039052658100277,534.3482526708639,54.181302572130164
2019-09-10,0.12735492981315755,0.04778412003370953,534.475607600677,54.229086692163875
2019-09-11,0.24409694880855193,0.07992980078365958,534.7197045494855,54.309016492947535
2019-09-12,0.10931273790190571,0.03127687856751896,534.8290172873874,54.34029337151505
2019-09-13,0.07959683113322345,0.02606406547293247,534.9086141185206,54.36635743698798
2019-09-14,0.005306455408881564,0.0017376043648621646,534.9139205739295,54.368095041352845
2019-09-15,0.010612910817763128,0.003475208729724329,534.9245334847473,54.37157025008257
2019-09-16,0.18366071152691515,0.05212813094586494,535.1081941962742,54.42369838102844
2019-09-17,1.1213393725674752,0.04691531785127844,536.2295335688417,54.47061369887972
2019-09-18,0.18041948390197318,0.0590785484053136,536.4099530527437,54.529692247285034
2019-09-19,0.10612910817763127,0.03475208729724329,536.5160821609213,54.56444433458228
2019-09-20,0.11143556358651284,0.03648969166210546,536.6275177245078,54.60093402624438
2019-09-22,0.015919366226644693,0.005212813094586493,536.6434370907344,54.60614683933897
2019-09-23,0.1485807514486838,0.04865292221614061,536.7920178421831,54.65479976155511
2019-09-24,0.19633885012861788,0.06429136149990008,536.9883566923118,54.71909112305501
2019-09-25,0.15867653261419698,0.05039052658100277,537.147033224926,54.76948164963601
2019-09-26,0.1432742960398022,0.04691531785127844,537.2903075209657,54.81639696748729
2019-09-27,0.09387901189263181,0.03127687856751896,537.3841865328584,54.84767384605481
2019-09-28,0.015919366226644693,0.005212813094586493,537.400105899085,54.8528866591494
2019-09-29,0.015919366226644693,0.005212813094586493,537.4160252653116,54.858099472243985
2019-09-30,0.15388720685756535,0.05039052658100277,537.5699124721692,54.90848999882499
2019-10-01,0.23140306125834897,0.07297938332421092,537.8013155334276,54.9814693821492
2019-10-02,0.08009212475084798,0.017376043648621647,537.8814076581784,54.998845425797825
2019-10-03,0.21193501032260634,0.06255375713503793,538.093342668501,55.06139918293286
2019-10-04,0.09020974195098659,0.0295392742026568,538.183552410452,55.090938457135515
2019-10-05,0.010612910817763128,0.003475208729724329,538.1941653212697,55.09441366586524
2019-10-06,0.005306455408881564,0.0017376043648621646,538.1994717766786,55.0961512702301
2019-10-07,0.20695176094638099,0.06776657022962441,538.406423537625,55.163917840459725
2019-10-08,0.19121936059491787,0.06255375713503793,538.5976428982199,55.22647159759476
2019-10-09,0.11015964395410249,0.03648969166210546,538.707802542174,55.262961289256864
2019-10-10,0.1326613852220391,0.04344010912155411,538.8404639273961,55.30640139837842
2019-10-11,0.09020974195098659,0.0295392742026568,538.930673669347,55.335940672581074
2019-10-12,0.015919366226644693,0.005212813094586493,538.9465930355736,55.34115348567566
2019-10-13,0.010612910817763128,0.003475208729724329,538.9572059463914,55.34462869440539
2019-10-14,0.3446337783300763,0.04517771348641628,539.3018397247214,55.389806407891804
2019-10-15,0.12160642257517551,0.03996490039182979,539.4234461472965,55.429771308283634
2019-10-16,0.12735492981315755,0.04170250475669195,539.5508010771097,55.471473813040326
2019-10-17,0.45446336386052394,0.04170250475669195,540.0052644409702,55.51317631779702
2019-10-18,0.19770252196183627,0.0590785484053136,540.202966962932,55.572254866202336
2019-10-19,0.015919366226644693,0.005212813094586493,540.2188863291586,55.57746767929692
2019-10-20,0.026532277044407818,0.008688021824310823,540.2454186062031,55.586155701121235
2019-10-21,0.1751130284930916,0.05734094404045143,540.4205316346962,55.64349664516169
2019-10-22,0.11674201899539441,0.03822729602696762,540.5372736536916,55.68172394118866
2019-10-23,0.9620456744469223,0.0538657353107271,541.4993193281385,55.73558967649939
2019-10-24,0.20688711973984975,0.06776657022962441,541.7062064478783,55.80335624672901
2019-10-25,0.13796784063092066,0.04517771348641628,541.8441742885093,55.84853396021543
2019-10-27,0.015919366226644693,0.005212813094586493,541.8600936547359,55.853746773310014
2019-10-28,0.22465875035727975,0.03822729602696762,542.0847524050932,55.89197406933698
2019-10-29,0.33780319238554524,0.06429136149990008,542.4225555974788,55.95626543083688
2019-10-30,0.1432742960398022,0.04691531785127844,542.5658298935185,56.00318074868816
2019-10-31,0.21756467176414412,0.07124177895934874,542.7833945652827,56.074422527647506
2019-11-01,0.2112239570507627,0.04344010912155411,542.9946185223334,56.11786263676906
2019-11-03,0.021225821635526256,0.006950417459448658,543.015844343969,56.12481305422851
2019-11-04,0.17995457776295046,0.0590785484053136,543.1957989217319,56.18389160263383
2019-11-05,0.19633885012861788,0.06429136149990008,543.3921377718606,56.248182964133726
2019-11-06,0.19633885012861788,0.06429136149990008,543.5884766219892,56.31247432563362
2019-11-07,0.20558478136385955,0.06602896586476226,543.7940614033531,56.37850329149838
2019-11-08,0.20164530553749943,0.06602896586476226,543.9957067088906,56.44453225736314
2019-11-09,0.010612910817763128,0.003475208729724329,544.0063196197083,56.44800746609287
2019-11-10,0.015919366226644693,0.005212813094586493,544.0222389859349,56.453220279187455
2019-11-11,0.21756467176414412,0.07124177895934874,544.2398036576991,56.5244620581468
2019-11-12,0.27062922585295973,0.0886178226079704,544.5104328835521,56.613079880754775
2019-11-13,0.17347584302585528,0.05734094404045143,544.6839087265779,56.67042082479523
2019-11-14,0.1645001176753285,0.0538657353107271,544.8484088442532,56.72428656010596
2019-11-15,0.2653227704440782,0.08688021824310822,545.1137316146973,56.81116677834907
2019-11-17,0.09020974195098659,0.0295392742026568,545.2039413566482,56.840706052551724
2019-11-18,0.36083896780394636,0.1181570968106272,545.5647803244522,56.95886314936235
2019-11-19,0.847167391970642,0.27801669837794635,546.4119477164228,57.2368798477403
2019-11-20,0.20164530553749943,0.06602896586476226,546.6135930219602,57.30290881360506
2019-11-21,0.23270834351241387,0.05734094404045143,546.8463013654726,57.36024975764551
2019-11-22,0.12735492981315755,0.04170250475669195,546.9736562952858,57.401952262402204
2019-11-25,0.20082443912583564,0.06429136149990008,547.1744807344116,57.4662436239021
2019-11-26,0.18779995829888244,0.06081615277017576,547.3622806927106,57.527059776672274
2019-11-27,0.11143556358651284,0.03648969166210546,547.473716256297,57.56354946833438
2019-11-28,0.005306455408881564,0.0017376043648621646,547.479022711706,57.56528707269924
2019-11-29,0.058371009497697204,0.01911364801348381,547.5373937212037,57.58440072071273
2019-12-01,0.005306455408881564,0.0017376043648621646,547.5427001766126,57.58613832507759
2019-12-02,0.13796784063092066,0.04517771348641628,547.6806680172435,57.63131603856401
2019-12-03,0.5685842510384032,0.06776657022962441,548.2492522682819,57.69908260879363
2019-12-04,0.13201176601264697,0.02606406547293247,548.3812640342945,57.72514667426656
2019-12-05,0.3676168921324109,0.06429136149990008,548.748880926427,57.78943803576646
2019-12-06,0.18572593931085474,0.06081615277017576,548.9346068657378,57.85025418853663
2019-12-08,0.005306455408881564,0.0017376043648621646,548.9399133211467,57.851991792901494
2019-12-09,0.3879779319540155,0.04517771348641628,549.3278912531007,57.89716950638791
2019-12-10,0.1485807514486838,0.04865292221614061,549.4764720045494,57.94582242860405
2019-12-11,0.12735492981315755,0.04778412003370953,549.6038269343625,57.993606548637764
2019-12-12,0.2532231118760965,0.04517771348641628,549.8570500462386,58.03878426212418
2019-12-13,0.1432742960398022,0.04691531785127844,550.0003243422783,58.08569957997546
2019-12-14,0.005306455408881564,0.0017376043648621646,550.0056307976872,58.087437184340324
2019-12-15,0.04245164327105251,0.013900834918897317,550.0480824409583,58.101338019259224
2019-12-16,0.09020974195098659,0.0295392742026568,550.1382921829093,58.13087729346188
2019-12-17,0.1751130284930916,0.05734094404045143,550.3134052114024,58.18821823750233
2019-12-18,0.10612910817763127,0.03475208729724329,550.41953431958,58.222970324799576
2019-12-19,0.1336451068559779,0.04344010912155411,550.5531794264359,58.26641043392113
2019-12-20,0.21808206656287005,0.06602896586476226,550.7712614929987,58.33243939978589
2019-12-22,0.026532277044407818,0.008688021824310823,550.7977937700432,58.3411274216102
2019-12-23,0.12980635942375443,0.04170250475669195,550.927600129467,58.382829926366895
2019-12-24,0.058371009497697204,0.01911364801348381,550.9859711389647,58.40194357438038
2019-12-26,0.12735492981315755,0.04170250475669195,551.1133260687778,58.443646079137075
2019-12-27,0.2583791295679603,0.08514261387824607,551.3717051983458,58.52878869301532
2019-12-28,0.04775809867993407,0.01563843928375948,551.4194632970257,58.544427132299084
2019-12-29,0.005306455408881564,0.0017376043648621646,551.4247697524346,58.54616473666395
2019-12-30,0.2812421366707229,0.09209303133769473,551.7060118891053,58.638257768001644
2019-12-31,0.10612910817763127,0.03475208729724329,551.8121409972829,58.673009855298886
2020-01-02,0.08347771715676972,0.027801669837794633,551.8956187144397,58.70081152513668
2020-01-03,0.05749600340652271,0.01911364801348381,551.9531147178462,58.719925173150166
2020-01-05,0.010453818801185948,0.003475208729724329,551.9635685366475,58.72340038187989
2020-01-06,0.07317673160830163,0.024326461108070303,552.0367452682558,58.74772684298796
2020-01-07,0.06794982220770866,0.02258885674320814,552.1046950904636,58.770315699731164
2020-01-08,0.12531946525336138,0.03648969166210546,552.2300145557169,58.80680539139327
2020-01-09,0.1620938106254116,0.04865292221614061,552.3921083663423,58.85545831360941
2020-01-10,0.08782400177136784,0.0295392742026568,552.4799323681137,58.884997587812066
2020-01-13,0.08280676493886888,0.027801669837794633,552.5627391330526,58.91279925764986
2020-01-14,0.16203419141838218,0.0538657353107271,552.7247733244709,58.96666499296059
2020-01-15,0.12483171271170668,0.04170250475669195,552.8496050371826,59.00836749771728
2020-01-16,0.155383283102912,0.024326461108070303,553.0049883202855,59.03269395882535
2020-01-17,0.08363055040948758,0.027801669837794633,553.088618870695,59.06049562866314
2020-01-20,0.03658836580415081,0.012163230554035152,553.1252072364991,59.07265885921718
2020-01-21,0.06821633409117882,0.02258885674320814,553.1934235705903,59.09524771596038
2020-01-22,0.10976509741245245,0.03648969166210546,553.3031886680028,59.13173740762249
2020-01-23,1.0851312178425903,0.04517771348641628,554.3883198858454,59.176915121108905
2020-01-24,0.10976509741245245,0.03648969166210546,554.4980849832579,59.21340481277101
2020-01-25,0.005226909400592974,0.0017376043648621646,554.5033118926584,59.21514241713587
2020-01-26,0.005226909400592974,0.0017376043648621646,554.508538802059,59.216880021500735
2020-01-27,0.48258886873378287,0.04517771348641628,554.9911276707927,59.26205773498715
2020-01-28,0.14057206012051499,0.04170250475669195,555.1316997309132,59.303760239743845
2020-01-29,0.0993112786112665,0.03301448293238113,555.2310110095244,59.336774722676225
2020-01-30,0.12220474315547947,0.03996490039182979,555.35321575268,59.376739623068055
2020-01-31,0.16221304903947034,0.03475208729724329,555.5154288017194,59.4114917103653
2020-02-03,0.09408436921067354,0.03127687856751896,555.6095131709301,59.442768588932815
2020-02-04,0.13067273501482435,0.04344010912155411,555.7401859059449,59.48620869805437
2020-02-05,0.11499200681304542,0.03822729602696762,555.855177912758,59.52443599408134
2020-02-06,0.09408436921067354,0.03127687856751896,555.9492622819687,59.555712872648854
2020-02-07,0.0993112786112665,0.03301448293238113,556.0485735605799,59.588727355581234
2020-02-08,0.005226909400592974,0.0017376043648621646,556.0538004699805,59.5904649599461
2020-02-09,0.010453818801185948,0.003475208729724329,556.0642542887817,59.59394016867582
2020-02-10,0.10453818801185948,0.03475208729724329,556.1687924767936,59.628692255973064
2020-02-11,0.0993112786112665,0.03301448293238113,556.2681037554048,59.661706738905444
2020-02-12,0.12544582561423137,0.04170250475669195,556.393549581019,59.703409243662136
2020-02-13,0.07317673160830163,0.024326461108070303,556.4667263126273,59.727735704770204
2020-02-14,0.06794982220770866,0.02258885674320814,556.5346761348351,59.75032456151341
2020-02-17,0.01568072820177892,0.005212813094586493,556.5503568630369,59.755537374608
2020-02-18,0.16726110081897516,0.05560333967558927,556.7176179638559,59.81114071428359
2020-02-19,0.12544582561423137,0.04170250475669195,556.8430637894701,59.85284321904028
2020-02-20,0.05749600340652271,0.01911364801348381,556.9005597928766,59.87195686705377
2020-02-21,0.11866127675469065,0.03996490039182979,557.0192210696313,59.9119217674456
2020-02-22,0.02613454700296487,0.008688021824310823,557.0453556166342,59.92060978926991
2020-02-23,0.005226909400592974,0.0017376043648621646,557.0505825260348,59.92234739363477
2020-02-24,0.06272291280711569,0.020851252378345973,557.1133054388418,59.943198646013116
2020-02-25,0.11499200681304542,0.03822729602696762,557.2282974456549,59.98142594204008
2020-02-26,0.13589964441541733,0.04517771348641628,557.3641970900703,60.0266036555265
2020-02-27,0.11499200681304542,0.0443089113039852,557.4791890968834,60.070912566830486
2020-02-28,0.08363055040948758,0.027801669837794633,557.5628196472928,60.09871423666828
2020-02-29,0.03136145640355784,0.010425626189172987,557.5941811036964,60.109139862857454
2020-03-01,0.005226909400592974,0.0017376043648621646,557.599408013097,60.110877467222316
2020-03-02,0.16843669487970883,0.03822729602696762,557.7678447079767,60.149104763249284
2020-03-03,0.0784036410088946,0.03214568074995004,557.8462483489856,60.18125044399923
2020-03-04,0.0784036410088946,0.02606406547293247,557.9246519899945,60.20731450947216
2020-03-05,0.12544582561423137,0.04170250475669195,558.0500978156086,60.249017014228855
2020-03-06,0.06794982220770866,0.02258885674320814,558.1180476378164,60.27160587097206
2020-03-09,0.07317673160830163,0.024326461108070303,558.1912243694247,60.29593233208013
2020-03-10,1.5676241245294622,0.0538657353107271,559.7588484939542,60.34979806739086
2020-03-11,0.14847999850105809,0.04691531785127844,559.9073284924553,60.39671338524214
2020-03-12,0.32031746965161045,0.03822729602696762,560.227645962107,60.434940681269104
2020-03-13,0.06794982220770866,0.02258885674320814,560.2955957843147,60.45752953801231
2020-03-14,0.01568072820177892,0.005212813094586493,560.3112765125165,60.4627423511069
2020-03-16,0.07317673160830163,0.024326461108070303,560.3844532441249,60.487068812214964
2020-03-17,0.05226909400592974,0.017376043648621647,560.4367223381308,60.50444485586359
2020-03-18,0.08363055040948758,0.027801669837794633,560.5203528885403,60.53224652570138
2020-03-19,0.06794982220770866,0.02258885674320814,560.588302710748,60.55483538244459
2020-03-20,0.04181527520474379,0.013900834918897317,560.6301179859528,60.56873621736349
2020-03-23,0.1568072820177892,0.05212813094586494,560.7869252679706,60.620864348309354
2020-03-24,0.03658836580415081,0.012163230554035152,560.8235136337747,60.63302757886339
2020-03-25,0.06272291280711569,0.020851252378345973,560.8862365465818,60.653878831241734
2020-03-26,0.07317673160830163,0.024326461108070303,560.9594132781901,60.6782052923498
2020-03-27,0.02613454700296487,0.008688021824310823,560.9855478251931,60.686893314174114
2020-03-30,0.10298054855291172,0.03475208729724329,561.0885283737459,60.721645401471356
2020-03-31,0.07317673160830163,0.024326461108070303,561.1617051053543,60.745971862579424
2020-04-01,0.04181527520474379,0.013900834918897317,561.203520380559,60.759872697498324
2020-04-02,0.04704218460533677,0.01563843928375948,561.2505625651643,60.775511136782086
2020-04-03,0.05226909400592974,0.017376043648621647,561.3028316591702,60.79288718043071
2020-04-06,0.1447958237576555,0.04865292221614061,561.4476274829279,60.84154010264685
2020-04-07,0.06272291280711569,0.020851252378345973,561.510350395735,60.862391355025196
2020-04-08,0.11499200681304542,0.03822729602696762,561.6253424025481,60.90061865105216
2020-04-09,0.03658836580415081,0.012163230554035152,561.6619307683522,60.9127818816062
2020-04-10,0.03658836580415081,0.012163230554035152,561.6985191341564,60.92494511216024
2020-04-11,0.010453818801185948,0.003475208729724329,561.7089729529577,60.92842032088996
2020-04-12,0.01568072820177892,0.005212813094586493,561.7246536811595,60.93363313398455
2020-04-13,0.428470516825532,0.02258885674320814,562.153124197985,60.956221990727755
2020-04-14,0.08885745981008056,0.0295392742026568,562.2419816577951,60.98576126493041
2020-04-15,0.07317673160830163,0.024326461108070303,562.3151583894035,61.01008772603848
2020-04-16,0.07317673160830163,0.024326461108070303,562.3883351210118,61.034414187146545
2020-04-17,0.5447909618022571,0.04952172439857169,562.933126082814,61.08393591154512
2020-04-18,0.010453818801185948,0.003475208729724329,562.9435799016153,61.087411120274844
2020-04-19,0.03136145640355784,0.010425626189172987,562.9749413580189,61.09783674646402
2020-04-20,0.37909949208587107,0.0295392742026568,563.3540408501048,61.127376020666674
2020-04-21,0.23884787000608648,0.02258885674320814,563.5928887201109,61.14996487740988
2020-04-22,0.11499200681304542,0.03822729602696762,563.7078807269239,61.188192173436846
2020-04-23,0.2673475957748425,0.024326461108070303,563.9752283226987,61.212518634544914
2020-04-24,0.08588958070755515,0.027801669837794633,564.0611179034063,61.240320304382706
2020-04-26,0.010453818801185948,0.003475208729724329,564.0715717222075,61.24379551311243
2020-04-27,0.06794982220770866,0.02258885674320814,564.1395215444153,61.266384369855636
2020-04-28,0.08363055040948758,0.027801669837794633,564.2231520948247,61.29418603969343
2020-04-29,0.10976509741245245,0.03648969166210546,564.3329171922372,61.330675731355534
2020-04-30,0.4223344782986021,0.04517771348641628,564.7552516705358,61.37585344484195
2020-05-01,0.09408436921067354,0.03127687856751896,564.8493360397465,61.40713032340947
2020-05-04,0.2514282240917272,0.02258885674320814,565.1007642638382,61.429719180152674
2020-05-05,0.0993112786112665,0.03301448293238113,565.2000755424494,61.462733663085054
2020-05-06,0.06794982220770866,0.02258885674320814,565.2680253646572,61.48532251982826
2020-05-07,0.29078704768637226,0.0295392742026568,565.5588124123436,61.514861794030914
2020-05-08,0.07684600154994686,0.02606406547293247,565.6356584138936,61.540925859503844
2020-05-09,0.005226909400592974,0.0017376043648621646,565.6408853232941,61.542663463868706
2020-05-11,0.10453818801185948,0.03475208729724329,565.745423511306,61.57741555116595
2020-05-12,0.10453818801185948,0.03475208729724329,565.8499616993178,61.61216763846319
2020-05-13,0.05226909400592974,0.017376043648621647,565.9022307933237,61.629543682111816
2020-05-14,0.0784036410088946,0.02606406547293247,565.9806344343326,61.655607747584746
2020-05-15,0.09408436921067354,0.03127687856751896,566.0747188035433,61.68688462615226
2020-05-16,0.01568072820177892,0.005212813094586493,566.0903995317451,61.69209743924685
2020-05-18,0.06116527334816794,0.020851252378345973,566.1515648050932,61.71294869162519
2020-05-19,0.09736360094789984,0.017376043648621647,566.2489284060412,61.73032473527382
2020-05-20,0.0993112786112665,0.03301448293238113,566.3482396846524,61.7633392182062
2020-05-21,0.08885745981008056,0.0295392742026568,566.4370971444625,61.79287849240885
2020-05-22,0.07317673160830163,0.024326461108070303,566.5102738760709,61.81720495351692
2020-05-24,0.01568072820177892,0.005212813094586493,566.5259546042727,61.82241776661151
2020-05-26,0.3856704498757107,0.04344010912155411,566.9116250541484,61.86585787573306
2020-05-27,0.08885745981008056,0.03562088947967437,567.0004825139586,61.90147876521274
2020-05-28,0.0784036410088946,0.02606406547293247,567.0788861549674,61.92754283068567
2020-05-29,0.3904295617274632,0.05212813094586494,567.469315716695,61.979670961631534
2020-05-30,0.010453818801185948,0.003475208729724329,567.4797695354962,61.98314617036126
2020-05-31,0.01568072820177892,0.005212813094586493,567.495450263698,61.988358983455846
2020-06-01,0.3277066489203475,0.03127687856751896,567.8231569126183,62.019635862023364
2020-06-02,0.06272291280711569,0.020851252378345973,567.8858798254254,62.04048711440171
2020-06-03,0.22879949688282236,0.04517771348641628,568.1146793223082,62.085664827888124
2020-06-04,0.4085932213516928,0.03301448293238113,568.5232725436599,62.118679310820504
2020-06-05,0.21430328542431193,0.07732339423636632,568.7375758290842,62.19600270505687
2020-06-07,0.005226909400592974,0.0017376043648621646,568.7428027384848,62.19774030942173
2020-06-08,0.10453818801185948,0.03475208729724329,568.8473409264966,62.232492396718975
2020-06-09,0.08617643083013043,0.02606406547293247,568.9335173573268,62.258556462191905
2020-06-10,0.05226909400592974,0.017376043648621647,568.9857864513327,62.27593250584053
2020-06-11,0.0784036410088946,0.02606406547293247,569.0641900923416,62.30199657131346
2020-06-12,0.01568072820177892,0.005212813094586493,569.0798708205434,62.30720938440805
2020-06-13,0.02613454700296487,0.008688021824310823,569.1060053675463,62.31589740623236
2020-06-14,0.005226909400592974,0.0017376043648621646,569.1112322769469,62.31763501059722
2020-06-15,0.11499200681304542,0.03822729602696762,569.22622428376,62.35586230662419
2020-06-16,0.03136145640355784,0.010425626189172987,569.2575857401636,62.366287932813364
2020-06-17,0.0784036410088946,0.02606406547293247,569.3359893811725,62.392351998286294
2020-06-18,0.08363055040948758,0.027801669837794633,569.4196199315819,62.42015366812409
2020-06-19,0.14801493361610688,0.027801669837794633,569.567634865198,62.44795533796188
2020-06-22,0.0993112786112665,0.03301448293238113,569.6669461438092,62.48096982089426
2020-06-23,0.2302224904542084,0.05647214185802035,569.8971686342635,62.53744196275228
2020-06-24,0.10976509741245245,0.03648969166210546,570.006933731676,62.57393165441439
2020-06-25,0.16371056661964312,0.03127687856751896,570.1706442982957,62.605208532981905
2020-06-26,0.10453818801185948,0.03475208729724329,570.2751824863075,62.63996062027915
2020-06-27,0.005226909400592974,0.0017376043648621646,570.280409395708,62.64169822464401
2020-06-29,0.1082074579535047,0.03648969166210546,570.3886168536616,62.678187916306115
2020-06-30,0.15524964255884147,0.05212813094586494,570.5438664962204,62.73031604725198
2020-07-01,0.14762539808343353,0.02606406547293247,570.6914918943038,62.75638011272491
2020-07-02,0.08363055040948758,0.027801669837794633,570.7751224447132,62.784181782562705
2020-07-04,0.005226909400592974,0.0017376043648621646,570.7803493541138,62.78591938692757
2020-07-05,0.005226909400592974,0.0017376043648621646,570.7855762635144,62.78765699129243
2020-07-06,0.08363055040948758,0.027801669837794633,570.8692068139238,62.81545866113022
2020-07-07,0.06272291280711569,0.020851252378345973,570.9319297267309,62.836309913508565
2020-07-08,0.05749600340652271,0.01911364801348381,570.9894257301374,62.85542356152205
2020-07-09,0.09408436921067354,0.03127687856751896,571.0835100993481,62.88670044008957
2020-07-10,0.05749600340652271,0.01911364801348381,571.1410061027547,62.90581408810306
2020-07-13,0.1202189162136384,0.03996490039182979,571.2612250189683,62.94577898849489
2020-07-14,0.13589964441541733,0.04517771348641628,571.3971246633837,62.990956701981304
2020-07-15,0.19375336306411636,0.024326461108070303,571.5908780264479,63.01528316308937
2020-07-16,0.11343436735409768,0.03822729602696762,571.704312393802,63.05351045911634
2020-07-17,0.0784036410088946,0.02606406547293247,571.7827160348108,63.07957452458927
2020-07-18,0.01568072820177892,0.005212813094586493,571.7983967630126,63.084787337683856
2020-07-19,0.005226909400592974,0.0017376043648621646,571.8036236724132,63.08652494204872
2020-07-20,0.12544582561423137,0.04170250475669195,571.9290694980274,63.12822744680541
2020-07-21,0.10976509741245245,0.03648969166210546,572.0388345954399,63.164717138467516
2020-07-22,0.10976509741245245,0.03648969166210546,572.1485996928524,63.20120683012962
2020-07-23,0.12984894954420564,0.04344010912155411,572.2784486423966,63.244646939251176
2020-07-24,0.09408436921067354,0.03127687856751896,572.3725330116073,63.27592381781869
2020-07-27,0.1202189162136384,0.03996490039182979,572.4927519278209,63.31588871821052
2020-07-28,0.13589964441541733,0.05125932876343386,572.6286515722363,63.36714804697396
2020-07-29,0.08223898967389297,0.02606406547293247,572.7108905619102,63.39321211244689
2020-07-30,0.09096909029277803,0.03127687856751896,572.801859652203,63.42448899101441
2020-07-31,0.10976509741245245,0.03648969166210546,572.9116247496155,63.46097868267651
2020-08-03,0.05749600340652271,0.01911364801348381,572.969120753022,63.48009233069
2020-08-04,0.39361955627729095,0.04691531785127844,573.3627403092993,63.52700764854128
2020-08-05,0.0784036410088946,0.02606406547293247,573.4411439503082,63.55307171401421
2020-08-06,0.08885745981008056,0.0295392742026568,573.5300014101183,63.582610988216864
2020-08-07,0.27728185708121017,0.04865292221614061,573.8072832671995,63.631263910433006
2020-08-09,0.01568072820177892,0.005212813094586493,573.8229639954013,63.63647672352759
2020-08-10,0.1568072820177892,0.05212813094586494,573.9797712774191,63.68860485447346
2020-08-11,0.09306581597371816,0.03127687856751896,574.0728370933929,63.71988173304098
2020-08-12,0.10982471661948184,0.03127687856751896,574.1826618100124,63.751158611608496
2020-08-13,0.3998470953705192,0.03996490039182979,574.582508905383,63.791123512000325
2020-08-14,0.1568072820177892,0.05212813094586494,574.7393161874007,63.84325164294619
2020-08-16,0.005226909400592974,0.0017376043648621646,574.7445430968013,63.844989247311055
2020-08-17,0.08885745981008056,0.0295392742026568,574.8334005566114,63.87452852151371
2020-08-18,0.08363055040948758,0.027801669837794633,574.9170311070209,63.9023301913515
2020-08-19,0.17248801021956814,0.05734094404045143,575.0895191172405,63.95967113539196
2020-08-20,0.09953585598111786,0.03301448293238113,575.1890549732216,63.99268561832434
2020-08-21,0.10976509741245245,0.03648969166210546,575.2988200706341,64.02917530998644
2020-08-23,0.010453818801185948,0.003475208729724329,575.3092738894353,64.03265051871617
2020-08-24,0.07463565138652245,0.024326461108070303,575.3839095408218,64.05697697982424
2020-08-25,0.20907637602371895,0.06950417459448659,575.5929859168456,64.12648115441873
2020-08-26,0.14428654713917782,0.04691531785127844,575.7372724639847,64.17339647227
2020-08-27,0.18816873842134707,0.06255375713503793,575.9254412024061,64.23595022940503
2020-08-28,0.07317673160830163,0.024326461108070303,575.9986179340144,64.26027669051311
2020-08-29,0.02613454700296487,0.008688021824310823,576.0247524810173,64.26896471233742
2020-08-31,0.13067273501482435,0.04344010912155411,576.1554252160322,64.31240482145897
2020-09-01,0.13589964441541733,0.04517771348641628,576.2913248604476,64.35758253494538
2020-09-02,0.1202189162136384,0.03996490039182979,576.4115437766612,64.3975474353372
2020-09-03,0.23554183627898945,0.03822729602696762,576.6470856129403,64.43577473136418
2020-09-04,0.14635346321660325,0.04865292221614061,576.7934390761569,64.48442765358031
2020-09-05,0.005226909400592974,0.0017376043648621646,576.7986659855575,64.48616525794517
2020-09-06,0.020907637602371895,0.006950417459448658,576.8195736231598,64.49311567540462
2020-09-08,0.11876611303873766,0.03996490039182979,576.9383397361986,64.53308057579645
2020-09-09,0.1202189162136384,0.03996490039182979,577.0585586524122,64.57304547618827
2020-09-10,0.16203419141838218,0.0538657353107271,577.2205928438306,64.62691121149899
2020-09-11,0.15158037261719623,0.05039052658100277,577.3721732164478,64.67730173807999
2020-09-12,0.005226909400592974,0.0017376043648621646,577.3774001258483,64.67903934244485
2020-09-14,0.1202189162136384,0.03996490039182979,577.497619042062,64.71900424283668
2020-09-15,0.1829418290207541,0.06081615277017576,577.6805608710827,64.77982039560685
2020-09-16,0.1568072820177892,0.05212813094586494,577.8373681531004,64.83194852655271
2020-09-17,0.11499200681304542,0.03822729602696762,577.9523601599135,64.87017582257968
2020-09-18,0.06794982220770866,0.02258885674320814,578.0203099821213,64.8927646793229
2020-09-20,0.010453818801185948,0.003475208729724329,578.0307638009225,64.89623988805262
2020-09-21,0.13067273501482435,0.04344010912155411,578.1614365359374,64.93967999717417
2020-09-22,0.13067273501482435,0.04344010912155411,578.2921092709522,64.98312010629571
2020-09-23,0.12233054669633588,0.03996490039182979,578.4144398176486,65.02308500668754
2020-09-24,0.15267622975459158,0.04344010912155411,578.5671160474031,65.06652511580909
2020-09-25,0.10976509741245245,0.03648969166210546,578.6768811448156,65.1030148074712
2020-09-26,0.005226909400592974,0.0017376043648621646,578.6821080542162,65.10475241183606
2020-09-28,0.17248801021956814,0.05734094404045143,578.8545960644358,65.16209335587651
2020-09-29,0.0784036410088946,0.02606406547293247,578.9329997054447,65.18815742134944
2020-09-30,0.16203419141838218,0.0538657353107271,579.095033896863,65.24202315666017
2020-10-01,0.15158037261719623,0.05647214185802035,579.2466142694802,65.29849529851819
2020-10-02,0.16726110081897516,0.05560333967558927,579.4138753702993,65.35409863819378
2020-10-03,0.02613454700296487,0.008688021824310823,579.4400099173022,65.36278666001809
2020-10-05,0.11499200681304542,0.03822729602696762,579.5550019241152,65.40101395604506
2020-10-06,0.0784036410088946,0.02606406547293247,579.6334055651241,65.427078021518
2020-10-07,0.07654033504451113,0.024326461108070303,579.7099459001686,65.45140448262607
2020-10-08,0.18297163862426877,0.0590785484053136,579.8929175387929,65.51048303103138
2020-10-09,0.17771491962016112,0.0590785484053136,580.070632458413,65.5695615794367
2020-10-12,0.1764717890133544,0.0590785484053136,580.2471042474264,65.628640127842
2020-10-13,0.22319946476655012,0.07471698768907307,580.470303712193,65.70335711553108
2020-10-14,0.7287344285712268,0.07992980078365958,581.1990381407642,65.78328691631474
2020-10-15,0.1411265538160103,0.04691531785127844,581.3401646945802,65.83020223416601
2020-10-16,0.08207291095053983,0.027801669837794633,581.4222376055307,65.85800390400381
2020-10-17,0.005226909400592974,0.0017376043648621646,581.4274645149312,65.85974150836867
2020-10-19,2.3211227407099817,0.05560333967558927,583.7485872556412,65.91534484804426
2020-10-20,0.13589964441541733,0.04517771348641628,583.8844869000566,65.96052256153067
2020-10-21,0.13067273501482435,0.04344010912155411,584.0151596350714,66.00396267065221
2020-10-22,0.21440465126075728,0.06950417459448659,584.2295642863322,66.0734668452467
2020-10-23,0.23471604853821793,0.06602896586476226,584.4642803348704,66.13949581111146
2020-10-24,0.02613454700296487,0.008688021824310823,584.4904148818733,66.14818383293577
2020-10-25,0.020907637602371895,0.006950417459448658,584.5113225194757,66.15513425039522
2020-10-26,0.2770261982314276,0.09209303133769473,584.7883487177071,66.24722728173292
2020-10-27,0.8245949521556474,0.09904344879714339,585.6129436698627,66.34627073053007
2020-10-28,0.30567480536453834,0.0538657353107271,585.9186184752273,66.40013646584079
2020-10-29,0.10375911694651281,0.0295392742026568,586.0223775921738,66.42967574004345
2020-10-30,0.17771491962016112,0.0590785484053136,586.200092511794,66.48875428844876
2020-10-31,0.005226909400592974,0.0017376043648621646,586.2053194211945,66.49049189281362
2020-11-01,0.005226909400592974,0.0017376043648621646,586.2105463305951,66.49222949717849
2020-11-02,0.1568072820177892,0.05212813094586494,586.3673536126129,66.54435762812435
2020-11-03,0.06794982220770866,0.02258885674320814,586.4353034348206,66.56694648486756
2020-11-04,0.029294540326132407,0.008688021824310823,586.4645979751467,66.57563450669187
2020-11-05,0.02613454700296487,0.008688021824310823,586.4907325221496,66.58432252851618
2020-11-06,0.17600257790480534,0.05560333967558927,586.6667351000544,66.63992586819177
2020-11-07,0.1411265538160103,0.04691531785127844,586.8078616538704,66.68684118604304
2020-11-08,0.010453818801185948,0.003475208729724329,586.8183154726717,66.69031639477276
2020-11-09,0.198622557222533,0.06602896586476226,587.0169380298942,66.75634536063752
2020-11-10,0.39249515870070817,0.07645459205393525,587.4094331885949,66.83279995269146
2020-11-11,0.0784036410088946,0.02606406547293247,587.4878368296038,66.8588640181644
2020-11-12,0.16203419141838218,0.0538657353107271,587.6498710210221,66.91272975347512
2020-11-13,0.5777101659612986,0.05039052658100277,588.2275811869835,66.96312028005612
2020-11-14,0.010453818801185948,0.003475208729724329,588.2380350057847,66.96659548878584
2020-11-15,0.010453818801185948,0.003475208729724329,588.2484888245859,66.97007069751557
2020-11-16,0.1411265538160103,0.04691531785127844,588.3896153784019,67.01698601536684
2020-11-17,0.6430985919783254,0.07297938332421092,589.0327139703802,67.08996539869105
2020-11-18,0.18816873842134707,0.06255375713503793,589.2208827088016,67.15251915582608
2020-11-19,0.23209564410878833,0.0886178226079704,589.4529783529103,67.24113697843406
2020-11-20,0.1568072820177892,0.05212813094586494,589.6097856349281,67.29326510937992
2020-11-22,0.005226909400592974,0.0017376043648621646,589.6150125443287,67.29500271374478
2020-11-23,0.49240262938226853,0.03996490039182979,590.1074151737109,67.3349676141366
2020-11-24,0.15418587224486846,0.04344010912155411,590.2616010459558,67.37840772325815
2020-11-25,0.44388578571509596,0.07297938332421092,590.7054868316709,67.45138710658236
2020-11-26,0.005226909400592974,0.0017376043648621646,590.7107137410715,67.45312471094722
2020-11-27,0.046457845207481425,0.01563843928375948,590.7571715862789,67.46876315023098
2020-11-28,0.010453818801185948,0.003475208729724329,590.7676254050801,67.47223835896071
2020-11-29,0.01568072820177892,0.005212813094586493,590.7833061332819,67.4774511720553
2020-11-30,0.13067273501482435,0.04344010912155411,590.9139788682968,67.52089128117684
2020-12-01,0.20907637602371895,0.06950417459448659,591.1230552443205,67.59039545577133
2020-12-02,0.169492472387477,0.05734094404045143,591.292547716708,67.64773639981178
2020-12-03,0.16726110081897516,0.05560333967558927,591.459808817527,67.70333973948736
2020-12-04,0.13589964441541733,0.04517771348641628,591.5957084619424,67.74851745297377
2020-12-05,0.020907637602371895,0.013032032736466234,591.6166160995448,67.76154948571023
2020-12-07,0.26501473997129393,0.0886178226079704,591.8816308395161,67.8501673083182
2020-12-08,0.23013306164366432,0.06081615277017576,592.1117639011597,67.91098346108838
2020-12-09,0.14635346321660325,0.04865292221614061,592.2581173643764,67.95963638330451
2020-12-10,0.2404378324272768,0.07992980078365958,592.4985551968036,68.03956618408817
2020-12-11,0.8068220527127437,0.05039052658100277,593.3053772495164,68.08995671066917
2020-12-12,0.020907637602371895,0.006950417459448658,593.3262848871187,68.09690712812862
2020-12-13,0.03136145640355784,0.010425626189172987,593.3576463435223,68.1073327543178
2020-12-14,0.2352109230266838,0.0781921964187974,593.592857266549,68.18552495073659
2020-12-15,0.17248801021956814,0.05734094404045143,593.7653452767686,68.24286589477704
2020-12-16,0.19459018854121696,0.06429136149990008,593.9599354653099,68.30715725627694
2020-12-17,0.29292899044433,0.03996490039182979,594.2528644557542,68.34712215666876
2020-12-18,0.26772507588301314,0.0781921964187974,594.5205895316373,68.42531435308756
2020-12-20,0.01568072820177892,0.005212813094586493,594.5362702598391,68.43052716618215
2020-12-21,0.14215669319247884,0.04691531785127844,594.6784269530316,68.47744248403342
2020-12-22,0.16726110081897516,0.05560333967558927,594.8456880538506,68.533045823709
2020-12-23,0.13589964441541733,0.04517771348641628,594.981587698266,68.57822353719541
2020-12-24,0.09061008362843705,0.01563843928375948,595.0721977818945,68.59386197647918
2020-12-27,0.020907637602371895,0.006950417459448658,595.0931054194969,68.60081239393863
2020-12-28,0.16520908954330707,0.05212813094586494,595.2583145090401,68.65294052488449
2020-12-29,0.18816873842134707,0.06255375713503793,595.4464832474615,68.71549428201952
2020-12-30,0.22658359385659546,0.04170250475669195,595.6730668413181,68.7571967867762
2020-12-31,0.11695522521637769,0.03475208729724329,595.7900220665346,68.79194887407346
2021-01-04,0.05645366618722217,0.017376043648621647,595.8464757327217,68.80932491772208
2021-01-05,0.06959641740655162,0.020851252378345973,595.9160721501282,68.83017617010043
2021-01-06,0.08119582030764355,0.024326461108070303,595.9972679704359,68.8545026312085
2021-01-07,0.10439462610982742,0.03127687856751896,596.1016625965458,68.88577950977603
2021-01-08,0.10439462610982742,0.03127687856751896,596.2060572226557,68.91705638834355
2021-01-11,0.11019432756037338,0.03301448293238113,596.3162515502161,68.95007087127594
2021-01-12,0.1449925362636492,0.04344010912155411,596.4612440864797,68.99351098039749
2021-01-13,0.09279522320873548,0.027801669837794633,596.5540393096885,69.02131265023529
2021-01-14,0.13676400925277715,0.01911364801348381,596.6908033189413,69.04042629824878
2021-01-15,0.06379671595600564,0.01911364801348381,596.7546000348973,69.05953994626226
2021-01-16,0.005799701450545968,0.0017376043648621646,596.7603997363478,69.06127755062712
2021-01-17,0.011599402901091935,0.003475208729724329,596.7719991392489,69.06475275935685
2021-01-18,0.011599402901091935,0.003475208729724329,596.78359854215,69.06822796808657
2021-01-19,0.12759343191201128,0.03822729602696762,596.911191974062,69.10645526411355
2021-01-20,0.04639761160436774,0.013900834918897317,596.9575895856664,69.12035609903245
2021-01-21,0.06959641740655162,0.020851252378345973,597.0271860030729,69.1412073514108
2021-01-22,0.08119582030764355,0.024326461108070303,597.1083818233806,69.16553381251887
2021-01-23,0.005799701450545968,0.0017376043648621646,597.1141815248311,69.16727141688374
2021-01-25,0.06959641740655162,0.020851252378345973,597.1837779422376,69.18812266926209
2021-01-26,0.11019432756037338,0.03301448293238113,597.293972269798,69.22113715219447
2021-01-27,0.11599402901091935,0.03475208729724329,597.409966298809,69.25588923949172
2021-01-28,0.15659193916474112,0.04691531785127844,597.5665582379737,69.302804557343
2021-01-29,0.06379671595600564,0.01911364801348381,597.6303549539297,69.32191820535648
2021-02-01,0.18181881939188885,0.0538657353107271,597.8121737733215,69.3757839406672
2021-02-02,0.2702813639855351,0.04517771348641628,598.0824551373071,69.42096165415361
2021-02-03,0.1454317722320576,0.0295392742026568,598.2278869095392,69.45050092835628
2021-02-04,0.08699552175818952,0.02606406547293247,598.3148824312974,69.47656499382921
2021-02-05,0.08119582030764355,0.024326461108070303,598.3960782516051,69.50089145493729
2021-02-08,0.30825509675274376,0.05039052658100277,598.7043333483579,69.55128198151829
2021-02-09,0.09279522320873548,0.027801669837794633,598.7971285715666,69.57908365135609
2021-02-10,0.08119582030764355,0.024326461108070303,598.8783243918743,69.60341011246416
2021-02-11,0.09279522320873548,0.027801669837794633,598.9711196150831,69.63121178230196
2021-02-12,0.11599402901091935,0.03475208729724329,599.0871136440941,69.66596386959921
2021-02-13,0.005799701450545968,0.0017376043648621646,599.0929133455446,69.66770147396407
2021-02-15,0.017399104351637905,0.005212813094586493,599.1103124498962,69.67291428705866
2021-02-16,0.1449925362636492,0.04344010912155411,599.2553049861599,69.71635439618021
2021-02-17,0.12179373046146533,0.03648969166210546,599.3770987166214,69.75284408784232
2021-02-18,0.08119582030764355,0.024326461108070303,599.4582945369291,69.7771705489504
2021-02-19,0.15184184015472027,0.04517771348641628,599.6101363770838,69.8223482624368
2021-02-22,0.12759343191201128,0.03822729602696762,599.7377298089958,69.86057555846378
2021-02-23,0.06379671595600564,0.01911364801348381,599.8015265249518,69.87968920647727
2021-02-24,0.0964644931503807,0.0295392742026568,599.8979910181022,69.90922848067993
2021-02-25,0.11019432756037338,0.03301448293238113,600.0081853456626,69.94224296361232
2021-02-26,0.06240013843543395,0.01911364801348381,600.070585484098,69.9613566116258
2021-03-01,0.12759343191201128,0.03822729602696762,600.1981789160101,69.99958390765278
2021-03-02,0.07378745753389879,0.02258885674320814,600.2719663735439,70.02217276439599
2021-03-03,0.2464472852474544,0.04691531785127844,600.5184136587914,70.06908808224726
2021-03-04,0.05219731305491371,0.01563843928375948,600.5706109718462,70.08472652153102
2021-03-05,0.12557403468743283,0.03301448293238113,600.6961850065337,70.11774100446341
2021-03-08,0.12179373046146533,0.03648969166210546,600.8179787369952,70.15423069612552
2021-03-09,0.20298955076910888,0.06081615277017576,601.0209682877643,70.2150468488957
2021-03-10,0.11599402901091935,0.03475208729724329,601.1369623167752,70.24979893619295
2021-03-11,0.347173699695278,0.02258885674320814,601.4841360164705,70.27238779293616
2021-03-12,1.5663029013173713,0.03127687856751896,603.0504389177879,70.30366467150368
2021-03-14,0.005799701450545968,0.0017376043648621646,603.0562386192385,70.30540227586854
2021-03-15,0.13919283481310324,0.04170250475669195,603.1954314540516,70.34710478062523
2021-03-16,0.11019432756037338,0.03301448293238113,603.305625781612,70.38011926355762
2021-03-17,0.07438799471434805,0.02258885674320814,603.3800137763263,70.40270812030083
2021-03-18,0.11019432756037338,0.03301448293238113,603.4902081038867,70.43572260323322
2021-03-19,0.12179373046146533,0.03648969166210546,603.6120018343482,70.47221229489533
2021-03-22,0.179790744966925,0.0538657353107271,603.7917925793151,70.52607803020605
2021-03-23,0.09859492465928145,0.0295392742026568,603.8903875039745,70.55561730440871
2021-03-24,0.13339313336255726,0.03996490039182979,604.023780637337,70.59558220480054
2021-03-25,0.05219731305491371,0.01563843928375948,604.0759779503919,70.6112206440843
2021-03-26,0.07539611885709759,0.02258885674320814,604.151374069249,70.63380950082751
2021-03-27,0.011599402901091935,0.003475208729724329,604.16297347215,70.63728470955724
2021-03-29,0.1518820419817338,0.04170250475669195,604.3148555141318,70.67898721431392
2021-03-30,0.09859492465928145,0.0295392742026568,604.4134504387911,70.70852648851658
2021-03-31,0.10817324029573366,0.03301448293238113,604.5216236790868,70.74154097144897
2021-04-01,0.11019432756037338,0.03301448293238113,604.6318180066472,70.77455545438136
2021-04-02,0.07539611885709759,0.02258885674320814,604.7072141255043,70.79714431112457
2021-04-05,0.12759343191201128,0.03822729602696762,604.8348075574163,70.83537160715154
2021-04-06,0.14702061068861305,0.04344010912155411,604.9818281681049,70.87881171627309
2021-04-07,0.11599402901091935,0.03475208729724329,605.0978221971159,70.91356380357034
2021-04-08,0.07914214546873972,0.02258885674320814,605.1769643425846,70.93615266031355
2021-04-09,0.040597910153821776,0.012163230554035152,605.2175622527384,70.94831589086759
2021-04-10,0.005799701450545968,0.0017376043648621646,605.2233619541889,70.95005349523245
2021-04-12,0.4707010555130896,0.02606406547293247,605.6940630097021,70.97611756070539
2021-04-13,0.08699552175818952,0.02606406547293247,605.7810585314603,71.00218162617833
2021-04-14,0.15617383362860815,0.04691531785127844,605.9372323650889,71.0490969440296
2021-04-15,0.057997014505459674,0.017376043648621647,605.9952293795943,71.06647298767822
2021-04-16,0.11019432756037338,0.03301448293238113,606.1054237071547,71.09948747061061
2021-04-19,1.612700512921739,0.04517771348641628,607.7181242200764,71.14466518409702
2021-04-20,0.6295358919809882,0.03648969166210546,608.3476601120574,71.18115487575913
2021-04-21,0.09859492465928145,0.0295392742026568,608.4462550367167,71.2106941499618
2021-04-22,0.08004386078318153,0.024326461108070303,608.5262988974999,71.23502061106987
2021-04-23,0.08699552175818952,0.03214568074995004,608.6132944192582,71.26716629181982
2021-04-26,0.18559044641747097,0.05560333967558927,608.7988848656756,71.3227696314954
2021-04-27,0.08699552175818952,0.02606406547293247,608.8858803874339,71.34883369696834
2021-04-28,0.1256139385156687,0.02258885674320814,609.0114943259496,71.37142255371155
2021-04-29,0.07539611885709759,0.02258885674320814,609.0868904448066,71.39401141045477
2021-04-30,0.08119582030764355,0.024326461108070303,609.1680862651143,71.41833787156284
2021-05-02,0.02813106955261339,0.0017376043648621646,609.1962173346669,71.4200754759277
2021-05-03,1.065467506196916,0.027801669837794633,610.2616848408638,71.4478771457655
2021-05-04,0.04639761160436774,0.013900834918897317,610.3080824524682,71.4617779806844
2021-05-05,0.05219731305491371,0.01563843928375948,610.360279765523,71.47741641996816
2021-05-06,0.07539611885709759,0.02258885674320814,610.4356758843801,71.50000527671138
2021-05-07,0.11019432756037338,0.03301448293238113,610.5458702119405,71.53301975964376
2021-05-10,0.05219731305491371,0.01563843928375948,610.5980675249954,71.54865819892753
2021-05-11,0.08119582030764355,0.024326461108070303,610.6792633453031,71.5729846600356
2021-05-12,0.20551553838667747,0.04865292221614061,610.8847788836897,71.62163758225174
2021-05-13,0.04639761160436774,0.013900834918897317,610.931176495294,71.63553841717064
2021-05-14,0.20457467071590507,0.024326461108070303,611.13575116601,71.65986487827871
2021-05-15,0.011599402901091935,0.003475208729724329,611.1473505689111,71.66334008700844
2021-05-16,0.02096601720934623,0.003475208729724329,611.1683165861205,71.66681529573816
2021-05-17,0.12333256889420981,0.03648969166210546,611.2916491550146,71.70330498740027
2021-05-18,0.12179373046146533,0.03648969166210546,611.4134428854761,71.73979467906238
2021-05-19,0.07539611885709759,0.02258885674320814,611.4888390043332,71.7623835358056
2021-05-20,0.07539611885709759,0.02258885674320814,611.5642351231902,71.78497239254881
2021-05-21,0.09859492465928145,0.0295392742026568,611.6628300478495,71.81451166675147
2021-05-22,0.011599402901091935,0.003475208729724329,611.6744294507506,71.8179868754812
2021-05-24,0.1419547632263961,0.04170250475669195,611.816384213977,71.85968938023788
2021-05-25,0.09859492465928145,0.0295392742026568,611.9149791386363,71.88922865444054
2021-05-26,0.1459397816202374,0.04517771348641628,612.0609189202565,71.93440636792695
2021-05-27,0.11599402901091935,0.03475208729724329,612.1769129492675,71.9691584552242
2021-05-28,0.05057544235992499,0.01563843928375948,612.2274883916274,71.98479689450797
2021-05-30,0.017399104351637905,0.005212813094586493,612.244887495979,71.99000970760255
2021-06-01,0.1301194195295799,0.02606406547293247,612.3750069155086,72.01607377307549
2021-06-02,0.13339313336255726,0.03996490039182979,612.5084000488712,72.05603867346731
2021-06-03,1.01770728943348,0.05039052658100277,613.5261073383047,72.10642920004831
2021-06-04,0.20895754473298378,0.024326461108070303,613.7350648830377,72.13075566115639
2021-06-06,0.011599402901091935,0.003475208729724329,613.7466642859388,72.13423086988611
2021-06-07,0.13126270185365652,0.03996490039182979,613.8779269877924,72.17419577027793
2021-06-08,0.10439462610982742,0.03127687856751896,613.9823216139023,72.20547264884546
2021-06-09,0.10439462610982742,0.03127687856751896,614.0867162400122,72.23674952741298
2021-06-10,0.39348186558872117,0.0295392742026568,614.4801981056008,72.26628880161564
2021-06-11,0.07539611885709759,0.02258885674320814,614.5555942244579,72.28887765835886
2021-06-13,0.005799701450545968,0.0017376043648621646,614.5613939259084,72.29061526272372
2021-06-14,0.19139014786801695,0.05734094404045143,614.7527840737764,72.34795620676417
2021-06-15,0.12179373046146533,0.03648969166210546,614.8745778042379,72.38444589842628
2021-06-16,0.19139014786801695,0.05734094404045143,615.0659679521059,72.44178684246673
2021-06-17,0.07539611885709759,0.02258885674320814,615.1413640709629,72.46437569920994
2021-06-18,0.06379671595600564,0.01911364801348381,615.2051607869189,72.48348934722343
2021-06-21,0.16819134206583305,0.05039052658100277,615.3733521289847,72.53387987380442
2021-06-22,0.12179373046146533,0.03648969166210546,615.4951458594462,72.57036956546654
2021-06-23,0.08119582030764355,0.024326461108070303,615.5763416797539,72.59469602657461
2021-06-24,0.0910710488105914,0.02606406547293247,615.6674127285645,72.62076009204755
2021-06-25,0.1449925362636492,0.04344010912155411,615.8124052648282,72.6642002011691
2021-06-27,0.017399104351637905,0.005212813094586493,615.8298043691798,72.66941301426368
2021-06-28,0.13339313336255726,0.03996490039182979,615.9631975025424,72.7093779146555
2021-06-29,0.09859492465928145,0.0295392742026568,616.0617924272017,72.73891718885817
2021-06-30,0.20804152600424605,0.03475208729724329,616.2698339532059,72.77366927615542
2021-07-01,0.36271123000165123,0.12380431099642922,616.6325451832075,72.89747358715185
2021-07-02,0.05219731305491371,0.058644147314098054,616.6847424962624,72.95611773446595
2021-07-06,0.19139014786801695,0.21502854015169287,616.8761326441304,73.17114627461764
2021-07-07,0.13919283481310324,0.1563843928375948,617.0153254789435,73.32753066745524
2021-07-08,0.18559044641747097,0.20851252378345975,617.200915925361,73.53604319123869
2021-07-09,0.08119582030764355,0.09122422915526364,617.2821117456687,73.62726742039395
2021-07-12,0.1449925362636492,0.16290040920582793,617.4271042819323,73.79016782959978
2021-07-13,0.1697165129856654,0.16290040920582793,617.596820794918,73.95306823880561
2021-07-14,0.13919283481310324,0.1563843928375948,617.7360136297311,74.10945263164321
2021-07-15,0.5530327081753689,0.0781921964187974,618.2890463379065,74.187644828062
2021-07-16,0.12759343191201128,0.14335236010112856,618.4166397698185,74.33099718816314
2021-07-18,0.005799701450545968,0.006516016368233117,618.4224394712691,74.33751320453138
2021-07-19,0.057997014505459674,0.06516016368233117,618.4804364857745,74.40267336821371
2021-07-20,0.12759343191201128,0.14335236010112856,618.6080299176865,74.54602572831485
2021-07-21,0.13339313336255726,0.14986837646936169,618.7414230510491,74.6958941047842
2021-07-22,0.11828173641436558,0.05212813094586494,618.8597047874634,74.74802223573006
2021-07-23,0.12179373046146533,0.13683634373289547,618.9814985179249,74.88485857946296
2021-07-24,0.08119582030764355,0.09122422915526364,619.0626943382326,74.97608280861822
2021-07-25,0.0036692699416452246,0.006516016368233117,619.0663636081742,74.98259882498645
2021-07-26,0.2319880580218387,0.2619438580029713,619.298351666196,75.24454268298942
2021-07-27,0.2011748677124042,0.221544556519926,619.4995265339085,75.46608723950935
2021-07-28,0.16026120910638636,0.18244845831052728,619.6597877430148,75.64853569781988
2021-07-29,0.22082481781676883,0.1954804910469935,619.8806125608315,75.84401618886687
2021-07-30,0.13339313336255726,0.14986837646936169,620.0140056941941,75.99388456533623
2021-07-31,0.005799701450545968,0.006516016368233117,620.0198053956447,76.00040058170447
2021-08-02,0.15659193916474112,0.17593244194229415,620.1763973348094,76.17633302364676
2021-08-03,0.12179373046146533,0.13683634373289547,620.2981910652709,76.31316936737966
2021-08-04,0.11599402901091935,0.13032032736466234,620.4141850942818,76.44348969474431
2021-08-05,0.057997014505459674,0.06516016368233117,620.4721821087873,76.50864985842665
2021-08-06,0.09859492465928145,0.110772278259963,620.5707770334466,76.61942213668661
2021-08-07,0.010752065335399153,0.013032032736466234,620.581529098782,76.63245416942307
2021-08-09,0.25518686382402256,0.2867047202022571,620.836715962606,76.91915888962532
2021-08-10,0.09279522320873548,0.10425626189172987,620.9295111858148,77.02341515151706
2021-08-11,0.17399104351637903,0.1954804910469935,621.1035022293312,77.21889564256405
2021-08-12,0.08119582030764355,0.09122422915526364,621.1846980496389,77.31011987171931
2021-08-13,0.11599402901091935,0.13032032736466234,621.3006920786498,77.44044019908397
2021-08-15,0.005799701450545968,0.006516016368233117,621.3064917801004,77.4469562154522
2021-08-16,0.09859492465928145,0.110772278259963,621.4050867047597,77.55772849371216
2021-08-17,0.1730837019880267,0.1954804910469935,621.5781704067477,77.75320898475915
2021-08-18,0.20221059792584956,0.110772278259963,621.7803810046736,77.86398126301911
2021-08-19,0.1623916406152871,0.18244845831052728,621.9427726452889,78.04642972132964
2021-08-20,0.1971898493185629,0.221544556519926,622.1399624946074,78.26797427784958
2021-08-21,0.005799701450545968,0.006516016368233117,622.145762196058,78.27449029421781
2021-08-23,0.06959641740655162,0.0781921964187974,622.2153586134644,78.35268249063661
2021-08-24,0.179790744966925,0.20199650741522662,622.3951493584314,78.55467899805184
2021-08-25,0.31701603690263047,0.18244845831052728,622.712165395334,78.73712745636237
2021-08-26,0.132801540286401,0.1563843928375948,622.8449669356204,78.89351184919997
2021-08-27,0.44357074003329483,0.1563843928375948,623.2885376756537,79.04989624203756
2021-08-28,0.017399104351637905,0.01954804910469935,623.3059367800054,79.06944429114226
2021-08-30,0.10439462610982742,0.11728829462819611,623.4103314061152,79.18673258577046
2021-08-31,0.13919283481310324,0.1563843928375948,623.5495242409283,79.34311697860805
2021-09-01,0.2383065719562218,0.24760862199285844,623.7878308128845,79.5907256006009
2021-09-02,0.30143312788749693,0.24109260562462534,624.0892639407721,79.83181820622553
2021-09-03,0.15079223771419517,0.16941642557406106,624.2400561784863,80.00123463179959
2021-09-06,0.017399104351637905,0.01954804910469935,624.2574552828379,80.02078268090429
2021-09-07,0.2841853710767524,0.31928480204342274,624.5416406539147,80.34006748294772
2021-09-08,0.15659193916474112,0.17593244194229415,624.6982325930794,80.51599992489001
2021-09-09,0.16819134206583305,0.1889644746787604,624.8664239351452,80.70496439956877
2021-09-10,0.1662743019251915,0.16941642557406106,625.0326982370705,80.87438082514282
2021-09-11,0.011599402901091935,0.013032032736466234,625.0442976399715,80.88741285787928
2021-09-13,0.17399104351637903,0.1954804910469935,625.2182886834879,81.08289334892628
2021-09-14,0.20878925221965483,0.23457658925639222,625.4270779357075,81.31746993818267
2021-09-15,0.12759343191201128,0.14335236010112856,625.5546713676196,81.4608222982838
2021-09-16,0.15079223771419517,0.16941642557406106,625.7054636053338,81.63023872385786
2021-09-17,0.11019432756037338,0.12380431099642922,625.8156579328942,81.75404303485429
2021-09-19,0.005799701450545968,0.006516016368233117,625.8214576343447,81.76055905122253
2021-09-20,0.3305829826811202,0.3714129329892877,626.1520406170258,82.13197198421182
2021-09-21,0.17674074102986645,0.1954804910469935,626.3287813580557,82.32745247525881
2021-09-22,0.15214193305516532,0.16941642557406106,626.4809232911109,82.49686890083287
2021-09-23,0.2145889536702008,0.24109260562462534,626.6955122447811,82.7379615064575
2021-09-24,0.1623916406152871,0.18244845831052728,626.8579038853964,82.92040996476803
2021-09-25,0.011599402901091935,0.013032032736466234,626.8695032882974,82.93344199750449
2021-09-26,0.005799701450545968,0.006516016368233117,626.875302989748,82.93995801387273
2021-09-27,0.16819134206583305,0.1889644746787604,627.0434943318138,83.12892248855148
2021-09-28,0.179790744966925,0.20199650741522662,627.2232850767807,83.33091899596671
2021-09-29,0.2667862667251145,0.29973675293872337,627.4900713435059,83.63065574890544
2021-09-30,0.13339313336255726,0.14986837646936169,627.6234644768684,83.7805241253748
2021-10-01,0.15079223771419517,0.16941642557406106,627.7742567145826,83.94994055094885
2021-10-02,0.017399104351637905,0.01954804910469935,627.7916558189343,83.96948860005355
2021-10-04,0.16819134206583305,0.1889644746787604,627.9598471610001,84.15845307473231
2021-10-05,0.15659193916474112,0.17593244194229415,628.1164391001648,84.3343855166746
2021-10-06,0.13919283481310324,0.1563843928375948,628.2556319349779,84.4907699095122
2021-10-07,0.5389461098245214,0.2671566710975578,628.7945780448025,84.75792658060975
2021-10-08,0.1718606120074783,0.1954804910469935,628.9664386568099,84.95340707165674
2021-10-09,0.011599402901091935,0.013032032736466234,628.978038059711,84.9664391043932
2021-10-10,0.004952363884853185,0.006516016368233117,628.9829904235959,84.97295512076144
2021-10-11,0.17399104351637903,0.1954804910469935,629.1569814671122,85.16843561180843
2021-10-12,0.09859492465928145,0.110772278259963,629.2555763917716,85.27920789006839
2021-10-13,0.12759343191201128,0.14335236010112856,629.3831698236836,85.42256025016952
2021-10-14,0.2841853710767524,0.31928480204342274,629.6673551947604,85.74184505221295
2021-10-15,0.13339313336255726,0.14986837646936169,629.800748328123,85.89171342868231
2021-10-16,0.02319880580218387,0.02606406547293247,629.8239471339251,85.91777749415525
2021-10-17,0.005799701450545968,0.006516016368233117,629.8297468353757,85.92429351052348
2021-10-18,0.18559044641747097,0.20851252378345975,630.0153372817931,86.13280603430694
2021-10-19,0.09279522320873548,0.10425626189172987,630.1081325050019,86.23706229619867
2021-10-20,0.19139014786801695,0.21502854015169287,630.2995226528699,86.45209083635037
2021-10-21,0.1623916406152871,0.18244845831052728,630.4619142934852,86.6345392946609
2021-10-22,0.2319880580218387,0.2606406547293247,630.693902351507,86.89517994939023
2021-10-24,0.005799701450545968,0.006516016368233117,630.6997020529575,86.90169596575846
2021-10-25,0.1971898493185629,0.221544556519926,630.896891902276,87.1232405222784
2021-10-26,0.15079223771419517,0.16941642557406106,631.0476841399902,87.29265694785245
2021-10-27,0.1623916406152871,0.18244845831052728,631.2100757806055,87.47510540616298
2021-10-28,0.23814341175281664,0.24109260562462534,631.4482191923584,87.71619801178761
2021-10-29,0.22038865512074676,0.24760862199285844,631.668607847479,87.96380663378046
2021-10-30,0.08561629863838857,0.006516016368233117,631.7542241461174,87.9703226501487
2021-10-31,0.005799701450545968,0.006516016368233117,631.7600238475679,87.97683866651694
2021-11-01,0.16449084549633733,0.18244845831052728,631.9245146930642,88.15928712482747
2021-11-02,0.22038865512074676,0.24760862199285844,632.1449033481849,88.40689574682033
2021-11-03,0.19516068966005157,0.221544556519926,632.340064037845,88.62844030334026
2021-11-04,0.19139014786801695,0.21502854015169287,632.531454185713,88.84346884349195
2021-11-05,0.19341822229298078,0.21502854015169287,632.7248724080059,89.05849738364364
2021-11-06,0.005799701450545968,0.006516016368233117,632.7306721094565,89.06501340001188
2021-11-08,0.16819134206583305,0.1889644746787604,632.8988634515223,89.25397787469063
2021-11-09,0.19139014786801695,0.21502854015169287,633.0902535993903,89.46900641484233
2021-11-10,1.0243543284497187,0.1954804910469935,634.11460792784,89.66448690588932
2021-11-11,0.06379671595600564,0.07167618005056428,634.178404643796,89.73616308593988
2021-11-12,0.11019432756037338,0.12380431099642922,634.2885989713564,89.85996739693631
2021-11-13,0.005799701450545968,0.006516016368233117,634.2943986728069,89.86648341330455
2021-11-14,0.005799701450545968,0.006516016368233117,634.3001983742574,89.87299942967279
2021-11-15,0.16819134206583305,0.1889644746787604,634.4683897163233,90.06196390435154
2021-11-16,0.18559044641747097,0.20851252378345975,634.6539801627407,90.270476428135
2021-11-17,0.23778775947238467,0.2671566710975578,634.8917679222131,90.53763309923255
2021-11-18,0.24358746092293065,0.27367268746579093,635.1353553831361,90.81130578669834
2021-11-19,0.17399104351637903,0.1954804910469935,635.3093464266525,91.00678627774533
2021-11-20,0.005799701450545968,0.006516016368233117,635.315146128103,91.01330229411357
2021-11-22,0.13339313336255726,0.14986837646936169,635.4485392614656,91.16317067058293
2021-11-23,0.1449925362636492,0.16290040920582793,635.5935317977293,91.32607107978876
2021-11-24,0.15659193916474112,0.17593244194229415,635.750123736894,91.50200352173106
2021-11-25,0.005799701450545968,0.006516016368233117,635.7559234383446,91.50851953809929
2021-11-26,0.06379671595600564,0.07167618005056428,635.8197201543005,91.58019571814985
2021-11-27,0.005799701450545968,0.006516016368233117,635.825519855751,91.58671173451809
2021-11-28,0.005799701450545968,0.006516016368233117,635.8313195572016,91.59322775088633
2021-11-29,0.18559044641747097,0.20851252378345975,636.016910003619,91.80174027466978
2021-11-30,0.16819134206583305,0.1889644746787604,636.1851013456849,91.99070474934854
2021-12-01,0.22038865512074676,0.24760862199285844,636.4054900008056,92.23831337134139
2021-12-02,0.09279522320873548,0.10425626189172987,636.4982852240144,92.34256963323313
2021-12-03,0.12179373046146533,0.13683634373289547,636.6200789544758,92.47940597696602
2021-12-06,0.20298955076910888,0.2280605728881591,636.8230685052449,92.70746654985417
2021-12-07,0.1449925362636492,0.16290040920582793,636.9680610415086,92.87036695906001
2021-12-08,0.12759343191201128,0.14335236010112856,637.0956544734206,93.01371931916114
2021-12-09,0.13919283481310324,0.1563843928375948,637.2348473082337,93.17010371199873
2021-12-10,0.08699552175818952,0.09774024552349675,637.321842829992,93.26784395752223
2021-12-11,0.005799701450545968,0.006516016368233117,637.3276425314425,93.27435997389047
2021-12-13,0.23778775947238467,0.2671566710975578,637.565430290915,93.54151664498802
2021-12-14,0.1449925362636492,0.16290040920582793,637.7104228271786,93.70441705419385
2021-12-15,0.19139014786801695,0.21502854015169287,637.9018129750466,93.91944559434555
2021-12-16,0.24358746092293065,0.27367268746579093,638.1454004359696,94.19311828181134
2021-12-17,0.1971898493185629,0.221544556519926,638.3425902852881,94.41466283833127
2021-12-20,0.30738417687893627,0.3453488675163552,638.649974462167,94.76001170584762
2021-12-21,0.1971898493185629,0.221544556519926,638.8471643114856,94.98155626236755
2021-12-22,0.13919283481310324,0.1563843928375948,638.9863571462987,95.13794065520514
2021-12-23,0.20298955076910888,0.2280605728881591,639.1893466970678,95.3660012280933
2021-12-25,0.005799701450545968,0.006516016368233117,639.1951463985183,95.37251724446153
2021-12-27,0.26098656527456854,0.29322073657049025,639.4561329637929,95.66573798103202
2021-12-28,0.13919283481310324,0.1563843928375948,639.595325798606,95.82212237386962
2021-12-29,0.24089215308023113,0.2671566710975578,639.8362179516863,96.08927904496717
2021-12-30,0.26098656527456854,0.29322073657049025,640.0972045169609,96.38249978153766
2021-12-31,0.12759343191201128,0.14335236010112856,640.224797948873,96.5258521416388
2022-01-03,0.028763428878051,0.05212813094586494,640.253561377751,96.57798027258465
2022-01-04,0.053931429146345626,0.09774024552349675,640.3074928068974,96.67572051810815
2022-01-05,0.086290286634153,0.1563843928375948,640.3937830935315,96.83210491094574
2022-01-06,0.05033600053658925,0.09122422915526364,640.4441190940681,96.923329140101
2022-01-07,0.08269485802439663,0.14986837646936169,640.5268139520925,97.07319751657036
2022-01-10,0.08269485802439663,0.14986837646936169,640.609508810117,97.22306589303972
2022-01-11,0.11864914412196037,0.21502854015169287,640.7281579542389,97.43809443319141
2022-01-12,0.053931429146345626,0.09904344879714339,640.7820893833853,97.53713788198856
2022-01-13,0.061122286365858376,0.110772278259963,640.8432116697511,97.64791016024851
2022-01-14,0.05033600053658925,0.09122422915526364,640.8935476702877,97.73913438940377
2022-01-15,0.003595428609756375,0.006516016368233117,640.8971430988975,97.74565040577201
2022-01-17,0.02157257165853825,0.0390960982093987,640.918715670556,97.78474650398141
2022-01-18,0.1006720010731785,0.18244845831052728,641.0193876716293,97.96719496229194
2022-01-19,0.09707657246342213,0.17593244194229415,641.1164642440926,98.14312740423424
2022-01-20,0.09707657246342213,0.17593244194229415,641.213540816556,98.31905984617653
2022-01-21,0.08276869935628547,0.14986837646936169,641.2963095159123,98.46892822264589
2022-01-23,0.003595428609756375,0.006516016368233117,641.299904944522,98.47544423901412
2022-01-24,0.115053715512204,0.20851252378345975,641.4149586600342,98.68395676279758
2022-01-25,0.12448863162215443,0.21502854015169287,641.5394472916564,98.89898530294927
2022-01-26,0.07909942941464025,0.14335236010112856,641.6185467210711,99.0423376630504
2022-01-27,0.08988571524390937,0.16290040920582793,641.708432436315,99.20523807225624
2022-01-28,0.06471771497561475,0.11728829462819611,641.7731501512906,99.32252636688443
2022-01-31,0.12513380068414667,0.1889644746787604,641.8982839519747,99.51149084156319
2022-02-01,0.08269485802439663,0.14986837646936169,641.9809788099991,99.66135921803254
2022-02-02,0.053931429146345626,0.09774024552349675,642.0349102391455,99.75909946355604
2022-02-03,0.046740571926832876,0.08470821278703053,642.0816508110723,99.84380767634308
2022-02-04,0.12224457273171675,0.221544556519926,642.203895383804,100.065352232863
2022-02-06,0.003595428609756375,0.006516016368233117,642.2074908124138,100.07186824923124
2022-02-07,0.10153962780244327,0.18244845831052728,642.3090304402162,100.25431670754178
2022-02-08,0.057526857756102,0.10425626189172987,642.3665572979723,100.35857296943351
2022-02-09,0.0431451433170765,0.0781921964187974,642.4097024412895,100.43676516585231
2022-02-10,0.03945739381397795,0.058644147314098054,642.4491598351035,100.4954093131664
2022-02-11,0.053931429146345626,0.09774024552349675,642.5030912642499,100.5931495586899
2022-02-14,0.05033600053658925,0.09122422915526364,642.5534272647865,100.68437378784516
2022-02-15,1.5432119774629736,0.14335236010112856,644.0966392422495,100.8277261479463
2022-02-16,0.03595428609756375,0.06516016368233117,644.132593528347,100.89288631162863
2022-02-17,0.07550400080488387,0.13683634373289547,644.2080975291519,101.02972265536152
2022-02-18,0.017977143048781875,0.032580081841165585,644.2260746722008,101.06230273720269
2022-02-21,0.0143817144390255,0.02606406547293247,644.2404563866398,101.08836680267562
2022-02-22,0.1006720010731785,0.18244845831052728,644.3411283877131,101.27081526098615
2022-02-23,0.09348114385366575,0.16941642557406106,644.4346095315667,101.44023168656021
2022-02-24,0.0431451433170765,0.0781921964187974,644.4777546748838,101.51842388297901
2022-02-25,0.0719085721951275,0.13032032736466234,644.549663247079,101.64874421034366
2022-02-26,0.003595428609756375,0.006516016368233117,644.5532586756888,101.6552602267119
2022-02-28,0.11145828690244763,0.20199650741522662,644.6647169625912,101.85725673412713
2022-03-01,0.0472551815847751,0.0781921964187974,644.711972144176,101.93544893054593
2022-03-02,0.039549714707320126,0.07167618005056428,644.7515218588833,102.00712511059649
2022-03-03,0.046740571926832876,0.08470821278703053,644.7982624308102,102.09183332338353
2022-03-04,0.051007899566029996,0.08470821278703053,644.8492703303762,102.17654153617056
2022-03-05,0.010543035632327278,0.006516016368233117,644.8598133660084,102.1830575525388
2022-03-06,0.003595428609756375,0.006516016368233117,644.8634087946182,102.18957356890704
2022-03-07,0.10786285829269125,0.1954804910469935,644.9712716529109,102.38505405995403
2022-03-08,0.046740571926832876,0.08470821278703053,645.0180122248378,102.46976227274106
2022-03-09,0.05033600053658925,0.09122422915526364,645.0683482253744,102.56098650189632
2022-03-10,0.06831314358537113,0.12380431099642922,645.1366613689597,102.68479081289276
2022-03-11,0.05033600053658925,0.09122422915526364,645.1869973694963,102.77601504204802
2022-03-14,0.06831314358537113,0.12380431099642922,645.2553105130817,102.89981935304445
2022-03-15,0.039549714707320126,0.07167618005056428,645.294860227789,102.97149553309501
2022-03-16,0.12728610602054913,0.12380431099642922,645.4221463338095,103.09529984409144
2022-03-17,0.06831314358537113,0.12380431099642922,645.4904594773948,103.21910415508788
2022-03-18,0.039549714707320126,0.07167618005056428,645.530009192102,103.29078033513844
2022-03-21,0.046740571926832876,0.08470821278703053,645.5767497640289,103.37548854792547
2022-03-22,0.1746481305611938,0.13683634373289547,645.7513978945901,103.51232489165837
2022-03-23,0.0431451433170765,0.0781921964187974,645.7945430379073,103.59051708807716
2022-03-24,0.07909942941464025,0.14335236010112856,645.8736424673219,103.7338694481783
2022-03-25,0.07909942941464025,0.14335236010112856,645.9527418967366,103.87722180827943
2022-03-26,0.003595428609756375,0.006516016368233117,645.9563373253463,103.88373782464767
2022-03-27,0.003595428609756375,0.006516016368233117,645.9599327539561,103.8902538410159
2022-03-28,0.1463693783448027,0.14986837646936169,646.1063021323009,104.04012221748526
2022-03-29,0.08269485802439663,0.14986837646936169,646.1889969903253,104.18999059395462
2022-03-30,0.053931429146345626,0.09774024552349675,646.2429284194717,104.28773083947812
2022-03-31,0.0939231019667634,0.16290040920582793,646.3368515214385,104.45063124868395
2022-04-01,0.03595428609756375,0.06516016368233117,646.372805807536,104.51579141236628
2022-04-03,0.00719085721951275,0.013032032736466234,646.3799966647555,104.52882344510274
2022-04-04,0.086290286634153,0.1563843928375948,646.4662869513896,104.68520783794034
2022-04-05,0.057526857756102,0.10425626189172987,646.5238138091457,104.78946409983207
2022-04-06,0.05033600053658925,0.09122422915526364,646.5741498096824,104.88068832898733
2022-04-07,0.11949199782774551,0.20199650741522662,646.6936418075101,105.08268483640256
2022-04-08,0.08137727889147733,0.14335236010112856,646.7750190864016,105.2260371965037
2022-04-09,0.003595428609756375,0.006516016368233117,646.7786145150113,105.23255321287193
2022-04-11,0.09348114385366575,0.16941642557406106,646.872095658865,105.40196963844599
2022-04-12,0.09348114385366575,0.16941642557406106,646.9655768027186,105.57138606402005
2022-04-13,0.4540211403342703,0.12380431099642922,647.4195979430528,105.69519037501648
2022-04-14,0.09707657246342213,0.17593244194229415,647.5166745155162,105.87112281695877
2022-04-15,0.028763428878051,0.05212813094586494,647.5454379443943,105.92325094790463
2022-04-18,0.046740571926832876,0.08470821278703053,647.5921785163212,106.00795916069167
2022-04-19,0.09348114385366575,0.16941642557406106,647.6856596601748,106.17737558626573
2022-04-20,0.0431451433170765,0.0781921964187974,647.7288048034919,106.25556778268452
2022-04-21,0.0719085721951275,0.13032032736466234,647.8007133756871,106.38588811004918
2022-04-22,0.05608452344516677,0.09774024552349675,647.8567978991323,106.48362835557268
2022-04-25,0.06831314358537113,0.12380431099642922,647.9251110427176,106.60743266656911
2022-04-26,0.06502345416781558,0.11728829462819611,647.9901344968854,106.7247209611973
2022-04-27,0.05033600053658925,0.09122422915526364,648.040470497422,106.81594519035256
2022-04-28,0.08091325005029945,0.09774024552349675,648.1213837474724,106.91368543587606
2022-04-29,0.06471771497561475,0.11728829462819611,648.1861014624479,107.03097373050426
2022-05-02,0.40553159334624145,0.16420361247947454,648.5916330557942,107.19517734298373
2022-05-03,0.05033600053658925,0.09122422915526364,648.6419690563308,107.28640157213898
2022-05-04,0.053931429146345626,0.09774024552349675,648.6959004854772,107.38414181766248
2022-05-05,0.1294354299512295,0.23457658925639222,648.8253359154285,107.61871840691887
2022-05-06,0.05033600053658925,0.09122422915526364,648.8756719159651,107.70994263607413
2022-05-09,0.08988571524390937,0.16290040920582793,648.965557631209,107.87284304527996
2022-05-10,0.0719085721951275,0.13032032736466234,649.0374662034042,108.00316337264462
2022-05-11,0.025168000268294625,0.04561211457763182,649.0626342036725,108.04877548722226
2022-05-13,0.08988571524390937,0.16290040920582793,649.1525199189164,108.21167589642809
2022-05-16,0.198966304916119,0.3127687856751896,649.3514862238325,108.52444468210328
2022-05-17,0.10513787388818277,0.12380431099642922,649.4566240977207,108.64824899309971
2022-05-18,0.06831314358537113,0.12380431099642922,649.524937241306,108.77205330409615
2022-05-19,0.039549714707320126,0.07167618005056428,649.5644869560133,108.8437294841467
2022-05-20,0.08269485802439663,0.14986837646936169,649.6471818140377,108.99359786061606
2022-05-21,0.00719085721951275,0.013032032736466234,649.6543726712572,109.00662989335252
2022-05-23,0.11145828690244763,0.20199650741522662,649.7658309581597,109.20862640076776
2022-05-24,0.12224457273171675,0.221544556519926,649.8880755308913,109.43017095728769
2022-05-25,0.046740571926832876,0.08470821278703053,649.9348161028182,109.51487917007472
2022-05-26,0.13081532125667453,0.09774024552349675,650.0656314240749,109.61261941559822
2022-05-27,0.032358857487807376,0.058644147314098054,650.0979902815627,109.67126356291232
2022-05-30,0.010786285829269125,0.01954804910469935,650.1087765673919,109.69081161201701
2022-05-31,0.07550400080488387,0.13683634373289547,650.1842805681969,109.82764795574991
2022-06-01,0.07539483457274641,0.13032032736466234,650.2596754027696,109.95796828311457
2022-06-02,0.07550400080488387,0.13683634373289547,650.3351794035746,110.09480462684746
2022-06-03,0.21932114519513887,0.3974769984622201,650.5545005487697,110.49228162530969
2022-06-05,0.003595428609756375,0.006516016368233117,650.5580959773795,110.49879764167792
2022-06-06,0.0719085721951275,0.13032032736466234,650.6300045495747,110.62911796904258
2022-06-07,0.053931429146345626,0.09774024552349675,650.683935978721,110.72685821456608
2022-06-08,0.061122286365858376,0.110772278259963,650.7450582650869,110.83763049282604
2022-06-09,0.07550400080488387,0.13683634373289547,650.8205622658918,110.97446683655893
2022-06-10,0.0719085721951275,0.13032032736466234,650.892470838087,111.10478716392359
2022-06-13,0.07550400080488387,0.13683634373289547,650.9679748388919,111.24162350765648
2022-06-14,0.05747000647219573,0.09122422915526364,651.0254448453641,111.33284773681174
2022-06-15,0.0719085721951275,0.13032032736466234,651.0973534175592,111.4631680641764
2022-06-16,0.039549714707320126,0.07167618005056428,651.1369031322665,111.53484424422696
2022-06-17,0.08269485802439663,0.14986837646936169,651.2195979902909,111.68471262069632
2022-06-18,0.00719085721951275,0.013032032736466234,651.2267888475104,111.69774465343278
2022-06-20,0.13662628717074227,0.24760862199285844,651.3634151346812,111.94535327542563
2022-06-21,0.057526857756102,0.10425626189172987,651.4209419924373,112.04960953731737
2022-06-22,0.08988571524390937,0.16290040920582793,651.5108277076812,112.2125099465232
2022-06-23,0.07909942941464025,0.14335236010112856,651.5899271370959,112.35586230662433
2022-06-24,0.061122286365858376,0.110772278259963,651.6510494234617,112.46663458488429
2022-06-27,0.09707657246342213,0.17593244194229415,651.7481259959251,112.64256702682658
2022-06-28,0.11145828690244763,0.20199650741522662,651.8595842828275,112.84456353424181
2022-06-29,0.115053715512204,0.20851252378345975,651.9746379983397,113.05307605802527
2022-06-30,0.06471771497561475,0.11728829462819611,652.0393557133153,113.17036435265346
2022-07-01,0.053931429146345626,0.09774024552349675,652.0932871424617,113.26810459817696
2022-07-05,0.06831314358537113,0.12380431099642922,652.161600286047,113.3919089091734
2022-07-06,0.10426742968293487,0.1889644746787604,652.26586771573,113.58087338385215
2022-07-07,0.09348114385366575,0.16941642557406106,652.3593488595836,113.7502898094262
2022-07-08,0.09348114385366575,0.16941642557406106,652.4528300034373,113.91970623500026
2022-07-10,0.003595428609756375,0.006516016368233117,652.456425432047,113.9262222513685
2022-07-11,0.11864914412196037,0.21502854015169287,652.575074576169,114.14125079152019
2022-07-12,0.08269485802439663,0.14986837646936169,652.6577694341934,114.29111916798955
2022-07-13,0.09348114385366575,0.16941642557406106,652.751250578047,114.4605355935636
2022-07-14,0.35328413510121864,0.25412463836109156,653.1045347131483,114.7146602319247
2022-07-15,0.09707657246342213,0.17593244194229415,653.2016112856116,114.89059267386699
2022-07-16,0.05863248748752959,0.006516016368233117,653.2602437730992,114.89710869023523
2022-07-18,0.11145828690244763,0.20199650741522662,653.3717020600017,115.09910519765046
2022-07-19,0.2484193918827721,0.1563843928375948,653.6201214518844,115.25548959048805
2022-07-20,0.09707657246342213,0.17593244194229415,653.7171980243478,115.43142203243035
2022-07-21,0.061122286365858376,0.110772278259963,653.7783203107136,115.5421943106903
2022-07-22,0.2953001184239336,0.29322073657049025,654.0736204291376,115.8354150472608
2022-07-23,0.003595428609756375,0.006516016368233117,654.0772158577473,115.84193106362903
2022-07-24,0.003595428609756375,0.006516016368233117,654.0808112863571,115.84844707999727
2022-07-25,0.12584000134147313,0.2280605728881591,654.2066512876985,116.07650765288543
2022-07-26,0.10786285829269125,0.1954804910469935,654.3145141459912,116.27198814393242
2022-07-27,0.09707657246342213,0.17593244194229415,654.4115907184546,116.44792058587471
2022-07-28,0.08269485802439663,0.14986837646936169,654.494285576479,116.59778896234407
2022-07-29,0.10654490133003075,0.16290040920582793,654.600830477809,116.7606893715499
2022-07-31,0.003595428609756375,0.006516016368233117,654.6044259064188,116.76720538791814
2022-08-01,0.8942358744534289,0.20851252378345975,655.4986617808722,116.9757179117016
2022-08-02,0.08988571524390937,0.16290040920582793,655.5885474961161,117.13861832090743
2022-08-03,0.10786285829269125,0.1954804910469935,655.6964103544088,117.33409881195442
2022-08-04,0.115053715512204,0.20851252378345975,655.811464069921,117.54261133573787
2022-08-05,0.07909942941464025,0.14335236010112856,655.8905634993357,117.685963695839
2022-08-06,0.003595428609756375,0.006516016368233117,655.8941589279455,117.69247971220724
2022-08-08,0.09348114385366575,0.16941642557406106,655.9876400717991,117.8618961377813
2022-08-09,0.10426742968293487,0.1889644746787604,656.0919075014821,118.05086061246006
2022-08-10,0.07550400080488387,0.13683634373289547,656.167411502287,118.18769695619295
2022-08-11,0.039549714707320126,0.07167618005056428,656.2069612169943,118.25937313624351
2022-08-12,0.11145828690244763,0.20199650741522662,656.3184195038967,118.46136964365874
2022-08-13,0.003595428609756375,0.006516016368233117,656.3220149325065,118.46788566002698
2022-08-15,0.08988571524390937,0.16290040920582793,656.4119006477504,118.63078606923281
2022-08-16,0.14022171578049863,0.25412463836109156,656.5521223635309,118.8849107075939
2022-08-17,0.115053715512204,0.20851252378345975,656.6671760790431,119.09342323137736
2022-08-18,0.09348114385366575,0.16941642557406106,656.7606572228967,119.26283965695141
2022-08-19,0.053931429146345626,0.09774024552349675,656.8145886520431,119.36057990247491
2022-08-20,0.0143817144390255,0.02606406547293247,656.8289703664822,119.38664396794785
2022-08-22,0.16029791554584577,0.20199650741522662,656.989268282028,119.58864047536308
2022-08-23,0.0719085721951275,0.13032032736466234,657.0611768542232,119.71896080272774
2022-08-24,0.08988571524390937,0.16290040920582793,657.1510625694671,119.88186121193357
2022-08-25,0.06831314358537113,0.12380431099642922,657.2193757130524,120.00566552293
2022-08-26,0.4084028079783259,0.16941642557406106,657.6277785210307,120.17508194850406
2022-08-27,0.003595428609756375,0.006516016368233117,657.6313739496404,120.1815979648723
2022-08-29,0.08269485802439663,0.14986837646936169,657.7140688076648,120.33146634134165
2022-08-30,0.09348114385366575,0.16941642557406106,657.8075499515185,120.50088276691571
2022-08-31,0.08988571524390937,0.16290040920582793,657.8974356667624,120.66378317612154
2022-09-01,0.13303085856098587,0.24109260562462534,658.0304665253234,120.90487578174617
2022-09-02,0.086290286634153,0.1563843928375948,658.1167568119575,121.06126017458377
2022-09-05,0.003595428609756375,0.006516016368233117,658.1203522405673,121.067776190952
2022-09-06,0.06691802054768506,0.11728829462819611,658.1872702611149,121.1850644855802
2022-09-07,0.08988571524390937,0.16290040920582793,658.2771559763588,121.34796489478603
2022-09-08,0.13303085856098587,0.24109260562462534,658.4101868349198,121.58905750041066
2022-09-09,0.13303085856098587,0.24109260562462534,658.5432176934809,121.83015010603529
2022-09-12,0.07550400080488387,0.13683634373289547,658.6187216942858,121.96698644976819
2022-09-13,0.28530278192993885,0.1889644746787604,658.9040244762157,122.15595092444694
2022-09-14,0.4345714623653904,0.24760862199285844,659.3385959385811,122.4035595464398
2022-09-15,0.061122286365858376,0.110772278259963,659.3997182249469,122.51433182469975
2022-09-16,0.10426742968293487,0.1889644746787604,659.5039856546299,122.70329629937851
2022-09-17,0.003595428609756375,0.006516016368233117,659.5075810832396,122.70981231574675
2022-09-19,0.2875892711399545,0.16290040920582793,659.7951703543796,122.87271272495258
2022-09-20,0.0431451433170765,0.0781921964187974,659.8383154976967,122.95090492137138
2022-09-21,0.07909942941464025,0.14335236010112856,659.9174149271114,123.09425728147251
2022-09-22,0.07909942941464025,0.14335236010112856,659.9965143565261,123.23760964157364
2022-09-23,0.14389098572214384,0.2606406547293247,660.1404053422482,123.49825029630297
2022-09-24,0.00719085721951275,0.013032032736466234,660.1475961994677,123.51128232903943
2022-09-25,0.003595428609756375,0.006516016368233117,660.1511916280774,123.51779834540767
2022-09-26,0.0942748959481054,0.16941642557406106,660.2454665240256,123.68721477098173
2022-09-27,0.272552213591909,0.16941642557406106,660.5180187376175,123.85663119655578
2022-09-28,0.09707657246342213,0.17593244194229415,660.6150953100808,124.03256363849808
2022-09-29,0.1294354299512295,0.23457658925639222,660.7445307400321,124.26714022775447
2022-09-30,0.05033600053658925,0.09122422915526364,660.7948667405688,124.35836445690973
2022-10-01,0.003595428609756375,0.006516016368233117,660.7984621691785,124.36488047327796
2022-10-02,0.003595428609756375,0.006516016368233117,660.8020575977882,124.3713964896462
2022-10-03,0.1006720010731785,0.18244845831052728,660.9027295988615,124.55384494795673
2022-10-04,0.11863696951997554,0.14335236010112856,661.0213665683815,124.69719730805787
2022-10-05,0.13662628717074227,0.24760862199285844,661.1579928555523,124.94480593005072
2022-10-06,0.0719085721951275,0.13032032736466234,661.2299014277474,125.07512625741538
2022-10-07,0.13662628717074227,0.24760862199285844,661.3665277149182,125.32273487940823
2022-10-10,0.1006720010731785,0.18244845831052728,661.4671997159915,125.50518333771876
2022-10-11,0.06831314358537113,0.12380431099642922,661.5355128595768,125.6289876487152
2022-10-12,0.12224457273171675,0.221544556519926,661.6577574323085,125.85053220523513
2022-10-13,0.09348114385366575,0.16941642557406106,661.7512385761621,126.01994863080918
2022-10-14,0.09348114385366575,0.16941642557406106,661.8447197200157,126.18936505638324
2022-10-17,0.115053715512204,0.20851252378345975,661.959773435528,126.39787758016669
2022-10-18,0.10426742968293487,0.1889644746787604,662.0640408652109,126.58684205484545
2022-10-19,0.10786285829269125,0.1954804910469935,662.1719037235036,126.78232254589244
2022-10-20,0.09707657246342213,0.17593244194229415,662.268980295967,126.95825498783474
2022-10-21,0.29996182657068016,0.1954804910469935,662.5689421225377,127.15373547888173
2022-10-22,0.06471771497561475,0.11728829462819611,662.6336598375133,127.27102377350992
2022-10-23,0.017977143048781875,0.032580081841165585,662.6516369805621,127.30360385535108
2022-10-24,0.115053715512204,0.20851252378345975,662.7666906960743,127.51211637913454
2022-10-25,0.10786285829269125,0.1954804910469935,662.874553554367,127.70759687018153
2022-10-26,0.22936870886043143,0.20199650741522662,663.1039222632274,127.90959337759676
2022-10-27,0.13412560219689143,0.21502854015169287,663.2380478654244,128.12462191774847
2022-10-28,0.12584000134147313,0.2280605728881591,663.3638878667658,128.35268249063662
2022-10-30,0.003595428609756375,0.006516016368233117,663.3674832953756,128.35919850700486
2022-10-31,0.06471771497561475,0.11728829462819611,663.4322010103512,128.47648680163306
2022-11-01,0.10426742968293487,0.1889644746787604,663.5364684400341,128.6654512763118
2022-11-02,0.12958923956235213,0.18244845831052728,663.6660576795965,128.84789973462233
2022-11-03,0.06471771497561475,0.11728829462819611,663.7307753945721,128.96518802925053
2022-11-04,0.061122286365858376,0.110772278259963,663.791897680938,129.07596030751048
2022-11-07,0.15439590574745649,0.2280605728881591,663.9462935866854,129.30402088039864
2022-11-08,0.10786285829269125,0.1954804910469935,664.0541564449782,129.49950137144563
2022-11-09,0.1006720010731785,0.18244845831052728,664.1548284460514,129.68194982975615
2022-11-10,0.1764098796772276,0.23457658925639222,664.3312383257286,129.91652641901254
2022-11-11,0.06471771497561475,0.11728829462819611,664.3959560407042,130.03381471364074
2022-11-12,0.003595428609756375,0.006516016368233117,664.3995514693139,130.04033073000898
2022-11-13,0.003595428609756375,0.006516016368233117,664.4031468979236,130.0468467463772
2022-11-14,0.10786285829269125,0.1954804910469935,664.5110097562164,130.2423272374242
2022-11-15,0.09707657246342213,0.17593244194229415,664.6080863286797,130.4182596793665
2022-11-16,0.11526625524788704,0.20851252378345975,664.7233525839276,130.62677220314998
2022-11-17,0.16538971604879327,0.29973675293872337,664.8887422999765,130.9265089560887
2022-11-18,0.10202893634827531,0.18244845831052728,664.9907712363247,131.1089574143992
2022-11-21,0.15100800160976774,0.27367268746579093,665.1417792379344,131.382630101865
2022-11-22,0.14741257300001137,0.2671566710975578,665.2891918109344,131.64978677296256
2022-11-23,0.11864914412196037,0.21502854015169287,665.4078409550564,131.86481531311426
2022-11-25,0.00719085721951275,0.013032032736466234,665.4150318122759,131.87784734585074
2022-11-27,0.00719085721951275,0.013032032736466234,665.4222226694953,131.89087937858721
2022-11-28,0.053931429146345626,0.09774024552349675,665.4761540986417,131.98861962411073
2022-11-29,0.10786285829269125,0.1954804910469935,665.5840169569344,132.18410011515772
2022-11-30,0.09707657246342213,0.17593244194229415,665.6810935293978,132.36003255710003
2022-12-01,0.10426742968293487,0.1889644746787604,665.7853609590808,132.54899703177878
2022-12-02,0.19415314492684427,0.3518648838845883,665.9795141040076,132.90086191566337
2022-12-05,0.15460343021952414,0.28018870383402406,666.1341175342271,133.1810506194974
2022-12-06,0.08636412796604186,0.1563843928375948,666.2204816621932,133.337435012335
2022-12-07,0.11864914412196037,0.21502854015169287,666.3391308063151,133.5524635524867
2022-12-08,0.12584000134147313,0.2280605728881591,666.4649708076565,133.78052412537485
2022-12-09,0.30570806981397797,0.2280605728881591,666.7706788774705,134.008584698263
2022-12-10,0.003595428609756375,0.006516016368233117,666.7742743060802,134.01510071463125
2022-12-12,0.15100800160976774,0.27367268746579093,666.9252823076899,134.28877340209704
2022-12-13,0.0719085721951275,0.13032032736466234,666.9971908798851,134.4190937294617
2022-12-14,0.08269485802439663,0.14986837646936169,667.0798857379095,134.56896210593106
2022-12-15,0.2647234810499088,0.21502854015169287,667.3446092189595,134.78399064608277
2022-12-16,0.08269485802439663,0.14986837646936169,667.4273040769839,134.93385902255213
2022-12-18,0.025168000268294625,0.04561211457763182,667.4524720772522,134.97947113712976
2022-12-19,0.07550400080488387,0.13683634373289547,667.5279760780571,135.11630748086267
2022-12-20,0.08269485802439663,0.14986837646936169,667.6106709360815,135.26617585733203
2022-12-21,0.053931429146345626,0.09774024552349675,667.6646023652279,135.36391610285554
2022-12-22,0.17906522983049228,0.2867047202022571,667.8436675950584,135.6506208230578
2022-12-23,0.1294354299512295,0.23457658925639222,667.9731030250097,135.8851974123142
2022-12-24,0.0143817144390255,0.02606406547293247,667.9874847394487,135.91126147778712
2022-12-26,0.0143817144390255,0.02606406547293247,668.0018664538878,135.93732554326004
2022-12-27,0.07550400080488387,0.13683634373289547,668.0773704546928,136.07416188699295
2022-12-28,0.046740571926832876,0.08470821278703053,668.1241110266196,136.15887009978
2022-12-29,0.08269485802439663,0.14986837646936169,668.206805884644,136.30873847624935
2022-12-30,0.12584000134147313,0.2280605728881591,668.3326458859855,136.5367990491375
2022-12-31,0.039549714707320126,0.07167618005056428,668.3721956006927,136.60847522918806
2023-01-01,0.004853078752088079,0.006516016368233117,668.3770486794448,136.6149912455563
2023-01-02,0.014559236256264235,0.01954804910469935,668.391607915701,136.634539294661
2023-01-03,0.11162081129802581,0.14986837646936169,668.503228726999,136.78440767113037
2023-01-04,0.05823694502505694,0.0781921964187974,668.5614656720242,136.86259986754916
2023-01-05,0.06309002377714502,0.08470821278703053,668.6245556958013,136.9473080803362
2023-01-06,0.12407216944457622,0.09774024552349675,668.7486278652459,137.0450483258597
2023-01-09,0.32692392904465123,0.14986837646936169,669.0755517942905,137.19491670232907
2023-01-10,0.0922084962896735,0.12380431099642922,669.1677602905802,137.3187210133255
2023-01-11,0.0922084962896735,0.12380431099642922,669.2599687868699,137.44252532432193
2023-01-12,0.08449674927123947,0.10425626189172987,669.3444655361411,137.54678158621365
2023-01-13,0.07279618128132118,0.09774024552349675,669.4172617174224,137.64452183173717
2023-01-14,0.004853078752088079,0.006516016368233117,669.4221147961745,137.6510378481054
2023-01-16,0.05823694502505694,0.0781921964187974,669.4803517411996,137.7292300445242
2023-01-17,0.10191465379384965,0.13683634373289547,669.5822663949934,137.8660663882571
2023-01-18,0.06794310252923311,0.09122422915526364,669.6502094975227,137.95729061741238
2023-01-19,0.0922084962896735,0.12380431099642922,669.7424179938124,138.08109492840882
2023-01-20,0.06794310252923311,0.09122422915526364,669.8103610963417,138.1723191575641
2023-01-21,0.019412315008352315,0.02606406547293247,669.8297734113501,138.198383223037
2023-01-23,0.12618004755429005,0.16941642557406106,669.9559534589043,138.36779964861108
2023-01-24,0.184416992579347,0.24760862199285844,670.1403704514837,138.61540827060395
2023-01-25,0.19897622883561122,0.2671566710975578,670.3393466803193,138.8825649417015
2023-01-26,0.08735541753758541,0.11728829462819611,670.4267020978568,138.9998532363297
2023-01-27,0.0922084962896735,0.12380431099642922,670.5189105941465,139.12365754732613
2023-01-28,0.004853078752088079,0.006516016368233117,670.5237636728986,139.13017356369437
2023-01-30,0.1601515988189066,0.21502854015169287,670.6839152717174,139.34520210384608
2023-01-31,0.13103312630637812,0.17593244194229415,670.8149483980238,139.52113454578839
2023-02-01,1.6375657329811726,0.23457658925639222,672.452514131005,139.75571113504478
2023-02-02,0.16985775632308275,0.2280605728881591,672.6223718873281,139.98377170793293
2023-02-03,0.32400637504228774,0.2280605728881591,672.9463782623703,140.21183228082108
2023-02-04,0.019412315008352315,0.02606406547293247,672.9657905773787,140.237896346294
2023-02-05,0.04853078752088079,0.06516016368233117,673.0143213648996,140.30305650997633
2023-02-06,0.18182813796271002,0.23457658925639222,673.1961495028623,140.53763309923272
2023-02-07,0.184416992579347,0.24760862199285844,673.3805664954417,140.7852417212256
2023-02-08,0.16500467757099468,0.221544556519926,673.5455711730127,141.0067862777455
2023-02-09,0.11647389005011388,0.1563843928375948,673.6620450630628,141.1631706705831
2023-02-10,0.13526793065468062,0.14986837646936169,673.7973129937175,141.31303904705246
2023-02-11,0.004853078752088079,0.006516016368233117,673.8021660724695,141.3195550634207
2023-02-13,0.14073928381055428,0.1889644746787604,673.9429053562801,141.50851953809945
2023-02-14,0.11162081129802581,0.14986837646936169,674.0545261675782,141.6583879145688
2023-02-15,3.0567429221183815,0.17593244194229415,677.1112690896965,141.8343203565111
2023-02-16,0.16500467757099468,0.221544556519926,677.2762737672675,142.05586491303103
2023-02-17,0.19412315008352315,0.2606406547293247,677.4703969173511,142.31650556776034
2023-02-18,0.004853078752088079,0.006516016368233117,677.4752499961031,142.32302158412858
2023-02-20,0.04853078752088079,0.06516016368233117,677.523780783624,142.3881817478109
2023-02-21,0.18927007133143506,0.25412463836109156,677.7130508549554,142.642306386172
2023-02-22,0.14073928381055428,0.1889644746787604,677.853790138766,142.83127086085076
2023-02-23,0.11474549921652268,0.13683634373289547,677.9685356379825,142.96810720458367
2023-02-24,0.16985775632308275,0.2280605728881591,678.1383933943056,143.19616777747183
2023-02-25,0.009706157504176157,0.013032032736466234,678.1480995518098,143.2091998102083
2023-02-27,0.11162081129802581,0.14986837646936169,678.2597203631078,143.35906818667766
2023-02-28,0.18927007133143506,0.25412463836109156,678.4489904344392,143.61319282503877
2023-03-01,1.335894600656877,0.16290040920582793,679.7848850350961,143.7760932342446
2023-03-02,0.20929231165688353,0.13683634373289547,679.994177346753,143.9129295779775
2023-03-03,0.033971551264616554,0.04561211457763182,680.0281488980175,143.95854169255514
2023-03-04,0.014559236256264235,0.01954804910469935,680.0427081342738,143.97808974165986
2023-03-06,0.16500467757099468,0.221544556519926,680.2077128118448,144.19963429817977
2023-03-07,0.07764926003340926,0.10425626189172987,680.2853620718781,144.3038905600715
2023-03-08,0.43861825835776447,0.14335236010112856,680.7239803302359,144.4472429201726
2023-03-09,0.5422270467912766,0.14335236010112856,681.2662073770272,144.59059528027373
2023-03-10,0.11647389005011388,0.1563843928375948,681.3826812670773,144.74697967311133
2023-03-12,0.009706157504176157,0.013032032736466234,681.3923874245814,144.7600117058478
2023-03-13,0.08250233878549734,0.110772278259963,681.474889763367,144.87078398410776
2023-03-14,0.08735541753758541,0.11728829462819611,681.5622451809045,144.98807227873596
2023-03-15,0.09706157504176158,0.13032032736466234,681.6593067559462,145.11839260610063
2023-03-16,0.2086823863397874,0.28018870383402406,681.867989142286,145.39858130993466
2023-03-17,0.10191465379384965,0.13683634373289547,681.9699037960798,145.53541765366757
2023-03-18,0.004853078752088079,0.006516016368233117,681.9747568748319,145.5419336700358
2023-03-20,0.08250233878549734,0.110772278259963,682.0572592136174,145.65270594829576
2023-03-21,0.07279618128132118,0.09774024552349675,682.1300553948987,145.75044619381927
2023-03-22,0.05823694502505694,0.0781921964187974,682.1882923399238,145.82863839023807
2023-03-23,0.15044544131473045,0.20199650741522662,682.3387377812386,146.0306348976533
2023-03-24,0.1593606017095193,0.14986837646936169,682.4980983829481,146.18050327412266
2023-03-27,0.10191465379384965,0.13683634373289547,682.600013036742,146.31733961785557
2023-03-28,0.13588620505846621,0.18244845831052728,682.7358992418004,146.49978807616608
2023-03-29,0.1801531313788422,0.14986837646936169,682.9160523731792,146.64965645263544
2023-03-30,0.16985775632308275,0.2280605728881591,683.0859101295023,146.8777170255236
2023-03-31,0.1280731397122235,0.16290040920582793,683.2139832692145,147.04061743472943
2023-04-03,0.20071005879168835,0.24760862199285844,683.4146933280063,147.2882260567223
2023-04-04,0.43419532037010533,0.1563843928375948,683.8488886483764,147.4446104495599
2023-04-05,0.11647389005011388,0.1563843928375948,683.9653625384265,147.60099484239748
2023-04-06,0.11162081129802581,0.14986837646936169,684.0769833497245,147.75086321886684
2023-04-07,0.10676773254593773,0.14335236010112856,684.1837510822704,147.89421557896796
2023-04-10,0.13955547500011142,0.1889644746787604,684.3233065572705,148.08318005364671
2023-04-11,0.12421417260993624,0.13683634373289547,684.4475207298805,148.22001639737962
2023-04-12,0.09706157504176158,0.13032032736466234,684.5445823049222,148.3503367247443
2023-04-13,0.17956391382725892,0.24109260562462534,684.7241462187494,148.59142933036892
2023-04-14,0.11647389005011388,0.1563843928375948,684.8406201087995,148.74781372320652
2023-04-15,0.043677708768792706,0.058644147314098054,684.8842978175683,148.80645787052063
2023-04-16,0.03882463001670463,0.05212813094586494,684.923122447585,148.8585860014665
2023-04-17,0.0922084962896735,0.12380431099642922,685.0153309438747,148.98239031246294
2023-04-18,0.08735541753758541,0.11728829462819611,685.1026863614122,149.09967860709114
2023-04-19,0.13103312630637812,0.17593244194229415,685.2337194877186,149.27561104903344
2023-04-20,0.1144149579399703,0.11728829462819611,685.3481344456586,149.39289934366164
2023-04-21,0.1411613297807633,0.17593244194229415,685.4892957754394,149.56883178560395
2023-04-23,0.004853078752088079,0.006516016368233117,685.4941488541914,149.57534780197219
2023-04-24,0.17471083507517082,0.23457658925639222,685.6688596892666,149.80992439122858
2023-04-25,0.16500467757099468,0.221544556519926,685.8338643668376,150.0314689477485
2023-04-26,0.08250233878549734,0.110772278259963,685.9163667056231,150.14224122600845
2023-04-27,0.12387059357891986,0.14986837646936169,686.040237299202,150.2921096024778
2023-04-28,0.1567032588912083,0.20851252378345975,686.1969405580932,150.50062212626128
2023-05-01,0.12618004755429005,0.16941642557406106,686.3231206056474,150.67003855183535
2023-05-02,1.5494083952885314,0.10425626189172987,687.872529000936,150.77429481372707
2023-05-03,0.07289546641408629,0.09774024552349675,687.9454244673501,150.87203505925058
2023-05-04,0.18914873113089126,0.10425626189172987,688.134573198481,150.9762913211423
2023-05-05,0.17072137290249292,0.11728829462819611,688.3052945713835,151.0935796157705
2023-05-07,0.009706157504176157,0.013032032736466234,688.3150007288876,151.10661164850697
2023-05-08,0.15529852006681852,0.20851252378345975,688.4702992489545,151.31512417229044
2023-05-09,0.12618004755429005,0.16941642557406106,688.5964792965087,151.4845405978645
2023-05-10,0.13103312630637812,0.17593244194229415,688.7275124228152,151.66047303980682
2023-05-11,1.7055088355104058,0.32580081841165587,690.4330212583255,151.98627385821848
2023-05-12,0.11296174478889089,0.13683634373289547,690.5459830031144,152.1231102019514
2023-05-13,0.004853078752088079,0.006516016368233117,690.5508360818665,152.12962621831963
2023-05-14,0.014559236256264235,0.01954804910469935,690.5653953181227,152.14917426742434
2023-05-15,0.13588620505846621,0.18244845831052728,690.7012815231811,152.33162272573486
2023-05-16,0.09706157504176158,0.13032032736466234,690.7983430982229,152.46194305309953
2023-05-17,0.11162081129802581,0.14986837646936169,690.9099639095209,152.6118114295689
2023-05-18,0.12499623874384719,0.16941642557406106,691.0349601482648,152.78122785514296
2023-05-19,0.06794310252923311,0.09122422915526364,691.102903250794,152.87245208429823
2023-05-21,0.009706157504176157,0.013032032736466234,691.1126094082982,152.8854841170347
2023-05-22,0.12132696880220196,0.16290040920582793,691.2339363771005,153.04838452624054
2023-05-23,0.09706157504176158,0.13032032736466234,691.3309979521422,153.1787048536052
2023-05-24,0.2330425847182135,0.23457658925639222,691.5640405368604,153.4132814428616
2023-05-25,0.10191465379384965,0.13683634373289547,691.6659551906542,153.5501177865945
2023-05-26,0.10191465379384965,0.13683634373289547,691.7678698444481,153.68695413032742
2023-05-27,0.033971551264616554,0.04561211457763182,691.8018413957127,153.73256624490506
2023-05-28,0.004853078752088079,0.006516016368233117,691.8066944744647,153.7390822612733
2023-05-29,0.004853078752088079,0.006516016368233117,691.8115475532168,153.74559827764153
2023-05-30,0.12132696880220196,0.16290040920582793,691.932874522019,153.90849868684737
2023-05-31,0.1874523900920271,0.1563843928375948,692.1203269121111,154.06488307968496
2023-06-01,0.09706157504176158,0.13032032736466234,692.2173884871528,154.19520340704963
2023-06-02,0.16500467757099468,0.221544556519926,692.3823931647238,154.41674796356955
2023-06-03,0.019412315008352315,0.02606406547293247,692.4018054797322,154.44281202904247
2023-06-04,0.004853078752088079,0.006516016368233117,692.4066585584842,154.4493280454107
2023-06-05,0.15054472644749556,0.20199650741522662,692.5572032849317,154.65132455282594
2023-06-06,0.12618004755429005,0.16941642557406106,692.683383332486,154.8207409784
2023-06-07,0.4686452421078443,0.18244845831052728,693.1520285745938,155.00318943671053
2023-06-08,0.35138572865561934,0.14986837646936169,693.5034143032494,155.15305781317988
2023-06-09,0.08735541753758541,0.11728829462819611,693.590769720787,155.27034610780808
2023-06-11,0.009706157504176157,0.013032032736466234,693.6004758782911,155.28337814054456
2023-06-12,0.11647389005011388,0.1563843928375948,693.7169497683412,155.43976253338215
2023-06-13,0.11647389005011388,0.1563843928375948,693.8334236583913,155.59614692621975
2023-06-14,0.22307280894115092,0.20199650741522662,694.0564964673325,155.79814343363498
2023-06-15,0.08250233878549734,0.110772278259963,694.138998806118,155.90891571189493
2023-06-16,0.11296908332877417,0.13683634373289547,694.2519678894467,156.04575205562784
2023-06-18,0.004853078752088079,0.006516016368233117,694.2568209681988,156.05226807199608
2023-06-19,0.11162081129802581,0.14986837646936169,694.3684417794968,156.20213644846544
2023-06-20,0.07279618128132118,0.09774024552349675,694.4412379607782,156.29987669398895
2023-06-21,0.10191465379384965,0.13683634373289547,694.543152614572,156.43671303772186
2023-06-22,0.24750701635649203,0.332316834779889,694.7906596309285,156.76902987250176
2023-06-23,0.09706157504176158,0.13032032736466234,694.8877212059703,156.89935019986643
2023-06-24,0.004853078752088079,0.006516016368233117,694.8925742847223,156.90586621623467
2023-06-25,0.004853078752088079,0.006516016368233117,694.8974273634743,156.9123822326029
2023-06-26,0.10853444364076165,0.12380431099642922,695.0059618071151,157.03618654359934
2023-06-27,0.11417590379396293,0.09774024552349675,695.120137710909,157.13392678912285
2023-06-28,0.0922084962896735,0.12380431099642922,695.2123462071987,157.2577311001193
2023-06-29,0.19325083263492263,0.11728829462819611,695.4055970398337,157.37501939474748
2023-06-30,0.053383866272968865,0.07167618005056428,695.4589809061066,157.44669557479804
2023-07-03,0.12618004755429005,0.16941642557406106,695.5851609536609,157.6161120003721
2023-07-04,0.014559236256264235,0.01954804910469935,695.5997201899171,157.63566004947683
2023-07-05,0.14860634085616964,0.1889644746787604,695.7483265307733,157.82462452415558
2023-07-06,0.6567576642427101,0.1954804910469935,696.405084195016,158.02010501520257
2023-07-07,0.5766187094824816,0.1954804910469935,696.9817029044984,158.21558550624957
2023-07-08,0.014559236256264235,0.01954804910469935,696.9962621407547,158.23513355535428
2023-07-09,0.004853078752088079,0.006516016368233117,697.0011152195067,158.24164957172252
2023-07-10,0.10191465379384965,0.13683634373289547,697.1030298733006,158.37848591545543
2023-07-11,0.21857764338759378,0.221544556519926,697.3216075166881,158.60003047197534
2023-07-12,0.15529852006681852,0.20851252378345975,697.4769060367549,158.8085429957588
2023-07-13,0.13588620505846621,0.18244845831052728,697.6127922418134,158.99099145406933
2023-07-14,0.07764926003340926,0.10425626189172987,697.6904415018467,159.09524771596105
2023-07-15,0.0189040787393562,0.013032032736466234,697.7093455805862,159.10827974869753
2023-07-16,0.009706157504176157,0.013032032736466234,697.7190517380903,159.121311781434
2023-07-17,0.09706157504176158,0.13032032736466234,697.8161133131321,159.25163210879867
2023-07-18,0.1068960946300871,0.13032032736466234,697.9230094077622,159.38195243616335
2023-07-19,0.14559236256264235,0.1954804910469935,698.0686017703248,159.57743292721034
2023-07-20,0.11647389005011388,0.1563843928375948,698.1850756603749,159.73381732004793
2023-07-21,0.08099551845271262,0.08470821278703053,698.2660711788276,159.81852553283497
2023-07-22,0.009805442636941265,0.013032032736466234,698.2758766214645,159.83155756557144
2023-07-23,1.3544498444593072,0.013032032736466234,699.6303264659238,159.84458959830792
2023-07-24,0.1601515988189066,0.21502854015169287,699.7904780647426,160.05961813845963
2023-07-25,0.11162081129802581,0.14986837646936169,699.9020988760407,160.20948651492898
2023-07-26,0.35024120101528206,0.1446555633747752,700.2523400770559,160.35414207830377
2023-07-27,0.10252648336557987,0.13032032736466234,700.3548665604216,160.48446240566844
2023-07-28,0.10191465379384965,0.13683634373289547,700.4567812142154,160.62129874940135
2023-07-29,0.009706157504176157,0.013032032736466234,700.4664873717196,160.63433078213782
2023-07-30,0.004853078752088079,0.006516016368233117,700.4713404504716,160.64084679850606
2023-07-31,0.12132696880220196,0.16290040920582793,700.5926674192739,160.8037472077119
2023-08-01,0.10191465379384965,0.13683634373289547,700.6945820730677,160.9405835514448
2023-08-02,0.1683129264766052,0.13683634373289547,700.8628949995443,161.0774198951777
2023-08-03,0.0922084962896735,0.12380431099642922,700.955103495834,161.20122420617415
2023-08-04,0.1408385689433194,0.1889644746787604,701.0959420647773,161.3901886808529
2023-08-05,0.009706157504176157,0.013032032736466234,701.1056482222815,161.40322071358938
2023-08-06,0.004853078752088079,0.006516016368233117,701.1105013010335,161.40973672995761
2023-08-07,0.32569982546589515,0.24760862199285844,701.4362011264994,161.65734535195048
2023-08-08,0.13103312630637812,0.17593244194229415,701.5672342528059,161.8332777938928
2023-08-09,0.19897622883561122,0.2671566710975578,701.7662104816415,162.10043446499034
2023-08-10,0.35427474890242977,0.47566919488101755,702.1204852305439,162.57610365987136
2023-08-11,0.2564112537056124,0.332316834779889,702.3768964842495,162.90842049465127
2023-08-12,0.019412315008352315,0.02606406547293247,702.3963087992579,162.9344845601242
2023-08-13,0.004853078752088079,0.006516016368233117,702.4011618780099,162.94100057649243
2023-08-14,0.8240984261134406,0.4561211457763182,703.2252603041234,163.39712172226874
2023-08-15,0.17471083507517082,0.23457658925639222,703.3999711391986,163.63169831152513
2023-08-16,0.09706157504176158,0.13032032736466234,703.4970327142403,163.7620186388898
2023-08-17,0.2524593802413452,0.3388328511481221,703.7494920944816,164.1008514900379
2023-08-18,0.12618004755429005,0.16941642557406106,703.8756721420359,164.27026791561198
2023-08-19,0.024265393760440394,0.032580081841165585,703.8999375357963,164.30284799745314
2023-08-20,0.009706157504176157,0.013032032736466234,703.9096436933005,164.31588003018962
2023-08-21,0.15529852006681852,0.20851252378345975,704.0649422133673,164.5243925539731
2023-08-22,0.5201328648011941,0.16290040920582793,704.5850750781685,164.68729296317892
2023-08-23,0.14670296374837055,0.18244845831052728,704.7317780419169,164.86974142148944
2023-08-24,0.14559236256264235,0.1954804910469935,704.8773704044795,165.06522191253643
2023-08-25,0.27046284902187645,0.20851252378345975,705.1478332535014,165.2737344363199
2023-08-26,0.024265393760440394,0.032580081841165585,705.1720986472618,165.30631451816106
2023-08-27,0.009706157504176157,0.013032032736466234,705.181804804766,165.31934655089754
2023-08-28,0.18999939263098103,0.16290040920582793,705.371804197397,165.48224696010337
2023-08-29,0.5726131223863383,0.221544556519926,705.9444173197833,165.70379151662328
2023-08-30,0.12618004755429005,0.16941642557406106,706.0705973673375,165.87320794219735
2023-08-31,0.15044544131473045,0.20199650741522662,706.2210428086523,166.07520444961258
2023-09-01,0.30896625239582465,0.2280605728881591,706.5300090610482,166.30326502250074
2023-09-05,0.23780085885231586,0.31928480204342274,706.7678099199005,166.62254982454417
2023-09-06,0.13588620505846621,0.18244845831052728,706.903696124959,166.80499828285468
2023-09-07,0.24265393760440393,0.32580081841165587,707.1463500625633,167.13079910126635
2023-09-08,0.14559236256264235,0.1954804910469935,707.291942425126,167.32627959231334
2023-09-09,0.13323936547769732,0.02606406547293247,707.4251817906037,167.35234365778626
2023-09-11,0.17471083507517082,0.23457658925639222,707.5998926256789,167.58692024704266
2023-09-12,0.12132696880220196,0.16290040920582793,707.7212195944811,167.7498206562485
2023-09-13,0.18927007133143506,0.25412463836109156,707.9104896658125,168.0039452946096
2023-09-14,0.16500467757099468,0.221544556519926,708.0754943433835,168.2254898511295
2023-09-15,0.12132696880220196,0.16290040920582793,708.1968213121858,168.38839026033534
2023-09-16,0.024265393760440394,0.032580081841165585,708.2210867059462,168.4209703421765
2023-09-17,0.10676773254593773,0.14335236010112856,708.3278544384921,168.56432270227762
2023-09-18,0.11647389005011388,0.1563843928375948,708.4443283285422,168.72070709511522
2023-09-19,0.2180794752177945,0.16290040920582793,708.66240780376,168.88360750432105
2023-09-20,0.11316708161489501,0.14335236010112856,708.7755748853748,169.02695986442217
2023-09-21,0.07764926003340926,0.10425626189172987,708.8532241454081,169.1312161263139
2023-09-22,0.08735541753758541,0.11728829462819611,708.9405795629457,169.24850442094208
2023-09-23,0.06309002377714502,0.08470821278703053,709.0036695867228,169.33321263372912
2023-09-24,0.08735541753758541,0.11728829462819611,709.0910250042604,169.45050092835731
2023-09-25,0.23780085885231586,0.31928480204342274,709.3288258631127,169.76978573040074
2023-09-26,0.20090905715312302,0.25412463836109156,709.5297349202658,170.02391036876185
2023-09-27,0.17292048868751897,0.11728829462819611,709.7026554089533,170.14119866339004
2023-09-28,0.0922084962896735,0.12380431099642922,709.794863905243,170.26500297438648
2023-09-29,0.21766717809931097,0.17593244194229415,710.0125310833423,170.44093541632878
2023-09-30,0.004853078752088079,0.006516016368233117,710.0173841620943,170.44745143269702
2023-10-02,0.15529852006681852,0.20851252378345975,710.1726826821612,170.6559639564805
2023-10-03,0.16985775632308275,0.2280605728881591,710.3425404384842,170.88402452936865
2023-10-04,0.10676773254593773,0.14335236010112856,710.4493081710301,171.02737688946976
2023-10-05,0.09706157504176158,0.13032032736466234,710.5463697460718,171.15769721683444
2023-10-06,0.07764926003340926,0.10425626189172987,710.6240190061052,171.26195347872616
2023-10-07,0.019412315008352315,0.02606406547293247,710.6434313211136,171.28801754419908
2023-10-09,0.28195578525669684,0.20199650741522662,710.9253871063703,171.4900140516143
2023-10-10,0.16985775632308275,0.2280605728881591,711.0952448626933,171.71807462450246
2023-10-11,0.3653228255437595,0.14335236010112856,711.4605676882371,171.86142698460358
2023-10-12,0.11162081129802581,0.14986837646936169,711.5721884995352,172.01129536107294
2023-10-13,0.16985775632308275,0.2280605728881591,711.7420462558582,172.2393559339611
2023-10-14,0.004853078752088079,0.006516016368233117,711.7468993346102,172.24587195032933
2023-10-16,0.12132696880220196,0.16290040920582793,711.8682263034125,172.40877235953516
2023-10-17,0.2612491740305799,0.20199650741522662,712.1294754774431,172.6107688669504
2023-10-18,0.19412315008352315,0.2606406547293247,712.3235986275266,172.8714095216797
2023-10-19,0.22324162259605163,0.29973675293872337,712.5468402501227,173.17114627461842
2023-10-20,0.16422261143708372,0.1954804910469935,712.7110628615599,173.36662676566542
2023-10-22,0.024265393760440394,0.032580081841165585,712.7353282553203,173.39920684750658
2023-10-23,0.20564161511983103,0.18244845831052728,712.9409698704401,173.5816553058171
2023-10-24,0.4267586886703749,0.14335236010112856,713.3677285591104,173.7250076659182
2023-10-25,0.10191465379384965,0.13683634373289547,713.4696432129043,173.86184400965112
2023-10-26,0.13805013581551234,0.17593244194229415,713.6076933487199,174.03777645159343
2023-10-27,0.20682927545440344,0.17593244194229415,713.8145226241743,174.21370889353574
2023-10-28,0.004853078752088079,0.006516016368233117,713.8193757029263,174.22022490990398
2023-10-30,0.184416992579347,0.24760862199285844,714.0037926955057,174.46783353189684
2023-10-31,0.04853078752088079,0.06516016368233117,714.0523234830266,174.53299369557917
2023-11-01,0.16500467757099468,0.221544556519926,714.2173281605976,174.75453825209908
2023-11-02,0.13588620505846621,0.18244845831052728,714.3532143656561,174.9369867104096
2023-11-03,0.31138622080394823,0.13032032736466234,714.66460058646,175.06730703777427
2023-11-04,0.009706157504176157,0.013032032736466234,714.6743067439642,175.08033907051075
2023-11-06,0.19634613126766315,0.18244845831052728,714.8706528752318,175.26278752882126
2023-11-07,0.15529852006681852,0.20851252378345975,715.0259513952986,175.47130005260473
2023-11-08,0.1255247559061721,0.16290040920582793,715.1514761512049,175.63420046181056
2023-11-09,0.12034173025728932,0.16290040920582793,715.2718178814622,175.7971008710164
2023-11-10,0.10676773254593773,0.14335236010112856,715.3785856140081,175.94045323111752
2023-11-12,0.009706157504176157,0.013032032736466234,715.3882917715123,175.953485263854
2023-11-13,0.1601515988189066,0.21502854015169287,715.5484433703311,176.1685138040057
2023-11-14,0.15044544131473045,0.20199650741522662,715.6988888116459,176.37051031142093
2023-11-15,0.10191465379384965,0.13683634373289547,715.8008034654398,176.50734665515384
2023-11-16,0.11162081129802581,0.14986837646936169,715.9124242767379,176.6572150316232
2023-11-17,0.14073928381055428,0.1889644746787604,716.0531635605485,176.84617950630195
2023-11-19,0.014559236256264235,0.01954804910469935,716.0677227968047,176.86572755540666
2023-11-20,0.13588620505846621,0.18244845831052728,716.2036090018631,177.04817601371718
2023-11-21,0.1335971497777916,0.16290040920582793,716.3372061516409,177.211076422923
2023-11-22,0.14559236256264235,0.1954804910469935,716.4827985142035,177.40655691397
2023-11-24,0.014559236256264235,0.01954804910469935,716.4973577504597,177.42610496307472
2023-11-27,0.13588620505846621,0.18244845831052728,716.6332439555182,177.60855342138524
2023-11-28,0.17471083507517082,0.23457658925639222,716.8079547905934,177.84313001064163
2023-11-29,0.17956391382725892,0.24109260562462534,716.9875187044206,178.08422261626626
2023-11-30,0.17307849434989422,0.16290040920582793,717.1605971987705,178.2471230254721
2023-12-01,0.1601515988189066,0.21502854015169287,717.3207487975893,178.4621515656238
2023-12-02,0.004853078752088079,0.006516016368233117,717.3256018763414,178.46866758199204
2023-12-03,0.024265393760440394,0.032580081841165585,717.3498672701018,178.5012476638332
2023-12-04,0.3845138169704677,0.3518648838845883,717.7343810870722,178.85311254771779
2023-12-05,0.5270785929834291,0.23457658925639222,718.2614596800556,179.08768913697418
2023-12-06,0.15044544131473045,0.20199650741522662,718.4119051213704,179.2896856443894
2023-12-07,0.17471083507517082,0.23457658925639222,718.5866159564456,179.5242622336458
2023-12-08,0.42194290393812184,0.18244845831052728,719.0085588603837,179.70671069195632
2023-12-09,0.009706157504176157,0.013032032736466234,719.0182650178879,179.7197427246928
2023-12-10,0.04395281925025959,0.013032032736466234,719.0622178371382,179.73277475742927
2023-12-11,0.12618004755429005,0.16941642557406106,719.1883978846924,179.90219118300334
2023-12-12,0.16985775632308275,0.2280605728881591,719.3582556410155,180.1302517558915
2023-12-13,0.12132696880220196,0.16290040920582793,719.4795826098177,180.29315216509733
2023-12-14,0.16985775632308275,0.2280605728881591,719.6494403661408,180.52121273798548
2023-12-15,0.1281596378725187,0.14335236010112856,719.7776000040133,180.6645650980866
2023-12-17,0.024265393760440394,0.032580081841165585,719.8018653977737,180.69714517992776
2023-12-18,0.17471083507517082,0.23457658925639222,719.9765762328489,180.93172176918415
2023-12-19,0.0922084962896735,0.12380431099642922,720.0687847291385,181.05552608018058
2023-12-20,0.19704070408588661,0.1889644746787604,720.2658254332244,181.24449055485934
2023-12-21,0.09706157504176158,0.13032032736466234,720.3628870082662,181.374810882224
2023-12-22,0.2628911571849729,0.221544556519926,720.6257781654512,181.59635543874393
2023-12-24,0.009706157504176157,0.013032032736466234,720.6354843229553,181.6093874714804
2023-12-26,0.11798087919687753,0.1563843928375948,720.7534652021523,181.765771864318
2023-12-27,0.15529852006681852,0.20851252378345975,720.9087637222191,181.97428438810147
2023-12-28,0.23294778010022776,0.3127687856751896,721.1417115023193,182.28705317377666
2023-12-29,0.48873071071526736,0.29973675293872337,721.6304422130345,182.58678992671537
2023-12-30,0.06309002377714502,0.08470821278703053,721.6935322368116,182.6714981395024
2023-12-31,0.02911847251252847,0.0390960982093987,721.7226507093242,182.7105942377118
2024-01-01,0.004857467116738388,0.00781921964187974,721.7275081764409,182.71841345735368
2024-01-02,0.10686427656824453,0.1720228321213543,721.8343724530091,182.89043628947502
2024-01-03,0.06314707251759905,0.10164985534443663,721.8975195255267,182.99208614481947
2024-01-04,0.05828960540086066,0.0938306357025569,721.9558091309276,183.085916780522
2024-01-05,0.0388597369339071,0.06255375713503793,721.9946688678615,183.14847053765706
2024-01-07,0.004857467116738388,0.00781921964187974,721.9995263349782,183.15628975729894
2024-01-08,0.15086617092323443,0.24239580889827197,722.1503925059014,183.3986855661972
2024-01-09,0.07286200675107582,0.11728829462819611,722.2232545126525,183.5159738608254
2024-01-10,0.0777194738678142,0.12510751427007585,722.3009739865203,183.64108137509547
2024-01-11,0.09229187521802937,0.14856517319571508,722.3932658617383,183.7896465482912
2024-01-12,0.13600907926867487,0.21893814997263275,722.529274941007,184.00858469826383
2024-01-15,0.024382232351806737,0.0390960982093987,722.5536571733588,184.04768079647323
2024-01-16,0.0825769409845526,0.13292673391195559,722.6362341143434,184.18060753038517
2024-01-17,0.0777194738678142,0.12510751427007585,722.7139535882112,184.30571504465524
2024-01-18,0.17072841447288029,0.2502150285401517,722.8846820026841,184.55593007319538
2024-01-19,0.4808867812059937,0.13292673391195559,723.3655687838901,184.68885680710733
2024-01-22,0.14600870380649603,0.23457658925639222,723.5115774876966,184.92343339636372
2024-01-23,0.0825769409845526,0.13292673391195559,723.5941544286812,185.05636013027566
2024-01-24,0.07286200675107582,0.11728829462819611,723.6670164354323,185.17364842490386
2024-01-25,0.053432138284122264,0.08601141606067715,723.7204485737165,185.25965984096453
2024-01-26,0.04371720405064549,0.07037297677691767,723.7641657777671,185.33003281774145
2024-01-27,0.01942986846695355,0.03127687856751896,723.7835956462341,185.36130969630898
2024-01-29,0.11172174368498292,0.17984205176323403,723.895317389919,185.54115174807222
2024-01-30,0.06314707251759905,0.10164985534443663,723.9584644624366,185.64280160341667
2024-01-31,0.07286200675107582,0.11728829462819611,724.0313264691877,185.76008989804487
2024-02-01,0.05828960540086066,0.0938306357025569,724.0896160745885,185.8539205337474
2024-02-02,0.22186796661532743,0.13292673391195559,724.3114840412039,185.98684726765936
2024-02-03,0.008253900424732879,0.00781921964187974,724.3197379416287,185.99466648730123
2024-02-04,0.004857467116738388,0.00781921964187974,724.3245954087454,186.0024857069431
2024-02-05,0.09229187521802937,0.14856517319571508,724.4168872839634,186.15105088013883
2024-02-06,0.08138874380945943,0.13292673391195559,724.4982760277729,186.28397761405077
2024-02-07,0.11290957250215311,0.14074595355383535,724.6111856002751,186.42472356760462
2024-02-08,0.0825769409845526,0.13292673391195559,724.6937625412597,186.55765030151656
2024-02-09,0.06314707251759905,0.10164985534443663,724.7569096137773,186.659300156861
2024-02-12,0.15617566479603395,0.16420361247947457,724.9130852785734,186.82350376934048
2024-02-13,0.44802607716624304,0.3049495660333099,725.3611113557396,187.1284533353738
2024-02-14,0.21547429848302022,0.3127687856751896,725.5765856542226,187.44122212104898
2024-02-15,0.48668227076982423,0.14856517319571508,726.0632679249925,187.5897872942447
2024-02-16,0.0777194738678142,0.12510751427007585,726.1409873988603,187.71489480851477
2024-02-17,0.004857467116738388,0.00781921964187974,726.145844865977,187.72271402815664
2024-02-19,0.11172174368498292,0.17984205176323403,726.2575666096619,187.9025560799199
2024-02-20,0.06314707251759905,0.10164985534443663,726.3207136821795,188.00420593526434
2024-02-21,0.0825769409845526,0.13292673391195559,726.4032906231641,188.13713266917628
2024-02-22,0.11172174368498292,0.17984205176323403,726.5150123668491,188.31697472093953
2024-02-23,0.08743440810129098,0.14074595355383535,726.6024467749504,188.45772067449337
2024-02-25,0.004857467116738388,0.00781921964187974,726.6073042420671,188.46553989413525
2024-02-26,0.04857467116738388,0.0781921964187974,726.6558789132345,188.54373209055404
2024-02-27,0.1214366779184597,0.19548049104699353,726.777315591153,188.73921258160104
2024-02-28,0.1785380861442272,0.2893111267495504,726.9558536772972,189.02852370835058
2024-02-29,0.06314707251759905,0.10164985534443663,727.0190007498148,189.13017356369502
2024-03-01,0.09714934233476775,0.1563843928375948,727.1161500921496,189.28655795653262
2024-03-04,0.08743440810129098,0.14074595355383535,727.2035845002509,189.42730391008647
2024-03-05,0.24253430957059618,0.17984205176323403,727.4461188098215,189.6071459618497
2024-03-06,0.1214366779184597,0.19548049104699353,727.56755548774,189.8026264528967
2024-03-07,0.18647017207817976,0.211118930330753,727.7540256598182,190.01374538322744
2024-03-08,0.10210170621962095,0.16420361247947457,727.8561273660379,190.1779489957069
2024-03-11,0.14948781185398868,0.1876612714051138,728.0056151778919,190.36561026711203
2024-03-12,0.1262941450351981,0.20329971068887326,728.1319093229271,190.5689099778009
2024-03-13,0.05828960540086066,0.0938306357025569,728.190198928328,190.66274061350344
2024-03-14,0.07286200675107582,0.11728829462819611,728.263060935079,190.78002890813164
2024-03-15,0.0777194738678142,0.12510751427007585,728.3407804089468,190.9051364224017
2024-03-17,0.004857467116738388,0.00781921964187974,728.3456378760635,190.91295564204358
2024-03-18,0.24895207114459134,0.13292673391195559,728.5945899472081,191.04588237595553
2024-03-19,0.1167690043379509,0.1876612714051138,728.711358951546,191.23354364736065
2024-03-20,0.05828960540086066,0.0938306357025569,728.7696485569469,191.3273742830632
2024-03-21,0.11172174368498292,0.17984205176323403,728.8813703006318,191.50721633482644
2024-03-22,0.10686427656824453,0.1720228321213543,728.9882345772,191.67923916694778
2024-03-23,0.009714934233476776,0.01563843928375948,728.9979495114335,191.69487760623153
2024-03-25,0.09714934233476775,0.1563843928375948,729.0950988537683,191.85126199906912
2024-03-26,0.09714934233476775,0.1563843928375948,729.192248196103,192.00764639190672
2024-03-27,0.09238677198614417,0.14856517319571508,729.2846349680892,192.15621156510244
2024-03-28,0.18577044086937922,0.16420361247947457,729.4704054089586,192.3204151775819
2024-03-29,0.05828960540086066,0.0938306357025569,729.5286950143595,192.41424581328445
2024-03-30,0.004857467116738388,0.00781921964187974,729.5335524814762,192.42206503292633
2024-04-01,0.13115161215193646,0.211118930330753,729.6647040936282,192.63318396325707
2024-04-02,0.1262941450351981,0.20329971068887326,729.7909982386634,192.83648367394593
2024-04-03,0.0917367344024923,0.14856517319571508,729.8827349730659,192.98504884714166
2024-04-04,0.10200680945150614,0.16420361247947457,729.9847417825174,193.14925245962112
2024-04-05,0.09557658758382097,0.13292673391195559,730.0803183701012,193.28217919353307
2024-04-08,0.14086654638541324,0.22675736961451248,730.2211849164865,193.50893656314759
2024-04-09,0.1473939482177156,0.14856517319571508,730.3685788647043,193.6575017363433
2024-04-10,1.2807153633837,0.20329971068887326,731.649294228088,193.86080144703217
2024-04-11,0.053432138284122264,0.08601141606067715,731.7027263663722,193.94681286309284
2024-04-12,0.0777194738678142,0.12510751427007585,731.78044584024,194.07192037736291
2024-04-15,0.1214366779184597,0.19548049104699353,731.9018825181585,194.2674008684099
2024-04-16,0.13967834921032007,0.22675736961451248,732.0415608673687,194.49415823802443
2024-04-17,0.10695917333635933,0.1720228321213543,732.1485200407051,194.66618107014577
2024-04-18,0.09714934233476775,0.1563843928375948,732.2456693830399,194.82256546298336
2024-04-19,0.0780990609402734,0.12510751427007585,732.3237684439802,194.94767297725343
2024-04-22,0.0825769409845526,0.13292673391195559,732.4063453849648,195.08059971116538
2024-04-23,0.02914480270043033,0.04691531785127845,732.4354901876652,195.12751502901665
2024-04-24,0.15564830456835987,0.211118930330753,732.5911384922335,195.3386339593474
2024-04-25,0.10686427656824453,0.1720228321213543,732.6980027688018,195.51065679146873
2024-04-26,0.06314707251759905,0.10164985534443663,732.7611498413194,195.61230664681318
2024-04-28,0.004857467116738388,0.00781921964187974,732.7660073084361,195.62012586645506
2024-04-29,0.13115161215193646,0.211118930330753,732.897158920588,195.8312447967858
2024-04-30,0.08138874380945943,0.13292673391195559,732.9785476643975,195.96417153069774
2024-05-01,0.0825769409845526,0.13292673391195559,733.0611246053821,196.09709826460968
2024-05-02,0.17878196742449093,0.17984205176323403,733.2399065728066,196.27694031637293
2024-05-03,0.0825769409845526,0.13292673391195559,733.3224835137912,196.40986705028487
2024-05-05,0.01942986846695355,0.03127687856751896,733.3419133822582,196.4411439288524
2024-05-06,0.10763302336202882,0.1720228321213543,733.4495464056203,196.61316676097374
2024-05-07,0.08743440810129098,0.14074595355383535,733.5369808137216,196.7539127145276
2024-05-08,0.21354246567134708,0.14074595355383535,733.750523279393,196.89465866808143
2024-05-09,0.034002269817168716,0.05473453749315819,733.7845255492101,196.94939320557458
2024-05-10,1.4083715870935718,0.1563843928375948,735.1928971363037,197.10577759841217
2024-05-11,0.004857467116738388,0.00781921964187974,735.1977546034204,197.11359681805405
2024-05-12,0.01942986846695355,0.03127687856751896,735.2171844718874,197.14487369662157
2024-05-13,0.1262941450351981,0.20329971068887326,735.3434786169227,197.34817340731044
2024-05-14,0.0777194738678142,0.12510751427007585,735.4211980907904,197.4732809215805
2024-05-15,0.06800453963433743,0.10946907498631638,735.4892026304248,197.58274999656683
2024-05-16,0.09229187521802937,0.14856517319571508,735.5814945056428,197.73131516976255
2024-05-17,0.02914480270043033,0.04691531785127845,735.6106393083433,197.77823048761383
2024-05-19,0.06800453963433743,0.10946907498631638,735.6786438479776,197.88769956260015
2024-05-20,0.0825769409845526,0.13292673391195559,735.7612207889622,198.0206262965121
2024-05-21,0.1700113490858436,0.27367268746579093,735.931232138048,198.29429898397788
2024-05-22,0.09229187521802937,0.14856517319571508,736.0235240132661,198.4428641571736
2024-05-23,0.19482207675136418,0.20329971068887326,736.2183460900175,198.64616386786247
2024-05-24,0.07286200675107582,0.11728829462819611,736.2912080967685,198.76345216249067
2024-05-28,0.07286200675107582,0.11728829462819611,736.3640701035196,198.88074045711886
2024-05-29,0.13115161215193646,0.211118930330753,736.4952217156715,199.0918593874496
2024-05-30,0.23888820885656212,0.19548049104699353,736.7341099245281,199.2873398784966
2024-05-31,0.38569389932782633,0.1876612714051138,737.1198038238559,199.47500114990171
2024-06-03,0.077814370635929,0.12510751427007585,737.1976181944918,199.60010866417178
2024-06-04,0.1651538819691052,0.26585346782391117,737.3627720764609,199.8659621319957
2024-06-05,0.08743440810129098,0.14074595355383535,737.4502064845623,200.00670808554955
2024-06-06,0.37629300034344676,0.10164985534443663,737.8264994849058,200.108357940894
2024-06-07,0.11172174368498292,0.17984205176323403,737.9382212285907,200.28819999265724
2024-06-10,0.06314707251759905,0.10164985534443663,738.0013683011083,200.3898498480017
2024-06-11,0.06800453963433743,0.10946907498631638,738.0693728407426,200.499318922988
2024-06-12,0.13115161215193646,0.211118930330753,738.2005244528946,200.71043785331875
2024-06-13,0.053432138284122264,0.08601141606067715,738.2539565911787,200.79644926937942
2024-06-14,0.3909351873045725,0.11728829462819611,738.6448917784833,200.91373756400762
2024-06-16,0.009714934233476776,0.01563843928375948,738.6546067127167,200.92937600329137
2024-06-17,0.1262941450351981,0.20329971068887326,738.7809008577519,201.13267571398023
2024-06-18,0.07286200675107582,0.11728829462819611,738.853762864503,201.24996400860843
2024-06-19,0.07167380957598266,0.11728829462819611,738.9254366740789,201.36725230323663
2024-06-20,0.10686427656824453,0.1720228321213543,739.0323009506471,201.53927513535797
2024-06-21,0.1318502049768873,0.1720228321213543,739.164151155624,201.7112979674793
2024-06-24,0.8044697586614274,0.1876612714051138,739.9686209142855,201.89895923888443
2024-06-25,0.16029641485236681,0.25803424818203147,740.1289173291378,202.15699348706647
2024-06-26,0.08743440810129098,0.14074595355383535,740.2163517372392,202.29773944062032
2024-06-27,0.40082836538158473,0.12510751427007585,740.6171801026208,202.4228469548904
2024-06-28,0.0825769409845526,0.13292673391195559,740.6997570436054,202.55577368880233
2024-07-01,0.1214366779184597,0.19548049104699353,740.8211937215239,202.75125417984933
2024-07-02,0.14086654638541324,0.22675736961451248,740.9620602679092,202.97801154946384
2024-07-03,0.06314707251759905,0.10164985534443663,741.0252073404268,203.0796614048083
2024-07-05,0.04371720405064549,0.07037297677691767,741.0689245444775,203.15003438158521
2024-07-08,0.09724423910288256,0.1563843928375948,741.1661687835804,203.3064187744228
2024-07-09,0.22253332756474575,0.13292673391195559,741.3887021111451,203.43934550833475
2024-07-10,0.09229187521802937,0.14856517319571508,741.4809939863632,203.58791068153047
2024-07-11,0.07069496923362095,0.06255375713503793,741.5516889555968,203.65046443866552
2024-07-12,0.1262941450351981,0.20329971068887326,741.677983100632,203.8537641493544
2024-07-15,0.1396427196890189,0.12510751427007585,741.817625820321,203.97887166362446
2024-07-16,0.17972628331932036,0.2893111267495504,741.9973521036403,204.268182790374
2024-07-17,0.10200680945150614,0.16420361247947457,742.0993589130918,204.43238640285347
2024-07-18,0.06314707251759905,0.10164985534443663,742.1625059856094,204.53403625819792
2024-07-19,0.1700113490858436,0.27367268746579093,742.3325173346952,204.8077089456637
2024-07-22,0.1262941450351981,0.20329971068887326,742.4588114797305,205.01100865635257
2024-07-23,0.07286200675107582,0.11728829462819611,742.5316734864815,205.12829695098077
2024-07-24,0.13115161215193646,0.211118930330753,742.6628250986334,205.3394158813115
2024-07-25,0.10200680945150614,0.16420361247947457,742.764831908085,205.50361949379098
2024-07-26,1.5648573189928574,0.16420361247947457,744.3296892270778,205.66782310627045
2024-07-27,0.009714934233476776,0.01563843928375948,744.3394041613112,205.6834615455542
2024-07-28,0.004857467116738388,0.00781921964187974,744.344261628428,205.69128076519607
2024-07-29,0.09714934233476775,0.1563843928375948,744.4414109707627,205.84766515803366
2024-07-30,0.06800453963433743,0.10946907498631638,744.509415510397,205.95713423301999
2024-07-31,0.14572401350215164,0.23457658925639222,744.6551395238992,206.19171082227638
2024-08-01,0.20928906296936767,0.14074595355383535,744.8644285868685,206.33245677583022
2024-08-02,0.10200680945150614,0.16420361247947457,744.96643539632,206.4966603883097
2024-08-05,0.06800453963433743,0.10946907498631638,745.0344399359543,206.606129463296
2024-08-06,0.11657921080172132,0.1876612714051138,745.1510191467561,206.79379073470113
2024-08-07,0.0777194738678142,0.12510751427007585,745.2287386206239,206.9188982489712
2024-08-08,0.09229187521802937,0.14856517319571508,745.3210304958419,207.06746342216692
2024-08-09,0.32154139831202405,0.24239580889827197,745.6425718941539,207.3098592310652
2024-08-12,0.10686427656824453,0.1720228321213543,745.7494361707221,207.48188206318653
2024-08-13,0.14086654638541324,0.22675736961451248,745.8903027171075,207.70863943280105
2024-08-14,0.26457273009015575,0.14856517319571508,746.1548754471977,207.85720460599677
2024-08-15,0.09714934233476775,0.1563843928375948,746.2520247895325,208.01358899883436
2024-08-16,0.07286200675107582,0.11728829462819611,746.3248867962835,208.13087729346256
2024-08-17,0.004857467116738388,0.00781921964187974,746.3297442634002,208.13869651310443
2024-08-19,0.14086654638541324,0.22675736961451248,746.4706108097856,208.36545388271895
2024-08-20,0.11172174368498292,0.17984205176323403,746.5823325534706,208.5452959344822
2024-08-21,0.07286200675107582,0.11728829462819611,746.6551945602216,208.6625842291104
2024-08-22,0.06324196928571384,0.10164985534443663,746.7184365295074,208.76423408445484
2024-08-23,0.053432138284122264,0.08601141606067715,746.7718686677915,208.8502455005155
2024-08-25,0.004857467116738388,0.00781921964187974,746.7767261349082,208.8580647201574
2024-08-26,0.18944121755279714,0.3049495660333099,746.9661673524611,209.1630142861907
2024-08-27,0.860148133364243,0.211118930330753,747.8263154858253,209.37413321652144
2024-08-28,0.0825769409845526,0.13292673391195559,747.9088924268099,209.5070599504334
2024-08-29,0.21858602025322746,0.35186488388458836,748.1274784470631,209.85892483431797
2024-08-30,0.08743440810129098,0.14074595355383535,748.2149128551645,209.99967078787182
2024-08-31,0.004857467116738388,0.00781921964187974,748.2197703222812,210.0074900075137
2024-09-01,0.004857467116738388,0.00781921964187974,748.2246277893979,210.01530922715557
2024-09-03,0.15058148061889,0.24239580889827197,748.3752092700169,210.25770503605384
2024-09-04,0.1776642925761542,0.26585346782391117,748.552873562593,210.52355850387775
2024-09-05,0.09714934233476775,0.1563843928375948,748.6500229049278,210.67994289671535
2024-09-06,0.09229187521802937,0.14856517319571508,748.7423147801459,210.82850806991107
2024-09-08,0.004857467116738388,0.00781921964187974,748.7471722472626,210.83632728955294
2024-09-09,0.1214366779184597,0.19548049104699353,748.8686089251811,211.03180778059993
2024-09-10,0.09229187521802937,0.14856517319571508,748.9609008003991,211.18037295379565
2024-09-11,0.2729602642846414,0.23457658925639222,749.2338610646838,211.41494954305205
2024-09-12,0.1700113490858436,0.27367268746579093,749.4038724137696,211.68862223051784
2024-09-13,0.09229187521802937,0.14856517319571508,749.4961642889876,211.83718740371356
2024-09-14,0.004857467116738388,0.00781921964187974,749.5010217561044,211.84500662335543
2024-09-16,0.11481607376778195,0.1876612714051138,749.6158378298721,212.03266789476055
2024-09-17,0.2041085156711271,0.32840722495894914,749.8199463455433,212.3610751197195
2024-09-18,0.2827272145833011,0.24239580889827197,750.1026735601265,212.60347092861775
2024-09-19,0.15058148061889,0.24239580889827197,750.2532550407454,212.84586673751602
2024-09-20,0.140052859362364,0.22675736961451248,750.3933079001079,213.07262410713054
2024-09-23,0.2718311590106491,0.19548049104699353,750.6651390591185,213.26810459817753
2024-09-24,0.13134140568816607,0.211118930330753,750.7964804648067,213.47922352850827
2024-09-25,0.1262941450351981,0.20329971068887326,750.9227746098419,213.68252323919714
2024-09-26,0.10686427656824453,0.1720228321213543,751.0296388864101,213.85454607131848
2024-09-27,0.0777194738678142,0.12510751427007585,751.1073583602779,213.97965358558855
2024-09-28,0.004857467116738388,0.00781921964187974,751.1122158273946,213.98747280523042
2024-09-29,0.004857467116738388,0.00781921964187974,751.1170732945113,213.9952920248723
2024-09-30,0.10200680945150614,0.16420361247947457,751.2190801039628,214.15949563735177
2024-10-01,0.1700113490858436,0.27367268746579093,751.3890914530486,214.43316832481756
2024-10-02,0.17989015642888703,0.16420361247947457,751.5689816094775,214.59737193729703
2024-10-03,0.08743440810129098,0.14074595355383535,751.6564160175789,214.73811789085087
2024-10-04,0.10200680945150614,0.16420361247947457,751.7584228270304,214.90232150333034
2024-10-07,0.20967362054522132,0.16420361247947457,751.9680964475756,215.0665251158098
2024-10-08,0.15058148061889,0.24239580889827197,752.1186779281945,215.30892092470808
2024-10-09,0.13908775379972288,0.21893814997263275,752.2577656819942,215.52785907468072
2024-10-10,0.1520873128310028,0.20329971068887326,752.4098529948252,215.7311587853696
2024-10-11,0.11657921080172132,0.1876612714051138,752.526432205627,215.9188200567747
2024-10-14,0.13124650892005127,0.211118930330753,752.657678714547,216.12993898710545
2024-10-15,0.1554389477356284,0.2502150285401517,752.8131176622827,216.3801540156456
2024-10-16,0.1542649203183404,0.22675736961451248,752.9673825826011,216.6069113852601
2024-10-17,0.0825769409845526,0.13292673391195559,753.0499595235857,216.73983811917205
2024-10-18,0.0825769409845526,0.13292673391195559,753.1325364645703,216.872764853084
2024-10-19,0.004857467116738388,0.00781921964187974,753.137393931687,216.88058407272587
2024-10-20,0.004857467116738388,0.00781921964187974,753.1422513988038,216.88840329236774
2024-10-21,0.1603913116204816,0.25803424818203147,753.3026427104243,217.14643754054978
2024-10-22,0.18978977724942658,0.1876612714051138,753.4924324876737,217.3340988119549
2024-10-23,0.3496002179877967,0.22675736961451248,753.8420327056615,217.56085618156942
2024-10-24,0.17486881620258196,0.2814919071076707,754.016901521864,217.84234808867708
2024-10-25,0.13115161215193646,0.211118930330753,754.148053134016,218.05346701900783
2024-10-27,0.009714934233476776,0.01563843928375948,754.1577680682494,218.06910545829157
2024-10-28,0.2527865153533758,0.3205880053170694,754.4105545836028,218.38969346360864
2024-10-29,0.11172174368498292,0.17984205176323403,754.5222763272877,218.56953551537188
2024-10-30,0.1214366779184597,0.19548049104699353,754.6437130052062,218.76501600641888
2024-10-31,0.11067311773171074,0.14856517319571508,754.754386122938,218.9135811796146
2024-11-01,0.11053354650988975,0.17984205176323403,754.8649196694479,219.09342323137784
2024-11-02,0.04668807152742836,0.05473453749315819,754.9116077409753,219.148157768871
2024-11-04,0.11172174368498292,0.17984205176323403,755.0233294846603,219.32799982063423
2024-11-05,0.12520084462821973,0.20329971068887326,755.1485303292885,219.5312995313231
2024-11-06,0.18431900142039123,0.211118930330753,755.3328493307089,219.74241846165384
2024-11-07,1.5648573189928576,0.16420361247947457,756.8977066497017,219.9066220741333
2024-11-08,0.1991561517862739,0.3205880053170694,757.096862801488,220.22721007945037
2024-11-10,0.004857467116738388,0.00781921964187974,757.1017202686047,220.23502929909225
2024-11-11,0.14086654638541324,0.22675736961451248,757.2425868149901,220.46178666870676
2024-11-12,0.16396568479401202,0.26585346782391117,757.4065524997841,220.72764013653068
2024-11-13,0.1442743030867185,0.1876612714051138,757.5508268028708,220.9153014079358
2024-11-14,0.2592620248604221,0.29713034639143016,757.8100888277312,221.21243175432724
2024-11-15,0.6042010745187145,0.23457658925639222,758.41428990225,221.44700834358363
2024-11-16,0.014572401350215165,0.023457658925639224,758.4288623036001,221.47046600250928
2024-11-17,0.01942986846695355,0.03127687856751896,758.4482921720671,221.5017428810768
2024-11-18,0.14086654638541324,0.22675736961451248,758.5891587184525,221.72850025069133
2024-11-19,1.5646466667262688,0.13292673391195559,760.1538053851788,221.86142698460327
2024-11-20,0.24419023751181368,0.23457658925639222,760.3979956226906,222.09600357385966
2024-11-21,0.11667410756983611,0.1876612714051138,760.5146697302604,222.28366484526478
2024-11-22,0.10200680945150614,0.16420361247947457,760.6166765397119,222.44786845774425
2024-11-23,0.004857467116738388,0.00781921964187974,760.6215340068286,222.45568767738612
2024-11-25,0.1554389477356284,0.2502150285401517,760.7769729545643,222.70590270592626
2024-11-26,0.14086654638541324,0.22675736961451248,760.9178395009496,222.93266007554078
2024-11-27,0.180249675401149,0.17984205176323403,761.0980891763508,223.11250212730403
2024-11-29,0.01942986846695355,0.03127687856751896,761.1175190448178,223.14377900587155
2024-12-02,0.1906863050670262,0.2893111267495504,761.3082053498848,223.4330901326211
2024-12-03,0.17405512917953272,0.2814919071076707,761.4822604790644,223.71458203972875
2024-12-04,0.1262941450351981,0.20329971068887326,761.6085546240996,223.91788175041762
2024-12-05,0.13600907926867487,0.21893814997263275,761.7445637033683,224.13681990039026
2024-12-06,0.1652236675800157,0.25803424818203147,761.9097873709483,224.3948541485723
2024-12-07,0.01942986846695355,0.03127687856751896,761.9292172394153,224.42613102713983
2024-12-08,0.0388597369339071,0.06255375713503793,761.9680769763492,224.48868478427488
2024-12-09,0.14572401350215164,0.23457658925639222,762.1138009898513,224.72326137353127
2024-12-10,0.10686427656824453,0.1720228321213543,762.2206652664195,224.89528420565262
2024-12-11,0.8303054745547078,0.32840722495894914,763.0509707409742,225.22369143061155
2024-12-12,0.09714934233476775,0.1563843928375948,763.148120083309,225.38007582344915
2024-12-13,0.11172174368498292,0.17984205176323403,763.2598418269939,225.5599178752124
2024-12-14,0.004857467116738388,0.00781921964187974,763.2646992941106,225.56773709485427
2024-12-15,0.004857467116738388,0.00781921964187974,763.2695567612274,225.57555631449614
2024-12-16,0.0825769409845526,0.13292673391195559,763.352133702212,225.70848304840808
2024-12-17,0.16029641485236681,0.25803424818203147,763.5124301170644,225.96651729659013
2024-12-18,0.08743440810129098,0.14074595355383535,763.5998645251657,226.10726325014397
2024-12-19,0.2561161470006056,0.1720228321213543,763.8559806721663,226.27928608226532
2024-12-20,0.2160516873836851,0.24239580889827197,764.07203235955,226.52168189116358
2024-12-21,0.01942986846695355,0.03127687856751896,764.091462228017,226.5529587697311
2024-12-22,0.01942986846695355,0.03127687856751896,764.110892096484,226.58423564829863
2024-12-23,0.04857467116738388,0.0781921964187974,764.1594667676513,226.66242784471743
2024-12-24,0.4399634649428745,0.08601141606067715,764.5994302325942,226.7484392607781
2024-12-25,0.04371720405064549,0.07037297677691767,764.6431474366448,226.81881223755502
2024-12-26,0.13115161215193646,0.211118930330753,764.7742990487967,227.02993116788576
2024-12-27,0.25552260094994345,0.2502150285401517,765.0298216497466,227.2801461964259
2024-12-28,0.004857467116738388,0.00781921964187974,765.0346791168633,227.28796541606778
2024-12-30,0.10686427656824453,0.1720228321213543,765.1415433934316,227.45998824818912
2024-12-31,0.19621963075918883,0.16420361247947457,765.3377630241907,227.6241918606686
2025-01-02,0.06472613792790848,0.0781921964187974,765.4024891621186,227.7023840570874
2025-01-03,0.1100344344774444,0.13292673391195559,765.5125235965961,227.83531079099933
2025-01-06,0.14239750344139865,0.1720228321213543,765.6549211000375,228.00733362312067
2025-01-07,0.08414397930628101,0.10164985534443663,765.7390650793438,228.10898347846512
2025-01-08,0.06472613792790848,0.0781921964187974,765.8037912172717,228.18717567488392
2025-01-09,0.2071236413693071,0.2502150285401517,766.0109148586411,228.43739070342406
2025-01-10,0.1229796620630261,0.14856517319571508,766.1338945207041,228.58595587661978
2025-01-13,0.10356182068465355,0.12510751427007585,766.2374563413887,228.71106339088985
2025-01-14,0.5003517365827886,0.11728829462819611,766.7378080779715,228.82835168551804
2025-01-15,0.06472613792790848,0.0781921964187974,766.8025342158994,228.90654388193684
2025-01-16,0.2071236413693071,0.2502150285401517,767.0096578572687,229.15675891047698
2025-01-17,0.11650704827023525,0.14074595355383535,767.126164905539,229.29750486403083
2025-01-19,0.006472613792790847,0.00781921964187974,767.1326375193318,229.3053240836727
2025-01-20,0.006472613792790847,0.00781921964187974,767.1391101331245,229.31314330331458
2025-01-21,0.23682608663315047,0.13292673391195559,767.3759362197577,229.44607003722652
2025-01-22,0.1100344344774444,0.13292673391195559,767.4859706542352,229.57899677113846
2025-01-23,0.1100344344774444,0.13292673391195559,767.5960050887127,229.7119235050504
2025-01-24,0.3547406443758262,0.19548049104699353,767.9507457330885,229.9074039960974
2025-01-25,0.006472613792790847,0.00781921964187974,767.9572183468813,229.91522321573927
2025-01-27,0.10356182068465355,0.12510751427007585,768.0607801675659,230.04033073000934
2025-01-28,0.19922840870973577,0.17984205176323403,768.2600085762756,230.2201727817726
2025-01-29,0.22587081873949436,0.13292673391195559,768.4858793950151,230.35309951568453
2025-01-30,0.13440463974067013,0.16420361247947457,768.6202840347557,230.517303128164
2025-01-31,0.17694119203412131,0.12510751427007585,768.7972252267899,230.64241064243407
2025-02-03,0.1359248896486078,0.16420361247947457,768.9331501164386,230.80661425491354
2025-02-04,0.1359248896486078,0.16420361247947457,769.0690750060872,230.970817867393
2025-02-05,0.1229796620630261,0.14856517319571508,769.1920546681503,231.11938304058873
2025-02-06,0.17476057240535287,0.211118930330753,769.3668152405556,231.33050197091947
2025-02-07,2.343959468428533,0.21893814997263275,771.7107747089842,231.54944012089211
2025-02-10,0.1229796620630261,0.14856517319571508,771.8337543710472,231.69800529408784
2025-02-11,0.11763711856507597,0.12510751427007585,771.9513914896123,231.8231128083579
2025-02-12,0.17476057240535287,0.211118930330753,772.1261520620177,232.03423173868865
2025-02-13,0.3183708623299675,0.20329971068887326,772.4445229243477,232.2375314493775
2025-02-14,0.17476057240535287,0.211118930330753,772.619283496753,232.44865037970825
2025-02-17,0.10356182068465355,0.12510751427007585,772.7228453174376,232.57375789397832
2025-02-18,0.1359248896486078,0.16420361247947457,772.8587702070863,232.7379615064578
2025-02-19,0.29923079891653215,0.14074595355383535,773.1580010060028,232.87870746001164
2025-02-20,0.10356182068465355,0.12510751427007585,773.2615628266874,233.0038149742817
2025-02-21,0.11650704827023525,0.14074595355383535,773.3780698749576,233.14456092783556
2025-02-23,0.006472613792790847,0.00781921964187974,773.3845424887504,233.15238014747743
2025-02-24,0.23412925198252926,0.17984205176323403,773.6186717407329,233.33222219924068
2025-02-25,0.12945227585581695,0.1563843928375948,773.7481240165887,233.48860659207827
2025-02-26,0.12945227585581695,0.1563843928375948,773.8775762924445,233.64499098491586
2025-02-27,0.1359248896486078,0.16420361247947457,774.0135011820931,233.80919459739533
2025-02-28,0.14239750344139865,0.1720228321213543,774.1558986855346,233.98121742951668
2025-03-03,0.23149384663253283,0.2814919071076707,774.3873925321672,234.26270933662434
2025-03-04,0.1229796620630261,0.14856517319571508,774.5103721942302,234.41127450982006
2025-03-05,0.4678475663602046,0.1876612714051138,774.9782197605904,234.59893578122518
2025-03-06,0.10356182068465355,0.12510751427007585,775.081781581275,234.72404329549525
2025-03-07,0.2459593241260522,0.29713034639143016,775.327740905401,235.0211736418867
2025-03-09,0.01941784137837254,0.023457658925639224,775.3471587467794,235.04463130081234
2025-03-10,0.04530829654953593,0.05473453749315819,775.392467043329,235.0993658383055
2025-03-11,0.21359625516209796,0.25803424818203147,775.6060632984911,235.35740008648753
2025-03-12,3.926075173788478,0.19548049104699353,779.5321384722796,235.55288057753452
2025-03-13,0.17476057240535287,0.211118930330753,779.706899044685,235.76399950786526
2025-03-14,0.15534273102698032,0.1876612714051138,779.8622417757119,235.95166077927038
2025-03-16,0.006472613792790847,0.00781921964187974,779.8687143895047,235.95947999891226
2025-03-17,0.2200688689548888,0.26585346782391117,780.0887832584596,236.22533346673617
2025-03-18,0.17476057240535287,0.211118930330753,780.2635438308649,236.43645239706692
2025-03-19,0.2071236413693071,0.2502150285401517,780.4706674722343,236.68666742560706
2025-03-20,0.0970892068918627,0.11728829462819611,780.5677566791261,236.80395572023525
2025-03-21,0.18123318619814371,0.21893814997263275,780.7489898653242,237.0228938702079
2025-03-24,0.16828795861256202,0.20329971068887326,780.9172778239368,237.22619358089676
2025-03-25,0.18618555008299692,0.22675736961451248,781.1034633740198,237.45295095051128
2025-03-26,0.16181534481977117,0.19548049104699353,781.2652787188396,237.64843144155827
2025-03-27,0.11650704827023525,0.14074595355383535,781.3817857671098,237.78917739511212
2025-03-28,0.1941784137837254,0.23457658925639222,781.5759641808935,238.0237539843685
2025-03-31,0.21359625516209796,0.25803424818203147,781.7895604360556,238.28178823255055
2025-04-01,0.23950353097278762,0.1876612714051138,782.0290639670284,238.46944950395567
2025-04-02,0.09061659309907186,0.10946907498631638,782.1196805601274,238.578918578942
2025-04-03,0.16828795861256202,0.20329971068887326,782.2879685187401,238.78221828963086
2025-04-04,0.2718497792972156,0.32840722495894914,782.5598182980373,239.1106255145898
2025-04-05,0.03236306896395424,0.0390960982093987,782.5921813670012,239.1497216127992
2025-04-07,0.09556895698392505,0.11728829462819611,782.6877503239851,239.2670099074274
2025-04-08,0.1100344344774444,0.13292673391195559,782.7977847584626,239.39993664133934
2025-04-09,0.351942113760228,0.2502150285401517,783.1497268722228,239.65015166987948
2025-04-10,0.25987272019874014,0.13292673391195559,783.4095995924215,239.78307840379142
2025-04-11,0.19615684090480318,0.22675736961451248,783.6057564333263,240.00983577340594
2025-04-14,0.2719474103383727,0.25803424818203147,783.8777038436647,240.26787002158798
2025-04-15,0.12316932862576463,0.11728829462819611,784.0008731722904,240.38515831621618
2025-04-16,0.1405635032308589,0.1563843928375948,784.1414366755213,240.54154270905377
2025-04-17,0.20065102757651626,0.24239580889827197,784.3420877030978,240.78393851795204
2025-04-18,0.1488701172341895,0.17984205176323403,784.490957820332,240.96378056971528
2025-04-21,0.1229796620630261,0.14856517319571508,784.613937482395,241.112345742911
2025-04-22,0.3649694986968046,0.19548049104699353,784.9789069810919,241.307826233958
2025-04-23,0.07767136551349016,0.0938306357025569,785.0565783466054,241.40165686966054
2025-04-24,0.1488701172341895,0.17984205176323403,785.2054484638396,241.5814989214238
2025-04-25,0.16181534481977117,0.19548049104699353,785.3672638086593,241.77697941247078
2025-04-26,0.012945227585581694,0.01563843928375948,785.3802090362449,241.79261785175453
2025-04-28,0.19761052776064095,0.24239580889827197,785.5778195640055,242.0350136606528
2025-04-29,0.07767136551349016,0.0938306357025569,785.655490929519,242.12884429635534
2025-04-30,0.12945227585581695,0.1563843928375948,785.7849432053748,242.28522868919293
2025-05-01,0.11650704827023525,0.14074595355383535,785.9014502536451,242.42597464274678
2025-05-02,0.1781926863822684,0.21893814997263275,786.0796429400274,242.64491279271942
2025-05-04,0.006472613792790847,0.00781921964187974,786.0861155538202,242.6527320123613
2025-05-05,0.16828795861256202,0.20329971068887326,786.2544035124328,242.85603172305017
2025-05-06,0.13440463974067013,0.16420361247947457,786.3888081521734,243.02023533552963
2025-05-07,0.1100344344774444,0.13292673391195559,786.4988425866509,243.15316206944158
2025-05-08,0.06967850181276165,0.08601141606067715,786.5685210884636,243.23917348550225
2025-05-09,0.14965334555626988,0.19548049104699353,786.7181744340199,243.43465397654924
2025-05-11,0.01941784137837254,0.023457658925639224,786.7375922753984,243.4581116354749
2025-05-12,0.23586110416352846,0.16420361247947457,786.9734533795619,243.62231524795436
2025-05-13,0.0970892068918627,0.11728829462819611,787.0705425864537,243.73960354258256
2025-05-14,0.20560339146136944,0.2502150285401517,787.2761459779151,243.9898185711227
2025-05-15,0.1100344344774444,0.13292673391195559,787.3861804123926,244.12274530503464
2025-05-16,0.11650704827023525,0.14074595355383535,787.5026874606629,244.2634912585885
2025-05-19,0.1488701172341895,0.17984205176323403,787.651557577897,244.44333331035173
2025-05-20,0.16828795861256202,0.20329971068887326,787.8198455365097,244.6466330210406
2025-05-21,0.12793202594787928,0.1563843928375948,787.9477775624575,244.8030174138782
2025-05-22,0.16029509491183352,0.19548049104699353,788.1080726573693,244.9984979049252
2025-05-23,0.09963301789411669,0.04691531785127845,788.2077056752635,245.04541322277646
2025-05-24,0.01941784137837254,0.023457658925639224,788.2271235166419,245.0688708817021
2025-05-26,0.05178091034232678,0.06255375713503793,788.2789044269842,245.13142463883716
2025-05-27,0.17667243647433073,0.21893814997263275,788.4555768634585,245.3503627888098
2025-05-28,0.18770579999093456,0.22675736961451248,788.6432826634494,245.57712015842432
2025-05-29,0.20065102757651626,0.24239580889827197,788.843933691026,245.8195159673226
2025-05-30,0.17324032249741522,0.211118930330753,789.0171740135235,246.03063489765333
2025-06-02,0.17195722855420725,0.211118930330753,789.1891312420777,246.24175382798407
2025-06-03,0.15534273102698032,0.1876612714051138,789.3444739731046,246.4294150993892
2025-06-04,0.1229796620630261,0.14856517319571508,789.4674536351677,246.5779802725849
2025-06-05,0.1100344344774444,0.13292673391195559,789.5774880696451,246.71090700649685
2025-06-06,0.0970892068918627,0.11728829462819611,789.674577276537,246.82819530112505
2025-06-07,0.012945227585581694,0.01563843928375948,789.6875225041225,246.8438337404088
2025-06-08,0.006472613792790847,0.00781921964187974,789.6939951179153,246.85165296005067
2025-06-09,0.1359248896486078,0.16420361247947457,789.8299200075639,247.01585657253014
2025-06-10,0.1359248896486078,0.16420361247947457,789.9658448972126,247.1800601850096
2025-06-11,0.12145941215508843,0.14856517319571508,790.0873043093677,247.32862535820533
2025-06-12,0.22350548102720202,0.211118930330753,790.310809790395,247.53974428853607
2025-06-13,0.5053826376151409,0.21893814997263275,790.8161924280101,247.7586824385087
2025-06-14,0.012945227585581694,0.01563843928375948,790.8291376555957,247.77432087779246
2025-06-16,0.12945227585581695,0.1563843928375948,790.9585899314515,247.93070527063006
2025-06-17,0.2833390542599139,0.2502150285401517,791.2419289857114,248.1809202991702
2025-06-18,0.1488701172341895,0.17984205176323403,791.3907991029456,248.36076235093344
2025-06-19,0.07767136551349016,0.0938306357025569,791.4684704684591,248.454592986636
2025-06-20,0.23948671033326135,0.2893111267495504,791.7079571787924,248.74390411338553
2025-06-22,0.01941784137837254,0.023457658925639224,791.7273750201708,248.76736177231118
2025-06-23,0.12945227585581695,0.1563843928375948,791.8568272960266,248.92374616514877
2025-06-24,0.09061659309907186,0.10946907498631638,791.9474438891257,249.0332152401351
2025-06-25,0.12145941215508843,0.14856517319571508,792.0689033012808,249.1817804133308
2025-06-26,0.15534273102698032,0.1876612714051138,792.2242460323077,249.36944168473593
2025-06-27,0.10356182068465355,0.12510751427007585,792.3278078529924,249.494549199006
2025-06-28,0.006472613792790847,0.00781921964187974,792.3342804667851,249.50236841864788
2025-06-30,0.9985604898252844,0.17984205176323403,793.3328409566104,249.68221047041112
