cell_id,lat,lon,year,ghi_midday_mean
0,21.73,-158.34,2013,795.7036529680365
1,21.69,-158.34,2013,794.8164383561644
2,21.65,-158.34,2013,792.2013698630137
3,21.61,-158.34,2013,783.0808219178082
4,21.57,-158.34,2013,781.5698630136986
5,21.53,-158.34,2013,765.4771689497717
6,21.49,-158.34,2013,775.6205479452054
7,21.45,-158.34,2013,778.8077625570776
8,21.41,-158.34,2013,775.9684931506849
9,21.37,-158.34,2013,772.6187214611872
10,21.33,-158.34,2013,780.7365296803653
11,21.29,-158.34,2013,784.6337899543379
12,21.25,-158.34,2013,791.5817351598173
13,21.21,-158.34,2013,802.8844748858447
14,21.73,-158.3,2013,789.783105022831
15,21.69,-158.3,2013,788.9045662100457
16,21.65,-158.3,2013,784.5264840182648
17,21.61,-158.3,2013,783.9844748858447
18,21.57,-158.3,2013,776.5255707762557
19,21.53,-158.3,2013,755.2986301369863
20,21.49,-158.3,2013,765.1
21,21.45,-158.3,2013,767.3579908675799
22,21.41,-158.3,2013,758.5356164383562
23,21.37,-158.3,2013,770.2502283105023
24,21.33,-158.3,2013,772.4739726027398
25,21.29,-158.3,2013,782.9876712328767
26,21.25,-158.3,2013,785.0648401826484
27,21.21,-158.3,2013,796.3095890410959
28,21.73,-158.26,2013,789.8059360730593
29,21.69,-158.26,2013,790.7127853881278
30,21.65,-158.26,2013,782.4721461187214
31,21.61,-158.26,2013,771.9543378995434
32,21.57,-158.26,2013,734.0004566210046
33,21.53,-158.26,2013,718.1401826484018
34,21.49,-158.26,2013,744.8041095890411
35,21.45,-158.26,2013,749.4018264840182
36,21.41,-158.26,2013,753.7917808219178
37,21.37,-158.26,2013,760.9141552511416
38,21.33,-158.26,2013,766.445205479452
39,21.29,-158.26,2013,774.9876712328767
40,21.25,-158.26,2013,776.741095890411
41,21.21,-158.26,2013,791.3872146118722
42,21.73,-158.22,2013,788.9351598173516
43,21.69,-158.22,2013,789.1730593607306
44,21.65,-158.22,2013,777.6744292237443
45,21.61,-158.22,2013,754.6438356164383
46,21.57,-158.22,2013,664.4575342465754
47,21.53,-158.22,2013,663.4164383561643
48,21.49,-158.22,2013,642.8095890410959
49,21.45,-158.22,2013,708.4168949771689
50,21.41,-158.22,2013,744.6228310502283
51,21.37,-158.22,2013,752.2684931506849
52,21.33,-158.22,2013,759.4164383561643
53,21.29,-158.22,2013,780.8639269406393
54,21.25,-158.22,2013,766.465296803653
55,21.21,-158.22,2013,797.6228310502283
56,21.73,-158.18,2013,784.3753424657534
57,21.69,-158.18,2013,781.3534246575342
58,21.65,-158.18,2013,768.7315068493151
59,21.61,-158.18,2013,746.8648401826484
60,21.57,-158.18,2013,664.1954337899543
61,21.53,-158.18,2013,604.4237442922374
62,21.49,-158.18,2013,609.2607305936073
63,21.45,-158.18,2013,727.2931506849316
64,21.41,-158.18,2013,726.9159817351598
65,21.37,-158.18,2013,724.6497716894977
66,21.33,-158.18,2013,755.3360730593607
67,21.29,-158.18,2013,756.8579908675799
68,21.25,-158.18,2013,770.8940639269406
69,21.21,-158.18,2013,795.3465753424657
70,21.73,-158.14,2013,783.8223744292237
71,21.69,-158.14,2013,771.4296803652968
72,21.65,-158.14,2013,764.6735159817351
73,21.61,-158.14,2013,738.6497716894977
74,21.57,-158.14,2013,661.1885844748858
75,21.53,-158.14,2013,553.4817351598174
76,21.49,-158.14,2013,582.7447488584475
77,21.45,-158.14,2013,610.5383561643836
78,21.41,-158.14,2013,661.6639269406393
79,21.37,-158.14,2013,693.6981735159817
80,21.33,-158.14,2013,744.0027397260274
81,21.29,-158.14,2013,747.1438356164383
82,21.25,-158.14,2013,746.7529680365296
83,21.21,-158.14,2013,798.1150684931507
84,21.73,-158.1,2013,775.3095890410959
85,21.69,-158.1,2013,767.875799086758
86,21.65,-158.1,2013,755.1397260273973
87,21.61,-158.1,2013,747.8990867579909
88,21.57,-158.1,2013,687.3538812785388
89,21.53,-158.1,2013,606.3803652968037
90,21.49,-158.1,2013,628.3803652968037
91,21.45,-158.1,2013,625.972602739726
92,21.41,-158.1,2013,609.6474885844749
93,21.37,-158.1,2013,679.8666666666667
94,21.33,-158.1,2013,731.9762557077626
95,21.29,-158.1,2013,748.4246575342465
96,21.25,-158.1,2013,771.4319634703196
97,21.21,-158.1,2013,800.3945205479451
98,21.73,-158.06,2013,773.2178082191781
99,21.69,-158.06,2013,760.0082191780822
100,21.65,-158.06,2013,748.3703196347032
101,21.61,-158.06,2013,734.5205479452055
102,21.57,-158.06,2013,703.5867579908676
103,21.53,-158.06,2013,690.1369863013699
104,21.49,-158.06,2013,670.1657534246575
105,21.45,-158.06,2013,672.9041095890411
106,21.41,-158.06,2013,671.8351598173516
107,21.37,-158.06,2013,713.469406392694
108,21.33,-158.06,2013,717.703196347032
109,21.29,-158.06,2013,712.8068493150685
110,21.25,-158.06,2013,768.7068493150684
111,21.21,-158.06,2013,802.0278538812786
112,21.73,-158.02,2013,773.5155251141553
113,21.69,-158.02,2013,738.3150684931506
114,21.65,-158.02,2013,669.5762557077626
115,21.61,-158.02,2013,662.0319634703196
116,21.57,-158.02,2013,653.7803652968037
117,21.53,-158.02,2013,670.1031963470319
118,21.49,-158.02,2013,676.613698630137
119,21.45,-158.02,2013,677.1712328767123
120,21.41,-158.02,2013,701.5748858447489
121,21.37,-158.02,2013,724.9420091324201
122,21.33,-158.02,2013,756.5114155251141
123,21.29,-158.02,2013,726.3018264840183
124,21.25,-158.02,2013,773.1643835616438
125,21.21,-158.02,2013,801.327397260274
126,21.73,-157.98,2013,777.2497716894977
127,21.69,-157.98,2013,736.5091324200913
128,21.65,-157.98,2013,620.9027397260274
129,21.61,-157.98,2013,609.0173515981735
130,21.57,-157.98,2013,546.2392694063927
131,21.53,-157.98,2013,633.0086757990867
132,21.49,-157.98,2013,673.730593607306
133,21.45,-157.98,2013,673.9735159817352
134,21.41,-157.98,2013,700.4333333333333
135,21.37,-157.98,2013,728.3552511415525
136,21.33,-157.98,2013,769.7132420091324
137,21.29,-157.98,2013,733.6077625570776
138,21.25,-157.98,2013,771.8538812785388
139,21.21,-157.98,2013,798.2196347031963
140,21.73,-157.94,2013,770.245205479452
141,21.69,-157.94,2013,758.3401826484019
142,21.65,-157.94,2013,739.4182648401827
143,21.61,-157.94,2013,586.2570776255708
144,21.57,-157.94,2013,569.5292237442923
145,21.53,-157.94,2013,561.8931506849315
146,21.49,-157.94,2013,567.713698630137
147,21.45,-157.94,2013,609.5794520547945
148,21.41,-157.94,2013,653.1557077625571
149,21.37,-157.94,2013,715.6383561643836
150,21.33,-157.94,2013,767.1662100456621
151,21.29,-157.94,2013,741.5310502283105
152,21.25,-157.94,2013,770.3835616438356
153,21.21,-157.94,2013,800.5356164383562
154,21.73,-157.9,2013,762.9488584474885
155,21.69,-157.9,2013,759.1885844748858
156,21.65,-157.9,2013,721.8808219178082
157,21.61,-157.9,2013,670.3502283105023
158,21.57,-157.9,2013,569.489497716895
159,21.53,-157.9,2013,498.68584474885847
160,21.49,-157.9,2013,412.6538812785388
161,21.45,-157.9,2013,458.0159817351598
162,21.41,-157.9,2013,484.7977168949772
163,21.37,-157.9,2013,690.6004566210046
164,21.33,-157.9,2013,761.2844748858447
165,21.29,-157.9,2013,751.2342465753425
166,21.25,-157.9,2013,773.0744292237443
167,21.21,-157.9,2013,796.6634703196347
168,21.73,-157.86,2013,764.6579908675799
169,21.69,-157.86,2013,759.5100456621004
170,21.65,-157.86,2013,736.3707762557077
171,21.61,-157.86,2013,726.2602739726027
172,21.57,-157.86,2013,694.9013698630137
173,21.53,-157.86,2013,688.5872146118721
174,21.49,-157.86,2013,578.4392694063927
175,21.45,-157.86,2013,526.1821917808219
176,21.41,-157.86,2013,482.5744292237443
177,21.37,-157.86,2013,624.8456621004566
178,21.33,-157.86,2013,714.2132420091324
179,21.29,-157.86,2013,741.0913242009133
180,21.25,-157.86,2013,778.5191780821917
181,21.21,-157.86,2013,795.9835616438356
182,21.73,-157.82,2013,766.9926940639269
183,21.69,-157.82,2013,757.3187214611872
184,21.65,-157.82,2013,753.8420091324201
185,21.61,-157.82,2013,748.9
186,21.57,-157.82,2013,744.4570776255708
187,21.53,-157.82,2013,736.0369863013699
188,21.49,-157.82,2013,649.6228310502283
189,21.45,-157.82,2013,684.1
190,21.41,-157.82,2013,569.7283105022831
191,21.37,-157.82,2013,444.5876712328767
192,21.33,-157.82,2013,554.2059360730593
193,21.29,-157.82,2013,716.4442922374429
194,21.25,-157.82,2013,763.4680365296804
195,21.21,-157.82,2013,798.3826484018265
196,21.73,-157.78,2013,768.762100456621
197,21.69,-157.78,2013,768.4899543378996
198,21.65,-157.78,2013,764.2739726027397
199,21.61,-157.78,2013,758.7260273972603
200,21.57,-157.78,2013,754.5009132420091
201,21.53,-157.78,2013,749.0264840182648
202,21.49,-157.78,2013,730.7502283105023
203,21.45,-157.78,2013,739.4753424657534
204,21.41,-157.78,2013,694.5269406392694
205,21.37,-157.78,2013,647.6287671232876
206,21.33,-157.78,2013,510.2296803652968
207,21.29,-157.78,2013,668.1077625570776
208,21.25,-157.78,2013,763.5849315068493
209,21.21,-157.78,2013,796.8648401826484
210,21.73,-157.74,2013,770.0497716894977
211,21.69,-157.74,2013,766.948401826484
212,21.65,-157.74,2013,763.2232876712329
213,21.61,-157.74,2013,760.1990867579908
214,21.57,-157.74,2013,757.6840182648402
215,21.53,-157.74,2013,760.1132420091324
216,21.49,-157.74,2013,755.1401826484018
217,21.45,-157.74,2013,771.1415525114155
218,21.41,-157.74,2013,731.4566210045662
219,21.37,-157.74,2013,718.7648401826484
220,21.33,-157.74,2013,578.5059360730594
221,21.29,-157.74,2013,604.9401826484018
222,21.25,-157.74,2013,755.654794520548
223,21.21,-157.74,2013,793.3968036529681
224,21.73,-157.7,2013,773.0
225,21.69,-157.7,2013,770.4433789954338
226,21.65,-157.7,2013,768.4123287671233
227,21.61,-157.7,2013,761.8643835616439
228,21.57,-157.7,2013,755.7310502283106
229,21.53,-157.7,2013,764.8461187214612
230,21.49,-157.7,2013,770.3785388127853
231,21.45,-157.7,2013,764.1360730593607
232,21.41,-157.7,2013,767.6050228310502
233,21.37,-157.7,2013,733.4744292237443
234,21.33,-157.7,2013,695.6904109589041
235,21.29,-157.7,2013,654.4429223744293
236,21.25,-157.7,2013,758.4342465753425
237,21.21,-157.7,2013,792.1808219178082
238,21.73,-157.66,2013,776.796803652968
239,21.69,-157.66,2013,773.6995433789955
240,21.65,-157.66,2013,770.8730593607306
241,21.61,-157.66,2013,769.5123287671233
242,21.57,-157.66,2013,767.5269406392694
243,21.53,-157.66,2013,766.1520547945205
244,21.49,-157.66,2013,768.7981735159817
245,21.45,-157.66,2013,767.9826484018265
246,21.41,-157.66,2013,769.3849315068493
247,21.37,-157.66,2013,762.7739726027397
248,21.33,-157.66,2013,757.0890410958904
249,21.29,-157.66,2013,756.1602739726028
250,21.25,-157.66,2013,782.8232876712328
251,21.21,-157.66,2013,795.1068493150685
252,21.65,-157.62,2013,772.907305936073
253,21.61,-157.62,2013,772.2885844748859
254,21.57,-157.62,2013,776.2940639269407
255,21.53,-157.62,2013,775.3269406392694
256,21.49,-157.62,2013,773.1406392694064
257,21.45,-157.62,2013,769.6904109589041
258,21.41,-157.62,2013,770.7127853881278
259,21.37,-157.62,2013,779.0780821917808
260,21.33,-157.62,2013,782.2406392694064
261,21.29,-157.62,2013,788.7488584474886
262,21.25,-157.62,2013,788.1214611872147
263,21.21,-157.62,2013,797.7643835616439
0,21.73,-158.34,2014,792.6219178082192
1,21.69,-158.34,2014,791.7584474885845
2,21.65,-158.34,2014,791.2397260273973
3,21.61,-158.34,2014,786.3643835616439
4,21.57,-158.34,2014,786.0356164383562
5,21.53,-158.34,2014,777.7205479452055
6,21.49,-158.34,2014,784.7369863013698
7,21.45,-158.34,2014,786.6826484018264
8,21.41,-158.34,2014,783.1876712328767
9,21.37,-158.34,2014,780.4917808219178
10,21.33,-158.34,2014,786.4301369863014
11,21.29,-158.34,2014,789.3095890410959
12,21.25,-158.34,2014,794.9027397260274
13,21.21,-158.34,2014,800.7506849315068
14,21.73,-158.3,2014,789.7474885844749
15,21.69,-158.3,2014,784.9913242009133
16,21.65,-158.3,2014,783.17899543379
17,21.61,-158.3,2014,783.8415525114156
18,21.57,-158.3,2014,781.1018264840183
19,21.53,-158.3,2014,767.9365296803653
20,21.49,-158.3,2014,770.0904109589042
21,21.45,-158.3,2014,776.9730593607306
22,21.41,-158.3,2014,768.0488584474886
23,21.37,-158.3,2014,778.3716894977169
24,21.33,-158.3,2014,781.4182648401827
25,21.29,-158.3,2014,785.3867579908676
26,21.25,-158.3,2014,788.6027397260274
27,21.21,-158.3,2014,793.369406392694
28,21.73,-158.26,2014,787.716894977169
29,21.69,-158.26,2014,784.530593607306
30,21.65,-158.26,2014,781.834703196347
31,21.61,-158.26,2014,774.4077625570776
32,21.57,-158.26,2014,750.7082191780822
33,21.53,-158.26,2014,738.537899543379
34,21.49,-158.26,2014,751.006392694064
35,21.45,-158.26,2014,754.4283105022831
36,21.41,-158.26,2014,767.7214611872146
37,21.37,-158.26,2014,770.062100456621
38,21.33,-158.26,2014,773.8566210045663
39,21.29,-158.26,2014,776.4789954337899
40,21.25,-158.26,2014,779.172602739726
41,21.21,-158.26,2014,791.2420091324201
42,21.73,-158.22,2014,785.9748858447489
43,21.69,-158.22,2014,782.4534246575342
44,21.65,-158.22,2014,779.3360730593607
45,21.61,-158.22,2014,756.5767123287671
46,21.57,-158.22,2014,679.110502283105
47,21.53,-158.22,2014,689.7602739726027
48,21.49,-158.22,2014,665.2232876712329
49,21.45,-158.22,2014,717.4292237442922
50,21.41,-158.22,2014,762.8771689497717
51,21.37,-158.22,2014,766.1127853881278
52,21.33,-158.22,2014,772.0931506849315
53,21.29,-158.22,2014,780.9479452054794
54,21.25,-158.22,2014,767.7534246575342
55,21.21,-158.22,2014,798.469406392694
56,21.73,-158.18,2014,779.2045662100456
57,21.69,-158.18,2014,775.7187214611872
58,21.65,-158.18,2014,766.7940639269407
59,21.61,-158.18,2014,745.7949771689498
60,21.57,-158.18,2014,672.8579908675799
61,21.53,-158.18,2014,629.2785388127854
62,21.49,-158.18,2014,629.0972602739726
63,21.45,-158.18,2014,737.0433789954338
64,21.41,-158.18,2014,733.6470319634703
65,21.37,-158.18,2014,734.4228310502283
66,21.33,-158.18,2014,765.2835616438356
67,21.29,-158.18,2014,751.1146118721462
68,21.25,-158.18,2014,779.8767123287671
69,21.21,-158.18,2014,789.5890410958904
70,21.73,-158.14,2014,774.7584474885845
71,21.69,-158.14,2014,766.1771689497717
72,21.65,-158.14,2014,757.8095890410959
73,21.61,-158.14,2014,745.1269406392694
74,21.57,-158.14,2014,668.0525114155251
75,21.53,-158.14,2014,572.5538812785388
76,21.49,-158.14,2014,591.2986301369863
77,21.45,-158.14,2014,617.45799086758
78,21.41,-158.14,2014,671.0735159817351
79,21.37,-158.14,2014,714.2922374429223
80,21.33,-158.14,2014,742.5881278538812
81,21.29,-158.14,2014,745.4146118721461
82,21.25,-158.14,2014,742.165296803653
83,21.21,-158.14,2014,792.2607305936073
84,21.73,-158.1,2014,767.9200913242009
85,21.69,-158.1,2014,757.2050228310502
86,21.65,-158.1,2014,753.1200913242009
87,21.61,-158.1,2014,744.9022831050228
88,21.57,-158.1,2014,695.9004566210045
89,21.53,-158.1,2014,620.4506849315069
90,21.49,-158.1,2014,631.1406392694064
91,21.45,-158.1,2014,627.4858447488584
92,21.41,-158.1,2014,633.582191780822
93,21.37,-158.1,2014,698.475799086758
94,21.33,-158.1,2014,746.8945205479451
95,21.29,-158.1,2014,746.3278538812785
96,21.25,-158.1,2014,774.5716894977169
97,21.21,-158.1,2014,793.5767123287671
98,21.73,-158.06,2014,762.513698630137
99,21.69,-158.06,2014,748.8726027397261
100,21.65,-158.06,2014,742.0328767123287
101,21.61,-158.06,2014,734.493607305936
102,21.57,-158.06,2014,707.9776255707762
103,21.53,-158.06,2014,689.6264840182648
104,21.49,-158.06,2014,675.210502283105
105,21.45,-158.06,2014,678.6497716894977
106,21.41,-158.06,2014,689.4840182648402
107,21.37,-158.06,2014,730.351598173516
108,21.33,-158.06,2014,734.4675799086758
109,21.29,-158.06,2014,726.9305936073059
110,21.25,-158.06,2014,770.2598173515981
111,21.21,-158.06,2014,796.0410958904109
112,21.73,-158.02,2014,762.3593607305936
113,21.69,-158.02,2014,735.5917808219178
114,21.65,-158.02,2014,679.716894977169
115,21.61,-158.02,2014,666.4849315068493
116,21.57,-158.02,2014,664.9735159817352
117,21.53,-158.02,2014,678.0424657534246
118,21.49,-158.02,2014,687.5022831050228
119,21.45,-158.02,2014,689.5301369863014
120,21.41,-158.02,2014,702.8575342465754
121,21.37,-158.02,2014,737.0534246575343
122,21.33,-158.02,2014,762.3607305936073
123,21.29,-158.02,2014,742.289497716895
124,21.25,-158.02,2014,777.4625570776255
125,21.21,-158.02,2014,799.5447488584475
126,21.73,-157.98,2014,770.9671232876713
127,21.69,-157.98,2014,735.8940639269406
128,21.65,-157.98,2014,642.9684931506849
129,21.61,-157.98,2014,636.5543378995434
130,21.57,-157.98,2014,580.0228310502283
131,21.53,-157.98,2014,654.9497716894978
132,21.49,-157.98,2014,691.4611872146119
133,21.45,-157.98,2014,693.1100456621004
134,21.41,-157.98,2014,719.1575342465753
135,21.37,-157.98,2014,737.7068493150684
136,21.33,-157.98,2014,780.7082191780822
137,21.29,-157.98,2014,747.7566210045662
138,21.25,-157.98,2014,781.7406392694064
139,21.21,-157.98,2014,799.6388127853882
140,21.73,-157.94,2014,764.1269406392694
141,21.69,-157.94,2014,757.0497716894977
142,21.65,-157.94,2014,746.4155251141552
143,21.61,-157.94,2014,605.696803652968
144,21.57,-157.94,2014,603.8899543378996
145,21.53,-157.94,2014,593.4716894977169
146,21.49,-157.94,2014,609.5872146118721
147,21.45,-157.94,2014,643.0557077625571
148,21.41,-157.94,2014,680.7721461187215
149,21.37,-157.94,2014,737.1625570776256
150,21.33,-157.94,2014,783.8730593607306
151,21.29,-157.94,2014,757.6415525114155
152,21.25,-157.94,2014,780.4926940639269
153,21.21,-157.94,2014,800.2785388127854
154,21.73,-157.9,2014,764.0388127853881
155,21.69,-157.9,2014,761.2598173515981
156,21.65,-157.9,2014,727.5584474885844
157,21.61,-157.9,2014,685.9296803652968
158,21.57,-157.9,2014,617.9785388127854
159,21.53,-157.9,2014,559.4196347031964
160,21.49,-157.9,2014,486.3173515981735
161,21.45,-157.9,2014,520.7625570776256
162,21.41,-157.9,2014,537.192694063927
163,21.37,-157.9,2014,708.1214611872147
164,21.33,-157.9,2014,772.1602739726028
165,21.29,-157.9,2014,764.7566210045662
166,21.25,-157.9,2014,779.1876712328767
167,21.21,-157.9,2014,797.8872146118722
168,21.73,-157.86,2014,765.4680365296804
169,21.69,-157.86,2014,755.1899543378995
170,21.65,-157.86,2014,744.72100456621
171,21.61,-157.86,2014,734.3264840182649
172,21.57,-157.86,2014,705.8767123287671
173,21.53,-157.86,2014,702.3287671232877
174,21.49,-157.86,2014,626.3351598173516
175,21.45,-157.86,2014,567.506392694064
176,21.41,-157.86,2014,534.2958904109589
177,21.37,-157.86,2014,652.8607305936073
178,21.33,-157.86,2014,734.1657534246575
179,21.29,-157.86,2014,754.7716894977169
180,21.25,-157.86,2014,778.9255707762557
181,21.21,-157.86,2014,792.2881278538813
182,21.73,-157.82,2014,764.8365296803653
183,21.69,-157.82,2014,759.9981735159818
184,21.65,-157.82,2014,756.7351598173516
185,21.61,-157.82,2014,753.5789954337899
186,21.57,-157.82,2014,750.662100456621
187,21.53,-157.82,2014,742.8374429223744
188,21.49,-157.82,2014,668.6045662100456
189,21.45,-157.82,2014,706.5278538812786
190,21.41,-157.82,2014,616.4105022831051
191,21.37,-157.82,2014,484.5712328767123
192,21.33,-157.82,2014,587.3867579908676
193,21.29,-157.82,2014,732.0899543378996
194,21.25,-157.82,2014,769.9383561643835
195,21.21,-157.82,2014,790.9333333333333
196,21.73,-157.78,2014,769.7799086757991
197,21.69,-157.78,2014,769.2634703196347
198,21.65,-157.78,2014,764.4388127853881
199,21.61,-157.78,2014,758.134703196347
200,21.57,-157.78,2014,758.1771689497717
201,21.53,-157.78,2014,751.0479452054794
202,21.49,-157.78,2014,739.9584474885845
203,21.45,-157.78,2014,744.6858447488585
204,21.41,-157.78,2014,711.989497716895
205,21.37,-157.78,2014,677.037899543379
206,21.33,-157.78,2014,553.7561643835617
207,21.29,-157.78,2014,692.6739726027397
208,21.25,-157.78,2014,769.5657534246575
209,21.21,-157.78,2014,786.4401826484018
210,21.73,-157.74,2014,773.0018264840182
211,21.69,-157.74,2014,768.8118721461187
212,21.65,-157.74,2014,767.9237442922374
213,21.61,-157.74,2014,760.6675799086757
214,21.57,-157.74,2014,760.2735159817352
215,21.53,-157.74,2014,759.3205479452055
216,21.49,-157.74,2014,754.2333333333333
217,21.45,-157.74,2014,771.948401826484
218,21.41,-157.74,2014,739.8470319634703
219,21.37,-157.74,2014,735.020091324201
220,21.33,-157.74,2014,605.9328767123287
221,21.29,-157.74,2014,645.7762557077625
222,21.25,-157.74,2014,761.554794520548
223,21.21,-157.74,2014,786.1155251141553
224,21.73,-157.7,2014,774.3922374429224
225,21.69,-157.7,2014,775.5698630136986
226,21.65,-157.7,2014,769.0452054794521
227,21.61,-157.7,2014,765.7406392694064
228,21.57,-157.7,2014,762.5077625570776
229,21.53,-157.7,2014,765.3890410958904
230,21.49,-157.7,2014,768.362100456621
231,21.45,-157.7,2014,765.8630136986301
232,21.41,-157.7,2014,767.6648401826484
233,21.37,-157.7,2014,740.8328767123288
234,21.33,-157.7,2014,712.0187214611872
235,21.29,-157.7,2014,680.7529680365296
236,21.25,-157.7,2014,760.5858447488584
237,21.21,-157.7,2014,786.0237442922374
238,21.73,-157.66,2014,775.510502283105
239,21.69,-157.66,2014,772.5082191780822
240,21.65,-157.66,2014,771.0004566210046
241,21.61,-157.66,2014,770.6958904109589
242,21.57,-157.66,2014,772.0894977168949
243,21.53,-157.66,2014,769.3579908675799
244,21.49,-157.66,2014,770.5155251141553
245,21.45,-157.66,2014,767.3703196347032
246,21.41,-157.66,2014,768.0689497716895
247,21.37,-157.66,2014,764.5132420091325
248,21.33,-157.66,2014,757.4776255707762
249,21.29,-157.66,2014,758.2835616438356
250,21.25,-157.66,2014,777.1913242009132
251,21.21,-157.66,2014,787.1954337899543
252,21.65,-157.62,2014,774.1470319634703
253,21.61,-157.62,2014,777.5182648401826
254,21.57,-157.62,2014,774.9388127853881
255,21.53,-157.62,2014,774.4785388127854
256,21.49,-157.62,2014,772.2579908675799
257,21.45,-157.62,2014,769.9150684931507
258,21.41,-157.62,2014,767.0557077625571
259,21.37,-157.62,2014,772.5223744292238
260,21.33,-157.62,2014,773.7853881278539
261,21.29,-157.62,2014,780.4301369863014
262,21.25,-157.62,2014,782.3680365296804
263,21.21,-157.62,2014,792.4835616438356
0,21.73,-158.34,2015,795.448401826484
1,21.69,-158.34,2015,793.8219178082192
2,21.65,-158.34,2015,793.1817351598173
3,21.61,-158.34,2015,785.4972602739726
4,21.57,-158.34,2015,782.3506849315069
5,21.53,-158.34,2015,779.4036529680366
6,21.49,-158.34,2015,787.8876712328768
7,21.45,-158.34,2015,784.4849315068493
8,21.41,-158.34,2015,786.8753424657534
9,21.37,-158.34,2015,783.8301369863013
10,21.33,-158.34,2015,791.9634703196347
11,21.29,-158.34,2015,793.913698630137
12,21.25,-158.34,2015,801.1050228310502
13,21.21,-158.34,2015,809.3251141552512
14,21.73,-158.3,2015,789.8849315068493
15,21.69,-158.3,2015,786.451598173516
16,21.65,-158.3,2015,784.5977168949772
17,21.61,-158.3,2015,782.7506849315068
18,21.57,-158.3,2015,777.0853881278539
19,21.53,-158.3,2015,766.0296803652968
20,21.49,-158.3,2015,773.2132420091324
21,21.45,-158.3,2015,776.0287671232877
22,21.41,-158.3,2015,771.6004566210046
23,21.37,-158.3,2015,781.816894977169
24,21.33,-158.3,2015,783.2114155251141
25,21.29,-158.3,2015,787.8324200913243
26,21.25,-158.3,2015,787.6630136986302
27,21.21,-158.3,2015,805.4420091324201
28,21.73,-158.26,2015,785.7684931506849
29,21.69,-158.26,2015,784.1433789954337
30,21.65,-158.26,2015,781.5753424657535
31,21.61,-158.26,2015,773.7424657534247
32,21.57,-158.26,2015,744.5780821917808
33,21.53,-158.26,2015,745.0315068493151
34,21.49,-158.26,2015,750.8803652968037
35,21.45,-158.26,2015,753.3082191780821
36,21.41,-158.26,2015,768.2794520547945
37,21.37,-158.26,2015,772.2086757990868
38,21.33,-158.26,2015,775.5876712328767
39,21.29,-158.26,2015,786.8899543378996
40,21.25,-158.26,2015,788.6885844748858
41,21.21,-158.26,2015,801.7552511415525
42,21.73,-158.22,2015,784.5872146118721
43,21.69,-158.22,2015,782.6812785388128
44,21.65,-158.22,2015,777.8442922374429
45,21.61,-158.22,2015,752.0639269406392
46,21.57,-158.22,2015,677.2228310502284
47,21.53,-158.22,2015,683.3840182648402
48,21.49,-158.22,2015,662.7630136986302
49,21.45,-158.22,2015,723.1716894977169
50,21.41,-158.22,2015,759.4447488584475
51,21.37,-158.22,2015,762.8908675799087
52,21.33,-158.22,2015,768.5566210045662
53,21.29,-158.22,2015,788.2360730593607
54,21.25,-158.22,2015,774.6118721461187
55,21.21,-158.22,2015,806.548401826484
56,21.73,-158.18,2015,782.7456621004566
57,21.69,-158.18,2015,779.0963470319634
58,21.65,-158.18,2015,759.1936073059361
59,21.61,-158.18,2015,735.0881278538812
60,21.57,-158.18,2015,658.2251141552512
61,21.53,-158.18,2015,613.334703196347
62,21.49,-158.18,2015,629.2470319634704
63,21.45,-158.18,2015,741.7707762557078
64,21.41,-158.18,2015,726.5511415525115
65,21.37,-158.18,2015,728.7095890410959
66,21.33,-158.18,2015,768.3977168949772
67,21.29,-158.18,2015,767.7100456621005
68,21.25,-158.18,2015,786.8566210045663
69,21.21,-158.18,2015,801.2904109589041
70,21.73,-158.14,2015,777.1205479452054
71,21.69,-158.14,2015,764.8429223744292
72,21.65,-158.14,2015,754.3369863013698
73,21.61,-158.14,2015,728.3566210045663
74,21.57,-158.14,2015,651.9630136986301
75,21.53,-158.14,2015,544.9036529680366
76,21.49,-158.14,2015,600.7063926940639
77,21.45,-158.14,2015,629.5410958904109
78,21.41,-158.14,2015,678.6018264840183
79,21.37,-158.14,2015,712.8598173515982
80,21.33,-158.14,2015,761.2392694063927
81,21.29,-158.14,2015,759.2045662100456
82,21.25,-158.14,2015,754.4534246575342
83,21.21,-158.14,2015,801.1091324200913
84,21.73,-158.1,2015,777.3625570776255
85,21.69,-158.1,2015,766.889497716895
86,21.65,-158.1,2015,749.8269406392694
87,21.61,-158.1,2015,734.2977168949772
88,21.57,-158.1,2015,682.5872146118721
89,21.53,-158.1,2015,598.0712328767123
90,21.49,-158.1,2015,622.0278538812786
91,21.45,-158.1,2015,620.8616438356164
92,21.41,-158.1,2015,630.6283105022831
93,21.37,-158.1,2015,704.0401826484018
94,21.33,-158.1,2015,745.9602739726027
95,21.29,-158.1,2015,758.6712328767123
96,21.25,-158.1,2015,787.1086757990868
97,21.21,-158.1,2015,804.1141552511416
98,21.73,-158.06,2015,775.5356164383562
99,21.69,-158.06,2015,761.3913242009132
100,21.65,-158.06,2015,741.9570776255708
101,21.61,-158.06,2015,732.3684931506849
102,21.57,-158.06,2015,707.1287671232876
103,21.53,-158.06,2015,694.3543378995433
104,21.49,-158.06,2015,668.3465753424657
105,21.45,-158.06,2015,663.32100456621
106,21.41,-158.06,2015,677.751598173516
107,21.37,-158.06,2015,734.8698630136986
108,21.33,-158.06,2015,739.1447488584475
109,21.29,-158.06,2015,736.2351598173516
110,21.25,-158.06,2015,781.9963470319635
111,21.21,-158.06,2015,807.4223744292237
112,21.73,-158.02,2015,773.4616438356164
113,21.69,-158.02,2015,747.6415525114155
114,21.65,-158.02,2015,668.8945205479451
115,21.61,-158.02,2015,656.0525114155251
116,21.57,-158.02,2015,652.596803652968
117,21.53,-158.02,2015,670.1744292237443
118,21.49,-158.02,2015,669.6223744292238
119,21.45,-158.02,2015,675.6054794520549
120,21.41,-158.02,2015,702.8593607305936
121,21.37,-158.02,2015,736.5086757990867
122,21.33,-158.02,2015,761.8707762557077
123,21.29,-158.02,2015,749.1849315068494
124,21.25,-158.02,2015,785.4383561643835
125,21.21,-158.02,2015,808.1479452054795
126,21.73,-157.98,2015,777.1570776255708
127,21.69,-157.98,2015,732.937899543379
128,21.65,-157.98,2015,619.5712328767123
129,21.61,-157.98,2015,609.4155251141552
130,21.57,-157.98,2015,553.2575342465753
131,21.53,-157.98,2015,648.1707762557078
132,21.49,-157.98,2015,682.1232876712329
133,21.45,-157.98,2015,683.1552511415525
134,21.41,-157.98,2015,707.5127853881279
135,21.37,-157.98,2015,732.6337899543379
136,21.33,-157.98,2015,778.8799086757991
137,21.29,-157.98,2015,749.9716894977169
138,21.25,-157.98,2015,783.0502283105022
139,21.21,-157.98,2015,809.0351598173517
140,21.73,-157.94,2015,764.6401826484018
141,21.69,-157.94,2015,746.7949771689498
142,21.65,-157.94,2015,731.1881278538813
143,21.61,-157.94,2015,586.4972602739726
144,21.57,-157.94,2015,557.5844748858448
145,21.53,-157.94,2015,561.3310502283105
146,21.49,-157.94,2015,582.1561643835616
147,21.45,-157.94,2015,623.7538812785388
148,21.41,-157.94,2015,656.417808219178
149,21.37,-157.94,2015,723.0812785388127
150,21.33,-157.94,2015,780.6109589041096
151,21.29,-157.94,2015,759.0538812785388
152,21.25,-157.94,2015,781.9876712328767
153,21.21,-157.94,2015,806.32100456621
154,21.73,-157.9,2015,758.5922374429224
155,21.69,-157.9,2015,748.6178082191781
156,21.65,-157.9,2015,711.8566210045663
157,21.61,-157.9,2015,657.7917808219178
158,21.57,-157.9,2015,582.1191780821918
159,21.53,-157.9,2015,518.3735159817352
160,21.49,-157.9,2015,463.4479452054794
161,21.45,-157.9,2015,502.7369863013699
162,21.41,-157.9,2015,513.3639269406393
163,21.37,-157.9,2015,700.683105022831
164,21.33,-157.9,2015,774.116894977169
165,21.29,-157.9,2015,767.6420091324201
166,21.25,-157.9,2015,782.7159817351599
167,21.21,-157.9,2015,803.8812785388128
168,21.73,-157.86,2015,760.6557077625571
169,21.69,-157.86,2015,745.9808219178083
170,21.65,-157.86,2015,727.307305936073
171,21.61,-157.86,2015,718.0570776255707
172,21.57,-157.86,2015,688.6538812785388
173,21.53,-157.86,2015,684.4091324200913
174,21.49,-157.86,2015,595.5333333333333
175,21.45,-157.86,2015,557.7493150684932
176,21.41,-157.86,2015,512.0018264840182
177,21.37,-157.86,2015,629.4319634703196
178,21.33,-157.86,2015,734.6150684931507
179,21.29,-157.86,2015,764.0899543378996
180,21.25,-157.86,2015,783.6159817351598
181,21.21,-157.86,2015,804.9986301369863
182,21.73,-157.82,2015,764.2561643835617
183,21.69,-157.82,2015,750.0817351598173
184,21.65,-157.82,2015,745.8502283105023
185,21.61,-157.82,2015,740.0634703196347
186,21.57,-157.82,2015,734.5744292237443
187,21.53,-157.82,2015,727.162100456621
188,21.49,-157.82,2015,645.9123287671233
189,21.45,-157.82,2015,682.6004566210046
190,21.41,-157.82,2015,586.1027397260274
191,21.37,-157.82,2015,473.3036529680365
192,21.33,-157.82,2015,559.9251141552511
193,21.29,-157.82,2015,730.230593607306
194,21.25,-157.82,2015,778.3182648401827
195,21.21,-157.82,2015,803.251598173516
196,21.73,-157.78,2015,765.154794520548
197,21.69,-157.78,2015,759.9433789954338
198,21.65,-157.78,2015,756.7566210045662
199,21.61,-157.78,2015,748.4022831050228
200,21.57,-157.78,2015,743.5155251141553
201,21.53,-157.78,2015,739.2356164383561
202,21.49,-157.78,2015,722.3598173515982
203,21.45,-157.78,2015,728.8712328767124
204,21.41,-157.78,2015,697.4977168949772
205,21.37,-157.78,2015,647.2127853881278
206,21.33,-157.78,2015,524.3520547945205
207,21.29,-157.78,2015,692.1465753424658
208,21.25,-157.78,2015,776.0780821917808
209,21.21,-157.78,2015,799.1173515981735
210,21.73,-157.74,2015,771.4525114155251
211,21.69,-157.74,2015,765.8876712328768
212,21.65,-157.74,2015,759.0890410958904
213,21.61,-157.74,2015,752.1995433789955
214,21.57,-157.74,2015,750.0086757990867
215,21.53,-157.74,2015,750.8520547945205
216,21.49,-157.74,2015,747.5333333333333
217,21.45,-157.74,2015,769.8027397260274
218,21.41,-157.74,2015,727.9319634703196
219,21.37,-157.74,2015,718.3634703196348
220,21.33,-157.74,2015,580.1625570776256
221,21.29,-157.74,2015,627.1557077625571
222,21.25,-157.74,2015,766.1666666666666
223,21.21,-157.74,2015,799.4922374429224
224,21.73,-157.7,2015,772.9917808219178
225,21.69,-157.7,2015,769.0018264840182
226,21.65,-157.7,2015,760.5502283105022
227,21.61,-157.7,2015,756.9305936073059
228,21.57,-157.7,2015,753.7844748858447
229,21.53,-157.7,2015,760.4954337899543
230,21.49,-157.7,2015,764.1990867579908
231,21.45,-157.7,2015,762.0876712328767
232,21.41,-157.7,2015,761.5232876712329
233,21.37,-157.7,2015,728.8771689497717
234,21.33,-157.7,2015,690.3684931506849
235,21.29,-157.7,2015,669.5086757990867
236,21.25,-157.7,2015,770.8365296803653
237,21.21,-157.7,2015,799.3666666666667
238,21.73,-157.66,2015,777.6721461187215
239,21.69,-157.66,2015,771.0182648401826
240,21.65,-157.66,2015,764.9849315068493
241,21.61,-157.66,2015,765.3301369863013
242,21.57,-157.66,2015,762.913698630137
243,21.53,-157.66,2015,765.4223744292237
244,21.49,-157.66,2015,763.7100456621005
245,21.45,-157.66,2015,762.5410958904109
246,21.41,-157.66,2015,760.9009132420091
247,21.37,-157.66,2015,758.4831050228311
248,21.33,-157.66,2015,749.5095890410959
249,21.29,-157.66,2015,749.5264840182648
250,21.25,-157.66,2015,784.082191780822
251,21.21,-157.66,2015,799.3662100456621
252,21.65,-157.62,2015,773.3214611872146
253,21.61,-157.62,2015,773.6438356164383
254,21.57,-157.62,2015,771.3506849315069
255,21.53,-157.62,2015,773.6753424657534
256,21.49,-157.62,2015,764.9164383561643
257,21.45,-157.62,2015,763.1438356164383
258,21.41,-157.62,2015,760.7497716894977
259,21.37,-157.62,2015,769.389497716895
260,21.33,-157.62,2015,773.1780821917808
261,21.29,-157.62,2015,785.227397260274
262,21.25,-157.62,2015,788.975799086758
263,21.21,-157.62,2015,800.7867579908676
0,21.73,-158.34,2016,814.8907103825137
1,21.69,-158.34,2016,818.7732240437158
2,21.65,-158.34,2016,818.4767759562842
3,21.61,-158.34,2016,816.4567395264116
4,21.57,-158.34,2016,816.9262295081967
5,21.53,-158.34,2016,813.5892531876138
6,21.49,-158.34,2016,815.1489071038251
7,21.45,-158.34,2016,807.6616575591985
8,21.41,-158.34,2016,804.3319672131148
9,21.37,-158.34,2016,802.5933515482695
10,21.33,-158.34,2016,805.7550091074681
11,21.29,-158.34,2016,804.0815118397086
12,21.25,-158.34,2016,806.2049180327868
13,21.21,-158.34,2016,815.8861566484517
14,21.73,-158.3,2016,811.3401639344262
15,21.69,-158.3,2016,813.5742258652094
16,21.65,-158.3,2016,812.0819672131148
17,21.61,-158.3,2016,814.7991803278688
18,21.57,-158.3,2016,806.5100182149363
19,21.53,-158.3,2016,803.7563752276867
20,21.49,-158.3,2016,798.7750455373406
21,21.45,-158.3,2016,795.0810564663024
22,21.41,-158.3,2016,794.7495446265938
23,21.37,-158.3,2016,799.0979052823316
24,21.33,-158.3,2016,800.1689435336976
25,21.29,-158.3,2016,799.974043715847
26,21.25,-158.3,2016,802.0409836065573
27,21.21,-158.3,2016,812.7103825136612
28,21.73,-158.26,2016,804.2377049180328
29,21.69,-158.26,2016,802.1894353369763
30,21.65,-158.26,2016,807.2978142076503
31,21.61,-158.26,2016,808.5045537340619
32,21.57,-158.26,2016,793.9257741347906
33,21.53,-158.26,2016,777.4394353369763
34,21.49,-158.26,2016,777.5500910746813
35,21.45,-158.26,2016,777.7090163934427
36,21.41,-158.26,2016,790.8123861566485
37,21.37,-158.26,2016,785.7094717668488
38,21.33,-158.26,2016,793.103825136612
39,21.29,-158.26,2016,799.5655737704918
40,21.25,-158.26,2016,803.0510018214936
41,21.21,-158.26,2016,811.5815118397086
42,21.73,-158.22,2016,803.6648451730418
43,21.69,-158.22,2016,800.5887978142076
44,21.65,-158.22,2016,798.6088342440802
45,21.61,-158.22,2016,789.7422586520947
46,21.57,-158.22,2016,706.9093806921676
47,21.53,-158.22,2016,746.433970856102
48,21.49,-158.22,2016,731.141621129326
49,21.45,-158.22,2016,756.7841530054645
50,21.41,-158.22,2016,775.5828779599271
51,21.37,-158.22,2016,774.8765938069216
52,21.33,-158.22,2016,776.7308743169399
53,21.29,-158.22,2016,782.4171220400729
54,21.25,-158.22,2016,790.5
55,21.21,-158.22,2016,817.6138433515483
56,21.73,-158.18,2016,802.6170309653917
57,21.69,-158.18,2016,797.5901639344262
58,21.65,-158.18,2016,784.8438069216758
59,21.61,-158.18,2016,771.2718579234972
60,21.57,-158.18,2016,649.6844262295082
61,21.53,-158.18,2016,691.16985428051
62,21.49,-158.18,2016,680.0869763205828
63,21.45,-158.18,2016,754.1020036429873
64,21.41,-158.18,2016,749.896174863388
65,21.37,-158.18,2016,743.4612932604736
66,21.33,-158.18,2016,751.9071038251366
67,21.29,-158.18,2016,764.275956284153
68,21.25,-158.18,2016,793.4417122040073
69,21.21,-158.18,2016,808.0428051001821
70,21.73,-158.14,2016,794.3697632058288
71,21.69,-158.14,2016,789.0300546448087
72,21.65,-158.14,2016,772.9562841530054
73,21.61,-158.14,2016,763.0578324225866
74,21.57,-158.14,2016,653.9189435336976
75,21.53,-158.14,2016,598.7827868852459
76,21.49,-158.14,2016,645.5505464480874
77,21.45,-158.14,2016,677.4867941712204
78,21.41,-158.14,2016,724.6079234972677
79,21.37,-158.14,2016,710.5792349726776
80,21.33,-158.14,2016,747.2827868852459
81,21.29,-158.14,2016,758.8870673952641
82,21.25,-158.14,2016,763.5218579234972
83,21.21,-158.14,2016,813.5091074681238
84,21.73,-158.1,2016,786.1744080145719
85,21.69,-158.1,2016,779.747723132969
86,21.65,-158.1,2016,763.1534608378871
87,21.61,-158.1,2016,746.66985428051
88,21.57,-158.1,2016,678.143897996357
89,21.53,-158.1,2016,572.0910746812386
90,21.49,-158.1,2016,585.8469945355191
91,21.45,-158.1,2016,589.2468123861566
92,21.41,-158.1,2016,673.4408014571949
93,21.37,-158.1,2016,727.0869763205828
94,21.33,-158.1,2016,750.7067395264116
95,21.29,-158.1,2016,756.1675774134791
96,21.25,-158.1,2016,748.9817850637522
97,21.21,-158.1,2016,818.5295992714025
98,21.73,-158.06,2016,782.356102003643
99,21.69,-158.06,2016,772.00956284153
100,21.65,-158.06,2016,753.5332422586521
101,21.61,-158.06,2016,739.7563752276867
102,21.57,-158.06,2016,716.0969945355191
103,21.53,-158.06,2016,693.6739526411658
104,21.49,-158.06,2016,666.8724954462659
105,21.45,-158.06,2016,664.9667577413479
106,21.41,-158.06,2016,648.4790528233151
107,21.37,-158.06,2016,735.6325136612022
108,21.33,-158.06,2016,742.4959016393443
109,21.29,-158.06,2016,727.5874316939891
110,21.25,-158.06,2016,769.0696721311475
111,21.21,-158.06,2016,821.3178506375227
112,21.73,-158.02,2016,782.5428051001821
113,21.69,-158.02,2016,755.5050091074681
114,21.65,-158.02,2016,691.8401639344262
115,21.61,-158.02,2016,699.0587431693989
116,21.57,-158.02,2016,700.4230418943533
117,21.53,-158.02,2016,710.5678506375227
118,21.49,-158.02,2016,692.280510018215
119,21.45,-158.02,2016,680.922131147541
120,21.41,-158.02,2016,692.8720400728597
121,21.37,-158.02,2016,732.856102003643
122,21.33,-158.02,2016,758.2923497267759
123,21.29,-158.02,2016,733.502276867031
124,21.25,-158.02,2016,794.4685792349727
125,21.21,-158.02,2016,821.6042805100183
126,21.73,-157.98,2016,779.8010018214936
127,21.69,-157.98,2016,706.936247723133
128,21.65,-157.98,2016,611.874772313297
129,21.61,-157.98,2016,606.0391621129326
130,21.57,-157.98,2016,615.1912568306011
131,21.53,-157.98,2016,688.3023679417122
132,21.49,-157.98,2016,693.356102003643
133,21.45,-157.98,2016,694.7618397085611
134,21.41,-157.98,2016,713.3260473588342
135,21.37,-157.98,2016,739.75
136,21.33,-157.98,2016,784.1826047358834
137,21.29,-157.98,2016,736.9776867030965
138,21.25,-157.98,2016,791.7950819672132
139,21.21,-157.98,2016,818.7258652094717
140,21.73,-157.94,2016,773.4389799635701
141,21.69,-157.94,2016,717.9139344262295
142,21.65,-157.94,2016,688.7609289617486
143,21.61,-157.94,2016,610.2850637522769
144,21.57,-157.94,2016,580.4840619307832
145,21.53,-157.94,2016,637.507285974499
146,21.49,-157.94,2016,646.0523679417122
147,21.45,-157.94,2016,670.1602914389799
148,21.41,-157.94,2016,703.7463570127504
149,21.37,-157.94,2016,731.7176684881603
150,21.33,-157.94,2016,781.2918943533698
151,21.29,-157.94,2016,742.2622950819672
152,21.25,-157.94,2016,793.6361566484517
153,21.21,-157.94,2016,816.2181238615665
154,21.73,-157.9,2016,772.8360655737705
155,21.69,-157.9,2016,759.712204007286
156,21.65,-157.9,2016,685.6238615664845
157,21.61,-157.9,2016,585.0282331511839
158,21.57,-157.9,2016,515.4918032786885
159,21.53,-157.9,2016,466.4148451730419
160,21.49,-157.9,2016,475.3816029143898
161,21.45,-157.9,2016,578.4817850637522
162,21.41,-157.9,2016,610.6520947176684
163,21.37,-157.9,2016,733.7463570127504
164,21.33,-157.9,2016,774.9239526411658
165,21.29,-157.9,2016,739.5086520947177
166,21.25,-157.9,2016,798.3037340619308
167,21.21,-157.9,2016,812.9571948998179
168,21.73,-157.86,2016,777.8224043715848
169,21.69,-157.86,2016,757.3529143897996
170,21.65,-157.86,2016,720.0478142076503
171,21.61,-157.86,2016,695.523679417122
172,21.57,-157.86,2016,633.5063752276867
173,21.53,-157.86,2016,589.7399817850637
174,21.49,-157.86,2016,465.5860655737705
175,21.45,-157.86,2016,550.8032786885246
176,21.41,-157.86,2016,547.9353369763206
177,21.37,-157.86,2016,709.9011839708561
178,21.33,-157.86,2016,759.9367030965392
179,21.29,-157.86,2016,748.537795992714
180,21.25,-157.86,2016,794.7509107468123
181,21.21,-157.86,2016,810.124772313297
182,21.73,-157.82,2016,777.3993624772313
183,21.69,-157.82,2016,762.9972677595629
184,21.65,-157.82,2016,755.3456284153006
185,21.61,-157.82,2016,744.2509107468123
186,21.57,-157.82,2016,735.0728597449909
187,21.53,-157.82,2016,692.1070127504554
188,21.49,-157.82,2016,513.3255919854281
189,21.45,-157.82,2016,606.4590163934427
190,21.41,-157.82,2016,482.3105646630237
191,21.37,-157.82,2016,521.0469034608379
192,21.33,-157.82,2016,646.9576502732241
193,21.29,-157.82,2016,741.1680327868852
194,21.25,-157.82,2016,770.8087431693989
195,21.21,-157.82,2016,809.356102003643
196,21.73,-157.78,2016,775.5482695810565
197,21.69,-157.78,2016,774.8233151183971
198,21.65,-157.78,2016,769.9412568306011
199,21.61,-157.78,2016,760.7691256830601
200,21.57,-157.78,2016,748.5892531876138
201,21.53,-157.78,2016,715.4467213114754
202,21.49,-157.78,2016,674.6516393442623
203,21.45,-157.78,2016,691.4826958105647
204,21.41,-157.78,2016,621.4990892531877
205,21.37,-157.78,2016,560.4034608378871
206,21.33,-157.78,2016,476.971766848816
207,21.29,-157.78,2016,709.0268670309654
208,21.25,-157.78,2016,769.1397996357013
209,21.21,-157.78,2016,813.3269581056467
210,21.73,-157.74,2016,786.2185792349727
211,21.69,-157.74,2016,782.0218579234972
212,21.65,-157.74,2016,774.3397085610201
213,21.61,-157.74,2016,762.4408014571949
214,21.57,-157.74,2016,754.0632969034608
215,21.53,-157.74,2016,743.4781420765028
216,21.49,-157.74,2016,734.5642076502733
217,21.45,-157.74,2016,744.3592896174863
218,21.41,-157.74,2016,657.681693989071
219,21.37,-157.74,2016,672.9139344262295
220,21.33,-157.74,2016,480.4562841530055
221,21.29,-157.74,2016,635.3351548269582
222,21.25,-157.74,2016,757.6584699453551
223,21.21,-157.74,2016,799.9899817850637
224,21.73,-157.7,2016,788.2436247723133
225,21.69,-157.7,2016,786.33014571949
226,21.65,-157.7,2016,775.4795081967213
227,21.61,-157.7,2016,769.7112932604736
228,21.57,-157.7,2016,766.5974499089253
229,21.53,-157.7,2016,758.3246812386157
230,21.49,-157.7,2016,749.7741347905283
231,21.45,-157.7,2016,749.6420765027323
232,21.41,-157.7,2016,747.3397085610201
233,21.37,-157.7,2016,691.8806921675774
234,21.33,-157.7,2016,588.7718579234972
235,21.29,-157.7,2016,537.143897996357
236,21.25,-157.7,2016,741.8123861566485
237,21.21,-157.7,2016,806.5837887067395
238,21.73,-157.66,2016,790.7764116575592
239,21.69,-157.66,2016,790.7709471766849
240,21.65,-157.66,2016,782.2764116575592
241,21.61,-157.66,2016,777.9603825136612
242,21.57,-157.66,2016,774.8356102003643
243,21.53,-157.66,2016,769.7454462659381
244,21.49,-157.66,2016,769.1657559198543
245,21.45,-157.66,2016,757.0578324225866
246,21.41,-157.66,2016,760.7959927140255
247,21.37,-157.66,2016,737.2622950819672
248,21.33,-157.66,2016,718.7481785063752
249,21.29,-157.66,2016,657.0391621129326
250,21.25,-157.66,2016,745.5587431693989
251,21.21,-157.66,2016,810.7040072859745
252,21.65,-157.62,2016,787.2445355191256
253,21.61,-157.62,2016,785.5309653916212
254,21.57,-157.62,2016,779.4886156648452
255,21.53,-157.62,2016,776.1020036429873
256,21.49,-157.62,2016,773.2185792349727
257,21.45,-157.62,2016,768.6666666666666
258,21.41,-157.62,2016,772.2782331511839
259,21.37,-157.62,2016,770.9690346083788
260,21.33,-157.62,2016,768.6161202185792
261,21.29,-157.62,2016,775.8642987249544
262,21.25,-157.62,2016,783.5428051001821
263,21.21,-157.62,2016,808.5264116575592
0,21.73,-158.34,2017,817.6100456621004
1,21.69,-158.34,2017,814.9616438356164
2,21.65,-158.34,2017,815.9219178082192
3,21.61,-158.34,2017,805.1027397260274
4,21.57,-158.34,2017,808.0187214611872
5,21.53,-158.34,2017,803.8424657534247
6,21.49,-158.34,2017,806.116894977169
7,21.45,-158.34,2017,802.7164383561644
8,21.41,-158.34,2017,804.2858447488585
9,21.37,-158.34,2017,797.6917808219179
10,21.33,-158.34,2017,802.0205479452055
11,21.29,-158.34,2017,808.2123287671233
12,21.25,-158.34,2017,814.3397260273972
13,21.21,-158.34,2017,819.8593607305936
14,21.73,-158.3,2017,816.1050228310502
15,21.69,-158.3,2017,817.5780821917808
16,21.65,-158.3,2017,813.0022831050228
17,21.61,-158.3,2017,803.362100456621
18,21.57,-158.3,2017,800.683105022831
19,21.53,-158.3,2017,789.0986301369863
20,21.49,-158.3,2017,790.4876712328767
21,21.45,-158.3,2017,794.5232876712329
22,21.41,-158.3,2017,794.4127853881279
23,21.37,-158.3,2017,797.7762557077625
24,21.33,-158.3,2017,799.9114155251142
25,21.29,-158.3,2017,805.8301369863013
26,21.25,-158.3,2017,808.824200913242
27,21.21,-158.3,2017,813.3205479452055
28,21.73,-158.26,2017,814.2132420091324
29,21.69,-158.26,2017,815.234703196347
30,21.65,-158.26,2017,811.7552511415525
31,21.61,-158.26,2017,803.0022831050228
32,21.57,-158.26,2017,784.9429223744293
33,21.53,-158.26,2017,758.4164383561643
34,21.49,-158.26,2017,771.6196347031963
35,21.45,-158.26,2017,775.9255707762557
36,21.41,-158.26,2017,791.3114155251142
37,21.37,-158.26,2017,789.575799086758
38,21.33,-158.26,2017,794.6155251141553
39,21.29,-158.26,2017,801.4109589041096
40,21.25,-158.26,2017,802.2342465753425
41,21.21,-158.26,2017,812.5885844748858
42,21.73,-158.22,2017,811.2602739726027
43,21.69,-158.22,2017,812.6853881278539
44,21.65,-158.22,2017,808.9269406392694
45,21.61,-158.22,2017,793.6109589041096
46,21.57,-158.22,2017,708.3977168949772
47,21.53,-158.22,2017,719.8050228310502
48,21.49,-158.22,2017,711.2890410958904
49,21.45,-158.22,2017,754.2502283105023
50,21.41,-158.22,2017,774.3246575342466
51,21.37,-158.22,2017,773.4324200913242
52,21.33,-158.22,2017,772.8666666666667
53,21.29,-158.22,2017,782.4301369863014
54,21.25,-158.22,2017,789.4835616438356
55,21.21,-158.22,2017,818.2223744292237
56,21.73,-158.18,2017,810.6127853881278
57,21.69,-158.18,2017,808.837899543379
58,21.65,-158.18,2017,800.4977168949772
59,21.61,-158.18,2017,783.8639269406393
60,21.57,-158.18,2017,677.286301369863
61,21.53,-158.18,2017,665.1269406392694
62,21.49,-158.18,2017,662.3602739726027
63,21.45,-158.18,2017,763.0812785388127
64,21.41,-158.18,2017,757.4036529680366
65,21.37,-158.18,2017,748.6182648401826
66,21.33,-158.18,2017,748.413698630137
67,21.29,-158.18,2017,753.3657534246576
68,21.25,-158.18,2017,802.3004566210045
69,21.21,-158.18,2017,810.1328767123288
70,21.73,-158.14,2017,806.686301369863
71,21.69,-158.14,2017,800.9246575342465
72,21.65,-158.14,2017,793.7602739726027
73,21.61,-158.14,2017,777.933789954338
74,21.57,-158.14,2017,682.741095890411
75,21.53,-158.14,2017,603.5050228310503
76,21.49,-158.14,2017,629.1041095890411
77,21.45,-158.14,2017,665.2712328767124
78,21.41,-158.14,2017,710.7529680365296
79,21.37,-158.14,2017,697.3981735159817
80,21.33,-158.14,2017,737.345205479452
81,21.29,-158.14,2017,749.6360730593607
82,21.25,-158.14,2017,764.8945205479451
83,21.21,-158.14,2017,811.3840182648402
84,21.73,-158.1,2017,803.7009132420092
85,21.69,-158.1,2017,795.5159817351598
86,21.65,-158.1,2017,786.0739726027397
87,21.61,-158.1,2017,768.3497716894977
88,21.57,-158.1,2017,701.9666666666667
89,21.53,-158.1,2017,603.5698630136986
90,21.49,-158.1,2017,614.5123287671233
91,21.45,-158.1,2017,618.1502283105023
92,21.41,-158.1,2017,653.8100456621005
93,21.37,-158.1,2017,701.9146118721461
94,21.33,-158.1,2017,732.3949771689498
95,21.29,-158.1,2017,745.0899543378996
96,21.25,-158.1,2017,755.7972602739726
97,21.21,-158.1,2017,817.8251141552512
98,21.73,-158.06,2017,806.9684931506849
99,21.69,-158.06,2017,788.689497716895
100,21.65,-158.06,2017,770.8730593607306
101,21.61,-158.06,2017,764.1132420091324
102,21.57,-158.06,2017,734.1593607305936
103,21.53,-158.06,2017,710.5
104,21.49,-158.06,2017,682.7575342465753
105,21.45,-158.06,2017,676.6716894977169
106,21.41,-158.06,2017,634.6488584474886
107,21.37,-158.06,2017,709.0251141552511
108,21.33,-158.06,2017,714.0465753424658
109,21.29,-158.06,2017,696.2799086757991
110,21.25,-158.06,2017,761.6324200913242
111,21.21,-158.06,2017,816.1986301369863
112,21.73,-158.02,2017,802.4442922374429
113,21.69,-158.02,2017,772.2205479452055
114,21.65,-158.02,2017,729.592694063927
115,21.61,-158.02,2017,722.3506849315069
116,21.57,-158.02,2017,718.3292237442922
117,21.53,-158.02,2017,712.8484018264841
118,21.49,-158.02,2017,697.5324200913242
119,21.45,-158.02,2017,693.7557077625571
120,21.41,-158.02,2017,690.2315068493151
121,21.37,-158.02,2017,727.0931506849315
122,21.33,-158.02,2017,754.7360730593607
123,21.29,-158.02,2017,715.6246575342466
124,21.25,-158.02,2017,786.5520547945206
125,21.21,-158.02,2017,816.7132420091324
126,21.73,-157.98,2017,796.2013698630137
127,21.69,-157.98,2017,737.3461187214612
128,21.65,-157.98,2017,651.0324200913242
129,21.61,-157.98,2017,654.8977168949772
130,21.57,-157.98,2017,655.8547945205479
131,21.53,-157.98,2017,700.2191780821918
132,21.49,-157.98,2017,697.5155251141553
133,21.45,-157.98,2017,698.783105022831
134,21.41,-157.98,2017,718.5438356164384
135,21.37,-157.98,2017,742.2602739726027
136,21.33,-157.98,2017,779.7963470319635
137,21.29,-157.98,2017,718.675799086758
138,21.25,-157.98,2017,786.8009132420092
139,21.21,-157.98,2017,817.2963470319635
140,21.73,-157.94,2017,790.548401826484
141,21.69,-157.94,2017,743.7643835616439
142,21.65,-157.94,2017,711.0767123287671
143,21.61,-157.94,2017,642.1876712328767
144,21.57,-157.94,2017,619.0721461187214
145,21.53,-157.94,2017,662.6488584474886
146,21.49,-157.94,2017,662.4059360730594
147,21.45,-157.94,2017,682.6041095890411
148,21.41,-157.94,2017,711.4388127853881
149,21.37,-157.94,2017,735.6013698630137
150,21.33,-157.94,2017,779.4598173515982
151,21.29,-157.94,2017,725.3716894977169
152,21.25,-157.94,2017,795.6365296803652
153,21.21,-157.94,2017,816.4
154,21.73,-157.9,2017,783.5525114155251
155,21.69,-157.9,2017,775.2082191780822
156,21.65,-157.9,2017,719.22100456621
157,21.61,-157.9,2017,631.2940639269407
158,21.57,-157.9,2017,576.1296803652968
159,21.53,-157.9,2017,526.8287671232877
160,21.49,-157.9,2017,517.5095890410959
161,21.45,-157.9,2017,600.2872146118722
162,21.41,-157.9,2017,621.3484018264841
163,21.37,-157.9,2017,729.8538812785388
164,21.33,-157.9,2017,772.9913242009133
165,21.29,-157.9,2017,727.2803652968037
166,21.25,-157.9,2017,789.9109589041096
167,21.21,-157.9,2017,814.1200913242009
168,21.73,-157.86,2017,791.5963470319634
169,21.69,-157.86,2017,770.2009132420092
170,21.65,-157.86,2017,740.3716894977169
171,21.61,-157.86,2017,718.3525114155251
172,21.57,-157.86,2017,671.6812785388128
173,21.53,-157.86,2017,641.0936073059361
174,21.49,-157.86,2017,500.7543378995434
175,21.45,-157.86,2017,578.2885844748859
176,21.41,-157.86,2017,567.7123287671233
177,21.37,-157.86,2017,705.8296803652968
178,21.33,-157.86,2017,759.2018264840183
179,21.29,-157.86,2017,746.4415525114156
180,21.25,-157.86,2017,787.8611872146118
181,21.21,-157.86,2017,810.3643835616439
182,21.73,-157.82,2017,783.7922374429223
183,21.69,-157.82,2017,772.5100456621004
184,21.65,-157.82,2017,764.7931506849316
185,21.61,-157.82,2017,758.6780821917808
186,21.57,-157.82,2017,749.5794520547945
187,21.53,-157.82,2017,716.7292237442922
188,21.49,-157.82,2017,540.9643835616438
189,21.45,-157.82,2017,648.345205479452
190,21.41,-157.82,2017,522.2826484018265
191,21.37,-157.82,2017,553.6694063926941
192,21.33,-157.82,2017,661.730593607306
193,21.29,-157.82,2017,745.2502283105023
194,21.25,-157.82,2017,758.110502283105
195,21.21,-157.82,2017,810.7981735159817
196,21.73,-157.78,2017,786.4210045662101
197,21.69,-157.78,2017,781.5406392694064
198,21.65,-157.78,2017,782.6648401826484
199,21.61,-157.78,2017,774.7315068493151
200,21.57,-157.78,2017,767.3292237442922
201,21.53,-157.78,2017,737.6009132420091
202,21.49,-157.78,2017,706.0799086757991
203,21.45,-157.78,2017,720.937899543379
204,21.41,-157.78,2017,642.1794520547945
205,21.37,-157.78,2017,599.2146118721461
206,21.33,-157.78,2017,501.75844748858447
207,21.29,-157.78,2017,717.3205479452055
208,21.25,-157.78,2017,750.6945205479452
209,21.21,-157.78,2017,812.9324200913242
210,21.73,-157.74,2017,794.6515981735159
211,21.69,-157.74,2017,791.8223744292237
212,21.65,-157.74,2017,790.5438356164384
213,21.61,-157.74,2017,779.4050228310502
214,21.57,-157.74,2017,774.4479452054794
215,21.53,-157.74,2017,762.9543378995434
216,21.49,-157.74,2017,755.9598173515982
217,21.45,-157.74,2017,763.9561643835616
218,21.41,-157.74,2017,681.3223744292237
219,21.37,-157.74,2017,699.5502283105022
220,21.33,-157.74,2017,508.762100456621
221,21.29,-157.74,2017,654.1255707762557
222,21.25,-157.74,2017,746.8479452054795
223,21.21,-157.74,2017,810.3232876712328
224,21.73,-157.7,2017,796.096803652968
225,21.69,-157.7,2017,794.5264840182648
226,21.65,-157.7,2017,789.3214611872146
227,21.61,-157.7,2017,787.883105022831
228,21.57,-157.7,2017,781.2260273972603
229,21.53,-157.7,2017,778.4744292237443
230,21.49,-157.7,2017,773.1260273972603
231,21.45,-157.7,2017,766.2634703196347
232,21.41,-157.7,2017,762.965296803653
233,21.37,-157.7,2017,718.0269406392694
234,21.33,-157.7,2017,626.8552511415525
235,21.29,-157.7,2017,586.2666666666667
236,21.25,-157.7,2017,741.5940639269406
237,21.21,-157.7,2017,814.2123287671233
238,21.73,-157.66,2017,796.0310502283105
239,21.69,-157.66,2017,796.8534246575342
240,21.65,-157.66,2017,793.2465753424658
241,21.61,-157.66,2017,793.5908675799087
242,21.57,-157.66,2017,786.6036529680365
243,21.53,-157.66,2017,787.7159817351599
244,21.49,-157.66,2017,782.2187214611872
245,21.45,-157.66,2017,769.6602739726028
246,21.41,-157.66,2017,772.5493150684931
247,21.37,-157.66,2017,755.8219178082192
248,21.33,-157.66,2017,745.9990867579909
249,21.29,-157.66,2017,691.5598173515982
250,21.25,-157.66,2017,763.5168949771689
251,21.21,-157.66,2017,813.0995433789955
252,21.65,-157.62,2017,795.7566210045662
253,21.61,-157.62,2017,795.5552511415525
254,21.57,-157.62,2017,797.4771689497717
255,21.53,-157.62,2017,794.3178082191781
256,21.49,-157.62,2017,787.4849315068493
257,21.45,-157.62,2017,780.183105022831
258,21.41,-157.62,2017,780.1232876712329
259,21.37,-157.62,2017,783.213698630137
260,21.33,-157.62,2017,782.7575342465753
261,21.29,-157.62,2017,785.5228310502283
262,21.25,-157.62,2017,792.7785388127854
263,21.21,-157.62,2017,809.1835616438356
0,21.73,-158.34,2018,764.8630136986301
1,21.69,-158.34,2018,770.0397260273973
2,21.65,-158.34,2018,771.5255707762557
3,21.61,-158.34,2018,769.2666666666667
4,21.57,-158.34,2018,768.4447488584475
5,21.53,-158.34,2018,768.3292237442922
6,21.49,-158.34,2018,771.4027397260274
7,21.45,-158.34,2018,769.9908675799087
8,21.41,-158.34,2018,769.0150684931507
9,21.37,-158.34,2018,768.3484018264841
10,21.33,-158.34,2018,766.3310502283105
11,21.29,-158.34,2018,765.8630136986301
12,21.25,-158.34,2018,768.8022831050229
13,21.21,-158.34,2018,772.710502283105
14,21.73,-158.3,2018,760.7269406392694
15,21.69,-158.3,2018,763.9607305936073
16,21.65,-158.3,2018,765.2639269406393
17,21.61,-158.3,2018,768.1415525114155
18,21.57,-158.3,2018,762.3648401826484
19,21.53,-158.3,2018,756.4168949771689
20,21.49,-158.3,2018,756.3406392694064
21,21.45,-158.3,2018,763.2474885844749
22,21.41,-158.3,2018,761.4296803652968
23,21.37,-158.3,2018,763.45799086758
24,21.33,-158.3,2018,763.4305936073059
25,21.29,-158.3,2018,763.9625570776255
26,21.25,-158.3,2018,763.737899543379
27,21.21,-158.3,2018,768.816894977169
28,21.73,-158.26,2018,757.8063926940639
29,21.69,-158.26,2018,757.0237442922374
30,21.65,-158.26,2018,760.6995433789955
31,21.61,-158.26,2018,763.5488584474886
32,21.57,-158.26,2018,754.7146118721461
33,21.53,-158.26,2018,733.4767123287671
34,21.49,-158.26,2018,740.3867579908676
35,21.45,-158.26,2018,738.1182648401826
36,21.41,-158.26,2018,756.0561643835616
37,21.37,-158.26,2018,760.0173515981735
38,21.33,-158.26,2018,761.0826484018265
39,21.29,-158.26,2018,759.6369863013699
40,21.25,-158.26,2018,757.8127853881278
41,21.21,-158.26,2018,766.2940639269407
42,21.73,-158.22,2018,756.931506849315
43,21.69,-158.22,2018,752.0333333333333
44,21.65,-158.22,2018,752.04200913242
45,21.61,-158.22,2018,743.286301369863
46,21.57,-158.22,2018,685.3424657534247
47,21.53,-158.22,2018,714.520091324201
48,21.49,-158.22,2018,702.1461187214612
49,21.45,-158.22,2018,727.5611872146119
50,21.41,-158.22,2018,745.3200913242009
51,21.37,-158.22,2018,746.2666666666667
52,21.33,-158.22,2018,746.4885844748859
53,21.29,-158.22,2018,746.6963470319635
54,21.25,-158.22,2018,754.0360730593608
55,21.21,-158.22,2018,774.3666666666667
56,21.73,-158.18,2018,751.8803652968037
57,21.69,-158.18,2018,749.5369863013699
58,21.65,-158.18,2018,738.469406392694
59,21.61,-158.18,2018,725.510502283105
60,21.57,-158.18,2018,642.641095890411
61,21.53,-158.18,2018,661.0292237442923
62,21.49,-158.18,2018,655.6958904109589
63,21.45,-158.18,2018,717.4068493150685
64,21.41,-158.18,2018,734.8369863013698
65,21.37,-158.18,2018,729.5739726027397
66,21.33,-158.18,2018,727.1027397260274
67,21.29,-158.18,2018,732.0013698630137
68,21.25,-158.18,2018,761.0077625570776
69,21.21,-158.18,2018,771.1639269406393
70,21.73,-158.14,2018,748.7557077625571
71,21.69,-158.14,2018,744.020091324201
72,21.65,-158.14,2018,730.3808219178082
73,21.61,-158.14,2018,716.0082191780822
74,21.57,-158.14,2018,645.0744292237443
75,21.53,-158.14,2018,584.6598173515981
76,21.49,-158.14,2018,619.9753424657534
77,21.45,-158.14,2018,656.3744292237443
78,21.41,-158.14,2018,702.3488584474886
79,21.37,-158.14,2018,693.6401826484018
80,21.33,-158.14,2018,718.1315068493151
81,21.29,-158.14,2018,733.1036529680365
82,21.25,-158.14,2018,738.8260273972603
83,21.21,-158.14,2018,774.4643835616438
84,21.73,-158.1,2018,744.4986301369863
85,21.69,-158.1,2018,731.407305936073
86,21.65,-158.1,2018,722.4630136986301
87,21.61,-158.1,2018,708.0945205479452
88,21.57,-158.1,2018,654.1191780821918
89,21.53,-158.1,2018,566.6570776255708
90,21.49,-158.1,2018,589.1945205479452
91,21.45,-158.1,2018,592.337899543379
92,21.41,-158.1,2018,655.465296803653
93,21.37,-158.1,2018,699.4059360730594
94,21.33,-158.1,2018,727.8305936073059
95,21.29,-158.1,2018,732.675799086758
96,21.25,-158.1,2018,727.0511415525115
97,21.21,-158.1,2018,778.2611872146118
98,21.73,-158.06,2018,740.5598173515982
99,21.69,-158.06,2018,722.3607305936073
100,21.65,-158.06,2018,713.5132420091325
101,21.61,-158.06,2018,707.6141552511416
102,21.57,-158.06,2018,676.1200913242009
103,21.53,-158.06,2018,658.596803652968
104,21.49,-158.06,2018,642.2287671232876
105,21.45,-158.06,2018,636.2392694063927
106,21.41,-158.06,2018,628.6867579908676
107,21.37,-158.06,2018,693.6091324200913
108,21.33,-158.06,2018,704.2497716894977
109,21.29,-158.06,2018,670.6808219178082
110,21.25,-158.06,2018,737.8415525114156
111,21.21,-158.06,2018,778.4853881278539
112,21.73,-158.02,2018,734.437899543379
113,21.69,-158.02,2018,712.2360730593607
114,21.65,-158.02,2018,666.3858447488584
115,21.61,-158.02,2018,665.907305936073
116,21.57,-158.02,2018,669.575799086758
117,21.53,-158.02,2018,676.3949771689498
118,21.49,-158.02,2018,658.4456621004566
119,21.45,-158.02,2018,649.3730593607306
120,21.41,-158.02,2018,659.2643835616439
121,21.37,-158.02,2018,701.7269406392694
122,21.33,-158.02,2018,734.6315068493151
123,21.29,-158.02,2018,700.7315068493151
124,21.25,-158.02,2018,754.186301369863
125,21.21,-158.02,2018,779.6657534246575
126,21.73,-157.98,2018,727.5232876712329
127,21.69,-157.98,2018,669.9036529680366
128,21.65,-157.98,2018,589.3461187214612
129,21.61,-157.98,2018,598.8415525114156
130,21.57,-157.98,2018,599.686301369863
131,21.53,-157.98,2018,661.9493150684932
132,21.49,-157.98,2018,669.4917808219178
133,21.45,-157.98,2018,669.8369863013698
134,21.41,-157.98,2018,691.2899543378995
135,21.37,-157.98,2018,724.0073059360731
136,21.33,-157.98,2018,755.8931506849315
137,21.29,-157.98,2018,699.8488584474886
138,21.25,-157.98,2018,758.0794520547945
139,21.21,-157.98,2018,780.2196347031963
140,21.73,-157.94,2018,719.2593607305936
141,21.69,-157.94,2018,681.9068493150685
142,21.65,-157.94,2018,661.8552511415525
143,21.61,-157.94,2018,587.054794520548
144,21.57,-157.94,2018,588.1251141552511
145,21.53,-157.94,2018,620.3497716894977
146,21.49,-157.94,2018,627.0835616438357
147,21.45,-157.94,2018,656.4762557077626
148,21.41,-157.94,2018,684.0981735159818
149,21.37,-157.94,2018,717.8009132420092
150,21.33,-157.94,2018,761.7904109589041
151,21.29,-157.94,2018,710.27899543379
152,21.25,-157.94,2018,762.6100456621004
153,21.21,-157.94,2018,778.4680365296804
154,21.73,-157.9,2018,718.7360730593607
155,21.69,-157.9,2018,715.4333333333333
156,21.65,-157.9,2018,652.5534246575343
157,21.61,-157.9,2018,550.383105022831
158,21.57,-157.9,2018,522.4027397260274
159,21.53,-157.9,2018,479.4739726027397
160,21.49,-157.9,2018,477.85753424657537
161,21.45,-157.9,2018,574.4054794520548
162,21.41,-157.9,2018,611.6744292237443
163,21.37,-157.9,2018,715.3671232876712
164,21.33,-157.9,2018,749.213698630137
165,21.29,-157.9,2018,707.5698630136986
166,21.25,-157.9,2018,764.982191780822
167,21.21,-157.9,2018,773.9607305936073
168,21.73,-157.86,2018,725.1584474885844
169,21.69,-157.86,2018,707.1461187214612
170,21.65,-157.86,2018,683.8063926940639
171,21.61,-157.86,2018,667.2315068493151
172,21.57,-157.86,2018,616.2812785388128
173,21.53,-157.86,2018,574.3292237442922
174,21.49,-157.86,2018,467.5726027397261
175,21.45,-157.86,2018,552.3214611872146
176,21.41,-157.86,2018,562.6607305936074
177,21.37,-157.86,2018,682.9547945205479
178,21.33,-157.86,2018,727.816894977169
179,21.29,-157.86,2018,715.27899543379
180,21.25,-157.86,2018,756.2826484018265
181,21.21,-157.86,2018,772.2762557077625
182,21.73,-157.82,2018,722.6397260273973
183,21.69,-157.82,2018,711.9278538812786
184,21.65,-157.82,2018,706.7182648401827
185,21.61,-157.82,2018,701.7611872146118
186,21.57,-157.82,2018,689.9429223744293
187,21.53,-157.82,2018,647.9739726027398
188,21.49,-157.82,2018,489.5890410958904
189,21.45,-157.82,2018,585.9105022831051
190,21.41,-157.82,2018,494.513698630137
191,21.37,-157.82,2018,519.9255707762557
192,21.33,-157.82,2018,643.1520547945205
193,21.29,-157.82,2018,704.572602739726
194,21.25,-157.82,2018,734.5488584474886
195,21.21,-157.82,2018,773.0570776255707
196,21.73,-157.78,2018,724.9730593607306
197,21.69,-157.78,2018,723.948401826484
198,21.65,-157.78,2018,721.2602739726027
199,21.61,-157.78,2018,715.3018264840183
200,21.57,-157.78,2018,705.0520547945206
201,21.53,-157.78,2018,675.248401826484
202,21.49,-157.78,2018,650.3360730593607
203,21.45,-157.78,2018,662.7342465753425
204,21.41,-157.78,2018,585.5904109589042
205,21.37,-157.78,2018,541.5762557077626
206,21.33,-157.78,2018,503.327397260274
207,21.29,-157.78,2018,690.3785388127853
208,21.25,-157.78,2018,727.9926940639269
209,21.21,-157.78,2018,775.3876712328768
210,21.73,-157.74,2018,730.5981735159818
211,21.69,-157.74,2018,730.5452054794521
212,21.65,-157.74,2018,728.0022831050228
213,21.61,-157.74,2018,720.0360730593608
214,21.57,-157.74,2018,714.6625570776256
215,21.53,-157.74,2018,705.3584474885845
216,21.49,-157.74,2018,698.4602739726027
217,21.45,-157.74,2018,701.6607305936074
218,21.41,-157.74,2018,631.2972602739726
219,21.37,-157.74,2018,630.3127853881278
220,21.33,-157.74,2018,485.77853881278537
221,21.29,-157.74,2018,626.0164383561644
222,21.25,-157.74,2018,719.9598173515982
223,21.21,-157.74,2018,759.7858447488585
224,21.73,-157.7,2018,735.8118721461187
225,21.69,-157.7,2018,733.9063926940639
226,21.65,-157.7,2018,734.893607305936
227,21.61,-157.7,2018,731.5876712328767
228,21.57,-157.7,2018,724.433789954338
229,21.53,-157.7,2018,722.1840182648402
230,21.49,-157.7,2018,716.551598173516
231,21.45,-157.7,2018,713.4735159817352
232,21.41,-157.7,2018,702.562100456621
233,21.37,-157.7,2018,649.816894977169
234,21.33,-157.7,2018,583.3173515981736
235,21.29,-157.7,2018,548.6328767123288
236,21.25,-157.7,2018,704.9255707762557
237,21.21,-157.7,2018,765.1876712328767
238,21.73,-157.66,2018,739.403196347032
239,21.69,-157.66,2018,737.7885844748859
240,21.65,-157.66,2018,737.8283105022831
241,21.61,-157.66,2018,739.3803652968037
242,21.57,-157.66,2018,732.5840182648402
243,21.53,-157.66,2018,733.9922374429224
244,21.49,-157.66,2018,731.3977168949772
245,21.45,-157.66,2018,718.8388127853881
246,21.41,-157.66,2018,717.3853881278538
247,21.37,-157.66,2018,690.6780821917808
248,21.33,-157.66,2018,683.6433789954337
249,21.29,-157.66,2018,629.6949771689498
250,21.25,-157.66,2018,710.3712328767124
251,21.21,-157.66,2018,763.245205479452
252,21.65,-157.62,2018,740.8881278538813
253,21.61,-157.62,2018,743.4648401826483
254,21.57,-157.62,2018,742.8808219178082
255,21.53,-157.62,2018,740.4643835616438
256,21.49,-157.62,2018,734.6054794520549
257,21.45,-157.62,2018,733.4214611872146
258,21.41,-157.62,2018,729.7712328767124
259,21.37,-157.62,2018,732.2958904109589
260,21.33,-157.62,2018,731.6931506849315
261,21.29,-157.62,2018,734.3018264840183
262,21.25,-157.62,2018,738.1552511415525
263,21.21,-157.62,2018,760.3251141552512
0,21.73,-158.34,2019,809.5794520547945
1,21.69,-158.34,2019,813.0
2,21.65,-158.34,2019,814.4990867579909
3,21.61,-158.34,2019,813.0849315068493
4,21.57,-158.34,2019,810.637899543379
5,21.53,-158.34,2019,809.2904109589041
6,21.49,-158.34,2019,810.5611872146119
7,21.45,-158.34,2019,808.7680365296803
8,21.41,-158.34,2019,809.4360730593608
9,21.37,-158.34,2019,808.5214611872146
10,21.33,-158.34,2019,811.1794520547945
11,21.29,-158.34,2019,816.6748858447488
12,21.25,-158.34,2019,820.2086757990868
13,21.21,-158.34,2019,827.6835616438356
14,21.73,-158.3,2019,807.2748858447488
15,21.69,-158.3,2019,809.4004566210045
16,21.65,-158.3,2019,809.875799086758
17,21.61,-158.3,2019,815.8506849315069
18,21.57,-158.3,2019,807.7826484018265
19,21.53,-158.3,2019,794.165296803653
20,21.49,-158.3,2019,796.9132420091324
21,21.45,-158.3,2019,802.2607305936073
22,21.41,-158.3,2019,803.6698630136987
23,21.37,-158.3,2019,802.5328767123287
24,21.33,-158.3,2019,807.9045662100457
25,21.29,-158.3,2019,815.0018264840182
26,21.25,-158.3,2019,821.5762557077626
27,21.21,-158.3,2019,830.1356164383561
28,21.73,-158.26,2019,805.7657534246575
29,21.69,-158.26,2019,806.6575342465753
30,21.65,-158.26,2019,804.5904109589042
31,21.61,-158.26,2019,806.5
32,21.57,-158.26,2019,799.4347031963471
33,21.53,-158.26,2019,779.1383561643836
34,21.49,-158.26,2019,788.010502283105
35,21.45,-158.26,2019,793.310502283105
36,21.41,-158.26,2019,791.0602739726028
37,21.37,-158.26,2019,791.0917808219178
38,21.33,-158.26,2019,804.3004566210045
39,21.29,-158.26,2019,811.4849315068493
40,21.25,-158.26,2019,819.3872146118722
41,21.21,-158.26,2019,830.9630136986301
42,21.73,-158.22,2019,805.4296803652968
43,21.69,-158.22,2019,805.0634703196347
44,21.65,-158.22,2019,803.4173515981735
45,21.61,-158.22,2019,801.45799086758
46,21.57,-158.22,2019,753.9675799086758
47,21.53,-158.22,2019,734.469406392694
48,21.49,-158.22,2019,758.8150684931506
49,21.45,-158.22,2019,772.6415525114155
50,21.41,-158.22,2019,781.9255707762557
51,21.37,-158.22,2019,783.6237442922375
52,21.33,-158.22,2019,794.3899543378996
53,21.29,-158.22,2019,802.2972602739726
54,21.25,-158.22,2019,813.5324200913242
55,21.21,-158.22,2019,830.4287671232877
56,21.73,-158.18,2019,803.2155251141553
57,21.69,-158.18,2019,801.6785388127854
58,21.65,-158.18,2019,796.2826484018265
59,21.61,-158.18,2019,788.4493150684932
60,21.57,-158.18,2019,745.0068493150685
61,21.53,-158.18,2019,669.0785388127854
62,21.49,-158.18,2019,659.5566210045662
63,21.45,-158.18,2019,717.8986301369863
64,21.41,-158.18,2019,765.0648401826484
65,21.37,-158.18,2019,774.6406392694064
66,21.33,-158.18,2019,769.7420091324201
67,21.29,-158.18,2019,785.9753424657534
68,21.25,-158.18,2019,806.013698630137
69,21.21,-158.18,2019,827.3305936073059
70,21.73,-158.14,2019,800.5315068493151
71,21.69,-158.14,2019,796.0109589041095
72,21.65,-158.14,2019,791.6004566210046
73,21.61,-158.14,2019,781.1607305936074
74,21.57,-158.14,2019,749.0575342465753
75,21.53,-158.14,2019,666.5977168949772
76,21.49,-158.14,2019,576.6675799086757
77,21.45,-158.14,2019,681.7634703196347
78,21.41,-158.14,2019,725.6447488584475
79,21.37,-158.14,2019,730.1826484018264
80,21.33,-158.14,2019,746.0461187214612
81,21.29,-158.14,2019,777.4908675799087
82,21.25,-158.14,2019,794.1219178082192
83,21.21,-158.14,2019,822.875799086758
84,21.73,-158.1,2019,801.6853881278539
85,21.69,-158.1,2019,798.9707762557077
86,21.65,-158.1,2019,783.1205479452054
87,21.61,-158.1,2019,769.0041095890411
88,21.57,-158.1,2019,744.610502283105
89,21.53,-158.1,2019,699.7278538812785
90,21.49,-158.1,2019,601.0369863013699
91,21.45,-158.1,2019,631.0
92,21.41,-158.1,2019,686.6799086757991
93,21.37,-158.1,2019,682.6817351598173
94,21.33,-158.1,2019,734.9662100456621
95,21.29,-158.1,2019,760.0036529680365
96,21.25,-158.1,2019,788.7447488584475
97,21.21,-158.1,2019,822.9159817351598
98,21.73,-158.06,2019,806.0319634703196
99,21.69,-158.06,2019,793.5401826484018
100,21.65,-158.06,2019,758.5894977168949
101,21.61,-158.06,2019,758.9954337899543
102,21.57,-158.06,2019,755.5114155251141
103,21.53,-158.06,2019,719.1360730593607
104,21.49,-158.06,2019,683.5164383561644
105,21.45,-158.06,2019,658.9310502283105
106,21.41,-158.06,2019,619.4036529680366
107,21.37,-158.06,2019,669.6328767123288
108,21.33,-158.06,2019,739.7100456621005
109,21.29,-158.06,2019,743.7958904109589
110,21.25,-158.06,2019,798.2045662100456
111,21.21,-158.06,2019,826.2584474885845
112,21.73,-158.02,2019,806.0360730593608
113,21.69,-158.02,2019,770.3223744292237
114,21.65,-158.02,2019,751.2716894977169
115,21.61,-158.02,2019,744.9917808219178
116,21.57,-158.02,2019,736.1013698630137
117,21.53,-158.02,2019,725.4456621004566
118,21.49,-158.02,2019,706.2648401826484
119,21.45,-158.02,2019,700.437899543379
120,21.41,-158.02,2019,697.1698630136987
121,21.37,-158.02,2019,734.9077625570776
122,21.33,-158.02,2019,765.1698630136987
123,21.29,-158.02,2019,769.6251141552511
124,21.25,-158.02,2019,803.5031963470319
125,21.21,-158.02,2019,827.1767123287672
126,21.73,-157.98,2019,806.0506849315068
127,21.69,-157.98,2019,790.462100456621
128,21.65,-157.98,2019,735.586301369863
129,21.61,-157.98,2019,699.6566210045662
130,21.57,-157.98,2019,714.5438356164384
131,21.53,-157.98,2019,717.2187214611872
132,21.49,-157.98,2019,707.8246575342466
133,21.45,-157.98,2019,722.0493150684931
134,21.41,-157.98,2019,732.7369863013698
135,21.37,-157.98,2019,761.8063926940639
136,21.33,-157.98,2019,779.2337899543379
137,21.29,-157.98,2019,777.2045662100456
138,21.25,-157.98,2019,805.4712328767123
139,21.21,-157.98,2019,825.3484018264841
140,21.73,-157.94,2019,806.3721461187215
141,21.69,-157.94,2019,793.7356164383561
142,21.65,-157.94,2019,762.7926940639269
143,21.61,-157.94,2019,651.4785388127854
144,21.57,-157.94,2019,605.234703196347
145,21.53,-157.94,2019,648.8292237442922
146,21.49,-157.94,2019,687.5881278538812
147,21.45,-157.94,2019,726.969406392694
148,21.41,-157.94,2019,742.6328767123288
149,21.37,-157.94,2019,773.1214611872147
150,21.33,-157.94,2019,778.5767123287671
151,21.29,-157.94,2019,780.1237442922375
152,21.25,-157.94,2019,804.6383561643836
153,21.21,-157.94,2019,823.5022831050228
154,21.73,-157.9,2019,797.9009132420091
155,21.69,-157.9,2019,793.7063926940639
156,21.65,-157.9,2019,770.9703196347032
157,21.61,-157.9,2019,721.9013698630137
158,21.57,-157.9,2019,588.5511415525115
159,21.53,-157.9,2019,480.3182648401826
160,21.49,-157.9,2019,580.917808219178
161,21.45,-157.9,2019,651.1716894977169
162,21.41,-157.9,2019,714.3406392694064
163,21.37,-157.9,2019,762.3324200913243
164,21.33,-157.9,2019,770.772602739726
165,21.29,-157.9,2019,780.5986301369863
166,21.25,-157.9,2019,802.3292237442922
167,21.21,-157.9,2019,823.2680365296803
168,21.73,-157.86,2019,793.5885844748858
169,21.69,-157.86,2019,785.931506849315
170,21.65,-157.86,2019,780.6251141552511
171,21.61,-157.86,2019,765.1
172,21.57,-157.86,2019,726.6178082191781
173,21.53,-157.86,2019,602.2073059360731
174,21.49,-157.86,2019,527.1123287671232
175,21.45,-157.86,2019,534.637899543379
176,21.41,-157.86,2019,630.1388127853882
177,21.37,-157.86,2019,730.2356164383561
178,21.33,-157.86,2019,761.3799086757991
179,21.29,-157.86,2019,763.0890410958904
180,21.25,-157.86,2019,807.0337899543379
181,21.21,-157.86,2019,822.724200913242
182,21.73,-157.82,2019,794.034703196347
183,21.69,-157.82,2019,787.972602739726
184,21.65,-157.82,2019,779.1287671232876
185,21.61,-157.82,2019,770.3342465753425
186,21.57,-157.82,2019,753.6876712328767
187,21.53,-157.82,2019,686.8278538812785
188,21.49,-157.82,2019,700.296803652968
189,21.45,-157.82,2019,673.8703196347032
190,21.41,-157.82,2019,517.7936073059361
191,21.37,-157.82,2019,576.955707762557
192,21.33,-157.82,2019,728.8461187214612
193,21.29,-157.82,2019,760.1858447488585
194,21.25,-157.82,2019,801.616894977169
195,21.21,-157.82,2019,822.5278538812786
196,21.73,-157.78,2019,796.0410958904109
197,21.69,-157.78,2019,789.4762557077626
198,21.65,-157.78,2019,782.1191780821918
199,21.61,-157.78,2019,777.4657534246576
200,21.57,-157.78,2019,764.4182648401827
201,21.53,-157.78,2019,751.9698630136986
202,21.49,-157.78,2019,764.6840182648402
203,21.45,-157.78,2019,727.9849315068493
204,21.41,-157.78,2019,673.654794520548
205,21.37,-157.78,2019,575.9397260273972
206,21.33,-157.78,2019,598.4132420091324
207,21.29,-157.78,2019,762.7132420091324
208,21.25,-157.78,2019,806.972602739726
209,21.21,-157.78,2019,818.9881278538812
210,21.73,-157.74,2019,796.4397260273972
211,21.69,-157.74,2019,790.6630136986302
212,21.65,-157.74,2019,784.6753424657534
213,21.61,-157.74,2019,781.4543378995434
214,21.57,-157.74,2019,776.5995433789955
215,21.53,-157.74,2019,774.12100456621
216,21.49,-157.74,2019,783.5392694063927
217,21.45,-157.74,2019,768.2009132420092
218,21.41,-157.74,2019,741.4625570776255
219,21.37,-157.74,2019,688.2698630136987
220,21.33,-157.74,2019,515.9022831050228
221,21.29,-157.74,2019,721.9365296803653
222,21.25,-157.74,2019,773.4675799086758
223,21.21,-157.74,2019,814.0707762557078
224,21.73,-157.7,2019,796.4940639269406
225,21.69,-157.7,2019,792.4977168949772
226,21.65,-157.7,2019,789.3374429223744
227,21.61,-157.7,2019,784.6794520547945
228,21.57,-157.7,2019,783.786301369863
229,21.53,-157.7,2019,784.8904109589041
230,21.49,-157.7,2019,786.1680365296804
231,21.45,-157.7,2019,784.9301369863014
232,21.41,-157.7,2019,782.0086757990867
233,21.37,-157.7,2019,744.5844748858448
234,21.33,-157.7,2019,686.9803652968036
235,21.29,-157.7,2019,716.1337899543379
236,21.25,-157.7,2019,779.907305936073
237,21.21,-157.7,2019,816.1643835616438
238,21.73,-157.66,2019,798.034703196347
239,21.69,-157.66,2019,795.6159817351598
240,21.65,-157.66,2019,792.9853881278539
241,21.61,-157.66,2019,791.0803652968036
242,21.57,-157.66,2019,791.0456621004566
243,21.53,-157.66,2019,790.4465753424657
244,21.49,-157.66,2019,788.9465753424657
245,21.45,-157.66,2019,788.2461187214612
246,21.41,-157.66,2019,787.3301369863013
247,21.37,-157.66,2019,776.9127853881279
248,21.33,-157.66,2019,754.924200913242
249,21.29,-157.66,2019,736.1502283105023
250,21.25,-157.66,2019,784.0575342465753
251,21.21,-157.66,2019,815.154794520548
252,21.65,-157.62,2019,795.8493150684932
253,21.61,-157.62,2019,795.6073059360731
254,21.57,-157.62,2019,796.2022831050228
255,21.53,-157.62,2019,795.4831050228311
256,21.49,-157.62,2019,794.5401826484018
257,21.45,-157.62,2019,794.5808219178082
258,21.41,-157.62,2019,793.3963470319635
259,21.37,-157.62,2019,793.3785388127853
260,21.33,-157.62,2019,790.5598173515982
261,21.29,-157.62,2019,775.2730593607306
262,21.25,-157.62,2019,807.5931506849315
263,21.21,-157.62,2019,816.068493150685
0,21.73,-158.34,2020,805.00956284153
1,21.69,-158.34,2020,807.6734972677596
2,21.65,-158.34,2020,807.5551001821493
3,21.61,-158.34,2020,803.5997267759562
4,21.57,-158.34,2020,796.4025500910747
5,21.53,-158.34,2020,791.0432604735884
6,21.49,-158.34,2020,790.5819672131148
7,21.45,-158.34,2020,792.9840619307832
8,21.41,-158.34,2020,790.1316029143898
9,21.37,-158.34,2020,791.3806921675774
10,21.33,-158.34,2020,791.9348816029144
11,21.29,-158.34,2020,798.7213114754098
12,21.25,-158.34,2020,804.7326958105647
13,21.21,-158.34,2020,817.0118397085611
14,21.73,-158.3,2020,805.2563752276867
15,21.69,-158.3,2020,806.8374316939891
16,21.65,-158.3,2020,803.8451730418943
17,21.61,-158.3,2020,804.1953551912568
18,21.57,-158.3,2020,788.8506375227687
19,21.53,-158.3,2020,771.5605646630237
20,21.49,-158.3,2020,771.8051001821493
21,21.45,-158.3,2020,782.2691256830601
22,21.41,-158.3,2020,780.5869763205828
23,21.37,-158.3,2020,781.1042805100183
24,21.33,-158.3,2020,782.0947176684882
25,21.29,-158.3,2020,792.643897996357
26,21.25,-158.3,2020,804.1370673952641
27,21.21,-158.3,2020,819.0491803278688
28,21.73,-158.26,2020,804.3324225865209
29,21.69,-158.26,2020,805.8483606557377
30,21.65,-158.26,2020,800.4244080145719
31,21.61,-158.26,2020,793.5842440801457
32,21.57,-158.26,2020,771.0204918032787
33,21.53,-158.26,2020,746.3720400728597
34,21.49,-158.26,2020,756.6443533697632
35,21.45,-158.26,2020,769.8870673952641
36,21.41,-158.26,2020,766.3879781420765
37,21.37,-158.26,2020,766.0382513661202
38,21.33,-158.26,2020,773.1220400728597
39,21.29,-158.26,2020,785.5906193078324
40,21.25,-158.26,2020,801.4754098360655
41,21.21,-158.26,2020,820.4717668488161
42,21.73,-158.22,2020,802.0373406193079
43,21.69,-158.22,2020,803.0136612021857
44,21.65,-158.22,2020,800.2244990892532
45,21.61,-158.22,2020,787.2490892531877
46,21.57,-158.22,2020,725.0605646630237
47,21.53,-158.22,2020,689.2076502732241
48,21.49,-158.22,2020,715.6338797814208
49,21.45,-158.22,2020,752.5569216757741
50,21.41,-158.22,2020,757.0846994535519
51,21.37,-158.22,2020,751.1598360655738
52,21.33,-158.22,2020,757.3460837887068
53,21.29,-158.22,2020,773.1001821493625
54,21.25,-158.22,2020,795.6338797814208
55,21.21,-158.22,2020,820.2914389799636
56,21.73,-158.18,2020,798.6206739526411
57,21.69,-158.18,2020,796.8087431693989
58,21.65,-158.18,2020,791.181693989071
59,21.61,-158.18,2020,775.7381602914389
60,21.57,-158.18,2020,719.365664845173
61,21.53,-158.18,2020,648.2855191256831
62,21.49,-158.18,2020,653.7864298724954
63,21.45,-158.18,2020,706.2345173041895
64,21.41,-158.18,2020,735.683970856102
65,21.37,-158.18,2020,735.7577413479053
66,21.33,-158.18,2020,736.6584699453551
67,21.29,-158.18,2020,756.8296903460838
68,21.25,-158.18,2020,787.1347905282331
69,21.21,-158.18,2020,822.5282331511839
70,21.73,-158.14,2020,794.2795992714025
71,21.69,-158.14,2020,787.3369763205828
72,21.65,-158.14,2020,780.6976320582878
73,21.61,-158.14,2020,764.8447176684882
74,21.57,-158.14,2020,730.3428961748634
75,21.53,-158.14,2020,663.4808743169399
76,21.49,-158.14,2020,594.1092896174863
77,21.45,-158.14,2020,672.5742258652094
78,21.41,-158.14,2020,696.2276867030965
79,21.37,-158.14,2020,712.0673952641166
80,21.33,-158.14,2020,734.0769581056467
81,21.29,-158.14,2020,758.2067395264116
82,21.25,-158.14,2020,781.962204007286
83,21.21,-158.14,2020,825.3483606557377
84,21.73,-158.1,2020,790.1211293260474
85,21.69,-158.1,2020,786.8283242258652
86,21.65,-158.1,2020,772.4676684881603
87,21.61,-158.1,2020,759.0887978142076
88,21.57,-158.1,2020,745.3146630236794
89,21.53,-158.1,2020,697.3479052823316
90,21.49,-158.1,2020,630.3829690346083
91,21.45,-158.1,2020,644.1206739526411
92,21.41,-158.1,2020,678.7613843351548
93,21.37,-158.1,2020,695.1593806921676
94,21.33,-158.1,2020,748.9257741347906
95,21.29,-158.1,2020,752.1771402550091
96,21.25,-158.1,2020,788.9394353369763
97,21.21,-158.1,2020,827.1051912568306
98,21.73,-158.06,2020,790.646174863388
99,21.69,-158.06,2020,773.1279599271403
100,21.65,-158.06,2020,749.49043715847
101,21.61,-158.06,2020,756.1926229508197
102,21.57,-158.06,2020,759.7217668488161
103,21.53,-158.06,2020,723.4239526411658
104,21.49,-158.06,2020,702.5332422586521
105,21.45,-158.06,2020,691.4285063752277
106,21.41,-158.06,2020,653.773679417122
107,21.37,-158.06,2020,698.0350637522769
108,21.33,-158.06,2020,754.7955373406193
109,21.29,-158.06,2020,749.1798724954463
110,21.25,-158.06,2020,800.4963570127504
111,21.21,-158.06,2020,827.8073770491803
112,21.73,-158.02,2020,789.0068306010929
113,21.69,-158.02,2020,751.7167577413479
114,21.65,-158.02,2020,731.4644808743169
115,21.61,-158.02,2020,734.8866120218579
116,21.57,-158.02,2020,743.3624772313296
117,21.53,-158.02,2020,737.8087431693989
118,21.49,-158.02,2020,721.247723132969
119,21.45,-158.02,2020,722.9754098360655
120,21.41,-158.02,2020,723.9189435336976
121,21.37,-158.02,2020,741.1853369763206
122,21.33,-158.02,2020,769.6689435336976
123,21.29,-158.02,2020,771.775956284153
124,21.25,-158.02,2020,806.9954462659381
125,21.21,-158.02,2020,827.7395264116576
126,21.73,-157.98,2020,793.1174863387978
127,21.69,-157.98,2020,769.2422586520947
128,21.65,-157.98,2020,730.806466302368
129,21.61,-157.98,2020,686.8383424408015
130,21.57,-157.98,2020,714.0988160291439
131,21.53,-157.98,2020,716.7281420765028
132,21.49,-157.98,2020,703.4758652094717
133,21.45,-157.98,2020,734.4790528233151
134,21.41,-157.98,2020,748.4039162112932
135,21.37,-157.98,2020,761.7117486338798
136,21.33,-157.98,2020,776.5323315118397
137,21.29,-157.98,2020,779.867941712204
138,21.25,-157.98,2020,804.8907103825137
139,21.21,-157.98,2020,826.5077413479053
140,21.73,-157.94,2020,793.2577413479053
141,21.69,-157.94,2020,783.16985428051
142,21.65,-157.94,2020,762.6229508196722
143,21.61,-157.94,2020,665.7304189435337
144,21.57,-157.94,2020,591.3816029143898
145,21.53,-157.94,2020,626.5974499089253
146,21.49,-157.94,2020,663.8032786885246
147,21.45,-157.94,2020,720.438524590164
148,21.41,-157.94,2020,739.1174863387978
149,21.37,-157.94,2020,769.8802367941712
150,21.33,-157.94,2020,780.2732240437158
151,21.29,-157.94,2020,784.9512750455374
152,21.25,-157.94,2020,803.3834244080145
153,21.21,-157.94,2020,823.6206739526411
154,21.73,-157.9,2020,785.3925318761384
155,21.69,-157.9,2020,785.9107468123862
156,21.65,-157.9,2020,769.5678506375227
157,21.61,-157.9,2020,726.0828779599271
158,21.57,-157.9,2020,624.445810564663
159,21.53,-157.9,2020,507.5792349726776
160,21.49,-157.9,2020,561.879781420765
161,21.45,-157.9,2020,608.3638433515483
162,21.41,-157.9,2020,683.9389799635701
163,21.37,-157.9,2020,767.1420765027323
164,21.33,-157.9,2020,769.8693078324226
165,21.29,-157.9,2020,778.7987249544626
166,21.25,-157.9,2020,802.5154826958105
167,21.21,-157.9,2020,821.719489981785
168,21.73,-157.86,2020,780.9448998178507
169,21.69,-157.86,2020,777.183970856102
170,21.65,-157.86,2020,774.7982695810565
171,21.61,-157.86,2020,760.8911657559198
172,21.57,-157.86,2020,730.4940801457195
173,21.53,-157.86,2020,630.3474499089253
174,21.49,-157.86,2020,572.5373406193079
175,21.45,-157.86,2020,560.2267759562842
176,21.41,-157.86,2020,597.7941712204007
177,21.37,-157.86,2020,720.4348816029144
178,21.33,-157.86,2020,765.1138433515483
179,21.29,-157.86,2020,764.5218579234972
180,21.25,-157.86,2020,807.6152094717669
181,21.21,-157.86,2020,820.8187613843352
182,21.73,-157.82,2020,782.0113843351548
183,21.69,-157.82,2020,778.4699453551913
184,21.65,-157.82,2020,772.422131147541
185,21.61,-157.82,2020,766.4699453551913
186,21.57,-157.82,2020,757.1516393442623
187,21.53,-157.82,2020,712.5728597449909
188,21.49,-157.82,2020,716.25956284153
189,21.45,-157.82,2020,682.9640255009108
190,21.41,-157.82,2020,539.9995446265938
191,21.37,-157.82,2020,565.9804189435337
192,21.33,-157.82,2020,718.8907103825137
193,21.29,-157.82,2020,764.1256830601093
194,21.25,-157.82,2020,808.8743169398907
195,21.21,-157.82,2020,821.6102003642987
196,21.73,-157.78,2020,786.3838797814208
197,21.69,-157.78,2020,781.6475409836065
198,21.65,-157.78,2020,777.7636612021857
199,21.61,-157.78,2020,772.6124772313296
200,21.57,-157.78,2020,763.997723132969
201,21.53,-157.78,2020,757.2732240437158
202,21.49,-157.78,2020,767.193533697632
203,21.45,-157.78,2020,725.82058287796
204,21.41,-157.78,2020,692.0892531876138
205,21.37,-157.78,2020,587.8688524590164
206,21.33,-157.78,2020,589.2918943533698
207,21.29,-157.78,2020,774.3378870673953
208,21.25,-157.78,2020,809.2791438979964
209,21.21,-157.78,2020,817.6830601092896
210,21.73,-157.74,2020,789.6302367941712
211,21.69,-157.74,2020,786.4489981785064
212,21.65,-157.74,2020,782.8551912568306
213,21.61,-157.74,2020,778.3611111111111
214,21.57,-157.74,2020,774.6366120218579
215,21.53,-157.74,2020,774.1206739526411
216,21.49,-157.74,2020,781.9116575591985
217,21.45,-157.74,2020,766.393897996357
218,21.41,-157.74,2020,743.2290528233151
219,21.37,-157.74,2020,702.4357923497267
220,21.33,-157.74,2020,539.1352459016393
221,21.29,-157.74,2020,744.0878870673953
222,21.25,-157.74,2020,783.5350637522769
223,21.21,-157.74,2020,812.7040072859745
224,21.73,-157.7,2020,792.0737704918033
225,21.69,-157.7,2020,790.4043715846994
226,21.65,-157.7,2020,787.1903460837887
227,21.61,-157.7,2020,781.4002732240438
228,21.57,-157.7,2020,780.0746812386157
229,21.53,-157.7,2020,781.1479963570127
230,21.49,-157.7,2020,781.4626593806921
231,21.45,-157.7,2020,780.8706739526411
232,21.41,-157.7,2020,774.5446265938069
233,21.37,-157.7,2020,747.4963570127504
234,21.33,-157.7,2020,698.6489071038251
235,21.29,-157.7,2020,745.5168488160291
236,21.25,-157.7,2020,789.8469945355191
237,21.21,-157.7,2020,809.0555555555555
238,21.73,-157.66,2020,794.4007285974499
239,21.69,-157.66,2020,793.4048269581057
240,21.65,-157.66,2020,789.0323315118397
241,21.61,-157.66,2020,786.0724043715848
242,21.57,-157.66,2020,786.3265027322404
243,21.53,-157.66,2020,785.9275956284152
244,21.49,-157.66,2020,781.7144808743169
245,21.45,-157.66,2020,781.8051001821493
246,21.41,-157.66,2020,779.8615664845173
247,21.37,-157.66,2020,772.5013661202186
248,21.33,-157.66,2020,756.3328779599271
249,21.29,-157.66,2020,761.1693989071039
250,21.25,-157.66,2020,787.2850637522769
251,21.21,-157.66,2020,805.7459016393443
252,21.65,-157.62,2020,790.8000910746813
253,21.61,-157.62,2020,789.5350637522769
254,21.57,-157.62,2020,790.3337887067395
255,21.53,-157.62,2020,789.882058287796
256,21.49,-157.62,2020,789.1284153005464
257,21.45,-157.62,2020,788.8438069216758
258,21.41,-157.62,2020,786.7531876138434
259,21.37,-157.62,2020,786.5819672131148
260,21.33,-157.62,2020,787.4808743169399
261,21.29,-157.62,2020,780.7836976320583
262,21.25,-157.62,2020,801.3806921675774
263,21.21,-157.62,2020,806.3674863387978
0,21.73,-158.34,2021,806.1890410958904
1,21.69,-158.34,2021,810.0958904109589
2,21.65,-158.34,2021,810.7689497716894
3,21.61,-158.34,2021,804.3082191780821
4,21.57,-158.34,2021,784.9525114155251
5,21.53,-158.34,2021,779.7808219178082
6,21.49,-158.34,2021,780.9607305936073
7,21.45,-158.34,2021,779.1593607305936
8,21.41,-158.34,2021,783.9004566210045
9,21.37,-158.34,2021,781.6251141552511
10,21.33,-158.34,2021,781.3360730593607
11,21.29,-158.34,2021,786.4794520547945
12,21.25,-158.34,2021,792.2949771689498
13,21.21,-158.34,2021,805.4210045662101
14,21.73,-158.3,2021,803.5506849315068
15,21.69,-158.3,2021,807.6835616438356
16,21.65,-158.3,2021,806.0707762557078
17,21.61,-158.3,2021,820.2735159817352
18,21.57,-158.3,2021,812.3356164383562
19,21.53,-158.3,2021,753.0625570776256
20,21.49,-158.3,2021,758.3351598173516
21,21.45,-158.3,2021,764.3821917808219
22,21.41,-158.3,2021,773.2534246575342
23,21.37,-158.3,2021,770.4881278538812
24,21.33,-158.3,2021,774.1228310502283
25,21.29,-158.3,2021,781.575799086758
26,21.25,-158.3,2021,792.3013698630137
27,21.21,-158.3,2021,809.9237442922374
28,21.73,-158.26,2021,799.9392694063927
29,21.69,-158.26,2021,802.9995433789954
30,21.65,-158.26,2021,798.3388127853881
31,21.61,-158.26,2021,817.2433789954338
32,21.57,-158.26,2021,804.5949771689498
33,21.53,-158.26,2021,782.254794520548
34,21.49,-158.26,2021,781.9086757990867
35,21.45,-158.26,2021,774.7095890410959
36,21.41,-158.26,2021,758.4438356164384
37,21.37,-158.26,2021,758.2803652968037
38,21.33,-158.26,2021,764.1694063926941
39,21.29,-158.26,2021,773.8479452054795
40,21.25,-158.26,2021,790.0214611872146
41,21.21,-158.26,2021,812.4461187214612
42,21.73,-158.22,2021,796.0799086757991
43,21.69,-158.22,2021,798.0721461187214
44,21.65,-158.22,2021,806.154794520548
45,21.61,-158.22,2021,803.662100456621
46,21.57,-158.22,2021,763.1159817351598
47,21.53,-158.22,2021,738.2100456621005
48,21.49,-158.22,2021,739.7246575342466
49,21.45,-158.22,2021,784.8086757990868
50,21.41,-158.22,2021,772.7159817351599
51,21.37,-158.22,2021,762.8433789954338
52,21.33,-158.22,2021,749.5936073059361
53,21.29,-158.22,2021,760.3634703196348
54,21.25,-158.22,2021,784.692694063927
55,21.21,-158.22,2021,815.224200913242
56,21.73,-158.18,2021,794.0666666666667
57,21.69,-158.18,2021,789.0141552511416
58,21.65,-158.18,2021,793.9547945205479
59,21.61,-158.18,2021,794.6164383561644
60,21.57,-158.18,2021,723.8566210045663
61,21.53,-158.18,2021,673.6990867579908
62,21.49,-158.18,2021,718.3552511415525
63,21.45,-158.18,2021,758.9922374429224
64,21.41,-158.18,2021,762.9525114155251
65,21.37,-158.18,2021,770.7082191780822
66,21.33,-158.18,2021,734.3292237442922
67,21.29,-158.18,2021,730.4963470319635
68,21.25,-158.18,2021,779.7091324200914
69,21.21,-158.18,2021,818.1018264840183
70,21.73,-158.14,2021,789.5191780821917
71,21.69,-158.14,2021,772.22100456621
72,21.65,-158.14,2021,794.5100456621004
73,21.61,-158.14,2021,785.6739726027397
74,21.57,-158.14,2021,738.5068493150685
75,21.53,-158.14,2021,667.4388127853881
76,21.49,-158.14,2021,686.4059360730594
77,21.45,-158.14,2021,735.3237442922374
78,21.41,-158.14,2021,733.748401826484
79,21.37,-158.14,2021,764.7767123287671
80,21.33,-158.14,2021,782.2520547945205
81,21.29,-158.14,2021,801.3703196347032
82,21.25,-158.14,2021,783.7762557077625
83,21.21,-158.14,2021,821.0853881278539
84,21.73,-158.1,2021,793.4922374429224
85,21.69,-158.1,2021,802.8150684931506
86,21.65,-158.1,2021,804.5963470319634
87,21.61,-158.1,2021,785.4041095890411
88,21.57,-158.1,2021,778.5360730593608
89,21.53,-158.1,2021,681.6561643835616
90,21.49,-158.1,2021,631.8365296803653
91,21.45,-158.1,2021,695.3739726027397
92,21.41,-158.1,2021,703.0031963470319
93,21.37,-158.1,2021,748.754794520548
94,21.33,-158.1,2021,788.9789954337899
95,21.29,-158.1,2021,806.6844748858448
96,21.25,-158.1,2021,792.8981735159817
97,21.21,-158.1,2021,822.5917808219178
98,21.73,-158.06,2021,811.5333333333333
99,21.69,-158.06,2021,811.2319634703197
100,21.65,-158.06,2021,800.2767123287671
101,21.61,-158.06,2021,798.2287671232876
102,21.57,-158.06,2021,785.2511415525114
103,21.53,-158.06,2021,714.1228310502283
104,21.49,-158.06,2021,695.737899543379
105,21.45,-158.06,2021,745.544292237443
106,21.41,-158.06,2021,728.8570776255708
107,21.37,-158.06,2021,769.9050228310502
108,21.33,-158.06,2021,791.7931506849316
109,21.29,-158.06,2021,813.2817351598173
110,21.25,-158.06,2021,799.5931506849315
111,21.21,-158.06,2021,822.6127853881278
112,21.73,-158.02,2021,818.5885844748858
113,21.69,-158.02,2021,799.8278538812785
114,21.65,-158.02,2021,776.1497716894977
115,21.61,-158.02,2021,746.9036529680366
116,21.57,-158.02,2021,741.9803652968036
117,21.53,-158.02,2021,729.8917808219178
118,21.49,-158.02,2021,706.8767123287671
119,21.45,-158.02,2021,753.1356164383561
120,21.41,-158.02,2021,771.7748858447488
121,21.37,-158.02,2021,794.1383561643836
122,21.33,-158.02,2021,803.8566210045663
123,21.29,-158.02,2021,820.0004566210046
124,21.25,-158.02,2021,801.365296803653
125,21.21,-158.02,2021,821.6844748858448
126,21.73,-157.98,2021,815.3018264840183
127,21.69,-157.98,2021,784.8630136986301
128,21.65,-157.98,2021,762.0972602739726
129,21.61,-157.98,2021,690.2082191780822
130,21.57,-157.98,2021,696.7639269406393
131,21.53,-157.98,2021,697.5461187214612
132,21.49,-157.98,2021,672.1118721461187
133,21.45,-157.98,2021,738.0269406392694
134,21.41,-157.98,2021,749.106392694064
135,21.37,-157.98,2021,790.8255707762557
136,21.33,-157.98,2021,811.972602739726
137,21.29,-157.98,2021,825.0415525114155
138,21.25,-157.98,2021,801.9479452054794
139,21.21,-157.98,2021,821.1949771689498
140,21.73,-157.94,2021,815.8
141,21.69,-157.94,2021,805.9374429223744
142,21.65,-157.94,2021,785.982191780822
143,21.61,-157.94,2021,726.7214611872146
144,21.57,-157.94,2021,642.6515981735159
145,21.53,-157.94,2021,599.7127853881278
146,21.49,-157.94,2021,630.1255707762557
147,21.45,-157.94,2021,686.4977168949772
148,21.41,-157.94,2021,724.630593607306
149,21.37,-157.94,2021,792.4287671232877
150,21.33,-157.94,2021,816.8342465753425
151,21.29,-157.94,2021,829.0036529680365
152,21.25,-157.94,2021,796.7972602739726
153,21.21,-157.94,2021,819.3223744292237
154,21.73,-157.9,2021,794.4164383561643
155,21.69,-157.9,2021,816.8904109589041
156,21.65,-157.9,2021,805.7356164383561
157,21.61,-157.9,2021,758.3963470319635
158,21.57,-157.9,2021,699.1949771689498
159,21.53,-157.9,2021,646.8251141552512
160,21.49,-157.9,2021,600.8424657534247
161,21.45,-157.9,2021,650.2534246575342
162,21.41,-157.9,2021,659.8803652968037
163,21.37,-157.9,2021,783.4607305936073
164,21.33,-157.9,2021,814.9041095890411
165,21.29,-157.9,2021,824.7383561643836
166,21.25,-157.9,2021,803.9392694063927
167,21.21,-157.9,2021,820.3205479452055
168,21.73,-157.86,2021,776.9671232876713
169,21.69,-157.86,2021,771.6995433789955
170,21.65,-157.86,2021,787.4415525114156
171,21.61,-157.86,2021,798.2703196347032
172,21.57,-157.86,2021,773.3726027397261
173,21.53,-157.86,2021,692.6287671232876
174,21.49,-157.86,2021,696.6739726027397
175,21.45,-157.86,2021,668.0853881278539
176,21.41,-157.86,2021,636.4525114155251
177,21.37,-157.86,2021,741.0214611872146
178,21.33,-157.86,2021,809.5041095890411
179,21.29,-157.86,2021,825.6465753424658
180,21.25,-157.86,2021,825.386301369863
181,21.21,-157.86,2021,821.1159817351598
182,21.73,-157.82,2021,782.0780821917808
183,21.69,-157.82,2021,780.3205479452055
184,21.65,-157.82,2021,767.4872146118721
185,21.61,-157.82,2021,769.4789954337899
186,21.57,-157.82,2021,774.5826484018265
187,21.53,-157.82,2021,771.7420091324201
188,21.49,-157.82,2021,777.2082191780822
189,21.45,-157.82,2021,756.8557077625571
190,21.41,-157.82,2021,649.8630136986301
191,21.37,-157.82,2021,550.4881278538812
192,21.33,-157.82,2021,731.2415525114155
193,21.29,-157.82,2021,826.445205479452
194,21.25,-157.82,2021,839.734703196347
195,21.21,-157.82,2021,816.4872146118721
196,21.73,-157.78,2021,784.5438356164384
197,21.69,-157.78,2021,784.0410958904109
198,21.65,-157.78,2021,777.3547945205479
199,21.61,-157.78,2021,768.7566210045662
200,21.57,-157.78,2021,757.8159817351598
201,21.53,-157.78,2021,745.0191780821917
202,21.49,-157.78,2021,806.6388127853882
203,21.45,-157.78,2021,786.4347031963471
204,21.41,-157.78,2021,757.2027397260274
205,21.37,-157.78,2021,644.0666666666667
206,21.33,-157.78,2021,683.5785388127854
207,21.29,-157.78,2021,829.8292237442922
208,21.25,-157.78,2021,837.5210045662101
209,21.21,-157.78,2021,812.030593607306
210,21.73,-157.74,2021,786.510502283105
211,21.69,-157.74,2021,785.6876712328767
212,21.65,-157.74,2021,780.7187214611872
213,21.61,-157.74,2021,776.520091324201
214,21.57,-157.74,2021,769.6748858447488
215,21.53,-157.74,2021,764.0168949771689
216,21.49,-157.74,2021,819.0351598173517
217,21.45,-157.74,2021,803.0191780821917
218,21.41,-157.74,2021,792.3027397260274
219,21.37,-157.74,2021,764.1073059360731
220,21.33,-157.74,2021,705.6100456621004
221,21.29,-157.74,2021,821.345205479452
222,21.25,-157.74,2021,810.6575342465753
223,21.21,-157.74,2021,809.6525114155252
224,21.73,-157.7,2021,787.6369863013699
225,21.69,-157.7,2021,786.5817351598173
226,21.65,-157.7,2021,783.4634703196347
227,21.61,-157.7,2021,779.5744292237443
228,21.57,-157.7,2021,777.4972602739726
229,21.53,-157.7,2021,773.754794520548
230,21.49,-157.7,2021,784.154794520548
231,21.45,-157.7,2021,806.0908675799087
232,21.41,-157.7,2021,816.7465753424658
233,21.37,-157.7,2021,798.0534246575343
234,21.33,-157.7,2021,767.969406392694
235,21.29,-157.7,2021,825.0219178082192
236,21.25,-157.7,2021,815.4114155251142
237,21.21,-157.7,2021,808.5018264840182
238,21.73,-157.66,2021,788.5123287671233
239,21.69,-157.66,2021,787.3616438356164
240,21.65,-157.66,2021,784.5570776255707
241,21.61,-157.66,2021,783.2351598173516
242,21.57,-157.66,2021,782.0817351598173
243,21.53,-157.66,2021,780.6397260273973
244,21.49,-157.66,2021,779.2885844748859
245,21.45,-157.66,2021,780.4095890410958
246,21.41,-157.66,2021,780.2506849315068
247,21.37,-157.66,2021,795.2684931506849
248,21.33,-157.66,2021,776.3474885844748
249,21.29,-157.66,2021,791.7474885844749
250,21.25,-157.66,2021,804.3465753424657
251,21.21,-157.66,2021,809.6794520547945
252,21.65,-157.62,2021,786.7908675799086
253,21.61,-157.62,2021,786.7091324200914
254,21.57,-157.62,2021,784.2424657534247
255,21.53,-157.62,2021,784.6429223744292
256,21.49,-157.62,2021,787.3922374429224
257,21.45,-157.62,2021,790.4625570776255
258,21.41,-157.62,2021,789.9547945205479
259,21.37,-157.62,2021,789.0141552511416
260,21.33,-157.62,2021,793.2689497716894
261,21.29,-157.62,2021,792.0977168949772
262,21.25,-157.62,2021,806.4406392694063
263,21.21,-157.62,2021,812.4255707762557
0,21.73,-158.34,2022,824.8908675799087
1,21.69,-158.34,2022,823.3232876712328
2,21.65,-158.34,2022,820.7721461187215
3,21.61,-158.34,2022,813.8712328767124
4,21.57,-158.34,2022,802.1401826484018
5,21.53,-158.34,2022,803.5593607305937
6,21.49,-158.34,2022,803.4022831050228
7,21.45,-158.34,2022,801.7063926940639
8,21.41,-158.34,2022,804.0780821917808
9,21.37,-158.34,2022,804.0429223744292
10,21.33,-158.34,2022,806.566210045662
11,21.29,-158.34,2022,814.7063926940639
12,21.25,-158.34,2022,818.3109589041096
13,21.21,-158.34,2022,825.1077625570776
14,21.73,-158.3,2022,825.1328767123288
15,21.69,-158.3,2022,822.3095890410959
16,21.65,-158.3,2022,815.313698630137
17,21.61,-158.3,2022,824.3415525114156
18,21.57,-158.3,2022,820.8968036529681
19,21.53,-158.3,2022,780.8004566210045
20,21.49,-158.3,2022,783.7981735159817
21,21.45,-158.3,2022,790.7146118721461
22,21.41,-158.3,2022,798.1707762557078
23,21.37,-158.3,2022,797.5374429223745
24,21.33,-158.3,2022,801.0324200913242
25,21.29,-158.3,2022,812.068493150685
26,21.25,-158.3,2022,815.6123287671232
27,21.21,-158.3,2022,826.2607305936073
28,21.73,-158.26,2022,823.0785388127854
29,21.69,-158.26,2022,819.4191780821918
30,21.65,-158.26,2022,809.2182648401827
31,21.61,-158.26,2022,820.7488584474886
32,21.57,-158.26,2022,806.3095890410959
33,21.53,-158.26,2022,794.9497716894978
34,21.49,-158.26,2022,798.8251141552512
35,21.45,-158.26,2022,795.6461187214612
36,21.41,-158.26,2022,782.1054794520549
37,21.37,-158.26,2022,782.3735159817352
38,21.33,-158.26,2022,793.1671232876712
39,21.29,-158.26,2022,805.037899543379
40,21.25,-158.26,2022,811.431506849315
41,21.21,-158.26,2022,826.9616438356164
42,21.73,-158.22,2022,819.8342465753425
43,21.69,-158.22,2022,816.2237442922375
44,21.65,-158.22,2022,818.0698630136986
45,21.61,-158.22,2022,813.8109589041096
46,21.57,-158.22,2022,760.3296803652968
47,21.53,-158.22,2022,741.9196347031964
48,21.49,-158.22,2022,751.5173515981735
49,21.45,-158.22,2022,802.8520547945205
50,21.41,-158.22,2022,790.0762557077626
51,21.37,-158.22,2022,779.7954337899544
52,21.33,-158.22,2022,780.8776255707762
53,21.29,-158.22,2022,790.3251141552512
54,21.25,-158.22,2022,806.5187214611872
55,21.21,-158.22,2022,827.9643835616438
56,21.73,-158.18,2022,817.616894977169
57,21.69,-158.18,2022,809.1159817351598
58,21.65,-158.18,2022,809.4347031963471
59,21.61,-158.18,2022,806.9876712328767
60,21.57,-158.18,2022,739.3328767123288
61,21.53,-158.18,2022,684.1191780821918
62,21.49,-158.18,2022,732.6872146118722
63,21.45,-158.18,2022,777.5310502283105
64,21.41,-158.18,2022,783.6904109589041
65,21.37,-158.18,2022,782.6401826484018
66,21.33,-158.18,2022,760.7365296803653
67,21.29,-158.18,2022,762.6698630136987
68,21.25,-158.18,2022,802.2511415525114
69,21.21,-158.18,2022,831.5607305936073
70,21.73,-158.14,2022,812.6593607305936
71,21.69,-158.14,2022,794.6219178082192
72,21.65,-158.14,2022,809.2191780821918
73,21.61,-158.14,2022,797.9963470319635
74,21.57,-158.14,2022,754.0141552511416
75,21.53,-158.14,2022,683.2799086757991
76,21.49,-158.14,2022,698.2333333333333
77,21.45,-158.14,2022,737.6566210045662
78,21.41,-158.14,2022,738.469406392694
79,21.37,-158.14,2022,769.851598173516
80,21.33,-158.14,2022,790.6013698630137
81,21.29,-158.14,2022,812.9374429223744
82,21.25,-158.14,2022,804.2780821917809
83,21.21,-158.14,2022,834.6543378995434
84,21.73,-158.1,2022,813.5
85,21.69,-158.1,2022,814.1799086757991
86,21.65,-158.1,2022,812.8456621004566
87,21.61,-158.1,2022,797.6639269406393
88,21.57,-158.1,2022,791.8424657534247
89,21.53,-158.1,2022,702.4990867579909
90,21.49,-158.1,2022,656.0680365296804
91,21.45,-158.1,2022,705.5493150684931
92,21.41,-158.1,2022,710.6091324200913
93,21.37,-158.1,2022,749.7041095890411
94,21.33,-158.1,2022,795.5707762557078
95,21.29,-158.1,2022,815.0671232876713
96,21.25,-158.1,2022,811.7922374429223
97,21.21,-158.1,2022,835.3287671232877
98,21.73,-158.06,2022,825.013698630137
99,21.69,-158.06,2022,819.3538812785388
100,21.65,-158.06,2022,809.9182648401827
101,21.61,-158.06,2022,810.0657534246575
102,21.57,-158.06,2022,796.2082191780822
103,21.53,-158.06,2022,738.7703196347032
104,21.49,-158.06,2022,722.9721461187214
105,21.45,-158.06,2022,763.6
106,21.41,-158.06,2022,741.8054794520548
107,21.37,-158.06,2022,781.2922374429223
108,21.33,-158.06,2022,803.8114155251142
109,21.29,-158.06,2022,821.5826484018265
110,21.25,-158.06,2022,816.4456621004566
111,21.21,-158.06,2022,833.9721461187214
112,21.73,-158.02,2022,831.7506849315068
113,21.69,-158.02,2022,814.5461187214612
114,21.65,-158.02,2022,803.0219178082192
115,21.61,-158.02,2022,771.9255707762557
116,21.57,-158.02,2022,759.7474885844749
117,21.53,-158.02,2022,746.6639269406393
118,21.49,-158.02,2022,737.0392694063927
119,21.45,-158.02,2022,770.6406392694064
120,21.41,-158.02,2022,781.7913242009132
121,21.37,-158.02,2022,797.172602739726
122,21.33,-158.02,2022,808.3643835616439
123,21.29,-158.02,2022,825.3
124,21.25,-158.02,2022,815.9657534246576
125,21.21,-158.02,2022,832.7447488584475
126,21.73,-157.98,2022,829.6004566210046
127,21.69,-157.98,2022,803.6045662100456
128,21.65,-157.98,2022,783.2337899543379
129,21.61,-157.98,2022,720.7397260273973
130,21.57,-157.98,2022,718.5990867579909
131,21.53,-157.98,2022,719.7570776255708
132,21.49,-157.98,2022,715.3337899543379
133,21.45,-157.98,2022,762.6141552511416
134,21.41,-157.98,2022,766.8479452054795
135,21.37,-157.98,2022,793.5068493150685
136,21.33,-157.98,2022,810.1424657534246
137,21.29,-157.98,2022,827.45799086758
138,21.25,-157.98,2022,814.5
139,21.21,-157.98,2022,832.1283105022831
140,21.73,-157.94,2022,829.1579908675799
141,21.69,-157.94,2022,819.5730593607306
142,21.65,-157.94,2022,802.2835616438356
143,21.61,-157.94,2022,752.3712328767124
144,21.57,-157.94,2022,683.8972602739726
145,21.53,-157.94,2022,631.1675799086757
146,21.49,-157.94,2022,670.8625570776255
147,21.45,-157.94,2022,721.4287671232877
148,21.41,-157.94,2022,749.9333333333333
149,21.37,-157.94,2022,796.7182648401827
150,21.33,-157.94,2022,817.6703196347032
151,21.29,-157.94,2022,829.4680365296804
152,21.25,-157.94,2022,809.8470319634703
153,21.21,-157.94,2022,830.955707762557
154,21.73,-157.9,2022,808.945205479452
155,21.69,-157.9,2022,826.1698630136987
156,21.65,-157.9,2022,815.3420091324201
157,21.61,-157.9,2022,775.6922374429224
158,21.57,-157.9,2022,721.4716894977169
159,21.53,-157.9,2022,674.3127853881278
160,21.49,-157.9,2022,648.7388127853882
161,21.45,-157.9,2022,679.5429223744292
162,21.41,-157.9,2022,679.1187214611872
163,21.37,-157.9,2022,792.9497716894978
164,21.33,-157.9,2022,816.5132420091325
165,21.29,-157.9,2022,824.8890410958904
166,21.25,-157.9,2022,814.3881278538813
167,21.21,-157.9,2022,829.462100456621
168,21.73,-157.86,2022,792.5283105022831
169,21.69,-157.86,2022,784.0712328767123
170,21.65,-157.86,2022,796.0022831050228
171,21.61,-157.86,2022,806.4095890410958
172,21.57,-157.86,2022,788.6365296803652
173,21.53,-157.86,2022,716.0602739726028
174,21.49,-157.86,2022,730.3369863013698
175,21.45,-157.86,2022,685.5707762557078
176,21.41,-157.86,2022,655.8388127853881
177,21.37,-157.86,2022,754.5940639269406
178,21.33,-157.86,2022,811.8552511415525
179,21.29,-157.86,2022,827.7538812785388
180,21.25,-157.86,2022,829.8707762557077
181,21.21,-157.86,2022,829.6821917808219
182,21.73,-157.82,2022,795.0191780821917
183,21.69,-157.82,2022,788.6447488584475
184,21.65,-157.82,2022,778.1972602739726
185,21.61,-157.82,2022,780.0904109589042
186,21.57,-157.82,2022,784.3159817351598
187,21.53,-157.82,2022,786.1
188,21.49,-157.82,2022,792.2867579908676
189,21.45,-157.82,2022,769.9872146118721
190,21.41,-157.82,2022,668.0086757990867
191,21.37,-157.82,2022,572.0716894977169
192,21.33,-157.82,2022,744.7191780821918
193,21.29,-157.82,2022,830.7123287671233
194,21.25,-157.82,2022,845.9077625570776
195,21.21,-157.82,2022,828.0803652968036
196,21.73,-157.78,2022,795.8689497716895
197,21.69,-157.78,2022,790.933789954338
198,21.65,-157.78,2022,784.9589041095891
199,21.61,-157.78,2022,778.2150684931507
200,21.57,-157.78,2022,767.9817351598174
201,21.53,-157.78,2022,761.037899543379
202,21.49,-157.78,2022,811.786301369863
203,21.45,-157.78,2022,792.1228310502283
204,21.41,-157.78,2022,771.9748858447489
205,21.37,-157.78,2022,656.2803652968037
206,21.33,-157.78,2022,692.1054794520549
207,21.29,-157.78,2022,835.9584474885845
208,21.25,-157.78,2022,846.234703196347
209,21.21,-157.78,2022,827.2488584474886
210,21.73,-157.74,2022,797.2009132420092
211,21.69,-157.74,2022,793.3913242009132
212,21.65,-157.74,2022,789.5433789954338
213,21.61,-157.74,2022,786.2086757990868
214,21.57,-157.74,2022,779.462100456621
215,21.53,-157.74,2022,776.0799086757991
216,21.49,-157.74,2022,820.4547945205479
217,21.45,-157.74,2022,807.7821917808219
218,21.41,-157.74,2022,803.5269406392694
219,21.37,-157.74,2022,779.7045662100456
220,21.33,-157.74,2022,718.0639269406392
221,21.29,-157.74,2022,830.0246575342466
222,21.25,-157.74,2022,823.2118721461187
223,21.21,-157.74,2022,825.7132420091324
224,21.73,-157.7,2022,798.9794520547945
225,21.69,-157.7,2022,796.1917808219179
226,21.65,-157.7,2022,793.054794520548
227,21.61,-157.7,2022,790.8698630136986
228,21.57,-157.7,2022,788.8579908675799
229,21.53,-157.7,2022,786.0936073059361
230,21.49,-157.7,2022,793.1579908675799
231,21.45,-157.7,2022,812.0730593607306
232,21.41,-157.7,2022,822.7520547945205
233,21.37,-157.7,2022,809.0598173515982
234,21.33,-157.7,2022,778.6260273972603
235,21.29,-157.7,2022,834.7433789954338
236,21.25,-157.7,2022,829.2785388127854
237,21.21,-157.7,2022,823.3671232876712
238,21.73,-157.66,2022,799.6525114155252
239,21.69,-157.66,2022,796.9264840182649
240,21.65,-157.66,2022,794.5689497716895
241,21.61,-157.66,2022,794.0940639269406
242,21.57,-157.66,2022,794.1931506849315
243,21.53,-157.66,2022,792.6401826484018
244,21.49,-157.66,2022,790.4324200913242
245,21.45,-157.66,2022,792.0109589041095
246,21.41,-157.66,2022,794.068493150685
247,21.37,-157.66,2022,806.6283105022831
248,21.33,-157.66,2022,791.3301369863013
249,21.29,-157.66,2022,806.0557077625571
250,21.25,-157.66,2022,819.4703196347032
251,21.21,-157.66,2022,824.1232876712329
252,21.65,-157.62,2022,796.2598173515981
253,21.61,-157.62,2022,797.5127853881279
254,21.57,-157.62,2022,798.2584474885845
255,21.53,-157.62,2022,796.4794520547945
256,21.49,-157.62,2022,798.7059360730593
257,21.45,-157.62,2022,801.8963470319635
258,21.41,-157.62,2022,802.7228310502284
259,21.37,-157.62,2022,802.2639269406393
260,21.33,-157.62,2022,807.2178082191781
261,21.29,-157.62,2022,808.0054794520548
262,21.25,-157.62,2022,820.8506849315069
263,21.21,-157.62,2022,824.175799086758
0,21.73,-158.34,2023,790.8689497716895
1,21.69,-158.34,2023,793.5949771689498
2,21.65,-158.34,2023,791.1146118721462
3,21.61,-158.34,2023,778.0849315068493
4,21.57,-158.34,2023,759.3401826484019
5,21.53,-158.34,2023,761.5365296803653
6,21.49,-158.34,2023,763.345205479452
7,21.45,-158.34,2023,766.7420091324201
8,21.41,-158.34,2023,772.734703196347
9,21.37,-158.34,2023,771.3684931506849
10,21.33,-158.34,2023,771.7045662100456
11,21.29,-158.34,2023,778.4068493150685
12,21.25,-158.34,2023,784.2360730593607
13,21.21,-158.34,2023,796.6095890410959
14,21.73,-158.3,2023,789.8146118721461
15,21.69,-158.3,2023,792.2817351598173
16,21.65,-158.3,2023,785.2525114155251
17,21.61,-158.3,2023,793.04200913242
18,21.57,-158.3,2023,776.6899543378995
19,21.53,-158.3,2023,734.5657534246575
20,21.49,-158.3,2023,739.5164383561644
21,21.45,-158.3,2023,753.1648401826484
22,21.41,-158.3,2023,763.0438356164384
23,21.37,-158.3,2023,761.6068493150685
24,21.33,-158.3,2023,763.4831050228311
25,21.29,-158.3,2023,772.8657534246576
26,21.25,-158.3,2023,782.9634703196347
27,21.21,-158.3,2023,798.4365296803653
28,21.73,-158.26,2023,787.4324200913242
29,21.69,-158.26,2023,788.8990867579909
30,21.65,-158.26,2023,779.637899543379
31,21.61,-158.26,2023,788.462100456621
32,21.57,-158.26,2023,754.9410958904109
33,21.53,-158.26,2023,738.4643835616438
34,21.49,-158.26,2023,743.82100456621
35,21.45,-158.26,2023,757.9662100456621
36,21.41,-158.26,2023,745.4260273972603
37,21.37,-158.26,2023,746.6095890410959
38,21.33,-158.26,2023,756.010502283105
39,21.29,-158.26,2023,763.4424657534247
40,21.25,-158.26,2023,779.2986301369863
41,21.21,-158.26,2023,799.054794520548
42,21.73,-158.22,2023,784.9351598173516
43,21.69,-158.22,2023,783.4972602739726
44,21.65,-158.22,2023,786.2401826484019
45,21.61,-158.22,2023,774.0059360730594
46,21.57,-158.22,2023,695.393607305936
47,21.53,-158.22,2023,672.7086757990868
48,21.49,-158.22,2023,673.2958904109589
49,21.45,-158.22,2023,761.6515981735159
50,21.41,-158.22,2023,750.2707762557078
51,21.37,-158.22,2023,745.8433789954338
52,21.33,-158.22,2023,743.1616438356165
53,21.29,-158.22,2023,748.62100456621
54,21.25,-158.22,2023,773.7602739726027
55,21.21,-158.22,2023,801.3479452054795
56,21.73,-158.18,2023,780.9876712328767
57,21.69,-158.18,2023,773.5543378995434
58,21.65,-158.18,2023,772.082191780822
59,21.61,-158.18,2023,761.1958904109589
60,21.57,-158.18,2023,673.4109589041096
61,21.53,-158.18,2023,627.4351598173516
62,21.49,-158.18,2023,653.116894977169
63,21.45,-158.18,2023,717.0123287671233
64,21.41,-158.18,2023,726.7858447488585
65,21.37,-158.18,2023,740.8547945205479
66,21.33,-158.18,2023,723.1721461187215
67,21.29,-158.18,2023,719.4698630136986
68,21.25,-158.18,2023,771.6050228310502
69,21.21,-158.18,2023,804.7228310502284
70,21.73,-158.14,2023,775.0401826484018
71,21.69,-158.14,2023,755.3109589041096
72,21.65,-158.14,2023,765.2611872146118
73,21.61,-158.14,2023,750.2844748858447
74,21.57,-158.14,2023,691.4292237442922
75,21.53,-158.14,2023,642.1753424657534
76,21.49,-158.14,2023,619.6109589041096
77,21.45,-158.14,2023,678.4616438356164
78,21.41,-158.14,2023,667.1949771689498
79,21.37,-158.14,2023,721.2365296803653
80,21.33,-158.14,2023,737.6086757990868
81,21.29,-158.14,2023,756.4703196347032
82,21.25,-158.14,2023,775.3593607305936
83,21.21,-158.14,2023,807.4675799086758
84,21.73,-158.1,2023,775.3547945205479
85,21.69,-158.1,2023,769.0041095890411
86,21.65,-158.1,2023,765.1958904109589
87,21.61,-158.1,2023,745.0187214611872
88,21.57,-158.1,2023,734.3543378995433
89,21.53,-158.1,2023,664.4748858447489
90,21.49,-158.1,2023,639.3442922374429
91,21.45,-158.1,2023,643.8305936073059
92,21.41,-158.1,2023,649.1369863013699
93,21.37,-158.1,2023,688.3219178082192
94,21.33,-158.1,2023,733.0799086757991
95,21.29,-158.1,2023,753.1109589041096
96,21.25,-158.1,2023,784.3438356164384
97,21.21,-158.1,2023,808.551598173516
98,21.73,-158.06,2023,787.4429223744293
99,21.69,-158.06,2023,766.4593607305936
100,21.65,-158.06,2023,746.8264840182649
101,21.61,-158.06,2023,745.7073059360731
102,21.57,-158.06,2023,735.5648401826484
103,21.53,-158.06,2023,695.3360730593607
104,21.49,-158.06,2023,676.0831050228311
105,21.45,-158.06,2023,692.551598173516
106,21.41,-158.06,2023,684.9173515981735
107,21.37,-158.06,2023,724.6552511415525
108,21.33,-158.06,2023,749.3913242009132
109,21.29,-158.06,2023,770.9470319634703
110,21.25,-158.06,2023,789.7050228310502
111,21.21,-158.06,2023,808.1050228310502
112,21.73,-158.02,2023,795.9205479452055
113,21.69,-158.02,2023,755.1940639269407
114,21.65,-158.02,2023,712.2073059360731
115,21.61,-158.02,2023,710.5904109589042
116,21.57,-158.02,2023,710.9050228310502
117,21.53,-158.02,2023,706.7086757990868
118,21.49,-158.02,2023,684.2328767123288
119,21.45,-158.02,2023,709.7926940639269
120,21.41,-158.02,2023,728.6351598173516
121,21.37,-158.02,2023,755.8077625570776
122,21.33,-158.02,2023,759.8753424657534
123,21.29,-158.02,2023,783.148401826484
124,21.25,-158.02,2023,790.5155251141553
125,21.21,-158.02,2023,805.8963470319635
126,21.73,-157.98,2023,791.5018264840182
127,21.69,-157.98,2023,743.7506849315068
128,21.65,-157.98,2023,705.6913242009132
129,21.61,-157.98,2023,651.2684931506849
130,21.57,-157.98,2023,679.730593607306
131,21.53,-157.98,2023,678.2748858447488
132,21.49,-157.98,2023,656.269406392694
133,21.45,-157.98,2023,712.8712328767124
134,21.41,-157.98,2023,730.3844748858447
135,21.37,-157.98,2023,760.2744292237443
136,21.33,-157.98,2023,769.0712328767123
137,21.29,-157.98,2023,793.1415525114155
138,21.25,-157.98,2023,786.1881278538813
139,21.21,-157.98,2023,804.8748858447489
140,21.73,-157.94,2023,789.32100456621
141,21.69,-157.94,2023,773.7853881278539
142,21.65,-157.94,2023,745.5255707762557
143,21.61,-157.94,2023,668.248401826484
144,21.57,-157.94,2023,560.5675799086758
145,21.53,-157.94,2023,593.1073059360731
146,21.49,-157.94,2023,621.0931506849315
147,21.45,-157.94,2023,676.1671232876712
148,21.41,-157.94,2023,698.917808219178
149,21.37,-157.94,2023,756.3214611872146
150,21.33,-157.94,2023,770.3260273972603
151,21.29,-157.94,2023,794.0753424657535
152,21.25,-157.94,2023,779.5392694063927
153,21.21,-157.94,2023,802.8986301369863
154,21.73,-157.9,2023,772.8853881278538
155,21.69,-157.9,2023,786.5301369863014
156,21.65,-157.9,2023,770.7867579908676
157,21.61,-157.9,2023,716.0374429223745
158,21.57,-157.9,2023,639.1995433789955
159,21.53,-157.9,2023,565.8442922374429
160,21.49,-157.9,2023,541.0
161,21.45,-157.9,2023,578.7707762557078
162,21.41,-157.9,2023,644.1616438356165
163,21.37,-157.9,2023,745.1036529680365
164,21.33,-157.9,2023,757.7826484018265
165,21.29,-157.9,2023,786.2995433789954
166,21.25,-157.9,2023,783.6474885844749
167,21.21,-157.9,2023,802.1703196347032
168,21.73,-157.86,2023,761.5054794520548
169,21.69,-157.86,2023,752.562100456621
170,21.65,-157.86,2023,758.5748858447489
171,21.61,-157.86,2023,759.8187214611872
172,21.57,-157.86,2023,732.2315068493151
173,21.53,-157.86,2023,615.5228310502283
174,21.49,-157.86,2023,647.3826484018265
175,21.45,-157.86,2023,596.1876712328767
176,21.41,-157.86,2023,563.9319634703196
177,21.37,-157.86,2023,698.7022831050228
178,21.33,-157.86,2023,737.0831050228311
179,21.29,-157.86,2023,781.486301369863
180,21.25,-157.86,2023,800.1703196347032
181,21.21,-157.86,2023,802.4593607305936
182,21.73,-157.82,2023,764.6520547945205
183,21.69,-157.82,2023,760.0894977168949
184,21.65,-157.82,2023,746.3264840182649
185,21.61,-157.82,2023,745.4095890410958
186,21.57,-157.82,2023,747.4662100456621
187,21.53,-157.82,2023,730.3926940639269
188,21.49,-157.82,2023,741.9333333333333
189,21.45,-157.82,2023,701.7383561643836
190,21.41,-157.82,2023,550.9547945205479
191,21.37,-157.82,2023,549.6648401826484
192,21.33,-157.82,2023,661.7611872146118
193,21.29,-157.82,2023,773.1502283105023
194,21.25,-157.82,2023,812.7730593607306
195,21.21,-157.82,2023,800.4566210045662
196,21.73,-157.78,2023,767.9406392694063
197,21.69,-157.78,2023,764.4570776255708
198,21.65,-157.78,2023,756.4867579908675
199,21.61,-157.78,2023,749.575799086758
200,21.57,-157.78,2023,740.1744292237443
201,21.53,-157.78,2023,733.092694063927
202,21.49,-157.78,2023,774.3611872146118
203,21.45,-157.78,2023,732.0009132420091
204,21.41,-157.78,2023,698.479908675799
205,21.37,-157.78,2023,586.2228310502284
206,21.33,-157.78,2023,600.4310502283105
207,21.29,-157.78,2023,779.4589041095891
208,21.25,-157.78,2023,809.4858447488584
209,21.21,-157.78,2023,798.5890410958904
210,21.73,-157.74,2023,770.0936073059361
211,21.69,-157.74,2023,767.7689497716894
212,21.65,-157.74,2023,762.2840182648401
213,21.61,-157.74,2023,759.3178082191781
214,21.57,-157.74,2023,752.0945205479452
215,21.53,-157.74,2023,749.1607305936074
216,21.49,-157.74,2023,784.5744292237443
217,21.45,-157.74,2023,755.9981735159818
218,21.41,-157.74,2023,744.4808219178083
219,21.37,-157.74,2023,710.137899543379
220,21.33,-157.74,2023,565.0849315068493
221,21.29,-157.74,2023,774.9940639269406
222,21.25,-157.74,2023,796.2511415525114
223,21.21,-157.74,2023,796.3456621004566
224,21.73,-157.7,2023,771.1538812785388
225,21.69,-157.7,2023,770.216894977169
226,21.65,-157.7,2023,767.030593607306
227,21.61,-157.7,2023,764.472602739726
228,21.57,-157.7,2023,762.6958904109589
229,21.53,-157.7,2023,760.9196347031964
230,21.49,-157.7,2023,765.3059360730593
231,21.45,-157.7,2023,773.7780821917809
232,21.41,-157.7,2023,780.5853881278539
233,21.37,-157.7,2023,758.5799086757991
234,21.33,-157.7,2023,685.4680365296804
235,21.29,-157.7,2023,782.6748858447488
236,21.25,-157.7,2023,799.1356164383561
237,21.21,-157.7,2023,791.6817351598173
238,21.73,-157.66,2023,772.0013698630137
239,21.69,-157.66,2023,771.9506849315069
240,21.65,-157.66,2023,769.9707762557077
241,21.61,-157.66,2023,768.2493150684932
242,21.57,-157.66,2023,768.8200913242009
243,21.53,-157.66,2023,767.1607305936074
244,21.49,-157.66,2023,764.3634703196348
245,21.45,-157.66,2023,763.1068493150685
246,21.41,-157.66,2023,762.0461187214612
247,21.37,-157.66,2023,770.2977168949772
248,21.33,-157.66,2023,750.5867579908676
249,21.29,-157.66,2023,773.1803652968036
250,21.25,-157.66,2023,789.5579908675799
251,21.21,-157.66,2023,788.8077625570776
252,21.65,-157.62,2023,771.245205479452
253,21.61,-157.62,2023,770.6118721461187
254,21.57,-157.62,2023,771.2666666666667
255,21.53,-157.62,2023,770.5643835616438
256,21.49,-157.62,2023,770.8767123287671
257,21.45,-157.62,2023,772.7662100456621
258,21.41,-157.62,2023,771.641095890411
259,21.37,-157.62,2023,770.7123287671233
260,21.33,-157.62,2023,777.9474885844749
261,21.29,-157.62,2023,781.034703196347
262,21.25,-157.62,2023,787.6036529680365
263,21.21,-157.62,2023,788.6397260273973
0,21.73,-158.34,2024,789.4357923497267
1,21.69,-158.34,2024,791.6552823315118
2,21.65,-158.34,2024,787.719489981785
3,21.61,-158.34,2024,779.2964480874317
4,21.57,-158.34,2024,762.1270491803278
5,21.53,-158.34,2024,766.8365209471767
6,21.49,-158.34,2024,772.1293260473589
7,21.45,-158.34,2024,773.896174863388
8,21.41,-158.34,2024,776.9949908925319
9,21.37,-158.34,2024,775.4025500910747
10,21.33,-158.34,2024,775.1347905282331
11,21.29,-158.34,2024,782.6115664845173
12,21.25,-158.34,2024,790.9581056466302
13,21.21,-158.34,2024,804.9011839708561
14,21.73,-158.3,2024,786.2987249544626
15,21.69,-158.3,2024,787.8674863387978
16,21.65,-158.3,2024,781.1962659380692
17,21.61,-158.3,2024,789.9153005464481
18,21.57,-158.3,2024,778.280510018215
19,21.53,-158.3,2024,739.7345173041895
20,21.49,-158.3,2024,751.5874316939891
21,21.45,-158.3,2024,763.242714025501
22,21.41,-158.3,2024,766.7217668488161
23,21.37,-158.3,2024,766.2176684881603
24,21.33,-158.3,2024,767.9394353369763
25,21.29,-158.3,2024,777.3374316939891
26,21.25,-158.3,2024,792.1115664845173
27,21.21,-158.3,2024,810.7226775956284
28,21.73,-158.26,2024,782.5327868852459
29,21.69,-158.26,2024,781.7422586520947
30,21.65,-158.26,2024,772.110655737705
31,21.61,-158.26,2024,778.7436247723133
32,21.57,-158.26,2024,749.2108378870674
33,21.53,-158.26,2024,737.2090163934427
34,21.49,-158.26,2024,749.1051912568306
35,21.45,-158.26,2024,765.0655737704918
36,21.41,-158.26,2024,748.8715846994536
37,21.37,-158.26,2024,750.813752276867
38,21.33,-158.26,2024,758.9772313296903
39,21.29,-158.26,2024,770.4626593806921
40,21.25,-158.26,2024,792.186247723133
41,21.21,-158.26,2024,813.0487249544626
42,21.73,-158.22,2024,778.8187613843352
43,21.69,-158.22,2024,773.2399817850637
44,21.65,-158.22,2024,775.6953551912568
45,21.61,-158.22,2024,761.24043715847
46,21.57,-158.22,2024,695.6133879781421
47,21.53,-158.22,2024,665.0578324225866
48,21.49,-158.22,2024,684.4262295081967
49,21.45,-158.22,2024,762.7062841530054
50,21.41,-158.22,2024,752.0869763205828
51,21.37,-158.22,2024,746.101548269581
52,21.33,-158.22,2024,745.8105646630237
53,21.29,-158.22,2024,758.2978142076503
54,21.25,-158.22,2024,791.7586520947177
55,21.21,-158.22,2024,814.4180327868852
56,21.73,-158.18,2024,776.1525500910747
57,21.69,-158.18,2024,761.6630236794172
58,21.65,-158.18,2024,758.6425318761384
59,21.61,-158.18,2024,745.752276867031
60,21.57,-158.18,2024,679.0018214936248
61,21.53,-158.18,2024,625.5168488160291
62,21.49,-158.18,2024,678.6639344262295
63,21.45,-158.18,2024,725.4635701275046
64,21.41,-158.18,2024,719.983606557377
65,21.37,-158.18,2024,736.1124772313296
66,21.33,-158.18,2024,730.4781420765028
67,21.29,-158.18,2024,729.5969945355191
68,21.25,-158.18,2024,789.938524590164
69,21.21,-158.18,2024,817.0969945355191
70,21.73,-158.14,2024,772.4389799635701
71,21.69,-158.14,2024,747.0555555555555
72,21.65,-158.14,2024,754.9071038251366
73,21.61,-158.14,2024,731.7700364298724
74,21.57,-158.14,2024,695.9376138433515
75,21.53,-158.14,2024,640.1452641165756
76,21.49,-158.14,2024,642.6070127504554
77,21.45,-158.14,2024,692.132058287796
78,21.41,-158.14,2024,677.3155737704918
79,21.37,-158.14,2024,728.7390710382514
80,21.33,-158.14,2024,752.3201275045537
81,21.29,-158.14,2024,770.8014571948999
82,21.25,-158.14,2024,793.1643897996357
83,21.21,-158.14,2024,819.8765938069216
84,21.73,-158.1,2024,773.3866120218579
85,21.69,-158.1,2024,762.1074681238616
86,21.65,-158.1,2024,758.2326958105647
87,21.61,-158.1,2024,745.2554644808744
88,21.57,-158.1,2024,738.5086520947177
89,21.53,-158.1,2024,674.4312386156648
90,21.49,-158.1,2024,645.4180327868852
91,21.45,-158.1,2024,646.5714936247723
92,21.41,-158.1,2024,648.433970856102
93,21.37,-158.1,2024,691.7527322404371
94,21.33,-158.1,2024,733.8296903460838
95,21.29,-158.1,2024,765.0573770491803
96,21.25,-158.1,2024,799.266393442623
97,21.21,-158.1,2024,821.2090163934427
98,21.73,-158.06,2024,784.629781420765
99,21.69,-158.06,2024,754.4704007285975
100,21.65,-158.06,2024,746.5655737704918
101,21.61,-158.06,2024,754.6516393442623
102,21.57,-158.06,2024,748.985883424408
103,21.53,-158.06,2024,698.7172131147541
104,21.49,-158.06,2024,682.6170309653917
105,21.45,-158.06,2024,713.2349726775956
106,21.41,-158.06,2024,690.8474499089253
107,21.37,-158.06,2024,728.6571038251366
108,21.33,-158.06,2024,746.2809653916212
109,21.29,-158.06,2024,778.2969034608379
110,21.25,-158.06,2024,799.8465391621129
111,21.21,-158.06,2024,817.2718579234972
112,21.73,-158.02,2024,788.7586520947177
113,21.69,-158.02,2024,745.0223132969035
114,21.65,-158.02,2024,708.8319672131148
115,21.61,-158.02,2024,705.8378870673953
116,21.57,-158.02,2024,714.7440801457195
117,21.53,-158.02,2024,711.3069216757741
118,21.49,-158.02,2024,691.2864298724954
119,21.45,-158.02,2024,718.8952641165756
120,21.41,-158.02,2024,728.5555555555555
121,21.37,-158.02,2024,754.7495446265938
122,21.33,-158.02,2024,752.7067395264116
123,21.29,-158.02,2024,789.3023679417122
124,21.25,-158.02,2024,798.1388888888889
125,21.21,-158.02,2024,814.1534608378871
126,21.73,-157.98,2024,786.8611111111111
127,21.69,-157.98,2024,739.6498178506375
128,21.65,-157.98,2024,700.1593806921676
129,21.61,-157.98,2024,618.5227686703097
130,21.57,-157.98,2024,663.1357012750456
131,21.53,-157.98,2024,667.1967213114754
132,21.49,-157.98,2024,662.747723132969
133,21.45,-157.98,2024,714.6511839708561
134,21.41,-157.98,2024,723.8884335154827
135,21.37,-157.98,2024,755.905737704918
136,21.33,-157.98,2024,764.8260473588342
137,21.29,-157.98,2024,798.4594717668488
138,21.25,-157.98,2024,795.379781420765
139,21.21,-157.98,2024,813.7377049180328
140,21.73,-157.94,2024,785.7408925318762
141,21.69,-157.94,2024,771.8091985428051
142,21.65,-157.94,2024,744.6397996357013
143,21.61,-157.94,2024,647.4949908925319
144,21.57,-157.94,2024,520.8624772313296
145,21.53,-157.94,2024,538.0960837887068
146,21.49,-157.94,2024,617.6074681238616
147,21.45,-157.94,2024,660.4831511839709
148,21.41,-157.94,2024,699.1420765027323
149,21.37,-157.94,2024,751.1803278688525
150,21.33,-157.94,2024,774.1243169398907
151,21.29,-157.94,2024,795.8415300546449
152,21.25,-157.94,2024,790.6889799635701
153,21.21,-157.94,2024,814.7832422586521
154,21.73,-157.9,2024,773.1270491803278
155,21.69,-157.9,2024,786.0824225865209
156,21.65,-157.9,2024,767.9367030965392
157,21.61,-157.9,2024,706.2563752276867
158,21.57,-157.9,2024,640.2317850637522
159,21.53,-157.9,2024,517.6152094717669
160,21.49,-157.9,2024,524.1844262295082
161,21.45,-157.9,2024,534.4594717668488
162,21.41,-157.9,2024,633.6534608378871
163,21.37,-157.9,2024,745.6871584699453
164,21.33,-157.9,2024,755.6402550091075
165,21.29,-157.9,2024,794.7618397085611
166,21.25,-157.9,2024,797.0250455373406
167,21.21,-157.9,2024,816.2695810564663
168,21.73,-157.86,2024,760.6525500910747
169,21.69,-157.86,2024,748.6548269581057
170,21.65,-157.86,2024,754.0842440801457
171,21.61,-157.86,2024,756.7846083788706
172,21.57,-157.86,2024,721.7978142076503
173,21.53,-157.86,2024,612.0755919854281
174,21.49,-157.86,2024,656.9690346083788
175,21.45,-157.86,2024,577.8989071038251
176,21.41,-157.86,2024,554.5068306010929
177,21.37,-157.86,2024,690.7577413479053
178,21.33,-157.86,2024,744.74043715847
179,21.29,-157.86,2024,783.5355191256831
180,21.25,-157.86,2024,816.7645719489982
181,21.21,-157.86,2024,816.4239526411658
182,21.73,-157.82,2024,763.1780510018215
183,21.69,-157.82,2024,756.3142076502733
184,21.65,-157.82,2024,741.9157559198543
185,21.61,-157.82,2024,743.2153916211294
186,21.57,-157.82,2024,746.5127504553734
187,21.53,-157.82,2024,729.91985428051
188,21.49,-157.82,2024,732.398451730419
189,21.45,-157.82,2024,683.6835154826958
190,21.41,-157.82,2024,561.1807832422586
191,21.37,-157.82,2024,527.1625683060109
192,21.33,-157.82,2024,654.7390710382514
193,21.29,-157.82,2024,777.0796903460838
194,21.25,-157.82,2024,825.5532786885246
195,21.21,-157.82,2024,812.6211293260474
196,21.73,-157.78,2024,767.2645719489982
197,21.69,-157.78,2024,760.9590163934427
198,21.65,-157.78,2024,753.806466302368
199,21.61,-157.78,2024,747.2941712204007
200,21.57,-157.78,2024,736.4426229508197
201,21.53,-157.78,2024,729.2764116575592
202,21.49,-157.78,2024,766.4731329690346
203,21.45,-157.78,2024,716.632058287796
204,21.41,-157.78,2024,694.9685792349727
205,21.37,-157.78,2024,574.1407103825137
206,21.33,-157.78,2024,595.780510018215
207,21.29,-157.78,2024,786.6029143897996
208,21.25,-157.78,2024,818.5646630236794
209,21.21,-157.78,2024,809.9562841530054
210,21.73,-157.74,2024,771.5059198542805
211,21.69,-157.74,2024,765.1457194899817
212,21.65,-157.74,2024,760.2108378870674
213,21.61,-157.74,2024,755.7349726775956
214,21.57,-157.74,2024,746.6994535519126
215,21.53,-157.74,2024,744.0469034608379
216,21.49,-157.74,2024,781.3023679417122
217,21.45,-157.74,2024,753.5368852459017
218,21.41,-157.74,2024,742.007285974499
219,21.37,-157.74,2024,716.9166666666666
220,21.33,-157.74,2024,575.2718579234972
221,21.29,-157.74,2024,774.507285974499
222,21.25,-157.74,2024,804.1780510018215
223,21.21,-157.74,2024,805.5714936247723
224,21.73,-157.7,2024,774.4234972677596
225,21.69,-157.7,2024,770.4116575591985
226,21.65,-157.7,2024,766.908014571949
227,21.61,-157.7,2024,762.4567395264116
228,21.57,-157.7,2024,759.4981785063752
229,21.53,-157.7,2024,758.0605646630237
230,21.49,-157.7,2024,762.1434426229508
231,21.45,-157.7,2024,775.0127504553734
232,21.41,-157.7,2024,781.9603825136612
233,21.37,-157.7,2024,758.188524590164
234,21.33,-157.7,2024,707.139344262295
235,21.29,-157.7,2024,787.9335154826958
236,21.25,-157.7,2024,806.6766848816029
237,21.21,-157.7,2024,801.5100182149363
238,21.73,-157.66,2024,775.7386156648452
239,21.69,-157.66,2024,773.7554644808744
240,21.65,-157.66,2024,771.8410746812386
241,21.61,-157.66,2024,768.6539162112932
242,21.57,-157.66,2024,769.629781420765
243,21.53,-157.66,2024,770.8178506375227
244,21.49,-157.66,2024,763.9981785063752
245,21.45,-157.66,2024,762.9735883424408
246,21.41,-157.66,2024,764.1352459016393
247,21.37,-157.66,2024,773.2978142076503
248,21.33,-157.66,2024,755.0746812386157
249,21.29,-157.66,2024,791.4544626593807
250,21.25,-157.66,2024,799.2399817850637
251,21.21,-157.66,2024,801.7527322404371
252,21.65,-157.62,2024,774.3802367941712
253,21.61,-157.62,2024,774.5673952641166
254,21.57,-157.62,2024,776.353825136612
255,21.53,-157.62,2024,776.502276867031
256,21.49,-157.62,2024,776.9248633879781
257,21.45,-157.62,2024,777.992714025501
258,21.41,-157.62,2024,777.1074681238616
259,21.37,-157.62,2024,775.5988160291439
260,21.33,-157.62,2024,785.4043715846994
261,21.29,-157.62,2024,791.9535519125683
262,21.25,-157.62,2024,798.2550091074681
263,21.21,-157.62,2024,801.853825136612
