date,ghi_midday,temp_midday,temp_evening
2020-01-01,591.0044191919192,25.41155303030304,24.509706439393945
2020-01-02,439.15467171717165,24.940909090909102,24.020596590909076
2020-01-03,533.2575757575758,25.359154040404047,24.605397727272706
2020-01-04,448.1489898989899,25.354924242424246,24.941335227272727
2020-01-05,663.6900252525253,25.885227272727274,24.97045454545454
2020-01-06,613.4065656565656,25.692045454545465,24.90785984848485
2020-01-07,651.1565656565657,24.991856060606068,24.257623106060628
2020-01-08,569.3806818181819,25.1939393939394,24.616098484848468
2020-01-09,511.4886363636363,24.683585858585854,24.125094696969697
2020-01-10,480.4709595959596,25.00397727272726,24.58285984848484
2020-01-11,342.5113636363637,25.055744949494922,24.859943181818192
2020-01-12,95.84595959595958,25.179608585858574,24.82140151515152
2020-01-13,309.11742424242425,25.20997474747475,24.941571969696977
2020-01-14,430.10037878787875,25.308901515151533,24.755871212121207
2020-01-15,336.34090909090907,25.22790404040404,24.50572916666666
2020-01-16,567.3383838383838,24.78131313131314,24.305350378787885
2020-01-17,586.6458333333334,24.4221590909091,23.259185606060598
2020-01-18,650.6199494949495,24.16117424242424,23.139204545454557
2020-01-19,643.0606060606061,24.237815656565658,23.58058712121212
2020-01-20,553.3352272727274,24.86584595959597,24.066903409090905
2020-01-21,741.751893939394,25.130366161616163,24.331770833333334
2020-01-22,766.8882575757575,25.09008838383839,24.589157196969694
2020-01-23,781.4785353535353,25.066161616161622,24.291335227272715
2020-01-24,767.554292929293,25.418686868686866,23.868181818181817
2020-01-25,633.2695707070707,25.05246212121212,24.48773674242424
2020-01-26,766.231691919192,25.80625000000001,24.592092803030305
2020-01-27,778.165404040404,25.194696969696963,24.752272727272725
2020-01-28,720.9248737373737,25.58547979797979,24.903929924242423
2020-01-29,705.1180555555557,25.54962121212121,25.016761363636366
2020-01-30,761.2335858585858,25.990593434343428,25.14095643939394
2020-01-31,555.147095959596,25.498926767676767,24.87447916666667
2020-02-01,510.86742424242425,25.06199494949495,23.441098484848492
2020-02-02,736.8573232323233,24.75858585858586,24.620359848484846
2020-02-03,771.1521464646463,25.58213383838384,24.861647727272732
2020-02-04,767.4892676767677,25.47828282828282,24.748674242424247
2020-02-05,322.167297979798,24.772348484848482,23.583428030303033
2020-02-06,172.42108585858588,22.851010101010104,22.40407196969698
2020-02-07,730.3276515151515,22.88630050505051,21.905255681818183
2020-02-08,666.897095959596,23.08112373737374,22.33134469696969
2020-02-09,722.3219696969696,23.429419191919195,22.685416666666676
2020-02-10,456.26452020202015,22.23794191919191,22.356155303030306
2020-02-11,638.1811868686868,23.368750000000016,22.54214015151515
2020-02-12,738.3756313131313,23.89829545454546,24.214346590909095
2020-02-13,777.03851010101,26.303093434343435,25.105634469696973
2020-02-14,650.0145202020202,25.91868686868686,24.7278409090909
2020-02-15,783.3465909090909,25.434722222222224,24.374621212121216
2020-02-16,672.5069444444445,24.84261363636364,23.64910037878788
2020-02-17,602.9703282828283,24.565088383838383,23.820407196969697
2020-02-18,635.5719696969696,24.728661616161617,23.70018939393939
2020-02-19,567.5574494949495,24.8280303030303,23.782102272727276
2020-02-20,662.8074494949495,24.81281565656566,23.647679924242425
2020-02-21,805.16351010101,24.889393939393944,24.13233901515151
2020-02-22,677.0214646464647,25.070896464646466,24.543939393939397
2020-02-23,722.6925505050505,25.339772727272727,24.232007575757578
2020-02-24,817.1565656565657,24.884722222222223,23.714488636363644
2020-02-25,839.9261363636364,24.84160353535354,23.862499999999997
2020-02-26,804.1458333333334,24.567424242424238,23.641666666666673
2020-02-27,674.467803030303,24.274368686868687,23.15317234848485
2020-02-28,726.6502525252525,23.80145202020201,22.910511363636353
2020-02-29,722.342803030303,23.81919191919192,23.26846590909092
2020-03-01,729.3371212121211,24.04425505050504,23.345454545454544
2020-03-02,555.3617424242424,23.988068181818182,23.60667613636362
2020-03-03,882.9179292929293,25.538762626262635,24.50970643939394
2020-03-04,811.1862373737373,25.230681818181818,24.292471590909088
2020-03-05,708.3819444444445,25.201452020202026,23.654924242424244
2020-03-06,723.7253787878789,24.305997474747475,23.60075757575757
2020-03-07,793.4924242424241,23.83023989898989,23.267376893939403
2020-03-08,597.7550505050505,23.858143939393937,22.744981060606072
2020-03-09,627.1464646464647,23.388446969696968,22.74204545454548
2020-03-10,882.2613636363636,24.31300505050505,23.72357954545454
2020-03-11,852.9652777777778,24.678219696969702,23.618844696969692
2020-03-12,590.8377525252525,23.647095959595973,22.98347537878788
2020-03-13,693.0839646464647,24.080618686868686,23.40880681818182
2020-03-14,794.3200757575759,25.143813131313134,23.970928030303032
2020-03-15,585.2083333333334,24.85997474747475,24.181060606060576
2020-03-16,417.21906565656565,25.11565656565658,24.66756628787879
2020-03-17,144.1104797979798,24.345770202020205,23.70227272727274
2020-03-18,665.616792929293,25.30827020202021,23.923295454545457
2020-03-19,405.102904040404,24.15012626262627,23.84266098484847
2020-03-20,855.2487373737373,25.45296717171718,24.776988636363626
2020-03-21,766.8882575757576,25.554419191919205,24.274810606060605
2020-03-22,784.6199494949495,25.241856060606057,23.85198863636364
2020-03-23,854.5176767676768,24.341414141414138,23.602935606060615
2020-03-24,612.7632575757576,24.309280303030306,23.530066287878793
2020-03-25,660.5877525252525,24.117297979797982,23.221638257575748
2020-03-26,694.7790404040405,24.153851010101004,23.216761363636355
2020-03-27,603.366792929293,23.986174242424237,23.352367424242427
2020-03-28,836.9633838383838,24.71521464646465,23.753124999999997
2020-03-29,815.5915404040403,24.44381313131313,23.675142045454535
2020-03-30,735.9823232323233,24.69356060606061,23.836221590909098
2020-03-31,557.9551767676768,24.18390151515152,23.600662878787873
2020-04-01,946.0460858585858,24.326830808080814,23.849668560606055
2020-04-02,888.991792929293,24.98996212121212,24.323532196969694
2020-04-03,773.1609848484849,24.880366161616156,24.78839962121212
2020-04-04,817.7550505050503,25.89614898989898,25.199147727272727
2020-04-05,807.6723484848485,25.906502525252534,25.030160984848486
2020-04-06,651.2247474747475,25.13756313131313,24.32589962121212
2020-04-07,939.278409090909,25.398989898989907,24.744839015151513
2020-04-08,688.4008838383838,25.330050505050508,24.35430871212121
2020-04-09,775.9109848484849,24.578851010101005,24.365861742424244
2020-04-10,770.344696969697,25.090277777777796,24.53068181818182
2020-04-11,845.2310606060606,25.56527777777778,24.53745265151516
2020-04-12,964.3705808080808,24.910795454545454,23.706960227272727
2020-04-13,694.2878787878789,24.812626262626267,25.255445075757578
2020-04-14,752.8472222222222,25.531944444444452,25.23622159090909
2020-04-15,928.028409090909,25.80069444444445,24.93082386363637
2020-04-16,960.7051767676768,25.63939393939394,24.483428030303035
2020-04-17,970.0227272727274,25.73585858585859,24.42263257575758
2020-04-18,960.7752525252525,25.571212121212124,24.431818181818176
2020-04-19,860.4633838383838,25.44804292929292,24.93541666666667
2020-04-20,852.6944444444445,25.578787878787878,24.991003787878785
2020-04-21,706.7733585858587,25.732575757575763,25.400189393939392
2020-04-22,874.7771464646463,26.050063131313134,25.183570075757572
2020-04-23,700.8402777777778,26.267613636363635,25.13120265151515
2020-04-24,677.248106060606,25.58674242424243,24.93963068181818
2020-04-25,947.8484848484849,25.67954545454545,24.60445075757575
2020-04-26,866.9065656565657,25.86483585858585,24.662689393939385
2020-04-27,929.2512626262627,25.609532828282827,24.913778409090916
2020-04-28,933.1799242424244,25.697159090909082,24.55440340909091
2020-04-29,792.707702020202,25.705871212121213,24.74706439393939
2020-04-30,983.4210858585858,25.839330808080803,24.693513257575763
2020-05-01,942.2260101010102,25.985921717171717,24.677320075757578
2020-05-02,876.2809343434343,25.95953282828283,25.05596590909091
2020-05-03,848.1875,26.076199494949492,25.02514204545453
2020-05-04,985.0555555555557,26.105429292929298,25.034185606060603
2020-05-05,995.9179292929293,25.96534090909091,24.941382575757572
2020-05-06,960.7847222222222,25.908964646464636,24.730445075757576
2020-05-07,859.3617424242424,25.089141414141412,24.27561553030303
2020-05-08,948.4955808080808,25.359469696969697,24.22182765151514
2020-05-09,901.8295454545455,25.54501262626263,24.108617424242418
2020-05-10,910.9722222222222,25.73377525252526,24.649289772727265
2020-05-11,796.2405303030304,25.97032828282828,24.86306818181819
2020-05-12,746.453914141414,26.035858585858588,24.93835227272728
2020-05-13,915.0385101010102,26.274684343434334,25.360416666666666
2020-05-14,874.9311868686868,26.483396464646464,25.40265151515152
2020-05-15,972.4210858585858,26.97077020202019,25.569412878787883
2020-05-16,1015.6647727272726,26.86452020202019,25.434138257575754
2020-05-17,1013.4444444444443,26.860227272727276,25.531486742424242
2020-05-18,511.98106060606057,26.085984848484852,25.300047348484856
2020-05-19,895.1376262626263,26.359659090909087,25.26619318181818
2020-05-20,782.3566919191918,26.061931818181822,25.121780303030302
2020-05-21,768.1931818181819,26.512121212121226,25.234659090909087
2020-05-22,970.5492424242424,26.369633838383837,25.169554924242423
2020-05-23,859.8705808080808,26.857133838383845,26.08285984848485
2020-05-24,944.9886363636364,27.004734848484844,25.581344696969694
2020-05-25,922.044191919192,26.728598484848487,25.731439393939397
2020-05-26,765.3876262626263,26.675568181818182,25.659517045454553
2020-05-27,697.0549242424241,26.845454545454547,25.63380681818182
2020-05-28,954.6565656565657,26.396843434343428,25.31950757575757
2020-05-29,962.9993686868687,26.711679292929286,25.600520833333334
2020-05-30,879.0517676767677,26.971590909090917,25.54308712121212
2020-05-31,968.2796717171717,27.005808080808077,25.778977272727275
2020-06-01,932.8800505050505,27.254419191919197,26.09777462121212
2020-06-02,907.9684343434343,27.56780303030303,26.383664772727276
2020-06-03,937.159090909091,27.630871212121217,26.31065340909091
2020-06-04,808.5568181818181,27.19797979797981,26.09195075757576
2020-06-05,945.6218434343435,27.25732323232323,26.125852272727272
2020-06-06,781.2537878787879,26.93819444444445,26.0640625
2020-06-07,828.3724747474748,27.5332702020202,26.15014204545455
2020-06-08,716.9987373737373,27.0758207070707,26.081581439393943
2020-06-09,774.89898989899,27.22973484848485,26.115909090909092
2020-06-10,884.4513888888888,27.130429292929296,26.0985321969697
2020-06-11,826.1761363636364,27.166161616161617,25.963589015151513
2020-06-12,840.5839646464647,27.06003787878789,25.83551136363637
2020-06-13,1000.967803030303,27.221654040404047,25.869744318181816
2020-06-14,827.4078282828283,26.9050505050505,25.891998106060605
2020-06-15,906.633207070707,27.28200757575757,25.998484848484846
2020-06-16,774.6136363636364,26.69564393939395,25.74398674242424
2020-06-17,884.8844696969696,26.957575757575757,26.064630681818187
2020-06-18,936.4248737373737,27.305808080808077,25.96680871212122
2020-06-19,737.6597222222223,27.043371212121205,25.77907196969697
2020-06-20,856.7651515151515,26.96698232323232,25.951657196969702
2020-06-21,837.1508838383838,27.093244949494956,26.077888257575758
2020-06-22,877.6843434343435,27.198169191919188,26.059232954545458
2020-06-23,826.6382575757576,27.152209595959594,26.30397727272727
2020-06-24,905.707702020202,27.723484848484848,26.58844696969697
2020-06-25,869.7070707070707,27.372664141414145,26.4174715909091
2020-06-26,977.3585858585858,27.725063131313135,26.415577651515157
2020-06-27,800.7834595959597,27.472916666666666,26.23484848484848
2020-06-28,910.0233585858587,27.618308080808077,26.79446022727273
2020-06-29,791.16351010101,27.920454545454547,26.784374999999994
2020-06-30,955.3844696969696,28.007196969696974,26.87419507575757
2020-07-01,987.8390151515151,28.068623737373738,26.685321969696965
2020-07-02,839.1123737373737,27.77828282828283,26.60066287878788
2020-07-03,798.9406565656567,27.450757575757574,26.498058712121214
2020-07-04,753.9734848484849,27.377209595959588,26.85842803030304
2020-07-05,932.8775252525253,28.256439393939388,27.006250000000005
2020-07-06,974.8895202020202,27.731881313131307,26.79928977272727
2020-07-07,789.3282828282828,27.700441919191917,26.687878787878788
2020-07-08,782.7544191919192,27.43244949494948,26.570312499999993
2020-07-09,815.8573232323233,27.86079545454545,26.8530303030303
2020-07-10,924.5315656565657,27.993244949494947,26.848342803030295
2020-07-11,660.1060606060606,27.945770202020196,26.689488636363635
2020-07-12,775.804292929293,26.926262626262623,26.013304924242423
2020-07-13,809.824494949495,27.44678030303031,26.69976325757576
2020-07-14,812.8674242424244,27.815782828282824,26.687878787878784
2020-07-15,797.9810606060606,27.448295454545455,26.627935606060596
2020-07-16,919.2253787878789,28.060227272727275,27.31302083333334
2020-07-17,855.0637626262627,28.368623737373735,27.43148674242424
2020-07-18,878.41351010101,28.429671717171715,27.274905303030316
2020-07-19,767.7190656565657,28.229987373737362,27.066477272727255
2020-07-20,868.3238636363636,28.106628787878787,26.81723484848487
2020-07-21,840.9330808080808,27.464015151515156,26.35160984848485
2020-07-22,779.4021464646465,27.377588383838383,26.856581439393935
2020-07-23,939.7752525252525,28.329229797979792,27.022395833333334
2020-07-24,944.1079545454546,28.094065656565647,26.84100378787879
2020-07-25,811.4949494949495,28.273169191919198,27.04597537878788
2020-07-26,650.9936868686868,27.820707070707083,26.788257575757566
2020-07-27,885.1199494949495,28.126830808080815,26.98375946969697
2020-07-28,734.2575757575759,27.608712121212125,26.38645833333336
2020-07-29,921.030303030303,27.737121212121206,26.427982954545456
2020-07-30,920.263888888889,27.631376262626272,26.614725378787867
2020-07-31,865.9823232323232,27.91180555555555,26.732765151515142
2020-08-01,813.8175505050505,28.140467171717166,26.61680871212121
2020-08-02,827.6931818181816,28.049494949494946,26.62092803030302
2020-08-03,955.9526515151515,27.85378787878788,26.759327651515147
2020-08-04,884.3251262626263,27.735984848484847,26.62547348484848
2020-08-05,804.9166666666666,28.03276515151515,26.97774621212122
2020-08-06,801.4425505050505,28.046085858585855,26.93977272727272
2020-08-07,780.074494949495,28.05896464646465,27.035606060606064
2020-08-08,747.4829545454546,27.979166666666675,27.10369318181817
2020-08-09,738.0176767676767,27.728977272727274,26.57192234848484
2020-08-10,771.1016414141413,27.87948232323232,26.867992424242424
2020-08-11,945.582702020202,27.944886363636368,26.77765151515152
2020-08-12,935.8238636363636,27.82866161616162,26.6890625
2020-08-13,944.8390151515151,27.90069444444445,26.767234848484843
2020-08-14,957.7405303030304,28.111363636363635,26.76912878787878
2020-08-15,947.532196969697,28.147916666666664,26.843607954545465
2020-08-16,964.9905303030304,28.296464646464642,27.01207386363636
2020-08-17,860.986111111111,27.943686868686868,26.5484375
2020-08-18,794.0625,27.973737373737368,27.090388257575754
2020-08-19,892.8301767676767,28.157386363636363,26.84081439393939
2020-08-20,810.1414141414142,28.057070707070697,26.996543560606067
2020-08-21,849.6382575757575,28.289962121212117,27.03101325757576
2020-08-22,831.8232323232323,28.415088383838395,27.219412878787878
2020-08-23,901.9065656565657,28.673547979797984,27.33409090909091
2020-08-24,851.0265151515151,28.61218434343434,27.372821969696975
2020-08-25,969.5700757575756,28.84400252525253,27.52466856060606
2020-08-26,954.3320707070707,28.858585858585865,27.514015151515157
2020-08-27,961.7777777777777,28.845391414141417,27.345785984848483
2020-08-28,956.1957070707072,28.633775252525243,27.398910984848484
2020-08-29,980.3604797979798,28.46881313131313,27.185037878787877
2020-08-30,911.7234848484849,28.681565656565652,27.07940340909091
2020-08-31,766.0107323232323,28.397601010101017,27.16287878787879
2020-09-01,969.0883838383838,28.475315656565655,27.073910984848478
2020-09-02,890.8737373737373,28.456691919191922,27.308333333333334
2020-09-03,912.388888888889,28.286616161616166,27.275994318181816
2020-09-04,873.5208333333334,28.61123737373737,27.111600378787877
2020-09-05,966.738005050505,28.398611111111112,27.130587121212105
2020-09-06,758.7127525252525,28.30176767676768,27.13735795454545
2020-09-07,800.8087121212121,28.43800505050505,27.098532196969696
2020-09-08,841.594696969697,28.228787878787873,26.892897727272732
2020-09-09,930.844696969697,28.05511363636363,26.98271780303031
2020-09-10,963.1723484848485,28.279356060606062,27.079829545454547
2020-09-11,923.8813131313132,28.402904040404042,27.16008522727273
2020-09-12,852.5107323232323,28.47323232323232,27.213210227272732
2020-09-13,928.0467171717172,28.39804292929293,26.826846590909085
2020-09-14,873.3459595959597,28.400505050505057,27.107954545454554
2020-09-15,835.9520202020202,28.744760101010105,27.181770833333342
2020-09-16,950.6950757575756,28.542424242424236,27.041287878787877
2020-09-17,934.3011363636364,28.536426767676762,27.21732954545455
2020-09-18,895.6679292929293,28.637058080808078,27.375804924242424
2020-09-19,730.643308080808,28.523358585858585,27.26875
2020-09-20,775.1483585858585,27.9842803030303,27.053929924242425
2020-09-21,771.8011363636364,28.558270202020196,27.24573863636364
2020-09-22,811.7487373737373,28.191098484848496,27.09270833333333
2020-09-23,859.998106060606,28.220517676767674,27.100426136363637
2020-09-24,794.4242424242425,28.308333333333334,27.16060606060606
2020-09-25,914.5214646464647,28.248926767676775,27.26747159090909
2020-09-26,867.5441919191918,28.233270202020197,27.17201704545454
2020-09-27,856.1325757575756,28.5278409090909,27.17523674242424
2020-09-28,840.5429292929293,28.20517676767677,27.327130681818176
2020-09-29,926.048611111111,28.621843434343432,27.182149621212123
2020-09-30,918.2714646464647,28.795643939393937,27.51349431818182
2020-10-01,898.0448232323232,28.861679292929285,27.847443181818186
2020-10-02,710.7133838383838,28.877651515151516,27.786458333333336
2020-10-03,859.3036616161617,28.7405303030303,27.39886363636364
2020-10-04,852.8806818181819,28.356439393939382,27.36974431818182
2020-10-05,720.9520202020203,28.031818181818185,27.221354166666657
2020-10-06,843.834595959596,28.691603535353536,27.6234375
2020-10-07,796.790404040404,28.985984848484843,27.762026515151515
2020-10-08,804.0599747474747,28.559469696969696,27.49204545454545
2020-10-09,837.6799242424244,28.707007575757572,27.95369318181818
2020-10-10,887.3964646464647,28.741666666666664,27.431060606060612
2020-10-11,778.9703282828283,28.30965909090909,27.402462121212128
2020-10-12,607.560606060606,28.365530303030297,27.63309659090909
2020-10-13,798.9886363636364,28.48194444444444,27.51567234848485
2020-10-14,720.3806818181819,28.350883838383837,27.489346590909093
2020-10-15,798.6912878787879,28.413573232323234,27.628361742424246
2020-10-16,725.1875,28.24747474747474,27.755776515151524
2020-10-17,549.0044191919192,27.820517676767675,27.277888257575764
2020-10-18,622.7544191919192,27.741856060606057,27.263873106060593
2020-10-19,663.2209595959596,27.567613636363642,27.10582386363636
2020-10-20,606.7474747474747,27.634659090909093,27.169412878787874
2020-10-21,549.8055555555555,27.798863636363645,26.918087121212125
2020-10-22,499.322601010101,27.91717171717171,27.089251893939398
2020-10-23,397.31439393939394,27.987500000000008,27.174289772727278
2020-10-24,788.3844696969696,28.394002525252528,27.672253787878784
2020-10-25,779.2039141414142,28.392866161616155,27.724431818181817
2020-10-26,553.8926767676768,27.156123737373733,27.0294981060606
2020-10-27,216.77904040404042,27.883522727272723,27.055634469696965
2020-10-28,517.2973484848485,27.46508838383839,25.698863636363637
2020-10-29,658.1527777777778,27.674873737373744,27.069602272727277
2020-10-30,723.2847222222223,27.89444444444443,26.913399621212122
2020-10-31,764.9760101010102,27.493055555555557,27.248816287878785
2020-11-01,715.6729797979798,27.102525252525254,26.885369318181823
2020-11-02,790.4583333333334,28.181186868686865,27.145312499999996
2020-11-03,677.4501262626262,28.23592171717171,27.578314393939387
2020-11-04,668.1382575757576,27.716540404040398,27.002509469696967
2020-11-05,703.3162878787879,28.11900252525253,27.50994318181818
2020-11-06,620.6338383838385,28.22152777777778,27.258996212121215
2020-11-07,618.7007575757575,27.949494949494948,27.067613636363635
2020-11-08,758.7443181818181,28.28371212121212,27.076893939393933
2020-11-09,418.4021464646464,27.907512626262612,26.977225378787878
2020-11-10,749.1092171717172,27.617803030303037,26.726751893939394
2020-11-11,632.1508838383838,27.39955808080808,26.476467803030296
2020-11-12,722.7171717171717,27.415972222222223,26.369270833333346
2020-11-13,749.705808080808,27.4082702020202,26.409138257575766
2020-11-14,695.9873737373737,27.480303030303016,26.33210227272727
2020-11-15,591.8251262626262,26.754671717171718,26.13139204545454
2020-11-16,692.4551767676767,26.709911616161623,25.994223484848487
2020-11-17,715.5063131313132,27.270012626262616,26.451704545454547
2020-11-18,422.84217171717177,26.802967171717174,26.20099431818182
2020-11-19,622.0883838383838,26.997095959595956,25.992187499999986
2020-11-20,519.9842171717172,27.098106060606067,26.291098484848487
2020-11-21,688.2777777777778,27.147601010101017,26.262357954545465
2020-11-22,545.9987373737373,26.771969696969695,25.899195075757575
2020-11-23,629.0214646464647,26.822285353535353,25.750284090909094
2020-11-24,578.875,26.739898989898993,25.931818181818183
2020-11-25,647.2373737373738,26.77765151515152,26.0638731060606
2020-11-26,568.7367424242424,26.481186868686873,25.65932765151515
2020-11-27,532.5290404040403,26.192866161616163,25.03489583333333
2020-11-28,680.3301767676768,25.71938131313131,24.75071022727273
2020-11-29,643.2664141414142,25.56616161616161,24.886837121212118
2020-11-30,712.3592171717172,25.78712121212121,24.95407196969697
2020-12-01,743.2544191919192,26.02613636363637,25.09583333333333
2020-12-02,733.393308080808,26.149810606060612,25.333096590909086
2020-12-03,682.1679292929293,26.269507575757572,25.59900568181818
2020-12-04,473.6199494949495,26.835037878787876,26.00549242424242
2020-12-05,645.7967171717172,27.080618686868693,26.146685606060608
2020-12-06,659.0738636363636,27.045517676767673,26.013683712121214
2020-12-07,688.5006313131313,26.86704545454546,25.907054924242424
2020-12-08,573.8566919191918,26.94703282828283,26.25658143939394
2020-12-09,427.6628787878788,26.295580808080803,25.678361742424244
2020-12-10,702.481691919192,26.59684343434343,25.774289772727272
2020-12-11,716.7260101010102,26.663825757575754,25.723958333333336
2020-12-12,683.3592171717172,26.53983585858586,25.778835227272733
2020-12-13,600.9690656565657,26.817929292929296,25.743607954545446
2020-12-14,574.6805555555555,26.938573232323233,26.16027462121212
2020-12-15,589.251893939394,26.518308080808083,25.79981060606061
2020-12-16,583.8869949494949,25.889267676767673,25.69412878787879
2020-12-17,621.4387626262627,25.83611111111111,25.479687500000008
2020-12-18,631.2992424242424,26.350946969696967,25.343465909090888
2020-12-19,599.9520202020202,26.326641414141417,25.62045454545454
2020-12-20,642.6900252525252,26.437184343434343,25.695028409090913
2020-12-21,642.7121212121211,26.131250000000005,25.101278409090906
2020-12-22,718.5157828282828,26.072348484848487,25.24100378787879
2020-12-23,690.3705808080808,25.658838383838372,25.16737689393939
2020-12-24,612.2228535353535,25.962878787878783,25.049384469696975
2020-12-25,488.582702020202,25.56300505050505,24.72694128787879
2020-12-26,327.5397727272727,24.78181818181818,24.494460227272718
2020-12-27,641.3914141414142,26.658207070707068,25.624526515151516
2020-12-28,670.8838383838383,26.092929292929288,25.483049242424244
2020-12-29,527.7020202020202,26.395328282828274,25.576420454545453
2020-12-30,670.3585858585858,26.136174242424243,25.129592803030306
2020-12-31,543.522095959596,25.940025252525242,24.98437500000001
2021-01-01,666.4236111111112,25.877777777777776,25.178361742424247
2021-01-02,563.5940656565657,25.79046717171717,24.847585227272734
2021-01-03,626.9842171717172,25.71003787878789,24.849005681818188
2021-01-04,713.397095959596,25.940530303030304,25.147964015151516
2021-01-05,652.7954545454545,25.547664141414135,25.003219696969698
2021-01-06,702.1635101010102,25.779545454545456,25.141240530303033
2021-01-07,735.2039141414142,25.927777777777777,25.14303977272727
2021-01-08,446.4286616161616,25.490972222222226,24.459564393939402
2021-01-09,709.7171717171717,25.600757575757573,24.720265151515154
2021-01-10,708.9772727272726,25.895454545454545,25.09313446969697
2021-01-11,720.2045454545455,26.294760101010098,25.32935606060606
2021-01-12,725.3371212121211,25.859154040404036,25.25222537878788
2021-01-13,688.9835858585858,26.421464646464653,24.759611742424244
2021-01-14,718.6224747474747,25.78863636363636,25.49053030303029
2021-01-15,732.6925505050505,26.409027777777776,25.3954071969697
2021-01-16,726.4375,26.20119949494949,25.50094696969697
2021-01-17,440.97032828282823,25.423737373737378,24.63731060606061
2021-01-18,307.51073232323233,23.67872474747475,22.916098484848494
2021-01-19,567.2632575757576,25.05643939393938,24.785085227272738
2021-01-20,630.6123737373738,25.666161616161627,24.582765151515147
2021-01-21,646.0265151515151,25.55574494949496,24.79668560606061
2021-01-22,719.0776515151515,25.825946969696975,24.593892045454538
2021-01-23,656.5536616161615,25.28522727272727,24.80497159090911
2021-01-24,701.5132575757576,26.002335858585855,25.326231060606062
2021-01-25,338.8459595959596,25.267361111111114,24.512973484848494
2021-01-26,335.717803030303,25.392803030303014,24.97954545454545
2021-01-27,701.3604797979798,25.370391414141405,24.58446969696969
2021-01-28,573.9545454545455,25.275441919191923,24.12916666666668
2021-01-29,683.7796717171717,24.69545454545455,24.030018939393937
2021-01-30,743.0561868686868,24.869696969696975,24.300047348484846
2021-01-31,770.2872474747475,25.210101010101013,24.062689393939397
2021-02-01,581.9608585858585,24.40801767676768,23.904687499999994
2021-02-02,602.9621212121211,24.620138888888885,24.322727272727256
2021-02-03,279.53661616161617,23.868686868686865,22.95345643939397
2021-02-04,630.1224747474747,22.659027777777776,22.082102272727273
2021-02-05,639.364898989899,22.864078282828284,22.6170928030303
2021-02-06,771.792297979798,23.767361111111114,23.243087121212127
2021-02-07,751.9936868686868,24.289457070707073,23.883238636363632
2021-02-08,822.8219696969696,25.119633838383844,23.415909090909086
2021-02-09,808.25,23.181881313131317,22.128125000000015
2021-02-10,818.339015151515,23.79652777777778,22.982339015151517
2021-02-11,819.386994949495,24.751073232323233,24.12495265151515
2021-02-12,815.310606060606,24.957449494949497,24.528598484848484
2021-02-13,586.653409090909,25.32910353535354,24.662310606060608
2021-02-14,756.4223484848485,25.76161616161616,25.065577651515156
2021-02-15,635.0094696969696,25.40271464646465,24.99251893939394
2021-02-16,789.9766414141413,25.98308080808081,25.108759469696974
2021-02-17,535.8876262626262,24.96338383838382,24.091335227272715
2021-02-18,583.7872474747475,24.61736111111111,24.02438446969697
2021-02-19,460.7449494949495,24.992234848484856,24.596117424242422
2021-02-20,624.4324494949495,25.339520202020196,24.77376893939394
2021-02-21,740.0555555555557,25.516477272727272,24.8814393939394
2021-02-22,832.7607323232323,25.75505050505052,24.590577651515154
2021-02-23,705.4431818181819,25.554924242424235,24.575899621212123
2021-02-24,783.1376262626263,25.513888888888886,24.636221590909095
2021-02-25,728.8213383838383,25.671464646464642,24.48678977272727
2021-02-26,803.3434343434343,25.19981060606061,24.45577651515152
2021-02-27,606.35101010101,24.62765151515153,23.74327651515155
2021-02-28,682.4804292929293,24.704040404040427,23.665198863636345
2021-03-01,698.6262626262627,24.44652777777777,23.496685606060613
2021-03-02,775.2184343434343,24.35202020202021,23.31093750000001
2021-03-03,907.6963383838383,23.943308080808077,22.698532196969694
2021-03-04,702.3276515151515,23.641414141414142,22.74791666666668
2021-03-05,581.8642676767677,23.339457070707073,22.84417613636363
2021-03-06,684.5391414141413,23.920012626262633,23.322443181818173
2021-03-07,882.0050505050505,24.66508838383838,23.789583333333333
2021-03-08,555.6799242424242,23.805492424242427,23.42438446969696
2021-03-09,405.95075757575756,23.367929292929293,23.69195075757574
2021-03-10,782.5271464646465,24.65921717171717,23.932291666666664
2021-03-11,747.5568181818181,24.454229797979792,23.92163825757574
2021-03-12,565.6553030303031,25.015467171717177,23.933001893939398
2021-03-13,721.2190656565657,23.528535353535347,22.79199810606061
2021-03-14,724.7392676767677,24.009532828282826,23.84621212121214
2021-03-15,718.8276515151515,24.706060606060607,23.420738636363637
2021-03-16,589.2632575757576,23.9096590909091,23.338589015151513
2021-03-17,832.3781565656565,23.669949494949503,23.173342803030305
2021-03-18,327.3781565656566,23.167739898989893,22.44180871212121
2021-03-19,869.6218434343433,23.970517676767674,22.989962121212113
2021-03-20,770.8276515151515,24.107260101010084,23.29474431818183
2021-03-21,842.7127525252527,24.451388888888896,23.322869318181816
2021-03-22,823.3592171717172,24.818434343434348,23.72713068181818
2021-03-23,771.1540404040403,24.82291666666667,23.801657196969703
2021-03-24,565.0890151515151,25.281186868686877,24.295359848484843
2021-03-25,814.9103535353537,24.595075757575756,24.631297348484857
2021-03-26,908.6180555555557,25.506502525252518,24.778882575757578
2021-03-27,907.8592171717173,25.58819444444444,24.471827651515156
2021-03-28,579.3838383838383,24.626893939393938,23.99673295454544
2021-03-29,697.1218434343433,25.090214646464645,24.427840909090914
2021-03-30,875.0738636363636,25.415719696969703,24.212121212121207
2021-03-31,861.6635101010102,25.005303030303036,24.117329545454538
2021-04-01,946.6982323232323,24.95157828282829,23.63328598484848
2021-04-02,768.6123737373737,24.262500000000006,23.563020833333322
2021-04-03,827.102904040404,24.442803030303025,23.04474431818181
2021-04-04,710.925505050505,23.80568181818182,23.123342803030297
2021-04-05,820.3573232323232,24.27108585858585,23.184185606060606
2021-04-06,811.701388888889,23.83017676767677,22.77566287878789
2021-04-07,858.386994949495,23.493371212121207,22.818797348484864
2021-04-08,961.4722222222223,24.392424242424244,23.082102272727276
2021-04-09,976.782196969697,23.787941919191923,22.721401515151513
2021-04-10,887.7373737373737,24.17342171717172,22.996827651515154
2021-04-11,751.1660353535353,23.704924242424237,22.440767045454546
2021-04-12,928.0378787878786,23.905113636363637,23.32069128787879
2021-04-13,925.4835858585858,24.418308080808078,23.30213068181818
2021-04-14,931.8131313131313,24.44962121212121,23.35473484848485
2021-04-15,898.2133838383838,24.613699494949497,23.601846590909094
2021-04-16,891.582702020202,24.114078282828288,23.298626893939396
2021-04-17,795.111111111111,24.228219696969703,23.5826231060606
2021-04-18,989.138888888889,25.117803030303026,24.292140151515152
2021-04-19,947.959595959596,26.125000000000004,25.28077651515152
2021-04-20,696.425505050505,25.56553030303029,25.10899621212121
2021-04-21,963.8882575757576,26.604671717171716,25.171306818181822
2021-04-22,961.2714646464647,26.19558080808081,25.072537878787884
2021-04-23,798.5031565656565,25.81376262626263,24.613304924242428
2021-04-24,927.5675505050505,25.39425505050505,24.556107954545453
2021-04-25,889.3440656565657,25.821022727272723,24.652367424242417
2021-04-26,832.721590909091,25.9072601010101,24.985558712121215
2021-04-27,890.8478535353537,25.73989898989899,25.09498106060606
2021-04-28,757.7815656565657,25.26186868686868,23.929782196969697
2021-04-29,882.2910353535353,25.20498737373738,24.59763257575757
2021-04-30,698.8257575757576,25.5636994949495,25.147443181818183
2021-05-01,947.7291666666666,26.303472222222226,25.04734848484848
2021-05-02,854.5625,25.87323232323232,24.877225378787884
2021-05-03,965.939393939394,26.442234848484855,25.28338068181818
2021-05-04,879.4867424242424,26.0665404040404,25.2280303030303
2021-05-05,716.2184343434343,25.55473484848486,24.699668560606053
2021-05-06,469.092803030303,25.967108585858583,25.268750000000004
2021-05-07,791.5789141414142,26.123295454545445,25.292566287878785
2021-05-08,979.715909090909,26.27828282828283,25.116145833333327
2021-05-09,723.2064393939394,26.3770202020202,25.205965909090907
2021-05-10,916.018308080808,26.236805555555552,25.293465909090916
2021-05-11,975.2506313131313,26.284532828282824,24.9907196969697
2021-05-12,938.4021464646465,25.930113636363632,24.734280303030303
2021-05-13,891.8068181818181,25.860542929292944,24.517140151515157
2021-05-14,932.8516414141413,25.815404040404033,24.648532196969683
2021-05-15,934.332702020202,25.492803030303023,24.455823863636365
2021-05-16,712.8333333333334,25.440277777777776,24.42713068181817
2021-05-17,952.7184343434343,25.93503787878788,24.739630681818177
2021-05-18,882.7474747474747,25.923295454545457,24.901988636363644
2021-05-19,839.7253787878789,25.97518939393939,24.743418560606067
2021-05-20,854.1155303030304,26.158017676767674,24.935606060606066
2021-05-21,839.3099747474747,25.642171717171717,24.7247159090909
2021-05-22,950.3604797979798,26.2167297979798,25.27130681818182
2021-05-23,842.1489898989898,26.43901515151515,25.650615530303032
2021-05-24,895.919191919192,26.86401515151516,25.80198863636364
2021-05-25,912.266414141414,27.10606060606061,26.182481060606058
2021-05-26,921.834595959596,27.026010101010105,25.96444128787879
2021-05-27,907.6212121212121,26.822285353535353,25.759564393939396
2021-05-28,947.3535353535353,27.057323232323228,25.644602272727276
2021-05-29,910.4450757575756,26.94974747474748,26.139393939393933
2021-05-30,903.1212121212121,26.934911616161617,26.565151515151516
2021-05-31,971.8756313131313,27.683775252525248,26.777888257575757
2021-06-01,943.699494949495,27.97272727272727,26.50658143939394
2021-06-02,950.010101010101,27.528914141414145,26.129924242424238
2021-06-03,899.1508838383838,26.826262626262622,25.612547348484842
2021-06-04,897.022095959596,27.332007575757572,26.29711174242423
2021-06-05,913.3200757575756,27.010101010101014,26.011789772727283
2021-06-06,849.0334595959597,26.742739898989907,25.815624999999997
2021-06-07,951.8522727272726,26.966792929292932,25.746354166666656
2021-06-08,936.6142676767677,26.93188131313131,25.754119318181814
2021-06-09,948.2203282828283,26.90119949494949,25.55861742424242
2021-06-10,964.469696969697,26.713510101010097,25.577746212121212
2021-06-11,871.1748737373737,26.606691919191928,25.602225378787875
2021-06-12,926.5953282828283,26.796717171717166,25.16439393939394
2021-06-13,709.3762626262625,26.54412878787878,25.33347537878788
2021-06-14,980.5189393939394,26.679292929292938,25.56482007575757
2021-06-15,777.721590909091,26.99387626262626,26.005208333333336
2021-06-16,963.8857323232323,27.202146464646464,26.08484848484849
2021-06-17,912.582702020202,26.970454545454544,25.928551136363637
2021-06-18,984.1862373737373,27.087058080808088,26.128219696969698
2021-06-19,873.659090909091,26.72184343434343,25.77410037878788
2021-06-20,858.324494949495,26.731628787878787,25.54682765151516
2021-06-21,878.5915404040403,26.909595959595972,26.138541666666676
2021-06-22,946.8585858585858,27.092613636363634,25.989157196969693
2021-06-23,786.4482323232323,27.105303030303034,26.055918560606067
2021-06-24,806.155303030303,27.579545454545453,26.238162878787882
2021-06-25,927.9116161616162,27.608964646464653,26.443892045454547
2021-06-26,930.969696969697,27.527462121212125,26.72855113636364
2021-06-27,861.4330808080808,27.76111111111111,26.492329545454545
2021-06-28,972.8352272727274,27.670075757575756,26.691666666666663
2021-06-29,981.229797979798,27.774621212121207,26.590009469696966
2021-06-30,905.9589646464647,27.817866161616166,26.233380681818183
2021-07-01,863.4141414141415,27.399116161616163,26.443039772727275
2021-07-02,838.7487373737373,27.732133838383845,26.22367424242424
2021-07-03,816.145202020202,27.019570707070713,26.00293560606061
2021-07-04,670.1066919191918,27.17954545454546,26.089062499999994
2021-07-05,970.628787878788,27.254987373737368,26.134185606060605
2021-07-06,942.4179292929293,27.599431818181817,25.96638257575757
2021-07-07,938.171085858586,26.926262626262623,26.07656250000001
2021-07-08,873.3724747474747,27.577967171717173,26.44337121212122
2021-07-09,963.2209595959597,27.673863636363638,26.439820075757577
2021-07-10,876.0397727272726,27.54532828282829,26.509138257575763
2021-07-11,774.3383838383838,27.04583333333332,25.941998106060606
2021-07-12,698.9444444444445,27.506881313131313,26.535274621212125
2021-07-13,866.0921717171717,27.363194444444435,26.24625946969697
2021-07-14,849.510101010101,27.715909090909093,26.407812500000006
2021-07-15,969.875,27.50334595959596,26.52798295454546
2021-07-16,876.3819444444443,27.41496212121211,26.304829545454545
2021-07-17,858.7948232323233,27.452335858585855,26.199337121212118
2021-07-18,769.082702020202,26.920770202020197,26.232859848484843
2021-07-19,925.4539141414142,27.18964646464646,26.060369318181817
2021-07-20,884.1433080808082,27.192992424242423,26.16283143939394
2021-07-21,584.4299242424244,27.02279040404041,26.10530303030303
2021-07-22,644.5012626262626,27.227272727272734,26.107481060606062
2021-07-23,842.0063131313132,26.956944444444446,26.111742424242415
2021-07-24,927.8238636363636,27.526262626262625,26.49772727272727
2021-07-25,922.0353535353535,27.830997474747466,26.7044981060606
2021-07-26,919.272095959596,27.61029040404041,26.26590909090908
2021-07-27,825.0037878787879,27.52626262626262,26.383191287878798
2021-07-28,572.6805555555555,27.26420454545455,26.32140151515151
2021-07-29,718.3270202020202,27.689141414141417,26.50023674242425
2021-07-30,972.5511363636364,27.89393939393939,26.616429924242425
2021-07-31,925.1799242424244,27.809154040404042,26.47750946969697
2021-08-01,853.5328282828283,27.573674242424243,26.141240530303026
2021-08-02,959.2929292929293,27.35877525252525,26.263967803030305
2021-08-03,967.746212121212,27.14166666666668,26.121827651515147
2021-08-04,940.6281565656567,27.327714646464646,26.063636363636363
2021-08-05,791.4438131313132,27.512752525252523,26.245691287878785
2021-08-06,988.4873737373737,27.585353535353537,26.29900568181818
2021-08-07,933.6439393939394,27.61136363636363,26.169602272727264
2021-08-08,879.2228535353535,27.79747474747474,26.31373106060606
2021-08-09,995.1944444444443,27.88939393939394,26.364299242424234
2021-08-10,857.104797979798,28.08642676767677,26.840246212121215
2021-08-11,815.0669191919192,28.143497474747473,26.746212121212125
2021-08-12,989.0397727272726,27.89368686868687,26.618797348484854
2021-08-13,929.0069444444443,27.717361111111114,26.309375000000003
2021-08-14,915.8554292929293,27.628977272727287,26.446922348484854
2021-08-15,993.4343434343433,27.927588383838387,26.31401515151515
2021-08-16,812.9311868686868,27.710795454545462,26.338162878787877
2021-08-17,691.0517676767677,27.637752525252527,26.644602272727276
2021-08-18,946.4040404040403,28.109469696969697,26.866714015151516
2021-08-19,860.6054292929293,27.70820707070706,26.751136363636355
2021-08-20,943.0675505050505,28.026957070707066,26.709564393939395
2021-08-21,793.0296717171717,27.685606060606073,26.386695075757572
2021-08-22,928.4311868686868,27.830808080808083,26.723579545454534
2021-08-23,681.6603535353535,27.68901515151515,26.93186553030303
2021-08-24,845.1016414141413,27.411616161616152,26.27130681818182
2021-08-25,939.5650252525253,27.525315656565652,26.283238636363635
2021-08-26,843.5909090909091,27.374305555555548,26.15686553030303
2021-08-27,972.9551767676768,27.47178030303031,26.141714015151514
2021-08-28,915.3680555555555,27.74513888888889,26.26510416666666
2021-08-29,873.4551767676767,27.029987373737374,26.23049242424242
2021-08-30,877.6830808080808,27.35486111111111,26.167471590909095
2021-08-31,867.5183080808082,27.263636363636362,26.277178030303027
2021-09-01,824.5877525252525,27.71893939393939,26.866051136363637
2021-09-02,931.6104797979798,28.000378787878784,26.595596590909086
2021-09-03,898.6805555555557,27.516792929292922,26.286458333333336
2021-09-04,850.3282828282828,27.096780303030297,25.970549242424223
2021-09-05,921.5770202020202,27.509974747474747,26.174999999999997
2021-09-06,899.294191919192,27.481502525252527,25.907244318181824
2021-09-07,961.748106060606,27.571654040404038,26.322774621212126
2021-09-08,913.157196969697,27.797411616161614,26.353835227272725
2021-09-09,836.0656565656565,27.755871212121217,26.310227272727275
2021-09-10,733.471590909091,26.615593434343435,25.937784090909098
2021-09-11,881.2133838383838,27.45517676767676,26.263304924242426
2021-09-12,829.8112373737373,27.312941919191914,26.185984848484843
2021-09-13,880.1906565656567,27.477020202020185,26.053977272727273
2021-09-14,912.1786616161617,27.11647727272727,25.99422348484848
2021-09-15,846.375,27.18402777777777,26.488731060606064
2021-09-16,735.0536616161617,28.116161616161634,27.046401515151516
2021-09-17,719.6944444444443,27.412563131313124,26.325757575757585
2021-09-18,898.6628787878786,27.27626262626262,26.20402462121212
2021-09-19,887.2537878787879,27.685732323232315,26.446732954545446
2021-09-20,882.7506313131313,27.80353535353534,26.69564393939394
2021-09-21,765.917297979798,27.49943181818183,26.33229166666667
2021-09-22,908.486111111111,27.39753787878787,26.263967803030308
2021-09-23,737.6584595959597,27.379292929292934,26.23546401515152
2021-09-24,833.1136363636364,27.26268939393938,25.97419507575758
2021-09-25,765.1761363636364,27.614898989899,26.35833333333334
2021-09-26,914.7411616161617,27.719065656565657,26.391950757575763
2021-09-27,889.4930555555555,27.41426767676767,26.022395833333338
2021-09-28,796.302398989899,27.331313131313127,26.182717803030293
2021-09-29,823.9873737373737,27.55359848484849,26.337073863636363
2021-09-30,790.9564393939394,27.02007575757575,26.02566287878788
2021-10-01,910.4400252525252,27.58118686868687,26.438494318181824
2021-10-02,803.5782828282828,27.550946969696977,26.47599431818182
2021-10-03,799.2512626262627,27.273800505050506,26.086316287878784
2021-10-04,841.4741161616162,27.30271464646465,26.228314393939392
2021-10-05,845.0902777777777,27.53743686868687,26.343371212121212
2021-10-06,866.5593434343435,27.20959595959597,26.084280303030287
2021-10-07,883.9722222222223,27.253787878787886,26.001467803030295
2021-10-08,874.0385101010102,27.01010101010101,25.93233901515152
2021-10-09,546.8756313131313,26.55662878787878,25.85213068181819
2021-10-10,817.9842171717172,26.54488636363638,25.687215909090902
2021-10-11,819.8491161616162,26.899053030303026,25.975568181818176
2021-10-12,696.9034090909091,27.23093434343434,26.195880681818178
2021-10-13,750.459595959596,26.85454545454545,25.873768939393948
2021-10-14,771.488005050505,26.83415404040403,25.536268939393942
2021-10-15,816.1622474747475,26.418308080808078,25.369696969696985
2021-10-16,683.4507575757576,26.675631313131323,25.629971590909086
2021-10-17,696.8920454545455,26.72941919191918,25.812642045454552
2021-10-18,838.4318181818181,26.905113636363634,25.677272727272726
2021-10-19,833.0858585858585,26.567739898989903,25.234611742424246
2021-10-20,864.2607323232323,26.51231060606061,25.33096590909091
2021-10-21,719.8535353535353,26.756186868686864,25.860321969696972
2021-10-22,768.3503787878789,27.160101010101005,26.02447916666667
2021-10-23,839.7291666666666,27.173232323232327,25.744176136363638
2021-10-24,770.657196969697,26.710479797979797,25.80653409090909
2021-10-25,789.2386363636364,27.0802398989899,25.814772727272725
2021-10-26,826.3333333333334,27.202209595959598,26.010464015151516
2021-10-27,789.8036616161617,26.98686868686869,25.87646780303031
2021-10-28,638.9034090909091,26.675505050505052,26.03053977272727
2021-10-29,744.2512626262627,27.13352272727273,25.957907196969696
2021-10-30,809.3693181818181,26.816792929292927,25.695123106060606
2021-10-31,764.675505050505,26.93396464646465,25.97897727272727
2021-11-01,765.3289141414142,27.048295454545464,26.406676136363636
2021-11-02,617.8453282828283,26.98648989898989,26.027793560606064
2021-11-03,757.0050505050505,27.18377525252525,26.26676136363637
2021-11-04,757.6875,27.236931818181805,26.28020833333334
2021-11-05,727.054292929293,27.330429292929285,26.224857954545456
2021-11-06,749.0896464646465,27.12146464646464,26.061079545454547
2021-11-07,752.2171717171717,27.184343434343436,25.650994318181816
2021-11-08,711.7108585858587,26.79223484848485,25.823058712121217
2021-11-09,643.9494949494949,26.821338383838395,26.035984848484848
2021-11-10,790.320707070707,26.457260101010096,25.982670454545456
2021-11-11,741.8876262626263,27.11496212121212,25.945975378787878
2021-11-12,767.6243686868687,26.258459595959604,25.763257575757574
2021-11-13,599.9621212121211,26.907954545454544,26.394791666666666
2021-11-14,292.84911616161617,26.376388888888894,25.257575757575744
2021-11-15,271.635101010101,27.086994949494954,25.65539772727273
2021-11-16,503.04797979797974,26.8580808080808,26.265482954545448
2021-11-17,741.941287878788,27.3427398989899,26.12627840909091
2021-11-18,742.528409090909,27.276957070707073,26.353172348484847
2021-11-19,745.5984848484849,27.403724747474755,26.214583333333334
2021-11-20,732.1849747474747,27.188446969696972,26.27154356060606
2021-11-21,757.2746212121211,27.279482323232315,26.055918560606067
2021-11-22,625.9501262626262,26.851578282828296,25.668418560606053
2021-11-23,752.0094696969696,27.1467803030303,25.891761363636363
2021-11-24,719.025883838384,26.703093434343433,25.612263257575755
2021-11-25,733.9008838383838,26.947664141414133,25.687357954545448
2021-11-26,751.0107323232323,25.953409090909087,25.07125946969697
2021-11-27,681.9621212121211,25.61426767676768,24.72874053030303
2021-11-28,682.4027777777778,25.74646464646465,24.794744318181838
2021-11-29,495.6988636363637,25.535101010101002,25.27642045454547
2021-11-30,619.7689393939394,26.529671717171713,26.014109848484846
2021-12-01,684.1685606060606,26.643749999999994,25.698910984848485
2021-12-02,585.3939393939394,26.16268939393939,25.49559659090909
2021-12-03,398.74873737373736,24.77178030303031,22.88555871212121
2021-12-04,468.15972222222223,23.093623737373747,22.557386363636365
2021-12-05,262.51262626262627,25.038131313131316,24.44237689393939
2021-12-06,100.29671717171716,25.457512626262627,23.757954545454538
2021-12-07,264.9375,24.65132575757575,25.06136363636363
2021-12-08,440.16792929292933,26.241982323232335,25.45999053030303
2021-12-09,582.6710858585858,26.10965909090909,25.16548295454546
2021-12-10,494.00441919191917,25.988762626262613,25.046969696969697
2021-12-11,666.5164141414142,25.763636363636362,25.18399621212121
2021-12-12,687.1843434343435,25.65902777777778,24.803882575757584
2021-12-13,705.2373737373737,25.73541666666667,24.85009469696971
2021-12-14,522.5744949494949,25.480050505050503,24.84824810606061
2021-12-15,626.2695707070708,25.855492424242424,25.08342803030303
2021-12-16,674.7828282828283,25.728156565656565,24.727935606060612
2021-12-17,686.3339646464647,25.51111111111111,24.881250000000005
2021-12-18,685.594696969697,25.683080808080806,24.752888257575755
2021-12-19,577.491792929293,24.913383838383837,24.317140151515158
2021-12-20,607.1218434343434,24.717424242424254,23.83982007575758
2021-12-21,445.3194444444444,23.462373737373735,23.07249053030301
2021-12-22,572.7260101010102,24.237058080808087,23.578219696969683
2021-12-23,702.2361111111112,24.5979797979798,23.456202651515156
2021-12-24,693.8907828282827,24.70959595959596,23.471164772727278
2021-12-25,639.5044191919192,24.23377525252525,23.585274621212115
2021-12-26,460.875,24.668497474747472,24.11808712121212
2021-12-27,654.804292929293,25.03181818181817,24.326373106060615
2021-12-28,499.75252525252523,24.97291666666665,24.180634469696972
2021-12-29,541.4084595959596,25.040088383838377,24.14375
2021-12-30,366.0050505050505,24.384154040404024,23.93191287878788
2021-12-31,335.229797979798,24.64816919191922,24.546638257575758
2022-01-01,202.7481060606061,24.748169191919192,23.636079545454553
2022-01-02,127.03156565656566,24.205366161616173,23.58584280303031
2022-01-03,337.8510101010101,24.10246212121213,23.77154356060605
2022-01-04,371.3516414141414,24.967866161616143,24.567187499999996
2022-01-05,690.0871212121211,24.907449494949486,24.248863636363637
2022-01-06,706.9450757575756,24.92960858585859,24.031676136363636
2022-01-07,709.1603535353537,24.859532828282834,24.31714015151515
2022-01-08,710.9431818181819,24.65056818181817,23.777840909090912
2022-01-09,697.4539141414142,24.653914141414138,24.322253787878793
2022-01-10,700.7234848484849,25.091477272727285,24.545596590909103
2022-01-11,717.5309343434343,24.328409090909073,23.41268939393938
2022-01-12,625.8623737373738,24.885227272727274,24.193181818181813
2022-01-13,729.7424242424244,25.291666666666668,24.36278409090909
2022-01-14,723.2859848484849,25.340530303030302,24.218087121212122
2022-01-15,721.3459595959597,25.145075757575757,24.5454071969697
2022-01-16,698.1060606060606,25.12203282828283,24.560558712121207
2022-01-17,723.1881313131313,24.795643939393937,24.627130681818187
2022-01-18,742.7954545454545,25.391414141414145,24.892945075757574
2022-01-19,734.7834595959597,25.48402777777778,25.104214015151516
2022-01-20,721.125,25.290151515151518,24.869318181818176
2022-01-21,745.0189393939395,25.642929292929292,24.61278409090909
2022-01-22,719.3074494949495,25.06319444444445,24.547111742424235
2022-01-23,722.7386363636364,24.945328282828285,24.380303030303033
2022-01-24,773.5353535353537,24.605176767676767,23.865624999999998
2022-01-25,712.6426767676768,24.969318181818185,24.06036931818182
2022-01-26,738.2127525252525,25.1270202020202,24.303030303030305
2022-01-27,772.092803030303,25.26458333333333,24.29346590909091
2022-01-28,799.0530303030304,25.35391414141414,24.365246212121217
2022-01-29,785.1698232323232,25.34469696969697,24.466714015151517
2022-01-30,665.590909090909,24.850378787878782,24.519791666666663
2022-01-31,619.6982323232323,24.55549242424242,24.349147727272733
2022-02-01,799.1660353535353,25.157386363636363,24.363920454545458
2022-02-02,792.278409090909,25.224558080808077,24.366051136363637
2022-02-03,816.6281565656565,24.529861111111114,23.41392045454546
2022-02-04,799.1578282828283,25.081755050505052,24.17035984848485
2022-02-05,759.5713383838383,25.283838383838372,24.341950757575763
2022-02-06,709.3794191919192,25.189204545454547,23.93996212121212
2022-02-07,765.8497474747475,25.307638888888892,24.391003787878788
2022-02-08,788.1944444444443,25.105113636363637,24.336647727272727
2022-02-09,787.3573232323232,24.80940656565656,24.109659090909084
2022-02-10,781.6401515151515,24.604797979797983,23.731534090909086
2022-02-11,838.3693181818181,24.810921717171723,24.179214015151512
2022-02-12,807.9204545454545,24.911616161616156,23.881534090909092
2022-02-13,814.7367424242424,24.469823232323236,22.591998106060604
2022-02-14,698.729797979798,23.855808080808078,23.26605113636364
2022-02-15,713.3983585858587,24.27361111111111,23.724100378787877
2022-02-16,791.1212121212121,24.782007575757575,23.92391098484848
2022-02-17,841.0896464646465,25.493497474747482,24.32959280303031
2022-02-18,796.2424242424244,25.0751893939394,24.08484848484849
2022-02-19,805.2064393939394,25.22001262626262,23.689441287878786
2022-02-20,815.5675505050505,24.805239898989907,23.591808712121203
2022-02-21,820.511994949495,25.271527777777774,24.39535984848485
2022-02-22,831.4116161616162,25.952967171717166,24.694318181818183
2022-02-23,875.594696969697,25.712752525252522,24.554971590909087
2022-02-24,832.3118686868687,25.827777777777772,24.801041666666666
2022-02-25,791.5088383838383,25.615972222222226,24.315056818181816
2022-02-26,771.2828282828283,25.581186868686867,24.672869318181814
2022-02-27,729.748106060606,25.651957070707073,24.84493371212121
2022-02-28,716.9785353535353,25.374494949494945,24.69474431818182
2022-03-01,842.4217171717172,25.231565656565653,24.273248106060606
2022-03-02,832.4715909090909,25.488636363636363,24.711410984848484
2022-03-03,808.7329545454546,25.521338383838383,24.123200757575756
2022-03-04,829.08648989899,24.603345959595966,23.848768939393942
2022-03-05,878.2544191919192,24.856502525252523,24.06510416666666
2022-03-06,912.8295454545455,25.4217803030303,24.797348484848477
2022-03-07,803.0088383838383,25.544191919191917,24.480634469696973
2022-03-08,663.3762626262627,25.3875,24.485890151515154
2022-03-09,872.27398989899,26.131439393939388,25.138683712121214
2022-03-10,840.1395202020202,26.348232323232327,25.50923295454546
2022-03-11,916.7752525252525,26.79993686868687,25.249573863636364
2022-03-12,875.4311868686868,26.428472222222226,25.269365530303027
2022-03-13,923.0618686868687,26.276073232323238,25.068986742424244
2022-03-14,884.4734848484849,26.174053030303032,25.120549242424243
2022-03-15,802.4993686868687,26.130681818181824,25.31188446969697
2022-03-16,789.123106060606,26.624368686868692,25.415246212121215
2022-03-17,830.6944444444445,26.189583333333335,25.09876893939394
2022-03-18,848.5890151515151,26.004861111111108,24.761979166666663
2022-03-19,891.7020202020202,26.205176767676765,25.160890151515154
2022-03-20,586.830808080808,26.44583333333335,25.012594696969696
2022-03-21,892.4892676767677,25.974431818181827,24.993892045454544
2022-03-22,597.2916666666666,25.5376893939394,25.071306818181803
2022-03-23,886.1142676767677,25.75094696969697,24.915388257575763
2022-03-24,928.8396464646465,25.753535353535355,24.536410984848484
2022-03-25,612.9166666666666,25.114204545454545,24.18058712121212
2022-03-26,908.6925505050503,25.216035353535357,24.045738636363637
2022-03-27,709.4892676767677,24.999621212121216,23.9657196969697
2022-03-28,794.0650252525252,25.373169191919192,24.90426136363637
2022-03-29,742.8895202020202,26.10511363636364,25.364299242424245
2022-03-30,874.9387626262627,26.00454545454546,25.17930871212121
2022-03-31,853.5088383838383,25.853598484848494,24.663257575757576
2022-04-01,774.4406565656567,25.567929292929296,24.343371212121212
2022-04-02,864.0984848484849,25.71022727272727,24.53821022727272
2022-04-03,838.8503787878789,25.705555555555566,24.629687500000003
2022-04-04,746.0088383838383,25.34021464646465,24.45018939393939
2022-04-05,634.03851010101,25.64217171717172,24.632670454545448
2022-04-06,803.5839646464647,25.22935606060606,24.49261363636364
2022-04-07,922.7531565656567,25.75934343434343,24.59081439393939
2022-04-08,631.7714646464647,25.672727272727283,24.5637784090909
2022-04-09,905.8377525252525,26.056565656565652,24.625710227272723
2022-04-10,912.6748737373737,26.423421717171724,25.20530303030303
2022-04-11,927.9008838383838,26.196464646464644,24.920501893939402
2022-04-12,877.0530303030304,26.180997474747482,25.064346590909093
2022-04-13,866.7013888888888,26.130176767676772,25.00577651515152
2022-04-14,912.8036616161617,26.23529040404041,24.554498106060606
2022-04-15,811.2676767676767,25.51508838383838,24.621922348484848
2022-04-16,635.915404040404,25.154229797979784,24.59843749999999
2022-04-17,846.6969696969696,25.134722222222226,24.384422348484858
2022-04-18,953.3314393939394,25.29595959595959,24.35052083333334
2022-04-19,752.625,25.43131313131313,24.330350378787887
2022-04-20,848.5776515151515,25.690088383838397,24.405871212121212
2022-04-21,739.2954545454546,25.454924242424237,24.631676136363634
2022-04-22,776.6925505050505,25.759595959595956,24.697821969696964
2022-04-23,647.8926767676768,25.938446969696955,24.688257575757575
2022-04-24,901.4482323232323,25.999558080808075,24.691903409090905
2022-04-25,813.090909090909,25.90890151515151,24.691856060606053
2022-04-26,810.9621212121211,25.737626262626254,24.794981060606055
2022-04-27,784.7468434343435,25.571275252525254,24.887878787878794
2022-04-28,942.719696969697,26.44141414141414,25.16051136363636
2022-04-29,898.3289141414142,26.059785353535357,24.960700757575765
2022-04-30,723.4987373737373,25.784343434343437,24.84881628787879
2022-05-01,841.3175505050505,25.31161616161616,24.416382575757588
2022-05-02,723.5580808080808,25.20877525252526,24.548484848484847
2022-05-03,737.8787878787879,25.4145202020202,24.60132575757575
2022-05-04,851.6647727272726,25.613573232323233,24.733333333333324
2022-05-05,743.4936868686868,25.816666666666663,24.78986742424242
2022-05-06,548.9368686868687,25.811742424242414,24.811647727272735
2022-05-07,641.4678030303031,25.697411616161627,24.91093750000001
2022-05-08,794.0435606060606,26.41736111111111,25.00411931818182
2022-05-09,966.1830808080808,26.456691919191922,24.91799242424242
2022-05-10,932.0883838383838,25.845138888888886,24.770928030303025
2022-05-11,948.9381313131313,26.492992424242416,24.980303030303038
2022-05-12,959.4229797979798,26.22916666666666,25.07930871212121
2022-05-13,973.7228535353535,26.559343434343447,25.107575757575756
2022-05-14,1001.0031565656565,26.223863636363635,24.79076704545454
2022-05-15,788.2222222222222,26.133775252525265,25.031770833333336
2022-05-16,720.9412878787879,25.93093434343434,25.156581439393936
2022-05-17,942.606691919192,26.74570707070707,25.71903409090909
2022-05-18,305.9886363636364,26.325883838383835,24.964630681818168
2022-05-19,728.227904040404,26.64583333333333,25.985037878787878
2022-05-20,587.2664141414142,26.505871212121217,26.381534090909092
2022-05-21,845.034090909091,27.472916666666663,26.080208333333328
2022-05-22,937.4551767676767,26.916477272727274,25.75809659090909
2022-05-23,960.528409090909,26.990593434343438,25.507670454545455
2022-05-24,973.2746212121211,26.54103535353536,25.062168560606054
2022-05-25,977.8491161616162,26.217045454545453,24.97533143939394
2022-05-26,1006.3996212121211,26.326452020202023,24.961458333333326
2022-05-27,789.6679292929293,26.451893939393937,25.22684659090909
2022-05-28,782.3693181818181,26.378093434343423,25.321164772727272
2022-05-29,595.939393939394,26.142361111111118,25.440104166666664
2022-05-30,966.7051767676767,26.69229797979798,25.433996212121208
2022-05-31,954.707702020202,26.712500000000006,25.341571969696965
2022-06-01,995.4400252525253,26.753219696969705,25.330871212121206
2022-06-02,880.2575757575756,26.447916666666668,25.20217803030303
2022-06-03,975.294191919192,26.859722222222228,25.492518939393932
2022-06-04,976.9993686868687,26.816603535353536,25.66671401515152
2022-06-05,982.9955808080808,26.864583333333332,25.771496212121207
2022-06-06,966.977904040404,27.18162878787879,26.090530303030313
2022-06-07,889.8011363636364,27.50795454545454,26.11917613636364
2022-06-08,964.6161616161617,27.358522727272717,26.092376893939395
2022-06-09,953.010101010101,27.243055555555546,25.673390151515157
2022-06-10,970.3686868686868,26.98964646464647,25.690482954545452
2022-06-11,1003.5486111111112,27.353851010101007,25.831912878787872
2022-06-12,940.9608585858587,27.0989898989899,25.90525568181819
2022-06-13,914.8636363636364,27.368118686868687,25.934185606060606
2022-06-14,912.4633838383838,27.175441919191915,26.026704545454546
2022-06-15,881.6875,27.12095959595959,25.888494318181827
2022-06-16,813.7045454545454,27.189772727272736,26.02836174242424
2022-06-17,923.939393939394,27.441098484848485,25.97575757575758
2022-06-18,946.1344696969696,27.23472222222222,26.307623106060607
2022-06-19,930.322601010101,27.513446969696968,26.123958333333338
2022-06-20,860.6420454545455,27.210227272727277,26.056202651515154
2022-06-21,950.7348484848485,27.302777777777777,25.911032196969696
2022-06-22,929.4873737373737,26.759027777777778,25.640246212121205
2022-06-23,916.6502525252525,26.654545454545445,25.65700757575757
2022-06-24,834.1988636363636,26.60334595959596,25.326799242424244
2022-06-25,865.0044191919192,27.17007575757575,25.74190340909091
2022-06-26,964.1306818181819,27.228409090909093,26.040719696969695
2022-06-27,881.8996212121211,26.919444444444437,26.079829545454537
2022-06-28,947.5454545454545,27.227272727272723,26.06742424242424
2022-06-29,799.2064393939394,26.976136363636368,25.79469696969698
2022-06-30,834.1584595959597,27.359154040404032,26.04886363636363
2022-07-01,825.5915404040403,27.31458333333333,25.965577651515154
2022-07-02,923.4223484848485,26.998358585858583,25.973532196969696
2022-07-03,576.4463383838385,26.998295454545445,25.71666666666666
2022-07-04,679.9008838383838,26.742803030303037,25.467613636363634
2022-07-05,734.7645202020202,27.092171717171713,26.102225378787878
2022-07-06,802.717803030303,27.080618686868693,25.902935606060606
2022-07-07,839.8402777777777,26.95707070707071,25.803314393939395
2022-07-08,640.8238636363636,26.787499999999984,25.903125000000003
2022-07-09,895.2885101010102,27.165151515151532,26.149053030303023
2022-07-10,911.248106060606,27.379419191919183,25.85667613636364
2022-07-11,840.530303030303,27.191035353535355,25.917187500000008
2022-07-12,892.5441919191918,26.998106060606062,25.9329071969697
2022-07-13,862.7727272727274,27.24532828282827,26.273058712121212
2022-07-14,826.3926767676768,27.368181818181807,26.112073863636354
2022-07-15,856.0953282828283,27.37499999999999,26.296448863636364
2022-07-16,695.905303030303,27.266856060606063,26.363068181818193
2022-07-17,796.074494949495,27.887941919191903,26.55236742424242
2022-07-18,863.4375,27.326452020202016,26.095170454545446
2022-07-19,959.564393939394,27.20656565656566,26.04370265151515
2022-07-20,797.0959595959597,27.18686868686869,26.266714015151514
2022-07-21,833.2039141414142,27.1917297979798,26.270123106060595
2022-07-22,966.3232323232323,27.51035353535353,26.34640151515152
2022-07-23,963.4684343434343,27.502335858585862,26.354734848484853
2022-07-24,979.657196969697,27.5147095959596,26.22107007575757
2022-07-25,932.5063131313132,27.55303030303031,26.074053030303027
2022-07-26,884.9621212121214,27.37342171717171,26.318986742424244
2022-07-27,984.330808080808,27.65397727272727,26.232054924242423
2022-07-28,953.9116161616162,27.61792929292929,26.691903409090912
2022-07-29,984.6521464646465,27.808522727272727,26.84905303030303
2022-07-30,953.9551767676768,28.415909090909082,26.95762310606061
2022-07-31,987.9886363636364,27.599558080808077,26.434232954545458
2022-08-01,969.393308080808,27.453472222222217,26.176799242424238
2022-08-02,955.5252525252525,27.632512626262628,26.22286931818181
2022-08-03,940.4368686868687,27.56054292929292,26.192424242424245
2022-08-04,814.3131313131313,27.423800505050508,26.738683712121215
2022-08-05,876.3364898989898,27.957575757575757,27.43394886363636
2022-08-06,920.3787878787879,28.74943181818182,27.520785984848484
2022-08-07,981.2361111111112,28.780681818181822,27.342092803030297
2022-08-08,971.2493686868687,28.398863636363632,26.873674242424237
2022-08-09,805.4665404040403,28.293939393939393,27.059043560606053
2022-08-10,990.6521464646465,28.424810606060607,27.03035037878788
2022-08-11,855.623106060606,28.23743686868687,27.060227272727268
2022-08-12,938.6603535353535,27.878472222222225,26.692140151515154
2022-08-13,895.6338383838383,28.507512626262624,27.358143939393937
2022-08-14,847.5473484848485,28.40928030303031,27.128030303030307
2022-08-15,940.7272727272726,28.21445707070707,26.708001893939397
2022-08-16,906.5164141414142,28.056818181818183,27.318181818181813
2022-08-17,889.7967171717172,28.643055555555563,27.40113636363636
2022-08-18,958.314393939394,28.572474747474747,27.494034090909093
2022-08-19,981.9532828282828,28.728977272727274,27.48162878787879
2022-08-20,968.47601010101,28.647727272727277,27.20407196969697
2022-08-21,955.739898989899,28.028535353535347,27.01444128787879
2022-08-22,905.6357323232323,28.111363636363635,26.730350378787872
2022-08-23,700.397095959596,27.466792929292936,26.84895833333336
2022-08-24,930.9160353535353,28.608080808080803,27.69469696969697
2022-08-25,971.3068181818181,28.780618686868692,27.756770833333334
2022-08-26,947.3926767676767,28.62291666666667,27.50464015151515
2022-08-27,975.5290404040403,28.688005050505055,27.065056818181816
2022-08-28,917.044191919192,27.913194444444454,26.91321022727273
2022-08-29,897.7790404040403,28.371464646464645,26.971070075757577
2022-08-30,903.3251262626263,28.567803030303025,27.272206439393944
2022-08-31,906.354797979798,28.354292929292928,27.22083333333332
2022-09-01,967.1420454545455,28.246212121212114,26.903645833333343
2022-09-02,960.5347222222223,28.08314393939394,26.92064393939395
2022-09-03,625.582702020202,28.3197601010101,27.13011363636363
2022-09-04,940.7424242424244,28.777777777777782,27.40672348484848
2022-09-05,961.2152777777777,28.383333333333344,27.17088068181819
2022-09-06,932.9210858585858,28.729671717171716,27.44578598484849
2022-09-07,951.1875,28.77512626262627,27.279734848484846
2022-09-08,883.5359848484849,28.462878787878793,26.843797348484845
2022-09-09,544.447601010101,28.068181818181817,27.024952651515157
2022-09-10,880.2967171717172,28.745012626262632,27.231581439393935
2022-09-11,826.8964646464647,28.75618686868687,27.34938446969697
2022-09-12,859.4930555555557,28.720959595959588,27.507907196969697
2022-09-13,743.2657828282828,28.241351010101017,26.902035984848496
2022-09-14,893.02398989899,28.63055555555556,27.31107954545454
2022-09-15,803.8093434343433,28.602146464646466,27.62727272727273
2022-09-16,866.9299242424244,28.63200757575758,27.246117424242428
2022-09-17,805.4147727272726,28.70258838383838,27.640435606060603
2022-09-18,667.5467171717172,28.69065656565657,27.362452651515152
2022-09-19,801.243686868687,28.24053030303031,27.15866477272727
2022-09-20,895.6022727272726,28.52645202020202,27.37921401515152
2022-09-21,896.9772727272726,28.38257575757576,27.071875
2022-09-22,866.6881313131313,28.334974747474746,27.696922348484854
2022-09-23,813.7967171717172,28.599179292929293,27.826325757575752
2022-09-24,894.5770202020203,28.92165404040404,27.891950757575756
2022-09-25,833.748106060606,28.6532196969697,27.32523674242424
2022-09-26,872.5631313131313,28.68592171717172,27.468371212121212
2022-09-27,921.3945707070707,28.677020202020202,27.440956439393936
2022-09-28,913.8705808080807,28.940656565656564,27.58267045454546
2022-09-29,885.2878787878789,28.70833333333333,27.49266098484848
2022-09-30,910.2967171717172,29.198989898989904,27.714157196969698
2022-10-01,811.2815656565657,28.25498737373738,27.167897727272727
2022-10-02,386.8920454545455,27.329545454545492,26.59834280303029
2022-10-03,852.8415404040403,28.03585858585859,26.74119318181818
2022-10-04,682.501893939394,27.82474747474747,26.60071022727272
2022-10-05,829.1527777777778,27.802462121212113,26.7405303030303
2022-10-06,755.322601010101,28.336300505050502,26.9201231060606
2022-10-07,838.3655303030304,28.322348484848476,26.807196969696964
2022-10-08,845.7386363636364,27.834469696969702,27.031486742424246
2022-10-09,798.9848484848485,27.898106060606057,26.922632575757575
2022-10-10,751.5593434343433,28.576830808080803,27.895691287878783
2022-10-11,542.1079545454545,28.485669191919182,27.359374999999996
2022-10-12,424.407196969697,27.716035353535347,27.218749999999993
2022-10-13,778.8611111111112,28.38181818181819,27.549905303030307
2022-10-14,809.2121212121211,28.20763888888889,26.71245265151515
2022-10-15,783.824494949495,27.627209595959584,26.272490530303024
2022-10-16,723.4804292929293,28.34368686868687,27.141903409090908
2022-10-17,813.0435606060606,28.4584595959596,27.345738636363638
2022-10-18,856.356691919192,28.08869949494949,26.93357007575758
2022-10-19,581.8497474747475,26.783080808080808,24.932812499999997
2022-10-20,654.7714646464647,26.175378787878795,26.426325757575764
2022-10-21,841.3674242424244,28.59747474747475,27.61827651515151
2022-10-22,795.8257575757575,28.8207702020202,27.452746212121212
2022-10-23,747.9633838383838,28.50997474747476,27.2639678030303
2022-10-24,811.5511363636364,28.58112373737374,27.322821969696975
2022-10-25,784.903409090909,28.623358585858593,27.176231060606053
2022-10-26,773.7443181818181,27.999747474747466,26.746590909090905
2022-10-27,768.1439393939394,27.473737373737364,26.270975378787895
2022-10-28,673.1578282828283,27.357765151515157,26.75089962121212
2022-10-29,793.1685606060606,27.97733585858585,26.85639204545455
2022-10-30,751.1698232323233,27.7965909090909,26.633570075757568
2022-10-31,782.7335858585858,27.875631313131304,26.857528409090918
2022-11-01,806.1767676767677,27.689583333333346,26.32462121212121
2022-11-02,763.7746212121211,27.568813131313135,27.20099431818182
2022-11-03,718.6382575757575,27.882260101010104,27.156249999999993
2022-11-04,625.7007575757576,27.88838383838384,27.415672348484854
2022-11-05,548.2664141414142,28.148421717171725,27.19171401515152
2022-11-06,651.9816919191918,28.187184343434343,27.067329545454548
2022-11-07,786.042297979798,28.076325757575773,26.815151515151513
2022-11-08,604.3794191919192,27.566035353535355,26.361647727272732
2022-11-09,750.883207070707,27.621654040404028,26.167945075757576
2022-11-10,687.822601010101,26.45416666666667,25.53409090909091
2022-11-11,673.4911616161617,26.454671717171706,25.216950757575752
2022-11-12,648.614898989899,26.229924242424257,25.415009469696944
2022-11-13,746.1666666666666,26.967424242424244,26.096070075757574
2022-11-14,759.3920454545455,26.80094696969697,25.382717803030307
2022-11-15,769.8257575757575,26.153156565656573,24.842566287878796
2022-11-16,755.606691919192,26.895328282828284,25.791903409090907
2022-11-17,623.4040404040404,27.0094696969697,26.11126893939394
2022-11-18,673.8762626262627,27.274621212121207,26.078598484848484
2022-11-19,741.5921717171717,26.873484848484846,26.045312499999994
2022-11-20,730.3150252525253,27.102904040404045,25.962452651515143
2022-11-21,745.1723484848485,26.838888888888892,25.876183712121225
2022-11-22,659.318813131313,26.86338383838383,25.6046875
2022-11-23,554.0271464646465,26.663194444444454,25.35099431818181
2022-11-24,519.6969696969696,24.24678030303031,23.884185606060612
2022-11-25,733.2222222222222,25.0832702020202,24.114109848484844
2022-11-26,591.9381313131313,25.418686868686866,24.186363636363634
2022-11-27,671.7840909090909,25.573737373737377,25.22821969696969
2022-11-28,256.199494949495,25.300315656565648,24.983854166666678
2022-11-29,574.9690656565657,27.092424242424254,25.864204545454538
2022-11-30,710.2960858585858,26.872664141414138,25.356818181818188
2022-12-01,677.9690656565657,25.967613636363637,24.57088068181818
2022-12-02,669.4299242424244,26.496969696969696,25.758617424242438
2022-12-03,683.0625,26.65094696969697,25.639441287878782
2022-12-04,556.7777777777778,26.62285353535353,25.726562499999993
2022-12-05,550.1300505050505,26.18308080808082,25.586174242424242
2022-12-06,419.822601010101,26.609659090909087,26.229214015151513
2022-12-07,474.1736111111111,26.59356060606062,25.79341856060607
2022-12-08,570.2563131313132,26.337499999999995,25.32400568181817
2022-12-09,594.1603535353535,26.470328282828287,25.357433712121214
2022-12-10,679.7544191919192,25.975631313131313,25.20942234848485
2022-12-11,585.1325757575759,26.098863636363642,25.000284090909084
2022-12-12,564.897095959596,25.665719696969713,24.71799242424244
2022-12-13,621.9084595959596,25.867550505050502,25.16410984848484
2022-12-14,648.0599747474747,26.300189393939394,25.297964015151514
2022-12-15,703.363005050505,25.95334595959596,24.958570075757578
2022-12-16,508.1180555555556,25.47676767676768,24.841335227272726
2022-12-17,701.9501262626263,25.88724747474748,24.96964962121212
2022-12-18,139.55871212121212,24.36849747474749,25.0892518939394
2022-12-19,155.81565656565658,23.477146464646466,23.2797821969697
2022-12-20,640.709595959596,25.20063131313134,24.601278409090916
2022-12-21,650.0713383838383,25.101704545454552,24.676467803030306
2022-12-22,660.7796717171717,25.263636363636362,24.68120265151515
2022-12-23,581.0858585858585,25.2707702020202,24.714914772727273
2022-12-24,511.4905303030303,25.927398989898986,25.124147727272728
2022-12-25,641.6792929292928,26.150946969696978,25.610179924242416
2022-12-26,681.5473484848485,26.249558080808082,25.014251893939395
2022-12-27,685.2613636363636,26.349810606060604,25.49720643939394
2022-12-28,457.01767676767685,26.032260101010106,25.766003787878784
2022-12-29,603.9223484848485,25.95713383838384,24.9579071969697
2022-12-30,635.9008838383837,26.035353535353526,24.74010416666666
2022-12-31,704.2253787878789,26.295707070707067,25.07239583333333
2023-01-01,468.44128787878793,25.865593434343424,24.722490530303027
2023-01-02,660.2070707070708,25.91338383838384,25.081202651515152
2023-01-03,712.78851010101,25.498737373737374,24.37386363636363
2023-01-04,392.2430555555555,24.22891414141414,23.886079545454532
2023-01-05,668.5580808080808,25.442613636363635,24.704261363636363
2023-01-06,724.7960858585858,26.01723484848485,24.760464015151513
2023-01-07,701.3049242424244,25.754734848484844,24.780445075757576
2023-01-08,745.0157828282828,25.39027777777778,24.345359848484854
2023-01-09,716.510101010101,25.2967803030303,24.913068181818183
2023-01-10,737.1666666666666,26.07973484848485,25.252367424242422
2023-01-11,641.5044191919193,24.893623737373726,23.138162878787874
2023-01-12,744.3686868686868,24.391224747474748,24.036410984848487
2023-01-13,757.022095959596,25.048547979797984,24.604214015151516
2023-01-14,734.7809343434343,25.379356060606057,24.85582386363636
2023-01-15,484.24116161616166,25.955429292929285,24.944602272727273
2023-01-16,559.126893939394,25.885921717171716,24.850520833333334
2023-01-17,729.8131313131313,25.75391414141414,25.140625
2023-01-18,706.9046717171717,26.309406565656563,25.559232954545454
2023-01-19,707.2361111111112,25.919570707070704,25.10681818181818
2023-01-20,729.3882575757576,26.150378787878793,25.273390151515148
2023-01-21,476.84406565656565,25.89141414141415,24.985606060606067
2023-01-22,748.3655303030304,26.190845959595958,25.092992424242425
2023-01-23,722.4160353535353,25.681881313131317,25.116761363636368
2023-01-24,719.4166666666666,25.55637626262626,24.758948863636366
2023-01-25,498.95138888888886,25.267361111111114,24.1063446969697
2023-01-26,734.4015151515151,24.167171717171726,22.687500000000004
2023-01-27,586.9545454545454,23.851262626262628,23.09128787878788
2023-01-28,401.5416666666667,23.399873737373742,22.783096590909103
2023-01-29,335.1186868686869,23.180744949494947,23.063446969696948
2023-01-30,436.58838383838383,23.89412878787881,23.664299242424235
2023-01-31,601.8743686868687,25.294318181818173,24.82935606060606
2023-02-01,639.364898989899,25.74633838383839,24.494460227272732
2023-02-02,726.7348484848485,25.383648989898997,24.587594696969695
2023-02-03,416.22411616161617,25.088762626262625,24.67518939393939
2023-02-04,203.3175505050505,24.22765151515151,24.307007575757574
2023-02-05,720.6843434343433,25.761489898989897,24.863541666666663
2023-02-06,740.1622474747473,25.701767676767673,24.894270833333334
2023-02-07,595.9747474747475,25.754229797979793,24.690009469696975
2023-02-08,669.9861111111112,25.356565656565653,24.43697916666667
2023-02-09,682.3061868686868,25.074368686868677,24.214725378787893
2023-02-10,770.5820707070707,25.177209595959614,24.23655303030303
2023-02-11,789.6534090909091,25.070328282828275,24.013778409090904
2023-02-12,721.251893939394,24.82689393939394,23.888589015151496
2023-02-13,725.9185606060606,24.69646464646466,23.628314393939394
2023-02-14,755.0429292929293,24.335164141414154,23.16979166666667
2023-02-15,778.822601010101,24.238888888888884,23.711647727272734
2023-02-16,618.8131313131313,25.206060606060614,24.002888257575755
2023-02-17,166.18497474747474,22.894255050505034,23.136268939393943
2023-02-18,575.5233585858585,24.65694444444446,24.36330492424242
2023-02-19,678.4337121212121,25.407828282828277,24.567708333333336
2023-02-20,364.21212121212125,24.906502525252534,23.63688446969696
2023-02-21,642.9551767676768,25.210795454545462,24.505113636363635
2023-02-22,400.4791666666667,25.278472222222224,24.435321969696957
2023-02-23,632.022095959596,25.05063131313131,24.05875946969696
2023-02-24,607.306186868687,24.453219696969693,23.556960227272725
2023-02-25,774.0921717171717,24.916351010101,23.55530303030303
2023-02-26,775.3068181818181,24.38996212121212,23.647585227272728
2023-02-27,741.7209595959597,24.29362373737374,23.416051136363635
2023-02-28,742.4854797979798,23.985606060606063,23.143560606060607
2023-03-01,650.7840909090909,23.971338383838376,23.407670454545446
2023-03-02,671.6868686868687,23.882512626262628,22.93868371212122
2023-03-03,734.6445707070707,24.160290404040406,23.393939393939394
2023-03-04,844.955808080808,24.302714646464647,23.404403409090904
2023-03-05,721.280303030303,24.152398989898995,24.09303977272728
2023-03-06,646.6849747474747,24.91224747474747,23.854119318181816
2023-03-07,697.7171717171717,24.531818181818192,24.167471590909088
2023-03-08,794.9318181818181,24.894633838383843,23.881770833333324
2023-03-09,842.909090909091,24.043055555555565,23.416808712121217
2023-03-10,662.8661616161615,23.63945707070705,23.197253787878772
2023-03-11,769.7329545454546,24.132449494949498,23.581392045454535
2023-03-12,787.1963383838383,25.126893939393952,24.50108901515152
2023-03-13,920.981691919192,25.59097222222222,24.630539772727282
2023-03-14,510.46148989898984,25.87354797979798,24.942234848484848
2023-03-15,898.9438131313132,25.70372474747475,25.064914772727278
2023-03-16,809.0151515151515,25.646906565656575,24.618181818181824
2023-03-17,808.1237373737373,25.86824494949494,25.390435606060606
2023-03-18,764.407196969697,25.8729797979798,25.35241477272727
2023-03-19,719.1969696969696,25.95498737373735,24.706770833333334
2023-03-20,755.9873737373737,26.259595959595952,25.24195075757575
2023-03-21,705.3440656565657,26.119255050505046,25.273816287878788
2023-03-22,643.2828282828283,25.862815656565658,25.247869318181817
2023-03-23,375.31313131313135,24.868371212121207,24.361837121212126
2023-03-24,901.7443181818181,26.09854797979797,25.019696969696973
2023-03-25,830.0618686868687,25.91426767676768,25.163115530303024
2023-03-26,874.689393939394,26.03813131313132,24.988399621212125
2023-03-27,846.447601010101,25.587058080808077,25.013494318181824
2023-03-28,647.897095959596,25.666224747474747,25.079687500000006
2023-03-29,595.3838383838383,26.016414141414128,25.29900568181818
2023-03-30,815.1193181818181,25.90984848484848,25.36486742424242
2023-03-31,681.1401515151515,25.901641414141423,25.139962121212122
2023-04-01,264.8794191919192,24.989583333333332,24.81534090909092
2023-04-02,505.6931818181818,25.279608585858572,24.81169507575757
2023-04-03,822.4602272727274,25.792487373737373,24.883285984848488
2023-04-04,725.238005050505,25.214520202020196,24.8842803030303
2023-04-05,839.7234848484849,25.417929292929287,24.46174242424242
2023-04-06,881.8194444444445,25.596906565656568,24.498011363636362
2023-04-07,693.0795454545454,25.810416666666672,24.48257575757576
2023-04-08,693.4116161616162,25.32209595959598,24.33972537878788
2023-04-09,565.5315656565657,24.94463383838384,24.223532196969693
2023-04-10,843.4217171717172,25.45744949494949,24.40364583333334
2023-04-11,876.7727272727274,25.592866161616158,24.532812500000002
2023-04-12,850.3838383838383,25.778535353535343,24.853077651515154
2023-04-13,836.9772727272726,25.67834595959596,24.796875
2023-04-14,953.9217171717172,24.91723484848485,23.905965909090906
2023-04-15,870.7266414141413,25.145328282828284,24.56908143939394
2023-04-16,899.1584595959597,26.015845959595964,25.516524621212117
2023-04-17,727.2569444444445,26.222222222222218,25.384895833333335
2023-04-18,453.5858585858586,25.731565656565664,25.094933712121218
2023-04-19,810.8522727272726,26.246085858585854,25.51377840909091
2023-04-20,677.1382575757576,25.659595959595958,25.168797348484844
2023-04-21,877.2291666666666,26.6572601010101,25.862073863636365
2023-04-22,931.8926767676768,26.91944444444444,25.549999999999997
2023-04-23,910.2752525252525,26.384848484848487,25.36321022727273
2023-04-24,709.1161616161617,26.29356060606061,24.88461174242424
2023-04-25,592.5637626262627,25.751767676767674,24.519128787878792
2023-04-26,665.032196969697,25.338068181818176,24.05828598484848
2023-04-27,337.415404040404,24.850505050505074,23.972301136363633
2023-04-28,834.3118686868687,25.83421717171717,25.62140151515151
2023-04-29,781.6142676767677,26.09046717171717,25.317471590909086
2023-04-30,891.7203282828283,25.95164141414141,25.184611742424238
2023-05-01,851.157196969697,26.789962121212127,25.475473484848486
2023-05-02,457.19191919191917,25.481502525252512,25.037547348484846
2023-05-03,863.614898989899,25.91931818181818,25.322064393939392
2023-05-04,800.185606060606,26.13257575757576,25.021401515151517
2023-05-05,835.5883838383838,26.031502525252534,24.746685606060595
2023-05-06,863.445707070707,25.93958333333333,24.8295928030303
2023-05-07,890.552398989899,26.303977272727277,25.056392045454544
2023-05-08,934.5334595959597,26.140530303030307,25.05255681818182
2023-05-09,974.7335858585858,26.15606060606061,24.8341856060606
2023-05-10,787.2859848484849,26.11433080808081,24.80970643939394
2023-05-11,672.5233585858585,25.63301767676768,24.52826704545455
2023-05-12,905.7468434343433,25.98592171717171,24.44734848484849
2023-05-13,794.4425505050505,26.12171717171717,24.413967803030303
2023-05-14,774.0056818181819,25.07102272727273,23.909943181818186
2023-05-15,822.5915404040403,25.424305555555552,24.14166666666667
2023-05-16,780.0688131313132,25.96306818181817,24.64550189393939
2023-05-17,803.1161616161617,25.913383838383833,24.93106060606061
2023-05-18,393.3680555555556,24.63238636363636,24.439393939393945
2023-05-19,752.844696969697,26.38358585858586,25.89133522727273
2023-05-20,920.5113636363636,27.141414141414145,26.154876893939395
2023-05-21,904.5208333333334,27.220454545454555,25.756013257575763
2023-05-22,829.618686868687,26.655176767676778,25.35885416666666
2023-05-23,867.778409090909,27.161742424242433,25.745928030303034
2023-05-24,960.5991161616162,26.723737373737382,25.4361268939394
2023-05-25,897.8200757575756,26.192929292929293,25.01245265151515
2023-05-26,897.7026515151515,26.247474747474744,24.82528409090909
2023-05-27,973.6811868686868,26.438320707070716,24.864630681818184
2023-05-28,786.4450757575756,26.282070707070705,25.135416666666664
2023-05-29,905.4873737373737,26.47702020202021,25.421780303030307
2023-05-30,848.2316919191918,26.79968434343435,25.663967803030303
2023-05-31,813.8503787878789,26.852335858585857,25.772064393939388
2023-06-01,784.373106060606,26.648611111111126,25.501420454545457
2023-06-02,895.4362373737373,26.655808080808075,25.404498106060604
2023-06-03,702.076388888889,26.48996212121212,25.283806818181816
2023-06-04,789.2512626262627,26.79160353535354,25.828361742424242
2023-06-05,886.8257575757576,27.065719696969698,25.79706439393939
2023-06-06,935.9583333333334,27.1042297979798,25.93025568181818
2023-06-07,862.9785353535353,27.363573232323223,26.173579545454544
2023-06-08,846.33648989899,27.633901515151518,26.248910984848486
2023-06-09,947.1982323232323,27.433080808080813,26.309659090909093
2023-06-10,863.8055555555555,27.132386363636357,26.2109375
2023-06-11,967.5353535353535,27.47310606060606,26.310274621212123
2023-06-12,913.7638888888888,27.85018939393939,26.444176136363634
2023-06-13,601.7449494949495,27.169570707070715,26.121543560606057
2023-06-14,826.6679292929293,27.538446969696967,26.318276515151517
2023-06-15,584.2323232323232,27.316919191919187,26.105303030303027
2023-06-16,868.5239898989898,27.343813131313127,26.420265151515153
2023-06-17,939.7670454545455,27.695265151515155,26.3766571969697
2023-06-18,884.3560606060606,27.656439393939394,26.03991477272727
2023-06-19,914.9103535353535,27.33857323232323,26.37698863636364
2023-06-20,917.554292929293,27.72354797979798,26.529924242424244
2023-06-21,897.3787878787879,27.62777777777779,26.428882575757584
2023-06-22,905.7885101010102,27.64741161616162,26.27225378787879
2023-06-23,767.665404040404,27.565530303030314,26.281297348484838
2023-06-24,827.8219696969696,27.51186868686868,25.966998106060608
2023-06-25,709.4507575757576,27.28636363636363,25.749289772727273
2023-06-26,722.729797979798,27.05246212121212,25.849526515151513
2023-06-27,970.9431818181819,27.577967171717166,26.086979166666666
2023-06-28,859.300505050505,27.43270202020202,26.168134469696966
2023-06-29,751.8901515151515,27.691161616161626,26.308664772727266
2023-06-30,788.3049242424241,27.144823232323223,26.113257575757572
2023-07-01,677.3472222222223,27.437058080808082,26.187263257575758
2023-07-02,911.9728535353537,27.48566919191919,26.362405303030297
2023-07-03,895.6679292929293,28.195328282828285,26.8076231060606
2023-07-04,920.766414141414,27.938257575757586,26.532528409090915
2023-07-05,733.3270202020202,27.223800505050505,26.41732954545455
2023-07-06,813.001893939394,27.579608585858583,26.56524621212121
2023-07-07,653.532196969697,27.099684343434333,26.045975378787876
2023-07-08,798.2910353535353,27.221212121212123,26.059990530303033
2023-07-09,768.2424242424244,27.410984848484855,26.07002840909091
2023-07-10,737.7569444444443,27.168055555555558,26.20814393939394
2023-07-11,817.7266414141413,27.99027777777778,26.74427083333333
2023-07-12,886.6414141414142,28.31275252525253,26.702746212121205
2023-07-13,852.1805555555555,27.97171717171717,26.52438446969697
2023-07-14,994.3699494949495,28.055997474747468,26.53674242424243
2023-07-15,801.2121212121211,27.401136363636354,26.323295454545455
2023-07-16,761.449494949495,27.401578282828286,26.710842803030296
2023-07-17,945.9040404040403,28.329229797979803,26.903219696969703
2023-07-18,793.0751262626263,27.918371212121205,26.615956439393937
2023-07-19,484.4324494949495,27.794507575757564,26.76742424242424
2023-07-20,911.8693181818181,28.044570707070715,26.644412878787875
2023-07-21,837.6294191919192,28.06647727272727,26.702746212121205
2023-07-22,879.7714646464647,28.384280303030298,26.950615530303033
2023-07-23,902.469696969697,28.021590909090907,26.833049242424245
2023-07-24,923.6388888888888,28.051325757575757,26.822490530303032
2023-07-25,976.945707070707,28.02657828282828,26.710937500000004
2023-07-26,954.5498737373737,28.290530303030298,26.90426136363636
2023-07-27,983.2032828282828,28.286679292929293,26.887121212121215
2023-07-28,889.9545454545455,28.13800505050506,26.84479166666667
2023-07-29,793.5233585858587,28.241098484848493,26.93148674242424
2023-07-30,902.445707070707,28.15018939393939,26.996117424242428
2023-07-31,801.2121212121214,28.178219696969702,26.99663825757576
2023-08-01,883.3541666666666,27.937373737373736,26.840435606060616
2023-08-02,854.4046717171717,28.201767676767684,26.825142045454545
2023-08-03,937.2979797979798,27.915972222222223,26.70828598484848
2023-08-04,866.621212121212,27.90561868686869,26.31732954545454
2023-08-05,845.2348484848485,28.02512626262626,26.57438446969697
2023-08-06,929.1616161616162,28.5748106060606,27.101893939393936
2023-08-07,882.407196969697,28.518939393939394,26.910511363636363
2023-08-08,924.4873737373737,28.22733585858587,26.79460227272727
2023-08-09,865.5479797979798,28.11881313131312,26.689157196969703
2023-08-10,873.7537878787879,28.312941919191918,26.88636363636364
2023-08-11,995.5050505050505,28.197979797979798,26.736884469696964
2023-08-12,989.6698232323233,28.27569444444445,26.99190340909091
2023-08-13,1000.2676767676767,28.656123737373743,26.716619318181824
2023-08-14,841.4684343434343,27.977272727272734,26.801988636363635
2023-08-15,868.4943181818181,28.31521464646465,26.910606060606064
2023-08-16,810.8510101010102,28.34223484848486,27.030918560606064
2023-08-17,974.5997474747475,28.502777777777784,26.90511363636364
2023-08-18,935.1136363636364,28.057323232323228,26.89270833333333
2023-08-19,945.3718434343433,28.295833333333334,27.013636363636365
2023-08-20,929.2171717171717,28.086868686868687,27.07627840909091
2023-08-21,933.2664141414142,28.46016414141415,27.17282196969697
2023-08-22,922.9753787878786,28.624558080808086,27.348058712121215
2023-08-23,946.320707070707,28.368055555555557,27.112215909090907
2023-08-24,935.6401515151515,28.311174242424244,26.91273674242424
2023-08-25,746.4419191919192,28.477777777777774,27.10572916666666
2023-08-26,883.7392676767677,28.3030303030303,26.74943181818182
2023-08-27,756.7790404040403,28.06148989898989,26.44214015151515
2023-08-28,924.633207070707,28.51369949494948,27.010511363636365
2023-08-29,858.6117424242424,28.47607323232323,27.048248106060605
2023-08-30,823.14898989899,28.746843434343432,27.087026515151507
2023-08-31,747.1565656565657,28.307323232323238,26.882575757575765
2023-09-01,827.082702020202,28.09703282828282,26.84204545454545
2023-09-02,815.6256313131313,28.245833333333326,26.73735795454545
2023-09-03,869.7152777777778,28.35877525252526,26.89597537878788
2023-09-04,909.2140151515151,28.269065656565648,27.15440340909091
2023-09-05,936.4722222222222,28.477083333333336,27.11463068181818
2023-09-06,913.9911616161617,28.72032828282828,27.429450757575754
2023-09-07,947.5934343434343,28.759974747474754,27.305918560606056
2023-09-08,843.8844696969696,28.687310606060596,27.25970643939393
2023-09-09,701.0587121212121,28.302272727272726,27.0777462121212
2023-09-10,898.8863636363636,28.383964646464648,27.180160984848474
2023-09-11,840.2771464646465,28.445265151515155,27.030255681818183
2023-09-12,873.5625,28.370707070707073,27.181960227272718
2023-09-13,640.7070707070707,28.656376262626257,27.30080492424243
2023-09-14,800.552398989899,28.502714646464643,27.056676136363624
2023-09-15,893.2796717171717,28.69602272727271,27.013967803030305
2023-09-16,905.4015151515151,28.96868686868687,27.504545454545458
2023-09-17,823.905303030303,28.298042929292933,27.10265151515151
2023-09-18,779.9734848484849,28.492234848484845,27.23072916666666
2023-09-19,795.9835858585858,28.564141414141403,27.05980113636363
2023-09-20,796.5460858585858,28.49539141414142,27.04048295454546
2023-09-21,779.304292929293,27.858775252525238,26.683664772727262
2023-09-22,849.623106060606,28.049053030303032,26.775852272727285
2023-09-23,894.2392676767677,28.185164141414145,26.803645833333345
2023-09-24,845.1950757575756,28.07234848484848,26.791998106060614
2023-09-25,870.6527777777778,28.11862373737374,26.886600378787882
2023-09-26,735.9659090909091,28.05138888888889,26.852746212121207
2023-09-27,676.1584595959596,28.14886363636364,26.748295454545456
2023-09-28,817.7885101010102,28.410290404040413,26.72613636363638
2023-09-29,776.0334595959597,28.583396464646466,27.07452651515151
2023-09-30,865.633207070707,28.372979797979795,27.068134469696965
2023-10-01,798.7430555555555,28.498547979797976,27.049857954545452
2023-10-02,828.3743686868687,28.569381313131316,27.176657196969693
2023-10-03,800.5170454545455,28.162121212121225,27.175899621212114
2023-10-04,859.3895202020202,28.147979797979797,27.39209280303031
2023-10-05,795.8276515151515,28.583964646464647,27.367945075757575
2023-10-06,853.0208333333334,28.79482323232324,27.442897727272733
2023-10-07,826.0858585858587,28.525252525252526,26.941666666666674
2023-10-08,872.0549242424244,28.352525252525258,27.042045454545455
2023-10-09,725.6281565656565,28.07291666666666,27.198248106060603
2023-10-10,804.7361111111112,28.195265151515155,26.926089015151515
2023-10-11,732.0075757575759,27.57948232323231,26.846590909090917
2023-10-12,886.9741161616162,28.422537878787875,27.141714015151518
2023-10-13,836.7853535353535,28.330934343434347,27.044081439393942
2023-10-14,849.376893939394,28.343686868686863,27.224147727272722
2023-10-15,733.6300505050505,28.323800505050503,27.333143939393935
2023-10-16,779.9040404040403,28.635858585858582,26.996732954545454
2023-10-17,718.9551767676767,28.313636363636373,27.184375
2023-10-18,832.0195707070707,28.452967171717173,27.103977272727253
2023-10-19,660.2058080808081,27.826641414141417,26.665009469696958
2023-10-20,660.673611111111,27.517676767676765,26.708475378787877
2023-10-21,745.5719696969696,27.624873737373733,26.580492424242422
2023-10-22,735.8623737373737,27.877840909090896,26.842708333333345
2023-10-23,614.4046717171717,27.91142676767677,26.867329545454538
2023-10-24,772.7064393939394,28.29715909090908,27.297916666666666
2023-10-25,740.7733585858587,28.231565656565653,27.20392992424242
2023-10-26,789.2127525252525,28.282638888888897,27.194318181818186
2023-10-27,808.0239898989898,28.366477272727277,27.01893939393939
2023-10-28,830.0877525252525,28.385669191919202,26.65970643939395
2023-10-29,770.469696969697,28.326957070707067,26.89630681818182
2023-10-30,803.5568181818181,28.08289141414141,26.793607954545458
2023-10-31,789.2973484848485,27.98996212121212,26.675662878787882
2023-11-01,717.738005050505,28.13200757575758,27.039251893939397
2023-11-02,787.6445707070707,28.180113636363632,27.243939393939396
2023-11-03,788.0044191919193,28.640151515151516,27.357244318181813
2023-11-04,743.0814393939394,28.17405303030303,27.21955492424242
2023-11-05,750.9027777777778,28.269255050505055,27.042424242424246
2023-11-06,631.1603535353535,28.01515151515152,26.969886363636355
2023-11-07,481.77967171717165,27.891351010101005,26.78641098484849
2023-11-08,773.9305555555555,28.262247474747472,27.190719696969698
2023-11-09,741.3762626262627,28.309848484848477,27.047064393939394
2023-11-10,669.272095959596,28.02689393939394,26.944649621212125
2023-11-11,703.2512626262627,27.712436868686865,26.712121212121215
2023-11-12,660.5763888888888,27.673106060606063,26.553882575757555
2023-11-13,649.9823232323232,27.11224747474748,26.38181818181818
2023-11-14,634.0763888888889,26.555239898989885,25.243702651515157
2023-11-15,566.2575757575758,26.08049242424242,25.487642045454542
2023-11-16,572.1969696969696,26.54267676767675,25.53451704545455
2023-11-17,742.8598484848485,26.409532828282835,25.37556818181818
2023-11-18,621.0290404040403,26.670770202020197,25.721164772727285
2023-11-19,489.15782828282823,26.552525252525268,25.618939393939392
2023-11-20,417.7708333333333,25.508712121212124,24.49166666666665
2023-11-21,467.6041666666667,26.291792929292928,25.646117424242423
2023-11-22,610.2405303030304,26.698169191919188,26.088683712121213
2023-11-23,646.6268939393939,26.741540404040403,26.134564393939392
2023-11-24,659.393308080808,26.969065656565657,25.96737689393939
2023-11-25,647.9602272727274,26.83137626262626,25.91993371212121
2023-11-26,554.6041666666666,26.191035353535355,25.43319128787879
2023-11-27,358.96212121212125,26.282323232323247,25.43030303030303
2023-11-28,378.32954545454544,25.284532828282824,25.481297348484862
2023-11-29,232.94318181818184,24.787626262626276,24.75468750000001
2023-11-30,226.375,26.66887626262626,26.127367424242426
2023-12-01,152.9665404040404,25.253472222222225,25.253503787878785
2023-12-02,708.5227272727274,26.930176767676766,25.875094696969697
2023-12-03,693.4002525252525,26.85511363636363,25.74550189393939
2023-12-04,579.241792929293,26.358333333333334,25.609327651515148
2023-12-05,479.042297979798,26.599873737373738,25.682102272727274
2023-12-06,564.9785353535353,26.7977904040404,25.89820075757575
2023-12-07,632.4236111111111,26.693434343434337,25.876988636363638
2023-12-08,693.25,26.391792929292933,25.6842803030303
2023-12-09,724.6540404040403,26.39166666666667,25.315293560606058
2023-12-10,638.3825757575758,27.238446969696962,26.14086174242424
2023-12-11,650.834595959596,27.04570707070707,26.07381628787879
2023-12-12,677.7897727272727,26.228409090909096,25.010606060606065
2023-12-13,514.4513888888888,25.27746212121212,23.7515625
2023-12-14,401.133207070707,24.240530303030294,22.918465909090912
2023-12-15,577.8162878787879,24.430176767676766,23.77727272727273
2023-12-16,550.2159090909091,24.658838383838386,23.853835227272725
2023-12-17,443.87941919191917,24.357512626262636,23.435132575757557
2023-12-18,451.6931818181818,24.358333333333324,24.24048295454547
2023-12-19,491.8914141414141,24.87455808080807,24.399100378787885
2023-12-20,261.8156565656566,24.629608585858566,24.310653409090914
2023-12-21,475.9280303030303,25.270896464646466,24.539299242424235
2023-12-22,496.147095959596,25.290277777777774,24.706202651515152
2023-12-23,545.0618686868687,25.518181818181812,24.652746212121215
2023-12-24,654.2171717171717,26.007638888888877,25.05018939393939
2023-12-25,565.1275252525253,25.590719696969696,24.39095643939394
2023-12-26,715.798611111111,25.456439393939394,24.166666666666664
2023-12-27,584.6022727272726,25.64854797979798,24.15970643939394
2023-12-28,368.3800505050505,24.516729797979803,23.37523674242423
2023-12-29,595.1805555555555,25.20839646464646,24.059990530303033
2023-12-30,626.3055555555555,25.450568181818184,24.496259469696973
2023-12-31,693.8914141414142,26.006439393939388,24.544318181818177
2024-01-01,541.9766414141415,25.504734848484844,24.741950757575758
2024-01-02,658.4854797979798,26.097474747474745,25.121164772727276
2024-01-03,614.5429292929293,25.97632575757576,25.26472537878788
2024-01-04,560.3623737373738,25.407133838383842,24.99734848484848
2024-01-05,635.4987373737373,25.726199494949498,25.18939393939394
2024-01-06,581.4854797979798,25.2854797979798,25.273106060606068
2024-01-07,712.4141414141413,25.88876262626262,24.847679924242414
2024-01-08,147.0675505050505,25.73838383838385,25.0235321969697
2024-01-09,450.21338383838383,25.477083333333336,24.481013257575757
2024-01-10,669.8598484848485,24.83093434343434,23.56609848484849
2024-01-11,666.8478535353535,24.55088383838384,21.416903409090903
2024-01-12,593.3838383838385,23.053977272727277,22.3579071969697
2024-01-13,688.802398989899,23.1489898989899,22.03967803030303
2024-01-14,749.8049242424244,23.7195707070707,23.3954071969697
2024-01-15,733.9501262626263,24.150568181818176,23.56302083333336
2024-01-16,501.01893939393943,25.55214646464646,24.881676136363645
2024-01-17,592.0448232323232,25.518813131313124,24.456912878787875
2024-01-18,764.2108585858585,25.099747474747478,24.379829545454545
2024-01-19,656.2714646464647,25.446780303030305,24.63413825757576
2024-01-20,697.3737373737373,25.450252525252512,24.580255681818194
2024-01-21,386.3219696969697,25.827777777777783,24.534564393939398
2024-01-22,652.6092171717172,25.913699494949512,24.972727272727276
2024-01-23,689.7468434343435,25.8100378787879,24.945643939393918
2024-01-24,402.26893939393943,25.964835858585854,24.63489583333333
2024-01-25,760.544191919192,25.711868686868673,24.521259469696965
2024-01-26,750.9122474747475,25.11344696969697,24.405350378787876
2024-01-27,552.9141414141415,25.778409090909104,24.94166666666668
2024-01-28,300.76641414141415,25.82266414141417,25.019460227272738
2024-01-29,434.717803030303,26.045138888888868,25.024621212121218
2024-01-30,588.8680555555555,24.699747474747493,24.001751893939396
2024-01-31,627.6982323232323,25.928156565656575,24.777556818181814
2024-02-01,247.5132575757576,24.906376262626264,22.629356060606064
2024-02-02,596.7146464646465,23.451262626262615,22.125189393939383
2024-02-03,575.0568181818181,23.386237373737373,22.701751893939402
2024-02-04,471.81376262626264,24.223042929292927,23.942234848484844
2024-02-05,730.4747474747473,24.907260101010106,24.285795454545458
2024-02-06,640.4027777777778,25.348484848484855,24.435037878787877
2024-02-07,705.9286616161617,25.4375,24.6940340909091
2024-02-08,739.2348484848485,25.528535353535357,24.29000946969697
2024-02-09,585.5517676767677,25.43592171717172,24.310037878787877
2024-02-10,602.3800505050505,25.549494949494953,24.732717803030305
2024-02-11,572.5833333333334,25.555555555555554,24.660227272727273
2024-02-12,759.7001262626262,25.568371212121217,24.718087121212122
2024-02-13,744.7493686868687,25.337563131313136,24.44384469696969
2024-02-14,528.7714646464647,25.593181818181815,24.729166666666654
2024-02-15,381.376893939394,23.453156565656556,22.42921401515152
2024-02-16,792.5713383838383,23.240719696969695,22.146259469696965
2024-02-17,807.991792929293,23.329987373737367,22.87660984848485
2024-02-18,826.2771464646465,23.658522727272736,22.77026515151516
2024-02-19,681.7878787878789,24.275946969696964,23.61813446969696
2024-02-20,780.9772727272726,25.132007575757573,24.234469696969697
2024-02-21,659.3718434343434,25.147853535353534,24.27845643939394
2024-02-22,726.6010101010102,25.046780303030303,24.17684659090909
2024-02-23,718.4823232323233,25.38030303030303,24.11785037878788
2024-02-24,449.68560606060606,24.517487373737367,23.604024621212112
2024-02-25,751.1319444444443,24.848737373737375,23.254498106060613
2024-02-26,656.4842171717172,24.69646464646466,23.628219696969698
2024-02-27,751.1578282828283,24.935037878787877,23.50743371212121
2024-02-28,688.8977272727274,24.718560606060596,23.671022727272728
2024-02-29,865.6881313131313,25.25195707070706,24.089441287878785
2024-03-01,855.215909090909,25.06856060606061,23.9985321969697
2024-03-02,825.4267676767677,25.037752525252515,23.758522727272727
2024-03-03,794.25,25.197853535353534,23.92670454545454
2024-03-04,639.3169191919192,25.36755050505049,24.096259469696964
2024-03-05,731.8156565656565,24.63535353535355,23.393892045454542
2024-03-06,639.3693181818181,24.20795454545454,23.221969696969694
2024-03-07,820.814393939394,24.580997474747477,23.42348484848485
2024-03-08,717.2146464646465,24.57746212121212,23.704782196969703
2024-03-09,747.7834595959595,24.940025252525245,23.515719696969697
2024-03-10,509.50378787878793,24.369507575757577,23.734043560606064
2024-03-11,581.3194444444445,24.166540404040408,23.785842803030302
2024-03-12,816.1464646464647,25.55618686868686,24.659043560606065
2024-03-13,503.24116161616166,25.063573232323236,24.02315340909091
2024-03-14,368.8996212121212,24.373169191919178,22.481865530303033
2024-03-15,693.0183080808082,23.622790404040405,22.285179924242428
2024-03-16,804.989898989899,23.9842803030303,22.808806818181807
2024-03-17,859.1275252525253,24.37190656565656,22.919318181818188
2024-03-18,846.3585858585858,24.72941919191919,23.421780303030303
2024-03-19,798.7323232323233,24.392045454545467,23.193750000000012
2024-03-20,796.6186868686868,24.461616161616163,23.07017045454546
2024-03-21,931.0599747474748,24.279166666666658,23.258380681818178
2024-03-22,924.491792929293,24.91875,23.703267045454545
2024-03-23,808.6401515151515,25.487184343434347,23.99176136363636
2024-03-24,798.1767676767677,25.644507575757583,24.485464015151507
2024-03-25,754.0441919191918,25.78983585858586,24.617992424242424
2024-03-26,790.1414141414142,25.92809343434344,24.303219696969695
2024-03-27,680.8162878787879,25.601893939393943,24.491003787878785
2024-03-28,843.1142676767677,25.54627525252525,24.365435606060615
2024-03-29,852.2342171717172,25.43775252525251,24.199053030303027
2024-03-30,731.8863636363636,25.381376262626265,24.14280303030303
2024-03-31,954.2544191919192,25.36344696969697,24.272964015151523
2024-04-01,725.5902777777778,25.63428030303031,24.36789772727273
2024-04-02,855.8737373737373,25.2427398989899,24.36145833333334
2024-04-03,859.7897727272729,25.654292929292932,24.28214962121212
2024-04-04,796.215909090909,25.365340909090904,24.099715909090904
2024-04-05,626.739898989899,24.871527777777775,23.511032196969694
2024-04-06,760.8181818181819,24.69867424242426,23.291998106060607
2024-04-07,625.9873737373737,24.756502525252532,23.973248106060606
2024-04-08,940.2967171717172,25.527588383838392,24.208522727272726
2024-04-09,892.5277777777778,25.41458333333333,24.352414772727276
2024-04-10,906.4375,25.957133838383836,25.271070075757578
2024-04-11,396.33143939393943,25.5814393939394,24.97088068181818
2024-04-12,474.2430555555556,25.7136994949495,25.13314393939394
2024-04-13,855.5637626262627,26.2352904040404,25.50572916666667
2024-04-14,359.06060606060606,25.524242424242416,23.936316287878793
2024-04-15,859.3882575757575,25.608333333333334,24.6796875
2024-04-16,830.6502525252525,24.92026515151515,24.136174242424246
2024-04-17,825.6799242424244,25.048737373737378,23.78120265151515
2024-04-18,755.6325757575756,25.28339646464646,23.922774621212124
2024-04-19,605.0972222222222,25.292108585858585,24.09015151515151
2024-04-20,863.824494949495,25.398358585858592,24.22064393939394
2024-04-21,725.6123737373737,25.31559343434343,24.195075757575754
2024-04-22,993.4122474747475,25.69400252525254,24.37163825757575
2024-04-23,972.8251262626263,25.689898989898992,24.501751893939392
2024-04-24,681.0189393939394,25.54185606060606,24.433712121212125
2024-04-25,810.616792929293,25.607070707070704,24.552793560606055
2024-04-26,719.7651515151515,25.95435606060605,24.508428030303026
2024-04-27,647.167297979798,25.61029040404041,24.57769886363637
2024-04-28,921.4463383838383,26.50239898989899,25.311174242424237
2024-04-29,853.9551767676767,26.550505050505052,25.12168560606061
2024-04-30,799.3573232323233,26.5364898989899,25.650804924242422
2024-05-01,919.2790404040403,26.768813131313138,25.25189393939394
2024-05-02,774.0776515151515,26.084154040404044,24.802509469696968
2024-05-03,755.2689393939394,26.081628787878785,24.70999053030303
2024-05-04,776.1559343434343,25.4758207070707,24.756581439393944
2024-05-05,929.1660353535353,25.553219696969695,24.592518939393933
2024-05-06,793.7165404040403,25.381881313131316,24.3065340909091
2024-05-07,893.953914141414,25.79892676767677,24.518323863636365
2024-05-08,817.715909090909,25.999558080808082,24.44744318181818
2024-05-09,707.0864898989898,25.92348484848485,24.660511363636363
2024-05-10,639.4046717171717,25.854482323232318,24.606534090909086
2024-05-11,835.9911616161617,25.726704545454538,24.152414772727266
2024-05-12,732.900883838384,26.39255050505051,25.596117424242426
2024-05-13,730.3497474747475,26.360858585858594,25.56126893939394
2024-05-14,644.9236111111112,26.39210858585859,25.53219696969697
2024-05-15,684.9753787878789,26.681250000000002,25.55677083333333
2024-05-16,372.75126262626264,25.922916666666662,25.060369318181827
2024-05-17,738.5839646464647,26.78017676767678,26.15871212121213
2024-05-18,317.18055555555554,25.751704545454547,25.57230113636364
2024-05-19,419.2108585858586,26.287121212121207,25.706486742424243
2024-05-20,884.7070707070707,26.725063131313135,25.619791666666664
2024-05-21,977.147095959596,26.899999999999995,25.62831439393939
2024-05-22,861.1212121212121,27.152777777777782,25.819081439393944
2024-05-23,751.8636363636364,26.976767676767665,25.45980113636364
2024-05-24,980.758207070707,26.518497474747477,25.335464015151516
2024-05-25,839.3535353535353,26.722601010101005,25.610369318181817
2024-05-26,900.1647727272726,26.624242424242425,25.734753787878788
2024-05-27,879.9141414141413,26.446275252525254,25.321117424242427
2024-05-28,857.2575757575756,26.842297979797973,25.658712121212123
2024-05-29,737.7430555555557,26.660353535353547,25.6000946969697
2024-05-30,952.7373737373737,26.559722222222216,25.110464015151514
2024-05-31,768.6912878787879,26.331818181818182,25.17310606060606
2024-06-01,961.7550505050505,26.278851010101008,24.92102272727273
2024-06-02,899.0366161616162,26.3633207070707,25.31482007575758
2024-06-03,808.9147727272726,26.635858585858596,25.538399621212115
2024-06-04,771.7897727272726,27.1772095959596,25.664251893939397
2024-06-05,848.1963383838383,27.335669191919195,26.138352272727275
2024-06-06,931.2342171717172,27.52234848484849,26.302462121212116
2024-06-07,924.2657828282828,27.648484848484852,26.233143939393933
2024-06-08,935.9116161616162,27.744191919191916,26.232623106060608
2024-06-09,892.1477272727274,27.370833333333337,26.0981534090909
2024-06-10,952.9412878787879,27.227398989898987,25.94753787878788
2024-06-11,960.6319444444445,27.20713383838383,25.94947916666667
2024-06-12,815.4766414141413,27.25505050505049,25.92618371212121
2024-06-13,926.780303030303,27.178093434343424,26.060369318181813
2024-06-14,822.6837121212121,27.246401515151515,26.05520833333333
2024-06-15,953.8131313131313,27.24046717171717,26.049053030303032
2024-06-16,885.3017676767677,27.12323232323232,25.844602272727276
2024-06-17,845.0599747474747,26.850000000000005,25.804971590909087
2024-06-18,731.614898989899,26.90138888888889,25.94630681818182
2024-06-19,829.2550505050505,27.42645202020203,25.964583333333337
2024-06-20,919.9438131313132,27.125568181818192,25.812689393939397
2024-06-21,824.8592171717172,27.419444444444434,26.04299242424242
2024-06-22,858.2525252525253,27.138699494949492,25.757102272727273
2024-06-23,931.0625,27.28270202020202,26.037878787878785
2024-06-24,900.308712121212,27.137373737373746,25.786032196969696
2024-06-25,802.1900252525253,27.349179292929293,25.81586174242424
2024-06-26,924.6578282828283,27.736616161616165,26.232196969696975
2024-06-27,957.3112373737373,27.270075757575757,26.063920454545453
2024-06-28,939.2897727272726,27.042361111111116,25.531912878787875
2024-06-29,857.9065656565657,27.868244949494947,26.512452651515147
2024-06-30,951.8674242424244,28.05448232323232,26.421732954545455
2024-07-01,937.0069444444443,27.654482323232315,26.326183712121214
2024-07-02,681.2354797979798,27.130113636363635,26.327130681818186
2024-07-03,892.2632575757576,27.710921717171725,26.466429924242426
2024-07-04,843.2108585858587,27.724368686868686,26.481818181818184
2024-07-05,958.3895202020202,27.433207070707073,26.20961174242424
2024-07-06,874.9109848484849,27.76085858585859,26.344839015151518
2024-07-07,916.006313131313,27.57045454545455,26.39000946969697
2024-07-08,735.0088383838383,27.56016414141413,26.214820075757565
2024-07-09,985.8983585858587,27.999368686868696,26.378503787878802
2024-07-10,706.6982323232323,27.70656565656564,26.327130681818186
2024-07-11,573.6912878787879,27.610164141414142,26.335464015151512
2024-07-12,846.1515151515151,27.862626262626254,26.50696022727272
2024-07-13,697.636994949495,27.783080808080808,26.846875
2024-07-14,763.1464646464647,27.927020202020213,26.37376893939394
2024-07-15,771.508207070707,27.481691919191928,26.52916666666666
2024-07-16,897.371212121212,27.71515151515152,26.401609848484853
2024-07-17,965.9602272727274,27.587941919191916,26.174668560606058
2024-07-18,991.5959595959597,27.831313131313134,26.402462121212125
2024-07-19,829.280303030303,27.985606060606063,26.432291666666668
2024-07-20,889.8169191919192,28.19766414141415,27.102840909090915
2024-07-21,868.709595959596,28.183901515151508,26.89450757575758
2024-07-22,986.863005050505,28.095517676767667,26.481581439393942
2024-07-23,874.528409090909,28.14779040404041,26.59559659090909
2024-07-24,797.6262626262627,28.0060606060606,26.85871212121213
2024-07-25,679.08648989899,27.482954545454536,26.48167613636363
2024-07-26,748.844696969697,27.245328282828293,26.18754734848484
2024-07-27,731.6376262626263,27.209027777777777,26.203693181818174
2024-07-28,804.3882575757576,27.53213383838384,26.50511363636364
2024-07-29,930.8484848484849,28.058143939393943,26.744791666666664
2024-07-30,631.4116161616162,27.28491161616162,26.31368371212121
2024-07-31,882.3743686868687,27.672537878787878,26.515861742424242
2024-08-01,956.006313131313,28.00157828282829,26.61818181818182
2024-08-02,745.195707070707,28.04791666666667,26.769412878787875
2024-08-03,830.4545454545455,27.87474747474748,26.69133522727272
2024-08-04,921.8958333333334,28.159532828282835,27.02774621212121
2024-08-05,858.5271464646463,28.302651515151513,26.973390151515154
2024-08-06,1004.3478535353535,28.320643939393943,27.105160984848478
2024-08-07,992.8314393939394,28.3699494949495,26.916903409090914
2024-08-08,916.0902777777777,28.26420454545455,26.861221590909093
2024-08-09,963.3920454545454,27.985732323232323,26.67992424242424
2024-08-10,862.215909090909,28.41698232323233,27.073910984848485
2024-08-11,813.6704545454546,28.474116161616163,27.07272727272727
2024-08-12,771.7537878787879,28.325505050505047,27.060511363636365
2024-08-13,918.3585858585858,28.449621212121215,26.993229166666666
2024-08-14,961.195707070707,28.165025252525243,26.939488636363645
2024-08-15,973.5056818181819,28.476262626262628,27.21647727272728
2024-08-16,959.9210858585858,28.721401515151516,27.2141571969697
2024-08-17,916.3402777777778,28.567803030303022,27.03664772727273
2024-08-18,897.9652777777777,28.36085858585859,27.144744318181818
2024-08-19,653.743686868687,28.417739898989907,26.890861742424242
2024-08-20,788.534090909091,28.55744949494949,27.27874053030303
2024-08-21,839.5498737373737,28.79993686868687,27.425284090909088
2024-08-22,736.0227272727274,28.293686868686866,27.147916666666667
2024-08-23,642.498106060606,28.305997474747475,27.083475378787874
2024-08-24,728.572601010101,28.271843434343438,27.08972537878787
2024-08-25,330.7146464646464,27.66003787878788,26.25203598484849
2024-08-26,397.3276515151515,27.725063131313135,26.791998106060618
2024-08-27,906.943813131313,28.221085858585862,26.93655303030303
2024-08-28,657.2866161616162,28.007828282828275,27.129924242424245
2024-08-29,708.6540404040403,28.29589646464647,27.094460227272723
2024-08-30,695.8787878787879,28.069444444444446,27.446969696969695
2024-08-31,919.455808080808,28.72683080808081,27.978125000000006
2024-09-01,813.9280303030304,29.206818181818182,27.64876893939394
2024-09-02,816.0372474747475,28.91584595959597,27.476278409090913
2024-09-03,944.1079545454545,28.61521464646464,27.131155303030305
2024-09-04,907.9261363636364,28.28276515151515,27.136600378787875
2024-09-05,942.429292929293,28.896969696969702,27.409753787878785
2024-09-06,926.201388888889,29.000757575757564,27.37220643939394
2024-09-07,811.439393939394,28.357007575757578,26.971164772727285
2024-09-08,833.8945707070707,28.387941919191917,27.18811553030303
2024-09-09,868.2670454545455,28.381060606060604,27.391051136363632
2024-09-10,828.0776515151515,28.676136363636363,27.597301136363633
2024-09-11,942.1016414141413,29.01622474747474,27.992660984848484
2024-09-12,950.9482323232323,29.138005050505047,27.83153409090909
2024-09-13,847.7140151515151,28.93832070707072,27.43323863636364
2024-09-14,934.6685606060606,28.636742424242424,27.16344696969696
2024-09-15,885.0044191919192,28.580492424242422,27.58925189393939
2024-09-16,785.9349747474747,28.728598484848476,27.524763257575756
2024-09-17,806.9627525252525,28.83093434343435,27.380208333333332
2024-09-18,895.935606060606,28.880492424242423,27.631865530303035
2024-09-19,868.770202020202,28.652020202020193,27.209043560606055
2024-09-20,743.3996212121211,28.54835858585858,27.08797348484848
2024-09-21,797.8623737373737,28.043055555555544,27.025804924242426
2024-09-22,881.409090909091,28.432133838383837,27.060748106060604
2024-09-23,869.7986111111112,28.737878787878795,27.27130681818182
2024-09-24,803.1186868686868,28.640214646464656,27.460321969696974
2024-09-25,846.5113636363636,28.208648989898986,27.04583333333333
2024-09-26,736.4469696969696,28.284090909090907,27.097727272727262
2024-09-27,626.0189393939394,28.323169191919188,27.36032196969697
2024-09-28,844.238005050505,28.55151515151515,27.357054924242423
2024-09-29,703.5328282828283,28.587436868686865,27.12793560606061
2024-09-30,638.147095959596,28.467361111111114,27.354356060606065
2024-10-01,845.1117424242424,28.748674242424247,27.281202651515144
2024-10-02,811.9930555555555,28.862563131313134,27.227367424242424
2024-10-03,796.8611111111112,28.621969696969696,27.2136837121212
2024-10-04,717.457702020202,28.18200757575757,26.867045454545465
2024-10-05,793.8200757575756,28.51193181818181,27.020359848484848
2024-10-06,657.417297979798,28.581376262626268,27.39701704545455
2024-10-07,873.0391414141413,28.684343434343436,27.46529356060606
2024-10-08,856.7266414141415,28.045265151515157,26.85288825757576
2024-10-09,788.6458333333334,28.16704545454545,27.166856060606065
2024-10-10,812.8068181818181,28.525631313131317,27.413068181818183
2024-10-11,784.0694444444443,28.737436868686874,27.566003787878785
2024-10-12,713.4046717171717,28.035479797979793,27.20089962121212
2024-10-13,673.9526515151515,28.396780303030308,27.07083333333333
2024-10-14,694.1439393939394,28.656502525252524,27.47689393939394
2024-10-15,789.6407828282828,28.6852904040404,27.17130681818182
2024-10-16,822.9684343434343,28.194696969696974,27.045123106060593
2024-10-17,705.885101010101,28.53983585858586,27.389962121212122
2024-10-18,749.9684343434343,28.81982323232323,27.601988636363632
2024-10-19,779.0233585858587,28.52121212121213,27.046212121212122
2024-10-20,853.9943181818181,28.210037878787887,26.99474431818182
2024-10-21,823.330808080808,28.279356060606062,26.8919034090909
2024-10-22,764.048611111111,28.1511994949495,26.73442234848485
2024-10-23,730.2247474747475,28.14804292929293,27.32992424242424
2024-10-24,766.3510101010102,28.58162878787878,26.911221590909093
2024-10-25,700.6508838383838,28.184154040404042,27.216903409090907
2024-10-26,447.57323232323233,27.634343434343435,26.546448863636364
2024-10-27,582.7253787878789,27.37758838383839,26.58451704545453
2024-10-28,521.6281565656565,27.95025252525251,27.00061553030303
2024-10-29,556.4185606060606,27.356439393939393,26.401609848484853
2024-10-30,695.979797979798,27.355997474747472,26.544081439393928
2024-10-31,624.0290404040404,27.53030303030302,26.54749053030303
2024-11-01,751.2443181818181,27.6054292929293,26.447443181818187
2024-11-02,688.0460858585858,27.708333333333332,26.79559659090909
2024-11-03,767.366792929293,27.99962121212121,26.582575757575754
2024-11-04,654.9816919191919,27.597664141414146,26.914251893939397
2024-11-05,478.04608585858585,27.564330808080808,26.91865530303031
2024-11-06,626.4728535353535,27.331060606060618,26.16420454545455
2024-11-07,500.0252525252525,26.752462121212123,25.9219696969697
2024-11-08,570.383207070707,26.92285353535354,26.215104166666674
2024-11-09,631.2190656565657,27.45296717171718,26.35303030303032
2024-11-10,572.9078282828283,27.437752525252524,26.55142045454545
2024-11-11,653.8882575757576,27.72670454545454,26.507954545454545
2024-11-12,618.2563131313132,27.73030303030302,26.38096590909091
2024-11-13,589.9078282828283,27.210542929292927,26.140861742424246
2024-11-14,514.6875,27.29785353535355,26.125520833333344
2024-11-15,732.8636363636364,27.17960858585859,26.310037878787885
2024-11-16,634.727904040404,27.541351010101,26.05743371212121
2024-11-17,649.0896464646465,26.934848484848487,25.762263257575754
2024-11-18,721.895202020202,27.44280303030304,26.133806818181817
2024-11-19,666.9337121212121,27.143308080808083,25.984990530303016
2024-11-20,742.8251262626263,26.715656565656563,25.63025568181818
2024-11-21,773.7443181818181,26.750126262626257,25.1936553030303
2024-11-22,622.020202020202,26.12979797979798,25.079261363636363
2024-11-23,672.758207070707,25.624558080808082,24.9014678030303
2024-11-24,748.6742424242424,26.05871212121212,25.220265151515157
2024-11-25,690.4684343434343,26.605808080808075,25.381960227272724
2024-11-26,705.6982323232323,26.214015151515156,25.424384469696967
2024-11-27,660.9640151515151,26.24381313131313,25.23196022727273
2024-11-28,688.1527777777778,26.170328282828283,25.08248106060606
2024-11-29,579.459595959596,26.447790404040408,25.258333333333347
2024-11-30,717.5580808080808,26.379166666666674,25.365909090909092
2024-12-01,687.64898989899,26.429166666666664,25.790625000000002
2024-12-02,674.5088383838383,26.71332070707071,25.830681818181823
2024-12-03,673.0391414141413,26.982007575757574,26.135369318181816
2024-12-04,626.3377525252525,27.010669191919188,25.889299242424233
2024-12-05,662.6748737373738,27.194065656565655,25.969554924242424
2024-12-06,326.4223484848485,25.828598484848488,25.41548295454547
2024-12-07,680.8421717171717,26.796969696969693,25.856534090909093
2024-12-08,669.0290404040403,26.78623737373738,25.74659090909091
2024-12-09,711.0549242424241,27.014835858585865,25.83470643939394
2024-12-10,595.3125,26.783522727272754,25.693797348484853
2024-12-11,696.3693181818181,26.677272727272726,25.653551136363642
2024-12-12,666.9412878787879,26.98333333333332,25.78238636363637
2024-12-13,594.6647727272727,26.89842171717171,25.820975378787885
2024-12-14,692.2045454545455,26.71818181818182,25.584090909090904
2024-12-15,561.5214646464647,26.796022727272728,25.766761363636366
2024-12-16,698.3579545454545,26.64861111111112,25.593844696969693
2024-12-17,568.5315656565657,26.714898989898984,26.058143939393936
2024-12-18,593.6123737373738,26.918371212121205,26.18655303030303
2024-12-19,702.231691919192,27.074305555555554,25.834706439393937
2024-12-20,645.5334595959597,26.454103535353536,25.886363636363637
2024-12-21,707.0189393939394,26.951957070707067,25.777178030303027
2024-12-22,708.635101010101,26.883901515151507,25.509280303030295
2024-12-23,679.0536616161617,27.100757575757573,25.89232954545454
2024-12-24,651.1142676767677,27.1770202020202,25.976373106060606
2024-12-25,659.9640151515151,26.924242424242426,26.181344696969695
2024-12-26,609.5972222222222,27.058964646464645,26.197064393939392
2024-12-27,526.6382575757576,27.013699494949492,25.669412878787888
2024-12-28,376.1515151515152,26.32638888888887,25.191714015151504
2024-12-29,616.6534090909091,26.171780303030303,25.368797348484854
2024-12-30,655.2588383838385,26.456944444444446,25.574526515151508
2024-12-31,640.135101010101,26.7207702020202,
