year,quarter,hour,load_anom,load_mw,pv_mw_cum,batt_mwh_cum,n
2006,1,0,-3.2444630723065995,672.3110710687155,0.026302554855109142,0.002478077884303484,90
2006,1,1,-37.12207051354184,638.4334636274803,0.026302554855109142,0.002478077884303484,90
2006,1,2,-53.84454128179864,621.7109928592236,0.026302554855109142,0.002478077884303484,90
2006,1,3,-48.23327548341453,627.3222586576076,0.026302554855109142,0.002478077884303484,90
2006,1,4,0.0,675.5555341410221,0.026302554855109142,0.002478077884303484,90
2006,1,5,102.05560190483453,777.6111360458567,0.026302554855109142,0.002478077884303484,90
2006,1,6,202.044448685471,877.599982826493,0.026302554855109142,0.002478077884303484,90
2006,1,7,247.13333499958304,922.6888691406052,0.026302554855109142,0.002478077884303484,90
2006,1,8,311.8667576312878,987.4222917723099,0.026302554855109142,0.002478077884303484,90
2006,1,9,351.8731361807556,1027.4286703217779,0.026302554855109142,0.002478077884303484,90
2006,1,10,368.1000141760409,1043.655548317063,0.026302554855109142,0.002478077884303484,90
2006,1,11,373.4000480366798,1048.955582177702,0.026302554855109142,0.002478077884303484,90
2006,1,12,372.54446590653225,1048.1000000475544,0.026302554855109142,0.002478077884303484,90
2006,1,13,366.0555598349981,1041.6110939760204,0.026302554855109142,0.002478077884303484,90
2006,1,14,360.592308148798,1036.1478422898201,0.026302554855109142,0.002478077884303484,90
2006,1,15,361.88890948269807,1037.4444436237202,0.026302554855109142,0.002478077884303484,90
2006,1,16,363.84446326793227,1039.3999974089543,0.026302554855109142,0.002478077884303484,90
2006,1,17,384.37779291331884,1059.933327054341,0.026302554855109142,0.002478077884303484,90
2006,1,18,434.9111418859819,1110.466676027004,0.026302554855109142,0.002478077884303484,90
2006,1,19,391.37779603615775,1066.9333301771799,0.026302554855109142,0.002478077884303484,90
2006,1,20,333.42225562215975,1008.9777897631819,0.026302554855109142,0.002478077884303484,90
2006,1,21,253.4666757203328,929.0222098613549,0.026302554855109142,0.002478077884303484,90
2006,1,22,149.5000130568855,825.0555471979077,0.026302554855109142,0.002478077884303484,90
2006,1,23,53.20003095097344,728.7555650919955,0.026302554855109142,0.002478077884303484,90
2006,2,0,4.78727206143844,698.6816600622311,0.038693744199237524,0.0036455056282261246,91
2006,2,1,-29.96137724586197,663.9330107549307,0.038693744199237524,0.0036455056282261246,91
2006,2,2,-47.12034685116232,646.7740411496303,0.038693744199237524,0.0036455056282261246,91
2006,2,3,-42.94131073924245,650.9530772615502,0.038693744199237524,0.0036455056282261246,91
2006,2,4,0.0,693.8943880007927,0.038693744199237524,0.0036455056282261246,91
2006,2,5,95.52883574850081,789.4232237492935,0.038693744199237524,0.0036455056282261246,91
2006,2,6,191.68811566963524,885.5825036704279,0.038693744199237524,0.0036455056282261246,91
2006,2,7,265.8375153023045,959.7319033030972,0.038693744199237524,0.0036455056282261246,91
2006,2,8,331.99346277305744,1025.88785077385,0.038693744199237524,0.0036455056282261246,91
2006,2,9,368.7621911906102,1062.656579191403,0.038693744199237524,0.0036455056282261246,91
2006,2,10,385.6642272438741,1079.5586152446667,0.038693744199237524,0.0036455056282261246,91
2006,2,11,390.27418273210156,1084.1685707328943,0.038693744199237524,0.0036455056282261246,91
2006,2,12,393.55733196709997,1087.4517199678926,0.038693744199237524,0.0036455056282261246,91
2006,2,13,391.8418817249486,1085.7362697257413,0.038693744199237524,0.0036455056282261246,91
2006,2,14,387.7979382798029,1081.6923262805956,0.038693744199237524,0.0036455056282261246,91
2006,2,15,386.841834696149,1080.7362226969417,0.038693744199237524,0.0036455056282261246,91
2006,2,16,379.3254167746673,1073.21980477546,0.038693744199237524,0.0036455056282261246,91
2006,2,17,373.98472380679027,1067.8791118075828,0.038693744199237524,0.0036455056282261246,91
2006,2,18,380.6990237756322,1074.5934117764248,0.038693744199237524,0.0036455056282261246,91
2006,2,19,397.0067067855857,1090.9010947863785,0.038693744199237524,0.0036455056282261246,91
2006,2,20,345.05935353373474,1038.9537415345274,0.038693744199237524,0.0036455056282261246,91
2006,2,21,264.10483934103706,957.9992273418297,0.038693744199237524,0.0036455056282261246,91
2006,2,22,160.53689834341608,854.4312863442087,0.038693744199237524,0.0036455056282261246,91
2006,2,23,65.44687177402578,759.3412597748185,0.038693744199237524,0.0036455056282261246,91
2006,3,0,11.630399942700423,760.7826262169696,0.06979101654527169,0.006303951539863351,92
2006,3,1,-25.782665683345414,723.3695605909237,0.06979101654527169,0.006303951539863351,92
2006,3,2,-44.78269304516223,704.3695332291068,0.06979101654527169,0.006303951539863351,92
2006,3,3,-42.423970818903065,706.7282554553659,0.06979101654527169,0.006303951539863351,92
2006,3,4,0.0,749.1522262742691,0.06979101654527169,0.006303951539863351,92
2006,3,5,94.56513688810564,843.7173631623748,0.06979101654527169,0.006303951539863351,92
2006,3,6,187.01082080044378,936.1630470747128,0.06979101654527169,0.006303951539863351,92
2006,3,7,265.7064833508525,1014.8587096251216,0.06979101654527169,0.006303951539863351,92
2006,3,8,340.6086240421176,1089.7608503163867,0.06979101654527169,0.006303951539863351,92
2006,3,9,385.3151517529699,1134.467378027239,0.06979101654527169,0.006303951539863351,92
2006,3,10,407.5434567131743,1156.6956829874432,0.06979101654527169,0.006303951539863351,92
2006,3,11,417.60864432495185,1166.7608705992209,0.06979101654527169,0.006303951539863351,92
2006,3,12,423.90212039226657,1173.0543466665356,0.06979101654527169,0.006303951539863351,92
2006,3,13,424.0433842281353,1173.1956105024044,0.06979101654527169,0.006303951539863351,92
2006,3,14,423.99715868151037,1173.1493849557794,0.06979101654527169,0.006303951539863351,92
2006,3,15,421.1738442257909,1170.3260705000598,0.06979101654527169,0.006303951539863351,92
2006,3,16,408.3369008486047,1157.4891271228737,0.06979101654527169,0.006303951539863351,92
2006,3,17,393.7282108975063,1142.8804371717754,0.06979101654527169,0.006303951539863351,92
2006,3,18,402.8260321378977,1151.978258412167,0.06979101654527169,0.006303951539863351,92
2006,3,19,411.04343370630414,1160.195659980573,0.06979101654527169,0.006303951539863351,92
2006,3,20,357.89124387403234,1107.0434701483014,0.06979101654527169,0.006303951539863351,92
2006,3,21,275.7716950749725,1024.9239213492415,0.06979101654527169,0.006303951539863351,92
2006,3,22,170.89124285933303,920.0434691336021,0.06979101654527169,0.006303951539863351,92
2006,3,23,72.4238626039895,821.5760888782586,0.06979101654527169,0.006303951539863351,92
2006,4,0,7.554374415592025,732.3043582029175,0.15432569404734445,0.011284225403214769,92
2006,4,1,-28.195638018380233,696.5543457689452,0.15432569404734445,0.011284225403214769,92
2006,4,2,-46.08697224117365,678.6630115461518,0.15432569404734445,0.011284225403214769,92
2006,4,3,-43.03256193654604,681.7174218507794,0.15432569404734445,0.011284225403214769,92
2006,4,4,0.0,724.7499837873255,0.15432569404734445,0.011284225403214769,92
2006,4,5,99.09784006157578,823.8478238489013,0.15432569404734445,0.011284225403214769,92
2006,4,6,189.69567684654947,914.4456606338749,0.15432569404734445,0.011284225403214769,92
2006,4,7,255.15889019962643,979.9088739869519,0.15432569404734445,0.011284225403214769,92
2006,4,8,327.9325297975774,1052.6825135849028,0.15432569404734445,0.011284225403214769,92
2006,4,9,371.96906198401115,1096.7190457713366,0.15432569404734445,0.011284225403214769,92
2006,4,10,392.94574977944205,1117.6957335667676,0.15432569404734445,0.011284225403214769,92
2006,4,11,400.92105053941765,1125.671034326743,0.15432569404734445,0.011284225403214769,92
2006,4,12,405.22499783106326,1129.9749816183887,0.15432569404734445,0.011284225403214769,92
2006,4,13,403.46123771226144,1128.2112214995868,0.15432569404734445,0.011284225403214769,92
2006,4,14,400.15419805443076,1124.904181841756,0.15432569404734445,0.011284225403214769,92
2006,4,15,396.093729853739,1120.8437136410644,0.15432569404734445,0.011284225403214769,92
2006,4,16,387.54409083903056,1112.294074626356,0.15432569404734445,0.011284225403214769,92
2006,4,17,420.67143755638483,1145.4214213437103,0.15432569404734445,0.011284225403214769,92
2006,4,18,446.46513419800635,1171.215117985332,0.15432569404734445,0.011284225403214769,92
2006,4,19,391.81522738555674,1116.565211172882,0.15432569404734445,0.011284225403214769,92
2006,4,20,337.4456754449573,1062.1956592322827,0.15432569404734445,0.011284225403214769,92
2006,4,21,260.6521801214163,985.4021639087417,0.15432569404734445,0.011284225403214769,92
2006,4,22,161.41308048221362,886.1630642695391,0.15432569404734445,0.011284225403214769,92
2006,4,23,66.68478903573367,791.434772823059,0.15432569404734445,0.011284225403214769,92
2007,1,0,1.771450159036547,679.4984451831217,0.27957106493581485,0.018803323193240035,90
2007,1,1,-32.12855253944202,645.598442484643,0.27957106493581485,0.018803323193240035,90
2007,1,2,-48.75777277390214,628.969222250183,0.27957106493581485,0.018803323193240035,90
2007,1,3,-44.33032349423464,633.3966715298504,0.27957106493581485,0.018803323193240035,90
2007,1,4,0.0,677.726995024085,0.27957106493581485,0.018803323193240035,90
2007,1,5,97.52200655546481,775.2490015795499,0.27957106493581485,0.018803323193240035,90
2007,1,6,195.633672236411,873.3606672604961,0.27957106493581485,0.018803323193240035,90
2007,1,7,245.46533847232467,923.1923334964097,0.27957106493581485,0.018803323193240035,90
2007,1,8,311.9002256730842,989.6272206971694,0.27957106493581485,0.018803323193240035,90
2007,1,9,352.74511783482444,1030.4721128589094,0.27957106493581485,0.018803323193240035,90
2007,1,10,370.64711421557087,1048.3741092396558,0.27957106493581485,0.018803323193240035,90
2007,1,11,376.23967696876673,1053.9666719928518,0.27957106493581485,0.018803323193240035,90
2007,1,12,378.2868821526467,1056.0138771767317,0.27957106493581485,0.018803323193240035,90
2007,1,13,374.0344648270561,1051.7614598511414,0.27957106493581485,0.018803323193240035,90
2007,1,14,369.96577286566566,1047.6927678897507,0.27957106493581485,0.018803323193240035,90
2007,1,15,369.15278461741616,1046.8797796415013,0.27957106493581485,0.018803323193240035,90
2007,1,16,365.54956115926444,1043.2765561833496,0.27957106493581485,0.018803323193240035,90
2007,1,17,379.55322779059895,1057.280222814684,0.27957106493581485,0.018803323193240035,90
2007,1,18,430.1003387881928,1107.8273338122779,0.27957106493581485,0.018803323193240035,90
2007,1,19,391.32033539018965,1069.0473304142747,0.27957106493581485,0.018803323193240035,90
2007,1,20,333.3735630685904,1011.1005580926753,0.27957106493581485,0.018803323193240035,90
2007,1,21,255.23744770050507,932.9644427245902,0.27957106493581485,0.018803323193240035,90
2007,1,22,151.49600312617414,829.2229981502593,0.27957106493581485,0.018803323193240035,90
2007,1,23,57.55189623377926,735.2788912578643,0.27957106493581485,0.018803323193240035,90
2007,2,0,5.816266098126931,705.6287942191296,0.32984914152085737,0.022652382370609025,91
2007,2,1,-29.2034124667417,670.609115654261,0.32984914152085737,0.022652382370609025,91
2007,2,2,-46.46065981539048,653.3518683056122,0.32984914152085737,0.022652382370609025,91
2007,2,3,-42.93186676502463,656.8806613559781,0.32984914152085737,0.022652382370609025,91
2007,2,4,0.0,699.8125281210027,0.32984914152085737,0.022652382370609025,91
2007,2,5,92.79923033443193,792.6117584554347,0.32984914152085737,0.022652382370609025,91
2007,2,6,191.86648175240936,891.679009873412,0.32984914152085737,0.022652382370609025,91
2007,2,7,265.55461520858546,965.3671433295882,0.32984914152085737,0.022652382370609025,91
2007,2,8,331.0662643059487,1030.8787924269513,0.32984914152085737,0.022652382370609025,91
2007,2,9,369.9097767671278,1069.7223048881306,0.32984914152085737,0.022652382370609025,91
2007,2,10,389.75406878551524,1089.566596906518,0.32984914152085737,0.022652382370609025,91
2007,2,11,395.94735877563437,1095.7598868966372,0.32984914152085737,0.022652382370609025,91
2007,2,12,401.03043916658737,1100.8429672875902,0.32984914152085737,0.022652382370609025,91
2007,2,13,400.00604694419286,1099.8185750651955,0.32984914152085737,0.022652382370609025,91
2007,2,14,399.87021655037415,1099.682744671377,0.32984914152085737,0.022652382370609025,91
2007,2,15,398.35373727055446,1098.166265391557,0.32984914152085737,0.022652382370609025,91
2007,2,16,388.46010703534415,1088.2726351563467,0.32984914152085737,0.022652382370609025,91
2007,2,17,377.95241787328877,1077.7649459942916,0.32984914152085737,0.022652382370609025,91
2007,2,18,383.38472262464126,1083.197250745644,0.32984914152085737,0.022652382370609025,91
2007,2,19,400.0851678049355,1099.8976959259383,0.32984914152085737,0.022652382370609025,91
2007,2,20,348.48570922427,1048.2982373452728,0.32984914152085737,0.022652382370609025,91
2007,2,21,267.48099260587003,967.2935207268728,0.32984914152085737,0.022652382370609025,91
2007,2,22,162.92186628455306,862.7343944055558,0.32984914152085737,0.022652382370609025,91
2007,2,23,65.3665916621253,765.179119783128,0.32984914152085737,0.022652382370609025,91
2007,3,0,11.25119684260631,755.866736952419,0.3630351819204108,0.02475936558134584,92
2007,3,1,-25.76455995303219,718.8509801567807,0.3630351819204108,0.02475936558134584,92
2007,3,2,-43.939558771458444,700.6759813383543,0.3630351819204108,0.02475936558134584,92
2007,3,3,-41.92836648694266,702.6871736228701,0.3630351819204108,0.02475936558134584,92
2007,3,4,0.0,744.6155401098127,0.3630351819204108,0.02475936558134584,92
2007,3,5,91.21098292433383,835.8265230341466,0.3630351819204108,0.02475936558134584,92
2007,3,6,182.7426116060864,927.3581517158991,0.3630351819204108,0.02475936558134584,92
2007,3,7,262.84674267609984,1007.4622827859126,0.3630351819204108,0.02475936558134584,92
2007,3,8,335.46152494802385,1080.0770650578365,0.3630351819204108,0.02475936558134584,92
2007,3,9,380.6203301615383,1125.235870271351,0.3630351819204108,0.02475936558134584,92
2007,3,10,404.264239708035,1148.8797798178477,0.3630351819204108,0.02475936558134584,92
2007,3,11,413.49011620921834,1158.105656319031,0.3630351819204108,0.02475936558134584,92
2007,3,12,419.9180450859721,1164.5335851957848,0.3630351819204108,0.02475936558134584,92
2007,3,13,420.5951108478967,1165.2106509577095,0.3630351819204108,0.02475936558134584,92
2007,3,14,421.39674196827525,1166.012282078088,0.3630351819204108,0.02475936558134584,92
2007,3,15,419.5606576407762,1164.176197750589,0.3630351819204108,0.02475936558134584,92
2007,3,16,408.33391555467983,1152.9494556644925,0.3630351819204108,0.02475936558134584,92
2007,3,17,392.7990259268517,1137.4145660366644,0.3630351819204108,0.02475936558134584,92
2007,3,18,399.2842419726175,1143.8997820824302,0.3630351819204108,0.02475936558134584,92
2007,3,19,407.3553289112175,1151.9708690210302,0.3630351819204108,0.02475936558134584,92
2007,3,20,354.8570709455197,1099.4726110553324,0.3630351819204108,0.02475936558134584,92
2007,3,21,274.038479260685,1018.6540193704977,0.3630351819204108,0.02475936558134584,92
2007,3,22,168.53815556338333,913.153695673196,0.3630351819204108,0.02475936558134584,92
2007,3,23,71.82978652066025,816.4453266304729,0.3630351819204108,0.02475936558134584,92
2007,4,0,3.8835030629783005,717.594474277382,0.7871821768702886,0.03186462391388692,92
2007,4,1,-31.096536651987147,682.6144345624165,0.7871821768702886,0.03186462391388692,92
2007,4,2,-48.559816038494496,665.1511551759093,0.7871821768702886,0.03186462391388692,92
2007,4,3,-45.43238091164638,668.2785903027573,0.7871821768702886,0.03186462391388692,92
2007,4,4,0.0,713.7109712144038,0.7871821768702886,0.03186462391388692,92
2007,4,5,95.88736250188967,809.5983337162934,0.7871821768702886,0.03186462391388692,92
2007,4,6,187.78117328402683,901.4921444984305,0.7871821768702886,0.03186462391388692,92
2007,4,7,252.79663426310236,966.5076054775061,0.7871821768702886,0.03186462391388692,92
2007,4,8,322.34990378246226,1036.060874996866,0.7871821768702886,0.03186462391388692,92
2007,4,9,364.05956810033786,1077.7705393147414,0.7871821768702886,0.03186462391388692,92
2007,4,10,382.992400996218,1096.7033722106216,0.7871821768702886,0.03186462391388692,92
2007,4,11,390.7953286762936,1104.5062998906974,0.7871821768702886,0.03186462391388692,92
2007,4,12,394.45273194600327,1108.163703160407,0.7871821768702886,0.03186462391388692,92
2007,4,13,391.9916273969124,1105.702598611316,0.7871821768702886,0.03186462391388692,92
2007,4,14,389.4042551779536,1103.1152263923573,0.7871821768702886,0.03186462391388692,92
2007,4,15,386.2256537546732,1099.936624969077,0.7871821768702886,0.03186462391388692,92
2007,4,16,381.0292491024205,1094.7402203168242,0.7871821768702886,0.03186462391388692,92
2007,4,17,412.82620043134904,1126.5371716457528,0.7871821768702886,0.03186462391388692,92
2007,4,18,436.87453122176373,1150.5855024361674,0.7871821768702886,0.03186462391388692,92
2007,4,19,386.0946943113284,1099.8056655257321,0.7871821768702886,0.03186462391388692,92
2007,4,20,330.47773174016555,1044.1887029545692,0.7871821768702886,0.03186462391388692,92
2007,4,21,255.33491287092366,969.0458840853273,0.7871821768702886,0.03186462391388692,92
2007,4,22,155.98979040994854,869.7007616243521,0.7871821768702886,0.03186462391388692,92
2007,4,23,62.455188247666584,776.1661594620703,0.7871821768702886,0.03186462391388692,92
2008,1,0,-2.8789837094221404,667.3047832419808,1.14843937407645,0.043361520531516644,91
2008,1,1,-35.75522123243161,634.4285457189713,1.14843937407645,0.043361520531516644,91
2008,1,2,-52.32727441537028,617.8564925360326,1.14843937407645,0.043361520531516644,91
2008,1,3,-46.5809923663194,623.6027745850836,1.14843937407645,0.043361520531516644,91
2008,1,4,0.0,670.1837669514031,1.14843937407645,0.043361520531516644,91
2008,1,5,93.83030366515412,764.0140706165571,1.14843937407645,0.043361520531516644,91
2008,1,6,186.9603075249535,857.1440744763565,1.14843937407645,0.043361520531516644,91
2008,1,7,238.23878005186359,908.4225470032666,1.14843937407645,0.043361520531516644,91
2008,1,8,306.1402154773809,976.3239824287838,1.14843937407645,0.043361520531516644,91
2008,1,9,347.23809032926664,1017.4218572806697,1.14843937407645,0.043361520531516644,91
2008,1,10,365.1832964733584,1035.3670634247615,1.14843937407645,0.043361520531516644,91
2008,1,11,371.8978354193982,1042.0816023708012,1.14843937407645,0.043361520531516644,91
2008,1,12,374.2995186133093,1044.4832855647123,1.14843937407645,0.043361520531516644,91
2008,1,13,370.33024295164876,1040.5140099030516,1.14843937407645,0.043361520531516644,91
2008,1,14,367.16954266239804,1037.353309613801,1.14843937407645,0.043361520531516644,91
2008,1,15,366.0068064942735,1036.1905734456766,1.14843937407645,0.043361520531516644,91
2008,1,16,363.262726015971,1033.4464929673738,1.14843937407645,0.043361520531516644,91
2008,1,17,377.3954647781268,1047.5792317295297,1.14843937407645,0.043361520531516644,91
2008,1,18,425.7762285945628,1095.9599955459657,1.14843937407645,0.043361520531516644,91
2008,1,19,387.14372574848716,1057.3274926998902,1.14843937407645,0.043361520531516644,91
2008,1,20,328.988589754631,999.172356706034,1.14843937407645,0.043361520531516644,91
2008,1,21,250.37972411241935,920.5634910638224,1.14843937407645,0.043361520531516644,91
2008,1,22,146.53783175382284,816.7215987052258,1.14843937407645,0.043361520531516644,91
2008,1,23,54.11580114060564,724.2995680920087,1.14843937407645,0.043361520531516644,91
2008,2,0,3.2662469542222956,699.33931260581,1.54842926032544,0.06902875143854896,91
2008,2,1,-30.04612897428992,666.0269366772977,1.54842926032544,0.06902875143854896,91
2008,2,2,-46.46802345928072,649.605042192307,1.54842926032544,0.06902875143854896,91
2008,2,3,-42.33927944265837,653.7337862089292,1.54842926032544,0.06902875143854896,91
2008,2,4,0.0,696.0730656515876,1.54842926032544,0.06902875143854896,91
2008,2,5,88.7570369684192,784.8301026200069,1.54842926032544,0.06902875143854896,91
2008,2,6,186.3980361958697,882.4711018474575,1.54842926032544,0.06902875143854896,91
2008,2,7,259.4022073375317,955.4752729891195,1.54842926032544,0.06902875143854896,91
2008,2,8,322.18620974371794,1018.2592753953056,1.54842926032544,0.06902875143854896,91
2008,2,9,361.77946502516374,1057.8525306767515,1.54842926032544,0.06902875143854896,91
2008,2,10,380.6223469313479,1076.6954125829357,1.54842926032544,0.06902875143854896,91
2008,2,11,387.7607589457762,1083.833824597364,1.54842926032544,0.06902875143854896,91
2008,2,12,392.00144326218424,1088.074508913772,1.54842926032544,0.06902875143854896,91
2008,2,13,390.90563464432506,1086.9787002959129,1.54842926032544,0.06902875143854896,91
2008,2,14,389.98702331947607,1086.0600889710638,1.54842926032544,0.06902875143854896,91
2008,2,15,387.63299699965177,1083.7060626512396,1.54842926032544,0.06902875143854896,91
2008,2,16,377.72895338407517,1073.8020190356629,1.54842926032544,0.06902875143854896,91
2008,2,17,370.19461581754746,1066.2676814691351,1.54842926032544,0.06902875143854896,91
2008,2,18,375.03979210966344,1071.112857761251,1.54842926032544,0.06902875143854896,91
2008,2,19,387.7115529026153,1083.784618554203,1.54842926032544,0.06902875143854896,91
2008,2,20,335.9037402338213,1031.9768058854088,1.54842926032544,0.06902875143854896,91
2008,2,21,256.5119868007583,952.585052452346,1.54842926032544,0.06902875143854896,91
2008,2,22,152.94553261974983,849.0185982713375,1.54842926032544,0.06902875143854896,91
2008,2,23,61.4065840910045,757.4796497425922,1.54842926032544,0.06902875143854896,91
2008,3,0,9.257442500287025,738.7195213407981,2.330254009968154,0.1001379912748205,92
2008,3,1,-26.526373857616935,702.9357049828942,2.330254009968154,0.1001379912748205,92
2008,3,2,-44.27973075353325,685.1823480869778,2.330254009968154,0.1001379912748205,92
2008,3,3,-40.57424890010664,688.8878299404045,2.330254009968154,0.1001379912748205,92
2008,3,4,0.0,729.462078840511,2.330254009968154,0.1001379912748205,92
2008,3,5,86.94968370328858,816.4117625437997,2.330254009968154,0.1001379912748205,92
2008,3,6,179.75073609466702,909.2128149351781,2.330254009968154,0.1001379912748205,92
2008,3,7,258.0665125822552,987.5285914227662,2.330254009968154,0.1001379912748205,92
2008,3,8,328.07176389366117,1057.5338427341721,2.330254009968154,0.1001379912748205,92
2008,3,9,373.97347113566497,1103.4355499761762,2.330254009968154,0.1001379912748205,92
2008,3,10,398.10943568988057,1127.5715145303916,2.330254009968154,0.1001379912748205,92
2008,3,11,408.2278784394819,1137.689957279993,2.330254009968154,0.1001379912748205,92
2008,3,12,413.36485368131997,1142.826932521831,2.330254009968154,0.1001379912748205,92
2008,3,13,412.8998692391134,1142.3619480796244,2.330254009968154,0.1001379912748205,92
2008,3,14,411.2023653610393,1140.6644442015504,2.330254009968154,0.1001379912748205,92
2008,3,15,408.2017921734637,1137.6638710139748,2.330254009968154,0.1001379912748205,92
2008,3,16,395.1340976412137,1124.5961764817248,2.330254009968154,0.1001379912748205,92
2008,3,17,379.01413058273624,1108.4762094232472,2.330254009968154,0.1001379912748205,92
2008,3,18,386.81801407047317,1116.2800929109842,2.330254009968154,0.1001379912748205,92
2008,3,19,391.7556578234291,1121.21773666394,2.330254009968154,0.1001379912748205,92
2008,3,20,339.07635433234594,1068.5384331728571,2.330254009968154,0.1001379912748205,92
2008,3,21,259.63117132083147,989.0932501613426,2.330254009968154,0.1001379912748205,92
2008,3,22,158.56181530831628,888.0238941488274,2.330254009968154,0.1001379912748205,92
2008,3,23,67.41222096091191,796.8742998014229,2.330254009968154,0.1001379912748205,92
2008,4,0,-0.14368125726177106,693.5598723046431,4.965356112672853,0.17703808556198702,92
2008,4,1,-32.386735001703435,661.3168185602015,4.965356112672853,0.17703808556198702,92
2008,4,2,-48.05857372413607,645.6449798377688,4.965356112672853,0.17703808556198702,92
2008,4,3,-42.664258603835215,651.0392949580697,4.965356112672853,0.17703808556198702,92
2008,4,4,0.0,693.703553561905,4.965356112672853,0.17703808556198702,92
2008,4,5,90.11006994825327,783.8136235101581,4.965356112672853,0.17703808556198702,92
2008,4,6,181.71068330048712,875.4142368623922,4.965356112672853,0.17703808556198702,92
2008,4,7,240.054588903415,933.75814246532,4.965356112672853,0.17703808556198702,92
2008,4,8,306.7135838004878,1000.4171373623927,4.965356112672853,0.17703808556198702,92
2008,4,9,348.06721173977587,1041.7707653016807,4.965356112672853,0.17703808556198702,92
2008,4,10,367.35404069291036,1061.0575942548153,4.965356112672853,0.17703808556198702,92
2008,4,11,374.81367754513246,1068.5172311070376,4.965356112672853,0.17703808556198702,92
2008,4,12,377.51453308110524,1071.21808664301,4.965356112672853,0.17703808556198702,92
2008,4,13,373.5043197084414,1067.2078732703462,4.965356112672853,0.17703808556198702,92
2008,4,14,368.7950007960677,1062.4985543579728,4.965356112672853,0.17703808556198702,92
2008,4,15,365.8333394883157,1059.5368930502207,4.965356112672853,0.17703808556198702,92
2008,4,16,361.85853016051726,1055.5620837224221,4.965356112672853,0.17703808556198702,92
2008,4,17,394.6265567580773,1088.3301103199824,4.965356112672853,0.17703808556198702,92
2008,4,18,412.3062221981007,1106.0097757600056,4.965356112672853,0.17703808556198702,92
2008,4,19,363.08822628193144,1056.7917798438364,4.965356112672853,0.17703808556198702,92
2008,4,20,308.9189812084438,1002.6225347703488,4.965356112672853,0.17703808556198702,92
2008,4,21,235.94964643866015,929.653200000565,4.965356112672853,0.17703808556198702,92
2008,4,22,140.7814399445657,834.4849935064707,4.965356112672853,0.17703808556198702,92
2008,4,23,55.329536051535996,749.0330896134409,4.965356112672853,0.17703808556198702,92
2009,1,0,-3.32097552626915,630.8761080116857,9.113583387209745,0.5060307619434709,90
2009,1,1,-33.7423928651944,600.4546906727604,9.113583387209745,0.5060307619434709,90
2009,1,2,-48.75279871610088,585.4442848218539,9.113583387209745,0.5060307619434709,90
2009,1,3,-42.573036374193535,591.6240471637612,9.113583387209745,0.5060307619434709,90
2009,1,4,0.0,634.1970835379548,9.113583387209745,0.5060307619434709,90
2009,1,5,87.29703926973485,721.4941228076897,9.113583387209745,0.5060307619434709,90
2009,1,6,178.18813146725478,812.3852150052096,9.113583387209745,0.5060307619434709,90
2009,1,7,222.31259064922887,856.5096741871837,9.113583387209745,0.5060307619434709,90
2009,1,8,282.6849131956764,916.8819967336312,9.113583387209745,0.5060307619434709,90
2009,1,9,322.9625898213496,957.1596733593044,9.113583387209745,0.5060307619434709,90
2009,1,10,336.98711481475976,971.1841983527146,9.113583387209745,0.5060307619434709,90
2009,1,11,341.5696176817292,975.7667012196839,9.113583387209745,0.5060307619434709,90
2009,1,12,339.98256384167166,974.1796473796264,9.113583387209745,0.5060307619434709,90
2009,1,13,331.44825681129726,965.6453403492519,9.113583387209745,0.5060307619434709,90
2009,1,14,327.14690594295564,961.3439894809105,9.113583387209745,0.5060307619434709,90
2009,1,15,327.9974848538759,962.1945683918307,9.113583387209745,0.5060307619434709,90
2009,1,16,330.9177987558345,965.1148822937893,9.113583387209745,0.5060307619434709,90
2009,1,17,350.72691821983994,984.9240017577947,9.113583387209745,0.5060307619434709,90
2009,1,18,401.3433583370137,1035.5404418749686,9.113583387209745,0.5060307619434709,90
2009,1,19,361.52580855247265,995.7228920904274,9.113583387209745,0.5060307619434709,90
2009,1,20,304.28079967930785,938.4778832172626,9.113583387209745,0.5060307619434709,90
2009,1,21,229.46493110309854,863.6620146410534,9.113583387209745,0.5060307619434709,90
2009,1,22,133.31911479614635,767.5161983341011,9.113583387209745,0.5060307619434709,90
2009,1,23,47.767482943449934,681.9645664814047,9.113583387209745,0.5060307619434709,90
2009,2,0,4.244064344570898,678.7688918339362,13.668764657084848,0.9319009626539864,91
2009,2,1,-28.694263974339556,645.8305635150258,13.668764657084848,0.9319009626539864,91
2009,2,2,-45.217805983174536,629.3070215061908,13.668764657084848,0.9319009626539864,91
2009,2,3,-40.98932628339373,633.5355012059716,13.668764657084848,0.9319009626539864,91
2009,2,4,0.0,674.5248274893654,13.668764657084848,0.9319009626539864,91
2009,2,5,79.70968252095376,754.2345100103191,13.668764657084848,0.9319009626539864,91
2009,2,6,176.4650660852516,850.989893574617,13.668764657084848,0.9319009626539864,91
2009,2,7,250.60230473504862,925.1271322244139,13.668764657084848,0.9319009626539864,91
2009,2,8,312.30484837913116,986.8296758684966,13.668764657084848,0.9319009626539864,91
2009,2,9,351.25914739140893,1025.7839748807744,13.668764657084848,0.9319009626539864,91
2009,2,10,369.1610781548989,1043.6859056442643,13.668764657084848,0.9319009626539864,91
2009,2,11,375.65266573432996,1050.1774932236954,13.668764657084848,0.9319009626539864,91
2009,2,12,378.1425269909439,1052.6673544803093,13.668764657084848,0.9319009626539864,91
2009,2,13,376.1498937849203,1050.6747212742857,13.668764657084848,0.9319009626539864,91
2009,2,14,375.6306776302615,1050.155505119627,13.668764657084848,0.9319009626539864,91
2009,2,15,374.8386818676905,1049.363509357056,13.668764657084848,0.9319009626539864,91
2009,2,16,367.9607763108125,1042.4856038001778,13.668764657084848,0.9319009626539864,91
2009,2,17,360.9582522823501,1035.4830797717154,13.668764657084848,0.9319009626539864,91
2009,2,18,365.91110722761994,1040.4359347169852,13.668764657084848,0.9319009626539864,91
2009,2,19,378.01275061826897,1052.5375781076343,13.668764657084848,0.9319009626539864,91
2009,2,20,326.64012344142753,1001.1649509307928,13.668764657084848,0.9319009626539864,91
2009,2,21,248.64549167395816,923.1703191633235,13.668764657084848,0.9319009626539864,91
2009,2,22,148.91090227003022,823.4357297593956,13.668764657084848,0.9319009626539864,91
2009,2,23,60.320440102508165,734.8452675918736,13.668764657084848,0.9319009626539864,91
2009,3,0,9.999968356390925,739.1285832101383,17.979328425562404,1.3213498295635888,92
2009,3,1,-25.346753264775806,703.7818615889717,17.979328425562404,1.3213498295635888,92
2009,3,2,-42.74360712284089,686.3850077309065,17.979328425562404,1.3213498295635888,92
2009,3,3,-39.73462861089488,689.3939862428525,17.979328425562404,1.3213498295635888,92
2009,3,4,0.0,729.1286148537474,17.979328425562404,1.3213498295635888,92
2009,3,5,81.68083026366703,810.8094451174144,17.979328425562404,1.3213498295635888,92
2009,3,6,171.16334512872646,900.2919599824738,17.979328425562404,1.3213498295635888,92
2009,3,7,248.19541027382962,977.3240251275771,17.979328425562404,1.3213498295635888,92
2009,3,8,317.72539999051753,1046.8540148442648,17.979328425562404,1.3213498295635888,92
2009,3,9,362.87214953180626,1092.0007643855536,17.979328425562404,1.3213498295635888,92
2009,3,10,383.59756588738554,1112.726180741133,17.979328425562404,1.3213498295635888,92
2009,3,11,394.97532193607,1124.1039367898175,17.979328425562404,1.3213498295635888,92
2009,3,12,400.6206117989395,1129.749226652687,17.979328425562404,1.3213498295635888,92
2009,3,13,400.25213695673955,1129.380751810487,17.979328425562404,1.3213498295635888,92
2009,3,14,400.80575123758683,1129.9343660913344,17.979328425562404,1.3213498295635888,92
2009,3,15,398.3112641552948,1127.4398790090422,17.979328425562404,1.3213498295635888,92
2009,3,16,385.9058460291231,1115.0344608828707,17.979328425562404,1.3213498295635888,92
2009,3,17,369.8588834677444,1098.9874983214918,17.979328425562404,1.3213498295635888,92
2009,3,18,375.6549714170314,1104.7835862707789,17.979328425562404,1.3213498295635888,92
2009,3,19,380.5400839034218,1109.6686987571693,17.979328425562404,1.3213498295635888,92
2009,3,20,329.5014916743904,1058.630106528138,17.979328425562404,1.3213498295635888,92
2009,3,21,253.0838885394132,982.2125033931605,17.979328425562404,1.3213498295635888,92
2009,3,22,155.37159609881633,884.5002109525637,17.979328425562404,1.3213498295635888,92
2009,3,23,67.91106356877611,797.0396784225236,17.979328425562404,1.3213498295635888,92
2009,4,0,5.143129269896974,703.7973874879557,23.19637650454403,1.7796161699835842,92
2009,4,1,-28.222181319662408,670.4320768983963,23.19637650454403,1.7796161699835842,92
2009,4,2,-44.799365311430314,653.8548929066284,23.19637650454403,1.7796161699835842,92
2009,4,3,-40.59493195108232,658.0593262669763,23.19637650454403,1.7796161699835842,92
2009,4,4,0.0,698.6542582180588,23.19637650454403,1.7796161699835842,92
2009,4,5,85.73616990365825,784.390428121717,23.19637650454403,1.7796161699835842,92
2009,4,6,167.87432976142358,866.5285879794822,23.19637650454403,1.7796161699835842,92
2009,4,7,234.41432667586054,933.0685848939191,23.19637650454403,1.7796161699835842,92
2009,4,8,305.20661584825496,1003.8608740663136,23.19637650454403,1.7796161699835842,92
2009,4,9,350.6834504304407,1049.3377086484993,23.19637650454403,1.7796161699835842,92
2009,4,10,371.3270562553924,1069.981314473451,23.19637650454403,1.7796161699835842,92
2009,4,11,381.2961677338495,1079.9504259519083,23.19637650454403,1.7796161699835842,92
2009,4,12,385.0154159666888,1083.6696741847475,23.19637650454403,1.7796161699835842,92
2009,4,13,382.3868219589863,1081.041080177045,23.19637650454403,1.7796161699835842,92
2009,4,14,379.54468220461683,1078.1989404226756,23.19637650454403,1.7796161699835842,92
2009,4,15,376.5450597243951,1075.1993179424537,23.19637650454403,1.7796161699835842,92
2009,4,16,371.106518167373,1069.7607763854317,23.19637650454403,1.7796161699835842,92
2009,4,17,398.051170013818,1096.7054282318768,23.19637650454403,1.7796161699835842,92
2009,4,18,416.07400699440774,1114.7282652124666,23.19637650454403,1.7796161699835842,92
2009,4,19,368.1694361035971,1066.8236943216557,23.19637650454403,1.7796161699835842,92
2009,4,20,314.1406306164106,1012.7948888344694,23.19637650454403,1.7796161699835842,92
2009,4,21,240.9197684033487,939.5740266214074,23.19637650454403,1.7796161699835842,92
2009,4,22,146.31823874114335,844.9724969592021,23.19637650454403,1.7796161699835842,92
2009,4,23,60.450526030986104,759.1047842490448,23.19637650454403,1.7796161699835842,92
2010,1,0,-0.922273742060693,652.1137394577195,29.521765802496375,2.3233639129619235,90
2010,1,1,-32.60066906956862,620.4353441302114,29.521765802496375,2.3233639129619235,90
2010,1,2,-48.780826063907426,604.2551871358727,29.521765802496375,2.3233639129619235,90
2010,1,3,-42.9624036268787,610.0736095729014,29.521765802496375,2.3233639129619235,90
2010,1,4,0.0,653.0360131997801,29.521765802496375,2.3233639129619235,90
2010,1,5,85.34238277935926,738.3783959791394,29.521765802496375,2.3233639129619235,90
2010,1,6,172.37765736608907,825.4136705658691,29.521765802496375,2.3233639129619235,90
2010,1,7,219.13978598988416,872.1757991896643,29.521765802496375,2.3233639129619235,90
2010,1,8,279.712157527301,932.7481707270812,29.521765802496375,2.3233639129619235,90
2010,1,9,318.9874398086997,972.0234530084799,29.521765802496375,2.3233639129619235,90
2010,1,10,335.4385897846441,988.4746029844242,29.521765802496375,2.3233639129619235,90
2010,1,11,341.307367811307,994.3433810110872,29.521765802496375,2.3233639129619235,90
2010,1,12,341.7354413405244,994.7714545403045,29.521765802496375,2.3233639129619235,90
2010,1,13,336.73350268508466,989.7695158848647,29.521765802496375,2.3233639129619235,90
2010,1,14,334.2198045261687,987.2558177259489,29.521765802496375,2.3233639129619235,90
2010,1,15,336.66132886930876,989.6973420690889,29.521765802496375,2.3233639129619235,90
2010,1,16,337.7556382932259,990.7916514930059,29.521765802496375,2.3233639129619235,90
2010,1,17,353.83107461182806,1006.8670878116081,29.521765802496375,2.3233639129619235,90
2010,1,18,399.1304282840541,1052.1664414838342,29.521765802496375,2.3233639129619235,90
2010,1,19,362.04367615932745,1015.0796893591075,29.521765802496375,2.3233639129619235,90
2010,1,20,306.42359658317645,959.4596097829566,29.521765802496375,2.3233639129619235,90
2010,1,21,231.7933997599026,884.8294129596827,29.521765802496375,2.3233639129619235,90
2010,1,22,136.08901493795707,789.1250281377372,29.521765802496375,2.3233639129619235,90
2010,1,23,51.15412399704887,704.190137196829,29.521765802496375,2.3233639129619235,90
2010,2,0,3.8339389140721964,682.9547120633438,34.15298121647502,2.7338574746178472,91
2010,2,1,-28.854868053453174,650.2659050958183,34.15298121647502,2.7338574746178472,91
2010,2,2,-44.93389725228829,634.1868758969832,34.15298121647502,2.7338574746178472,91
2010,2,3,-40.62967041617273,638.4911027330987,34.15298121647502,2.7338574746178472,91
2010,2,4,0.0,679.1207731492715,34.15298121647502,2.7338574746178472,91
2010,2,5,78.92009925616546,758.040872405437,34.15298121647502,2.7338574746178472,91
2010,2,6,168.5681000130394,847.688873162311,34.15298121647502,2.7338574746178472,91
2010,2,7,239.48748024864258,918.608253397914,34.15298121647502,2.7338574746178472,91
2010,2,8,298.65033681773133,977.7711099670029,34.15298121647502,2.7338574746178472,91
2010,2,9,336.22355409919953,1015.3443272484711,34.15298121647502,2.7338574746178472,91
2010,2,10,352.6503855564304,1031.7711587057017,34.15298121647502,2.7338574746178472,91
2010,2,11,359.944554128129,1039.0653272774005,34.15298121647502,2.7338574746178472,91
2010,2,12,360.594769083141,1039.7155422324124,34.15298121647502,2.7338574746178472,91
2010,2,13,357.74188989670876,1036.8626630459803,34.15298121647502,2.7338574746178472,91
2010,2,14,356.86277014761697,1035.9835432968885,34.15298121647502,2.7338574746178472,91
2010,2,15,357.03629929470867,1036.15707244398,34.15298121647502,2.7338574746178472,91
2010,2,16,352.16455678079694,1031.2853299300684,34.15298121647502,2.7338574746178472,91
2010,2,17,347.79601182513073,1026.9167849744024,34.15298121647502,2.7338574746178472,91
2010,2,18,351.7483529402781,1030.8691260895496,34.15298121647502,2.7338574746178472,91
2010,2,19,363.41053031923127,1042.5313034685028,34.15298121647502,2.7338574746178472,91
2010,2,20,313.8672546019146,992.9880277511861,34.15298121647502,2.7338574746178472,91
2010,2,21,239.64075808008192,918.7615312293534,34.15298121647502,2.7338574746178472,91
2010,2,22,143.6639730517043,822.7847462009757,34.15298121647502,2.7338574746178472,91
2010,2,23,59.11657566007275,738.2373488093442,34.15298121647502,2.7338574746178472,91
2010,3,0,11.192921959677664,715.3113732288014,39.04959735538357,3.1522800636504233,92
2010,3,1,-22.62582906725811,681.4926222018656,39.04959735538357,3.1522800636504233,92
2010,3,2,-40.54732412916168,663.5711271399621,39.04959735538357,3.1522800636504233,92
2010,3,3,-38.022255957591696,666.096195311532,39.04959735538357,3.1522800636504233,92
2010,3,4,0.0,704.1184512691237,39.04959735538357,3.1522800636504233,92
2010,3,5,81.23770074214858,785.3561520112723,39.04959735538357,3.1522800636504233,92
2010,3,6,166.87054942382278,870.9890006929465,39.04959735538357,3.1522800636504233,92
2010,3,7,240.91304786763368,945.0314991367575,39.04959735538357,3.1522800636504233,92
2010,3,8,305.2633144956011,1009.3817657647248,39.04959735538357,3.1522800636504233,92
2010,3,9,347.8446526879219,1051.9631039570456,39.04959735538357,3.1522800636504233,92
2010,3,10,366.49369469153436,1070.6121459606582,39.04959735538357,3.1522800636504233,92
2010,3,11,377.10307515068416,1081.2215264198078,39.04959735538357,3.1522800636504233,92
2010,3,12,381.17497780249164,1085.2934290716155,39.04959735538357,3.1522800636504233,92
2010,3,13,380.18954099680417,1084.3079922659279,39.04959735538357,3.1522800636504233,92
2010,3,14,380.71262052419456,1084.8310717933182,39.04959735538357,3.1522800636504233,92
2010,3,15,379.9358833018973,1084.054334571021,39.04959735538357,3.1522800636504233,92
2010,3,16,373.35703938251436,1077.475490651638,39.04959735538357,3.1522800636504233,92
2010,3,17,362.1635026430579,1066.2819539121815,39.04959735538357,3.1522800636504233,92
2010,3,18,368.74710729497224,1072.8655585640959,39.04959735538357,3.1522800636504233,92
2010,3,19,374.24849813267645,1078.3669494018002,39.04959735538357,3.1522800636504233,92
2010,3,20,325.24071761567114,1029.3591688847948,39.04959735538357,3.1522800636504233,92
2010,3,21,250.98100423930535,955.0994555084291,39.04959735538357,3.1522800636504233,92
2010,3,22,154.37859550109877,858.4970467702225,39.04959735538357,3.1522800636504233,92
2010,3,23,68.17380696384062,772.2922582329644,39.04959735538357,3.1522800636504233,92
2010,4,0,5.400979905285913,691.8262926995266,47.17054402902651,3.789197246341718,92
2010,4,1,-28.277173312305397,658.1481394819352,47.17054402902651,3.789197246341718,92
2010,4,2,-44.865946601384486,641.5593661928561,47.17054402902651,3.789197246341718,92
2010,4,3,-41.08013322310202,645.3451795711386,47.17054402902651,3.789197246341718,92
2010,4,4,0.0,686.4253127942407,47.17054402902651,3.789197246341718,92
2010,4,5,85.43021320358372,771.8555259978243,47.17054402902651,3.789197246341718,92
2010,4,6,170.34084587324062,856.7661586674812,47.17054402902651,3.789197246341718,92
2010,4,7,234.10446023518398,920.5297730294245,47.17054402902651,3.789197246341718,92
2010,4,8,299.76925994594694,986.1945727401876,47.17054402902651,3.789197246341718,92
2010,4,9,340.6300910145082,1027.055403808749,47.17054402902651,3.789197246341718,92
2010,4,10,357.9297850514832,1044.3550978457238,47.17054402902651,3.789197246341718,92
2010,4,11,367.2787040474037,1053.7040168416443,47.17054402902651,3.789197246341718,92
2010,4,12,368.34103670986826,1054.766349504109,47.17054402902651,3.789197246341718,92
2010,4,13,365.8074602692818,1052.2327730635225,47.17054402902651,3.789197246341718,92
2010,4,14,365.44884657206325,1051.874159366304,47.17054402902651,3.789197246341718,92
2010,4,15,365.9086442239401,1052.3339570181809,47.17054402902651,3.789197246341718,92
2010,4,16,362.0769171522728,1048.5022299465134,47.17054402902651,3.789197246341718,92
2010,4,17,392.7086778269752,1079.1339906212158,47.17054402902651,3.789197246341718,92
2010,4,18,409.1762528652452,1095.6015656594857,47.17054402902651,3.789197246341718,92
2010,4,19,361.7759638593649,1048.2012766536056,47.17054402902651,3.789197246341718,92
2010,4,20,310.4585767163816,996.8838895106221,47.17054402902651,3.789197246341718,92
2010,4,21,237.8694517491232,924.2947645433637,47.17054402902651,3.789197246341718,92
2010,4,22,146.20540863989615,832.6307214341367,47.17054402902651,3.789197246341718,92
2010,4,23,61.394931151998584,747.8202439462393,47.17054402902651,3.789197246341718,92
2011,1,0,4.083158344318382,674.8896343905877,55.8776962017328,4.441244363534198,90
2011,1,1,-27.976792172512972,642.8296838737564,55.8776962017328,4.441244363534198,90
2011,1,2,-44.95503311878228,625.851442927487,55.8776962017328,4.441244363534198,90
2011,1,3,-41.014705283344725,629.7917707629246,55.8776962017328,4.441244363534198,90
2011,1,4,0.0,670.8064760462693,55.8776962017328,4.441244363534198,90
2011,1,5,87.0803995890596,757.8868756353289,55.8776962017328,4.441244363534198,90
2011,1,6,178.6993330326147,849.5058090788841,55.8776962017328,4.441244363534198,90
2011,1,7,225.4754614486467,896.2819374949161,55.8776962017328,4.441244363534198,90
2011,1,8,284.4937093456609,955.3001853919302,55.8776962017328,4.441244363534198,90
2011,1,9,324.61415293934164,995.420628985611,55.8776962017328,4.441244363534198,90
2011,1,10,340.22493284379567,1011.031408890065,55.8776962017328,4.441244363534198,90
2011,1,11,347.2391557268789,1018.0456317731482,55.8776962017328,4.441244363534198,90
2011,1,12,349.16044153274527,1019.9669175790145,55.8776962017328,4.441244363534198,90
2011,1,13,346.5919512634524,1017.3984273097218,55.8776962017328,4.441244363534198,90
2011,1,14,345.46578021648014,1016.2722562627495,55.8776962017328,4.441244363534198,90
2011,1,15,348.63966073745615,1019.4461367837255,55.8776962017328,4.441244363534198,90
2011,1,16,349.6123068964398,1020.4187829427091,55.8776962017328,4.441244363534198,90
2011,1,17,366.1524019458386,1036.958877992108,55.8776962017328,4.441244363534198,90
2011,1,18,406.52186846404294,1077.3283445103123,55.8776962017328,4.441244363534198,90
2011,1,19,369.4021759538972,1040.2086520001665,55.8776962017328,4.441244363534198,90
2011,1,20,314.40366505542556,985.210141101695,55.8776962017328,4.441244363534198,90
2011,1,21,239.51147308832765,910.3179491345969,55.8776962017328,4.441244363534198,90
2011,1,22,144.4834600731882,815.2899361194576,55.8776962017328,4.441244363534198,90
2011,1,23,58.59106249178561,729.397538538055,55.8776962017328,4.441244363534198,90
2011,2,0,8.307057693672423,684.2170613955943,65.22078776948484,5.114357267969229,91
2011,2,1,-24.852308077826155,651.0576956240958,65.22078776948484,5.114357267969229,91
2011,2,2,-41.69774675193098,634.212256949991,65.22078776948484,5.114357267969229,91
2011,2,3,-38.9311207961234,636.9788829057985,65.22078776948484,5.114357267969229,91
2011,2,4,0.0,675.9100037019219,65.22078776948484,5.114357267969229,91
2011,2,5,80.93234465900584,756.8423483609278,65.22078776948484,5.114357267969229,91
2011,2,6,173.13241182854046,849.0424155304624,65.22078776948484,5.114357267969229,91
2011,2,7,240.77435903931317,916.6843627412352,65.22078776948484,5.114357267969229,91
2011,2,8,296.24600281248956,972.1560065144115,65.22078776948484,5.114357267969229,91
2011,2,9,331.42091580704147,1007.3309195089635,65.22078776948484,5.114357267969229,91
2011,2,10,347.323260746856,1023.233264448778,65.22078776948484,5.114357267969229,91
2011,2,11,353.61843128704083,1029.5284349889628,65.22078776948484,5.114357267969229,91
2011,2,12,355.96524435510145,1031.8752480570233,65.22078776948484,5.114357267969229,91
2011,2,13,354.6045251415355,1030.5145288434576,65.22078776948484,5.114357267969229,91
2011,2,14,354.79044683674744,1030.7004505386694,65.22078776948484,5.114357267969229,91
2011,2,15,357.079048481875,1032.989052183797,65.22078776948484,5.114357267969229,91
2011,2,16,354.5954345220573,1030.5054382239794,65.22078776948484,5.114357267969229,91
2011,2,17,350.6128350975725,1026.5228387994944,65.22078776948484,5.114357267969229,91
2011,2,18,356.84978339056147,1032.7597870924835,65.22078776948484,5.114357267969229,91
2011,2,19,364.8165804800082,1040.72658418193,65.22078776948484,5.114357267969229,91
2011,2,20,316.6869285553082,992.5969322572302,65.22078776948484,5.114357267969229,91
2011,2,21,243.8672391777789,919.7772428797008,65.22078776948484,5.114357267969229,91
2011,2,22,149.17921622555866,825.0892199274806,65.22078776948484,5.114357267969229,91
2011,2,23,64.795943705983,740.7059474079049,65.22078776948484,5.114357267969229,91
2011,3,0,13.053247905726504,702.6253132820889,78.78180315989877,6.066947305462008,92
2011,3,1,-21.35546983455681,668.2165955418055,78.78180315989877,6.066947305462008,92
2011,3,2,-39.42349600310618,650.1485693732562,78.78180315989877,6.066947305462008,92
2011,3,3,-37.35188475787101,652.2201806184913,78.78180315989877,6.066947305462008,92
2011,3,4,0.0,689.5720653763624,78.78180315989877,6.066947305462008,92
2011,3,5,81.38531321441215,770.9573785907745,78.78180315989877,6.066947305462008,92
2011,3,6,168.69674652932522,858.2688119056876,78.78180315989877,6.066947305462008,92
2011,3,7,239.11805400433005,928.6901193806924,78.78180315989877,6.066947305462008,92
2011,3,8,299.4713262595758,989.0433916359382,78.78180315989877,6.066947305462008,92
2011,3,9,336.2754433993442,1025.8475087757067,78.78180315989877,6.066947305462008,92
2011,3,10,353.78571225022324,1043.3577776265856,78.78180315989877,6.066947305462008,92
2011,3,11,361.73303379377614,1051.3050991701386,78.78180315989877,6.066947305462008,92
2011,3,12,365.21519494755637,1054.7872603239186,78.78180315989877,6.066947305462008,92
2011,3,13,366.14148351797644,1055.7135488943388,78.78180315989877,6.066947305462008,92
2011,3,14,367.96014199972154,1057.532207376084,78.78180315989877,6.066947305462008,92
2011,3,15,371.54306327903026,1061.1151286553927,78.78180315989877,6.066947305462008,92
2011,3,16,366.7628463099121,1056.3349116862744,78.78180315989877,6.066947305462008,92
2011,3,17,361.26641605456683,1050.838481430929,78.78180315989877,6.066947305462008,92
2011,3,18,367.6365179694232,1057.2085833457857,78.78180315989877,6.066947305462008,92
2011,3,19,369.79011739781157,1059.3621827741738,78.78180315989877,6.066947305462008,92
2011,3,20,321.1230239964031,1010.6950893727654,78.78180315989877,6.066947305462008,92
2011,3,21,249.0611046781896,938.633170054552,78.78180315989877,6.066947305462008,92
2011,3,22,154.83392910941288,844.4059944857752,78.78180315989877,6.066947305462008,92
2011,3,23,70.55563028902985,760.1276956653921,78.78180315989877,6.066947305462008,92
2011,4,0,2.348668010256421,674.9450978071233,96.53572392609017,7.3109050992264715,92
2011,4,1,-29.247022860763817,643.3494069361029,96.53572392609017,7.3109050992264715,92
2011,4,2,-45.261293826186424,627.3351359706803,96.53572392609017,7.3109050992264715,92
2011,4,3,-40.13468314177347,632.4617466550933,96.53572392609017,7.3109050992264715,92
2011,4,4,0.0,672.5964297968668,96.53572392609017,7.3109050992264715,92
2011,4,5,83.84608398781289,756.4425137846796,96.53572392609017,7.3109050992264715,92
2011,4,6,167.8179103272541,840.4143401241208,96.53572392609017,7.3109050992264715,92
2011,4,7,223.66888469772638,896.2653144945932,96.53572392609017,7.3109050992264715,92
2011,4,8,279.7323213258148,952.3287511226815,96.53572392609017,7.3109050992264715,92
2011,4,9,311.4149882202926,984.0114180171594,96.53572392609017,7.3109050992264715,92
2011,4,10,323.7404919400966,996.3369217369634,96.53572392609017,7.3109050992264715,92
2011,4,11,329.5953379579922,1002.1917677548589,96.53572392609017,7.3109050992264715,92
2011,4,12,329.47314302829363,1002.0695728251603,96.53572392609017,7.3109050992264715,92
2011,4,13,327.36045597018114,999.956885767048,96.53572392609017,7.3109050992264715,92
2011,4,14,328.39307166838904,1000.9895014652559,96.53572392609017,7.3109050992264715,92
2011,4,15,331.98858955412516,1004.585019350992,96.53572392609017,7.3109050992264715,92
2011,4,16,335.02405975101357,1007.6204895478804,96.53572392609017,7.3109050992264715,92
2011,4,17,370.79434673559894,1043.3907765324657,96.53572392609017,7.3109050992264715,92
2011,4,18,389.83324238521607,1062.4296721820829,96.53572392609017,7.3109050992264715,92
2011,4,19,342.64333652413137,1015.2397663209982,96.53572392609017,7.3109050992264715,92
2011,4,20,292.1105718981345,964.7070016950012,96.53572392609017,7.3109050992264715,92
2011,4,21,224.47141872814936,897.0678485250162,96.53572392609017,7.3109050992264715,92
2011,4,22,135.63736511094157,808.2337949078084,96.53572392609017,7.3109050992264715,92
2011,4,23,55.58385320897694,728.1802830058438,96.53572392609017,7.3109050992264715,92
2012,1,0,-1.6268627437500403,640.5079687536331,112.23875389158566,8.48631666444924,91
2012,1,1,-32.077620201250625,610.0572112961326,112.23875389158566,8.48631666444924,91
2012,1,2,-47.19601858515685,594.9388129122264,112.23875389158566,8.48631666444924,91
2012,1,3,-41.176118855338224,600.9587126420449,112.23875389158566,8.48631666444924,91
2012,1,4,0.0,642.1348314973832,112.23875389158566,8.48631666444924,91
2012,1,5,86.786645855761,728.9214773531442,112.23875389158566,8.48631666444924,91
2012,1,6,175.32929391021426,817.4641254075974,112.23875389158566,8.48631666444924,91
2012,1,7,214.67402923284178,856.808860730225,112.23875389158566,8.48631666444924,91
2012,1,8,261.67609933840106,903.8109308357843,112.23875389158566,8.48631666444924,91
2012,1,9,290.40309437650575,932.537925873889,112.23875389158566,8.48631666444924,91
2012,1,10,298.58995304278005,940.7247845401632,112.23875389158566,8.48631666444924,91
2012,1,11,301.8792359983061,944.0140674956893,112.23875389158566,8.48631666444924,91
2012,1,12,301.8776933320829,944.0125248294661,112.23875389158566,8.48631666444924,91
2012,1,13,298.8239818890564,940.9588133864396,112.23875389158566,8.48631666444924,91
2012,1,14,300.84723650679473,942.9820680041779,112.23875389158566,8.48631666444924,91
2012,1,15,310.3970922015919,952.5319236989751,112.23875389158566,8.48631666444924,91
2012,1,16,320.92543106843755,963.0602625658207,112.23875389158566,8.48631666444924,91
2012,1,17,345.2061298433745,987.3409613407578,112.23875389158566,8.48631666444924,91
2012,1,18,389.8862635890174,1032.0210950864007,112.23875389158566,8.48631666444924,91
2012,1,19,353.79412346130295,995.9289549586861,112.23875389158566,8.48631666444924,91
2012,1,20,299.77309601558517,941.9079275129684,112.23875389158566,8.48631666444924,91
2012,1,21,228.107494994465,870.2423264918482,112.23875389158566,8.48631666444924,91
2012,1,22,134.62187050295765,776.7567020003409,112.23875389158566,8.48631666444924,91
2012,1,23,51.390801488086964,693.5256329854702,112.23875389158566,8.48631666444924,91
2012,2,0,2.3197330650739607,654.124172909105,132.06711100127163,9.93438225662998,91
2012,2,1,-28.920337319654557,622.8841025243764,132.06711100127163,9.93438225662998,91
2012,2,2,-44.57339894736489,607.2310408966661,132.06711100127163,9.93438225662998,91
2012,2,3,-39.69156069942863,612.1128791446024,132.06711100127163,9.93438225662998,91
2012,2,4,0.0,651.804439844031,132.06711100127163,9.93438225662998,91
2012,2,5,79.69190367381582,731.4963435178468,132.06711100127163,9.93438225662998,91
2012,2,6,163.31717111681752,815.1216109608487,132.06711100127163,9.93438225662998,91
2012,2,7,216.7121739146864,868.5166137587174,132.06711100127163,9.93438225662998,91
2012,2,8,260.67262283644254,912.4770626804735,132.06711100127163,9.93438225662998,91
2012,2,9,283.5499473053899,935.3543871494209,132.06711100127163,9.93438225662998,91
2012,2,10,291.3014072254166,943.1058470694477,132.06711100127163,9.93438225662998,91
2012,2,11,293.7077475595847,945.5121874036157,132.06711100127163,9.93438225662998,91
2012,2,12,294.67277620429036,946.4772160483215,132.06711100127163,9.93438225662998,91
2012,2,13,294.6745317638509,946.4789716078819,132.06711100127163,9.93438225662998,91
2012,2,14,299.7376277432592,951.5420675872903,132.06711100127163,9.93438225662998,91
2012,2,15,310.36490411408664,962.1693439581177,132.06711100127163,9.93438225662998,91
2012,2,16,319.1790599912568,970.9834998352878,132.06711100127163,9.93438225662998,91
2012,2,17,326.5523463278798,978.3567861719108,132.06711100127163,9.93438225662998,91
2012,2,18,337.56412509005247,989.3685649340835,132.06711100127163,9.93438225662998,91
2012,2,19,347.594803440609,999.39924328464,132.06711100127163,9.93438225662998,91
2012,2,20,300.6942470949007,952.4986869389317,132.06711100127163,9.93438225662998,91
2012,2,21,231.04036692524025,882.8448067692713,132.06711100127163,9.93438225662998,91
2012,2,22,137.69777967490407,789.502219518935,132.06711100127163,9.93438225662998,91
2012,2,23,57.13511362695286,708.9395534709839,132.06711100127163,9.93438225662998,91
2012,3,0,7.021386793238499,686.6252200540602,159.48132175146196,11.979937203928325,92
2012,3,1,-26.029674708749297,653.5741585520724,159.48132175146196,11.979937203928325,92
2012,3,2,-41.78193386065536,637.8218994001663,159.48132175146196,11.979937203928325,92
2012,3,3,-38.43012655868158,641.1737067021402,159.48132175146196,11.979937203928325,92
2012,3,4,0.0,679.6038332608217,159.48132175146196,11.979937203928325,92
2012,3,5,80.6513460978319,760.2551793586535,159.48132175146196,11.979937203928325,92
2012,3,6,160.44847938854787,840.0523126493696,159.48132175146196,11.979937203928325,92
2012,3,7,217.28813297534415,896.8919662361659,159.48132175146196,11.979937203928325,92
2012,3,8,261.22074442555834,940.82457768638,159.48132175146196,11.979937203928325,92
2012,3,9,283.14369747683844,962.7475307376601,159.48132175146196,11.979937203928325,92
2012,3,10,292.83064809462206,972.4344813554437,159.48132175146196,11.979937203928325,92
2012,3,11,296.1831146800471,975.7869479408688,159.48132175146196,11.979937203928325,92
2012,3,12,299.0535292141557,978.6573624749774,159.48132175146196,11.979937203928325,92
2012,3,13,300.6890483889875,980.2928816498093,159.48132175146196,11.979937203928325,92
2012,3,14,308.06433241153405,987.6681656723558,159.48132175146196,11.979937203928325,92
2012,3,15,321.6721455032516,1001.2759787640733,159.48132175146196,11.979937203928325,92
2012,3,16,330.8873401585437,1010.4911734193654,159.48132175146196,11.979937203928325,92
2012,3,17,338.7307325119186,1018.3345657727403,159.48132175146196,11.979937203928325,92
2012,3,18,352.0439000298494,1031.647733290671,159.48132175146196,11.979937203928325,92
2012,3,19,356.0042054773747,1035.6080387381965,159.48132175146196,11.979937203928325,92
2012,3,20,307.0495481580869,986.6533814189086,159.48132175146196,11.979937203928325,92
2012,3,21,236.43769997290576,916.0415332337274,159.48132175146196,11.979937203928325,92
2012,3,22,143.6859862873103,823.2898195481321,159.48132175146196,11.979937203928325,92
2012,3,23,62.25371988742007,741.8575531482419,159.48132175146196,11.979937203928325,92
2012,4,0,2.6782952373825175,672.7779413655983,197.9955596581531,15.105211200040708,92
2012,4,1,-29.417229811996716,640.682416316219,197.9955596581531,15.105211200040708,92
2012,4,2,-44.91890756126081,625.1807385669549,197.9955596581531,15.105211200040708,92
2012,4,3,-40.5379556042457,629.56169052397,197.9955596581531,15.105211200040708,92
2012,4,4,0.0,670.0996461282157,197.9955596581531,15.105211200040708,92
2012,4,5,84.83929871558198,754.9389448437977,197.9955596581531,15.105211200040708,92
2012,4,6,163.99184371097482,834.0914898391906,197.9955596581531,15.105211200040708,92
2012,4,7,210.9118775425165,881.0115236707322,197.9955596581531,15.105211200040708,92
2012,4,8,251.6379182761867,921.7375644044024,197.9955596581531,15.105211200040708,92
2012,4,9,272.12294325145007,942.2225893796657,197.9955596581531,15.105211200040708,92
2012,4,10,279.14769006008487,949.2473361883006,197.9955596581531,15.105211200040708,92
2012,4,11,283.35929461039285,953.4589407386085,197.9955596581531,15.105211200040708,92
2012,4,12,287.1185408305917,957.2181869588073,197.9955596581531,15.105211200040708,92
2012,4,13,291.26134367645295,961.3609898046686,197.9955596581531,15.105211200040708,92
2012,4,14,302.0501730211607,972.1498191493763,197.9955596581531,15.105211200040708,92
2012,4,15,316.49650963679267,986.5961557650083,197.9955596581531,15.105211200040708,92
2012,4,16,332.47535677978885,1002.5750029080045,197.9955596581531,15.105211200040708,92
2012,4,17,373.30340913620023,1043.403055264416,197.9955596581531,15.105211200040708,92
2012,4,18,389.8635046755039,1059.9631508037196,197.9955596581531,15.105211200040708,92
2012,4,19,343.16858393032743,1013.2682300585432,197.9955596581531,15.105211200040708,92
2012,4,20,293.2803675724431,963.3800137006588,197.9955596581531,15.105211200040708,92
2012,4,21,225.92383621938848,896.0234823476042,197.9955596581531,15.105211200040708,92
2012,4,22,136.54458969507388,806.6442358232896,197.9955596581531,15.105211200040708,92
2012,4,23,57.27362320621173,727.3732693344274,197.9955596581531,15.105211200040708,92
2013,1,0,90.71756632090698,674.5501650413355,225.30146798015343,17.433514913378293,90
2013,1,1,38.34977629399415,622.1823750144226,225.30146798015343,17.433514913378293,90
2013,1,2,8.019214055659896,591.8518127760884,225.30146798015343,17.433514913378293,90
2013,1,3,-6.187263859003709,577.6453348614248,225.30146798015343,17.433514913378293,90
2013,1,4,0.0,583.8325987204286,225.30146798015343,17.433514913378293,90
2013,1,5,42.81876102148778,626.6513597419163,225.30146798015343,17.433514913378293,90
2013,1,6,129.0242131153693,712.8568118357979,225.30146798015343,17.433514913378293,90
2013,1,7,213.42781931480252,797.2604180352309,225.30146798015343,17.433514913378293,90
2013,1,8,239.68441516510362,823.517013885532,225.30146798015343,17.433514913378293,90
2013,1,9,267.7534360951232,851.5860348155517,225.30146798015343,17.433514913378293,90
2013,1,10,274.46988401296824,858.3024827333968,225.30146798015343,17.433514913378293,90
2013,1,11,271.3493339453256,855.1819326657542,225.30146798015343,17.433514913378293,90
2013,1,12,267.47894380246817,851.3115425228966,225.30146798015343,17.433514913378293,90
2013,1,13,266.66531487029414,850.4979135907226,225.30146798015343,17.433514913378293,90
2013,1,14,266.7572545611869,850.5898532816154,225.30146798015343,17.433514913378293,90
2013,1,15,277.31543999122636,861.1480387116547,225.30146798015343,17.433514913378293,90
2013,1,16,300.78760256577425,884.6202012862027,225.30146798015343,17.433514913378293,90
2013,1,17,330.909843367721,914.7424420881496,225.30146798015343,17.433514913378293,90
2013,1,18,373.56918412200173,957.4017828424303,225.30146798015343,17.433514913378293,90
2013,1,19,420.22484243610495,1004.0574411565334,225.30146798015343,17.433514913378293,90
2013,1,20,388.6575236928264,972.4901224132548,225.30146798015343,17.433514913378293,90
2013,1,21,334.05169747187944,917.8842961923078,225.30146798015343,17.433514913378293,90
2013,1,22,263.2229001641952,847.0554988846238,225.30146798015343,17.433514913378293,90
2013,1,23,170.3574830101821,754.1900817306106,225.30146798015343,17.433514913378293,90
2013,2,0,97.33947314403339,718.7310825428923,243.63945981741858,19.148641375571604,91
2013,2,1,43.65769470781966,665.0493041066786,243.63945981741858,19.148641375571604,91
2013,2,2,11.69773581102036,633.0893452098793,243.63945981741858,19.148641375571604,91
2013,2,3,-3.8772307700694504,617.5143786287895,243.63945981741858,19.148641375571604,91
2013,2,4,0.0,621.391609398859,243.63945981741858,19.148641375571604,91
2013,2,5,38.36992396797603,659.7615333668349,243.63945981741858,19.148641375571604,91
2013,2,6,119.29498441966729,740.6865938185263,243.63945981741858,19.148641375571604,91
2013,2,7,195.388497150886,816.780106549745,243.63945981741858,19.148641375571604,91
2013,2,8,234.97388959014583,856.3654989890048,243.63945981741858,19.148641375571604,91
2013,2,9,258.3116767811301,879.703286179989,243.63945981741858,19.148641375571604,91
2013,2,10,269.0038959974231,890.395505396282,243.63945981741858,19.148641375571604,91
2013,2,11,270.96225208701287,892.3538614858718,243.63945981741858,19.148641375571604,91
2013,2,12,273.7956124134461,895.1872218123052,243.63945981741858,19.148641375571604,91
2013,2,13,277.664995669195,899.056605068054,243.63945981741858,19.148641375571604,91
2013,2,14,283.8743176174634,905.2659270163224,243.63945981741858,19.148641375571604,91
2013,2,15,301.5109269318279,922.9025363306869,243.63945981741858,19.148641375571604,91
2013,2,16,325.75157061064607,947.143180009505,243.63945981741858,19.148641375571604,91
2013,2,17,347.8605945999569,969.2522039988158,243.63945981741858,19.148641375571604,91
2013,2,18,369.36685083576475,990.7584602346237,243.63945981741858,19.148641375571604,91
2013,2,19,383.20015263666556,1004.5917620355244,243.63945981741858,19.148641375571604,91
2013,2,20,393.6754131591684,1015.0670225580272,243.63945981741858,19.148641375571604,91
2013,2,21,346.94852294846635,968.3401323473254,243.63945981741858,19.148641375571604,91
2013,2,22,276.00417378381604,897.3957831826749,243.63945981741858,19.148641375571604,91
2013,2,23,181.1274301740164,802.5190395728754,243.63945981741858,19.148641375571604,91
2013,3,0,105.02079788342871,764.967934043336,259.62407990709823,20.868157808429395,92
2013,3,1,49.05982512489817,709.0069612848055,259.62407990709823,20.868157808429395,92
2013,3,2,14.43811539906976,674.3852515589771,259.62407990709823,20.868157808429395,92
2013,3,3,-2.8370026315635344,657.1101335283438,259.62407990709823,20.868157808429395,92
2013,3,4,0.0,659.9471361599074,259.62407990709823,20.868157808429395,92
2013,3,5,36.12241799128434,696.0695541511916,259.62407990709823,20.868157808429395,92
2013,3,6,116.68297293075636,776.6301090906637,259.62407990709823,20.868157808429395,92
2013,3,7,190.22394995131071,850.1710861112181,259.62407990709823,20.868157808429395,92
2013,3,8,233.30395894373902,893.2510951036464,259.62407990709823,20.868157808429395,92
2013,3,9,257.65631521994425,917.6034513798517,259.62407990709823,20.868157808429395,92
2013,3,10,265.84582735513135,925.7929635150387,259.62407990709823,20.868157808429395,92
2013,3,11,267.73166434283024,927.6788005027375,259.62407990709823,20.868157808429395,92
2013,3,12,268.8905544764845,928.8376906363919,259.62407990709823,20.868157808429395,92
2013,3,13,273.18408688937853,933.131223049286,259.62407990709823,20.868157808429395,92
2013,3,14,282.6682053290261,942.6153414889334,259.62407990709823,20.868157808429395,92
2013,3,15,303.65423439851145,963.6013705584188,259.62407990709823,20.868157808429395,92
2013,3,16,331.56962907338016,991.5167652332874,259.62407990709823,20.868157808429395,92
2013,3,17,357.8794883974054,1017.8266245573126,259.62407990709823,20.868157808429395,92
2013,3,18,380.79225960807446,1040.7393957679817,259.62407990709823,20.868157808429395,92
2013,3,19,396.3029593755906,1056.250095535498,259.62407990709823,20.868157808429395,92
2013,3,20,400.54709585382335,1060.4942320137307,259.62407990709823,20.868157808429395,92
2013,3,21,352.9373399051014,1012.8844760650087,259.62407990709823,20.868157808429395,92
2013,3,22,283.44586544172665,943.393001601634,259.62407990709823,20.868157808429395,92
2013,3,23,188.92915692987998,848.8762930897873,259.62407990709823,20.868157808429395,92
2013,4,0,96.32778420744526,730.8457193078473,279.85689840193857,22.842306991882968,92
2013,4,1,44.12534470895152,678.6432798093534,279.85689840193857,22.842306991882968,92
2013,4,2,12.04858111214556,646.5665162125475,279.85689840193857,22.842306991882968,92
2013,4,3,-4.3285024239112575,630.1894326764906,279.85689840193857,22.842306991882968,92
2013,4,4,0.0,634.5179351004019,279.85689840193857,22.842306991882968,92
2013,4,5,39.79144734207223,674.3093824424742,279.85689840193857,22.842306991882968,92
2013,4,6,122.74730851302674,757.2652436134287,279.85689840193857,22.842306991882968,92
2013,4,7,199.9206409157704,834.4385760161722,279.85689840193857,22.842306991882968,92
2013,4,8,233.09142845421084,867.6093635546127,279.85689840193857,22.842306991882968,92
2013,4,9,257.1681321122208,891.6860672126228,279.85689840193857,22.842306991882968,92
2013,4,10,265.54685516047,900.0647902608719,279.85689840193857,22.842306991882968,92
2013,4,11,265.57791378847213,900.095848888874,279.85689840193857,22.842306991882968,92
2013,4,12,269.6572222305845,904.1751573309864,279.85689840193857,22.842306991882968,92
2013,4,13,278.24530401258926,912.7632391129911,279.85689840193857,22.842306991882968,92
2013,4,14,292.750621082674,927.2685561830759,279.85689840193857,22.842306991882968,92
2013,4,15,312.4850241079353,947.0029592083373,279.85689840193857,22.842306991882968,92
2013,4,16,342.1972829326404,976.7152180330422,279.85689840193857,22.842306991882968,92
2013,4,17,372.2429318021491,1006.760866902551,279.85689840193857,22.842306991882968,92
2013,4,18,415.91086688425594,1050.4288019846579,279.85689840193857,22.842306991882968,92
2013,4,19,427.6066335581428,1062.1245686585446,279.85689840193857,22.842306991882968,92
2013,4,20,382.81545263248796,1017.3333877328898,279.85689840193857,22.842306991882968,92
2013,4,21,331.66112753408623,966.1790626344882,279.85689840193857,22.842306991882968,92
2013,4,22,265.4508542068631,899.9687893072651,279.85689840193857,22.842306991882968,92
2013,4,23,175.27615016732017,809.7940852677222,279.85689840193857,22.842306991882968,92
2014,1,0,89.6412650559238,684.263317422543,296.8647925032747,24.247388240098108,90
2014,1,1,39.37231116285976,633.994363529479,296.8647925032747,24.247388240098108,90
2014,1,2,8.271356715621062,602.8934090822403,296.8647925032747,24.247388240098108,90
2014,1,3,-6.5876194538473065,588.0344329127719,296.8647925032747,24.247388240098108,90
2014,1,4,0.0,594.6220523666192,296.8647925032747,24.247388240098108,90
2014,1,5,40.70461605393279,635.326668420552,296.8647925032747,24.247388240098108,90
2014,1,6,123.83667767554927,718.4587300421684,296.8647925032747,24.247388240098108,90
2014,1,7,207.07271732992297,801.694769696542,296.8647925032747,24.247388240098108,90
2014,1,8,227.64070514677377,822.2627575133929,296.8647925032747,24.247388240098108,90
2014,1,9,241.39035057233684,836.012402938956,296.8647925032747,24.247388240098108,90
2014,1,10,238.8536594292866,833.4757117959058,296.8647925032747,24.247388240098108,90
2014,1,11,234.04656676760283,828.668619134222,296.8647925032747,24.247388240098108,90
2014,1,12,230.53244949724208,825.1545018638612,296.8647925032747,24.247388240098108,90
2014,1,13,229.58566544462855,824.2077178112477,296.8647925032747,24.247388240098108,90
2014,1,14,235.86399765467334,830.4860500212925,296.8647925032747,24.247388240098108,90
2014,1,15,255.5646802264558,850.1867325930749,296.8647925032747,24.247388240098108,90
2014,1,16,285.79460274788045,880.4166551144996,296.8647925032747,24.247388240098108,90
2014,1,17,327.0748114466287,921.6968638132478,296.8647925032747,24.247388240098108,90
2014,1,18,376.05453666324985,970.6765890298691,296.8647925032747,24.247388240098108,90
2014,1,19,416.56823935517303,1011.1902917217923,296.8647925032747,24.247388240098108,90
2014,1,20,384.18800400100736,978.8100563676264,296.8647925032747,24.247388240098108,90
2014,1,21,332.24943260048184,926.871484967101,296.8647925032747,24.247388240098108,90
2014,1,22,260.68237366622634,855.3044260328454,296.8647925032747,24.247388240098108,90
2014,1,23,168.2496801461635,762.8717325127827,296.8647925032747,24.247388240098108,90
2014,2,0,96.31843836431555,715.315799550279,307.03060256785517,25.22683761412803,91
2014,2,1,44.240361616013914,663.2377228019775,307.03060256785517,25.22683761412803,91
2014,2,2,12.420881872782067,631.4182430587457,307.03060256785517,25.22683761412803,91
2014,2,3,-3.757981521175221,615.2393796647883,307.03060256785517,25.22683761412803,91
2014,2,4,0.0,618.9973611859635,307.03060256785517,25.22683761412803,91
2014,2,5,38.26080044312712,657.2581616290906,307.03060256785517,25.22683761412803,91
2014,2,6,115.3500470519478,734.3474082379114,307.03060256785517,25.22683761412803,91
2014,2,7,182.65990705890198,801.6572682448656,307.03060256785517,25.22683761412803,91
2014,2,8,206.637794155207,825.6351553411706,307.03060256785517,25.22683761412803,91
2014,2,9,218.0548964522454,837.052257638209,307.03060256785517,25.22683761412803,91
2014,2,10,215.63539763053717,834.6327588165008,307.03060256785517,25.22683761412803,91
2014,2,11,209.88813335722298,828.8854945431865,307.03060256785517,25.22683761412803,91
2014,2,12,208.98609609283446,827.983457278798,307.03060256785517,25.22683761412803,91
2014,2,13,215.08463065668116,834.0819918426447,307.03060256785517,25.22683761412803,91
2014,2,14,228.03407091915852,847.0314321051221,307.03060256785517,25.22683761412803,91
2014,2,15,247.34963898109712,866.3470001670606,307.03060256785517,25.22683761412803,91
2014,2,16,280.46817318944505,899.4655343754087,307.03060256785517,25.22683761412803,91
2014,2,17,316.3121728933421,935.3095340793056,307.03060256785517,25.22683761412803,91
2014,2,18,350.7230318702418,969.7203930562054,307.03060256785517,25.22683761412803,91
2014,2,19,371.0805651948274,990.0779263807909,307.03060256785517,25.22683761412803,91
2014,2,20,381.05407603751223,1000.0514372234758,307.03060256785517,25.22683761412803,91
2014,2,21,336.9995941016385,955.996955287602,307.03060256785517,25.22683761412803,91
2014,2,22,267.14419705704364,886.1415582430071,307.03060256785517,25.22683761412803,91
2014,2,23,176.81918301797762,795.8165442039411,307.03060256785517,25.22683761412803,91
2014,3,0,107.26528912379126,786.5760321802106,316.8679057477052,26.096769718275443,92
2014,3,1,50.994183954280835,730.3049270107003,316.8679057477052,26.096769718275443,92
2014,3,2,16.19584800270703,695.5065910591264,316.8679057477052,26.096769718275443,92
2014,3,3,-2.1008301837922003,677.2099128726272,316.8679057477052,26.096769718275443,92
2014,3,4,0.0,679.3107430564195,316.8679057477052,26.096769718275443,92
2014,3,5,35.582212099108254,714.8929551555277,316.8679057477052,26.096769718275443,92
2014,3,6,111.57663060646631,790.8873736628857,316.8679057477052,26.096769718275443,92
2014,3,7,177.8045252980679,857.1152683544873,316.8679057477052,26.096769718275443,92
2014,3,8,211.81760890793694,891.1283519643564,316.8679057477052,26.096769718275443,92
2014,3,9,223.67001942548865,902.9807624819081,316.8679057477052,26.096769718275443,92
2014,3,10,223.80387036579404,903.1146134222136,316.8679057477052,26.096769718275443,92
2014,3,11,220.5963053967127,899.9070484531321,316.8679057477052,26.096769718275443,92
2014,3,12,222.612814262267,901.9235573186864,316.8679057477052,26.096769718275443,92
2014,3,13,229.9894137381893,909.3001567946088,316.8679057477052,26.096769718275443,92
2014,3,14,240.39162290414927,919.7023659605686,316.8679057477052,26.096769718275443,92
2014,3,15,269.936689219551,949.2474322759704,316.8679057477052,26.096769718275443,92
2014,3,16,310.3894844355921,989.7002274920115,316.8679057477052,26.096769718275443,92
2014,3,17,348.82454296996116,1028.1352860263805,316.8679057477052,26.096769718275443,92
2014,3,18,378.1328083110996,1057.4435513675191,316.8679057477052,26.096769718275443,92
2014,3,19,393.0900434740385,1072.400786530458,316.8679057477052,26.096769718275443,92
2014,3,20,396.6207371309519,1075.9314801873713,316.8679057477052,26.096769718275443,92
2014,3,21,354.9999845827462,1034.3107276391656,316.8679057477052,26.096769718275443,92
2014,3,22,283.79002021178314,963.1007632682025,316.8679057477052,26.096769718275443,92
2014,3,23,190.20627447472253,869.517017531142,316.8679057477052,26.096769718275443,92
2014,4,0,91.98351162289288,720.1663130684996,328.4649365788599,27.01839424734232,92
2014,4,1,41.35762827330574,669.5404297189125,328.4649365788599,27.01839424734232,92
2014,4,2,9.636919848730916,637.8197212943377,328.4649365788599,27.01839424734232,92
2014,4,3,-6.039671917586693,622.14312952802,328.4649365788599,27.01839424734232,92
2014,4,4,0.0,628.1828014456067,328.4649365788599,27.01839424734232,92
2014,4,5,39.893451735779095,668.0762531813859,328.4649365788599,27.01839424734232,92
2014,4,6,122.27726506484647,750.4600665104533,328.4649365788599,27.01839424734232,92
2014,4,7,197.9287279288145,826.1115293744213,328.4649365788599,27.01839424734232,92
2014,4,8,223.46754242863554,851.6503438742423,328.4649365788599,27.01839424734232,92
2014,4,9,234.52311460329932,862.705916048906,328.4649365788599,27.01839424734232,92
2014,4,10,230.8310877580884,859.013889203695,328.4649365788599,27.01839424734232,92
2014,4,11,224.10602720152,852.2888286471267,328.4649365788599,27.01839424734232,92
2014,4,12,223.02338844731804,851.2061898929248,328.4649365788599,27.01839424734232,92
2014,4,13,230.16631736562096,858.3491188112276,328.4649365788599,27.01839424734232,92
2014,4,14,244.11517454477922,872.297975990386,328.4649365788599,27.01839424734232,92
2014,4,15,272.50570368846644,900.6885051340731,328.4649365788599,27.01839424734232,92
2014,4,16,311.37097435521,939.5537758008168,328.4649365788599,27.01839424734232,92
2014,4,17,352.4510183496974,980.6338197953041,328.4649365788599,27.01839424734232,92
2014,4,18,401.04629582408796,1029.2290972696946,328.4649365788599,27.01839424734232,92
2014,4,19,411.48220907181354,1039.6650105174203,328.4649365788599,27.01839424734232,92
2014,4,20,370.7828784152215,998.9656798608282,328.4649365788599,27.01839424734232,92
2014,4,21,321.02789932615997,949.2107007717668,328.4649365788599,27.01839424734232,92
2014,4,22,254.22433246203633,882.4071339076431,328.4649365788599,27.01839424734232,92
2014,4,23,167.69281598926602,795.8756174348729,328.4649365788599,27.01839424734232,92
2015,1,0,86.69932211792145,663.3479950589084,338.8357404485969,27.84633496761018,90
2015,1,1,37.69245011082411,614.3411230518111,338.8357404485969,27.84633496761018,90
2015,1,2,7.200945949145906,583.8496188901329,338.8357404485969,27.84633496761018,90
2015,1,3,-7.287714130608522,569.3609588103784,338.8357404485969,27.84633496761018,90
2015,1,4,0.0,576.648672940987,338.8357404485969,27.84633496761018,90
2015,1,5,39.78782805143653,616.4365009924235,338.8357404485969,27.84633496761018,90
2015,1,6,120.88957714480819,697.5382500857952,338.8357404485969,27.84633496761018,90
2015,1,7,200.642198444376,777.2908713853631,338.8357404485969,27.84633496761018,90
2015,1,8,215.1812261999671,791.8298991409541,338.8357404485969,27.84633496761018,90
2015,1,9,216.86389013974622,793.5125630807332,338.8357404485969,27.84633496761018,90
2015,1,10,205.08997423590347,781.7386471768904,338.8357404485969,27.84633496761018,90
2015,1,11,186.7666636907857,763.4153366317727,338.8357404485969,27.84633496761018,90
2015,1,12,177.9048961982191,754.5535691392059,338.8357404485969,27.84633496761018,90
2015,1,13,175.8790959670894,752.5277689080763,338.8357404485969,27.84633496761018,90
2015,1,14,185.8053236678391,762.4539966088261,338.8357404485969,27.84633496761018,90
2015,1,15,207.9637770387657,784.6124499797527,338.8357404485969,27.84633496761018,90
2015,1,16,251.50577106146133,828.1544440024484,338.8357404485969,27.84633496761018,90
2015,1,17,302.49666131540965,879.1453342563966,338.8357404485969,27.84633496761018,90
2015,1,18,355.88921183934224,932.5378847803294,338.8357404485969,27.84633496761018,90
2015,1,19,400.3692246615509,977.0178976025379,338.8357404485969,27.84633496761018,90
2015,1,20,371.39331714925277,948.0419900902398,338.8357404485969,27.84633496761018,90
2015,1,21,321.436211369051,898.0848843100381,338.8357404485969,27.84633496761018,90
2015,1,22,251.86956164914199,828.5182345901289,338.8357404485969,27.84633496761018,90
2015,1,23,163.17343592841013,739.8221088693971,338.8357404485969,27.84633496761018,90
2015,2,0,93.89245519147943,712.9592067343618,352.4160947447092,28.886638136434982,91
2015,2,1,42.91691743999528,661.9836689828777,352.4160947447092,28.886638136434982,91
2015,2,2,11.751429287523633,630.8181808304062,352.4160947447092,28.886638136434982,91
2015,2,3,-3.9288377104321577,615.1379138324503,352.4160947447092,28.886638136434982,91
2015,2,4,0.0,619.0667515428825,352.4160947447092,28.886638136434982,91
2015,2,5,38.0631369269648,657.1298884698472,352.4160947447092,28.886638136434982,91
2015,2,6,114.08510785347809,733.1518593963606,352.4160947447092,28.886638136434982,91
2015,2,7,176.2383116584567,795.3050632013391,352.4160947447092,28.886638136434982,91
2015,2,8,190.58609403810104,809.6528455809835,352.4160947447092,28.886638136434982,91
2015,2,9,187.34073704859404,806.4074885914765,352.4160947447092,28.886638136434982,91
2015,2,10,176.80664901082778,795.8734005537102,352.4160947447092,28.886638136434982,91
2015,2,11,165.28104889583372,784.347800438716,352.4160947447092,28.886638136434982,91
2015,2,12,161.8159837361603,780.8827352790427,352.4160947447092,28.886638136434982,91
2015,2,13,168.47096093544025,787.5377124783226,352.4160947447092,28.886638136434982,91
2015,2,14,183.44214997579155,802.508901518674,352.4160947447092,28.886638136434982,91
2015,2,15,208.55752016277353,827.6242717056559,352.4160947447092,28.886638136434982,91
2015,2,16,250.43501617574884,869.5017677186313,352.4160947447092,28.886638136434982,91
2015,2,17,299.90126693197954,918.968018474862,352.4160947447092,28.886638136434982,91
2015,2,18,342.69137831550694,961.7581298583893,352.4160947447092,28.886638136434982,91
2015,2,19,365.9192954886927,984.986047031575,352.4160947447092,28.886638136434982,91
2015,2,20,376.3444507005261,995.4112022434085,352.4160947447092,28.886638136434982,91
2015,2,21,332.4672117700876,951.53396331297,352.4160947447092,28.886638136434982,91
2015,2,22,263.156759283961,882.2235108268434,352.4160947447092,28.886638136434982,91
2015,2,23,172.0345678284087,791.1013193712912,352.4160947447092,28.886638136434982,91
2015,3,0,107.26701653335562,814.021516603532,368.68293850305383,29.983508069427202,92
2015,3,1,51.44191851466627,758.1964185848426,368.68293850305383,29.983508069427202,92
2015,3,2,16.487268876293644,723.2417689464698,368.68293850305383,29.983508069427202,92
2015,3,3,-1.9831470035838195,704.7713530665925,368.68293850305383,29.983508069427202,92
2015,3,4,0.0,706.7545000701763,368.68293850305383,29.983508069427202,92
2015,3,5,35.74069851861549,742.4951985887917,368.68293850305383,29.983508069427202,92
2015,3,6,110.64942268317807,817.4039227533543,368.68293850305383,29.983508069427202,92
2015,3,7,175.72255007098,882.4770501411564,368.68293850305383,29.983508069427202,92
2015,3,8,203.11726016432596,909.8717602345023,368.68293850305383,29.983508069427202,92
2015,3,9,211.07604632152075,917.830546391697,368.68293850305383,29.983508069427202,92
2015,3,10,208.53167055539535,915.2861706255717,368.68293850305383,29.983508069427202,92
2015,3,11,200.68605063948652,907.4405507096628,368.68293850305383,29.983508069427202,92
2015,3,12,202.2202907078992,908.9747907780754,368.68293850305383,29.983508069427202,92
2015,3,13,217.15288827861673,923.907388348793,368.68293850305383,29.983508069427202,92
2015,3,14,238.38201771800007,945.1365177881764,368.68293850305383,29.983508069427202,92
2015,3,15,266.12419959163117,972.8786996618074,368.68293850305383,29.983508069427202,92
2015,3,16,310.02658405067785,1016.7810841208541,368.68293850305383,29.983508069427202,92
2015,3,17,352.3000670474947,1059.054567117671,368.68293850305383,29.983508069427202,92
2015,3,18,385.07017470157956,1091.8246747717558,368.68293850305383,29.983508069427202,92
2015,3,19,401.2669120497886,1108.021412119965,368.68293850305383,29.983508069427202,92
2015,3,20,402.0910379457782,1108.8455380159546,368.68293850305383,29.983508069427202,92
2015,3,21,357.5049638180614,1064.2594638882379,368.68293850305383,29.983508069427202,92
2015,3,22,285.16213061522853,991.9166306854049,368.68293850305383,29.983508069427202,92
2015,3,23,189.68930222044926,896.4438022906255,368.68293850305383,29.983508069427202,92
2015,4,0,91.98622401603359,746.953595856613,385.2515102398706,31.139856883553467,92
2015,4,1,41.44427371114241,696.4116455517218,385.2515102398706,31.139856883553467,92
2015,4,2,9.94132508421493,664.9086969247943,385.2515102398706,31.139856883553467,92
2015,4,3,-5.406504378751626,649.5608674618278,385.2515102398706,31.139856883553467,92
2015,4,4,0.0,654.9673718405794,385.2515102398706,31.139856883553467,92
2015,4,5,40.08457516543224,695.0519470060117,385.2515102398706,31.139856883553467,92
2015,4,6,121.21991486939362,776.187286709973,385.2515102398706,31.139856883553467,92
2015,4,7,191.7840540741201,846.7514259146996,385.2515102398706,31.139856883553467,92
2015,4,8,210.88499675220757,865.852368592787,385.2515102398706,31.139856883553467,92
2015,4,9,213.24589736264727,868.2132692032267,385.2515102398706,31.139856883553467,92
2015,4,10,205.22969792955035,860.1970697701298,385.2515102398706,31.139856883553467,92
2015,4,11,194.77837150118637,849.7457433417658,385.2515102398706,31.139856883553467,92
2015,4,12,187.86231501832444,842.8296868589039,385.2515102398706,31.139856883553467,92
2015,4,13,198.2172074336816,853.1845792742611,385.2515102398706,31.139856883553467,92
2015,4,14,221.0891408755536,876.0565127161329,385.2515102398706,31.139856883553467,92
2015,4,15,255.97131013866573,910.9386819792452,385.2515102398706,31.139856883553467,92
2015,4,16,304.2610057463553,959.2283775869347,385.2515102398706,31.139856883553467,92
2015,4,17,350.87675709156065,1005.84412893214,385.2515102398706,31.139856883553467,92
2015,4,18,403.02925718307574,1057.996629023655,385.2515102398706,31.139856883553467,92
2015,4,19,412.3093735449071,1067.2767453854865,385.2515102398706,31.139856883553467,92
2015,4,20,369.3825181784164,1024.349890018996,385.2515102398706,31.139856883553467,92
2015,4,21,320.20328841405865,975.170660254638,385.2515102398706,31.139856883553467,92
2015,4,22,254.87250562952968,909.8398774701091,385.2515102398706,31.139856883553467,92
2015,4,23,169.22241764164278,824.1897894822222,385.2515102398706,31.139856883553467,92
2016,1,0,91.07818524607221,680.1863998381264,400.51151939967474,32.15012983474274,91
2016,1,1,41.4522113492071,630.5604259412613,400.51151939967474,32.15012983474274,91
2016,1,2,9.474731903211097,598.5829464952652,400.51151939967474,32.15012983474274,91
2016,1,3,-5.6686349546972,583.4395796373569,400.51151939967474,32.15012983474274,91
2016,1,4,0.0,589.1082145920542,400.51151939967474,32.15012983474274,91
2016,1,5,39.919197423495255,629.0274120155494,400.51151939967474,32.15012983474274,91
2016,1,6,121.08294790557403,710.1911624976283,400.51151939967474,32.15012983474274,91
2016,1,7,196.72575913755517,785.8339737296094,400.51151939967474,32.15012983474274,91
2016,1,8,202.25368035099217,791.3618949430463,400.51151939967474,32.15012983474274,91
2016,1,9,191.11509043926264,780.2233050313167,400.51151939967474,32.15012983474274,91
2016,1,10,165.8064378582677,754.9146524503218,400.51151939967474,32.15012983474274,91
2016,1,11,147.08966465399388,736.1978792460482,400.51151939967474,32.15012983474274,91
2016,1,12,139.00828231837932,728.1164969104335,400.51151939967474,32.15012983474274,91
2016,1,13,142.91212239513814,732.0203369871923,400.51151939967474,32.15012983474274,91
2016,1,14,160.44901737177338,749.5572319638276,400.51151939967474,32.15012983474274,91
2016,1,15,190.71500817993848,779.8232227719926,400.51151939967474,32.15012983474274,91
2016,1,16,242.12522353975933,831.2334381318135,400.51151939967474,32.15012983474274,91
2016,1,17,305.27915683859726,894.3873714306515,400.51151939967474,32.15012983474274,91
2016,1,18,368.6629910712981,957.7712056633522,400.51151939967474,32.15012983474274,91
2016,1,19,412.7799048474787,1001.8881194395328,400.51151939967474,32.15012983474274,91
2016,1,20,380.93123939223517,970.0394539842894,400.51151939967474,32.15012983474274,91
2016,1,21,328.36276193199507,917.4709765240492,400.51151939967474,32.15012983474274,91
2016,1,22,258.70051616518367,847.8087307572379,400.51151939967474,32.15012983474274,91
2016,1,23,168.89559565821517,758.0038102502695,400.51151939967474,32.15012983474274,91
2016,2,0,96.52493326802376,723.8066890726586,414.11491719397327,32.97182358571191,91
2016,2,1,44.91055659143052,672.1923123960654,414.11491719397327,32.97182358571191,91
2016,2,2,12.068682969770821,639.3504387744057,414.11491719397327,32.97182358571191,91
2016,2,3,-4.208714633745408,623.0730411708895,414.11491719397327,32.97182358571191,91
2016,2,4,0.0,627.2817558046348,414.11491719397327,32.97182358571191,91
2016,2,5,38.17028751641787,665.4520433210528,414.11491719397327,32.97182358571191,91
2016,2,6,115.88239843410318,743.1641542387381,414.11491719397327,32.97182358571191,91
2016,2,7,171.53627421275093,798.8180300173857,414.11491719397327,32.97182358571191,91
2016,2,8,178.86517975799052,806.1469355626255,414.11491719397327,32.97182358571191,91
2016,2,9,166.17181686003934,793.4535726646742,414.11491719397327,32.97182358571191,91
2016,2,10,151.24965127462906,778.5314070792639,414.11491719397327,32.97182358571191,91
2016,2,11,138.44343932651662,765.7251951311514,414.11491719397327,32.97182358571191,91
2016,2,12,136.0231151386648,763.3048709432996,414.11491719397327,32.97182358571191,91
2016,2,13,141.43703066498276,768.7187864696177,414.11491719397327,32.97182358571191,91
2016,2,14,158.94121895585917,786.222974760494,414.11491719397327,32.97182358571191,91
2016,2,15,192.18427335502318,819.466029159658,414.11491719397327,32.97182358571191,91
2016,2,16,243.66352336470092,870.9452791693358,414.11491719397327,32.97182358571191,91
2016,2,17,297.933635785541,925.2153915901758,414.11491719397327,32.97182358571191,91
2016,2,18,347.11207971649844,974.3938355211333,414.11491719397327,32.97182358571191,91
2016,2,19,371.3401255060614,998.6218813106963,414.11491719397327,32.97182358571191,91
2016,2,20,379.598772314788,1006.8805281194229,414.11491719397327,32.97182358571191,91
2016,2,21,333.1702650980238,960.4520209026585,414.11491719397327,32.97182358571191,91
2016,2,22,265.134681942201,892.4164377468359,414.11491719397327,32.97182358571191,91
2016,2,23,176.89133628599038,804.1730920906251,414.11491719397327,32.97182358571191,91
2016,3,0,104.84985678730662,792.2842997792585,426.5464228000648,33.72789243320794,92
2016,3,1,51.011099392254934,738.4455423842068,426.5464228000648,33.72789243320794,92
2016,3,2,15.73254803070309,703.1669910226549,426.5464228000648,33.72789243320794,92
2016,3,3,-2.8596340238014193,684.5748089681504,426.5464228000648,33.72789243320794,92
2016,3,4,0.0,687.4344429919519,426.5464228000648,33.72789243320794,92
2016,3,5,36.83142492649267,724.2658679184445,426.5464228000648,33.72789243320794,92
2016,3,6,115.9963227031724,803.4307656951243,426.5464228000648,33.72789243320794,92
2016,3,7,176.95109939861487,864.3855423905668,426.5464228000648,33.72789243320794,92
2016,3,8,186.88250787736652,874.3169508693184,426.5464228000648,33.72789243320794,92
2016,3,9,177.9548065291728,865.3892495211246,426.5464228000648,33.72789243320794,92
2016,3,10,167.27935149079178,854.7137944827437,426.5464228000648,33.72789243320794,92
2016,3,11,154.63979626342433,842.0742392553763,426.5464228000648,33.72789243320794,92
2016,3,12,153.88775482348854,841.3221978154404,426.5464228000648,33.72789243320794,92
2016,3,13,163.8294380045696,851.2638809965215,426.5464228000648,33.72789243320794,92
2016,3,14,177.74448773922094,865.1789307311728,426.5464228000648,33.72789243320794,92
2016,3,15,214.24131529895172,901.6757582909034,426.5464228000648,33.72789243320794,92
2016,3,16,267.43011924795525,954.8645622399071,426.5464228000648,33.72789243320794,92
2016,3,17,325.75860442314513,1013.193047415097,426.5464228000648,33.72789243320794,92
2016,3,18,373.31369955507233,1060.7481425470241,426.5464228000648,33.72789243320794,92
2016,3,19,397.41676136834616,1084.8512043602982,426.5464228000648,33.72789243320794,92
2016,3,20,394.30924483615667,1081.7436878281085,426.5464228000648,33.72789243320794,92
2016,3,21,347.22969390881804,1034.66413690077,426.5464228000648,33.72789243320794,92
2016,3,22,277.7312156489241,965.165658640876,426.5464228000648,33.72789243320794,92
2016,3,23,187.12598473026145,874.5604277222134,426.5464228000648,33.72789243320794,92
2016,4,0,93.25134916882153,721.289576277645,436.4114756527387,34.52470721766612,92
2016,4,1,43.79374291189123,671.8319700207146,436.4114756527387,34.52470721766612,92
2016,4,2,10.977866596693273,639.0160937055167,436.4114756527387,34.52470721766612,92
2016,4,3,-5.63459599948317,622.4036311093403,436.4114756527387,34.52470721766612,92
2016,4,4,0.0,628.0382271088234,436.4114756527387,34.52470721766612,92
2016,4,5,39.57500550494165,667.613232613765,436.4114756527387,34.52470721766612,92
2016,4,6,121.3078472533497,749.3460743621731,436.4114756527387,34.52470721766612,92
2016,4,7,193.82013357363326,821.8583606824568,436.4114756527387,34.52470721766612,92
2016,4,8,202.77485502638925,830.8130821352127,436.4114756527387,34.52470721766612,92
2016,4,9,195.34277469411902,823.3810018029424,436.4114756527387,34.52470721766612,92
2016,4,10,178.42461873387714,806.4628458427005,436.4114756527387,34.52470721766612,92
2016,4,11,161.14838121398265,789.186608322806,436.4114756527387,34.52470721766612,92
2016,4,12,155.5806916626377,783.6189187714612,436.4114756527387,34.52470721766612,92
2016,4,13,167.94329617516533,795.9815232839886,436.4114756527387,34.52470721766612,92
2016,4,14,182.19805743951193,810.2362845483354,436.4114756527387,34.52470721766612,92
2016,4,15,224.2230217413832,852.2612488502067,436.4114756527387,34.52470721766612,92
2016,4,16,279.60516294709254,907.643390055916,436.4114756527387,34.52470721766612,92
2016,4,17,335.87786258323524,963.9160896920586,436.4114756527387,34.52470721766612,92
2016,4,18,396.2964461671773,1024.3346732760008,436.4114756527387,34.52470721766612,92
2016,4,19,403.17905305974904,1031.2172801685724,436.4114756527387,34.52470721766612,92
2016,4,20,364.2799197435041,992.3181468523275,436.4114756527387,34.52470721766612,92
2016,4,21,316.136351423426,944.1745785322495,436.4114756527387,34.52470721766612,92
2016,4,22,250.83850750572742,878.8767346145509,436.4114756527387,34.52470721766612,92
2016,4,23,168.19046012351149,796.2286872323349,436.4114756527387,34.52470721766612,92
2017,1,0,90.83959098015875,681.0951651301586,443.97005551734674,35.62549313327046,90
2017,1,1,41.30628682929074,631.5618609792906,443.97005551734674,35.62549313327046,90
2017,1,2,9.10535069269407,599.360924842694,443.97005551734674,35.62549313327046,90
2017,1,3,-6.568732889553779,583.6868412604462,443.97005551734674,35.62549313327046,90
2017,1,4,0.0,590.2555741499999,443.97005551734674,35.62549313327046,90
2017,1,5,39.73795623785781,629.9935303878577,443.97005551734674,35.62549313327046,90
2017,1,6,121.35808118113606,711.613655331136,443.97005551734674,35.62549313327046,90
2017,1,7,197.7787562053463,788.0343303553462,443.97005551734674,35.62549313327046,90
2017,1,8,198.17624729204496,788.4318214420449,443.97005551734674,35.62549313327046,90
2017,1,9,180.09821427477584,770.3537884247758,443.97005551734674,35.62549313327046,90
2017,1,10,148.52477525663517,738.7803494066351,443.97005551734674,35.62549313327046,90
2017,1,11,123.68709436044333,713.9426685104432,443.97005551734674,35.62549313327046,90
2017,1,12,112.59260315994314,702.848177309943,443.97005551734674,35.62549313327046,90
2017,1,13,120.91305904319707,711.168633193197,443.97005551734674,35.62549313327046,90
2017,1,14,132.84089078828706,723.096464938287,443.97005551734674,35.62549313327046,90
2017,1,15,170.13618705087686,760.3917612008768,443.97005551734674,35.62549313327046,90
2017,1,16,227.4406597768718,817.6962339268717,443.97005551734674,35.62549313327046,90
2017,1,17,297.7112084185879,887.9667825685877,443.97005551734674,35.62549313327046,90
2017,1,18,366.2925299755493,956.5481041255492,443.97005551734674,35.62549313327046,90
2017,1,19,407.5390985226875,997.7946726726874,443.97005551734674,35.62549313327046,90
2017,1,20,377.6831671868412,967.9387413368412,443.97005551734674,35.62549313327046,90
2017,1,21,326.66229561892294,916.917869768923,443.97005551734674,35.62549313327046,90
2017,1,22,256.0706262575881,846.3262004075881,443.97005551734674,35.62549313327046,90
2017,1,23,169.07483023177127,759.3304043817712,443.97005551734674,35.62549313327046,90
2017,2,0,100.60518600646876,734.3861123085217,450.8342761723932,37.20736157754668,91
2017,2,1,47.295974133867574,681.0769004359204,450.8342761723932,37.20736157754668,91
2017,2,2,14.024368643545317,647.8052949455982,450.8342761723932,37.20736157754668,91
2017,2,3,-3.1963787200226443,630.5845475820303,450.8342761723932,37.20736157754668,91
2017,2,4,0.0,633.7809263020529,450.8342761723932,37.20736157754668,91
2017,2,5,37.28078989707625,671.0617161991291,450.8342761723932,37.20736157754668,91
2017,2,6,112.26655061546882,746.0474769175217,450.8342761723932,37.20736157754668,91
2017,2,7,162.4865296979841,796.2674560000369,450.8342761723932,37.20736157754668,91
2017,2,8,159.55050799865654,793.3314343007094,450.8342761723932,37.20736157754668,91
2017,2,9,140.08116904582116,773.862095347874,450.8342761723932,37.20736157754668,91
2017,2,10,119.99325731346417,753.774183615517,450.8342761723932,37.20736157754668,91
2017,2,11,104.35883779449786,738.1397640965506,450.8342761723932,37.20736157754668,91
2017,2,12,105.81346590672699,739.5943922087798,450.8342761723932,37.20736157754668,91
2017,2,13,116.26412145260474,750.0450477546575,450.8342761723932,37.20736157754668,91
2017,2,14,137.85868091206126,771.6396072141141,450.8342761723932,37.20736157754668,91
2017,2,15,176.97958870420487,810.7605150062576,450.8342761723932,37.20736157754668,91
2017,2,16,233.33841970029886,867.1193460023517,450.8342761723932,37.20736157754668,91
2017,2,17,293.55467187626743,927.3355981783203,450.8342761723932,37.20736157754668,91
2017,2,18,348.7732529266804,982.5541792287332,450.8342761723932,37.20736157754668,91
2017,2,19,374.0136860206287,1007.7946123226816,450.8342761723932,37.20736157754668,91
2017,2,20,379.8200826725528,1013.6010089746056,450.8342761723932,37.20736157754668,91
2017,2,21,336.48574998603357,970.2666762880864,450.8342761723932,37.20736157754668,91
2017,2,22,268.4684361353667,902.2493624374194,450.8342761723932,37.20736157754668,91
2017,2,23,180.086975087059,813.8679013891118,450.8342761723932,37.20736157754668,91
2017,3,0,110.07395811644696,799.1831163323238,459.42082118633033,39.02571898826093,92
2017,3,1,54.169580322371225,743.278738538248,459.42082118633033,39.02571898826093,92
2017,3,2,18.11794876500792,707.2271069808847,459.42082118633033,39.02571898826093,92
2017,3,3,-1.5773419722682804,687.5318162436087,459.42082118633033,39.02571898826093,92
2017,3,4,0.0,689.1091582158768,459.42082118633033,39.02571898826093,92
2017,3,5,34.886127283940716,723.9952854998176,459.42082118633033,39.02571898826093,92
2017,3,6,108.67877602239479,797.7879342382715,459.42082118633033,39.02571898826093,92
2017,3,7,161.52385525535402,850.6330134712309,459.42082118633033,39.02571898826093,92
2017,3,8,161.3642062728587,850.4733644887356,459.42082118633033,39.02571898826093,92
2017,3,9,139.35052641174457,828.4596846276214,459.42082118633033,39.02571898826093,92
2017,3,10,118.86685524210873,807.9760134579856,459.42082118633033,39.02571898826093,92
2017,3,11,102.80627709909196,791.9154353149688,459.42082118633033,39.02571898826093,92
2017,3,12,101.31066877608646,790.4198269919633,459.42082118633033,39.02571898826093,92
2017,3,13,113.00182882264174,802.1109870385186,459.42082118633033,39.02571898826093,92
2017,3,14,136.61993254832686,825.7290907642038,459.42082118633033,39.02571898826093,92
2017,3,15,180.46187999007526,869.5710382059522,459.42082118633033,39.02571898826093,92
2017,3,16,243.23477245617414,932.343930672051,459.42082118633033,39.02571898826093,92
2017,3,17,314.73400076551945,1003.8431589813963,459.42082118633033,39.02571898826093,92
2017,3,18,372.5674604090528,1061.6766186249297,459.42082118633033,39.02571898826093,92
2017,3,19,396.89498533089966,1086.0041435467765,459.42082118633033,39.02571898826093,92
2017,3,20,394.28028422911177,1083.3894424449886,459.42082118633033,39.02571898826093,92
2017,3,21,348.9905344691231,1038.0996926849998,459.42082118633033,39.02571898826093,92
2017,3,22,280.74733107269464,969.8564892885717,459.42082118633033,39.02571898826093,92
2017,3,23,191.64662301784273,880.7557812337196,459.42082118633033,39.02571898826093,92
2017,4,0,88.44483411570236,708.874105135356,470.39297279203237,41.17720371452965,92
2017,4,1,38.78302569947042,659.2122967191241,470.39297279203237,41.17720371452965,92
2017,4,2,7.605380440784473,628.0346514604381,470.39297279203237,41.17720371452965,92
2017,4,3,-6.820993428846387,613.6082775908072,470.39297279203237,41.17720371452965,92
2017,4,4,0.0,620.4292710196536,470.39297279203237,41.17720371452965,92
2017,4,5,39.07339725764043,659.5026682772941,470.39297279203237,41.17720371452965,92
2017,4,6,115.45838457276797,735.8876555924217,470.39297279203237,41.17720371452965,92
2017,4,7,183.69211268800376,804.1213837076574,470.39297279203237,41.17720371452965,92
2017,4,8,182.2114899609741,802.6407609806278,470.39297279203237,41.17720371452965,92
2017,4,9,162.02209159717387,782.4513626168275,470.39297279203237,41.17720371452965,92
2017,4,10,135.8314039262281,756.2606749458816,470.39297279203237,41.17720371452965,92
2017,4,11,120.27622472456679,740.7054957442205,470.39297279203237,41.17720371452965,92
2017,4,12,123.40191541907788,743.8311864387315,470.39297279203237,41.17720371452965,92
2017,4,13,135.23926847380358,755.6685394934572,470.39297279203237,41.17720371452965,92
2017,4,14,159.56947382360028,779.9987448432539,470.39297279203237,41.17720371452965,92
2017,4,15,198.85018906082297,819.2794600804766,470.39297279203237,41.17720371452965,92
2017,4,16,263.91843412552004,884.3477051451737,470.39297279203237,41.17720371452965,92
2017,4,17,326.62060261888263,947.0498736385363,470.39297279203237,41.17720371452965,92
2017,4,18,388.8242212250164,1009.25349224467,470.39297279203237,41.17720371452965,92
2017,4,19,394.10702504776594,1014.5362960674195,470.39297279203237,41.17720371452965,92
2017,4,20,353.5177291071438,973.9470001267974,470.39297279203237,41.17720371452965,92
2017,4,21,305.2804332362643,925.7097042559179,470.39297279203237,41.17720371452965,92
2017,4,22,241.86886803297665,862.2981390526302,470.39297279203237,41.17720371452965,92
2017,4,23,159.70285471676448,780.1321257364181,470.39297279203237,41.17720371452965,92
2018,1,0,87.1323751810066,671.235436083815,479.5206752158093,43.18395628012976,90
2018,1,1,37.79263931594111,621.8957002187494,479.5206752158093,43.18395628012976,90
2018,1,2,6.600836889951813,590.7038977927602,479.5206752158093,43.18395628012976,90
2018,1,3,-7.94846383117175,576.1545970716367,479.5206752158093,43.18395628012976,90
2018,1,4,0.0,584.1030609028084,479.5206752158093,43.18395628012976,90
2018,1,5,39.72857178872471,623.8316326915331,479.5206752158093,43.18395628012976,90
2018,1,6,117.20650952446421,701.3095704272725,479.5206752158093,43.18395628012976,90
2018,1,7,193.9093755475932,778.0124364504017,479.5206752158093,43.18395628012976,90
2018,1,8,193.44272314802907,777.5457840508374,479.5206752158093,43.18395628012976,90
2018,1,9,174.52282302921378,758.6258839320221,479.5206752158093,43.18395628012976,90
2018,1,10,141.74327451134624,725.8463354141546,479.5206752158093,43.18395628012976,90
2018,1,11,112.36860507572611,696.4716659785345,479.5206752158093,43.18395628012976,90
2018,1,12,100.38004675228206,684.4831076550904,479.5206752158093,43.18395628012976,90
2018,1,13,103.01971180942961,687.122772712238,479.5206752158093,43.18395628012976,90
2018,1,14,114.21484456442651,698.3179054672348,479.5206752158093,43.18395628012976,90
2018,1,15,154.07459255671225,738.1776534595207,479.5206752158093,43.18395628012976,90
2018,1,16,211.08405273645477,795.1871136392632,479.5206752158093,43.18395628012976,90
2018,1,17,285.42983022966484,869.5328911324732,479.5206752158093,43.18395628012976,90
2018,1,18,354.0072689481331,938.1103298509416,479.5206752158093,43.18395628012976,90
2018,1,19,391.98160953088745,976.0846704336958,479.5206752158093,43.18395628012976,90
2018,1,20,363.28003798110205,947.3830988839104,479.5206752158093,43.18395628012976,90
2018,1,21,313.3550758432984,897.4581367461068,479.5206752158093,43.18395628012976,90
2018,1,22,247.05357533284166,831.15663623565,479.5206752158093,43.18395628012976,90
2018,1,23,162.97873339889804,747.0817943017065,479.5206752158093,43.18395628012976,90
2018,2,0,94.14499356444996,727.2796702046775,486.23374036654576,44.7408503214505,91
2018,2,1,43.11081744211399,676.2454940823416,486.23374036654576,44.7408503214505,91
2018,2,2,10.761125893113345,643.8958025333409,486.23374036654576,44.7408503214505,91
2018,2,3,-5.277594770776192,627.8570818694515,486.23374036654576,44.7408503214505,91
2018,2,4,0.0,633.1346766402276,486.23374036654576,44.7408503214505,91
2018,2,5,37.335789786804334,670.470466427032,486.23374036654576,44.7408503214505,91
2018,2,6,111.42498769633444,744.559664336562,486.23374036654576,44.7408503214505,91
2018,2,7,161.30576492975737,794.4404415699848,486.23374036654576,44.7408503214505,91
2018,2,8,152.3036774050126,785.4383540452401,486.23374036654576,44.7408503214505,91
2018,2,9,128.49675082837882,761.6314274686065,486.23374036654576,44.7408503214505,91
2018,2,10,107.30618944032838,740.440866080556,486.23374036654576,44.7408503214505,91
2018,2,11,87.05072364875383,720.1854002889814,486.23374036654576,44.7408503214505,91
2018,2,12,85.74686281198314,718.8815394522107,486.23374036654576,44.7408503214505,91
2018,2,13,88.85749727859891,721.9921739188266,486.23374036654576,44.7408503214505,91
2018,2,14,109.55215535907591,742.6868319993035,486.23374036654576,44.7408503214505,91
2018,2,15,149.33563989998788,782.4703165402154,486.23374036654576,44.7408503214505,91
2018,2,16,208.77808462019823,841.9127612604258,486.23374036654576,44.7408503214505,91
2018,2,17,276.4787213157701,909.6133979559976,486.23374036654576,44.7408503214505,91
2018,2,18,334.70851789005735,967.8431945302849,486.23374036654576,44.7408503214505,91
2018,2,19,362.0776312639074,995.2123079041351,486.23374036654576,44.7408503214505,91
2018,2,20,363.9960915052507,997.1307681454783,486.23374036654576,44.7408503214505,91
2018,2,21,322.00016180339986,955.1348384436275,486.23374036654576,44.7408503214505,91
2018,2,22,255.50323288955974,888.6379095297873,486.23374036654576,44.7408503214505,91
2018,2,23,170.76312453674646,803.8978011769741,486.23374036654576,44.7408503214505,91
2018,3,0,104.79783560297807,796.601373106086,492.67547230599956,46.33367687628581,92
2018,3,1,50.74014863658972,742.5436861396977,492.67547230599956,46.33367687628581,92
2018,3,2,16.48822181893883,708.2917593220468,492.67547230599956,46.33367687628581,92
2018,3,3,-1.866302636786743,689.9372348663212,492.67547230599956,46.33367687628581,92
2018,3,4,0.0,691.8035375031079,492.67547230599956,46.33367687628581,92
2018,3,5,34.22083621255896,726.024373715667,492.67547230599956,46.33367687628581,92
2018,3,6,104.35655934999401,796.160096853102,492.67547230599956,46.33367687628581,92
2018,3,7,156.56440394300188,848.3679414461097,492.67547230599956,46.33367687628581,92
2018,3,8,155.93993367072065,847.7434711738287,492.67547230599956,46.33367687628581,92
2018,3,9,137.06028555834197,828.8638230614499,492.67547230599956,46.33367687628581,92
2018,3,10,119.05937187852587,810.8629093816339,492.67547230599956,46.33367687628581,92
2018,3,11,101.01451623842641,792.8180537415344,492.67547230599956,46.33367687628581,92
2018,3,12,99.15309833688383,790.9566358399918,492.67547230599956,46.33367687628581,92
2018,3,13,110.40918719359134,802.2127246966993,492.67547230599956,46.33367687628581,92
2018,3,14,133.01350167347542,824.8170391765833,492.67547230599956,46.33367687628581,92
2018,3,15,177.73975012546,869.543287628568,492.67547230599956,46.33367687628581,92
2018,3,16,237.60546859812385,929.4090061012317,492.67547230599956,46.33367687628581,92
2018,3,17,307.1307092980948,998.9342468012028,492.67547230599956,46.33367687628581,92
2018,3,18,361.4653684981486,1053.2689060012565,492.67547230599956,46.33367687628581,92
2018,3,19,384.26037905880554,1076.0639165619136,492.67547230599956,46.33367687628581,92
2018,3,20,380.59428670713817,1072.397824210246,492.67547230599956,46.33367687628581,92
2018,3,21,337.24841756362514,1029.0519550667332,492.67547230599956,46.33367687628581,92
2018,3,22,270.54483975592524,962.3483772590333,492.67547230599956,46.33367687628581,92
2018,3,23,184.11678296599877,875.9203204691067,492.67547230599956,46.33367687628581,92
2018,4,0,90.31456948711795,729.1385723593453,500.0431132043921,48.06003403028624,92
2018,4,1,41.383188931720994,680.2071918039483,500.0431132043921,48.06003403028624,92
2018,4,2,11.057671703051266,649.8816745752786,500.0431132043921,48.06003403028624,92
2018,4,3,-5.069328676383394,633.7546741958439,500.0431132043921,48.06003403028624,92
2018,4,4,0.0,638.8240028722273,500.0431132043921,48.06003403028624,92
2018,4,5,36.220303972233,675.0443068444603,500.0431132043921,48.06003403028624,92
2018,4,6,110.62013910502081,749.4441419772483,500.0431132043921,48.06003403028624,92
2018,4,7,179.23990685570323,818.0639097279305,500.0431132043921,48.06003403028624,92
2018,4,8,177.8315422177467,816.655545089974,500.0431132043921,48.06003403028624,92
2018,4,9,156.49349149576526,795.3174943679926,500.0431132043921,48.06003403028624,92
2018,4,10,126.6829686296707,765.5069715018981,500.0431132043921,48.06003403028624,92
2018,4,11,109.32001082079775,748.144013693025,500.0431132043921,48.06003403028624,92
2018,4,12,106.50427083041514,745.3282737026425,500.0431132043921,48.06003403028624,92
2018,4,13,122.88064541964054,761.7046482918679,500.0431132043921,48.06003403028624,92
2018,4,14,147.6508174618773,786.4748203341046,500.0431132043921,48.06003403028624,92
2018,4,15,197.8650938605497,836.689096732777,500.0431132043921,48.06003403028624,92
2018,4,16,269.4662330573439,908.2902359295712,500.0431132043921,48.06003403028624,92
2018,4,17,335.02044671751474,973.844449589742,500.0431132043921,48.06003403028624,92
2018,4,18,386.7406724415058,1025.5646753137332,500.0431132043921,48.06003403028624,92
2018,4,19,388.5846918342017,1027.408694706429,500.0431132043921,48.06003403028624,92
2018,4,20,348.80642120975125,987.6304240819785,500.0431132043921,48.06003403028624,92
2018,4,21,302.7638489595776,941.587851831805,500.0431132043921,48.06003403028624,92
2018,4,22,240.99792120562958,879.8219240778569,500.0431132043921,48.06003403028624,92
2018,4,23,160.89894712944488,799.7229500016722,500.0431132043921,48.06003403028624,92
2019,1,0,82.79495317432651,646.0897424755124,510.58873277853564,49.77451587561535,90
2019,1,1,36.31455653112588,599.6093458323118,510.58873277853564,49.77451587561535,90
2019,1,2,7.475340778437142,570.7701300796231,510.58873277853564,49.77451587561535,90
2019,1,3,-7.315124823133642,555.9796644780522,510.58873277853564,49.77451587561535,90
2019,1,4,0.0,563.2947893011859,510.58873277853564,49.77451587561535,90
2019,1,5,36.76492345204613,600.059712753232,510.58873277853564,49.77451587561535,90
2019,1,6,110.37596290012301,673.6707522013089,510.58873277853564,49.77451587561535,90
2019,1,7,183.159250539544,746.4540398407299,510.58873277853564,49.77451587561535,90
2019,1,8,177.52807374524284,740.8228630464287,510.58873277853564,49.77451587561535,90
2019,1,9,145.195782097923,708.490571399109,510.58873277853564,49.77451587561535,90
2019,1,10,102.52586934401424,665.8206586452002,510.58873277853564,49.77451587561535,90
2019,1,11,68.41731781825024,631.712107119436,510.58873277853564,49.77451587561535,90
2019,1,12,52.426102844966934,615.7208921461528,510.58873277853564,49.77451587561535,90
2019,1,13,51.52056995492218,614.8153592561081,510.58873277853564,49.77451587561535,90
2019,1,14,67.62593241660039,630.9207217177863,510.58873277853564,49.77451587561535,90
2019,1,15,109.00594313142068,672.3007324326065,510.58873277853564,49.77451587561535,90
2019,1,16,178.61212935126142,741.9069186524473,510.58873277853564,49.77451587561535,90
2019,1,17,259.8955337146294,823.1903230158152,510.58873277853564,49.77451587561535,90
2019,1,18,337.1065517205259,900.4013410217117,510.58873277853564,49.77451587561535,90
2019,1,19,376.7428626494867,940.0376519506726,510.58873277853564,49.77451587561535,90
2019,1,20,346.8477934931625,910.1425827943484,510.58873277853564,49.77451587561535,90
2019,1,21,298.5969109906843,861.8917002918702,510.58873277853564,49.77451587561535,90
2019,1,22,234.31188667817455,797.6066759793604,510.58873277853564,49.77451587561535,90
2019,1,23,152.5361512137411,715.8309405149271,510.58873277853564,49.77451587561535,90
2019,2,0,96.51976664112723,725.5921167879821,519.3199854371637,51.38276662792216,91
2019,2,1,45.91331973386224,674.9856698807172,519.3199854371637,51.38276662792216,91
2019,2,2,14.223698071450668,643.2960482183056,519.3199854371637,51.38276662792216,91
2019,2,3,-3.3704577103671784,625.7018924364878,519.3199854371637,51.38276662792216,91
2019,2,4,0.0,629.0723501468549,519.3199854371637,51.38276662792216,91
2019,2,5,35.17375049619395,664.2461006430489,519.3199854371637,51.38276662792216,91
2019,2,6,107.48387852017248,736.5562286670275,519.3199854371637,51.38276662792216,91
2019,2,7,155.36368048480037,784.4360306316553,519.3199854371637,51.38276662792216,91
2019,2,8,142.17623477383302,771.248584920688,519.3199854371637,51.38276662792216,91
2019,2,9,110.46838959903101,739.540739745886,519.3199854371637,51.38276662792216,91
2019,2,10,85.11703479434526,714.1893849412002,519.3199854371637,51.38276662792216,91
2019,2,11,69.62298123796222,698.6953313848171,519.3199854371637,51.38276662792216,91
2019,2,12,73.18497226246829,702.2573224093233,519.3199854371637,51.38276662792216,91
2019,2,13,87.05848428864515,716.1308344355001,519.3199854371637,51.38276662792216,91
2019,2,14,112.15565111296519,741.2280012598202,519.3199854371637,51.38276662792216,91
2019,2,15,153.71791744454427,782.7902675913992,519.3199854371637,51.38276662792216,91
2019,2,16,213.40553520408648,842.4778853509414,519.3199854371637,51.38276662792216,91
2019,2,17,282.11051237815707,911.1828625250121,519.3199854371637,51.38276662792216,91
2019,2,18,343.13226836701097,972.2046185138659,519.3199854371637,51.38276662792216,91
2019,2,19,366.66457247143217,995.7369226182869,519.3199854371637,51.38276662792216,91
2019,2,20,366.4429372277976,995.5152873746525,519.3199854371637,51.38276662792216,91
2019,2,21,322.6423203861545,951.7146705330096,519.3199854371637,51.38276662792216,91
2019,2,22,257.3058148562144,886.3781650030693,519.3199854371637,51.38276662792216,91
2019,2,23,172.50571813504152,801.5780682818964,519.3199854371637,51.38276662792216,91
2019,3,0,110.49492909336819,828.2592790613169,530.7717513927288,53.513052041310914,92
2019,3,1,55.619447863100454,773.383797831049,530.7717513927288,53.513052041310914,92
2019,3,2,20.629096695308085,738.3934466632567,530.7717513927288,53.513052041310914,92
2019,3,3,-0.2465385048480446,717.5178114631005,530.7717513927288,53.513052041310914,92
2019,3,4,0.0,717.7643499679486,530.7717513927288,53.513052041310914,92
2019,3,5,32.49896458125333,750.2633145492019,530.7717513927288,53.513052041310914,92
2019,3,6,102.86927608032066,820.6336260482692,530.7717513927288,53.513052041310914,92
2019,3,7,153.82972561104265,871.5940755789912,530.7717513927288,53.513052041310914,92
2019,3,8,148.13278074022227,865.8971307081708,530.7717513927288,53.513052041310914,92
2019,3,9,121.8020672153175,839.5664171832661,530.7717513927288,53.513052041310914,92
2019,3,10,101.84307533718477,819.6074253051333,530.7717513927288,53.513052041310914,92
2019,3,11,87.44857087285637,805.2129208408049,530.7717513927288,53.513052041310914,92
2019,3,12,90.31126636644184,808.0756163343905,530.7717513927288,53.513052041310914,92
2019,3,13,105.34047795995316,823.1048279279017,530.7717513927288,53.513052041310914,92
2019,3,14,130.89148891765544,848.655838885604,530.7717513927288,53.513052041310914,92
2019,3,15,180.8421955328143,898.6065455007629,530.7717513927288,53.513052041310914,92
2019,3,16,248.5469411108481,966.3112910787968,530.7717513927288,53.513052041310914,92
2019,3,17,318.17750644552723,1035.9418564134758,530.7717513927288,53.513052041310914,92
2019,3,18,373.67802895912445,1091.442378927073,530.7717513927288,53.513052041310914,92
2019,3,19,394.37348964525216,1112.1378396132009,530.7717513927288,53.513052041310914,92
2019,3,20,386.7760608733539,1104.5404108413024,530.7717513927288,53.513052041310914,92
2019,3,21,341.67940714753416,1059.4437571154826,530.7717513927288,53.513052041310914,92
2019,3,22,275.55491935449334,993.3192693224419,530.7717513927288,53.513052041310914,92
2019,3,23,189.07829148459092,906.8426414525395,530.7717513927288,53.513052041310914,92
2019,4,0,95.79081265667577,758.1900723154876,545.0992989896139,56.83559711797895,92
2019,4,1,45.96736562791754,708.3666252867293,545.0992989896139,56.83559711797895,92
2019,4,2,14.16503299678667,676.5642926555985,545.0992989896139,56.83559711797895,92
2019,4,3,-3.942136797505545,658.4571228613062,545.0992989896139,56.83559711797895,92
2019,4,4,0.0,662.3992596588118,545.0992989896139,56.83559711797895,92
2019,4,5,33.81640562931208,696.2156652881239,545.0992989896139,56.83559711797895,92
2019,4,6,107.87868831945306,770.2779479782648,545.0992989896139,56.83559711797895,92
2019,4,7,177.05788643770583,839.4571460965177,545.0992989896139,56.83559711797895,92
2019,4,8,175.0985067036901,837.4977663625019,545.0992989896139,56.83559711797895,92
2019,4,9,155.608490789363,818.0077504481749,545.0992989896139,56.83559711797895,92
2019,4,10,132.07072629566883,794.4699859544805,545.0992989896139,56.83559711797895,92
2019,4,11,116.57544448260869,778.9747041414205,545.0992989896139,56.83559711797895,92
2019,4,12,112.85002456848835,775.2492842273002,545.0992989896139,56.83559711797895,92
2019,4,13,124.51604077182182,786.9153004306337,545.0992989896139,56.83559711797895,92
2019,4,14,157.64380098175744,820.0430606405693,545.0992989896139,56.83559711797895,92
2019,4,15,213.12845541528762,875.5277150740994,545.0992989896139,56.83559711797895,92
2019,4,16,281.7303999728248,944.1296596316366,545.0992989896139,56.83559711797895,92
2019,4,17,348.147057291843,1010.5463169506548,545.0992989896139,56.83559711797895,92
2019,4,18,397.83671348714967,1060.2359731459615,545.0992989896139,56.83559711797895,92
2019,4,19,393.54705147575436,1055.9463111345663,545.0992989896139,56.83559711797895,92
2019,4,20,353.15203331337784,1015.5512929721897,545.0992989896139,56.83559711797895,92
2019,4,21,307.7384951574077,970.1377548162195,545.0992989896139,56.83559711797895,92
2019,4,22,245.92155832454893,908.3208179833607,545.0992989896139,56.83559711797895,92
2019,4,23,166.72076387838877,829.1200235372005,545.0992989896139,56.83559711797895,92
2020,1,0,83.60871542171074,673.1461235002183,556.5349643121594,59.7430018002615,91
2020,1,1,38.400429313641,627.9378373921485,556.5349643121594,59.7430018002615,91
2020,1,2,9.263568652913218,598.8009767314207,556.5349643121594,59.7430018002615,91
2020,1,3,-6.535564513553589,583.001843564954,556.5349643121594,59.7430018002615,91
2020,1,4,0.0,589.5374080785075,556.5349643121594,59.7430018002615,91
2020,1,5,34.77536019824642,624.312768276754,556.5349643121594,59.7430018002615,91
2020,1,6,104.83068822343252,694.3680963019401,556.5349643121594,59.7430018002615,91
2020,1,7,175.46345402595657,765.0008621044642,556.5349643121594,59.7430018002615,91
2020,1,8,172.8055777365977,762.3429858151052,556.5349643121594,59.7430018002615,91
2020,1,9,144.63665009180733,734.1740581703148,556.5349643121594,59.7430018002615,91
2020,1,10,111.27059616475228,700.8080042432599,556.5349643121594,59.7430018002615,91
2020,1,11,83.6991214356252,673.2365295141327,556.5349643121594,59.7430018002615,91
2020,1,12,72.03689620830477,661.5743042868123,556.5349643121594,59.7430018002615,91
2020,1,13,73.41122285699451,662.9486309355021,556.5349643121594,59.7430018002615,91
2020,1,14,89.39334681278307,678.9307548912906,556.5349643121594,59.7430018002615,91
2020,1,15,125.21681639005445,714.754224468562,556.5349643121594,59.7430018002615,91
2020,1,16,188.42505501713603,777.9624630956437,556.5349643121594,59.7430018002615,91
2020,1,17,264.1924243414713,853.7298324199788,556.5349643121594,59.7430018002615,91
2020,1,18,337.27561812796824,926.8130262064758,556.5349643121594,59.7430018002615,91
2020,1,19,371.3859505108624,960.92335858937,556.5349643121594,59.7430018002615,91
2020,1,20,338.005924377599,927.5433324561066,556.5349643121594,59.7430018002615,91
2020,1,21,290.6640457749535,880.2014538534611,556.5349643121594,59.7430018002615,91
2020,1,22,228.3750042870502,817.9124123655578,556.5349643121594,59.7430018002615,91
2020,1,23,151.09086461338015,740.6282726918878,556.5349643121594,59.7430018002615,91
2020,2,0,88.93141421799385,689.1656135841351,566.023417550219,61.69919106585725,91
2020,2,1,46.16761316000102,646.4018125261423,566.023417550219,61.69919106585725,91
2020,2,2,17.246869642026503,617.4810690081678,566.023417550219,61.69919106585725,91
2020,2,3,0.4817250474493998,600.7159244135905,566.023417550219,61.69919106585725,91
2020,2,4,0.0,600.2341993661412,566.023417550219,61.69919106585725,91
2020,2,5,21.820433448241065,622.0546328143823,566.023417550219,61.69919106585725,91
2020,2,6,69.06917540182451,669.3033747679657,566.023417550219,61.69919106585725,91
2020,2,7,92.48693598620767,692.7211353523489,566.023417550219,61.69919106585725,91
2020,2,8,81.71225173865481,681.946451104796,566.023417550219,61.69919106585725,91
2020,2,9,50.19851695324866,650.4327163193899,566.023417550219,61.69919106585725,91
2020,2,10,24.583025197710583,624.8172245638518,566.023417550219,61.69919106585725,91
2020,2,11,13.567941860198946,613.8021412263402,566.023417550219,61.69919106585725,91
2020,2,12,19.95358335035053,620.1877827164918,566.023417550219,61.69919106585725,91
2020,2,13,34.0910428752947,634.3252422414358,566.023417550219,61.69919106585725,91
2020,2,14,46.943653168857196,647.1778525349985,566.023417550219,61.69919106585725,91
2020,2,15,89.28818064312475,689.5223800092659,566.023417550219,61.69919106585725,91
2020,2,16,155.56582749946642,755.8000268656076,566.023417550219,61.69919106585725,91
2020,2,17,235.73040379892092,835.964603165062,566.023417550219,61.69919106585725,91
2020,2,18,306.4597440229183,906.6939433890594,566.023417550219,61.69919106585725,91
2020,2,19,333.1171500788122,933.3513494449534,566.023417550219,61.69919106585725,91
2020,2,20,323.3359116082532,923.5701109743944,566.023417550219,61.69919106585725,91
2020,2,21,273.47979986594976,873.7139992320909,566.023417550219,61.69919106585725,91
2020,2,22,217.34986780579493,817.5840671719362,566.023417550219,61.69919106585725,91
2020,2,23,150.08243277549593,750.3166321416372,566.023417550219,61.69919106585725,91
2020,3,0,93.63072353928126,749.4649011665687,574.6435757549172,63.89652243763198,92
2020,3,1,49.29468950762548,705.128867134913,574.6435757549172,63.89652243763198,92
2020,3,2,19.31370003238059,675.147877659668,574.6435757549172,63.89652243763198,92
2020,3,3,1.9230764820562134,657.7572541093436,574.6435757549172,63.89652243763198,92
2020,3,4,0.0,655.8341776272874,574.6435757549172,63.89652243763198,92
2020,3,5,23.800642207976203,679.6348198352637,574.6435757549172,63.89652243763198,92
2020,3,6,75.14637150938643,730.9805491366739,574.6435757549172,63.89652243763198,92
2020,3,7,113.36740590031616,769.2015835276037,574.6435757549172,63.89652243763198,92
2020,3,8,111.47177994927365,767.3059575765611,574.6435757549172,63.89652243763198,92
2020,3,9,82.32852552384549,738.1627031511329,574.6435757549172,63.89652243763198,92
2020,3,10,53.47858168341544,709.3127593107029,574.6435757549172,63.89652243763198,92
2020,3,11,46.37737051084676,702.2115481381343,574.6435757549172,63.89652243763198,92
2020,3,12,51.479651086932186,707.3138287142197,574.6435757549172,63.89652243763198,92
2020,3,13,61.6424458279053,717.4766234551927,574.6435757549172,63.89652243763198,92
2020,3,14,85.14235148037893,740.9765291076664,574.6435757549172,63.89652243763198,92
2020,3,15,131.30917522160792,787.1433528488953,574.6435757549172,63.89652243763198,92
2020,3,16,198.4667630128127,854.3009406401002,574.6435757549172,63.89652243763198,92
2020,3,17,277.6078207762563,933.4419984035437,574.6435757549172,63.89652243763198,92
2020,3,18,342.9881714063602,998.8223490336476,574.6435757549172,63.89652243763198,92
2020,3,19,358.02605304683823,1013.8602306741257,574.6435757549172,63.89652243763198,92
2020,3,20,340.1869677466462,996.0211453739337,574.6435757549172,63.89652243763198,92
2020,3,21,287.5993880770329,943.4335657043205,574.6435757549172,63.89652243763198,92
2020,3,22,227.42187829858548,883.2560559258729,574.6435757549172,63.89652243763198,92
2020,3,23,155.90631550124064,811.7404931285281,574.6435757549172,63.89652243763198,92
2020,4,0,87.76024369281808,722.1533254743612,588.1328493777354,67.0402075867429,92
2020,4,1,44.65171571760044,679.0447974991436,588.1328493777354,67.0402075867429,92
2020,4,2,15.4501832460838,649.8432650276269,588.1328493777354,67.0402075867429,92
2020,4,3,-0.6481440385036642,633.7449377430394,588.1328493777354,67.0402075867429,92
2020,4,4,0.0,634.3930817815432,588.1328493777354,67.0402075867429,92
2020,4,5,26.42886188026647,660.8219436618095,588.1328493777354,67.0402075867429,92
2020,4,6,82.3760213667548,716.769103148298,588.1328493777354,67.0402075867429,92
2020,4,7,141.2740512845026,775.6671330660457,588.1328493777354,67.0402075867429,92
2020,4,8,148.66746155130818,783.0605433328512,588.1328493777354,67.0402075867429,92
2020,4,9,131.32720514530274,765.7202869268459,588.1328493777354,67.0402075867429,92
2020,4,10,112.50488744181206,746.8979692233552,588.1328493777354,67.0402075867429,92
2020,4,11,102.20660431411464,736.5996860956577,588.1328493777354,67.0402075867429,92
2020,4,12,104.69326433521954,739.0863461167626,588.1328493777354,67.0402075867429,92
2020,4,13,124.73516881826355,759.1282505998067,588.1328493777354,67.0402075867429,92
2020,4,14,149.44309451887165,783.8361763004148,588.1328493777354,67.0402075867429,92
2020,4,15,198.5738577614477,832.9669395429908,588.1328493777354,67.0402075867429,92
2020,4,16,267.2290194423783,901.6221012239214,588.1328493777354,67.0402075867429,92
2020,4,17,332.2315726531855,966.6246544347285,588.1328493777354,67.0402075867429,92
2020,4,18,383.90140461350785,1018.294486395051,588.1328493777354,67.0402075867429,92
2020,4,19,377.0700390724527,1011.4631208539957,588.1328493777354,67.0402075867429,92
2020,4,20,326.8371028973818,961.2301846789248,588.1328493777354,67.0402075867429,92
2020,4,21,276.93422390520755,911.3273056867506,588.1328493777354,67.0402075867429,92
2020,4,22,218.51257552559298,852.905657307136,588.1328493777354,67.0402075867429,92
2020,4,23,149.08366202298478,783.4767438045278,588.1328493777354,67.0402075867429,92
2021,1,0,143.3640264719183,720.1215736915193,599.5578666398046,69.71766248036501,89
2021,1,1,82.59165162127857,659.8816754164734,599.5160017001016,69.70737677362843,90
2021,1,2,41.47615454411902,618.7661783393139,599.5160017001016,69.70737677362843,90
2021,1,3,14.360062261288583,591.6500860564835,599.5160017001016,69.70737677362843,90
2021,1,4,0.0,577.2900237951949,599.5160017001016,69.70737677362843,90
2021,1,5,2.980038127374635,580.2700619225695,599.5160017001016,69.70737677362843,90
2021,1,6,31.658511060504054,608.948534855699,599.5160017001016,69.70737677362843,90
2021,1,7,89.626648234037,666.9166720292319,599.5160017001016,69.70737677362843,90
2021,1,8,157.15175305325042,734.4417768484453,599.5160017001016,69.70737677362843,90
2021,1,9,162.9615411072022,740.251564902397,599.5160017001016,69.70737677362843,90
2021,1,10,130.5210746802576,707.8110984754525,599.5160017001016,69.70737677362843,90
2021,1,11,95.1837560974034,672.4737798925983,599.5160017001016,69.70737677362843,90
2021,1,12,65.52119452443016,642.811218319625,599.5160017001016,69.70737677362843,90
2021,1,13,55.22930385984657,632.5193276550415,599.5160017001016,69.70737677362843,90
2021,1,14,60.234105753155845,637.5241295483507,599.5160017001016,69.70737677362843,90
2021,1,15,69.66074313042395,646.9507669256188,599.5160017001016,69.70737677362843,90
2021,1,16,110.78676224725376,688.0767860424487,599.5160017001016,69.70737677362843,90
2021,1,17,173.73907349729654,751.0290972924914,599.5160017001016,69.70737677362843,90
2021,1,18,257.74842691413386,835.0384507093288,599.5160017001016,69.70737677362843,90
2021,1,19,330.70752875322637,907.9975525484211,599.5160017001016,69.70737677362843,90
2021,1,20,356.38542715179915,933.675450946994,599.5160017001016,69.70737677362843,90
2021,1,21,320.64263810942157,897.9326619046165,599.5160017001016,69.70737677362843,90
2021,1,22,270.5428632156912,847.8328870108862,599.5160017001016,69.70737677362843,90
2021,1,23,213.18353164551223,790.4735554407071,599.5160017001016,69.70737677362843,90
2021,2,0,157.83518150206297,771.7995614127357,610.864797208912,71.72625664065922,91
2021,2,1,91.5669428329929,705.5313227436657,610.864797208912,71.72625664065922,91
2021,2,2,45.93999417036667,659.9043740810395,610.864797208912,71.72625664065922,91
2021,2,3,16.51872182220744,630.4831017328803,610.864797208912,71.72625664065922,91
2021,2,4,0.0,613.9643799106727,610.864797208912,71.72625664065922,91
2021,2,5,0.2907913640730932,614.2551712747459,610.864797208912,71.72625664065922,91
2021,2,6,29.21012804662203,643.1745079572947,610.864797208912,71.72625664065922,91
2021,2,7,88.31913004587813,702.2835099565509,610.864797208912,71.72625664065922,91
2021,2,8,123.33627917694656,737.3006590876192,610.864797208912,71.72625664065922,91
2021,2,9,111.37671491069916,725.341094821372,610.864797208912,71.72625664065922,91
2021,2,10,76.96837975041146,690.9327596610842,610.864797208912,71.72625664065922,91
2021,2,11,45.59979078963967,659.5641707003125,610.864797208912,71.72625664065922,91
2021,2,12,30.806825725627746,644.7712056363006,610.864797208912,71.72625664065922,91
2021,2,13,24.340343817997223,638.3047237286701,610.864797208912,71.72625664065922,91
2021,2,14,31.089146550224502,645.0535264608973,610.864797208912,71.72625664065922,91
2021,2,15,51.60418303792363,665.5685629485964,610.864797208912,71.72625664065922,91
2021,2,16,97.18056919971377,711.1449491103866,610.864797208912,71.72625664065922,91
2021,2,17,168.78243358061715,782.74681349129,610.864797208912,71.72625664065922,91
2021,2,18,244.88341934834114,858.8477992590139,610.864797208912,71.72625664065922,91
2021,2,19,315.55398101604555,929.5183609267183,610.864797208912,71.72625664065922,91
2021,2,20,344.5983618864782,958.562741797151,610.864797208912,71.72625664065922,91
2021,2,21,337.9722110737969,951.9365909844697,610.864797208912,71.72625664065922,91
2021,2,22,291.8537611109745,905.8181410216473,610.864797208912,71.72625664065922,91
2021,2,23,232.44945886296009,846.4138387736328,610.864797208912,71.72625664065922,91
2021,3,0,159.72849529382856,823.1546762746334,621.7729428315686,77.79683796392037,92
2021,3,1,92.75273283707722,756.1789138178821,621.7729428315686,77.79683796392037,92
2021,3,2,46.67315758449237,710.0993385652972,621.7729428315686,77.79683796392037,92
2021,3,3,16.616984549104714,680.0431655299096,621.7729428315686,77.79683796392037,92
2021,3,4,0.0,663.4261809808048,621.7729428315686,77.79683796392037,92
2021,3,5,0.2852450621980314,663.7114260430029,621.7729428315686,77.79683796392037,92
2021,3,6,28.714682268858056,692.140863249663,621.7729428315686,77.79683796392037,92
2021,3,7,90.0056668547929,753.4318478355978,621.7729428315686,77.79683796392037,92
2021,3,8,134.8150251028143,798.2412060836192,621.7729428315686,77.79683796392037,92
2021,3,9,124.45630511569459,787.8824860964995,621.7729428315686,77.79683796392037,92
2021,3,10,96.29111242646478,759.7172934072696,621.7729428315686,77.79683796392037,92
2021,3,11,70.15370971789024,733.5798906986951,621.7729428315686,77.79683796392037,92
2021,3,12,52.30185235408627,715.7280333348912,621.7729428315686,77.79683796392037,92
2021,3,13,51.76925229720859,715.1954332780134,621.7729428315686,77.79683796392037,92
2021,3,14,55.77350592696693,719.1996869077718,621.7729428315686,77.79683796392037,92
2021,3,15,81.32631051945238,744.7524915002573,621.7729428315686,77.79683796392037,92
2021,3,16,126.44708375078632,789.8732647315911,621.7729428315686,77.79683796392037,92
2021,3,17,195.69914649525535,859.1253274760602,621.7729428315686,77.79683796392037,92
2021,3,18,269.5821797927376,933.0083607735424,621.7729428315686,77.79683796392037,92
2021,3,19,334.19795707680635,997.6241380576112,621.7729428315686,77.79683796392037,92
2021,3,20,357.6159898957135,1021.0421708765183,621.7729428315686,77.79683796392037,92
2021,3,21,344.75011885412636,1008.1762998349312,621.7729428315686,77.79683796392037,92
2021,3,22,296.18773449933906,959.6139154801439,621.7729428315686,77.79683796392037,92
2021,3,23,235.2495828098404,898.6757637906452,621.7729428315686,77.79683796392037,92
2021,4,0,147.87861019991954,771.1681514911188,634.0909920303292,90.11189642108637,92
2021,4,1,84.89264984562948,708.1821911368288,634.0909920303292,90.11189642108637,92
2021,4,2,41.99310020447197,665.2826414956712,634.0909920303292,90.11189642108637,92
2021,4,3,14.010277242797429,637.2998185339967,634.0909920303292,90.11189642108637,92
2021,4,4,0.0,623.2895412911993,634.0909920303292,90.11189642108637,92
2021,4,5,2.842515880341986,626.1320571715413,634.0909920303292,90.11189642108637,92
2021,4,6,33.68793772585063,656.9774790170499,634.0909920303292,90.11189642108637,92
2021,4,7,94.7037236769636,717.9932649681629,634.0909920303292,90.11189642108637,92
2021,4,8,158.94176249264072,782.2313037838401,634.0909920303292,90.11189642108637,92
2021,4,9,155.0934080692006,778.3829493603998,634.0909920303292,90.11189642108637,92
2021,4,10,132.9042825793612,756.1938238705604,634.0909920303292,90.11189642108637,92
2021,4,11,105.51640845346462,728.8059497446638,634.0909920303292,90.11189642108637,92
2021,4,12,87.02721006957614,710.3167513607754,634.0909920303292,90.11189642108637,92
2021,4,13,85.72394212677241,709.0134834179718,634.0909920303292,90.11189642108637,92
2021,4,14,94.90338698235448,718.1929282735538,634.0909920303292,90.11189642108637,92
2021,4,15,123.35958518204654,746.6491264732458,634.0909920303292,90.11189642108637,92
2021,4,16,175.92577963994125,799.2153209311405,634.0909920303292,90.11189642108637,92
2021,4,17,245.87960250809013,869.1691437992894,634.0909920303292,90.11189642108637,92
2021,4,18,315.08719268783733,938.3767339790365,634.0909920303292,90.11189642108637,92
2021,4,19,369.86633353812243,993.1558748293218,634.0909920303292,90.11189642108637,92
2021,4,20,366.9438166702746,990.2333579614739,634.0909920303292,90.11189642108637,92
2021,4,21,323.6246074137523,946.9141487049516,634.0909920303292,90.11189642108637,92
2021,4,22,275.96673582747883,899.2562771186781,634.0909920303292,90.11189642108637,92
2021,4,23,217.30351992731627,840.5930612185156,634.0909920303292,90.11189642108637,92
2022,1,0,150.40943297279253,738.8373413771402,643.2484742657084,100.58603986083035,90
2022,1,1,85.85414013620519,674.2820485405528,643.2484742657084,100.58603986083035,90
2022,1,2,43.19749614489266,631.6254045492403,643.2484742657084,100.58603986083035,90
2022,1,3,15.526303634603382,603.954212038951,643.2484742657084,100.58603986083035,90
2022,1,4,0.0,588.4279084043476,643.2484742657084,100.58603986083035,90
2022,1,5,2.157413514442414,590.58532191879,643.2484742657084,100.58603986083035,90
2022,1,6,30.91215158358699,619.3400599879346,643.2484742657084,100.58603986083035,90
2022,1,7,92.37989801816843,680.807806422516,643.2484742657084,100.58603986083035,90
2022,1,8,162.39951859294598,750.8274269972936,643.2484742657084,100.58603986083035,90
2022,1,9,157.33865735135902,745.7665657557067,643.2484742657084,100.58603986083035,90
2022,1,10,125.04975819076022,713.4776665951078,643.2484742657084,100.58603986083035,90
2022,1,11,87.30719047472354,675.7350988790712,643.2484742657084,100.58603986083035,90
2022,1,12,64.17457012229539,652.602478526643,643.2484742657084,100.58603986083035,90
2022,1,13,51.28594726905533,639.713855673403,643.2484742657084,100.58603986083035,90
2022,1,14,54.153019049831066,642.5809274541787,643.2484742657084,100.58603986083035,90
2022,1,15,73.6059695202773,662.0338779246249,643.2484742657084,100.58603986083035,90
2022,1,16,125.42247807040651,713.8503864747541,643.2484742657084,100.58603986083035,90
2022,1,17,192.79404161065136,781.221950014999,643.2484742657084,100.58603986083035,90
2022,1,18,273.38776072963446,861.815669133982,643.2484742657084,100.58603986083035,90
2022,1,19,343.2162991340155,931.6442075383632,643.2484742657084,100.58603986083035,90
2022,1,20,366.86587020287675,955.2937786072243,643.2484742657084,100.58603986083035,90
2022,1,21,334.79218428945785,923.2200926938053,643.2484742657084,100.58603986083035,90
2022,1,22,284.4987037864057,872.9266121907533,643.2484742657084,100.58603986083035,90
2022,1,23,224.60028120326982,813.0281896076175,643.2484742657084,100.58603986083035,90
2022,2,0,154.14899882691049,772.425511887214,649.2789170691251,108.62739774072136,91
2022,2,1,89.51578357689115,707.7922966371947,649.2789170691251,108.62739774072136,91
2022,2,2,45.966969000890046,664.2434820611935,649.2789170691251,108.62739774072136,91
2022,2,3,17.184310222232668,635.4608232825362,649.2789170691251,108.62739774072136,91
2022,2,4,0.0,618.2765130603035,649.2789170691251,108.62739774072136,91
2022,2,5,1.6222643975181679,619.8987774578217,649.2789170691251,108.62739774072136,91
2022,2,6,30.913574872861187,649.1900879331647,649.2789170691251,108.62739774072136,91
2022,2,7,92.8748887071296,711.1514017674331,649.2789170691251,108.62739774072136,91
2022,2,8,132.36361666820906,750.6401297285125,649.2789170691251,108.62739774072136,91
2022,2,9,118.61623285900399,736.8927459193075,649.2789170691251,108.62739774072136,91
2022,2,10,86.6133642660493,704.8898773263528,649.2789170691251,108.62739774072136,91
2022,2,11,57.76085104111879,676.0373641014223,649.2789170691251,108.62739774072136,91
2022,2,12,34.38590796616637,652.6624210264699,649.2789170691251,108.62739774072136,91
2022,2,13,32.39383453360101,650.6703475939046,649.2789170691251,108.62739774072136,91
2022,2,14,39.159529094394124,657.4360421546976,649.2789170691251,108.62739774072136,91
2022,2,15,54.00212798470125,672.2786410450047,649.2789170691251,108.62739774072136,91
2022,2,16,100.94713070553095,719.2236437658345,649.2789170691251,108.62739774072136,91
2022,2,17,164.6204339081988,782.8969469685022,649.2789170691251,108.62739774072136,91
2022,2,18,243.47070455706984,861.7472176173733,649.2789170691251,108.62739774072136,91
2022,2,19,308.8735211187176,927.1500341790211,649.2789170691251,108.62739774072136,91
2022,2,20,331.7745563077048,950.0510693680083,649.2789170691251,108.62739774072136,91
2022,2,21,324.5924270848372,942.8689401451408,649.2789170691251,108.62739774072136,91
2022,2,22,284.5173767601622,902.7938898204657,649.2789170691251,108.62739774072136,91
2022,2,23,226.88033526495445,845.156848325258,649.2789170691251,108.62739774072136,91
2022,3,0,161.57797711120128,833.8794408504531,656.3615242561216,118.72023964176627,92
2022,3,1,94.60143326922592,766.9028970084777,656.3615242561216,118.72023964176627,92
2022,3,2,48.37139961024039,720.6728633494922,656.3615242561216,118.72023964176627,92
2022,3,3,17.753794770231792,690.0552585094836,656.3615242561216,118.72023964176627,92
2022,3,4,0.0,672.3014637392517,656.3615242561216,118.72023964176627,92
2022,3,5,-0.6610192188456183,671.6404445204062,656.3615242561216,118.72023964176627,92
2022,3,6,27.009104408280297,699.3105681475321,656.3615242561216,118.72023964176627,92
2022,3,7,88.51808951668173,760.8195532559334,656.3615242561216,118.72023964176627,92
2022,3,8,132.7904774209837,805.0919411602355,656.3615242561216,118.72023964176627,92
2022,3,9,120.37847747636032,792.6799412156122,656.3615242561216,118.72023964176627,92
2022,3,10,91.65089486284484,763.9523586020966,656.3615242561216,118.72023964176627,92
2022,3,11,67.30147531774573,739.6029390569975,656.3615242561216,118.72023964176627,92
2022,3,12,51.36723101946512,723.6686947587169,656.3615242561216,118.72023964176627,92
2022,3,13,44.45177364982819,716.7532373890799,656.3615242561216,118.72023964176627,92
2022,3,14,56.032492482210095,728.333956221462,656.3615242561216,118.72023964176627,92
2022,3,15,80.34089145125837,752.6423551905101,656.3615242561216,118.72023964176627,92
2022,3,16,125.09528833631353,797.3967520755654,656.3615242561216,118.72023964176627,92
2022,3,17,195.22290882786515,867.524372567117,656.3615242561216,118.72023964176627,92
2022,3,18,270.53459350177064,942.8360572410223,656.3615242561216,118.72023964176627,92
2022,3,19,333.1580009147885,1005.4594646540403,656.3615242561216,118.72023964176627,92
2022,3,20,346.0231996748512,1018.3246634141029,656.3615242561216,118.72023964176627,92
2022,3,21,335.469548734956,1007.7710124742079,656.3615242561216,118.72023964176627,92
2022,3,22,294.2073179872,966.5087817264518,656.3615242561216,118.72023964176627,92
2022,3,23,236.88169411667724,909.183157855929,656.3615242561216,118.72023964176627,92
2022,4,0,150.77181320533356,782.7306438681771,664.6444707804494,130.56834053463052,92
2022,4,1,88.22834844624687,720.1871791090905,664.6444707804494,130.56834053463052,92
2022,4,2,44.662081745041405,676.6209124078849,664.6444707804494,130.56834053463052,92
2022,4,3,16.15455362204879,648.1133842848923,664.6444707804494,130.56834053463052,92
2022,4,4,0.0,631.9588306628436,664.6444707804494,130.56834053463052,92
2022,4,5,2.8685719797835567,634.8274026426271,664.6444707804494,130.56834053463052,92
2022,4,6,33.284265178754204,665.2430958415978,664.6444707804494,130.56834053463052,92
2022,4,7,93.8724449421466,725.8312756049902,664.6444707804494,130.56834053463052,92
2022,4,8,156.19183733820776,788.1506680010514,664.6444707804494,130.56834053463052,92
2022,4,9,152.2805200937122,784.2393507565558,664.6444707804494,130.56834053463052,92
2022,4,10,128.44149330665502,760.4003239694985,664.6444707804494,130.56834053463052,92
2022,4,11,105.939761431543,737.8985920943866,664.6444707804494,130.56834053463052,92
2022,4,12,85.64484790475197,717.6036785675955,664.6444707804494,130.56834053463052,92
2022,4,13,86.98412246348813,718.9429531263316,664.6444707804494,130.56834053463052,92
2022,4,14,97.83899084108835,729.7978215039318,664.6444707804494,130.56834053463052,92
2022,4,15,116.0018183704534,747.9606490332969,664.6444707804494,130.56834053463052,92
2022,4,16,170.34005672124812,802.2988873840917,664.6444707804494,130.56834053463052,92
2022,4,17,242.61663834543094,874.5754690082746,664.6444707804494,130.56834053463052,92
2022,4,18,311.6324600096783,943.5912906725218,664.6444707804494,130.56834053463052,92
2022,4,19,359.8848380987759,991.8436687616195,664.6444707804494,130.56834053463052,92
2022,4,20,347.9164155001844,979.875246163028,664.6444707804494,130.56834053463052,92
2022,4,21,309.3452804038058,941.3041110666494,664.6444707804494,130.56834053463052,92
2022,4,22,271.39564676759755,903.3544774304411,664.6444707804494,130.56834053463052,92
2022,4,23,218.1832180044348,850.1420486672783,664.6444707804494,130.56834053463052,92
2023,1,0,150.13604190293364,735.0625491283691,675.5737725317858,141.64115667128394,90
2023,1,1,87.42958686074454,672.3560940861802,675.5737725317858,141.64115667128394,90
2023,1,2,44.265361471228,629.1918686966636,675.5737725317858,141.64115667128394,90
2023,1,3,15.868203265264194,600.7947104906998,675.5737725317858,141.64115667128394,90
2023,1,4,0.0,584.9265072254356,675.5737725317858,141.64115667128394,90
2023,1,5,2.9112211053990174,587.8377283308346,675.5737725317858,141.64115667128394,90
2023,1,6,35.62490850121427,620.5514157266498,675.5737725317858,141.64115667128394,90
2023,1,7,97.2866233001471,682.2131305255826,675.5737725317858,141.64115667128394,90
2023,1,8,168.19015565643986,753.1166628818754,675.5737725317858,141.64115667128394,90
2023,1,9,164.83726870472327,749.7637759301589,675.5737725317858,141.64115667128394,90
2023,1,10,140.815273431667,725.7417806571026,675.5737725317858,141.64115667128394,90
2023,1,11,109.97795586373316,694.9044630891688,675.5737725317858,141.64115667128394,90
2023,1,12,78.50934636034691,663.4358535857825,675.5737725317858,141.64115667128394,90
2023,1,13,66.71039744789199,651.6369046733275,675.5737725317858,141.64115667128394,90
2023,1,14,59.40382864891775,644.3303358743533,675.5737725317858,141.64115667128394,90
2023,1,15,69.96551186611075,654.8920190915463,675.5737725317858,141.64115667128394,90
2023,1,16,115.87111253477414,700.7976197602097,675.5737725317858,141.64115667128394,90
2023,1,17,179.8099736660447,764.7364808914803,675.5737725317858,141.64115667128394,90
2023,1,18,258.8578107098231,843.7843179352587,675.5737725317858,141.64115667128394,90
2023,1,19,329.6308214621238,914.5573286875594,675.5737725317858,141.64115667128394,90
2023,1,20,342.98073155464465,927.9072387800802,675.5737725317858,141.64115667128394,90
2023,1,21,314.69712676067746,899.623633986113,675.5737725317858,141.64115667128394,90
2023,1,22,276.73810689617585,861.6646141216114,675.5737725317858,141.64115667128394,90
2023,1,23,221.31279070169091,806.2392979271265,675.5737725317858,141.64115667128394,90
2023,2,0,152.11905131913588,765.1752743716655,689.7000271736118,152.36907191870833,91
2023,2,1,88.92722024374339,701.9834432962731,689.7000271736118,152.36907191870833,91
2023,2,2,45.16588756709587,658.2221106196256,689.7000271736118,152.36907191870833,91
2023,2,3,16.90710201083813,629.9633250633678,689.7000271736118,152.36907191870833,91
2023,2,4,0.0,613.0562230525297,689.7000271736118,152.36907191870833,91
2023,2,5,1.2250713572548917,614.2812944097846,689.7000271736118,152.36907191870833,91
2023,2,6,33.07639055480249,646.1326136073321,689.7000271736118,152.36907191870833,91
2023,2,7,91.68432652746952,704.7405495799992,689.7000271736118,152.36907191870833,91
2023,2,8,129.20366802165984,742.2598910741895,689.7000271736118,152.36907191870833,91
2023,2,9,114.36421899574064,727.4204420482703,689.7000271736118,152.36907191870833,91
2023,2,10,80.5503559103455,693.6065789628752,689.7000271736118,152.36907191870833,91
2023,2,11,59.57918041923647,672.6354034717662,689.7000271736118,152.36907191870833,91
2023,2,12,36.985296239221505,650.0415192917512,689.7000271736118,152.36907191870833,91
2023,2,13,29.029943498080513,642.0861665506103,689.7000271736118,152.36907191870833,91
2023,2,14,28.070268346575176,641.1264913991049,689.7000271736118,152.36907191870833,91
2023,2,15,47.84121706972279,660.8974401222525,689.7000271736118,152.36907191870833,91
2023,2,16,89.21018921463352,702.2664122671632,689.7000271736118,152.36907191870833,91
2023,2,17,158.75682504930916,771.8130481018388,689.7000271736118,152.36907191870833,91
2023,2,18,234.15226043818808,847.2084834907178,689.7000271736118,152.36907191870833,91
2023,2,19,300.93035523123683,913.9865782837666,689.7000271736118,152.36907191870833,91
2023,2,20,311.8250939985459,924.8813170510756,689.7000271736118,152.36907191870833,91
2023,2,21,307.202244423969,920.2584674764987,689.7000271736118,152.36907191870833,91
2023,2,22,275.7615840588761,888.8178071114058,689.7000271736118,152.36907191870833,91
2023,2,23,222.6598162057873,835.716039258317,689.7000271736118,152.36907191870833,91
2023,3,0,159.3860608794651,828.5524903290918,703.1133200952225,163.63035261249252,92
2023,3,1,94.41216132796056,763.5785907775874,703.1133200952225,163.63035261249252,92
2023,3,2,49.047596261557295,718.2140257111839,703.1133200952225,163.63035261249252,92
2023,3,3,19.060995934949016,688.2274253845757,703.1133200952225,163.63035261249252,92
2023,3,4,0.0,669.1664294496267,703.1133200952225,163.63035261249252,92
2023,3,5,0.050958495630554955,669.2173879452573,703.1133200952225,163.63035261249252,92
2023,3,6,29.79838937836515,698.9648188279918,703.1133200952225,163.63035261249252,92
2023,3,7,89.72404602410437,758.8904754737312,703.1133200952225,163.63035261249252,92
2023,3,8,130.27496333412904,799.4413927837558,703.1133200952225,163.63035261249252,92
2023,3,9,115.80096133644807,784.9673907860747,703.1133200952225,163.63035261249252,92
2023,3,10,85.51966428079568,754.6860937304224,703.1133200952225,163.63035261249252,92
2023,3,11,58.580867342654535,727.7472967922812,703.1133200952225,163.63035261249252,92
2023,3,12,36.87984529488399,706.0462747445107,703.1133200952225,163.63035261249252,92
2023,3,13,24.551097293406364,693.717526743033,703.1133200952225,163.63035261249252,92
2023,3,14,24.897259647493392,694.0636890971201,703.1133200952225,163.63035261249252,92
2023,3,15,39.1609558857503,708.327385335377,703.1133200952225,163.63035261249252,92
2023,3,16,84.08237328495863,753.2488027345853,703.1133200952225,163.63035261249252,92
2023,3,17,164.2384713797166,833.4049008293433,703.1133200952225,163.63035261249252,92
2023,3,18,254.96117552744613,924.1276049770728,703.1133200952225,163.63035261249252,92
2023,3,19,325.47954843194105,994.6459778815678,703.1133200952225,163.63035261249252,92
2023,3,20,328.41531948040233,997.5817489300291,703.1133200952225,163.63035261249252,92
2023,3,21,319.5878879272198,988.7543173768464,703.1133200952225,163.63035261249252,92
2023,3,22,288.7047953136541,957.8712247632808,703.1133200952225,163.63035261249252,92
2023,3,23,234.72834375646863,903.8947732060952,703.1133200952225,163.63035261249252,92
2023,4,0,154.5725239372419,786.9173819423664,715.8323964670955,176.5589790022456,92
2023,4,1,91.08691999915739,723.4317780042819,715.8323964670955,176.5589790022456,92
2023,4,2,47.03517058199762,679.3800285871222,715.8323964670955,176.5589790022456,92
2023,4,3,17.10049636731906,649.4453543724436,715.8323964670955,176.5589790022456,92
2023,4,4,0.0,632.3448580051245,715.8323964670955,176.5589790022456,92
2023,4,5,3.0422780480417053,635.3871360531663,715.8323964670955,176.5589790022456,92
2023,4,6,34.17588260134728,666.5207406064718,715.8323964670955,176.5589790022456,92
2023,4,7,93.39091262026572,725.7357706253902,715.8323964670955,176.5589790022456,92
2023,4,8,156.06862652980112,788.4134845349257,715.8323964670955,176.5589790022456,92
2023,4,9,151.97403428120674,784.3188922863312,715.8323964670955,176.5589790022456,92
2023,4,10,127.822000754328,760.1668587594525,715.8323964670955,176.5589790022456,92
2023,4,11,106.08687734398735,738.4317353491118,715.8323964670955,176.5589790022456,92
2023,4,12,90.94287646795313,723.2877344730776,715.8323964670955,176.5589790022456,92
2023,4,13,87.37578705132452,719.720645056449,715.8323964670955,176.5589790022456,92
2023,4,14,97.05730111303203,729.4021591181565,715.8323964670955,176.5589790022456,92
2023,4,15,127.68537507070296,760.0302330758274,715.8323964670955,176.5589790022456,92
2023,4,16,173.51458395879968,805.8594419639242,715.8323964670955,176.5589790022456,92
2023,4,17,244.61666694842398,876.9615249535484,715.8323964670955,176.5589790022456,92
2023,4,18,314.1721081375922,946.5169661427167,715.8323964670955,176.5589790022456,92
2023,4,19,359.88012426060817,992.2249822657326,715.8323964670955,176.5589790022456,92
2023,4,20,338.91713174393215,971.2619897490566,715.8323964670955,176.5589790022456,92
2023,4,21,300.9946540637023,933.3395120688268,715.8323964670955,176.5589790022456,92
2023,4,22,273.463887321386,905.8087453265103,715.8323964670955,176.5589790022456,92
2023,4,23,222.5819725146815,854.926830519806,715.8323964670955,176.5589790022456,92
2024,1,0,145.6894336912466,723.3112153639688,725.6191197841258,187.5248276233737,91
2024,1,1,83.97862628841551,661.6004079611376,725.6191197841258,187.5248276233737,91
2024,1,2,42.92971487263893,620.5514965453611,725.6191197841258,187.5248276233737,91
2024,1,3,15.03135491675573,592.653136589478,725.6191197841258,187.5248276233737,91
2024,1,4,0.0,577.6217816727222,725.6191197841258,187.5248276233737,91
2024,1,5,4.04713928374032,581.6689209564624,725.6191197841258,187.5248276233737,91
2024,1,6,37.20276210075302,614.8245437734752,725.6191197841258,187.5248276233737,91
2024,1,7,97.20067588670295,674.8224575594252,725.6191197841258,187.5248276233737,91
2024,1,8,164.39751613695051,742.0192978096727,725.6191197841258,187.5248276233737,91
2024,1,9,161.07340588563235,738.6951875583546,725.6191197841258,187.5248276233737,91
2024,1,10,130.30931788620347,707.9310995589257,725.6191197841258,187.5248276233737,91
2024,1,11,97.11975344052873,674.7415351132508,725.6191197841258,187.5248276233737,91
2024,1,12,65.37909945915916,643.0008811318813,725.6191197841258,187.5248276233737,91
2024,1,13,41.17522105714664,618.7970027298688,725.6191197841258,187.5248276233737,91
2024,1,14,39.40018768933622,617.0219693620585,725.6191197841258,187.5248276233737,91
2024,1,15,51.101646929869304,628.7234286025915,725.6191197841258,187.5248276233737,91
2024,1,16,88.78778034841736,666.4095620211395,725.6191197841258,187.5248276233737,91
2024,1,17,154.84591548196812,732.4676971546903,725.6191197841258,187.5248276233737,91
2024,1,18,236.331508954504,813.9532906272262,725.6191197841258,187.5248276233737,91
2024,1,19,309.7538152427008,887.3755969154231,725.6191197841258,187.5248276233737,91
2024,1,20,313.6663756587932,891.2881573315154,725.6191197841258,187.5248276233737,91
2024,1,21,288.4578867024602,866.0796683751825,725.6191197841258,187.5248276233737,91
2024,1,22,266.4277504764714,844.0495321491936,725.6191197841258,187.5248276233737,91
2024,1,23,214.77998644899353,792.4017681217157,725.6191197841258,187.5248276233737,91
2024,2,0,148.35636468542614,758.94351065422,735.185630130153,197.71241156183717,91
2024,2,1,84.56109228825117,695.148238257045,735.185630130153,197.71241156183717,91
2024,2,2,42.46970754036568,653.0568535091595,735.185630130153,197.71241156183717,91
2024,2,3,14.173696971873001,624.7608429406669,735.185630130153,197.71241156183717,91
2024,2,4,0.0,610.5871459687938,735.185630130153,197.71241156183717,91
2024,2,5,2.2013551919028775,612.7885011606967,735.185630130153,197.71241156183717,91
2024,2,6,35.19835064072266,645.7854966095166,735.185630130153,197.71241156183717,91
2024,2,7,94.50248320812663,705.0896291769205,735.185630130153,197.71241156183717,91
2024,2,8,132.13902876553595,742.7261747343298,735.185630130153,197.71241156183717,91
2024,2,9,116.19075877848552,726.7779047472793,735.185630130153,197.71241156183717,91
2024,2,10,84.0536099760401,694.6407559448339,735.185630130153,197.71241156183717,91
2024,2,11,56.48121155060809,667.068357519402,735.185630130153,197.71241156183717,91
2024,2,12,38.3671614958739,648.9543074646677,735.185630130153,197.71241156183717,91
2024,2,13,21.514832089153302,632.1019780579471,735.185630130153,197.71241156183717,91
2024,2,14,19.419017449733296,630.0061634185272,735.185630130153,197.71241156183717,91
2024,2,15,33.12339051313798,643.7105364819319,735.185630130153,197.71241156183717,91
2024,2,16,80.07152357846427,690.6586695472581,735.185630130153,197.71241156183717,91
2024,2,17,149.69901833921813,760.286164308012,735.185630130153,197.71241156183717,91
2024,2,18,226.6423030537104,837.2294490225042,735.185630130153,197.71241156183717,91
2024,2,19,291.6058319373253,902.1929779061192,735.185630130153,197.71241156183717,91
2024,2,20,293.06722842733745,903.6543743961314,735.185630130153,197.71241156183717,91
2024,2,21,291.91428613417304,902.5014321029669,735.185630130153,197.71241156183717,91
2024,2,22,273.1830834163964,883.7702293851903,735.185630130153,197.71241156183717,91
2024,2,23,218.46549287779638,829.0526388465903,735.185630130153,197.71241156183717,91
2024,3,0,158.00136379260783,832.5801109366798,746.0479139390663,208.1331720644444,92
2024,3,1,92.0771553245895,766.6559024686613,746.0479139390663,208.1331720644444,92
2024,3,2,47.98297372894975,722.5617208730217,746.0479139390663,208.1331720644444,92
2024,3,3,18.769310437994168,693.3480575820661,746.0479139390663,208.1331720644444,92
2024,3,4,0.0,674.5787471440719,746.0479139390663,208.1331720644444,92
2024,3,5,-0.19231212528325284,674.3864350187887,746.0479139390663,208.1331720644444,92
2024,3,6,30.393268435102822,704.9720155791748,746.0479139390663,208.1331720644444,92
2024,3,7,88.29936180817165,762.8781089522437,746.0479139390663,208.1331720644444,92
2024,3,8,131.26839365631886,805.8471408003909,746.0479139390663,208.1331720644444,92
2024,3,9,121.45542235002857,796.0341694941005,746.0479139390663,208.1331720644444,92
2024,3,10,98.71545494228182,773.2942020863537,746.0479139390663,208.1331720644444,92
2024,3,11,73.87507273975932,748.4538198838313,746.0479139390663,208.1331720644444,92
2024,3,12,54.78798138204055,729.3667285261125,746.0479139390663,208.1331720644444,92
2024,3,13,38.11918862116175,712.6979357652336,746.0479139390663,208.1331720644444,92
2024,3,14,36.58194357149373,711.1606907155657,746.0479139390663,208.1331720644444,92
2024,3,15,50.607830428157605,725.1865775722297,746.0479139390663,208.1331720644444,92
2024,3,16,95.78128454946464,770.3600316935365,746.0479139390663,208.1331720644444,92
2024,3,17,170.23677210786246,844.8155192519343,746.0479139390663,208.1331720644444,92
2024,3,18,253.84594975679462,928.4246969008666,746.0479139390663,208.1331720644444,92
2024,3,19,307.09362534797083,981.6723724920428,746.0479139390663,208.1331720644444,92
2024,3,20,309.42746697786055,984.0062141219325,746.0479139390663,208.1331720644444,92
2024,3,21,308.2498060200212,982.8285531640931,746.0479139390663,208.1331720644444,92
2024,3,22,282.56618050951727,957.1449276535892,746.0479139390663,208.1331720644444,92
2024,3,23,229.27341302760288,903.8521601716749,746.0479139390663,208.1331720644444,92
2024,4,0,151.19900673416072,795.2152106521162,758.235184191265,221.1670462837972,92
2024,4,1,88.96986856723296,732.9860724851884,758.235184191265,221.1670462837972,92
2024,4,2,46.46369885809963,690.4799027760552,758.235184191265,221.1670462837972,92
2024,4,3,16.923272244427864,660.9394761623834,758.235184191265,221.1670462837972,92
2024,4,4,0.0,644.0162039179555,758.235184191265,221.1670462837972,92
2024,4,5,2.6611407771617275,646.6773446951172,758.235184191265,221.1670462837972,92
2024,4,6,34.55945483641137,678.5756587543668,758.235184191265,221.1670462837972,92
2024,4,7,93.3100349431286,737.326238861084,758.235184191265,221.1670462837972,92
2024,4,8,155.9494418567831,799.9656457747386,758.235184191265,221.1670462837972,92
2024,4,9,147.35207276289964,791.3682766808552,758.235184191265,221.1670462837972,92
2024,4,10,122.28736190549807,766.3035658234536,758.235184191265,221.1670462837972,92
2024,4,11,99.20367512549346,743.2198790434489,758.235184191265,221.1670462837972,92
2024,4,12,82.42870362275386,726.4449075407093,758.235184191265,221.1670462837972,92
2024,4,13,75.75163647995878,719.7678403979144,758.235184191265,221.1670462837972,92
2024,4,14,78.63980822501065,722.6560121429662,758.235184191265,221.1670462837972,92
2024,4,15,103.20973029996361,747.225934217919,758.235184191265,221.1670462837972,92
2024,4,16,157.80793474668582,801.8241386646413,758.235184191265,221.1670462837972,92
2024,4,17,232.83594772235784,876.8521516403133,758.235184191265,221.1670462837972,92
2024,4,18,307.0682799023113,951.0844838202668,758.235184191265,221.1670462837972,92
2024,4,19,343.7064083940057,987.722612311961,758.235184191265,221.1670462837972,92
2024,4,20,319.223346018691,963.2395499366465,758.235184191265,221.1670462837972,92
2024,4,21,293.1748506802195,937.1910545981749,758.235184191265,221.1670462837972,92
2024,4,22,267.51438885066466,911.5305927686201,758.235184191265,221.1670462837972,92
2024,4,23,217.66932544300028,861.6855293609558,758.235184191265,221.1670462837972,92
2025,1,0,151.572327239444,749.482117611422,772.5303347588641,232.49956218759874,90
2025,1,1,88.32564352168319,686.2354338936613,772.5303347588641,232.49956218759874,90
2025,1,2,46.07163105489359,643.9814214268717,772.5303347588641,232.49956218759874,90
2025,1,3,16.121156029195657,614.0309464011738,772.5303347588641,232.49956218759874,90
2025,1,4,0.0,597.9097903719781,772.5303347588641,232.49956218759874,90
2025,1,5,2.1293752647698905,600.0391656367481,772.5303347588641,232.49956218759874,90
2025,1,6,33.78748203285554,631.6972724048337,772.5303347588641,232.49956218759874,90
2025,1,7,93.79429684824314,691.7040872202213,772.5303347588641,232.49956218759874,90
2025,1,8,160.02899407005407,757.9387844420321,772.5303347588641,232.49956218759874,90
2025,1,9,153.77209612269127,751.6818864946694,772.5303347588641,232.49956218759874,90
2025,1,10,125.32353231118664,723.2333226831647,772.5303347588641,232.49956218759874,90
2025,1,11,90.61965174618584,688.529442118164,772.5303347588641,232.49956218759874,90
2025,1,12,61.644009909253285,659.5538002812314,772.5303347588641,232.49956218759874,90
2025,1,13,37.301634969134085,635.2114253411122,772.5303347588641,232.49956218759874,90
2025,1,14,36.42012550330272,634.3299158752809,772.5303347588641,232.49956218759874,90
2025,1,15,50.79485533639342,648.7046457083716,772.5303347588641,232.49956218759874,90
2025,1,16,97.54810699983437,695.4578973718125,772.5303347588641,232.49956218759874,90
2025,1,17,169.17455045192733,767.0843408239054,772.5303347588641,232.49956218759874,90
2025,1,18,255.24575627917744,853.1555466511555,772.5303347588641,232.49956218759874,90
2025,1,19,314.25131390281626,912.1611042747943,772.5303347588641,232.49956218759874,90
2025,1,20,318.0915389577808,916.001329329759,772.5303347588641,232.49956218759874,90
2025,1,21,298.531088444818,896.440878816796,772.5303347588641,232.49956218759874,90
2025,1,22,273.0881125228981,870.9979028948762,772.5303347588641,232.49956218759874,90
2025,1,23,221.62541716378377,819.5352075357619,772.5303347588641,232.49956218759874,90
2025,2,0,153.444986373964,788.3552719336083,787.4342822193667,244.19182939945304,91
2025,2,1,90.99987547781402,725.9101610374582,787.4342822193667,244.19182939945304,91
2025,2,2,47.759005231858694,682.6692907915029,787.4342822193667,244.19182939945304,91
2025,2,3,19.020095029671854,653.9303805893162,787.4342822193667,244.19182939945304,91
2025,2,4,0.0,634.9102855596443,787.4342822193667,244.19182939945304,91
2025,2,5,1.5069906915572522,636.4172762512015,787.4342822193667,244.19182939945304,91
2025,2,6,33.065007310917146,667.9752928705615,787.4342822193667,244.19182939945304,91
2025,2,7,91.68391663288439,726.5942021925287,787.4342822193667,244.19182939945304,91
2025,2,8,125.21191359202096,760.1221991516653,787.4342822193667,244.19182939945304,91
2025,2,9,108.7820186317581,743.6923041914023,787.4342822193667,244.19182939945304,91
2025,2,10,78.4989576931778,713.4092432528221,787.4342822193667,244.19182939945304,91
2025,2,11,53.16902572950265,688.079311289147,787.4342822193667,244.19182939945304,91
2025,2,12,27.87686082234801,662.7871463819923,787.4342822193667,244.19182939945304,91
2025,2,13,11.876565842427185,646.7868514020715,787.4342822193667,244.19182939945304,91
2025,2,14,12.217022969455188,647.1273085290995,787.4342822193667,244.19182939945304,91
2025,2,15,29.175684812997194,664.0859703726414,787.4342822193667,244.19182939945304,91
2025,2,16,71.49442087087832,706.4047064305227,787.4342822193667,244.19182939945304,91
2025,2,17,140.03434260003584,774.9446281596801,787.4342822193667,244.19182939945304,91
2025,2,18,225.47388742366633,860.3841729833106,787.4342822193667,244.19182939945304,91
2025,2,19,281.80543386285296,916.7157194224973,787.4342822193667,244.19182939945304,91
2025,2,20,287.41116452322507,922.3214500828694,787.4342822193667,244.19182939945304,91
2025,2,21,289.3482684221507,924.2585539817949,787.4342822193667,244.19182939945304,91
2025,2,22,270.846224525238,905.7565100848823,787.4342822193667,244.19182939945304,91
2025,2,23,222.2931316990521,857.2034172586965,787.4342822193667,244.19182939945304,91
2025,3,0,160.43268964627364,848.6178284451282,793.3328409566104,249.68221047041112,92
2025,3,1,95.41148840941474,783.5966272082693,793.3328409566104,249.68221047041112,92
2025,3,2,50.53147780121256,738.7166166000671,793.3328409566104,249.68221047041112,92
2025,3,3,19.86255569967404,708.0476944985286,793.3328409566104,249.68221047041112,92
2025,3,4,0.0,688.1851387988545,793.3328409566104,249.68221047041112,92
2025,3,5,-0.06653363049509933,688.1186051683595,793.3328409566104,249.68221047041112,92
2025,3,6,30.144303884306307,718.3294426831608,793.3328409566104,249.68221047041112,92
2025,3,7,86.30248300245671,774.4876218013112,793.3328409566104,249.68221047041112,92
2025,3,8,125.5301800818048,813.7153188806594,793.3328409566104,249.68221047041112,92
2025,3,9,109.96532307333975,798.1504618721943,793.3328409566104,249.68221047041112,92
2025,3,10,82.34493533302636,770.5300741318808,793.3328409566104,249.68221047041112,92
2025,3,11,58.01672057286928,746.2018593717238,793.3328409566104,249.68221047041112,92
2025,3,12,40.41291213438132,728.5980509332359,793.3328409566104,249.68221047041112,92
2025,3,13,24.475415022316493,712.660553821171,793.3328409566104,249.68221047041112,92
2025,3,14,27.840384960162872,716.0255237590173,793.3328409566104,249.68221047041112,92
2025,3,15,42.217590529277366,730.402729328132,793.3328409566104,249.68221047041112,92
2025,3,16,90.68537586577871,778.8705146646332,793.3328409566104,249.68221047041112,92
2025,3,17,167.96272177094778,856.1478605698023,793.3328409566104,249.68221047041112,92
2025,3,18,255.41940542967876,943.6045442285333,793.3328409566104,249.68221047041112,92
2025,3,19,311.84323305117795,1000.0283718500324,793.3328409566104,249.68221047041112,92
2025,3,20,308.3810568411456,996.56619564,793.3328409566104,249.68221047041112,92
2025,3,21,306.8838613464917,995.0690001453462,793.3328409566104,249.68221047041112,92
2025,3,22,285.2241299799187,973.4092687787731,793.3328409566104,249.68221047041112,92
2025,3,23,233.64169353445598,921.8268323333106,793.3328409566104,249.68221047041112,92
2025,4,0,150.70873731200686,802.9121716495022,793.3328409566104,249.68221047041112,92
2025,4,1,89.77919865773238,741.9826329952277,793.3328409566104,249.68221047041112,92
2025,4,2,46.44574521736587,698.6491795548612,793.3328409566104,249.68221047041112,92
2025,4,3,17.06371264767396,669.2671469851693,793.3328409566104,249.68221047041112,92
2025,4,4,0.0,652.2034343374954,793.3328409566104,249.68221047041112,92
2025,4,5,2.222889794314635,654.42632413181,793.3328409566104,249.68221047041112,92
2025,4,6,33.49237719611898,685.6958115336143,793.3328409566104,249.68221047041112,92
2025,4,7,92.44381524781723,744.6472495853126,793.3328409566104,249.68221047041112,92
2025,4,8,151.09054512291846,803.2939794604139,793.3328409566104,249.68221047041112,92
2025,4,9,144.54897809216132,796.7524124296567,793.3328409566104,249.68221047041112,92
2025,4,10,120.80318232597656,773.006616663472,793.3328409566104,249.68221047041112,92
2025,4,11,99.30982058913477,751.5132549266301,793.3328409566104,249.68221047041112,92
2025,4,12,82.83126182772764,735.034696165223,793.3328409566104,249.68221047041112,92
2025,4,13,78.07743092365965,730.280865261155,793.3328409566104,249.68221047041112,92
2025,4,14,87.60176411893953,739.805198456435,793.3328409566104,249.68221047041112,92
2025,4,15,116.63800528349081,768.8414396209862,793.3328409566104,249.68221047041112,92
2025,4,16,164.53089004712083,816.7343243846162,793.3328409566104,249.68221047041112,92
2025,4,17,237.8020069483565,890.0054412858518,793.3328409566104,249.68221047041112,92
2025,4,18,305.1726524281704,957.3760867656658,793.3328409566104,249.68221047041112,92
2025,4,19,338.611448028213,990.8148823657083,793.3328409566104,249.68221047041112,92
2025,4,20,313.8453998648164,966.0488342023118,793.3328409566104,249.68221047041112,92
2025,4,21,291.68314616604926,943.8865805035446,793.3328409566104,249.68221047041112,92
2025,4,22,269.029977092594,921.2334114300894,793.3328409566104,249.68221047041112,92
2025,4,23,218.1510022174386,870.354436554934,793.3328409566104,249.68221047041112,92
