date,load_day,pv_mw,batt_mwh,year,quarter,ghi_midday,temp_day,season,t_years,lowsun,lowsun_x_pv,yearF,era
2013-01-01,823.4150024414063,216.43630798111036,16.663103751865556,2013,1,244.41666666666669,23.406328914141415,1,-5.501026694045095,1,216.43630798111036,2013,2013-16
2013-01-02,933.8809875488281,216.71897643399072,16.672902009608933,2013,1,454.8681818181818,23.46081912878788,1,-5.501026694045095,1,216.71897643399072,2013,2013-16
2013-01-03,927.9779968261719,216.94751584038463,16.693431692499814,2013,1,363.3984848484848,23.424076704545453,1,-5.501026694045095,1,216.94751584038463,2013,2013-16
2013-01-04,911.4059997558594,217.26584440819641,16.718160628709285,2013,1,416.3227272727272,23.38749210858586,1,-5.501026694045095,1,217.26584440819641,2013,2013-16
2013-01-05,838.8189819335937,217.2736525078875,16.719093796113416,2013,1,451.9121212121212,23.66062184343434,1,-5.501026694045095,1,217.2736525078875,2013,2013-16
2013-01-06,813.5100158691406,217.2814606075786,16.720026963517547,2013,1,579.7359848484848,24.07690183080808,1,-5.501026694045095,1,217.2814606075786,2013,2013-16
2013-01-07,939.943017578125,217.42039529156213,16.73635739308984,2013,1,540.3454545454545,23.96559343434343,1,-5.501026694045095,1,217.42039529156213,2013,2013-16
2013-01-08,920.7279968261719,217.56094108600198,16.7531544063642,2013,1,522.3246212121212,23.771188446969703,1,-5.501026694045095,1,217.56094108600198,2013,2013-16
2013-01-09,925.1820129394531,217.87155719232328,16.78534868180672,2013,1,612.8068181818182,23.91828440656566,1,-5.501026694045095,0,0.0,2013,2013-16
2013-01-10,921.293994140625,218.06434718781975,16.800279360272818,2013,1,604.4117424242424,24.105516098484852,1,-5.501026694045095,0,0.0,2013,2013-16
2013-01-11,916.2639770507812,218.643416123604,16.814743455036847,2013,1,634.2424242424242,23.742858270202024,1,-5.501026694045095,0,0.0,2013,2013-16
2013-01-12,862.102978515625,218.7644416688161,16.829207549800877,2013,1,537.8030303030303,23.798358585858583,1,-5.501026694045095,1,218.7644416688161,2013,2013-16
2013-01-13,827.7289855957031,218.83081051619047,16.83713947273599,2013,1,500.5295454545454,24.000086805555565,1,-5.501026694045095,1,218.83081051619047,2013,2013-16
2013-01-14,959.1100219726562,219.05724540723244,16.864201327455792,2013,1,178.6746212121212,23.76602746212122,1,-5.501026694045095,1,219.05724540723244,2013,2013-16
2013-01-15,902.7770080566406,219.3762139669277,16.87166666668884,2013,1,680.3515151515152,22.591232638888883,1,-5.501026694045095,0,0.0,2013,2013-16
2013-01-16,867.3859924316406,219.54799216013197,16.89219634957972,2013,1,628.5333333333333,22.729064078282832,1,-5.501026694045095,0,0.0,2013,2013-16
2013-01-17,892.7260131835938,219.6729217551896,16.907127028045817,2013,1,573.4753787878788,22.44252683080808,1,-5.501026694045095,1,219.6729217551896,2013,2013-16
2013-01-18,872.3509948730468,219.97623720036526,16.935588633871813,2013,1,695.864393939394,22.895115214646456,1,-5.501026694045095,0,0.0,2013,2013-16
2013-01-19,781.7989868164062,220.01527769882077,16.94025447089247,2013,1,668.0587121212121,22.31699810606061,1,-5.501026694045095,0,0.0,2013,2013-16
2013-01-20,755.2920043945312,220.02308579851186,16.9411876382966,2013,1,714.2674242424242,22.169870580808077,1,-5.501026694045095,0,0.0,2013,2013-16
2013-01-21,866.4420104980469,220.15972754310616,16.957518067868893,2013,1,512.9507575757576,22.607149621212127,1,-5.501026694045095,1,220.15972754310616,2013,2013-16
2013-01-22,912.9790100097656,220.37944102545572,16.978980918163906,2013,1,635.6340909090909,23.21740845959596,1,-5.501026694045095,0,0.0,2013,2013-16
2013-01-23,910.0779907226563,220.52779491958668,16.996711098842397,2013,1,500.1314393939394,22.957307449494948,1,-5.501026694045095,1,220.52779491958668,2013,2013-16
2013-01-24,923.5309936523438,220.77686256146941,17.01957370024361,2013,1,355.4056818181818,23.36799242424242,1,-5.501026694045095,1,220.77686256146941,2013,2013-16
2013-01-25,902.9890075683594,220.92131240575483,17.036837297220032,2013,1,616.0382575757576,23.806557765151513,1,-5.501026694045095,0,0.0,2013,2013-16
2013-01-26,842.0270141601562,220.9642569540559,17.041969717942752,2013,1,506.5617424242424,23.64258996212121,1,-5.501026694045095,1,220.9642569540559,2013,2013-16
2013-01-27,847.8310241699219,220.97596910359258,17.043369469048947,2013,1,325.12083333333334,23.67137784090909,1,-5.501026694045095,1,220.97596910359258,2013,2013-16
2013-01-28,912.4219970703125,221.25292186272281,17.0764969118956,2013,1,303.2674242424242,22.86616161616162,1,-5.501026694045095,1,221.25292186272281,2013,2013-16
2013-01-29,914.5429931640625,221.58744839376868,17.106358268827794,2013,1,623.7814393939394,23.248476957070707,1,-5.501026694045095,0,0.0,2013,2013-16
2013-01-30,905.5710327148438,222.01891757335798,17.132953539845527,2013,1,693.8492424242424,23.199826388888894,1,-5.501026694045095,0,0.0,2013,2013-16
2013-01-31,898.7390197753906,222.35019236921457,17.16281489677772,2013,1,603.1534090909091,23.31524621212121,1,-5.501026694045095,0,0.0,2013,2013-16
2013-02-01,859.8759948730469,222.48485526096505,17.17867874264795,2013,1,725.8121212121212,23.25561868686869,1,-5.501026694045095,0,0.0,2013,2013-16
2013-02-02,806.3749938964844,222.48485526096505,17.17867874264795,2013,1,691.5488636363636,23.365309343434337,1,-5.501026694045095,0,0.0,2013,2013-16
2013-02-03,760.8519836425781,222.4887593108106,17.179145326350014,2013,1,732.9772727272727,22.571062184343432,1,-5.501026694045095,0,0.0,2013,2013-16
2013-02-04,885.5529846191406,222.83782368804674,17.199675009240895,2013,1,480.5185606060606,23.0246764520202,1,-5.501026694045095,1,222.83782368804674,2013,2013-16
2013-02-05,879.9380126953125,223.16915332874524,17.23502266730464,2013,1,626.1147727272727,23.25349589646464,1,-5.501026694045095,0,0.0,2013,2013-16
2013-02-06,893.6400024414063,223.42975630136675,17.264417440534768,2013,1,602.9954545454545,23.108704229797976,1,-5.501026694045095,0,0.0,2013,2013-16
2013-02-07,911.6580078125,223.68366711271065,17.288679793042174,2013,1,619.7227272727273,23.80933554292929,1,-5.501026694045095,0,0.0,2013,2013-16
2013-02-08,895.9809997558593,223.91567764550777,17.309209475933056,2013,1,757.880303030303,23.776601957070707,1,-5.501026694045095,0,0.0,2013,2013-16
2013-02-09,814.7449890136719,223.93129384488998,17.31107581074132,2013,1,736.6223484848485,23.261979166666663,1,-5.501026694045095,0,0.0,2013,2013-16
2013-02-10,800.231005859375,223.95081409411773,17.313408729251645,2013,1,471.3931818181818,23.353598484848487,1,-5.501026694045095,1,223.95081409411773,2013,2013-16
2013-02-11,891.2610046386719,224.32406152800195,17.341403751375577,2013,1,511.2515151515152,22.94367897727273,1,-5.501026694045095,1,224.32406152800195,2013,2013-16
2013-02-12,860.7889892578125,224.57104566502613,17.358200764649936,2013,1,559.5435606060606,22.25576073232323,1,-5.501026694045095,1,224.57104566502613,2013,2013-16
2013-02-13,845.9400207519532,224.65693476162826,17.368465606095377,2013,1,663.1984848484848,22.220067866161614,1,-5.501026694045095,0,0.0,2013,2013-16
2013-02-14,856.9299865722656,224.98486361027696,17.393194542304848,2013,1,689.3875,22.544294507575756,1,-5.501026694045095,0,0.0,2013,2013-16
2013-02-15,867.2299926757812,225.25551425879112,17.421656148130843,2013,1,728.7401515151515,23.14805082070707,1,-5.501026694045095,0,0.0,2013,2013-16
2013-02-16,784.2860107421875,225.25551425879112,17.421656148130843,2013,1,710.9238636363636,23.213983585858585,1,-5.501026694045095,0,0.0,2013,2013-16
2013-02-17,751.8590087890625,225.25941830863667,17.422122731832907,2013,1,683.5151515151515,22.878708964646467,1,-5.501026694045095,0,0.0,2013,2013-16
2013-02-18,809.8360046386719,225.3999641030765,17.438919745107267,2013,1,695.8757575757576,22.988020833333334,1,-5.501026694045095,0,0.0,2013,2013-16
2013-02-19,867.2769958496094,225.59126254550853,17.46178234650848,2013,1,609.3723484848485,22.808577967171715,1,-5.501026694045095,0,0.0,2013,2013-16
2013-02-20,872.9750061035156,225.9036849140747,17.49490978935513,2013,1,666.164393939394,22.985101010101005,1,-5.501026694045095,0,0.0,2013,2013-16
2013-02-21,899.7420166015625,226.15848565457318,17.522904811479062,2013,1,496.2113636363636,22.97324021464647,1,-5.501026694045095,1,226.15848565457318,2013,2013-16
2013-02-22,888.5840148925781,226.51376298788148,17.56256442615463,2013,1,533.6950757575758,23.087160669191917,1,-5.501026694045095,1,226.51376298788148,2013,2013-16
2013-02-23,799.8029907226562,226.57049468679452,17.564430760962892,2013,1,663.475,23.18633996212121,1,-5.501026694045095,0,0.0,2013,2013-16
2013-02-24,773.5259948730469,226.57439873664006,17.564897344664956,2013,1,706.6594696969697,22.93985164141414,1,-5.501026694045095,0,0.0,2013,2013-16
2013-02-25,876.7570068359375,227.3081603451888,17.631618814060324,2013,1,699.5109848484848,22.88277304292929,1,-5.501026694045095,0,0.0,2013,2013-16
2013-02-26,876.5869995117188,227.60787241604947,17.664746256906977,2013,1,631.942803030303,23.10011837121212,1,-5.501026694045095,0,0.0,2013,2013-16
2013-02-27,845.5449890136719,227.9992343729235,17.699273450859824,2013,1,824.405303030303,23.219752209595956,1,-5.501026694045095,0,0.0,2013,2013-16
2013-02-28,859.0509948730469,228.29602317278082,17.71840338264451,2013,1,704.0454545454545,23.296346275252528,1,-5.501026694045095,0,0.0,2013,2013-16
2013-03-01,859.2010009765625,228.48111895678926,17.73520039591887,2013,1,631.7651515151515,22.98613478535354,1,-5.501026694045095,0,0.0,2013,2013-16
2013-03-02,774.4409912109375,228.48892705648035,17.736133563323,2013,1,712.6128787878788,23.113999368686866,1,-5.501026694045095,0,0.0,2013,2013-16
2013-03-03,747.2389953613281,228.51625540539922,17.73939964923746,2013,1,650.1068181818182,22.970730744949496,1,-5.501026694045095,0,0.0,2013,2013-16
2013-03-04,864.3130187988281,228.84542985480726,17.76739467136139,2013,1,694.182196969697,22.825355113636373,1,-5.501026694045095,0,0.0,2013,2013-16
2013-03-05,849.7929992675781,229.1926636354748,17.796789444591518,2013,1,816.5060606060606,22.77495265151515,1,-5.501026694045095,0,0.0,2013,2013-16
2013-03-06,875.2100158691406,229.49381149241995,17.824317883013382,2013,1,736.8242424242424,23.190033143939388,1,-5.501026694045095,0,0.0,2013,2013-16
2013-03-07,885.4130065917968,229.72544319051886,17.842981231096,2013,1,754.3170454545455,23.20352746212121,1,-5.501026694045095,0,0.0,2013,2013-16
2013-03-08,868.9589965820312,229.92489290352356,17.866776999901344,2013,1,861.8060606060606,23.34994476010101,1,-5.501026694045095,0,0.0,2013,2013-16
2013-03-09,853.2650085449219,229.93660505306022,17.86817675100754,2013,1,685.2693181818182,23.59681186868687,1,-5.501026694045095,0,0.0,2013,2013-16
2013-03-10,841.4549865722656,229.94050910290576,17.868643334709603,2013,1,254.1064393939394,22.63813131313131,1,-5.501026694045095,1,229.94050910290576,2013,2013-16
2013-03-11,866.0249877929688,230.41588809340877,17.90223736125832,2013,1,737.3852272727273,22.95815972222222,1,-5.501026694045095,0,0.0,2013,2013-16
2013-03-12,887.510986328125,230.67032332421033,17.932098718190513,2013,1,704.1890151515152,23.01583017676768,1,-5.501026694045095,0,0.0,2013,2013-16
2013-03-13,859.1429931640625,231.20551114790038,17.96569274473923,2013,1,801.4435606060606,22.517313762626262,1,-5.501026694045095,0,0.0,2013,2013-16
2013-03-14,875.2010192871094,231.42239748668322,17.98202317431152,2013,1,498.2973484848485,22.88806818181818,1,-5.501026694045095,1,231.42239748668322,2013,2013-16
2013-03-15,856.8299743652344,231.65542439093355,18.006752110520992,2013,1,572.3829545454545,22.564480744949496,1,-5.501026694045095,1,231.65542439093355,2013,2013-16
2013-03-16,761.7849975585938,231.65542439093355,18.006752110520992,2013,1,709.1170454545454,22.128330176767676,1,-5.501026694045095,0,0.0,2013,2013-16
2013-03-17,729.3370178222656,231.65542439093355,18.006752110520992,2013,1,868.0666666666666,21.652959280303033,1,-5.501026694045095,0,0.0,2013,2013-16
2013-03-18,851.4920043945312,231.90199409466155,18.024948874901547,2013,1,556.5484848484849,21.583159722222216,1,-5.501026694045095,1,231.90199409466155,2013,2013-16
2013-03-19,846.7489929199219,232.08938848724802,18.04734489260069,2013,1,768.6628787878788,22.775860164141406,1,-5.501026694045095,0,0.0,2013,2013-16
2013-03-20,874.9140014648438,232.6051684496279,18.065541656981246,2013,1,804.1636363636364,23.88675820707071,1,-5.501026694045095,0,0.0,2013,2013-16
2013-03-21,914.8619995117188,232.89102326980753,18.088404258382457,2013,1,732.2791666666666,24.40419823232324,1,-5.501026694045095,0,0.0,2013,2013-16
2013-03-22,944.3380065917969,233.0496609578673,18.10613443906095,2013,1,456.9371212121212,23.85086805555555,1,-5.501026694045095,1,233.0496609578673,2013,2013-16
2013-03-23,825.0230041503906,233.06137310740397,18.107534190167144,2013,1,431.0844696969697,22.83365688131313,1,-5.501026694045095,1,233.06137310740397,2013,2013-16
2013-03-24,835.7819885253906,233.08089335663172,18.10986710867747,2013,1,159.82386363636363,22.823184974747477,1,-5.501026694045095,1,233.08089335663172,2013,2013-16
2013-03-25,905.1389953613282,233.336496817764,18.13599579599314,2013,1,720.1988636363636,23.60998263888889,1,-5.501026694045095,0,0.0,2013,2013-16
2013-03-26,885.5699951171875,233.55512360911487,18.16212448330881,2013,1,696.7939393939394,23.557031249999998,1,-5.501026694045095,0,0.0,2013,2013-16
2013-03-27,896.7069763183594,233.86729852509052,18.191519256538935,2013,1,429.0666666666667,22.947798295454543,1,-5.501026694045095,1,233.86729852509052,2013,2013-16
2013-03-28,862.7540100097656,234.16353675354463,18.22651303419385,2013,1,859.1151515151514,22.911505681818184,1,-5.501026694045095,0,0.0,2013,2013-16
2013-03-29,841.6470092773437,234.3118906476756,18.24424321487234,2013,1,712.4185606060606,22.858301767676767,1,-5.501026694045095,0,0.0,2013,2013-16
2013-03-30,807.4809936523437,234.35483519597668,18.24937563559506,2013,1,764.1526515151515,22.977383207070705,1,-5.501026694045095,0,0.0,2013,2013-16
2013-03-31,698.2259948730468,234.36654734551334,18.250775386701257,2013,1,892.4242424242424,21.56266571969697,1,-5.501026694045095,0,0.0,2013,2013-16
2013-04-01,849.7460144042968,234.69839158238523,18.290435001376824,2013,2,532.0780303030303,21.669775883838383,2,-5.501026694045095,1,234.69839158238523,2013,2013-16
2013-04-02,824.0830139160156,235.10422898561671,18.319363190904888,2013,2,869.807196969697,21.815301452020204,2,-5.501026694045095,0,0.0,2013,2013-16
2013-04-03,836.2989929199218,235.62397952498856,18.36275547519698,2013,2,752.6950757575758,22.3840119949495,2,-5.501026694045095,0,0.0,2013,2013-16
2013-04-04,869.6649963378907,236.24003356306795,18.429943528294412,2013,2,874.9863636363636,23.41331281565657,2,-5.501026694045095,0,0.0,2013,2013-16
2013-04-05,875.2149963378906,237.38767417942978,18.540057281981873,2013,2,744.8943181818182,23.76457544191919,2,-5.501026694045095,0,0.0,2013,2013-16
2013-04-06,853.7919982910156,237.42281062803974,18.544256535300462,2013,2,724.0102272727272,24.337507891414145,2,-5.501026694045095,0,0.0,2013,2013-16
2013-04-07,816.7110046386719,237.43842682742195,18.546122870108725,2013,2,794.4056818181818,24.345849116161617,2,-5.501026694045095,0,0.0,2013,2013-16
2013-04-08,922.9789733886719,237.52431592402408,18.556387711554166,2013,2,768.9253787878788,24.26279987373738,2,-5.501026694045095,0,0.0,2013,2013-16
2013-04-09,921.7169860839844,237.594588821244,18.564786218191344,2013,2,786.5041666666667,24.36138731060606,2,-5.501026694045095,0,0.0,2013,2013-16
2013-04-10,928.0050048828125,237.67266981815504,18.574117892232653,2013,2,718.2784090909091,24.51525410353535,2,-5.501026694045095,0,0.0,2013,2013-16
2013-04-11,947.5419982910156,237.77476556564804,18.586249068486357,2013,2,750.4424242424242,24.832323232323233,2,-5.501026694045095,0,0.0,2013,2013-16
2013-04-12,957.9260070800781,237.92117935740012,18.599779995846255,2013,2,597.805303030303,24.767471590909086,2,-5.501026694045095,0,0.0,2013,2013-16
2013-04-13,884.7399963378906,237.92508340724567,18.60024657954832,2013,2,493.7375,24.605989583333336,2,-5.501026694045095,1,237.92508340724567,2013,2013-16
2013-04-14,849.2389953613281,238.0109725038478,18.61051142099376,2013,2,424.451893939394,24.404742739898992,2,-5.501026694045095,1,238.0109725038478,2013,2013-16
2013-04-15,945.6349853515625,238.19446284658872,18.63244085499084,2013,2,454.0965909090909,23.78344381313131,2,-5.501026694045095,1,238.19446284658872,2013,2013-16
2013-04-16,921.6859985351563,238.33500864102857,18.6492378682652,2013,2,813.7371212121212,24.72437657828283,2,-5.501026694045095,0,0.0,2013,2013-16
2013-04-17,933.0429931640625,239.0792618117749,18.66883438375195,2013,2,794.2924242424242,24.82904829545455,2,-5.501026694045095,0,0.0,2013,2013-16
2013-04-18,917.3380126953125,239.23518902569305,18.68749773183457,2013,2,831.8810606060606,24.649573863636366,2,-5.501026694045095,0,0.0,2013,2013-16
2013-04-19,926.6969970703125,239.38744696966955,18.705694496215123,2013,2,553.8280303030303,24.489583333333332,2,-5.501026694045095,1,239.38744696966955,2013,2013-16
2013-04-20,846.8159973144532,239.41477531858843,18.70896058212958,2013,2,876.3871212121212,24.828614267676766,2,-5.501026694045095,0,0.0,2013,2013-16
2013-04-21,834.5680053710937,239.496760365345,18.718758839872958,2013,2,521.8628787878788,24.584919507575762,2,-5.501026694045095,1,239.496760365345,2013,2013-16
2013-04-22,986.7079956054688,239.65682640901264,18.737888771657644,2013,2,568.8742424242424,24.64513099747475,2,-5.501026694045095,1,239.65682640901264,2013,2013-16
2013-04-23,965.0570007324219,239.84789007154075,18.760751373058856,2013,2,554.1416666666667,24.722735164141415,2,-5.501026694045095,1,239.84789007154075,2013,2013-16
2013-04-24,944.2350036621094,239.9467340838445,18.771949381908428,2013,2,822.3992424242424,24.37820391414141,2,-5.501026694045095,0,0.0,2013,2013-16
2013-04-25,932.3629943847657,240.13436042174047,18.791545897395178,2013,2,929.5253787878788,25.40889362373737,2,-5.501026694045095,0,0.0,2013,2013-16
2013-04-26,911.1619995117187,240.32218218717153,18.813941915094322,2013,2,886.6102272727272,25.012152777777775,2,-5.501026694045095,0,0.0,2013,2013-16
2013-04-27,837.2909973144531,240.32608623701708,18.814408498796386,2013,2,886.8708333333334,25.185905934343435,2,-5.501026694045095,0,0.0,2013,2013-16
2013-04-28,822.3309814453125,240.3417024363993,18.81627483360465,2013,2,756.8087121212122,25.03888888888889,2,-5.501026694045095,0,0.0,2013,2013-16
2013-04-29,977.8210205078125,240.6306021249701,18.850802027557496,2013,2,728.5825757575757,25.30629734848485,2,-5.501026694045095,0,0.0,2013,2013-16
2013-04-30,984.1930297851562,240.86192301586638,18.87833046597936,2013,2,709.4185606060606,25.428945707070707,2,-5.501026694045095,0,0.0,2013,2013-16
2013-05-01,939.5550048828125,241.0478792147528,18.90025989997644,2013,2,924.8401515151515,25.66588541666667,2,-5.501026694045095,0,0.0,2013,2013-16
2013-05-02,949.9360046386719,241.23917765718483,18.92312250137765,2013,2,731.9147727272727,25.456936553030307,2,-5.501026694045095,0,0.0,2013,2013-16
2013-05-03,945.6339965820313,241.41611575718034,18.940386098354075,2013,2,866.9397727272728,25.463707386363637,2,-5.501026694045095,0,0.0,2013,2013-16
2013-05-04,872.5619812011719,241.42001980702588,18.94085268205614,2013,2,721.6522727272727,25.23409090909091,2,-5.501026694045095,0,0.0,2013,2013-16
2013-05-05,842.3409973144531,241.46296435532696,18.94598510277886,2013,2,362.1166666666667,24.632812500000004,2,-5.501026694045095,1,241.46296435532696,2013,2013-16
2013-05-06,918.1179809570312,242.1679605895893,18.969780871584202,2013,2,870.6257575757576,24.559406565656563,2,-5.501026694045095,0,0.0,2013,2013-16
2013-05-07,911.7729797363281,242.42987776275382,19.000575395920524,2013,2,818.9704545454546,24.56578282828283,2,-5.501026694045095,0,0.0,2013,2013-16
2013-05-08,912.9279846191406,242.61336810549474,19.022504829917604,2013,2,876.3325757575758,24.731936553030298,2,-5.501026694045095,0,0.0,2013,2013-16
2013-05-09,949.9390075683593,242.76433902673122,19.038368675787833,2013,2,753.9363636363636,25.235629734848484,2,-5.501026694045095,0,0.0,2013,2013-16
2013-05-10,961.9929809570312,243.06164843890298,19.06169786089111,2013,2,655.8318181818182,25.027470012626264,2,-5.501026694045095,0,0.0,2013,2013-16
2013-05-11,840.4559753417968,243.0772646382852,19.06356419569937,2013,2,762.4810606060606,24.600946969696974,2,-5.501026694045095,0,0.0,2013,2013-16
2013-05-12,803.9830017089844,243.08507273797628,19.064497363103502,2013,2,497.2113636363636,24.40153882575758,2,-5.501026694045095,1,243.08507273797628,2013,2013-16
2013-05-13,952.5829833984375,243.26465903087166,19.085960213398515,2013,2,678.5401515151515,25.308933080808078,2,-5.501026694045095,0,0.0,2013,2013-16
2013-05-14,948.6830139160156,243.70406900281225,19.11442181922451,2013,2,851.9121212121212,25.62823547979798,2,-5.501026694045095,0,0.0,2013,2013-16
2013-05-15,939.2380126953125,244.03179580291933,19.142416841348442,2013,2,873.65,25.49447601010101,2,-5.501026694045095,0,0.0,2013,2013-16
2013-05-16,918.2119934082032,244.26307900783627,19.16341310794139,2013,2,909.1943181818182,25.358325441919188,2,-5.501026694045095,0,0.0,2013,2013-16
2013-05-17,911.94599609375,244.38183492502333,19.174611116790963,2013,2,876.578409090909,25.528527462121207,2,-5.501026694045095,0,0.0,2013,2013-16
2013-05-18,853.775,244.38964302471442,19.175544284195094,2013,2,746.2886363636364,25.217155934343438,2,-5.501026694045095,0,0.0,2013,2013-16
2013-05-19,821.3860046386719,244.42868352316992,19.18021012121575,2013,2,822.3117424242424,24.500915404040402,2,-5.501026694045095,0,0.0,2013,2013-16
2013-05-20,911.4239990234375,244.62779006529306,19.204005890021094,2013,2,789.4515151515152,24.26173453282828,2,-5.501026694045095,0,0.0,2013,2013-16
2013-05-21,898.1029968261719,244.8088661351571,19.225468740316106,2013,2,717.8026515151516,24.983057133838383,2,-5.501026694045095,0,0.0,2013,2013-16
2013-05-22,945.2420043945312,245.05785485881276,19.252530595035907,2013,2,799.3151515151516,25.975860164141412,2,-5.501026694045095,0,0.0,2013,2013-16
2013-05-23,971.714013671875,245.1749763541793,19.266528106097873,2013,2,891.1693181818182,26.298934659090907,2,-5.501026694045095,0,0.0,2013,2013-16
2013-05-24,961.2019958496094,245.33270727149446,19.28519145418049,2013,2,775.505303030303,26.168607954545454,2,-5.501026694045095,0,0.0,2013,2013-16
2013-05-25,851.5219970703125,245.33661132134,19.285658037882556,2013,2,736.223106060606,25.582173295454552,2,-5.501026694045095,0,0.0,2013,2013-16
2013-05-26,790.8670104980469,245.3444194210311,19.286591205286687,2013,2,896.8416666666666,25.594128787878788,2,-5.501026694045095,0,0.0,2013,2013-16
2013-05-27,828.42900390625,245.414692318251,19.294989711923865,2013,2,860.3435606060606,25.518394886363634,2,-5.501026694045095,0,0.0,2013,2013-16
2013-05-28,960.0920043945313,245.58647051145527,19.315519394814746,2013,2,689.1685606060606,25.565790719696974,2,-5.501026694045095,0,0.0,2013,2013-16
2013-05-29,980.3790222167969,245.85194590095278,19.3472470865552,2013,2,697.0162878787878,26.062492108585857,2,-5.501026694045095,0,0.0,2013,2013-16
2013-05-30,963.2690124511719,246.11760404529878,19.37850819459359,2013,2,833.8465909090908,26.07718592171717,2,-5.501026694045095,0,0.0,2013,2013-16
2013-05-31,988.5080017089844,246.28938223850304,19.39903787748447,2013,2,614.2181818181818,25.99120107323233,2,-5.501026694045095,0,0.0,2013,2013-16
2013-06-01,880.0480041503906,246.3010943880397,19.400437628590666,2013,2,750.0916666666667,26.099116161616166,2,-5.501026694045095,0,0.0,2013,2013-16
2013-06-02,844.4079895019531,246.39088753448738,19.411169053738174,2013,2,713.2556818181818,26.037136994949496,2,-5.501026694045095,0,0.0,2013,2013-16
2013-06-03,949.1919738769532,246.6216538482195,19.43869749216004,2013,2,844.748106060606,25.84941603535354,2,-5.501026694045095,0,0.0,2013,2013-16
2013-06-04,943.131005859375,246.8543967821049,19.464826179475708,2013,2,835.5484848484848,25.91065340909091,2,-5.501026694045095,0,0.0,2013,2013-16
2013-06-05,941.1150024414062,247.06131142391914,19.489555115685178,2013,2,828.8378787878788,25.685093118686876,2,-5.501026694045095,0,0.0,2013,2013-16
2013-06-06,933.991015625,247.26429271510065,19.513817468192585,2013,2,826.908712121212,25.69457859848485,2,-5.501026694045095,0,0.0,2013,2013-16
2013-06-07,937.0060119628906,247.4536538897482,19.53621348589173,2013,2,657.5450757575758,25.612350063131316,2,-5.501026694045095,0,0.0,2013,2013-16
2013-06-08,834.7330017089844,247.4536538897482,19.53621348589173,2013,2,803.8261363636364,25.647285353535356,2,-5.501026694045095,0,0.0,2013,2013-16
2013-06-09,813.9030029296875,247.45755793959376,19.536680069593793,2013,2,833.8098484848485,25.749565972222225,2,-5.501026694045095,0,0.0,2013,2013-16
2013-06-10,950.7359985351562,247.5981037340336,19.553477082868152,2013,2,738.071212121212,25.53701073232323,2,-5.501026694045095,0,0.0,2013,2013-16
2013-06-11,915.552001953125,247.71522522940015,19.56747459393012,2013,2,731.7780303030302,26.072166982323235,2,-5.501026694045095,0,0.0,2013,2013-16
2013-06-12,957.0819946289063,247.9453293903838,19.595003032351983,2013,2,784.9625,25.86647727272727,2,-5.501026694045095,0,0.0,2013,2013-16
2013-06-13,943.1800231933594,248.14877648464065,19.617865633753194,2013,2,787.6026515151515,25.744649621212123,2,-5.501026694045095,0,0.0,2013,2013-16
2013-06-14,919.4280090332031,248.42449684942173,19.646793823281257,2013,2,861.7844696969696,25.65340119949495,2,-5.501026694045095,0,0.0,2013,2013-16
2013-06-15,834.9630126953125,248.483057597105,19.65379257881224,2013,2,884.7352272727272,25.6572601010101,2,-5.501026694045095,0,0.0,2013,2013-16
2013-06-16,809.8719970703125,248.49476974664165,19.655192329918435,2013,2,866.3132575757576,25.908759469696975,2,-5.501026694045095,0,0.0,2013,2013-16
2013-06-17,950.6699890136719,248.6509317404637,19.673855678001054,2013,2,822.9140151515152,25.852848800505047,2,-5.501026694045095,0,0.0,2013,2013-16
2013-06-18,952.6190185546875,248.81880588382242,19.69391877718987,2013,2,792.0772727272727,26.078598484848484,2,-5.501026694045095,0,0.0,2013,2013-16
2013-06-19,947.3360046386719,249.1194177219299,19.729845722248914,2013,2,765.5564393939394,26.015080492424243,2,-5.501026694045095,0,0.0,2013,2013-16
2013-06-20,941.4600158691406,249.436058582724,19.750841988841863,2013,2,625.2193181818182,25.52882733585859,2,-5.501026694045095,0,0.0,2013,2013-16
2013-06-21,940.2330139160156,249.59770529154852,19.76997192062655,2013,2,741.2897727272727,25.711087436868684,2,-5.501026694045095,0,0.0,2013,2013-16
2013-06-22,840.15400390625,249.61332149093073,19.77183825543481,2013,2,723.2189393939394,25.848192866161614,2,-5.501026694045095,0,0.0,2013,2013-16
2013-06-23,806.925,249.62112959062182,19.772771422838943,2013,2,688.9477272727273,25.794247159090904,2,-5.501026694045095,0,0.0,2013,2013-16
2013-06-24,935.9330078125,249.90222117950154,19.80636544938766,2013,2,675.2958333333333,25.635227272727263,2,-5.501026694045095,0,0.0,2013,2013-16
2013-06-25,944.8790100097656,250.1620380062175,19.836226806319853,2013,2,504.0234848484849,25.377619949494946,2,-5.501026694045095,1,250.1620380062175,2013,2013-16
2013-06-26,939.1429870605468,250.40068465460416,19.860022575125196,2013,2,850.153409090909,25.53637941919192,2,-5.501026694045095,0,0.0,2013,2013-16
2013-06-27,935.5480041503906,250.6310235954917,19.88755101354706,2013,2,869.4102272727272,25.732552083333335,2,-5.501026694045095,0,0.0,2013,2013-16
2013-06-28,936.9119934082031,250.93944353329027,19.924411126010234,2013,2,781.4556818181818,25.67912720959596,2,-5.501026694045095,0,0.0,2013,2013-16
2013-06-29,855.3979858398437,250.93944353329027,19.924411126010234,2013,2,775.6814393939394,25.77923768939394,2,-5.501026694045095,0,0.0,2013,2013-16
2013-06-30,818.4500244140625,250.94725163298136,19.925344293414366,2013,2,924.8670454545454,26.1448547979798,2,-5.501026694045095,0,0.0,2013,2013-16
2013-07-01,966.6579772949219,251.1985719308617,19.945407392603183,2013,3,750.1359848484848,25.824131944444446,3,-5.501026694045095,0,0.0,2013,2013-16
2013-07-02,952.275,251.3896355933898,19.968269994004395,2013,3,600.5265151515152,25.445612373737376,3,-5.501026694045095,0,0.0,2013,2013-16
2013-07-03,950.7040100097656,251.57312593613074,19.990199428001475,2013,3,804.2253787878788,25.998966224747477,3,-5.501026694045095,0,0.0,2013,2013-16
2013-07-04,837.927001953125,251.57702998597628,19.99066601170354,2013,3,776.8261363636364,26.042274305555555,3,-5.501026694045095,0,0.0,2013,2013-16
2013-07-05,937.3059997558594,251.7683284284083,20.01352861310475,2013,3,907.1632575757576,26.03357796717172,3,-5.501026694045095,0,0.0,2013,2013-16
2013-07-06,883.4249938964844,251.8073689268638,20.018194450125407,2013,3,765.209090909091,26.2294586489899,3,-5.501026694045095,0,0.0,2013,2013-16
2013-07-07,846.8900085449219,251.82688917609156,20.020527368635733,2013,3,785.4132575757576,26.436379419191923,3,-5.501026694045095,0,0.0,2013,2013-16
2013-07-08,992.4070068359375,252.09212978568516,20.052255060376186,2013,3,755.5405303030303,26.880997474747474,3,-5.501026694045095,0,0.0,2013,2013-16
2013-07-09,983.3299987792968,252.36022427190002,20.08398275211664,2013,3,905.614393939394,26.95502683080808,3,-5.501026694045095,0,0.0,2013,2013-16
2013-07-10,980.2890197753907,252.57027676070047,20.107311937219915,2013,3,820.051893939394,26.390261994949498,3,-5.501026694045095,0,0.0,2013,2013-16
2013-07-11,958.4330017089844,252.8084238012791,20.13577354304591,2013,3,710.5132575757576,26.191674558080816,3,-5.501026694045095,0,0.0,2013,2013-16
2013-07-12,953.4779968261719,253.00753034340224,20.159569311851254,2013,3,766.4943181818182,26.08019255050505,3,-5.501026694045095,0,0.0,2013,2013-16
2013-07-13,851.1079956054688,253.00753034340224,20.159569311851254,2013,3,877.5003787878788,26.353030303030305,3,-5.501026694045095,0,0.0,2013,2013-16
2013-07-14,819.6529968261718,253.00753034340224,20.159569311851254,2013,3,910.6511363636364,26.44210069444445,3,-5.501026694045095,0,0.0,2013,2013-16
2013-07-15,967.6489807128906,253.0348586923211,20.16283539776571,2013,3,814.0685606060606,26.44453914141414,3,-5.501026694045095,0,0.0,2013,2013-16
2013-07-16,968.8680114746094,253.28838715237805,20.19316333839997,2013,3,826.8901515151516,26.639820075757573,3,-5.501026694045095,0,0.0,2013,2013-16
2013-07-17,958.1789978027343,253.48011296765466,20.21602593980118,2013,3,877.2412878787878,26.55461647727273,3,-5.501026694045095,0,0.0,2013,2013-16
2013-07-18,961.1659973144531,253.97869600909772,20.25755188928501,2013,3,806.4359848484848,26.185053661616163,3,-5.501026694045095,0,0.0,2013,2013-16
2013-07-19,976.0770080566406,254.2993859322088,20.295345169152316,2013,3,776.7329545454546,26.64358428030303,3,-5.501026694045095,0,0.0,2013,2013-16
2013-07-20,864.9149963378907,254.3384264306643,20.300011006172973,2013,3,880.4772727272727,26.456960227272727,3,-5.501026694045095,0,0.0,2013,2013-16
2013-07-21,820.8089904785156,254.35013858020096,20.301410757279168,2013,3,864.8602272727272,26.251594065656565,3,-5.501026694045095,0,0.0,2013,2013-16
2013-07-22,1024.9770141601562,254.55314917216964,20.325673109786575,2013,3,617.3958333333334,26.68411458333333,3,-5.501026694045095,0,0.0,2013,2013-16
2013-07-23,1034.172998046875,254.82302517419845,20.353668131910506,2013,3,708.7530303030303,26.96104797979798,3,-5.501026694045095,0,0.0,2013,2013-16
2013-07-24,992.6410034179687,255.01432361663046,20.376530733311718,2013,3,780.1106060606061,26.787152777777774,3,-5.501026694045095,0,0.0,2013,2013-16
2013-07-25,977.5120056152343,255.23999230481311,20.401726253223256,2013,3,906.9473484848484,26.585519255050503,3,-5.501026694045095,0,0.0,2013,2013-16
2013-07-26,987.0480102539062,255.41409534449082,20.422255936114137,2013,3,693.660606060606,26.470422979797984,3,-5.501026694045095,0,0.0,2013,2013-16
2013-07-27,876.9340026855468,255.4219034441819,20.42318910351827,2013,3,861.9227272727272,26.47917455808081,3,-5.501026694045095,0,0.0,2013,2013-16
2013-07-28,834.1779968261719,255.429711543873,20.4241222709224,2013,3,880.5136363636364,26.453085542929298,3,-5.501026694045095,0,0.0,2013,2013-16
2013-07-29,1048.7579956054688,255.66841854025012,20.452583876748395,2013,3,661.130303030303,26.79493371212122,3,-5.501026694045095,0,0.0,2013,2013-16
2013-07-30,1053.1130065917969,255.99198511762307,20.49131032401983,2013,3,665.842803030303,27.30760732323233,3,-5.501026694045095,0,0.0,2013,2013-16
2013-07-31,1014.2409851074219,256.42798636292946,20.543101114949103,2013,3,683.6833333333334,26.925165719696963,3,-5.501026694045095,0,0.0,2013,2013-16
2013-08-01,975.6440185546875,256.6464599137085,20.569229802264772,2013,3,754.8867424242424,26.58969381313131,3,-5.501026694045095,0,0.0,2013,2013-16
2013-08-02,967.3259948730469,256.8140992771633,20.58929290145359,2013,3,865.5128787878788,26.543173926767675,3,-5.501026694045095,0,0.0,2013,2013-16
2013-08-03,869.2469848632812,256.82971547654546,20.591159236261852,2013,3,895.6545454545454,26.488762626262627,3,-5.501026694045095,0,0.0,2013,2013-16
2013-08-04,840.3849914550781,256.83752357623655,20.592092403665983,2013,3,865.7026515151516,26.518244949494953,3,-5.501026694045095,0,0.0,2013,2013-16
2013-08-05,989.4880065917969,257.105593473176,20.61542158876926,2013,3,859.9753787878788,26.636766098484845,3,-5.501026694045095,0,0.0,2013,2013-16
2013-08-06,965.552001953125,257.38662319890807,20.649015615317975,2013,3,911.5712121212122,26.825512941919186,3,-5.501026694045095,0,0.0,2013,2013-16
2013-08-07,962.5040100097656,257.61209168282517,20.675610886335708,2013,3,892.5867424242424,26.722908775252524,3,-5.501026694045095,0,0.0,2013,2013-16
2013-08-08,969.5000122070312,257.796922250515,20.6933410670142,2013,3,920.2185606060606,26.667369002525252,3,-5.501026694045095,0,0.0,2013,2013-16
2013-08-09,974.1989990234375,257.97692380558976,20.714337333607148,2013,3,910.7655303030303,26.512918244949493,3,-5.501026694045095,0,0.0,2013,2013-16
2013-08-10,905.6799865722656,257.9886359551264,20.715737084713343,2013,3,410.423106060606,26.644097222222218,3,-5.501026694045095,1,257.9886359551264,2013,2013-16
2013-08-11,870.4089904785156,258.0042521545086,20.717603419521605,2013,3,836.7462121212122,26.91314709595959,3,-5.501026694045095,0,0.0,2013,2013-16
2013-08-12,975.5859924316406,258.31615914112393,20.75259719717652,2013,3,887.683712121212,26.62048611111111,3,-5.501026694045095,0,0.0,2013,2013-16
2013-08-13,976.7610107421875,258.6003227406587,20.782458554108715,2013,3,641.7977272727273,26.42901672979798,3,-5.501026694045095,0,0.0,2013,2013-16
2013-08-14,950.1630065917968,258.8775102796929,20.815585996955367,2013,3,922.103787878788,26.624297664141412,3,-5.501026694045095,0,0.0,2013,2013-16
2013-08-15,965.443994140625,259.23831498643335,20.84824685609995,2013,3,772.7719696969697,26.618300189393945,3,-5.501026694045095,0,0.0,2013,2013-16
2013-08-16,943.5909912109375,259.4100931796376,20.868776538990833,2013,3,838.2742424242424,26.64157986111111,3,-5.501026694045095,0,0.0,2013,2013-16
2013-08-17,849.0280090332031,259.47646202701196,20.876708461925947,2013,3,943.0496212121212,26.494270833333335,3,-5.501026694045095,0,0.0,2013,2013-16
2013-08-18,844.8610168457031,259.48036607685754,20.87717504562801,2013,3,823.5727272727272,26.676909722222224,3,-5.501026694045095,0,0.0,2013,2013-16
2013-08-19,963.3079895019531,259.8240208441881,20.914035158091185,2013,3,937.5219696969696,26.537997159090907,3,-5.501026694045095,0,0.0,2013,2013-16
2013-08-20,1006.1189819335938,260.01670882358275,20.936897759492396,2013,3,734.6106060606061,26.714756944444442,3,-5.501026694045095,0,0.0,2013,2013-16
2013-08-21,1013.7920288085937,260.2197194155514,20.961160111999803,2013,3,780.0,27.088210227272725,3,-5.501026694045095,0,0.0,2013,2013-16
2013-08-22,1010.7229797363282,260.48909885489445,20.993354387442324,2013,3,890.335606060606,27.34008049242424,3,-5.501026694045095,0,0.0,2013,2013-16
2013-08-23,985.4259704589844,260.7344311947845,21.02181599326832,2013,3,849.0897727272728,27.227951388888886,3,-5.501026694045095,0,0.0,2013,2013-16
2013-08-24,898.5230163574219,260.7500473941667,21.023682328076582,2013,3,760.5988636363637,26.88611111111111,3,-5.501026694045095,0,0.0,2013,2013-16
2013-08-25,852.0089904785157,260.76175954370336,21.025082079182777,2013,3,860.5223484848484,27.085116792929295,3,-5.501026694045095,0,0.0,2013,2013-16
2013-08-26,984.4619995117188,261.12649081106815,21.06100902424182,2013,3,913.8973484848484,27.135156249999998,3,-5.501026694045095,0,0.0,2013,2013-16
2013-08-27,961.3119934082031,261.380254051029,21.091336964876078,2013,3,909.4996212121212,27.061316287878785,3,-5.501026694045095,0,0.0,2013,2013-16
2013-08-28,984.1010009765625,262.1751601545365,21.133329498061972,2013,3,882.6234848484848,26.851791351010103,3,-5.501026694045095,0,0.0,2013,2013-16
2013-08-29,984.5630004882812,262.3902596611282,21.158991601675574,2013,3,893.1962121212122,26.939086174242423,3,-5.501026694045095,0,0.0,2013,2013-16
2013-08-30,975.4470092773438,262.69804696045486,21.195385130436684,2013,3,874.3587121212122,27.147253787878785,3,-5.501026694045095,0,0.0,2013,2013-16
2013-08-31,875.3170288085937,262.7527036582926,21.2019173022656,2013,3,822.8469696969696,27.059958964646466,3,-5.501026694045095,0,0.0,2013,2013-16
2013-09-01,830.7660034179687,262.7566077081382,21.202383885967663,2013,3,737.6208333333333,27.02892992424243,3,-5.501026694045095,0,0.0,2013,2013-16
2013-09-02,864.6039916992188,262.76051175798375,21.202850469669727,2013,3,804.6700757575758,27.098145517676766,3,-5.501026694045095,0,0.0,2013,2013-16
2013-09-03,985.122998046875,262.98694664902575,21.229912324389527,2013,3,682.7954545454545,26.754845328282826,3,-5.501026694045095,0,0.0,2013,2013-16
2013-09-04,966.3110046386719,263.271942287751,21.26397293464031,2013,3,837.6598484848485,26.965151515151522,3,-5.501026694045095,0,0.0,2013,2013-16
2013-09-05,966.9220275878906,263.6139651458852,21.294767458976633,2013,3,870.5871212121212,27.04079071969697,3,-5.501026694045095,0,0.0,2013,2013-16
2013-09-06,979.1119995117188,263.9883208890247,21.333960489950137,2013,3,790.7996212121212,26.821906565656565,3,-5.501026694045095,0,0.0,2013,2013-16
2013-09-07,898.685986328125,264.00784113825245,21.336293408460463,2013,3,750.4151515151516,27.100220959595955,3,-5.501026694045095,0,0.0,2013,2013-16
2013-09-08,866.1059997558593,264.0234573376346,21.338159743268726,2013,3,871.5814393939394,27.499700126262624,3,-5.501026694045095,0,0.0,2013,2013-16
2013-09-09,976.6609985351563,264.48499413400225,21.383884946071145,2013,3,862.5454545454546,27.292518939393943,3,-5.501026694045095,0,0.0,2013,2013-16
2013-09-10,987.4680053710938,264.848874086253,21.42401114444878,2013,3,838.2867424242424,27.122190656565653,3,-5.501026694045095,0,0.0,2013,2013-16
2013-09-11,997.4769836425781,265.1026373262138,21.45433908508304,2013,3,787.4215909090909,27.32583648989899,3,-5.501026694045095,0,0.0,2013,2013-16
2013-09-12,1013.4950073242187,265.6716553413762,21.493532116056542,2013,3,693.6159090909091,27.230452967171715,3,-5.501026694045095,0,0.0,2013,2013-16
2013-09-13,990.6780212402343,265.80439303612496,21.50939596192677,2013,3,561.1477272727273,27.078172348484852,3,-5.501026694045095,1,265.80439303612496,2013,2013-16
2013-09-14,895.6270141601562,265.80439303612496,21.50939596192677,2013,3,753.7094696969697,26.931841856060604,3,-5.501026694045095,0,0.0,2013,2013-16
2013-09-15,864.1749877929688,265.8239132853527,21.511728880437097,2013,3,888.025,27.492258522727283,3,-5.501026694045095,0,0.0,2013,2013-16
2013-09-16,1002.1749938964844,266.11807818208257,21.54485632328375,2013,3,715.1924242424242,27.255121527777774,3,-5.501026694045095,0,0.0,2013,2013-16
2013-09-17,990.6010192871094,266.54537262789825,21.582649603151054,2013,3,567.1257575757576,26.909682765151516,3,-5.501026694045095,1,266.54537262789825,2013,2013-16
2013-09-18,973.5730224609375,266.91577306111935,21.62137605042249,2013,3,840.9238636363636,27.27368213383838,3,-5.501026694045095,0,0.0,2013,2013-16
2013-09-19,976.6249877929688,267.1973678396145,21.647971321440224,2013,3,826.9848484848484,27.138565340909096,3,-5.501026694045095,0,0.0,2013,2013-16
2013-09-20,977.1580078125,267.4745553786487,21.681098764286876,2013,3,732.103409090909,27.10116003787879,3,-5.501026694045095,0,0.0,2013,2013-16
2013-09-21,878.4980102539063,267.48626752818535,21.68249851539307,2013,3,624.3359848484848,26.89783775252525,3,-5.501026694045095,0,0.0,2013,2013-16
2013-09-22,842.475,267.50188372756753,21.684364850201334,2013,3,816.7579545454546,26.977296401515158,3,-5.501026694045095,0,0.0,2013,2013-16
2013-09-23,985.6080078125,267.80639961552055,21.720758378962444,2013,3,754.232196969697,26.768576388888892,3,-5.501026694045095,0,0.0,2013,2013-16
2013-09-24,983.8959899902344,267.96358628596136,21.739421727045062,2013,3,538.2753787878788,26.706873421717166,3,-5.501026694045095,1,267.96358628596136,2013,2013-16
2013-09-25,963.8559875488281,268.3470736337036,21.785146929847482,2013,3,601.2,26.719618055555557,3,-5.501026694045095,0,0.0,2013,2013-16
2013-09-26,977.5419921875,269.0214913375156,21.820140707502397,2013,3,650.9390151515152,26.72405303030303,3,-5.501026694045095,0,0.0,2013,2013-16
2013-09-27,972.227001953125,269.2475196141525,21.847202562222197,2013,3,601.0113636363636,26.89431818181818,3,-5.501026694045095,0,0.0,2013,2013-16
2013-09-28,873.4030029296875,269.3451208602913,21.858867154773836,2013,3,786.7113636363636,26.973934659090904,3,-5.501026694045095,0,0.0,2013,2013-16
2013-09-29,837.1169982910156,269.364641109519,21.861200073284163,2013,3,703.1193181818182,26.854008838383837,3,-5.501026694045095,0,0.0,2013,2013-16
2013-09-30,981.5130065917969,269.66380491583425,21.89666043464114,2013,3,616.1454545454545,26.75926452020202,3,-5.501026694045095,0,0.0,2013,2013-16
2013-10-01,978.7889953613281,269.85119930842075,21.919056452340286,2013,4,679.2541666666667,27.00333806818182,4,-5.501026694045095,0,0.0,2013,2013-16
2013-10-02,987.6730041503906,270.25539241613666,21.960115818122052,2013,4,693.1958333333334,27.02413983585858,4,-5.501026694045095,0,0.0,2013,2013-16
2013-10-03,983.1220031738281,270.41541937429724,21.979245749906738,2013,4,749.2026515151515,27.160937500000003,4,-5.501026694045095,0,0.0,2013,2013-16
2013-10-04,972.908984375,270.69972751490076,22.0081739394348,2013,4,631.0984848484848,27.039922664141415,4,-5.501026694045095,0,0.0,2013,2013-16
2013-10-05,880.4390075683593,270.70753561459185,22.009107106838933,2013,4,659.5246212121212,26.67445549242424,4,-5.501026694045095,0,0.0,2013,2013-16
2013-10-06,863.8690185546875,270.7270558638196,22.01144002534926,2013,4,419.5098484848485,26.517084911616163,4,-5.501026694045095,1,270.7270558638196,2013,2013-16
2013-10-07,971.8919921875,270.97208562460753,22.033836043048403,2013,4,727.6719696969697,26.93763415404041,4,-5.501026694045095,0,0.0,2013,2013-16
2013-10-08,964.3169921875,271.2908597381375,22.064630567384725,2013,4,640.080303030303,26.598319128787878,4,-5.501026694045095,0,0.0,2013,2013-16
2013-10-09,953.1190002441406,271.77955620677676,22.089359503594196,2013,4,676.455303030303,26.617495265151515,4,-5.501026694045095,0,0.0,2013,2013-16
2013-10-10,959.9409790039062,271.9968235091652,22.11082235388921,2013,4,770.6545454545454,26.54162720959596,4,-5.501026694045095,0,0.0,2013,2013-16
2013-10-11,1003.4139709472656,272.2620641187588,22.142550045629662,2013,4,747.6912878787879,26.906234217171715,4,-5.501026694045095,0,0.0,2013,2013-16
2013-10-12,919.5030090332032,272.2698722184499,22.143483213033793,2013,4,626.3825757575758,26.788683712121212,4,-5.501026694045095,0,0.0,2013,2013-16
2013-10-13,880.6509887695313,272.28158436798657,22.14488296413999,2013,4,707.9810606060606,26.598137626262627,4,-5.501026694045095,0,0.0,2013,2013-16
2013-10-14,975.1989868164062,272.57207682513825,22.172411402561853,2013,4,537.169696969697,26.280863320707073,4,-5.501026694045095,1,272.57207682513825,2013,2013-16
2013-10-15,979.7330017089844,273.0484677869321,22.21113784983329,2013,4,745.2939393939394,26.437129103535355,4,-5.501026694045095,0,0.0,2013,2013-16
2013-10-16,957.8469970703125,273.1733973819898,22.226068528299386,2013,4,737.8333333333333,26.385684974747477,4,-5.501026694045095,0,0.0,2013,2013-16
2013-10-17,979.9610107421875,273.3412715253485,22.246131627488204,2013,4,743.075,26.530074179292928,4,-5.501026694045095,0,0.0,2013,2013-16
2013-10-18,976.6309875488281,273.61234871736764,22.277392735526593,2013,4,775.6234848484848,26.624171401515152,4,-5.501026694045095,0,0.0,2013,2013-16
2013-10-19,884.3169860839844,273.6240608669043,22.27879248663279,2013,4,501.0219696969697,26.16367582070707,4,-5.501026694045095,1,273.6240608669043,2013,2013-16
2013-10-20,865.81298828125,273.63577301644096,22.280192237738984,2013,4,494.9875,26.04813762626263,4,-5.501026694045095,1,273.63577301644096,2013,2013-16
2013-10-21,949.7160034179688,273.8543998077918,22.306320925054653,2013,4,693.6571969696969,25.984138257575754,4,-5.501026694045095,0,0.0,2013,2013-16
2013-10-22,962.5869995117188,274.23801408417086,22.326850607945534,2013,4,604.0390151515152,26.071914457070704,4,-5.501026694045095,0,0.0,2013,2013-16
2013-10-23,962.80498046875,274.59636637539654,22.369309724833496,2013,4,743.5359848484849,26.509375000000006,4,-5.501026694045095,0,0.0,2013,2013-16
2013-10-24,965.1,274.90478631319513,22.40616983729667,2013,4,716.2128787878788,26.549321338383834,4,-5.501026694045095,0,0.0,2013,2013-16
2013-10-25,980.1380065917969,275.2572462728486,22.433698275718534,2013,4,705.6412878787878,26.795943813131316,4,-5.501026694045095,0,0.0,2013,2013-16
2013-10-26,934.8860046386719,275.31580702053185,22.440697031249517,2013,4,696.0219696969697,27.110219381313133,4,-5.501026694045095,0,0.0,2013,2013-16
2013-10-27,933.1890014648437,275.3431353694507,22.443963117163975,2013,4,589.7719696969696,26.95020517676768,4,-5.501026694045095,1,275.3431353694507,2013,2013-16
2013-10-28,1027.6829956054687,275.67472929544493,22.46729230226725,2013,4,704.7590909090909,26.88377525252525,4,-5.501026694045095,0,0.0,2013,2013-16
2013-10-29,998.0830078125,276.0597370997396,22.497620242901508,2013,4,682.7473484848484,26.60078914141414,4,-5.501026694045095,0,0.0,2013,2013-16
2013-10-30,984.6889892578125,276.469379163743,22.543812029405995,2013,4,659.142803030303,26.406936553030306,4,-5.501026694045095,0,0.0,2013,2013-16
2013-10-31,1013.0200073242188,276.6565387764256,22.56620804710514,2013,4,554.1261363636364,26.62126736111111,4,-5.501026694045095,1,276.6565387764256,2013,2013-16
2013-11-01,984.0169982910156,276.8935484352591,22.587204313698088,2013,4,591.9674242424243,26.10131786616162,4,-5.501026694045095,0,0.0,2013,2013-16
2013-11-02,873.4900085449219,276.9286848838691,22.591403567016677,2013,4,688.3511363636364,26.169018308080798,4,-5.501026694045095,0,0.0,2013,2013-16
2013-11-03,828.3080078125,276.9443010832513,22.59326990182494,2013,4,699.0590909090909,26.157717803030298,4,-5.501026694045095,0,0.0,2013,2013-16
2013-11-04,952.8590026855469,277.15325686803584,22.61799883803441,2013,4,684.7761363636363,25.9774384469697,4,-5.501026694045095,0,0.0,2013,2013-16
2013-11-05,974.2239929199219,277.36909098471364,22.641328023137685,2013,4,661.2776515151515,26.111837121212123,4,-5.501026694045095,0,0.0,2013,2013-16
2013-11-06,991.8830200195313,277.8607093841879,22.66465720824096,2013,4,625.6496212121212,25.724360795454544,4,-5.501026694045095,0,0.0,2013,2013-16
2013-11-07,980.509033203125,278.1605941019814,22.698717818491744,2013,4,564.5617424242424,26.271133207070708,4,-5.501026694045095,1,278.1605941019814,2013,2013-16
2013-11-08,989.8690002441406,278.36790376776923,22.721113836190888,2013,4,597.9731060606061,26.33779198232323,4,-5.501026694045095,0,0.0,2013,2013-16
2013-11-09,891.0810119628907,278.3835199671514,22.72298017099915,2013,4,366.8598484848485,25.457615214646466,4,-5.501026694045095,1,278.3835199671514,2013,2013-16
2013-11-10,794.4860046386718,278.387424016997,22.723446754701214,2013,4,556.5515151515152,24.812310606060606,4,-5.501026694045095,1,278.387424016997,2013,2013-16
2013-11-11,836.5579895019531,278.4928333628269,22.73604451465698,2013,4,481.7382575757576,24.52420296717172,4,-5.501026694045095,1,278.4928333628269,2013,2013-16
2013-11-12,857.4949951171875,278.8668801638348,22.768238790099502,2013,4,686.6284090909091,24.055097853535358,4,-5.501026694045095,0,0.0,2013,2013-16
2013-11-13,868.7440002441406,279.29464266917284,22.791567975202778,2013,4,660.4712121212121,24.28761047979798,4,-5.501026694045095,0,0.0,2013,2013-16
2013-11-14,941.4300048828125,279.7470970513988,22.82842808766595,2013,4,286.9594696969697,24.8675110479798,4,-5.501026694045095,1,279.7470970513988,2013,2013-16
2013-11-15,981.5199890136719,279.9194853722961,22.84849118685477,2013,4,413.11022727272723,25.99900568181818,4,-5.501026694045095,1,279.9194853722961,2013,2013-16
2013-11-16,886.8980041503906,279.9624299205972,22.85362360757749,2013,4,522.3840909090909,26.21575126262626,4,-5.501026694045095,1,279.9624299205972,2013,2013-16
2013-11-17,869.1340087890625,279.97804611997935,22.855489942385752,2013,4,528.4367424242424,26.03184185606061,4,-5.501026694045095,1,279.97804611997935,2013,2013-16
2013-11-18,973.7039978027344,280.21270381087044,22.880218878595223,2013,4,626.2549242424242,26.158167613636365,4,-5.501026694045095,0,0.0,2013,2013-16
2013-11-19,941.4269958496094,280.4310958223174,22.91416678555277,2013,4,657.7022727272727,26.03666351010101,4,-5.501026694045095,0,0.0,2013,2013-16
2013-11-20,973.6219848632812,280.7392809802121,22.951026898015943,2013,4,432.717803030303,26.0260101010101,4,-5.501026694045095,1,280.7392809802121,2013,2013-16
2013-11-21,962.9050048828125,280.9873947275394,22.97622241792748,2013,4,521.4098484848485,26.30909090909091,4,-5.501026694045095,1,280.9873947275394,2013,2013-16
2013-11-22,951.1669860839844,281.4540259102036,22.9962855171163,2013,4,658.9935606060606,25.580366161616165,4,-5.501026694045095,0,0.0,2013,2013-16
2013-11-23,820.3819885253906,281.485258308968,23.000018186732824,2013,4,593.180303030303,24.576530934343428,4,-5.501026694045095,0,0.0,2013,2013-16
2013-11-24,763.352001953125,281.4930664086591,23.000951354136955,2013,4,647.1655303030303,24.720857007575756,4,-5.501026694045095,0,0.0,2013,2013-16
2013-11-25,913.4999938964844,281.6960770006278,23.02521370664436,2013,4,663.8261363636364,25.08982796717172,4,-5.501026694045095,0,0.0,2013,2013-16
2013-11-26,928.4760131835938,282.08908637520466,23.058341149491014,2013,4,667.396590909091,25.583151830808074,4,-5.501026694045095,0,0.0,2013,2013-16
2013-11-27,933.3869934082031,282.3740820139299,23.092401759741797,2013,4,668.0007575757576,25.557907196969705,4,-5.501026694045095,0,0.0,2013,2013-16
2013-11-28,877.8239990234375,282.40531441269434,23.096134429358322,2013,4,595.4458333333333,25.54467329545454,4,-5.501026694045095,0,0.0,2013,2013-16
2013-11-29,914.4309997558594,282.4872994594509,23.1059326871017,2013,4,368.18295454545455,25.533143939393955,4,-5.501026694045095,1,282.4872994594509,2013,2013-16
2013-11-30,890.4860107421875,282.4990116089876,23.107332438207894,2013,4,373.05,26.034753787878774,4,-5.501026694045095,1,282.4990116089876,2013,2013-16
2013-12-01,896.1959899902344,282.5068197086787,23.108265605612026,2013,4,97.59204545454546,24.606368371212127,4,-5.501026694045095,1,282.5068197086787,2013,2013-16
2013-12-02,978.8670043945312,282.8283154538797,23.144192550671068,2013,4,454.8344696969697,24.94825599747475,4,-5.501026694045095,1,282.8283154538797,2013,2013-16
2013-12-03,969.7989990234375,283.0905784605568,23.174053907603263,2013,4,622.0140151515151,25.558491161616157,4,-5.501026694045095,0,0.0,2013,2013-16
2013-12-04,950.8950012207031,283.6253771162972,23.20438184823752,2013,4,581.4208333333333,25.54984217171717,4,-5.501026694045095,1,283.6253771162972,2013,2013-16
2013-12-05,923.2920104980469,283.8413482783484,23.230043951851123,2013,4,565.4295454545454,24.951081123737378,4,-5.501026694045095,1,283.8413482783484,2013,2013-16
2013-12-06,934.1659912109375,284.1375667061038,23.25943872508125,2013,4,658.589393939394,25.029537563131317,4,-5.501026694045095,0,0.0,2013,2013-16
2013-12-07,866.4409973144532,284.16099100517715,23.262238227293643,2013,4,647.3125,25.50780460858586,4,-5.501026694045095,0,0.0,2013,2013-16
2013-12-08,849.1150024414062,284.16099100517715,23.262238227293643,2013,4,619.3087121212121,25.770999053030298,4,-5.501026694045095,0,0.0,2013,2013-16
2013-12-09,990.4510009765625,284.3679056469914,23.286967163503114,2013,4,572.6541666666667,26.246953914141415,4,-5.501026694045095,1,284.3679056469914,2013,2013-16
2013-12-10,961.4759887695312,284.7114620333999,23.32802652928488,2013,4,644.3458333333334,25.732094381313132,4,-5.501026694045095,0,0.0,2013,2013-16
2013-12-11,953.5049926757813,284.98084147274295,23.3602208047274,2013,4,548.6382575757576,25.493434343434348,4,-5.501026694045095,1,284.98084147274295,2013,2013-16
2013-12-12,950.7739990234375,285.5344988093842,23.39148191276579,2013,4,597.7738636363636,25.438241792929293,4,-5.501026694045095,0,0.0,2013,2013-16
2013-12-13,950.9249816894531,285.85313097037294,23.413877930464935,2013,4,435.4859848484848,25.47002840909091,4,-5.501026694045095,1,285.85313097037294,2013,2013-16
2013-12-14,865.052978515625,285.8726512196007,23.41621084897526,2013,4,586.008712121212,25.240593434343438,4,-5.501026694045095,1,285.8726512196007,2013,2013-16
2013-12-15,852.70703125,285.896075518674,23.419010351187655,2013,4,119.75492424242425,24.42996369949495,4,-5.501026694045095,1,285.896075518674,2013,2013-16
2013-12-16,911.9519836425782,286.1998260043531,23.44887170811985,2013,4,649.0825757575758,24.471961805555548,4,-5.501026694045095,0,0.0,2013,2013-16
2013-12-17,891.260986328125,286.46720347816967,23.47593356283965,2013,4,669.4458333333333,24.371575126262627,4,-5.501026694045095,0,0.0,2013,2013-16
2013-12-18,900.8539916992188,286.827753734745,23.51139392419663,2013,4,519.5162878787879,24.129790088383846,4,-5.501026694045095,1,286.827753734745,2013,2013-16
2013-12-19,918.9460205078125,287.0297730782595,23.53518969300197,2013,4,568.7996212121212,24.766911300505047,4,-5.501026694045095,1,287.0297730782595,2013,2013-16
2013-12-20,934.4320007324219,288.3419909421023,23.57065005435895,2013,4,630.7700757575758,25.170920138888878,4,-5.501026694045095,0,0.0,2013,2013-16
2013-12-21,849.7759887695313,288.36931929102116,23.573916140273408,2013,4,609.0647727272728,24.96976799242424,4,-5.501026694045095,0,0.0,2013,2013-16
2013-12-22,820.7349853515625,288.37712739071225,23.57484930767754,2013,4,622.3352272727273,24.56988636363636,4,-5.501026694045095,0,0.0,2013,2013-16
2013-12-23,926.8559875488281,289.2735975934853,23.59771190907875,2013,4,612.6935606060606,24.817708333333332,4,-5.501026694045095,0,0.0,2013,2013-16
2013-12-24,913.1079833984375,289.468735806115,23.609843085332454,2013,4,604.2204545454546,24.62254577020202,4,-5.501026694045095,0,0.0,2013,2013-16
2013-12-25,787.4340026855468,289.50387225472497,23.614042338651043,2013,4,593.0382575757576,24.499408143939394,4,-5.501026694045095,0,0.0,2013,2013-16
2013-12-26,913.8449890136719,289.8651938259322,23.65276878592248,2013,4,522.5284090909091,24.460093118686874,4,-5.501026694045095,1,289.8651938259322,2013,2013-16
2013-12-27,891.0640075683593,290.12745683260925,23.682630142854673,2013,4,623.5632575757576,24.59192708333333,4,-5.501026694045095,0,0.0,2013,2013-16
2013-12-28,825.9530029296875,290.1391689821459,23.68402989396087,2013,4,610.8556818181818,24.74292929292929,4,-5.501026694045095,0,0.0,2013,2013-16
2013-12-29,782.7389953613281,290.16259328121924,23.686829396173263,2013,4,594.7700757575758,23.77836963383838,4,-5.501026694045095,0,0.0,2013,2013-16
2013-12-30,895.6059875488281,290.50285164777756,23.717623920509585,2013,4,444.8356060606061,23.602754103535357,4,-5.501026694045095,1,290.50285164777756,2013,2013-16
2013-12-31,897.681005859375,290.65877886169574,23.736287268592204,2013,4,626.5859848484849,24.072585227272725,4,-5.501026694045095,0,0.0,2013,2013-16
2014-01-01,789.673974609375,290.6632376194156,23.736753852294267,2014,1,631.1435606060606,24.565230429292928,1,-4.501026694045095,0,0.0,2014,2013-16
2014-01-02,965.8290161132812,290.7568715315324,23.746552110037644,2014,1,511.3344696969697,24.88735795454546,1,-4.501026694045095,1,290.7568715315324,2014,2013-16
2014-01-03,858.4409973144532,290.93420711226827,23.762415955907873,2014,1,619.125,23.529726957070707,1,-4.501026694045095,0,0.0,2014,2013-16
2014-01-04,748.3079650878906,290.94312462770796,23.763349123312004,2014,1,659.6825757575757,22.79324494949495,1,-4.501026694045095,0,0.0,2014,2013-16
2014-01-05,721.6399963378906,290.94758338542783,23.763815707014068,2014,1,573.460606060606,22.85336963383838,1,-4.501026694045095,1,290.94758338542783,2014,2013-16
2014-01-06,824.8610595703125,291.0768873593034,23.777346634373966,2014,1,656.8617424242424,22.73482481060606,1,-4.501026694045095,0,0.0,2014,2013-16
2014-01-07,835.9400451660156,291.1652730259221,23.786678308415276,2014,1,667.3193181818182,23.029995265151513,1,-4.501026694045095,0,0.0,2014,2013-16
2014-01-08,858.9799072265625,291.2767483482723,23.797409733562784,2014,1,442.8746212121212,23.03223642676767,1,-4.501026694045095,1,291.2767483482723,2014,2013-16
2014-01-09,859.2440185546875,291.37012999698186,23.805808240199962,2014,1,646.9003787878788,23.59090119949495,1,-4.501026694045095,0,0.0,2014,2013-16
2014-01-10,873.9239135742188,292.04850531354225,23.832870094919762,2014,1,509.3450757575758,23.768434343434354,1,-4.501026694045095,1,292.04850531354225,2014,2013-16
2014-01-11,837.9720458984375,292.0752578598613,23.835669597132156,2014,1,454.9204545454545,24.426223169191925,1,-4.501026694045095,1,292.0752578598613,2014,2013-16
2014-01-12,804.1,292.084175375301,23.836602764536288,2014,1,664.3397727272727,24.671077967171723,1,-4.501026694045095,0,0.0,2014,2013-16
2014-01-13,932.5750671386719,292.2625256840949,23.855266112618907,2014,1,586.4303030303031,24.57644412878788,1,-4.501026694045095,1,292.2625256840949,2014,2013-16
2014-01-14,900.4521057128907,292.4066103599057,23.86739728887261,2014,1,623.4526515151515,24.596559343434347,1,-4.501026694045095,0,0.0,2014,2013-16
2014-01-15,894.4149780273438,292.61171321501865,23.888860139167623,2014,1,607.0901515151515,24.403551136363635,1,-4.501026694045095,0,0.0,2014,2013-16
2014-01-16,894.2219970703125,292.9516150234136,23.906123736144046,2014,1,626.1727272727273,24.66394412878788,1,-4.501026694045095,0,0.0,2014,2013-16
2014-01-17,901.6310363769531,293.1125578696198,23.922920749418406,2014,1,573.2193181818182,24.30329071969697,1,-4.501026694045095,1,293.1125578696198,2014,2013-16
2014-01-18,807.2059936523438,293.1125578696198,23.922920749418406,2014,1,675.3189393939394,24.483964646464646,1,-4.501026694045095,0,0.0,2014,2013-16
2014-01-19,784.8670471191406,293.1125578696198,23.922920749418406,2014,1,550.3890151515151,23.851365214646464,1,-4.501026694045095,1,293.1125578696198,2014,2013-16
2014-01-20,831.2709533691407,293.19281550857704,23.931319256055584,2014,1,690.8852272727272,23.726933396464645,1,-4.501026694045095,0,0.0,2014,2013-16
2014-01-21,902.246044921875,293.48193657324424,23.945783350819614,2014,1,578.384090909091,24.61532512626263,1,-4.501026694045095,1,293.48193657324424,2014,2013-16
2014-01-22,825.4649780273437,293.6067817893999,23.95884769447745,2014,1,645.8151515151515,23.434035669191918,1,-4.501026694045095,0,0.0,2014,2013-16
2014-01-23,802.9910766601563,293.86093097943115,23.98544296549518,2014,1,694.5795454545454,21.74223484848484,1,-4.501026694045095,0,0.0,2014,2013-16
2014-01-24,795.3710510253907,294.20024375237074,24.006905815790194,2014,1,696.2087121212121,22.726838699494948,1,-4.501026694045095,0,0.0,2014,2013-16
2014-01-25,741.384912109375,294.20916126781043,24.007838983194326,2014,1,572.332196969697,23.832757260101015,1,-4.501026694045095,1,294.20916126781043,2014,2013-16
2014-01-26,798.891015625,294.20916126781043,24.007838983194326,2014,1,255.74583333333334,23.66058238636364,1,-4.501026694045095,1,294.20916126781043,2014,2013-16
2014-01-27,868.9299926757812,294.79010863252756,24.030701584595537,2014,1,325.1515151515151,22.167408459595965,1,-4.501026694045095,1,294.79010863252756,2014,2013-16
2014-01-28,819.0889953613281,295.0264227916794,24.055430520805007,2014,1,444.357196969697,22.178345959595962,1,-4.501026694045095,1,295.0264227916794,2014,2013-16
2014-01-29,841.2690795898437,295.2226081313527,24.07596020369589,2014,1,509.0852272727273,23.31238952020202,1,-4.501026694045095,1,295.2226081313527,2014,2013-16
2014-01-30,840.1100036621094,295.5284897781573,24.096956470288838,2014,1,703.6265151515152,24.229695391414143,1,-4.501026694045095,0,0.0,2014,2013-16
2014-01-31,887.3330383300781,295.6132061748344,24.105821560628083,2014,1,636.4344696969697,24.42010732323232,1,-4.501026694045095,0,0.0,2014,2013-16
2014-02-01,841.8451049804687,295.63549996343363,24.10815447913841,2014,1,327.20227272727277,24.265546085858585,1,-4.501026694045095,1,295.63549996343363,2014,2013-16
2014-02-02,773.9969909667968,295.6444174788733,24.10908764654254,2014,1,680.8034090909091,23.675142045454546,1,-4.501026694045095,0,0.0,2014,2013-16
2014-02-03,906.2408508300781,295.7976422052833,24.12495149241277,2014,1,211.84166666666664,22.347924558080805,1,-4.501026694045095,1,295.7976422052833,2014,2013-16
2014-02-04,896.7570007324218,295.91726125877756,24.135682917560278,2014,1,183.3628787878788,22.624266098484853,1,-4.501026694045095,1,295.91726125877756,2014,2013-16
2014-02-05,904.9188903808594,296.14245166442254,24.148747261218112,2014,1,557.0617424242424,24.367195391414143,1,-4.501026694045095,1,296.14245166442254,2014,2013-16
2014-02-06,944.3899536132812,296.2548403617255,24.154812849344964,2014,1,432.5534090909091,24.14842960858586,1,-4.501026694045095,1,296.2548403617255,2014,2013-16
2014-02-07,928.0129638671875,296.44210818595906,24.174409364831714,2014,1,399.3223484848485,23.44277935606061,1,-4.501026694045095,1,296.44210818595906,2014,2013-16
2014-02-08,842.3749938964844,296.4644019745583,24.17674228334204,2014,1,442.8162878787879,23.455184659090914,1,-4.501026694045095,1,296.4644019745583,2014,2013-16
2014-02-09,814.7240051269531,296.4688607322782,24.177208867044104,2014,1,612.4568181818182,24.542148042929295,1,-4.501026694045095,0,0.0,2014,2013-16
2014-02-10,924.5420349121093,296.6293760101927,24.194005880318464,2014,1,740.4147727272727,24.91051136363636,1,-4.501026694045095,0,0.0,2014,2013-16
2014-02-11,909.4000244140625,296.7753466235365,24.209403142486625,2014,1,748.9681818181818,24.803298611111114,1,-4.501026694045095,0,0.0,2014,2013-16
2014-02-12,915.6559997558594,296.86495538013577,24.218734816527935,2014,1,673.2022727272727,24.55268308080808,1,-4.501026694045095,0,0.0,2014,2013-16
2014-02-13,927.1329528808594,297.11402237264195,24.23599841350436,2014,1,604.5621212121212,24.2459990530303,1,-4.501026694045095,0,0.0,2014,2013-16
2014-02-14,966.4190734863281,297.3005007090973,24.25559492899111,2014,1,180.14886363636361,23.58998579545455,1,-4.501026694045095,1,297.3005007090973,2014,2013-16
2014-02-15,845.291943359375,297.3138769822569,24.256994680097304,2014,1,575.6352272727273,24.44322916666667,1,-4.501026694045095,1,297.3138769822569,2014,2013-16
2014-02-16,864.001953125,297.3227944976966,24.257927847501435,2014,1,160.59924242424242,24.318276515151513,1,-4.501026694045095,1,297.3227944976966,2014,2013-16
2014-02-17,900.2579711914062,297.3762995903347,24.263526851926223,2014,1,331.7140151515151,24.534588068181822,1,-4.501026694045095,1,297.3762995903347,2014,2013-16
2014-02-18,941.8361145019531,297.53235611052935,24.279857281498515,2014,1,557.1992424242424,24.98417771464646,1,-4.501026694045095,1,297.53235611052935,2014,2013-16
2014-02-19,926.8220031738281,297.6705775998446,24.294321376262545,2014,1,714.726893939394,25.213147095959595,1,-4.501026694045095,0,0.0,2014,2013-16
2014-02-20,921.9480285644531,297.83761602432196,24.31158497323897,2014,1,743.7492424242424,25.15089172979798,1,-4.501026694045095,0,0.0,2014,2013-16
2014-02-21,931.937060546875,297.9267911787189,24.320916647280278,2014,1,463.8621212121212,24.96030618686869,1,-4.501026694045095,1,297.9267911787189,2014,2013-16
2014-02-22,837.5439880371093,297.96246124047764,24.324649316896803,2014,1,769.3049242424242,24.937839330808078,1,-4.501026694045095,0,0.0,2014,2013-16
2014-02-23,818.7979797363281,297.9713787559173,24.325582484300934,2014,1,755.5325757575758,24.35083648989899,1,-4.501026694045095,0,0.0,2014,2013-16
2014-02-24,862.7629699707031,298.23900784127676,24.352177755318667,2014,1,821.110606060606,23.666714015151513,1,-4.501026694045095,0,0.0,2014,2013-16
2014-02-25,845.6390075683594,298.36306356965423,24.365242098976502,2014,1,579.2954545454545,22.747238005050505,1,-4.501026694045095,1,298.36306356965423,2014,2013-16
2014-02-26,808.8510131835938,298.4915780557516,24.3787730263364,2014,1,693.2083333333334,22.292629419191922,1,-4.501026694045095,0,0.0,2014,2013-16
2014-02-27,803.9469665527344,298.6297995450668,24.39323712110043,2014,1,801.8530303030303,22.959801136363637,1,-4.501026694045095,0,0.0,2014,2013-16
2014-02-28,878.8089538574219,298.8184717980761,24.41003413437479,2014,1,583.6549242424242,24.446054292929293,1,-4.501026694045095,1,298.8184717980761,2014,2013-16
2014-03-01,813.1169067382813,298.83184807123564,24.411433885480985,2014,1,385.9367424242424,23.64224273989899,1,-4.501026694045095,1,298.83184807123564,2014,2013-16
2014-03-02,815.0650390625,298.8541418598349,24.41376680399131,2014,1,177.39090909090908,22.162713068181812,1,-4.501026694045095,1,298.8541418598349,2014,2013-16
2014-03-03,810.141015625,299.04140968406847,24.43336331947806,2014,1,625.1507575757576,23.09892676767677,1,-4.501026694045095,0,0.0,2014,2013-16
2014-03-04,784.9189758300781,299.170713657944,24.44689424683796,2014,1,782.2310606060606,22.836876578282826,1,-4.501026694045095,0,0.0,2014,2013-16
2014-03-05,802.8439819335938,299.3521384648262,24.46555759492058,2014,1,762.3598484848484,23.03196022727273,1,-4.501026694045095,0,0.0,2014,2013-16
2014-03-06,864.1080688476562,299.4859011964216,24.479555105982545,2014,1,601.4458333333334,23.95355113636364,1,-4.501026694045095,0,0.0,2014,2013-16
2014-03-07,916.4039916992188,299.63749895889634,24.495418951852773,2014,1,444.5973484848485,23.86160037878788,1,-4.501026694045095,1,299.63749895889634,2014,2013-16
2014-03-08,807.7299743652344,299.64641647433604,24.496352119256905,2014,1,461.8484848484848,22.798161300505054,1,-4.501026694045095,1,299.64641647433604,2014,2013-16
2014-03-09,765.4180603027344,299.6687102629353,24.49868503776723,2014,1,684.3829545454545,23.968173926767673,1,-4.501026694045095,0,0.0,2014,2013-16
2014-03-10,897.2880310058594,299.88486113172763,24.516881802147786,2014,1,752.3829545454545,24.443852588383844,1,-4.501026694045095,0,0.0,2014,2013-16
2014-03-11,836.9909790039062,300.0705499804048,24.536478317634536,2014,1,878.0132575757576,24.064023042929293,1,-4.501026694045095,0,0.0,2014,2013-16
2014-03-12,846.8999755859375,300.25702831686016,24.556074833121286,2014,1,814.2825757575758,24.025434027777777,1,-4.501026694045095,0,0.0,2014,2013-16
2014-03-13,858.6710021972656,300.41754359477466,24.572871846395646,2014,1,843.3568181818182,24.45248579545454,1,-4.501026694045095,0,0.0,2014,2013-16
2014-03-14,877.8240173339843,300.5505168385919,24.586869357457612,2014,1,738.9238636363636,24.078708964646466,1,-4.501026694045095,0,0.0,2014,2013-16
2014-03-15,750.3989624023437,300.5505168385919,24.586869357457612,2014,1,561.9060606060606,22.725347222222222,1,-4.501026694045095,1,300.5505168385919,2014,2013-16
2014-03-16,659.2119873046875,300.5817281426308,24.59013544337207,2014,1,765.5590909090909,22.22388731060605,1,-4.501026694045095,0,0.0,2014,2013-16
2014-03-17,783.0840026855469,300.67090329702773,24.59946711741338,2014,1,691.719696969697,22.84101167929293,1,-4.501026694045095,0,0.0,2014,2013-16
2014-03-18,782.736962890625,300.76820647908613,24.60973195885882,2014,1,696.1746212121212,22.7481139520202,1,-4.501026694045095,0,0.0,2014,2013-16
2014-03-19,791.8670166015625,300.9406510957115,24.62326288621872,2014,1,894.782196969697,23.502272727272725,1,-4.501026694045095,0,0.0,2014,2013-16
2014-03-20,832.1370056152343,301.13683643538474,24.6437925691096,2014,1,797.6200757575758,23.678598484848482,1,-4.501026694045095,0,0.0,2014,2013-16
2014-03-21,827.1709777832032,301.2921850071332,24.660122998681892,2014,1,756.3318181818182,23.626996527777777,1,-4.501026694045095,0,0.0,2014,2013-16
2014-03-22,771.3419250488281,301.3011025225729,24.661056166086023,2014,1,685.4034090909091,23.62372948232323,1,-4.501026694045095,0,0.0,2014,2013-16
2014-03-23,709.0109802246094,301.31447879573244,24.66245591719222,2014,1,683.4409090909091,23.51580650252525,1,-4.501026694045095,0,0.0,2014,2013-16
2014-03-24,812.4830688476562,301.4928291045263,24.681119265274837,2014,1,795.3655303030304,23.590924873737375,1,-4.501026694045095,0,0.0,2014,2013-16
2014-03-25,850.5689880371094,301.63996810928126,24.696516527443,2014,1,811.9700757575758,24.262310606060606,1,-4.501026694045095,0,0.0,2014,2013-16
2014-03-26,871.6619934082031,301.73806077911786,24.70678136888844,2014,1,778.992803030303,24.88865214646464,1,-4.501026694045095,0,0.0,2014,2013-16
2014-03-27,911.4300109863282,301.9316253920493,24.7235783821628,2014,1,796.3363636363636,25.123011363636365,1,-4.501026694045095,0,0.0,2014,2013-16
2014-03-28,893.5079833984375,302.1813158243607,24.749707069478468,2014,1,700.5420454545454,24.751862373737378,1,-4.501026694045095,0,0.0,2014,2013-16
2014-03-29,800.0570007324219,302.1813158243607,24.749707069478468,2014,1,607.9628787878788,24.020991161616156,1,-4.501026694045095,0,0.0,2014,2013-16
2014-03-30,720.8459777832031,302.1991508552401,24.75157340428673,2014,1,817.2015151515152,24.515774936868684,1,-4.501026694045095,0,0.0,2014,2013-16
2014-03-31,874.6879943847656,302.2794084941973,24.75997191092391,2014,1,729.1049242424243,24.54205334595959,1,-4.501026694045095,0,0.0,2014,2013-16
2014-04-01,880.032080078125,302.4292344742039,24.775835756794137,2014,2,735.6534090909091,24.637129103535347,2,-4.501026694045095,0,0.0,2014,2013-16
2014-04-02,891.0739990234375,302.5636418750445,24.788900100451972,2014,2,770.0450757575758,24.66429924242424,2,-4.501026694045095,0,0.0,2014,2013-16
2014-04-03,866.954052734375,302.77860949298116,24.807096864832527,2014,2,845.2234848484848,24.613083964646464,2,-4.501026694045095,0,0.0,2014,2013-16
2014-04-04,856.93203125,302.8881176693029,24.817828289980035,2014,2,875.7242424242424,24.68248106060606,2,-4.501026694045095,0,0.0,2014,2013-16
2014-04-05,786.2370666503906,302.8881176693029,24.817828289980035,2014,2,837.146212121212,24.720494002525253,2,-4.501026694045095,0,0.0,2014,2013-16
2014-04-06,736.4200134277344,302.8881176693029,24.817828289980035,2014,2,761.6742424242424,23.663731060606057,2,-4.501026694045095,0,0.0,2014,2013-16
2014-04-07,828.1609680175782,303.0129628854586,24.83089263363787,2014,2,572.0886363636364,22.783112373737378,2,-4.501026694045095,1,303.0129628854586,2014,2013-16
2014-04-08,785.592041015625,303.21281888620587,24.84768964691223,2014,2,778.444696969697,22.553053977272725,2,-4.501026694045095,0,0.0,2014,2013-16
2014-04-09,784.4590576171875,303.38225167956006,24.86541982759072,2014,2,855.8212121212122,22.955713383838386,2,-4.501026694045095,0,0.0,2014,2013-16
2014-04-10,840.2080139160156,303.56427125829555,24.884549759375407,2014,2,615.1390151515152,23.3819917929293,2,-4.501026694045095,0,0.0,2014,2013-16
2014-04-11,844.4530090332031,303.68019895901153,24.89668093562911,2014,2,741.8765151515152,23.79910037878788,2,-4.501026694045095,0,0.0,2014,2013-16
2014-04-12,753.4610046386719,303.6891164744512,24.89761410303324,2014,2,732.3185606060606,23.285519255050506,2,-4.501026694045095,0,0.0,2014,2013-16
2014-04-13,739.1269409179688,303.7024927476108,24.899013854139437,2014,2,669.0863636363636,23.79996843434343,2,-4.501026694045095,0,0.0,2014,2013-16
2014-04-14,832.6260131835937,303.82733796376647,24.91207819779727,2014,2,780.7568181818182,23.721393623737374,2,-4.501026694045095,0,0.0,2014,2013-16
2014-04-15,842.4220886230469,303.9503323043019,24.92374279034891,2014,2,725.1924242424242,23.73197601010101,2,-4.501026694045095,0,0.0,2014,2013-16
2014-04-16,828.5190002441407,304.0528837318584,24.93447421549642,2014,2,874.4265151515152,24.237681502525252,2,-4.501026694045095,0,0.0,2014,2013-16
2014-04-17,856.1320129394531,304.23912522548335,24.950338061366647,2014,2,870.9113636363636,24.606155303030306,2,-4.501026694045095,0,0.0,2014,2013-16
2014-04-18,847.6100219726562,304.31938286444057,24.958736568003825,2014,2,727.5905303030303,24.836773989898983,2,-4.501026694045095,0,0.0,2014,2013-16
2014-04-19,762.1720031738281,304.31938286444057,24.958736568003825,2014,2,742.3840909090909,24.44576231060606,2,-4.501026694045095,0,0.0,2014,2013-16
2014-04-20,761.0960205078125,304.31938286444057,24.958736568003825,2014,2,661.2594696969697,24.176436237373736,2,-4.501026694045095,0,0.0,2014,2013-16
2014-04-21,886.054052734375,304.43976932287643,24.971334327959593,2014,2,595.1662878787879,24.284090909090907,2,-4.501026694045095,0,0.0,2014,2013-16
2014-04-22,861.0370483398438,304.5779908121917,24.985798422723622,2014,2,780.9128787878788,24.680476641414145,2,-4.501026694045095,0,0.0,2014,2013-16
2014-04-23,851.4979797363281,304.7072947860672,24.99932935008352,2014,2,840.482196969697,24.764101957070707,2,-4.501026694045095,0,0.0,2014,2013-16
2014-04-24,888.50498046875,304.89709414294083,25.014260028549618,2014,2,775.4863636363636,24.642171717171717,2,-4.501026694045095,0,0.0,2014,2013-16
2014-04-25,883.4799560546875,305.14678457525224,25.040388715865287,2014,2,709.5401515151515,24.54325284090909,2,-4.501026694045095,0,0.0,2014,2013-16
2014-04-26,766.5709838867188,305.1646196061316,25.04225505067355,2014,2,804.1409090909091,24.400875946969702,2,-4.501026694045095,0,0.0,2014,2013-16
2014-04-27,766.6860046386719,305.182454637011,25.044121385481812,2014,2,536.559090909091,24.611253156565656,2,-4.501026694045095,1,305.182454637011,2014,2013-16
2014-04-28,872.5260070800781,305.32067612632625,25.058585480245842,2014,2,889.7390151515152,24.45435606060606,2,-4.501026694045095,0,0.0,2014,2013-16
2014-04-29,839.0181335449219,305.39647500756365,25.066517403180956,2014,2,782.5473484848484,23.919783775252526,2,-4.501026694045095,0,0.0,2014,2013-16
2014-04-30,813.5109802246094,305.5346964968789,25.080981497944986,2014,2,667.160606060606,23.350307765151516,2,-4.501026694045095,0,0.0,2014,2013-16
2014-05-01,815.2270324707031,305.735340594272,25.101977764537935,2014,2,799.8693181818182,23.882741477272727,2,-4.501026694045095,0,0.0,2014,2013-16
2014-05-02,916.6280212402344,305.8022219600697,25.108976520068918,2014,2,374.8212121212121,24.829308712121207,2,-4.501026694045095,1,305.8022219600697,2014,2013-16
2014-05-03,814.1310546875,305.8111394755094,25.10990968747305,2014,2,740.0560606060606,25.39072758838384,2,-4.501026694045095,0,0.0,2014,2013-16
2014-05-04,780.8890380859375,305.82451574866894,25.111309438579244,2014,2,733.2507575757576,25.53632417929293,2,-4.501026694045095,0,0.0,2014,2013-16
2014-05-05,911.5540344238282,306.03153817409196,25.129972786661863,2014,2,869.1083333333333,25.648910984848488,2,-4.501026694045095,0,0.0,2014,2013-16
2014-05-06,898.0279663085937,306.14300711708813,25.141637379213503,2014,2,823.7458333333334,25.675355113636368,2,-4.501026694045095,0,0.0,2014,2013-16
2014-05-07,914.3470581054687,306.317409986991,25.158900976189926,2014,2,611.605303030303,25.605642361111112,2,-4.501026694045095,0,0.0,2014,2013-16
2014-05-08,933.8390258789062,306.42274661108576,25.169632401337434,2014,2,708.9185606060606,25.659643308080806,2,-4.501026694045095,0,0.0,2014,2013-16
2014-05-09,935.6060302734375,306.5654268581208,25.18456307980353,2014,2,688.0159090909091,25.875228851010103,2,-4.501026694045095,0,0.0,2014,2013-16
2014-05-10,839.7889709472656,306.5698856158407,25.185029663505595,2014,2,835.4689393939394,25.84582544191919,2,-4.501026694045095,0,0.0,2014,2013-16
2014-05-11,804.9240417480469,306.57434437356056,25.18549624720766,2014,2,541.3007575757576,24.77663352272727,2,-4.501026694045095,1,306.57434437356056,2014,2013-16
2014-05-12,853.1030090332031,306.70810710515593,25.199493758269625,2014,2,642.5401515151515,24.17405303030303,2,-4.501026694045095,0,0.0,2014,2013-16
2014-05-13,826.3510131835938,306.8353089137967,25.20602593009854,2014,2,749.7772727272728,23.97602588383838,2,-4.501026694045095,0,0.0,2014,2013-16
2014-05-14,855.3880554199219,306.9646128876723,25.21955685745844,2014,2,821.5905303030304,24.313675820707072,2,-4.501026694045095,0,0.0,2014,2013-16
2014-05-15,898.39091796875,307.0939168615478,25.233087784818338,2014,2,819.3306818181818,25.313439078282826,2,-4.501026694045095,0,0.0,2014,2013-16
2014-05-16,889.7610046386719,307.15633946962566,25.239619956647253,2014,2,852.2772727272726,25.944878472222218,2,-4.501026694045095,0,0.0,2014,2013-16
2014-05-17,819.9390197753906,307.16971574278523,25.24101970775345,2014,2,786.540909090909,25.791666666666668,2,-4.501026694045095,0,0.0,2014,2013-16
2014-05-18,811.0269470214844,307.1830920159448,25.242419458859644,2014,2,763.7549242424242,25.62608112373738,2,-4.501026694045095,0,0.0,2014,2013-16
2014-05-19,954.1320373535157,307.3569835670188,25.2606162232402,2014,2,545.2314393939394,25.6775726010101,2,-4.501026694045095,1,307.3569835670188,2014,2013-16
2014-05-20,936.135009765625,307.4506174791356,25.270414480983575,2014,2,641.8469696969697,25.798484848484847,2,-4.501026694045095,0,0.0,2014,2013-16
2014-05-21,886.8450378417969,307.6200502724898,25.288144661662066,2014,2,886.0367424242424,25.979655934343437,2,-4.501026694045095,0,0.0,2014,2013-16
2014-05-22,943.517041015625,307.7092254268867,25.297476335703376,2014,2,620.8689393939394,26.23930713383839,2,-4.501026694045095,0,0.0,2014,2013-16
2014-05-23,944.9330322265625,308.00145263158237,25.314273348977736,2014,2,768.0511363636364,26.24362373737374,2,-4.501026694045095,0,0.0,2014,2013-16
2014-05-24,857.9349304199219,308.01928766246175,25.316139683785998,2014,2,448.3261363636364,25.587397411616156,2,-4.501026694045095,1,308.01928766246175,2014,2013-16
2014-05-25,806.1689819335937,308.0237464201816,25.316606267488062,2014,2,560.173106060606,24.764078282828276,2,-4.501026694045095,1,308.0237464201816,2014,2013-16
2014-05-26,795.5259216308593,308.0282051779015,25.317072851190126,2014,2,643.5905303030303,25.498547979797987,2,-4.501026694045095,0,0.0,2014,2013-16
2014-05-27,874.5180297851563,308.1352153631778,25.328270860039698,2014,2,902.6087121212122,25.78367266414142,2,-4.501026694045095,0,0.0,2014,2013-16
2014-05-28,889.0069885253906,308.27789561021285,25.343201538505795,2014,2,908.7674242424242,25.856265782828284,2,-4.501026694045095,0,0.0,2014,2013-16
2014-05-29,903.7460388183594,308.36182251911174,25.35206662884504,2014,2,907.590909090909,25.71717171717172,2,-4.501026694045095,0,0.0,2014,2013-16
2014-05-30,907.2080505371093,308.4643739466682,25.36279805399255,2014,2,827.6246212121212,25.949708017676766,2,-4.501026694045095,0,0.0,2014,2013-16
2014-05-31,796.3049621582031,308.4688327043881,25.363264637694613,2014,2,908.4060606060606,26.01212121212121,2,-4.501026694045095,0,0.0,2014,2013-16
2014-06-01,773.8200134277344,308.4688327043881,25.363264637694613,2014,2,850.3943181818182,26.079490214646466,2,-4.501026694045095,0,0.0,2014,2013-16
2014-06-02,930.7980529785157,308.61151295142315,25.37819531616071,2014,2,862.7174242424242,26.268308080808087,2,-4.501026694045095,0,0.0,2014,2013-16
2014-06-03,901.7149963378906,308.7586519561781,25.39359257832887,2014,2,874.4708333333334,26.085700757575754,2,-4.501026694045095,0,0.0,2014,2013-16
2014-06-04,891.8879638671875,308.91024971865284,25.4094564241991,2014,2,798.5147727272727,25.969941603535357,2,-4.501026694045095,0,0.0,2014,2013-16
2014-06-05,886.4160461425781,309.06630623884746,25.425786853771392,2014,2,742.6712121212122,25.83104482323232,2,-4.501026694045095,0,0.0,2014,2013-16
2014-06-06,868.6640014648438,309.18223393956345,25.437918030025095,2014,2,672.4208333333333,25.802170138888886,2,-4.501026694045095,0,0.0,2014,2013-16
2014-06-07,777.9239685058594,309.18223393956345,25.437918030025095,2014,2,878.8325757575758,25.984035669191915,2,-4.501026694045095,0,0.0,2014,2013-16
2014-06-08,743.5549987792969,309.2223627590421,25.442117283343684,2014,2,932.1178030303032,25.822758838383837,2,-4.501026694045095,0,0.0,2014,2013-16
2014-06-09,888.8940246582031,309.32491418659856,25.452848708491192,2014,2,783.3958333333334,25.996796085858588,2,-4.501026694045095,0,0.0,2014,2013-16
2014-06-10,935.4489868164062,309.49434697995275,25.470578889169683,2014,2,619.8268939393939,26.028835227272726,2,-4.501026694045095,0,0.0,2014,2013-16
2014-06-11,871.8780456542969,309.58798089206954,25.48037714691306,2014,2,854.3568181818182,26.375852272727276,2,-4.501026694045095,0,0.0,2014,2013-16
2014-06-12,909.60400390625,309.7219633099116,25.4920417394647,2014,2,816.1075757575758,26.272522095959598,2,-4.501026694045095,0,0.0,2014,2013-16
2014-06-13,882.0789978027344,309.7888446757093,25.499040494995683,2014,2,891.7958333333332,26.29207702020202,2,-4.501026694045095,0,0.0,2014,2013-16
2014-06-14,794.9730651855468,309.7933034334292,25.499507078697746,2014,2,864.7530303030304,26.1536773989899,2,-4.501026694045095,0,0.0,2014,2013-16
2014-06-15,759.5489501953125,309.79776219114905,25.49997366239981,2014,2,857.6280303030304,26.001744002525257,2,-4.501026694045095,0,0.0,2014,2013-16
2014-06-16,878.8979675292969,309.89139610326583,25.509771920143187,2014,2,800.1287878787879,25.83836805555555,2,-4.501026694045095,0,0.0,2014,2013-16
2014-06-17,876.2180053710938,310.0296175925811,25.524236014907217,2014,2,795.807196969697,25.816911300505044,2,-4.501026694045095,0,0.0,2014,2013-16
2014-06-18,876.9050048828125,310.22134417453447,25.544299114096034,2014,2,904.5333333333334,25.808230744949494,2,-4.501026694045095,0,0.0,2014,2013-16
2014-06-19,874.6469909667969,310.3482796850754,25.557830041455933,2014,2,877.7496212121212,25.631494633838383,2,-4.501026694045095,0,0.0,2014,2013-16
2014-06-20,853.4619873046875,310.446372354912,25.568094882901374,2014,2,910.919696969697,25.25271464646465,2,-4.501026694045095,0,0.0,2014,2013-16
2014-06-21,780.68203125,310.4508311126319,25.568561466603438,2014,2,868.6488636363636,25.416477272727278,2,-4.501026694045095,0,0.0,2014,2013-16
2014-06-22,764.8129516601563,310.47312490123113,25.570894385113764,2014,2,804.4477272727273,25.73282039141414,2,-4.501026694045095,0,0.0,2014,2013-16
2014-06-23,869.0280212402344,310.61084950914307,25.583025561367467,2014,2,941.4522727272728,25.71976799242424,2,-4.501026694045095,0,0.0,2014,2013-16
2014-06-24,923.7269958496094,310.75255580246545,25.597956239833564,2014,2,844.2776515151515,26.256952335858596,2,-4.501026694045095,0,0.0,2014,2013-16
2014-06-25,916.5779602050782,310.86848350318144,25.610087416087268,2014,2,773.9931818181818,26.09057765151515,2,-4.501026694045095,0,0.0,2014,2013-16
2014-06-26,899.6429992675781,310.97434831510367,25.62035225753271,2014,2,814.6992424242424,26.12914299242424,2,-4.501026694045095,0,0.0,2014,2013-16
2014-06-27,924.7580078125,311.0834228892231,25.63155026638228,2014,2,703.1367424242424,26.04722222222222,2,-4.501026694045095,0,0.0,2014,2013-16
2014-06-28,869.868896484375,311.11909295098184,25.635282935998806,2014,2,739.5420454545454,26.35522411616162,2,-4.501026694045095,0,0.0,2014,2013-16
2014-06-29,838.9930908203125,311.1235517087017,25.63574951970087,2014,2,745.6806818181818,26.62985321969697,2,-4.501026694045095,0,0.0,2014,2013-16
2014-06-30,948.5649475097656,311.5780498295612,25.65534603518762,2014,2,892.5079545454546,26.499952651515155,2,-4.501026694045095,0,0.0,2014,2013-16
2014-07-01,952.2830078125,311.7475603395419,25.672609632164043,2014,3,798.1950757575758,26.732339015151513,3,-4.501026694045095,0,0.0,2014,2013-16
2014-07-02,951.4350463867188,312.0605744243656,25.691272980246662,2014,3,835.8833333333334,26.949218750000004,3,-4.501026694045095,0,0.0,2014,2013-16
2014-07-03,934.07900390625,312.1408320633228,25.69967148688384,2014,3,901.85,26.91251578282829,3,-4.501026694045095,0,0.0,2014,2013-16
2014-07-04,813.1310180664062,312.1452908210427,25.700138070585904,2014,3,803.7113636363636,26.68940183080808,3,-4.501026694045095,0,0.0,2014,2013-16
2014-07-05,841.0090026855469,312.1542083364824,25.701071237990035,2014,3,665.9503787878788,26.39936079545455,3,-4.501026694045095,0,0.0,2014,2013-16
2014-07-06,782.1550048828125,312.15866709420226,25.7015378216921,2014,3,881.4844696969698,26.626104797979796,3,-4.501026694045095,0,0.0,2014,2013-16
2014-07-07,941.5898681640625,312.2924298257976,25.715535332754065,2014,3,642.2234848484849,26.373177083333335,3,-4.501026694045095,0,0.0,2014,2013-16
2014-07-08,916.73798828125,312.447673840157,25.731865762326358,2014,3,857.3818181818182,26.471772411616158,3,-4.501026694045095,0,0.0,2014,2013-16
2014-07-09,912.535009765625,312.6036632584451,25.744930105984192,2014,3,765.4856060606061,26.44354482323232,3,-4.501026694045095,0,0.0,2014,2013-16
2014-07-10,908.1859558105468,312.7552610209199,25.76079395185442,2014,3,824.0920454545454,26.753377525252517,3,-4.501026694045095,0,0.0,2014,2013-16
2014-07-11,907.8300231933594,312.84810544525845,25.770592209597798,2014,3,780.4325757575758,26.56426767676768,3,-4.501026694045095,0,0.0,2014,2013-16
2014-07-12,819.7780090332031,312.85702296069815,25.77152537700193,2014,3,877.057196969697,26.743450126262626,3,-4.501026694045095,0,0.0,2014,2013-16
2014-07-13,808.5839660644531,312.85702296069815,25.77152537700193,2014,3,759.4208333333333,26.8015625,3,-4.501026694045095,0,0.0,2014,2013-16
2014-07-14,1004.8319702148438,313.0039394302936,25.785522888063895,2014,3,646.6693181818182,26.93637941919192,3,-4.501026694045095,0,0.0,2014,2013-16
2014-07-15,937.8049987792969,313.15958200422864,25.798120648019662,2014,3,930.4818181818182,27.02728061868687,3,-4.501026694045095,0,0.0,2014,2013-16
2014-07-16,932.609033203125,313.3736023747813,25.820516665718806,2014,3,876.4530303030302,26.802375315656562,3,-4.501026694045095,0,0.0,2014,2013-16
2014-07-17,910.7519958496093,313.4538600137385,25.828915172355984,2014,3,666.0041666666666,26.57956123737374,3,-4.501026694045095,0,0.0,2014,2013-16
2014-07-18,892.2320068359375,313.6584506148022,25.850378022650997,2014,3,932.7958333333333,26.709864267676767,3,-4.501026694045095,0,0.0,2014,2013-16
2014-07-19,808.3849975585938,313.66736813024187,25.851311190055128,2014,3,872.2034090909092,26.669460227272733,3,-4.501026694045095,0,0.0,2014,2013-16
2014-07-20,775.9699584960938,313.66736813024187,25.851311190055128,2014,3,712.5098484848485,26.792479482323234,3,-4.501026694045095,0,0.0,2014,2013-16
2014-07-21,1009.48203125,313.81461811499145,25.8625091989047,2014,3,763.9515151515151,27.320967487373736,3,-4.501026694045095,0,0.0,2014,2013-16
2014-07-22,1010.2349792480469,313.9929684237853,25.88117254698732,2014,3,618.1348484848485,27.19685921717172,3,-4.501026694045095,0,0.0,2014,2013-16
2014-07-23,938.0159790039063,314.1295255755066,25.894236890645153,2014,3,821.296590909091,26.85018939393939,3,-4.501026694045095,0,0.0,2014,2013-16
2014-07-24,910.7119873046875,314.2357462730047,25.905434899494725,2014,3,910.5875,26.617005997474745,3,-4.501026694045095,0,0.0,2014,2013-16
2014-07-25,930.5470764160157,314.4427793131477,25.91849924315256,2014,3,770.4882575757575,26.606273674242427,3,-4.501026694045095,0,0.0,2014,2013-16
2014-07-26,843.4979858398438,314.4516968285874,25.91943241055669,2014,3,908.0132575757576,26.926136363636363,3,-4.501026694045095,0,0.0,2014,2013-16
2014-07-27,835.2590270996094,314.4516968285874,25.91943241055669,2014,3,881.8575757575758,27.469886363636366,3,-4.501026694045095,0,0.0,2014,2013-16
2014-07-28,964.4990356445312,314.646050929297,25.937162591235182,2014,3,873.1306818181818,27.276523042929288,3,-4.501026694045095,0,0.0,2014,2013-16
2014-07-29,943.2249877929687,314.78123533275493,25.95116010229715,2014,3,893.2359848484848,26.967889835858585,3,-4.501026694045095,0,0.0,2014,2013-16
2014-07-30,923.3829284667969,314.87995566840414,25.96142494374259,2014,3,904.9988636363636,26.67604955808081,3,-4.501026694045095,0,0.0,2014,2013-16
2014-07-31,952.0170471191407,315.0956552844951,25.969356866677703,2014,3,833.6238636363636,26.842321654040404,3,-4.501026694045095,0,0.0,2014,2013-16
2014-08-01,964.6900390625,315.4170493432352,25.98848679846239,2014,3,817.053787878788,26.891445707070705,3,-4.501026694045095,0,0.0,2014,2013-16
2014-08-02,903.0440124511719,315.4170493432352,25.98848679846239,2014,3,750.7318181818182,27.321511994949493,3,-4.501026694045095,0,0.0,2014,2013-16
2014-08-03,828.9840087890625,315.42150810095507,25.988953382164453,2014,3,920.8295454545454,27.359493371212125,3,-4.501026694045095,0,0.0,2014,2013-16
2014-08-04,980.1400146484375,315.5905289482452,26.000617974716093,2014,3,847.9147727272727,27.297309027777775,3,-4.501026694045095,0,0.0,2014,2013-16
2014-08-05,933.4219543457032,315.7019978912414,26.012282567267732,2014,3,885.5162878787878,27.15576073232323,3,-4.501026694045095,0,0.0,2014,2013-16
2014-08-06,945.5899780273437,315.80375983101965,26.02301399241524,2014,3,858.864393939394,26.91758207070707,3,-4.501026694045095,0,0.0,2014,2013-16
2014-08-07,968.7059631347656,315.86172368137767,26.029079580542092,2014,3,806.1859848484848,26.980129419191915,3,-4.501026694045095,0,0.0,2014,2013-16
2014-08-08,851.7049438476563,315.87509995453723,26.030479331648287,2014,3,456.8045454545454,27.300978535353536,3,-4.501026694045095,1,315.87509995453723,2014,2013-16
2014-08-09,876.4788879394531,315.8795587122571,26.03094591535035,2014,3,497.6924242424242,27.123958333333334,3,-4.501026694045095,1,315.8795587122571,2014,2013-16
2014-08-10,809.084033203125,315.8795587122571,26.03094591535035,2014,3,915.4064393939394,27.23627683080808,3,-4.501026694045095,0,0.0,2014,2013-16
2014-08-11,966.6179626464843,316.0956429683789,26.04354367530612,2014,3,901.735606060606,27.302146464646466,3,-4.501026694045095,0,0.0,2014,2013-16
2014-08-12,1010.4630432128906,316.37607409359765,26.0654731093032,2014,3,879.6795454545454,27.330879103535356,3,-4.501026694045095,0,0.0,2014,2013-16
2014-08-13,962.2410400390625,316.5279568170362,26.077137701854838,2014,3,915.0193181818182,27.36807133838384,3,-4.501026694045095,0,0.0,2014,2013-16
2014-08-14,952.8530456542969,316.62604948687283,26.08740254330028,2014,3,909.0715909090908,27.300528724747476,3,-4.501026694045095,0,0.0,2014,2013-16
2014-08-15,928.8989624023437,316.66617830635147,26.091601796618868,2014,3,838.9935606060606,27.10506628787879,3,-4.501026694045095,0,0.0,2014,2013-16
2014-08-16,868.3370422363281,316.66617830635147,26.091601796618868,2014,3,804.5159090909091,27.27912720959596,3,-4.501026694045095,0,0.0,2014,2013-16
2014-08-17,848.0899963378906,316.67509582179116,26.092534964023,2014,3,656.8253787878788,27.038162878787883,3,-4.501026694045095,0,0.0,2014,2013-16
2014-08-18,964.844921875,316.826695795471,26.107465642489096,2014,3,847.0291666666666,27.164670138888884,3,-4.501026694045095,0,0.0,2014,2013-16
2014-08-19,950.7260009765625,317.06255611194894,26.12052998614693,2014,3,813.0492424242424,27.044326073232327,3,-4.501026694045095,0,0.0,2014,2013-16
2014-08-20,948.4260498046875,317.30764938593376,26.135460664613028,2014,3,897.134090909091,27.01700599747475,3,-4.501026694045095,0,0.0,2014,2013-16
2014-08-21,998.2480102539063,317.45766817285215,26.151324510483256,2014,3,706.2291666666667,27.303124999999994,3,-4.501026694045095,0,0.0,2014,2013-16
2014-08-22,974.5720825195312,317.5290082963697,26.158789849716303,2014,3,648.7931818181818,26.90494002525253,3,-4.501026694045095,0,0.0,2014,2013-16
2014-08-23,845.5490417480469,317.5379258118094,26.159723017120434,2014,3,731.2462121212121,27.11270517676768,3,-4.501026694045095,0,0.0,2014,2013-16
2014-08-24,837.4230285644531,317.578054631288,26.163922270439024,2014,3,826.776893939394,27.180721275252523,3,-4.501026694045095,0,0.0,2014,2013-16
2014-08-25,965.5030517578125,317.6729298935164,26.170921025970006,2014,3,852.5284090909092,27.193016098484847,3,-4.501026694045095,0,0.0,2014,2013-16
2014-08-26,948.3839538574218,317.82559726498346,26.186784871840235,2014,3,865.4011363636364,26.958199179292933,3,-4.501026694045095,0,0.0,2014,2013-16
2014-08-27,934.9979797363281,317.91031366166055,26.19564996217948,2014,3,809.4018939393939,27.107007575757578,3,-4.501026694045095,0,0.0,2014,2013-16
2014-08-28,935.2710205078125,318.0663701818552,26.211980391751773,2014,3,881.1450757575758,26.922735164141415,3,-4.501026694045095,0,0.0,2014,2013-16
2014-08-29,942.2470397949219,318.16000409397196,26.22177864949515,2014,3,877.5049242424242,27.022940340909088,3,-4.501026694045095,0,0.0,2014,2013-16
2014-08-30,843.9760131835938,318.16446285169184,26.222245233197214,2014,3,915.2208333333334,27.213612689393937,3,-4.501026694045095,0,0.0,2014,2013-16
2014-08-31,824.1470397949219,318.16446285169184,26.222245233197214,2014,3,881.9284090909092,27.482275883838383,3,-4.501026694045095,0,0.0,2014,2013-16
2014-09-01,886.7539916992188,318.17338036713153,26.223178400601345,2014,3,835.801893939394,27.61987847222223,3,-4.501026694045095,0,0.0,2014,2013-16
2014-09-02,987.2099609375,318.28988844084756,26.235309576855048,2014,3,888.4488636363636,27.817455808080812,3,-4.501026694045095,0,0.0,2014,2013-16
2014-09-03,972.0430358886719,318.41473365700324,26.248373920512883,2014,3,875.244696969697,27.564528093434344,3,-4.501026694045095,0,0.0,2014,2013-16
2014-09-04,968.6470703125,318.71544980173013,26.263771182681044,2014,3,835.9795454545454,27.093229166666664,3,-4.501026694045095,0,0.0,2014,2013-16
2014-09-05,968.2889953613281,318.899253384475,26.27870186114714,2014,3,860.25,27.238604797979804,3,-4.501026694045095,0,0.0,2014,2013-16
2014-09-06,892.2000305175782,318.9170884153544,26.280568195955404,2014,3,820.8140151515152,27.39139835858586,3,-4.501026694045095,0,0.0,2014,2013-16
2014-09-07,837.7159851074218,318.9170884153544,26.280568195955404,2014,3,867.739393939394,27.68733428030303,3,-4.501026694045095,0,0.0,2014,2013-16
2014-09-08,978.9029418945313,319.0681413080471,26.296432041825632,2014,3,756.0189393939394,27.623958333333334,3,-4.501026694045095,0,0.0,2014,2013-16
2014-09-09,975.0960998535156,319.16939460079277,26.30483054846281,2014,3,706.0034090909091,27.6608980429293,3,-4.501026694045095,0,0.0,2014,2013-16
2014-09-10,981.6359558105469,319.2936949471664,26.317894892120645,2014,3,799.9837121212121,27.700647095959596,3,-4.501026694045095,0,0.0,2014,2013-16
2014-09-11,975.3809936523437,319.5478441371976,26.344490163138378,2014,3,835.292803030303,27.63426452020202,3,-4.501026694045095,0,0.0,2014,2013-16
2014-09-12,982.5809448242187,319.6850904114224,26.358954257902408,2014,3,835.2132575757576,27.594878472222224,3,-4.501026694045095,0,0.0,2014,2013-16
2014-09-13,907.7799987792969,319.69400792686207,26.35988742530654,2014,3,839.3382575757576,27.715877525252527,3,-4.501026694045095,0,0.0,2014,2013-16
2014-09-14,865.1010009765625,319.7385955040605,26.364553262327195,2014,3,861.2795454545455,27.93576388888889,3,-4.501026694045095,0,0.0,2014,2013-16
2014-09-15,1009.5399963378907,319.87156874787775,26.37855077338916,2014,3,857.5636363636364,27.9199889520202,3,-4.501026694045095,0,0.0,2014,2013-16
2014-09-16,1015.702978515625,319.973330687656,26.38928219853667,2014,3,776.2011363636364,28.065025252525256,3,-4.501026694045095,0,0.0,2014,2013-16
2014-09-17,1012.4839782714844,321.6878820120187,26.40887871402342,2014,3,742.3780303030303,27.930926452020202,3,-4.501026694045095,0,0.0,2014,2013-16
2014-09-18,1024.3989990234375,321.7770571664156,26.41821038806473,2014,3,710.4344696969696,27.722569444444442,3,-4.501026694045095,0,0.0,2014,2013-16
2014-09-19,998.5359558105469,321.83947977449344,26.424742559893645,2014,3,774.8943181818182,27.829300820707072,3,-4.501026694045095,0,0.0,2014,2013-16
2014-09-20,935.0780212402344,321.8439385322133,26.42520914359571,2014,3,827.0617424242424,28.378322285353534,3,-4.501026694045095,0,0.0,2014,2013-16
2014-09-21,921.4519409179687,321.8439385322133,26.42520914359571,2014,3,791.6390151515151,28.719760101010106,3,-4.501026694045095,0,0.0,2014,2013-16
2014-09-22,1017.7999633789062,322.0141762339225,26.442472740572132,2014,3,867.1973484848484,28.46171085858586,3,-4.501026694045095,0,0.0,2014,2013-16
2014-09-23,979.0210571289062,322.1301039346385,26.454603916825835,2014,3,868.1375,28.35763888888889,3,-4.501026694045095,0,0.0,2014,2013-16
2014-09-24,996.3830261230469,322.3398141553858,26.475133599716717,2014,3,820.8469696969696,28.11746369949495,3,-4.501026694045095,0,0.0,2014,2013-16
2014-09-25,1015.0660583496094,322.5324876585659,26.49146402928901,2014,3,764.3958333333334,27.91106376262626,3,-4.501026694045095,0,0.0,2014,2013-16
2014-09-26,1021.1180541992187,322.6484153592819,26.503595205542712,2014,3,691.4992424242424,28.08868371212121,3,-4.501026694045095,0,0.0,2014,2013-16
2014-09-27,917.2980041503906,322.6662503901613,26.505461540350975,2014,3,716.4655303030303,27.857812499999998,3,-4.501026694045095,0,0.0,2014,2013-16
2014-09-28,880.1050231933593,322.67962666332085,26.50686129145717,2014,3,522.421590909091,27.639346590909085,3,-4.501026694045095,1,322.67962666332085,2014,2013-16
2014-09-29,1046.9310119628906,322.8000131217567,26.519459051412937,2014,3,722.1613636363636,28.16091382575757,3,-4.501026694045095,0,0.0,2014,2013-16
2014-09-30,1018.582958984375,322.956473515906,26.53578948098523,2014,3,715.9560606060606,27.879253472222228,3,-4.501026694045095,0,0.0,2014,2013-16
2014-10-01,1008.2520385742188,323.0411899125831,26.544654571324475,2014,4,791.758712121212,27.94850852272727,4,-4.501026694045095,0,0.0,2014,2013-16
2014-10-02,991.5440002441406,323.1080712783808,26.551653326855458,2014,4,819.653409090909,27.8638336489899,4,-4.501026694045095,0,0.0,2014,2013-16
2014-10-03,984.7579650878906,323.1838701596182,26.559585249790572,2014,4,747.619696969697,27.828227588383836,4,-4.501026694045095,0,0.0,2014,2013-16
2014-10-04,915.4590148925781,323.1927876750579,26.560518417194704,2014,4,713.4147727272727,27.66111900252525,4,-4.501026694045095,0,0.0,2014,2013-16
2014-10-05,875.6109924316406,323.2106227059373,26.562384752002966,2014,4,745.9977272727272,27.38491161616162,4,-4.501026694045095,0,0.0,2014,2013-16
2014-10-06,989.836962890625,323.3845142570113,26.58058151638352,2014,4,749.2708333333334,27.653488005050505,4,-4.501026694045095,0,0.0,2014,2013-16
2014-10-07,1029.6730834960938,323.54236100684926,26.596911945955814,2014,4,658.8238636363636,27.876010101010095,4,-4.501026694045095,0,0.0,2014,2013-16
2014-10-08,987.6469665527344,323.64491243440574,26.607643371103322,2014,4,808.9238636363636,28.062034406565655,4,-4.501026694045095,0,0.0,2014,2013-16
2014-10-09,984.6849914550781,323.783133923721,26.62210746586735,2014,4,739.1151515151515,27.836876578282826,4,-4.501026694045095,0,0.0,2014,2013-16
2014-10-10,974.9540771484375,323.92581417075604,26.63703814433345,2014,4,722.9397727272727,27.744665404040404,4,-4.501026694045095,0,0.0,2014,2013-16
2014-10-11,862.2890747070312,323.9436492016354,26.63890447914171,2014,4,806.8412878787879,27.832078598484845,4,-4.501026694045095,0,0.0,2014,2013-16
2014-10-12,840.8769958496093,323.957025474795,26.640304230247907,2014,4,781.3996212121212,27.449226641414143,4,-4.501026694045095,0,0.0,2014,2013-16
2014-10-13,939.4289916992187,324.10627713499827,26.65243540650161,2014,4,708.7575757575758,27.323177083333338,4,-4.501026694045095,0,0.0,2014,2013-16
2014-10-14,997.0850769042969,324.27367823706595,26.663166831649118,2014,4,521.1378787878788,27.49367108585859,4,-4.501026694045095,1,324.27367823706595,2014,2013-16
2014-10-15,977.7030517578125,324.41855053957266,26.677630926413148,2014,4,770.9859848484849,27.75806502525253,4,-4.501026694045095,0,0.0,2014,2013-16
2014-10-16,969.0589660644531,324.57011279415025,26.691628437475114,2014,4,684.1136363636364,27.496259469696977,4,-4.501026694045095,0,0.0,2014,2013-16
2014-10-17,1008.6690368652344,324.77161645053695,26.709358618153605,2014,4,666.7632575757576,27.68671875,4,-4.501026694045095,0,0.0,2014,2013-16
2014-10-18,980.8789916992188,324.7760752082568,26.70982520185567,2014,4,254.842803030303,27.481534090909083,4,-4.501026694045095,1,324.7760752082568,2014,2013-16
2014-10-19,920.9380004882812,324.7805339659767,26.710291785557732,2014,4,87.1719696969697,26.82776988636363,4,-4.501026694045095,1,324.7805339659767,2014,2013-16
2014-10-20,969.157958984375,324.96403745533496,26.72102321070524,2014,4,552.3439393939394,27.542045454545455,4,-4.501026694045095,1,324.96403745533496,2014,2013-16
2014-10-21,985.1030517578125,325.1602227950082,26.741552893596122,2014,4,670.9431818181818,27.51697443181818,4,-4.501026694045095,0,0.0,2014,2013-16
2014-10-22,994.562939453125,325.2627742225647,26.75228431874363,2014,4,515.5102272727273,26.870612373737373,4,-4.501026694045095,1,325.2627742225647,2014,2013-16
2014-10-23,944.7770446777344,325.39653695416007,26.766281829805596,2014,4,781.3920454545455,26.93548768939394,4,-4.501026694045095,0,0.0,2014,2013-16
2014-10-24,948.7990478515625,325.5339689556971,26.780745924569626,2014,4,728.1651515151515,26.99555713383839,4,-4.501026694045095,0,0.0,2014,2013-16
2014-10-25,878.8330200195312,325.56963901745587,26.78447859418615,2014,4,681.730303030303,27.131778724747477,4,-4.501026694045095,0,0.0,2014,2013-16
2014-10-26,797.6629577636719,325.58747404833525,26.786344928994414,2014,4,782.3367424242424,26.91536458333333,4,-4.501026694045095,0,0.0,2014,2013-16
2014-10-27,951.8158935546875,325.68556671817186,26.796609770439854,2014,4,586.7522727272727,26.35931186868687,4,-4.501026694045095,1,325.68556671817186,2014,2013-16
2014-10-28,940.333984375,325.8193294497672,26.81060728150182,2014,4,711.2022727272727,26.849857954545456,4,-4.501026694045095,0,0.0,2014,2013-16
2014-10-29,942.3400146484375,326.16713292795856,26.82647112737205,2014,4,632.1704545454546,26.648950441919197,4,-4.501026694045095,0,0.0,2014,2013-16
2014-10-30,946.8109497070312,326.30089565955393,26.840468638434015,2014,4,481.6454545454545,26.561292613636372,4,-4.501026694045095,1,326.30089565955393,2014,2013-16
2014-10-31,940.0459594726562,326.4412851598809,26.85306639838978,2014,4,481.6545454545454,26.71524621212122,4,-4.501026694045095,1,326.4412851598809,2014,2013-16
2014-11-01,853.7020446777344,326.4502026753206,26.853999565793913,2014,4,723.6458333333334,26.927099116161614,4,-4.501026694045095,0,0.0,2014,2013-16
2014-11-02,824.8189636230469,326.49479025251907,26.85866540281457,2014,4,656.7522727272728,26.73937815656566,4,-4.501026694045095,0,0.0,2014,2013-16
2014-11-03,977.164013671875,326.60546970773703,26.87032999536621,2014,4,508.8852272727273,27.003022411616158,4,-4.501026694045095,1,326.60546970773703,2014,2013-16
2014-11-04,948.6900451660156,326.77936125881104,26.888526759746764,2014,4,639.1219696969697,26.931510416666654,4,-4.501026694045095,0,0.0,2014,2013-16
2014-11-05,937.0220031738281,326.900748272068,26.900191352298403,2014,4,575.5795454545455,26.55134943181818,4,-4.501026694045095,1,326.900748272068,2014,2013-16
2014-11-06,949.2669738769531,327.1652262222945,26.91838811667896,2014,4,568.2890151515152,26.7967408459596,4,-4.501026694045095,1,327.1652262222945,2014,2013-16
2014-11-07,962.1890319824219,327.2811539230105,26.93051929293266,2014,4,592.5473484848485,26.275307765151513,4,-4.501026694045095,0,0.0,2014,2013-16
2014-11-08,792.7590698242187,327.2811539230105,26.93051929293266,2014,4,597.9215909090909,24.99943181818182,4,-4.501026694045095,0,0.0,2014,2013-16
2014-11-09,763.7750671386718,327.29453019617006,26.931919044038857,2014,4,599.1060606060606,24.806186868686876,4,-4.501026694045095,0,0.0,2014,2013-16
2014-11-10,879.3110107421875,327.37924659284715,26.940784134378102,2014,4,662.2488636363636,25.208065025252527,4,-4.501026694045095,0,0.0,2014,2013-16
2014-11-11,837.5899841308594,327.47733926268376,26.951048975823543,2014,4,629.7443181818182,25.058159722222225,4,-4.501026694045095,0,0.0,2014,2013-16
2014-11-12,903.7869934082031,327.6111019942791,26.96504648688551,2014,4,689.165909090909,25.457552083333326,4,-4.501026694045095,0,0.0,2014,2013-16
2014-11-13,930.9160583496093,327.8219453001912,26.979043997947475,2014,4,584.0094696969697,25.804742739898987,4,-4.501026694045095,1,327.8219453001912,2014,2013-16
2014-11-14,935.8670166015625,327.94233175862706,26.991641757903242,2014,4,624.8003787878788,26.15420612373737,4,-4.501026694045095,0,0.0,2014,2013-16
2014-11-15,850.5409912109375,327.9557080317866,26.993041509009437,2014,4,680.4674242424242,26.12599431818182,4,-4.501026694045095,0,0.0,2014,2013-16
2014-11-16,761.6400085449219,327.9557080317866,26.993041509009437,2014,4,686.4439393939394,25.37319286616162,4,-4.501026694045095,0,0.0,2014,2013-16
2014-11-17,875.3879699707031,328.17864591777897,27.016370694112712,2014,4,702.3136363636364,25.51710069444444,4,-4.501026694045095,0,0.0,2014,2013-16
2014-11-18,885.3180419921875,328.3537864643757,27.034567458493267,2014,4,505.1212121212121,25.588131313131314,4,-4.501026694045095,1,328.3537864643757,2014,2013-16
2014-11-19,886.3760009765625,328.46971416509166,27.04669863474697,2014,4,628.292803030303,26.08633207070707,4,-4.501026694045095,0,0.0,2014,2013-16
2014-11-20,933.9329895019531,328.603476896687,27.060696145808937,2014,4,611.053787878788,26.22118844696969,4,-4.501026694045095,0,0.0,2014,2013-16
2014-11-21,930.5129577636719,328.77736844776103,27.07889291018949,2014,4,623.644696969697,26.298587436868683,4,-4.501026694045095,0,0.0,2014,2013-16
2014-11-22,844.7750183105469,328.8308735403992,27.08449191461428,2014,4,641.0640151515152,26.2227904040404,4,-4.501026694045095,0,0.0,2014,2013-16
2014-11-23,814.7270202636719,328.83533229811906,27.084958498316343,2014,4,640.7215909090909,25.86986268939394,4,-4.501026694045095,0,0.0,2014,2013-16
2014-11-24,904.4169616699219,329.7931871530658,27.100355760484504,2014,4,283.6598484848485,24.6528014520202,4,-4.501026694045095,1,329.7931871530658,2014,2013-16
2014-11-25,838.9840454101562,329.89573858062226,27.111087185632012,2014,4,573.8909090909091,24.167668876262624,4,-4.501026694045095,1,329.89573858062226,2014,2013-16
2014-11-26,840.7730285644532,330.1186764666146,27.134416370735288,2014,4,571.1787878787878,24.522411616161616,4,-4.501026694045095,1,330.1186764666146,2014,2013-16
2014-11-27,782.8770385742188,330.1186764666146,27.134416370735288,2014,4,619.3492424242424,24.64654356060606,4,-4.501026694045095,0,0.0,2014,2013-16
2014-11-28,814.1619323730469,330.23906292505046,27.147014130691055,2014,4,493.3693181818182,24.895793876262626,4,-4.501026694045095,1,330.23906292505046,2014,2013-16
2014-11-29,777.3470153808594,330.25243919821,27.14841388179725,2014,4,536.4829545454545,24.80011047979798,4,-4.501026694045095,1,330.25243919821,2014,2013-16
2014-11-30,725.6710510253906,330.2658154713696,27.149813632903445,2014,4,664.5863636363636,24.55873579545455,4,-4.501026694045095,0,0.0,2014,2013-16
2014-12-01,862.3670288085938,330.5096586176397,27.172676234304657,2014,4,387.6,23.986142676767674,4,-4.501026694045095,1,330.5096586176397,2014,2013-16
2014-12-02,836.0829956054688,330.8084761140563,27.194605668301737,2014,4,586.330303030303,24.10198863636364,4,-4.501026694045095,1,330.8084761140563,2014,2013-16
2014-12-03,885.7939697265625,331.07991546518485,27.223067274127732,2014,4,354.9371212121212,23.70765467171717,4,-4.501026694045095,1,331.07991546518485,2014,2013-16
2014-12-04,854.7640563964844,331.1738035929735,27.23286553187111,2014,4,460.492803030303,24.233396464646464,4,-4.501026694045095,1,331.1738035929735,2014,2013-16
2014-12-05,875.5710754394531,331.3190269991647,27.244996708124813,2014,4,520.0276515151515,24.59494160353535,4,-4.501026694045095,1,331.3190269991647,2014,2013-16
2014-12-06,761.9410278320313,331.3279445146044,27.245929875528944,2014,4,689.714393939394,24.383254419191918,4,-4.501026694045095,0,0.0,2014,2013-16
2014-12-07,748.4979736328125,331.34577954548377,27.247796210337206,2014,4,668.9613636363636,24.196046401515147,4,-4.501026694045095,0,0.0,2014,2013-16
2014-12-08,855.2899475097656,331.60475314013405,27.26086055399504,2014,4,678.3958333333334,24.705989583333338,4,-4.501026694045095,0,0.0,2014,2013-16
2014-12-09,878.5910461425781,331.7093948620758,27.272058562844613,2014,4,677.4833333333333,24.86841066919192,4,-4.501026694045095,0,0.0,2014,2013-16
2014-12-10,898.3010070800781,331.81194628963226,27.28278998799212,2014,4,551.1719696969697,24.919570707070704,4,-4.501026694045095,1,331.81194628963226,2014,2013-16
2014-12-11,916.4759582519531,331.9836391662264,27.300520168670612,2014,4,450.7515151515152,24.654640151515153,4,-4.501026694045095,1,331.9836391662264,2014,2013-16
2014-12-12,916.7840026855469,332.0987773791642,27.312651344924316,2014,4,581.4628787878788,24.65685763888889,4,-4.501026694045095,1,332.0987773791642,2014,2013-16
2014-12-13,802.6409729003906,332.12107116776343,27.314984263434642,2014,4,512.9064393939394,24.540135732323233,4,-4.501026694045095,1,332.12107116776343,2014,2013-16
2014-12-14,784.9270080566406,332.134447440923,27.316384014540837,2014,4,345.0325757575757,23.775868055555563,4,-4.501026694045095,1,332.134447440923,2014,2013-16
2014-12-15,854.6319763183594,332.42127096686767,27.336447113729655,2014,4,463.7625,24.049045138888896,4,-4.501026694045095,1,332.42127096686767,2014,2013-16
2014-12-16,863.8830627441406,332.70400915134024,27.36490871955565,2014,4,515.8238636363636,24.58410669191919,4,-4.501026694045095,1,332.70400915134024,2014,2013-16
2014-12-17,882.4740356445312,332.90725197283155,27.3845052350424,2014,4,527.834090909091,24.814678030303025,4,-4.501026694045095,1,332.90725197283155,2014,2013-16
2014-12-18,897.1829895019531,333.0410147044269,27.398502746104366,2014,4,448.2371212121212,24.7499053030303,4,-4.501026694045095,1,333.0410147044269,2014,2013-16
2014-12-19,893.7269470214844,333.18815370918185,27.413900008272527,2014,4,566.8162878787879,25.185503472222226,4,-4.501026694045095,1,333.18815370918185,2014,2013-16
2014-12-20,826.414013671875,333.2015299823414,27.415299759378723,2014,4,595.5261363636364,25.345730744949492,4,-4.501026694045095,0,0.0,2014,2013-16
2014-12-21,773.0240356445313,333.214906255501,27.416699510484918,2014,4,679.2659090909091,25.026601957070707,4,-4.501026694045095,0,0.0,2014,2013-16
2014-12-22,899.2659301757812,333.352338257038,27.431163605248948,2014,4,259.1102272727273,23.2761442550505,4,-4.501026694045095,1,333.352338257038,2014,2013-16
2014-12-23,821.0910095214844,333.5715503859022,27.444694532608846,2014,4,448.9712121212121,22.571590909090904,4,-4.501026694045095,1,333.5715503859022,2014,2013-16
2014-12-24,867.685986328125,333.72890771270386,27.461491545883206,2014,4,401.0704545454545,23.402730429292927,4,-4.501026694045095,1,333.72890771270386,2014,2013-16
2014-12-25,712.8519897460938,333.72890771270386,27.461491545883206,2014,4,663.925,23.77820391414141,4,-4.501026694045095,0,0.0,2014,2013-16
2014-12-26,793.5270141601562,333.8014603933058,27.467557134010057,2014,4,631.3780303030303,23.76785037878788,4,-4.501026694045095,0,0.0,2014,2013-16
2014-12-27,713.1550170898438,333.80591915102565,27.46802371771212,2014,4,657.942803030303,23.034469696969698,4,-4.501026694045095,0,0.0,2014,2013-16
2014-12-28,686.3019714355469,333.8371304550646,27.47128980362658,2014,4,646.217803030303,22.419957386363635,4,-4.501026694045095,0,0.0,2014,2013-16
2014-12-29,806.6849304199219,334.0021044906989,27.488553400603003,2014,4,591.5905303030303,22.969539141414135,4,-4.501026694045095,0,0.0,2014,2013-16
2014-12-30,852.3671142578125,334.1583925586311,27.504883830175295,2014,4,277.6375,22.741390467171723,4,-4.501026694045095,1,334.1583925586311,2014,2013-16
2014-12-31,754.9849914550781,334.44821181042107,27.535211770809553,2014,4,570.4568181818182,21.540703914141414,4,-4.501026694045095,1,334.44821181042107,2014,2013-16
2015-01-01,675.2839904785156,334.44821181042107,27.535211770809553,2015,1,434.8954545454545,21.701373106060604,1,-3.5010266940450947,1,334.44821181042107,2015,2013-16
2015-01-02,816.743994140625,334.54066003292394,27.53847785672401,2015,1,393.0462121212121,22.862878787878785,1,-3.5010266940450947,1,334.54066003292394,2015,2013-16
2015-01-03,689.0080078125,334.54066003292394,27.53847785672401,2015,1,571.4962121212122,21.991327335858585,1,-3.5010266940450947,1,334.54066003292394,2015,2013-16
2015-01-04,686.3230224609375,334.55006279130765,27.539411024128142,2015,1,432.9064393939394,22.2184264520202,1,-3.5010266940450947,1,334.55006279130765,2015,2013-16
2015-01-05,765.9819885253906,334.6804505502337,27.544543444850863,2015,1,665.305303030303,22.117708333333336,1,-3.5010266940450947,0,0.0,2015,2013-16
2015-01-06,755.5769958496094,334.75567261730345,27.55200878408391,2015,1,705.4632575757576,22.1266966540404,1,-3.5010266940450947,0,0.0,2015,2013-16
2015-01-07,756.58701171875,334.8214919259895,27.558540955912825,2015,1,621.2079545454546,21.85684974747474,1,-3.5010266940450947,0,0.0,2015,2013-16
2015-01-08,784.4559936523438,334.9289992348123,27.569272381060333,2015,1,589.989393939394,22.817479482323233,1,-3.5010266940450947,0,0.0,2015,2013-16
2015-01-09,800.4749938964844,335.0463514013455,27.57673772029338,2015,1,634.219696969697,23.71353377525253,1,-3.5010266940450947,0,0.0,2015,2013-16
2015-01-10,760.6529846191406,335.0557541597292,27.57767088769751,2015,1,664.5492424242424,23.935250946969692,1,-3.5010266940450947,0,0.0,2015,2013-16
2015-01-11,715.4610046386719,335.0745596764966,27.579537222505774,2015,1,680.4693181818182,23.56340751262627,1,-3.5010266940450947,0,0.0,2015,2013-16
2015-01-12,814.0459899902344,335.192577941299,27.58933548024915,2015,1,655.0465909090909,23.529040404040405,1,-3.5010266940450947,0,0.0,2015,2013-16
2015-01-13,795.6,335.2720549094078,27.597267403184265,2015,1,677.303787878788,23.419002525252527,1,-3.5010266940450947,0,0.0,2015,2013-16
2015-01-14,856.0609985351563,335.6320036564823,27.610798330544164,2015,1,399.8765151515152,24.02092803030303,1,-3.5010266940450947,1,335.6320036564823,2015,2013-16
2015-01-15,886.0090087890625,335.71192710274397,27.618730253479278,2015,1,405.3458333333333,24.630484532828287,1,-3.5010266940450947,1,335.71192710274397,2015,2013-16
2015-01-16,882.543994140625,335.8407741482275,27.627128760116456,2015,1,371.23333333333335,24.08532986111111,1,-3.5010266940450947,1,335.8407741482275,2015,2013-16
2015-01-17,785.6840087890625,335.8407741482275,27.627128760116456,2015,1,468.9113636363636,24.051120580808078,1,-3.5010266940450947,1,335.8407741482275,2015,2013-16
2015-01-18,719.0440063476562,335.8407741482275,27.627128760116456,2015,1,717.3681818181818,24.15269886363636,1,-3.5010266940450947,0,0.0,2015,2013-16
2015-01-19,821.1989929199219,335.8407741482275,27.627128760116456,2015,1,688.0916666666667,24.768663194444446,1,-3.5010266940450947,0,0.0,2015,2013-16
2015-01-20,860.0159912109375,335.9304823143336,27.635527266753634,2015,1,702.101893939394,24.766871843434345,1,-3.5010266940450947,0,0.0,2015,2013-16
2015-01-21,828.8349975585937,335.98219748544403,27.640659687476354,2015,1,700.7984848484849,24.34832702020202,1,-3.5010266940450947,0,0.0,2015,2013-16
2015-01-22,861.4610107421875,336.090685433118,27.65045794521973,2015,1,594.7806818181818,24.41856060606061,1,-3.5010266940450947,0,0.0,2015,2013-16
2015-01-23,908.7449890136719,336.17531025857147,27.65885645185691,2015,1,513.5666666666667,24.687839330808085,1,-3.5010266940450947,1,336.17531025857147,2015,2013-16
2015-01-24,774.9369873046875,336.17531025857147,27.65885645185691,2015,1,431.455303030303,23.194791666666664,1,-3.5010266940450947,1,336.17531025857147,2015,2013-16
2015-01-25,715.4190002441406,336.18001163776336,27.659323035558973,2015,1,443.0386363636364,22.588944128787876,1,-3.5010266940450947,1,336.18001163776336,2015,2013-16
2015-01-26,794.1830017089844,336.3069488759436,27.67192079551474,2015,1,600.633712121212,23.135535037878793,1,-3.5010266940450947,0,0.0,2015,2013-16
2015-01-27,825.3010070800781,336.4103792181645,27.68218563696018,2015,1,603.2219696969697,23.78500631313132,1,-3.5010266940450947,0,0.0,2015,2013-16
2015-01-28,836.8650024414062,336.46679576846685,27.68778464138497,2015,1,575.4469696969696,24.16478851010101,1,-3.5010266940450947,1,336.46679576846685,2015,2013-16
2015-01-29,901.1469970703125,336.83540570146374,27.69944923393661,2015,1,325.31098484848485,24.38028724747475,1,-3.5010266940450947,1,336.83540570146374,2015,2013-16
2015-01-30,811.3340148925781,336.91310185056085,27.706914573169655,2015,1,621.6837121212121,23.82440025252525,1,-3.5010266940450947,0,0.0,2015,2013-16
2015-01-31,745.4490112304687,336.92250460894456,27.707847740573786,2015,1,615.6897727272727,23.35876736111111,1,-3.5010266940450947,0,0.0,2015,2013-16
2015-02-01,728.2860046386719,336.92250460894456,27.707847740573786,2015,1,545.0325757575758,24.059130366161614,1,-3.5010266940450947,1,336.92250460894456,2015,2013-16
2015-02-02,882.4240112304688,336.99772667601434,27.715313079806833,2015,1,432.7700757575758,24.71650883838385,1,-3.5010266940450947,1,336.99772667601434,2015,2013-16
2015-02-03,924.0519958496094,337.0917821619178,27.724644753848143,2015,1,406.9060606060606,25.40845170454546,1,-3.5010266940450947,1,337.0917821619178,2015,2013-16
2015-02-04,856.1989868164062,337.1670042289876,27.73211009308119,2015,1,738.9882575757576,24.901167929292928,1,-3.5010266940450947,0,0.0,2015,2013-16
2015-02-05,822.4940185546875,337.30334422555154,27.745641020441088,2015,1,581.2060606060606,23.89169034090909,1,-3.5010266940450947,1,337.30334422555154,2015,2013-16
2015-02-06,781.2849853515625,337.3916383209467,27.754506110780333,2015,1,705.226893939394,23.407615214646466,1,-3.5010266940450947,0,0.0,2015,2013-16
2015-02-07,704.3720092773438,337.3916383209467,27.754506110780333,2015,1,764.9193181818182,23.327596275252528,1,-3.5010266940450947,0,0.0,2015,2013-16
2015-02-08,683.6690063476562,337.3916383209467,27.754506110780333,2015,1,655.3079545454545,23.47561553030303,1,-3.5010266940450947,0,0.0,2015,2013-16
2015-02-09,835.0109985351562,337.65484663762624,27.770369956650562,2015,1,709.9068181818182,24.782181186868687,1,-3.5010266940450947,0,0.0,2015,2013-16
2015-02-10,804.2059997558594,337.7315408684707,27.776902128479477,2015,1,737.8882575757576,23.973895202020202,1,-3.5010266940450947,0,0.0,2015,2013-16
2015-02-11,779.3519958496094,338.29795033398574,27.789966472137312,2015,1,748.4424242424242,23.63562184343434,1,-3.5010266940450947,0,0.0,2015,2013-16
2015-02-12,789.9700073242187,338.65412470345376,27.801164480986884,2015,1,545.8681818181818,23.14835069444445,1,-3.5010266940450947,1,338.65412470345376,2015,2013-16
2015-02-13,872.9089965820312,338.74712017804075,27.810496155028193,2015,1,486.5609848484848,24.648003472222218,1,-3.5010266940450947,1,338.74712017804075,2015,2013-16
2015-02-14,781.3340026855469,338.75652293642446,27.811429322432325,2015,1,326.5465909090909,24.650505050505046,1,-3.5010266940450947,1,338.75652293642446,2015,2013-16
2015-02-15,635.1919921875,338.75652293642446,27.811429322432325,2015,1,815.6742424242424,22.12459753787879,1,-3.5010266940450947,0,0.0,2015,2013-16
2015-02-16,710.4690002441406,338.7847312115756,27.81422882464472,2015,1,772.3325757575758,23.20267518939394,1,-3.5010266940450947,0,0.0,2015,2013-16
2015-02-17,812.6740112304688,339.0000083320946,27.83195900532321,2015,1,781.1454545454546,24.047001262626257,1,-3.5010266940450947,0,0.0,2015,2013-16
2015-02-18,818.8710021972656,339.1081400535074,27.842690430470718,2015,1,780.6640151515151,24.34900568181818,1,-3.5010266940450947,0,0.0,2015,2013-16
2015-02-19,860.8789978027344,339.17395936219344,27.849222602299633,2015,1,622.4643939393939,24.77000473484848,1,-3.5010266940450947,0,0.0,2015,2013-16
2015-02-20,886.3040100097656,339.2863590309384,27.860420611149205,2015,1,264.78333333333336,23.38220486111111,1,-3.5010266940450947,1,339.2863590309384,2015,2013-16
2015-02-21,690.0489868164062,339.2957617893221,27.861353778553337,2015,1,740.0,22.777872474747472,1,-3.5010266940450947,0,0.0,2015,2013-16
2015-02-22,702.4419982910156,339.2957617893221,27.861353778553337,2015,1,722.5901515151515,24.09447601010101,1,-3.5010266940450947,0,0.0,2015,2013-16
2015-02-23,850.1230041503907,339.4179976483105,27.87348495480704,2015,1,701.2087121212121,24.800702335858585,1,-3.5010266940450947,0,0.0,2015,2013-16
2015-02-24,857.3899963378906,339.52922315067417,27.884682963656612,2015,1,638.6594696969697,24.430618686868687,1,-3.5010266940450947,0,0.0,2015,2013-16
2015-02-25,831.7710021972656,339.7021420715228,27.901946560633036,2015,1,585.2458333333334,24.305555555555554,1,-3.5010266940450947,1,339.7021420715228,2015,2013-16
2015-02-26,862.1630065917968,339.8901972391973,27.920609908715655,2015,1,637.3462121212121,24.783514835858586,1,-3.5010266940450947,0,0.0,2015,2013-16
2015-02-27,881.8430053710938,339.979714424573,27.9294749990549,2015,1,542.6856060606061,24.504655934343432,1,-3.5010266940450947,1,339.979714424573,2015,2013-16
2015-02-28,771.6320068359375,339.9844158037649,27.929941582756964,2015,1,537.3106060606061,23.65182291666667,1,-3.5010266940450947,1,339.9844158037649,2015,2013-16
2015-03-01,698.9019958496094,339.9844158037649,27.929941582756964,2015,1,740.2325757575758,23.596583017676764,1,-3.5010266940450947,0,0.0,2015,2013-16
2015-03-02,838.3310119628907,340.1272532116923,27.943472510116862,2015,1,827.3943181818182,24.272490530303035,1,-3.5010266940450947,0,0.0,2015,2013-16
2015-03-03,866.2130065917969,340.31530837936674,27.96213585819948,2015,1,585.7200757575758,24.091958648989902,1,-3.5010266940450947,1,340.31530837936674,2015,2013-16
2015-03-04,886.9450134277344,340.8036108694005,27.969134613730464,2015,1,234.8526515151515,23.09368686868687,1,-3.5010266940450947,1,340.8036108694005,2015,2013-16
2015-03-05,767.6210144042968,340.8976384532377,27.978466287771774,2015,1,642.1390151515152,22.63284406565657,1,-3.5010266940450947,0,0.0,2015,2013-16
2015-03-06,741.0739929199219,341.0457501825479,27.990597464025477,2015,1,674.7636363636364,22.186142676767673,1,-3.5010266940450947,0,0.0,2015,2013-16
2015-03-07,659.7100036621093,341.0504515617398,27.99106404772754,2015,1,676.8522727272727,21.749715909090913,1,-3.5010266940450947,0,0.0,2015,2013-16
2015-03-08,658.1509887695313,341.0551529409317,27.991530631429605,2015,1,594.2181818181818,21.50275410353535,1,-3.5010266940450947,0,0.0,2015,2013-16
2015-03-09,747.0400085449219,341.34908782472246,28.00972739581016,2015,1,781.2950757575758,21.501073232323233,1,-3.5010266940450947,0,0.0,2015,2013-16
2015-03-10,745.1679870605469,341.4896507589073,28.023724906872125,2015,1,794.1291666666666,21.78501420454545,1,-3.5010266940450947,0,0.0,2015,2013-16
2015-03-11,835.414013671875,341.7175040011489,28.042388254954744,2015,1,304.3693181818182,22.372837752525246,1,-3.5010266940450947,1,341.7175040011489,2015,2013-16
2015-03-12,791.2659973144531,341.88205227286403,28.058718684527037,2015,1,502.9935606060606,22.327406881313134,1,-3.5010266940450947,1,341.88205227286403,2015,2013-16
2015-03-13,704.8110107421875,341.98548261508495,28.068983525972477,2015,1,788.4560606060606,21.035503472222224,1,-3.5010266940450947,0,0.0,2015,2013-16
2015-03-14,640.1309936523437,341.98548261508495,28.068983525972477,2015,1,774.6583333333333,21.69281881313131,1,-3.5010266940450947,0,0.0,2015,2013-16
2015-03-15,660.2850036621094,341.99488537346866,28.06991669337661,2015,1,679.4253787878788,22.4124053030303,1,-3.5010266940450947,0,0.0,2015,2013-16
2015-03-16,769.5939880371094,342.15248140049465,28.082981037034443,2015,1,758.514393939394,22.978109217171717,1,-3.5010266940450947,0,0.0,2015,2013-16
2015-03-17,792.2619995117187,342.3572778664361,28.103510719925325,2015,1,734.9128787878788,23.595273042929293,1,-3.5010266940450947,0,0.0,2015,2013-16
2015-03-18,789.9439880371094,342.5877161924815,28.125440153922405,2015,1,817.8363636363636,24.2365293560606,1,-3.5010266940450947,0,0.0,2015,2013-16
2015-03-19,837.0950012207031,342.7183227006034,28.13850449758024,2015,1,425.9117424242424,23.251570391414145,1,-3.5010266940450947,1,342.7183227006034,2015,2013-16
2015-03-20,807.702001953125,342.9580930393883,28.162300266385582,2015,1,688.4367424242424,23.540482954545453,1,-3.5010266940450947,0,0.0,2015,2013-16
2015-03-21,730.9610107421875,342.97689855615573,28.164166601193845,2015,1,761.048106060606,23.937476325757576,1,-3.5010266940450947,0,0.0,2015,2013-16
2015-03-22,718.8439819335938,342.9815999353476,28.16463318489591,2015,1,756.3587121212121,24.454056186868687,1,-3.5010266940450947,0,0.0,2015,2013-16
2015-03-23,843.3610107421875,343.26310170003796,28.19122845591364,2015,1,797.3435606060606,24.674242424242426,1,-3.5010266940450947,0,0.0,2015,2013-16
2015-03-24,838.9779968261719,343.3900389382182,28.20382621586941,2015,1,786.2102272727273,24.45952493686869,1,-3.5010266940450947,0,0.0,2015,2013-16
2015-03-25,838.8499938964844,343.53578169316586,28.21829031063344,2015,1,619.6818181818182,23.561458333333334,1,-3.5010266940450947,0,0.0,2015,2013-16
2015-03-26,766.4330078125,343.72853824003215,28.237420242418125,2015,1,765.548106060606,23.253835227272727,1,-3.5010266940450947,0,0.0,2015,2013-16
2015-03-27,772.7000061035156,344.3173218952669,28.26168259492553,2015,1,919.1094696969697,24.062697285353533,1,-3.5010266940450947,0,0.0,2015,2013-16
2015-03-28,780.62099609375,344.3267246536506,28.262615762329663,2015,1,593.8064393939394,24.293718434343432,1,-3.5010266940450947,0,0.0,2015,2013-16
2015-03-29,740.839013671875,344.3314260328425,28.263082346031727,2015,1,638.107196969697,24.52542613636363,1,-3.5010266940450947,0,0.0,2015,2013-16
2015-03-30,829.9340026855468,344.4630646502146,28.27614668968956,2015,1,839.6257575757576,24.511355744949498,1,-3.5010266940450947,0,0.0,2015,2013-16
2015-03-31,880.5219970703125,344.73654080206364,28.299009291090773,2015,1,690.3469696969697,24.871709280303026,1,-3.5010266940450947,0,0.0,2015,2013-16
2015-04-01,847.4049987792969,344.9901213568957,28.321405308789917,2015,2,788.5791666666667,24.779064078282833,2,-3.5010266940450947,0,0.0,2015,2013-16
2015-04-02,858.4099975585938,345.2718466573419,28.340068656872536,2015,2,744.225,25.020375631313133,2,-3.5010266940450947,0,0.0,2015,2013-16
2015-04-03,825.306005859375,345.3940825163303,28.35219983312624,2015,2,880.8049242424242,25.032378472222224,2,-3.5010266940450947,0,0.0,2015,2013-16
2015-04-04,769.4929992675782,345.4081866539059,28.353599584232434,2015,2,774.2147727272727,24.8918639520202,2,-3.5010266940450947,0,0.0,2015,2013-16
2015-04-05,704.0200012207031,345.4175894122896,28.354532751636565,2015,2,824.3772727272728,24.782465277777778,2,-3.5010266940450947,0,0.0,2015,2013-16
2015-04-06,774.441015625,345.5751028830659,28.368063678996464,2015,2,894.1912878787878,24.17264046717172,2,-3.5010266940450947,0,0.0,2015,2013-16
2015-04-07,837.9200012207032,346.4831359392419,28.392792615205934,2015,2,575.5170454545454,24.082457386363632,2,-3.5010266940450947,1,346.4831359392419,2015,2013-16
2015-04-08,793.6340148925781,346.7135035196431,28.415655216607146,2015,2,822.201893939394,24.262563131313133,2,-3.5010266940450947,0,0.0,2015,2013-16
2015-04-09,784.7490051269531,346.85424664013703,28.42965272766911,2015,2,889.7541666666666,24.076878156565655,2,-3.5010266940450947,0,0.0,2015,2013-16
2015-04-10,773.243994140625,347.0975017687335,28.450182410559993,2015,2,929.6405303030303,24.14505997474748,2,-3.5010266940450947,0,0.0,2015,2013-16
2015-04-11,738.3809936523437,347.0975017687335,28.450182410559993,2015,2,779.5681818181818,24.4213226010101,2,-3.5010266940450947,0,0.0,2015,2013-16
2015-04-12,696.3179992675781,347.0975017687335,28.450182410559993,2015,2,922.4454545454546,24.17553661616162,2,-3.5010266940450947,0,0.0,2015,2013-16
2015-04-13,824.977001953125,347.29495969479166,28.469778926046743,2015,2,780.584090909091,24.243292297979796,2,-3.5010266940450947,0,0.0,2015,2013-16
2015-04-14,856.4020080566406,347.5529477072872,28.489375441533493,2015,2,611.7306818181818,24.72009943181818,2,-3.5010266940450947,0,0.0,2015,2013-16
2015-04-15,839.4910034179687,347.86261432136,28.520169965869815,2015,2,758.7416666666666,24.599636994949503,2,-3.5010266940450947,0,0.0,2015,2013-16
2015-04-16,829.1820007324219,348.0884715032997,28.54256598356896,2015,2,849.4791666666666,24.51872632575758,2,-3.5010266940450947,0,0.0,2015,2013-16
2015-04-17,824.6789978027343,348.3047349461253,28.564028833863972,2015,2,863.6045454545454,24.984824810606057,2,-3.5010266940450947,0,0.0,2015,2013-16
2015-04-18,757.3349914550781,348.3047349461253,28.564028833863972,2015,2,847.2753787878788,24.94049084595959,2,-3.5010266940450947,0,0.0,2015,2013-16
2015-04-19,720.9570068359375,348.3423459796602,28.567761503480497,2015,2,787.8007575757576,24.60820707070707,2,-3.5010266940450947,0,0.0,2015,2013-16
2015-04-20,832.6169921875,348.483387355416,28.581759014542463,2015,2,590.1613636363636,24.370778093434343,2,-3.5010266940450947,0,0.0,2015,2013-16
2015-04-21,830.9760009765625,348.6573383855149,28.599022611518887,2015,2,803.6109848484848,24.74648832070707,2,-3.5010266940450947,0,0.0,2015,2013-16
2015-04-22,863.5760009765625,348.80308114046255,28.613486706282917,2015,2,823.5125,25.251775568181824,2,-3.5010266940450947,0,0.0,2015,2013-16
2015-04-23,895.4549987792968,349.0186944354986,28.634482972875865,2015,2,758.0863636363636,25.403701073232323,2,-3.5010266940450947,0,0.0,2015,2013-16
2015-04-24,892.185986328125,349.1785413280219,28.650346818746094,2015,2,783.6943181818182,25.43151830808081,2,-3.5010266940450947,0,0.0,2015,2013-16
2015-04-25,802.0619873046875,349.1926454655975,28.65174656985229,2015,2,811.1772727272728,25.62725694444444,2,-3.5010266940450947,0,0.0,2015,2013-16
2015-04-26,816.1710021972656,349.2020482239812,28.65267973725642,2015,2,532.603409090909,25.054111426767673,2,-3.5010266940450947,1,349.2020482239812,2015,2013-16
2015-04-27,822.7860107421875,349.3279533529112,28.665277497212188,2015,2,792.8651515151515,24.462965593434344,2,-3.5010266940450947,0,0.0,2015,2013-16
2015-04-28,860.0900024414062,349.49250162462636,28.68160792678448,2015,2,731.8746212121212,24.98447758838384,2,-3.5010266940450947,0,0.0,2015,2013-16
2015-04-29,849.6079772949219,349.6335430003822,28.695605437846446,2015,2,800.6530303030304,24.959193497474747,2,-3.5010266940450947,0,0.0,2015,2013-16
2015-04-30,822.7849914550782,349.80279265128917,28.712402451120806,2015,2,938.5700757575758,24.798082386363642,2,-3.5010266940450947,0,0.0,2015,2013-16
2015-05-01,814.7230163574219,349.9391326478531,28.725933378480704,2015,2,818.3159090909091,24.60575284090909,2,-3.5010266940450947,0,0.0,2015,2013-16
2015-05-02,734.7449768066406,349.9532367854287,28.7273331295869,2015,2,919.0075757575758,24.666153724747474,2,-3.5010266940450947,0,0.0,2015,2013-16
2015-05-03,684.393994140625,349.9532367854287,28.7273331295869,2015,2,878.1825757575758,24.842897727272724,2,-3.5010266940450947,0,0.0,2015,2013-16
2015-05-04,835.7969909667969,350.2212153993648,28.753928400604632,2015,2,679.4117424242424,25.140696022727273,2,-3.5010266940450947,0,0.0,2015,2013-16
2015-05-05,836.2279907226563,350.31054160401015,28.762793490943878,2015,2,787.5787878787879,25.03550347222222,2,-3.5010266940450947,0,0.0,2015,2013-16
2015-05-06,836.3190124511718,350.5362078052195,28.785189508643022,2015,2,755.3060606060606,24.85078125,2,-3.5010266940450947,0,0.0,2015,2013-16
2015-05-07,830.0359985351563,350.6772491809753,28.799187019704988,2015,2,805.9727272727273,24.747940340909093,2,-3.5010266940450947,0,0.0,2015,2013-16
2015-05-08,843.7919982910156,350.84243330508474,28.810851612256627,2015,2,632.4810606060606,24.597624684343426,2,-3.5010266940450947,0,0.0,2015,2013-16
2015-05-09,733.3849914550781,350.85183606346845,28.81178477966076,2015,2,796.9367424242424,24.658980429292928,2,-3.5010266940450947,0,0.0,2015,2013-16
2015-05-10,704.3519958496094,350.85183606346845,28.81178477966076,2015,2,805.4409090909091,24.632386363636357,2,-3.5010266940450947,0,0.0,2015,2013-16
2015-05-11,815.5459899902344,351.32519952080554,28.829981544041313,2015,2,797.6431818181818,24.445975378787878,2,-3.5010266940450947,0,0.0,2015,2013-16
2015-05-12,806.4729858398438,351.54146296363115,28.851444394336326,2015,2,882.923106060606,24.472758838383836,2,-3.5010266940450947,0,0.0,2015,2013-16
2015-05-13,803.0669921875,351.7002777469042,28.867308240206555,2015,2,883.0367424242424,24.669531250000006,2,-3.5010266940450947,0,0.0,2015,2013-16
2015-05-14,838.0980102539063,351.89007747635117,28.883638669778847,2015,2,673.5776515151515,24.68989898989899,2,-3.5010266940450947,0,0.0,2015,2013-16
2015-05-15,796.1199951171875,352.01231333533957,28.89576984603255,2015,2,940.6700757575758,24.675662878787875,2,-3.5010266940450947,0,0.0,2015,2013-16
2015-05-16,728.1909973144532,352.01231333533957,28.89576984603255,2015,2,912.4882575757576,24.988257575757576,2,-3.5010266940450947,0,0.0,2015,2013-16
2015-05-17,726.5249938964844,352.0217160937233,28.89670301343668,2015,2,574.9018939393939,24.67112531565657,2,-3.5010266940450947,1,352.0217160937233,2015,2013-16
2015-05-18,817.4099975585938,352.204707878801,28.914899777817237,2015,2,811.1912878787878,24.88370422979798,2,-3.5010266940450947,0,0.0,2015,2013-16
2015-05-19,815.1029907226563,352.35045063374866,28.929363872581266,2015,2,892.0325757575758,25.009943181818183,2,-3.5010266940450947,0,0.0,2015,2013-16
2015-05-20,866.8789978027344,352.5808182141499,28.952226473982478,2015,2,612.4689393939394,24.773532196969697,2,-3.5010266940450947,0,0.0,2015,2013-16
2015-05-21,836.0409851074219,352.8277766354214,28.965290817640312,2015,2,843.4409090909091,24.79251893939394,2,-3.5010266940450947,0,0.0,2015,2013-16
2015-05-22,868.53701171875,353.0252345614796,28.984887333127062,2015,2,723.5284090909091,24.71037720959596,2,-3.5010266940450947,0,0.0,2015,2013-16
2015-05-23,707.3849914550781,353.02993594067146,28.985353916829126,2015,2,792.4219696969697,23.83702651515151,2,-3.5010266940450947,0,0.0,2015,2013-16
2015-05-24,706.2740112304688,353.0393386990552,28.986287084233258,2015,2,588.2837121212121,23.60752051767677,2,-3.5010266940450947,1,353.0393386990552,2015,2013-16
2015-05-25,711.1650024414063,353.0487414574389,28.98722025163739,2015,2,814.8257575757576,23.871756628787878,2,-3.5010266940450947,0,0.0,2015,2013-16
2015-05-26,847.3879943847656,354.1221290185187,29.005883599720008,2015,2,701.7208333333333,23.82937973484849,2,-3.5010266940450947,0,0.0,2015,2013-16
2015-05-27,844.9959899902344,354.2615480339486,29.01708160856958,2015,2,758.3064393939394,24.160203598484845,2,-3.5010266940450947,0,0.0,2015,2013-16
2015-05-28,870.2230102539063,354.4721171272115,29.03807787516253,2015,2,732.6992424242424,24.53815498737374,2,-3.5010266940450947,0,0.0,2015,2013-16
2015-05-29,851.6760009765625,354.766393962663,29.06094047656374,2015,2,840.0640151515152,24.84864267676768,2,-3.5010266940450947,0,0.0,2015,2013-16
2015-05-30,773.0130126953125,354.7710953418549,29.061407060265804,2015,2,823.2992424242424,24.90534248737374,2,-3.5010266940450947,0,0.0,2015,2013-16
2015-05-31,752.1900085449219,354.7757967210468,29.061873643967868,2015,2,610.853409090909,24.98196811868687,2,-3.5010266940450947,0,0.0,2015,2013-16
2015-06-01,881.9179870605469,354.94974775114565,29.07913724094429,2015,2,755.7712121212122,25.348800505050505,2,-3.5010266940450947,0,0.0,2015,2013-16
2015-06-02,834.8809997558594,355.12718076748934,29.094534503112452,2015,2,905.2727272727273,25.53843907828283,2,-3.5010266940450947,0,0.0,2015,2013-16
2015-06-03,882.4319885253906,355.32957534147585,29.112264683790944,2015,2,697.5636363636364,25.438683712121215,2,-3.5010266940450947,0,0.0,2015,2013-16
2015-06-04,896.3300109863281,355.4753180964235,29.126728778554973,2015,2,706.317803030303,25.7705413510101,2,-3.5010266940450947,0,0.0,2015,2013-16
2015-06-05,894.6760131835938,355.61674143364,29.140259705914872,2015,2,879.214393939394,26.048619002525253,2,-3.5010266940450947,0,0.0,2015,2013-16
2015-06-06,801.2849975585938,355.61674143364,29.140259705914872,2015,2,887.1560606060606,26.097814078282827,2,-3.5010266940450947,0,0.0,2015,2013-16
2015-06-07,724.5280029296875,355.61674143364,29.140259705914872,2015,2,953.082196969697,25.87584438131313,2,-3.5010266940450947,0,0.0,2015,2013-16
2015-06-08,848.8609924316406,355.98243145701997,29.162655723614016,2015,2,896.8689393939394,25.84728535353535,2,-3.5010266940450947,0,0.0,2015,2013-16
2015-06-09,846.9770080566407,356.12260380218964,29.17665323467598,2015,2,847.9806818181818,25.466177398989903,2,-3.5010266940450947,0,0.0,2015,2013-16
2015-06-10,836.75400390625,357.06512534146583,29.19018416203588,2015,2,916.6261363636364,25.592148042929296,2,-3.5010266940450947,0,0.0,2015,2013-16
2015-06-11,806.2500183105469,357.1638543044949,29.199982419779257,2015,2,847.4136363636364,25.495194128787876,2,-3.5010266940450947,0,0.0,2015,2013-16
2015-06-12,851.3010192871094,357.3237011970182,29.215846265649486,2015,2,875.9579545454546,25.710992739898987,2,-3.5010266940450947,0,0.0,2015,2013-16
2015-06-13,766.3820007324218,357.3425067137856,29.217712600457748,2015,2,843.7450757575758,25.91090593434343,2,-3.5010266940450947,0,0.0,2015,2013-16
2015-06-14,747.3559997558593,357.3425067137856,29.217712600457748,2015,2,841.5306818181818,25.93787878787879,2,-3.5010266940450947,0,0.0,2015,2013-16
2015-06-15,904.8900024414063,357.4966201178668,29.23310986262591,2015,2,750.4878787878788,26.326057449494954,2,-3.5010266940450947,0,0.0,2015,2013-16
2015-06-16,845.5900085449218,357.6252904086249,29.245707622581676,2015,2,900.7560606060606,26.108522727272728,2,-3.5010266940450947,0,0.0,2015,2013-16
2015-06-17,866.2560119628906,357.76536099270817,29.259705133643642,2015,2,784.4443181818182,25.93856534090909,2,-3.5010266940450947,0,0.0,2015,2013-16
2015-06-18,865.8099914550781,358.0317682205497,29.281167983938655,2015,2,845.1488636363636,26.10052872474748,2,-3.5010266940450947,0,0.0,2015,2013-16
2015-06-19,871.3580139160156,358.27884729748627,29.2900330742779,2015,2,744.8155303030303,26.143663194444446,2,-3.5010266940450947,0,0.0,2015,2013-16
2015-06-20,785.8450073242187,358.27884729748627,29.2900330742779,2015,2,831.1837121212122,26.07267992424242,2,-3.5010266940450947,0,0.0,2015,2013-16
2015-06-21,755.1420043945312,358.27884729748627,29.2900330742779,2015,2,774.7318181818182,25.92718592171717,2,-3.5010266940450947,0,0.0,2015,2013-16
2015-06-22,890.5349853515625,358.47199013954673,29.307296671254324,2015,2,830.1234848484848,26.050426136363637,2,-3.5010266940450947,0,0.0,2015,2013-16
2015-06-23,882.9799926757812,358.7999954091526,29.330159272655536,2015,2,847.4378787878788,26.24356060606061,2,-3.5010266940450947,0,0.0,2015,2013-16
2015-06-24,918.13798828125,358.9780097228602,29.347889453334027,2015,2,602.7462121212121,26.10283301767677,2,-3.5010266940450947,0,0.0,2015,2013-16
2015-06-25,882.4109924316406,359.1049469610404,29.360487213289794,2015,2,851.7102272727273,26.180823863636363,2,-3.5010266940450947,0,0.0,2015,2013-16
2015-06-26,888.3499877929687,359.24036862348595,29.371685222139366,2015,2,811.8306818181818,26.446740845959596,2,-3.5010266940450947,0,0.0,2015,2013-16
2015-06-27,828.643994140625,359.24507000267783,29.37215180584143,2015,2,847.607196969697,26.501854482323235,2,-3.5010266940450947,0,0.0,2015,2013-16
2015-06-28,822.7830139160156,359.25447276106155,29.37308497324556,2015,2,695.1045454545454,26.705997474747473,2,-3.5010266940450947,0,0.0,2015,2013-16
2015-06-29,934.2219970703125,359.4143196535848,29.38894881911579,2015,2,801.3640151515152,26.96411773989899,2,-3.5010266940450947,0,0.0,2015,2013-16
2015-06-30,924.4629943847656,359.6650637898957,29.406212416092213,2015,2,916.6685606060606,27.117116477272727,2,-3.5010266940450947,0,0.0,2015,2013-16
2015-07-01,903.6070129394532,359.90483412868065,29.430008184897556,2015,3,914.9234848484848,27.544191919191917,3,-3.5010266940450947,0,0.0,2015,2013-16
2015-07-02,922.9989868164063,360.21970869287145,29.450537867788437,2015,3,903.1530303030304,27.76200284090909,3,-3.5010266940450947,0,0.0,2015,2013-16
2015-07-03,879.1239990234375,360.2620211055982,29.454737121107026,2015,3,865.8,27.830642361111106,3,-3.5010266940450947,0,0.0,2015,2013-16
2015-07-04,799.3630004882813,360.2620211055982,29.454737121107026,2015,3,899.2242424242424,27.49613320707071,3,-3.5010266940450947,0,0.0,2015,2013-16
2015-07-05,776.802001953125,360.2667224847901,29.45520370480909,2015,3,909.3647727272728,27.036403093434345,3,-3.5010266940450947,0,0.0,2015,2013-16
2015-07-06,927.0689880371094,360.477620927564,29.474333636593776,2015,3,751.4810606060606,26.703953598484848,3,-3.5010266940450947,0,0.0,2015,2013-16
2015-07-07,904.0599975585938,360.6816273554515,29.492996984676395,2015,3,813.3371212121212,26.68457228535354,3,-3.5010266940450947,0,0.0,2015,2013-16
2015-07-08,925.302001953125,361.01315517797707,29.518659088289997,2015,3,849.1352272727272,26.966319444444448,3,-3.5010266940450947,0,0.0,2015,2013-16
2015-07-09,923.8080139160156,362.76088168764636,29.547120694115993,2015,3,824.0170454545454,26.708680555555556,3,-3.5010266940450947,0,0.0,2015,2013-16
2015-07-10,952.7209777832031,363.13586930103787,29.568470841117772,2015,3,605.4549242424242,27.1449889520202,3,-3.5010266940450947,0,0.0,2015,2013-16
2015-07-11,904.8769958496093,363.1499734386135,29.569870592223968,2015,3,636.9564393939394,27.24616477272727,3,-3.5010266940450947,0,0.0,2015,2013-16
2015-07-12,913.8870056152343,363.1593761969972,29.5708037596281,2015,3,730.6579545454546,27.66431502525253,3,-3.5010266940450947,0,0.0,2015,2013-16
2015-07-13,958.4190185546875,363.37192369990527,29.584334686987997,2015,3,770.9787878787879,27.52464488636363,3,-3.5010266940450947,0,0.0,2015,2013-16
2015-07-14,940.4660034179688,363.5270692132367,29.59973194915616,2015,3,763.0007575757576,27.123682133838386,3,-3.5010266940450947,0,0.0,2015,2013-16
2015-07-15,931.3079895019531,363.68221472656813,29.61512921132432,2015,3,902.5950757575758,27.247088068181814,3,-3.5010266940450947,0,0.0,2015,2013-16
2015-07-16,997.6809875488282,363.860107546671,29.632392808300743,2015,3,646.7174242424242,27.59122474747475,3,-3.5010266940450947,0,0.0,2015,2013-16
2015-07-17,1005.7590087890625,364.1271781178106,29.64592373566064,2015,3,755.8814393939394,27.6721985479798,3,-3.5010266940450947,0,0.0,2015,2013-16
2015-07-18,837.6039916992188,364.17419190972925,29.650589572681298,2015,3,876.1280303030304,27.01323390151515,3,-3.5010266940450947,0,0.0,2015,2013-16
2015-07-19,759.2390075683594,364.17889328892113,29.651056156383362,2015,3,918.846212121212,26.787571022727274,3,-3.5010266940450947,0,0.0,2015,2013-16
2015-07-20,920.5259948730469,364.3622470774037,29.669252920763917,2015,3,808.8378787878788,26.79560448232323,3,-3.5010266940450947,0,0.0,2015,2013-16
2015-07-21,934.735986328125,364.51165910229304,29.684183599230014,2015,3,839.8950757575758,27.52628630050505,3,-3.5010266940450947,0,0.0,2015,2013-16
2015-07-22,953.6260009765625,364.63859634047327,29.69678135918578,2015,3,777.0670454545455,27.51512784090909,3,-3.5010266940450947,0,0.0,2015,2013-16
2015-07-23,925.1989685058594,364.8407556457233,29.7168444583746,2015,3,857.5375,27.31490688131313,3,-3.5010266940450947,0,0.0,2015,2013-16
2015-07-24,931.4200134277344,365.76868164456494,29.729908802032433,2015,3,774.9795454545455,27.067124368686873,3,-3.5010266940450947,0,0.0,2015,2013-16
2015-07-25,844.7050048828125,365.7733830237568,29.730375385734497,2015,3,903.8878787878788,27.09375,3,-3.5010266940450947,0,0.0,2015,2013-16
2015-07-26,831.2389953613281,365.7874871613324,29.731775136840692,2015,3,859.8825757575758,27.774329229797985,3,-3.5010266940450947,0,0.0,2015,2013-16
2015-07-27,975.3310119628907,366.0278858665078,29.75043848492331,2015,3,819.6681818181818,27.961300505050506,3,-3.5010266940450947,0,0.0,2015,2013-16
2015-07-28,989.3820007324218,366.2344526294213,29.768168665601802,2015,3,812.1068181818182,28.316990214646466,3,-3.5010266940450947,0,0.0,2015,2013-16
2015-07-29,970.9899963378906,366.4272091762876,29.78729859738649,2015,3,914.7526515151515,28.227667297979803,3,-3.5010266940450947,0,0.0,2015,2013-16
2015-07-30,987.6340026855469,366.56354917285154,29.800829524746387,2015,3,822.55,27.811292613636365,3,-3.5010266940450947,0,0.0,2015,2013-16
2015-07-31,968.3549987792969,366.70294449503103,29.81389386840422,2015,3,877.7628787878788,27.809390782828284,3,-3.5010266940450947,0,0.0,2015,2013-16
2015-08-01,847.677001953125,366.7076458742229,29.814360452106285,2015,3,869.5503787878788,27.508120265151515,3,-3.5010266940450947,0,0.0,2015,2013-16
2015-08-02,789.5509948730469,366.7217500117985,29.81576020321248,2015,3,921.1257575757576,27.329371843434345,3,-3.5010266940450947,0,0.0,2015,2013-16
2015-08-03,937.2460021972656,366.8909996627055,29.83255721648684,2015,3,876.7136363636364,27.441493055555554,3,-3.5010266940450947,0,0.0,2015,2013-16
2015-08-04,957.1119873046875,367.10610448715005,29.84842106235707,2015,3,869.9227272727272,27.70251736111111,3,-3.5010266940450947,0,0.0,2015,2013-16
2015-08-05,1007.9359985351563,367.3264814661107,29.86615124303556,2015,3,746.6568181818182,27.821938131313132,3,-3.5010266940450947,0,0.0,2015,2013-16
2015-08-06,991.4280212402343,367.5844931805397,29.88061533779959,2015,3,722.4310606060606,27.585708648989904,3,-3.5010266940450947,0,0.0,2015,2013-16
2015-08-07,1007.8280029296875,367.72083317710366,29.89414626515949,2015,3,821.2219696969698,28.153669507575756,3,-3.5010266940450947,0,0.0,2015,2013-16
2015-08-08,868.8830017089844,367.72083317710366,29.89414626515949,2015,3,764.5708333333333,27.935250946969692,3,-3.5010266940450947,0,0.0,2015,2013-16
2015-08-09,843.4169860839844,367.7631455898304,29.898345518478077,2015,3,663.3405303030303,27.465396148989896,3,-3.5010266940450947,0,0.0,2015,2013-16
2015-08-10,941.3520141601563,367.9417979991211,29.91607569915657,2015,3,855.3462121212121,27.432552083333334,3,-3.5010266940450947,0,0.0,2015,2013-16
2015-08-11,986.2880004882812,368.0593324789176,29.927740291708208,2015,3,675.9303030303031,27.672458964646463,3,-3.5010266940450947,0,0.0,2015,2013-16
2015-08-12,977.6879943847656,368.27209623106586,29.9454704723867,2015,3,870.8609848484848,28.15717329545455,3,-3.5010266940450947,0,0.0,2015,2013-16
2015-08-13,1003.1789855957031,368.4685220478738,29.96506698787345,2015,3,762.4071969696969,27.92630208333333,3,-3.5010266940450947,0,0.0,2015,2013-16
2015-08-14,988.7589782714844,368.62366756120525,29.98046425004161,2015,3,777.5450757575757,27.86064551767677,3,-3.5010266940450947,0,0.0,2015,2013-16
2015-08-15,898.04599609375,368.63307031958897,29.98139741744574,2015,3,706.6780303030303,27.71372316919192,3,-3.5010266940450947,0,0.0,2015,2013-16
2015-08-16,892.7789978027344,368.63777169878085,29.981864001147805,2015,3,771.2492424242424,27.61201862373738,3,-3.5010266940450947,0,0.0,2015,2013-16
2015-08-17,1053.5759826660155,368.79408666482703,29.997261263315966,2015,3,758.9916666666666,27.818402777777777,3,-3.5010266940450947,0,0.0,2015,2013-16
2015-08-18,1031.0200134277343,368.9812213315163,30.015924611398585,2015,3,767.1776515151515,27.94706439393939,3,-3.5010266940450947,0,0.0,2015,2013-16
2015-08-19,998.0050048828125,369.1484067639228,30.032721624672945,2015,3,917.5844696969696,28.211734532828277,3,-3.5010266940450947,0,0.0,2015,2013-16
2015-08-20,1031.3409912109375,369.5662787658719,30.06678223492373,2015,3,756.4238636363636,28.416998106060603,3,-3.5010266940450947,0,0.0,2015,2013-16
2015-08-21,995.49599609375,369.6603063497091,30.076113908965038,2015,3,798.8284090909091,28.370920138888888,3,-3.5010266940450947,0,0.0,2015,2013-16
2015-08-22,1011.2699951171875,369.66970910809283,30.07704707636917,2015,3,623.232196969697,28.69826388888889,3,-3.5010266940450947,0,0.0,2015,2013-16
2015-08-23,970.2089904785156,369.69321600405215,30.079379994879496,2015,3,596.2227272727273,28.528416982323233,3,-3.5010266940450947,0,0.0,2015,2013-16
2015-08-24,1024.9190002441405,369.7815100994473,30.08824508521874,2015,3,464.3412878787879,27.36771622474748,3,-3.5010266940450947,1,369.7815100994473,2015,2013-16
2015-08-25,1036.0629943847657,369.94605837116245,30.104575514791033,2015,3,659.1030303030303,27.72834595959596,3,-3.5010266940450947,0,0.0,2015,2013-16
2015-08-26,1039.9710205078125,370.26543062236203,30.121372528065393,2015,3,769.0746212121212,27.85388257575758,3,-3.5010266940450947,0,0.0,2015,2013-16
2015-08-27,1033.5880187988282,370.3631274761409,30.13117078580877,2015,3,774.3026515151516,28.410771780303033,3,-3.5010266940450947,0,0.0,2015,2013-16
2015-08-28,1030.6310241699218,370.54544915537326,30.149367550189325,2015,3,845.0602272727272,28.657354797979803,3,-3.5010266940450947,0,0.0,2015,2013-16
2015-08-29,924.4120056152344,370.554851913757,30.150300717593456,2015,3,791.1238636363636,28.4814788510101,3,-3.5010266940450947,0,0.0,2015,2013-16
2015-08-30,887.8890014648438,370.5642546721407,30.151233884997588,2015,3,787.2314393939394,28.300497159090913,3,-3.5010266940450947,0,0.0,2015,2013-16
2015-08-31,1048.3640014648438,370.74760846062327,30.169430649378143,2015,3,826.3662878787878,28.48349905303031,3,-3.5010266940450947,0,0.0,2015,2013-16
2015-09-01,1034.2110107421875,370.9381699461248,30.186227662652502,2015,3,883.1602272727272,28.50623421717172,3,-3.5010266940450947,0,0.0,2015,2013-16
2015-09-02,1030.8969970703124,371.1365592075018,30.201624924820663,2015,3,795.5208333333333,28.56584595959596,3,-3.5010266940450947,0,0.0,2015,2013-16
2015-09-03,1052.788018798828,371.6918876946475,30.219355105499154,2015,3,268.47916666666663,28.326246843434344,3,-3.5010266940450947,1,371.6918876946475,2015,2013-16
2015-09-04,993.4470031738281,371.8167092439283,30.230086530646663,2015,3,675.8814393939394,28.196283143939393,3,-3.5010266940450947,0,0.0,2015,2013-16
2015-09-05,882.577001953125,371.8167092439283,30.230086530646663,2015,3,875.5352272727272,28.117889835858588,3,-3.5010266940450947,0,0.0,2015,2013-16
2015-09-06,854.5990112304687,371.83551476069573,30.231952865454925,2015,3,848.5488636363636,28.23006628787879,3,-3.5010266940450947,0,0.0,2015,2013-16
2015-09-07,955.6390014648438,371.87312579423065,30.23568553507145,2015,3,695.7132575757576,28.46388099747475,3,-3.5010266940450947,0,0.0,2015,2013-16
2015-09-08,1015.335986328125,372.0498020249532,30.248749878729285,2015,3,888.3193181818182,28.45149147727273,3,-3.5010266940450947,0,0.0,2015,2013-16
2015-09-09,1033.6449951171876,372.2519613302032,30.268812977918103,2015,3,822.1068181818182,28.63777619949495,3,-3.5010266940450947,0,0.0,2015,2013-16
2015-09-10,1039.8410095214845,372.414771540746,30.28467682378833,2015,3,822.7984848484848,28.693923611111114,3,-3.5010266940450947,0,0.0,2015,2013-16
2015-09-11,1057.9600219726562,372.5276046413507,30.295874832637903,2015,3,338.4128787878788,28.349068813131307,3,-3.5010266940450947,1,372.5276046413507,2015,2013-16
2015-09-12,944.9659912109375,372.5276046413507,30.295874832637903,2015,3,536.5530303030303,28.413762626262624,3,-3.5010266940450947,1,372.5276046413507,2015,2013-16
2015-09-13,928.6350036621094,372.5323060205426,30.296341416339967,2015,3,478.242803030303,28.318718434343435,3,-3.5010266940450947,1,372.5323060205426,2015,2013-16
2015-09-14,954.17900390625,373.7129373102313,30.31687109923085,2015,3,747.6954545454545,27.45195707070707,3,-3.5010266940450947,0,0.0,2015,2013-16
2015-09-15,996.2670227050781,373.85498530119,30.329468859186616,2015,3,692.5348484848485,27.53716066919192,3,-3.5010266940450947,0,0.0,2015,2013-16
2015-09-16,973.6400085449219,374.0430404688645,30.348132207269234,2015,3,830.5719696969697,27.641887626262626,3,-3.5010266940450947,0,0.0,2015,2013-16
2015-09-17,942.7400146484375,374.21824768832715,30.365395804245658,2015,3,841.8253787878788,27.539551767676766,3,-3.5010266940450947,0,0.0,2015,2013-16
2015-09-18,943.7949829101562,375.1643300259356,30.386392070838607,2015,3,787.1973484848484,27.75408775252525,3,-3.5010266940450947,0,0.0,2015,2013-16
2015-09-19,879.427001953125,375.1690314051275,30.38685865454067,2015,3,739.864393939394,27.834627525252525,3,-3.5010266940450947,0,0.0,2015,2013-16
2015-09-20,870.7940124511719,375.1784341635112,30.387791821944802,2015,3,755.635606060606,27.92508680555555,3,-3.5010266940450947,0,0.0,2015,2013-16
2015-09-21,1009.5090087890625,375.2996379132494,30.399922998198505,2015,3,631.8996212121212,28.046985479797986,3,-3.5010266940450947,0,0.0,2015,2013-16
2015-09-22,988.0940063476562,375.48769308092386,30.418586346281124,2015,3,752.0045454545455,27.7449494949495,3,-3.5010266940450947,0,0.0,2015,2013-16
2015-09-23,994.3429992675781,375.6261273649213,30.432117273641023,2015,3,627.6920454545455,27.685400883838383,3,-3.5010266940450947,0,0.0,2015,2013-16
2015-09-24,968.7450012207031,375.87027254563685,30.453580123936035,2015,3,711.8973484848485,27.490419823232326,3,-3.5010266940450947,0,0.0,2015,2013-16
2015-09-25,965.260009765625,376.0912373676543,30.475509557933115,2015,3,642.9814393939394,27.615601325757577,3,-3.5010266940450947,0,0.0,2015,2013-16
2015-09-26,873.6730041503906,376.0912373676543,30.475509557933115,2015,3,519.548106060606,27.331384154040407,3,-3.5010266940450947,1,376.0912373676543,2015,2013-16
2015-09-27,831.1260131835937,376.100640126038,30.476442725337247,2015,3,476.0268939393939,26.91723484848485,3,-3.5010266940450947,1,376.100640126038,2015,2013-16
2015-09-28,901.6890014648437,376.26500608448976,30.48857390159095,2015,3,723.5037878787879,26.68894412878788,3,-3.5010266940450947,0,0.0,2015,2013-16
2015-09-29,918.1779968261719,376.37316570796884,30.499305326738458,2015,3,644.9310606060606,26.676515151515158,3,-3.5010266940450947,0,0.0,2015,2013-16
2015-09-30,900.7300170898437,376.557290105598,30.51703550741695,2015,3,753.1094696969697,26.686466224747473,3,-3.5010266940450947,0,0.0,2015,2013-16
2015-10-01,891.1459899902344,376.99354674433175,30.53896494141403,2015,4,645.7030303030303,26.26474116161616,4,-3.5010266940450947,0,0.0,2015,2013-16
2015-10-02,830.1950012207031,377.19100467038993,30.55856145690078,2015,4,794.4306818181818,25.93292297979798,4,-3.5010266940450947,0,0.0,2015,2013-16
2015-10-03,779.7219970703125,377.19100467038993,30.55856145690078,2015,4,619.8393939393939,26.077178030303035,4,-3.5010266940450947,0,0.0,2015,2013-16
2015-10-04,831.3669921875,377.19100467038993,30.55856145690078,2015,4,416.5488636363636,26.379987373737368,4,-3.5010266940450947,1,377.19100467038993,2015,2013-16
2015-10-05,971.7819946289062,377.5382860792414,30.57909113979166,2015,4,364.26401515151514,25.988304924242424,4,-3.5010266940450947,1,377.5382860792414,2015,2013-16
2015-10-06,845.5250122070313,377.7692660980997,30.60008740638461,2015,4,787.1598484848485,25.666232638888886,4,-3.5010266940450947,0,0.0,2015,2013-16
2015-10-07,862.1169982910156,377.98901888132474,30.619217338169296,2015,4,736.6534090909091,25.833909406565656,4,-3.5010266940450947,0,0.0,2015,2013-16
2015-10-08,891.1760009765625,378.18603140139027,30.63648093514572,2015,4,685.9757575757576,25.814094065656565,4,-3.5010266940450947,0,0.0,2015,2013-16
2015-10-09,930.6130065917969,378.3223713979542,30.650011862505618,2015,4,749.9049242424242,27.029947916666668,4,-3.5010266940450947,0,0.0,2015,2013-16
2015-10-10,855.1419860839844,378.3364755355298,30.651411613611813,2015,4,786.8170454545455,27.136600378787875,4,-3.5010266940450947,0,0.0,2015,2013-16
2015-10-11,880.0979919433594,378.3411769147217,30.651878197313877,2015,4,690.9723484848485,27.1595643939394,4,-3.5010266940450947,0,0.0,2015,2013-16
2015-10-12,1001.2360046386718,378.5337645832339,30.664942540971712,2015,4,396.84280303030306,26.906897095959593,4,-3.5010266940450947,1,378.5337645832339,2015,2013-16
2015-10-13,971.1549987792969,378.7703055845371,30.68593880756466,2015,4,453.085606060606,26.307062815656565,4,-3.5010266940450947,1,378.7703055845371,2015,2013-16
2015-10-14,946.9359985351563,378.91875230865276,30.697136816414233,2015,4,508.8992424242424,26.32352430555555,4,-3.5010266940450947,1,378.91875230865276,2015,2013-16
2015-10-15,952.3570068359375,379.0736607212213,30.712534078582394,2015,4,548.6238636363636,26.35053661616162,4,-3.5010266940450947,1,379.0736607212213,2015,2013-16
2015-10-16,953.6759887695313,379.35544103295297,30.734930096281538,2015,4,657.7018939393939,26.688762626262626,4,-3.5010266940450947,0,0.0,2015,2013-16
2015-10-17,926.0229919433593,379.3742465497204,30.7367964310898,2015,4,538.3594696969697,27.392716224747463,4,-3.5010266940450947,1,379.3742465497204,2015,2013-16
2015-10-18,873.1430053710938,379.40245482487154,30.739595933302194,2015,4,726.7609848484849,27.443607954545453,4,-3.5010266940450947,0,0.0,2015,2013-16
2015-10-19,953.9480102539062,379.61709818354086,30.754993195470355,2015,4,686.9780303030303,27.021709280303025,4,-3.5010266940450947,0,0.0,2015,2013-16
2015-10-20,969.2769775390625,380.0206554700178,30.76899070653232,2015,4,595.4068181818182,26.9174163510101,4,-3.5010266940450947,0,0.0,2015,2013-16
2015-10-21,943.3539916992188,380.19460650011666,30.786254303508745,2015,4,731.2871212121212,26.950307765151507,4,-3.5010266940450947,0,0.0,2015,2013-16
2015-10-22,946.0860046386719,380.3951725823459,30.802118149378973,2015,4,745.196212121212,27.002446338383834,4,-3.5010266940450947,0,0.0,2015,2013-16
2015-10-23,892.5639892578125,380.59263050840406,30.821714664865723,2015,4,786.3439393939394,26.2340514520202,4,-3.5010266940450947,0,0.0,2015,2013-16
2015-10-24,865.4570068359375,380.6114360251715,30.823580999673986,2015,4,757.3246212121212,26.23095801767677,4,-3.5010266940450947,0,0.0,2015,2013-16
2015-10-25,802.497998046875,380.61613740436337,30.82404758337605,2015,4,781.6147727272728,26.420549242424244,4,-3.5010266940450947,0,0.0,2015,2013-16
2015-10-26,938.7860168457031,380.75201606700136,30.83757851073595,2015,4,765.6318181818182,26.49638573232323,4,-3.5010266940450947,0,0.0,2015,2013-16
2015-10-27,909.1090209960937,380.9163755248529,30.85390894030824,2015,4,701.2617424242424,26.281723484848488,4,-3.5010266940450947,0,0.0,2015,2013-16
2015-10-28,908.4380065917969,381.13734034687036,30.87583837430532,2015,4,742.2689393939394,26.606068497474748,4,-3.5010266940450947,0,0.0,2015,2013-16
2015-10-29,935.9680053710938,381.29170302883847,30.888902717963155,2015,4,747.4109848484848,26.88464330808081,4,-3.5010266940450947,0,0.0,2015,2013-16
2015-10-30,983.7979919433594,382.9393401134128,30.905233147535448,2015,4,739.1458333333334,27.315719696969698,4,-3.5010266940450947,0,0.0,2015,2013-16
2015-10-31,951.5770141601563,382.9393401134128,30.905233147535448,2015,4,423.4371212121212,27.567100694444445,4,-3.5010266940450947,1,382.9393401134128,2015,2013-16
2015-11-01,882.1590026855469,382.9440414926047,30.90569973123751,2015,4,640.65,27.434832702020202,4,-3.5010266940450947,0,0.0,2015,2013-16
2015-11-02,1006.4099914550782,383.1603049354303,30.927162581532524,2015,4,673.2337121212121,27.494649621212123,4,-3.5010266940450947,0,0.0,2015,2013-16
2015-11-03,963.1110046386718,383.30990794104997,30.94209325999862,2015,4,623.1670454545455,27.112563131313134,4,-3.5010266940450947,0,0.0,2015,2013-16
2015-11-04,923.3320129394531,383.6506828356108,30.97335436803701,2015,4,740.1727272727273,26.929561237373743,4,-3.5010266940450947,0,0.0,2015,2013-16
2015-11-05,958.3990112304688,383.98846561837036,30.996216969438223,2015,4,548.9306818181818,26.774676452020202,4,-3.5010266940450947,1,383.98846561837036,2015,2013-16
2015-11-06,921.6599975585938,384.2965315147354,31.02561174266835,2015,4,699.317803030303,26.914528093434345,4,-3.5010266940450947,0,0.0,2015,2013-16
2015-11-07,850.1219970703125,384.3012328939273,31.026078326370413,2015,4,447.0045454545455,26.571464646464644,4,-3.5010266940450947,1,384.3012328939273,2015,2013-16
2015-11-08,816.4850158691406,384.3153370315029,31.02747807747661,2015,4,587.1291666666667,26.35825441919192,4,-3.5010266940450947,1,384.3153370315029,2015,2013-16
2015-11-09,937.6009887695312,384.5410032327122,31.049874095175753,2015,4,624.5897727272727,26.415482954545457,4,-3.5010266940450947,0,0.0,2015,2013-16
2015-11-10,934.2139892578125,384.77137081311344,31.072736696576964,2015,4,532.019696969697,26.517116477272733,4,-3.5010266940450947,1,384.77137081311344,2015,2013-16
2015-11-11,871.6170043945312,384.87950253452624,31.083468121724472,2015,4,599.5,26.464433396464642,4,-3.5010266940450947,0,0.0,2015,2013-16
2015-11-12,918.2880065917968,385.0487521854332,31.100265134998832,2015,4,544.053787878788,26.01721117424242,4,-3.5010266940450947,1,385.0487521854332,2015,2013-16
2015-11-13,905.7450073242187,385.2371212592734,31.11892848308145,2015,4,549.2882575757576,25.873035037878783,4,-3.5010266940450947,1,385.2371212592734,2015,2013-16
2015-11-14,800.0640075683593,385.2371212592734,31.11892848308145,2015,4,677.3045454545455,25.972032828282824,4,-3.5010266940450947,0,0.0,2015,2013-16
2015-11-15,783.2829956054687,385.2418226384653,31.119395066783515,2015,4,640.357196969697,26.202683080808086,4,-3.5010266940450947,0,0.0,2015,2013-16
2015-11-16,931.2179992675781,385.6899328572114,31.144590586695053,2015,4,693.5905303030303,26.462736742424244,4,-3.5010266940450947,0,0.0,2015,2013-16
2015-11-17,934.9740051269531,385.9257378376595,31.167919771798328,2015,4,570.4556818181818,26.083293876262626,4,-3.5010266940450947,1,385.9257378376595,2015,2013-16
2015-11-18,927.685986328125,386.21343444901566,31.19171554060367,2015,4,653.2806818181818,26.313439078282826,4,-3.5010266940450947,0,0.0,2015,2013-16
2015-11-19,1000.9759948730468,386.41389562481976,31.208045970175963,2015,4,310.79545454545456,26.380137310606063,4,-3.5010266940450947,1,386.41389562481976,2015,2013-16
2015-11-20,976.4059936523438,386.5231535374393,31.21877739532347,2015,4,191.5534090909091,25.7268860479798,4,-3.5010266940450947,1,386.5231535374393,2015,2013-16
2015-11-21,925.3549865722656,386.55136181259047,31.221576897535865,2015,4,325.7784090909091,26.319878472222218,4,-3.5010266940450947,1,386.55136181259047,2015,2013-16
2015-11-22,908.5669860839844,386.55606319178236,31.22204348123793,2015,4,313.8746212121212,25.949542297979804,4,-3.5010266940450947,1,386.55606319178236,2015,2013-16
2015-11-23,994.0649841308593,386.83948837550344,31.243039747830878,2015,4,356.375,25.564559659090918,4,-3.5010266940450947,1,386.83948837550344,2015,2013-16
2015-11-24,935.8470031738282,386.96642561368367,31.255637507786645,2015,4,373.8340909090909,25.43896780303031,4,-3.5010266940450947,1,386.96642561368367,2015,2013-16
2015-11-25,914.7559936523437,387.0930458893998,31.266835516636217,2015,4,437.7443181818182,25.556936553030308,4,-3.5010266940450947,1,387.0930458893998,2015,2013-16
2015-11-26,900.8400085449218,387.1024486477835,31.267768684040348,2015,4,242.317803030303,25.683175505050514,4,-3.5010266940450947,1,387.1024486477835,2015,2013-16
2015-11-27,879.8419799804688,387.3206521143094,31.284565697314708,2015,4,532.607196969697,25.89157196969697,4,-3.5010266940450947,1,387.3206521143094,2015,2013-16
2015-11-28,803.0479797363281,387.3394576310768,31.28643203212297,2015,4,571.3257575757576,25.5256865530303,4,-3.5010266940450947,1,387.3394576310768,2015,2013-16
2015-11-29,779.5679992675781,387.3441590102687,31.286898615825034,2015,4,600.3056818181818,25.623958333333334,4,-3.5010266940450947,0,0.0,2015,2013-16
2015-11-30,878.5290100097657,387.5228114195594,31.304628796503525,2015,4,663.1401515151515,25.41032196969697,4,-3.5010266940450947,0,0.0,2015,2013-16
2015-12-01,857.3919921875,387.68265831208265,31.320492642373754,2015,4,688.5083333333333,25.264472853535356,4,-3.5010266940450947,0,0.0,2015,2013-16
2015-12-02,888.74599609375,387.8796332772113,31.338222823052245,2015,4,415.5306818181818,25.148484848484852,4,-3.5010266940450947,1,387.8796332772113,2015,2013-16
2015-12-03,867.189990234375,388.2176734119661,31.37228343330303,2015,4,582.5276515151515,25.565017361111114,4,-3.5010266940450947,1,388.2176734119661,2015,2013-16
2015-12-04,859.0470031738281,388.455917691842,31.395612618406304,2015,4,641.385606060606,25.70326704545455,4,-3.5010266940450947,0,0.0,2015,2013-16
2015-12-05,813.5159973144531,388.4747232086094,31.397478953214566,2015,4,516.4522727272727,25.427667297979795,4,-3.5010266940450947,1,388.4747232086094,2015,2013-16
2015-12-06,786.7030029296875,388.4747232086094,31.397478953214566,2015,4,561.2825757575758,25.614567550505047,4,-3.5010266940450947,1,388.4747232086094,2015,2013-16
2015-12-07,911.6769897460938,388.6664476462255,31.416608884999253,2015,4,542.3852272727273,25.676909722222224,4,-3.5010266940450947,1,388.6664476462255,2015,2013-16
2015-12-08,891.9630004882813,388.8615668004548,31.43013981235915,2015,4,447.3503787878788,25.065135732323228,4,-3.5010266940450947,1,388.8615668004548,2015,2013-16
2015-12-09,901.4740173339844,389.2950055630396,31.45626849967482,2015,4,466.9291666666666,25.55194917929292,4,-3.5010266940450947,1,389.2950055630396,2015,2013-16
2015-12-10,893.635009765625,389.45955383475473,31.472598929247113,2015,4,598.5727272727273,25.68087910353535,4,-3.5010266940450947,0,0.0,2015,2013-16
2015-12-11,917.6440002441407,389.6763387493723,31.49126227732973,2015,4,555.0901515151515,25.957386363636363,4,-3.5010266940450947,1,389.6763387493723,2015,2013-16
2015-12-12,832.8619934082031,389.6951442661397,31.493128612137994,2015,4,603.2318181818182,25.87838541666667,4,-3.5010266940450947,0,0.0,2015,2013-16
2015-12-13,806.9230041503906,389.7092484037153,31.49452836324419,2015,4,624.0969696969697,25.614930555555556,4,-3.5010266940450947,0,0.0,2015,2013-16
2015-12-14,911.0179870605468,389.9911400912429,31.512725127624744,2015,4,606.4026515151515,25.202888257575754,4,-3.5010266940450947,0,0.0,2015,2013-16
2015-12-15,901.2860046386719,390.32690395320964,31.5309218920053,2015,4,652.5984848484848,25.682220643939406,4,-3.5010266940450947,0,0.0,2015,2013-16
2015-12-16,869.1099792480469,390.6552130053858,31.563582751149884,2015,4,636.6689393939394,25.53968592171717,4,-3.5010266940450947,0,0.0,2015,2013-16
2015-12-17,877.8799987792969,390.9248847106954,31.586445352551095,2015,4,561.9003787878788,25.181510416666665,4,-3.5010266940450947,1,390.9248847106954,2015,2013-16
2015-12-18,874.0669921875,391.82892369800663,31.61992667580658,2015,4,421.9026515151515,24.891919191919197,4,-3.5010266940450947,1,391.82892369800663,2015,2013-16
2015-12-19,782.4180053710937,391.84772921477406,31.62179301061484,2015,4,540.7674242424243,24.963778409090903,4,-3.5010266940450947,1,391.84772921477406,2015,2013-16
2015-12-20,753.3960021972656,391.85243059396595,31.622259594316905,2015,4,511.6075757575758,24.70957228535354,4,-3.5010266940450947,1,391.85243059396595,2015,2013-16
2015-12-21,856.8679870605469,392.11261150095953,31.648388281632574,2015,4,599.8958333333334,25.106691919191917,4,-3.5010266940450947,0,0.0,2015,2013-16
2015-12-22,880.4320068359375,392.39574514874863,31.66658504601313,2015,4,539.6666666666667,25.08583491161616,4,-3.5010266940450947,1,392.39574514874863,2015,2013-16
2015-12-23,880.0569885253906,392.9781363666841,31.69971248885978,2015,4,609.0693181818182,25.202698863636368,4,-3.5010266940450947,0,0.0,2015,2013-16
2015-12-24,868.7579956054688,393.0498265072768,31.706711244390764,2015,4,561.741287878788,24.780050505050507,4,-3.5010266940450947,1,393.0498265072768,2015,2013-16
2015-12-25,753.6429992675781,393.0498265072768,31.706711244390764,2015,4,598.0954545454546,24.836103219696962,4,-3.5010266940450947,0,0.0,2015,2013-16
2015-12-26,804.0099853515625,393.0545278864687,31.707177828092828,2015,4,458.9310606060606,24.900907512626258,4,-3.5010266940450947,1,393.0545278864687,2015,2013-16
2015-12-27,754.3669799804687,393.09684029919543,31.711377081411417,2015,4,549.071590909091,25.08798137626263,4,-3.5010266940450947,1,393.09684029919543,2015,2013-16
2015-12-28,883.0799987792968,393.31248366316447,31.730040429494036,2015,4,574.5397727272727,25.06533301767676,4,-3.5010266940450947,1,393.31248366316447,2015,2013-16
2015-12-29,863.843994140625,393.49996765303524,31.74217160574774,2015,4,632.2352272727272,24.732702020202023,4,-3.5010266940450947,0,0.0,2015,2013-16
2015-12-30,851.8809997558594,393.6671530854418,31.7589686190221,2015,4,514.507196969697,24.243110795454545,4,-3.5010266940450947,1,393.6671530854418,2015,2013-16
2015-12-31,853.9089904785156,394.1190330731077,31.77436588119026,2015,4,614.8443181818182,24.471401515151513,4,-3.5010266940450947,0,0.0,2015,2013-16
2016-01-01,705.7999938964844,394.1190330731077,31.77436588119026,2016,1,553.8787878787879,23.760937499999997,1,-2.5010266940450947,1,394.1190330731077,2016,2013-16
2016-01-02,707.9610107421875,394.1190330731077,31.77436588119026,2016,1,563.0621212121212,23.525765467171713,1,-2.5010266940450947,1,394.1190330731077,2016,2013-16
2016-01-03,708.3169982910156,394.1190330731077,31.77436588119026,2016,1,448.026893939394,23.455965909090917,1,-2.5010266940450947,1,394.1190330731077,2016,2013-16
2016-01-04,772.8320007324219,394.25346874999894,31.78789680855016,2016,1,663.5534090909091,23.941516729797982,1,-2.5010266940450947,0,0.0,2016,2013-16
2016-01-05,819.7299865722656,394.44108854018293,31.791629478166683,2016,1,569.7734848484848,23.965112058080805,1,-2.5010266940450947,1,394.44108854018293,2016,2013-16
2016-01-06,857.0910034179688,394.5291670871117,31.80049456850593,2016,1,491.998106060606,24.426317866161614,1,-2.5010266940450947,1,394.5291670871117,2016,2013-16
2016-01-07,841.2019897460938,394.5662527910817,31.804227238122454,2016,1,669.0454545454546,24.716374684343435,1,-2.5010266940450947,0,0.0,2016,2013-16
2016-01-08,833.1670104980469,394.62651706003294,31.810292826249306,2016,1,669.0056818181818,24.731463068181814,1,-2.5010266940450947,0,0.0,2016,2013-16
2016-01-09,797.8029907226562,394.67287418999547,31.814958663269962,2016,1,553.2636363636364,25.126444128787885,1,-2.5010266940450947,1,394.67287418999547,2016,2013-16
2016-01-10,734.6230041503907,394.69141704198046,31.816824998078225,2016,1,662.1431818181818,24.409769570707073,1,-2.5010266940450947,0,0.0,2016,2013-16
2016-01-11,876.7210021972656,394.7655884499205,31.82429033731127,2016,1,364.0253787878788,24.206076388888892,1,-2.5010266940450947,1,394.7655884499205,2016,2013-16
2016-01-12,816.4749938964844,395.4335949796146,31.837354680969106,2016,1,679.842803030303,24.528006628787878,1,-2.5010266940450947,0,0.0,2016,2013-16
2016-01-13,807.9320129394531,395.51240210055084,31.84528660390422,2016,1,681.8125,24.62785669191919,1,-2.5010266940450947,0,0.0,2016,2013-16
2016-01-14,811.1870056152344,395.58000490938537,31.852285359435204,2016,1,684.4147727272727,24.492803030303033,1,-2.5010266940450947,0,0.0,2016,2013-16
2016-01-15,864.3880004882812,395.68199059530286,31.862550200880644,2016,1,386.8435606060606,24.285898042929293,1,-2.5010266940450947,1,395.68199059530286,2016,2013-16
2016-01-16,753.052001953125,395.68662630829914,31.863016784582708,2016,1,591.7340909090909,24.16304450757575,1,-2.5010266940450947,0,0.0,2016,2013-16
2016-01-17,695.9880065917969,395.70516916028413,31.86488311939097,2016,1,709.5003787878788,24.26060606060606,1,-2.5010266940450947,0,0.0,2016,2013-16
2016-01-18,755.1679931640625,395.7422548642541,31.868615789007496,2016,1,711.1965909090909,24.262673611111115,1,-2.5010266940450947,0,0.0,2016,2013-16
2016-01-19,791.4989990234375,395.9091405321191,31.885412802281856,2016,1,714.8242424242424,24.36177398989899,1,-2.5010266940450947,0,0.0,2016,2013-16
2016-01-20,845.4399963378906,396.58019781365175,31.904542734066542,2016,1,435.4405303030303,23.915711805555556,1,-2.5010266940450947,1,396.58019781365175,2016,2013-16
2016-01-21,780.7690063476563,396.7403511281356,31.92040657993677,2016,1,669.2011363636364,23.60729166666667,1,-2.5010266940450947,0,0.0,2016,2013-16
2016-01-22,811.8059875488282,397.0096782852709,31.93813676061526,2016,1,650.0598484848484,24.038517992424246,1,-2.5010266940450947,0,0.0,2016,2013-16
2016-01-23,766.2239929199219,397.0421282762447,31.94140284652972,2016,1,633.2984848484848,24.70545296717172,1,-2.5010266940450947,0,0.0,2016,2013-16
2016-01-24,763.0820007324219,397.0421282762447,31.94140284652972,2016,1,682.069696969697,25.15789930555555,1,-2.5010266940450947,0,0.0,2016,2013-16
2016-01-25,898.8349792480469,397.1023925451959,31.94746843465657,2016,1,580.123106060606,24.730981691919194,1,-2.5010266940450947,1,397.1023925451959,2016,2013-16
2016-01-26,855.6440002441407,397.24201506299624,31.960066194612338,2016,1,708.7753787878788,24.997395833333332,1,-2.5010266940450947,0,0.0,2016,2013-16
2016-01-27,857.3850036621094,397.3579078879025,31.971730787163978,2016,1,697.1878787878788,25.008088699494948,1,-2.5010266940450947,0,0.0,2016,2013-16
2016-01-28,858.1380126953125,397.60954876768176,31.987594633034206,2016,1,634.9079545454546,25.00782039141414,1,-2.5010266940450947,0,0.0,2016,2013-16
2016-01-29,845.1679992675781,397.71153445359926,31.997859474479647,2016,1,719.4507575757576,25.333641098484847,1,-2.5010266940450947,0,0.0,2016,2013-16
2016-01-30,753.0350036621094,397.71153445359926,31.997859474479647,2016,1,704.6295454545455,24.36392045454545,1,-2.5010266940450947,0,0.0,2016,2013-16
2016-01-31,715.8909973144531,397.73007730558425,31.99972580928791,2016,1,700.4018939393939,24.466335227272726,1,-2.5010266940450947,0,0.0,2016,2013-16
2016-02-01,858.4720031738282,397.8069515404113,32.007657732223024,2016,1,651.3132575757576,24.68211805555556,1,-2.5010266940450947,0,0.0,2016,2013-16
2016-02-02,822.0179992675781,397.9089372263288,32.017922573668464,2016,1,671.1791666666667,24.243884154040412,1,-2.5010266940450947,0,0.0,2016,2013-16
2016-02-03,827.1710083007813,397.97847292127256,32.024921329199444,2016,1,713.4651515151515,24.889441287878782,1,-2.5010266940450947,0,0.0,2016,2013-16
2016-02-04,828.4409973144532,398.23451597788767,32.0445178446862,2016,1,728.8189393939394,24.542629419191915,1,-2.5010266940450947,0,0.0,2016,2013-16
2016-02-05,862.1859924316407,398.4776710357066,32.0566490209399,2016,1,643.001893939394,24.96231060606061,1,-2.5010266940450947,0,0.0,2016,2013-16
2016-02-06,803.2710021972656,398.49157817469535,32.0580487720461,2016,1,475.0848484848485,24.466161616161617,1,-2.5010266940450947,1,398.49157817469535,2016,2013-16
2016-02-07,640.1559997558594,398.5147567396766,32.060381690556426,2016,1,698.8950757575758,22.01443339646465,1,-2.5010266940450947,0,0.0,2016,2013-16
2016-02-08,709.6390014648438,399.9482812395665,32.07064653200187,2016,1,781.2420454545454,21.82631786616162,1,-2.5010266940450947,0,0.0,2016,2013-16
2016-02-09,726.5049926757813,400.39458826712183,32.090709631190684,2016,1,783.6545454545455,22.6185211489899,1,-2.5010266940450947,0,0.0,2016,2013-16
2016-02-10,750.9420043945313,400.48964423558334,32.099574721529926,2016,1,774.2761363636363,23.347601010101013,1,-2.5010266940450947,0,0.0,2016,2013-16
2016-02-11,768.4710083007812,400.6799552601774,32.11450539999602,2016,1,781.2390151515152,23.878929924242424,1,-2.5010266940450947,0,0.0,2016,2013-16
2016-02-12,812.6010009765625,400.7448552421249,32.121037571824935,2016,1,738.4897727272727,24.835022095959598,1,-2.5010266940450947,0,0.0,2016,2013-16
2016-02-13,766.1690124511719,400.7448552421249,32.121037571824935,2016,1,696.2867424242424,25.18413036616161,1,-2.5010266940450947,0,0.0,2016,2013-16
2016-02-14,719.7190246582031,400.7448552421249,32.121037571824935,2016,1,728.1087121212121,25.21017992424242,1,-2.5010266940450947,0,0.0,2016,2013-16
2016-02-15,740.0510009765625,400.7633980941099,32.1229039066332,2016,1,752.0583333333333,24.786126893939393,1,-2.5010266940450947,0,0.0,2016,2013-16
2016-02-16,822.110009765625,400.9201770697945,32.1350350828869,2016,1,581.7049242424242,23.708980429292936,1,-2.5010266940450947,1,400.9201770697945,2016,2013-16
2016-02-17,783.1470031738281,401.096334163652,32.15276526356539,2016,1,663.2087121212121,23.689172979797984,1,-2.5010266940450947,0,0.0,2016,2013-16
2016-02-18,794.8460021972656,401.2585841185208,32.169095693137685,2016,1,635.5761363636364,23.699565972222228,1,-2.5010266940450947,0,0.0,2016,2013-16
2016-02-19,796.3479919433594,401.4185081827268,32.18122686939139,2016,1,614.1636363636364,23.99359217171717,1,-2.5010266940450947,0,0.0,2016,2013-16
2016-02-20,734.9580017089844,401.44168674770805,32.183559787901714,2016,1,684.5632575757576,23.40345643939394,1,-2.5010266940450947,0,0.0,2016,2013-16
2016-02-21,699.0980102539063,401.4555938866968,32.18495953900791,2016,1,711.0397727272727,24.26151357323232,1,-2.5010266940450947,0,0.0,2016,2013-16
2016-02-22,775.6329772949218,401.6490003305214,32.198490466367815,2016,1,724.0049242424242,23.209698547979798,1,-2.5010266940450947,0,0.0,2016,2013-16
2016-02-23,776.102001953125,401.71853602546514,32.205489221898794,2016,1,713.9662878787879,23.219168244949497,1,-2.5010266940450947,0,0.0,2016,2013-16
2016-02-24,790.1129943847657,401.8553964412299,32.218553565556626,2016,1,704.209090909091,23.39107481060606,1,-2.5010266940450947,0,0.0,2016,2013-16
2016-02-25,767.8659973144531,402.280726302312,32.23768349734131,2016,1,739.1496212121212,23.683641098484852,1,-2.5010266940450947,0,0.0,2016,2013-16
2016-02-26,814.1659790039063,402.5317177710947,32.248881506190884,2016,1,754.2598484848485,24.393481691919195,1,-2.5010266940450947,0,0.0,2016,2013-16
2016-02-27,740.4929870605469,402.5317177710947,32.248881506190884,2016,1,795.7700757575758,24.211111111111112,1,-2.5010266940450947,0,0.0,2016,2013-16
2016-02-28,720.8510070800781,402.5317177710947,32.248881506190884,2016,1,788.9246212121212,24.490198863636362,1,-2.5010266940450947,0,0.0,2016,2013-16
2016-02-29,843.4269897460938,402.870124819821,32.28294211644167,2016,1,650.5375,24.38349116161616,1,-2.5010266940450947,0,0.0,2016,2013-16
2016-03-01,790.2179870605469,402.97762546110886,32.29367354158917,2016,1,763.7382575757576,24.299005681818176,1,-2.5010266940450947,0,0.0,2016,2013-16
2016-03-02,767.8300170898438,403.0935182860151,32.30533813414081,2016,1,529.959090909091,22.692566287878787,1,-2.5010266940450947,1,403.0935182860151,2016,2013-16
2016-03-03,774.8320007324219,403.41367144009564,32.321668563713104,2016,1,742.4837121212121,23.320785984848488,1,-2.5010266940450947,0,0.0,2016,2013-16
2016-03-04,775.3489929199219,403.6031460186273,32.33706582588127,2016,1,841.9125,23.623808396464643,1,-2.5010266940450947,0,0.0,2016,2013-16
2016-03-05,704.3320007324219,403.60778173162356,32.33753240958333,2016,1,873.9503787878788,24.053124999999998,1,-2.5010266940450947,0,0.0,2016,2013-16
2016-03-06,706.7850036621094,403.60778173162356,32.33753240958333,2016,1,747.0344696969697,24.84385258838384,1,-2.5010266940450947,0,0.0,2016,2013-16
2016-03-07,848.6759765625,403.7607602604998,32.3529296717515,2016,1,745.6424242424242,25.06590119949495,1,-2.5010266940450947,0,0.0,2016,2013-16
2016-03-08,875.5470031738281,403.88592451139857,32.365527431707264,2016,1,402.15378787878785,23.841051136363635,1,-2.5010266940450947,1,403.88592451139857,2016,2013-16
2016-03-09,675.10400390625,404.00328953270144,32.37672544055684,2016,1,810.9223484848485,21.80066287878788,1,-2.5010266940450947,0,0.0,2016,2013-16
2016-03-10,715.94599609375,404.11454664461144,32.387923449406415,2016,1,743.1405303030303,22.552154356060612,1,-2.5010266940450947,0,0.0,2016,2013-16
2016-03-11,742.46201171875,404.35153339274837,32.40005462566012,2016,1,708.5992424242424,23.443529040404044,1,-2.5010266940450947,0,0.0,2016,2013-16
2016-03-12,674.6930114746094,404.37471195772963,32.402387544170445,2016,1,743.1674242424243,24.016327335858588,1,-2.5010266940450947,0,0.0,2016,2013-16
2016-03-13,676.0299865722657,404.37471195772963,32.402387544170445,2016,1,786.4390151515152,24.41571969696969,1,-2.5010266940450947,0,0.0,2016,2013-16
2016-03-14,849.7740112304688,404.8700576782066,32.41591847153035,2016,1,607.659090909091,24.486308396464636,1,-2.5010266940450947,0,0.0,2016,2013-16
2016-03-15,806.3340026855469,405.052708532333,32.42991598259231,2016,1,821.2859848484848,24.366485164141412,1,-2.5010266940450947,0,0.0,2016,2013-16
2016-03-16,735.5380065917968,405.1361513662655,32.43831448922949,2016,1,645.2560606060606,22.47030460858586,1,-2.5010266940450947,0,0.0,2016,2013-16
2016-03-17,687.8169921875,405.2813754804223,32.447646163270804,2016,1,803.592803030303,21.93774463383838,1,-2.5010266940450947,0,0.0,2016,2013-16
2016-03-18,708.1940185546875,405.3948626090053,32.45931075582244,2016,1,638.584090909091,22.524597537878787,1,-2.5010266940450947,0,0.0,2016,2013-16
2016-03-19,646.7519958496093,405.3948626090053,32.45931075582244,2016,1,753.5988636363636,22.84991319444444,1,-2.5010266940450947,0,0.0,2016,2013-16
2016-03-20,656.5390197753907,405.4041340349978,32.46024392322657,2016,1,791.7780303030303,23.772309027777776,1,-2.5010266940450947,0,0.0,2016,2013-16
2016-03-21,843.5889892578125,405.56661653985236,32.47657435279886,2016,1,622.8348484848485,24.288312815656564,1,-2.5010266940450947,0,0.0,2016,2013-16
2016-03-22,853.0420043945312,405.67323793876614,32.48730577794637,2016,1,599.2204545454546,24.54000946969697,1,-2.5010266940450947,0,0.0,2016,2013-16
2016-03-23,811.8140197753906,405.8169450416499,32.5017698727104,2016,1,764.9026515151515,24.87197758838384,1,-2.5010266940450947,0,0.0,2016,2013-16
2016-03-24,835.4630004882813,405.97478797410594,32.517633718580626,2016,1,730.9681818181818,25.023745265151515,1,-2.5010266940450947,0,0.0,2016,2013-16
2016-03-25,838.8289916992187,406.0072379650797,32.52089980449509,2016,1,223.9276515151515,24.315767045454546,1,-2.5010266940450947,1,406.0072379650797,2016,2013-16
2016-03-26,711.57900390625,406.0072379650797,32.52089980449509,2016,1,883.215909090909,24.638020833333332,1,-2.5010266940450947,0,0.0,2016,2013-16
2016-03-27,664.3019958496094,406.011873678076,32.52136638819715,2016,1,906.6693181818182,24.691224747474752,1,-2.5010266940450947,0,0.0,2016,2013-16
2016-03-28,822.2670043945312,407.62328875761784,32.536297066663245,2016,1,768.6526515151515,24.89530460858586,1,-2.5010266940450947,0,0.0,2016,2013-16
2016-03-29,813.964013671875,407.80811993182516,32.54562874070456,2016,1,836.8420454545454,25.04649621212121,1,-2.5010266940450947,0,0.0,2016,2013-16
2016-03-30,782.397998046875,407.8730199137727,32.55216091253347,2016,1,817.2079545454546,24.447964015151516,1,-2.5010266940450947,0,0.0,2016,2013-16
2016-03-31,784.9840026855469,407.96545575163503,32.56055941917065,2016,1,853.9799242424242,24.62710700757576,1,-2.5010266940450947,0,0.0,2016,2013-16
2016-04-01,832.7609985351562,408.1091628545188,32.57502351393468,2016,2,829.282196969697,24.981344696969696,2,-2.5010266940450947,0,0.0,2016,2013-16
2016-04-02,715.4719970703125,408.11379856751506,32.575490097636745,2016,2,914.848106060606,25.00330650252525,2,-2.5010266940450947,0,0.0,2016,2013-16
2016-04-03,702.80400390625,408.12770570650383,32.576889848742944,2016,2,852.1325757575758,25.52516571969696,2,-2.5010266940450947,0,0.0,2016,2013-16
2016-04-04,863.5929870605469,408.4914020052534,32.59182052720904,2016,2,715.2,25.862918244949494,2,-2.5010266940450947,0,0.0,2016,2013-16
2016-04-05,886.152001953125,408.69003324955946,32.611883626397855,2016,2,656.0219696969697,24.97310606060606,2,-2.5010266940450947,0,0.0,2016,2013-16
2016-04-06,719.6570129394531,408.96981389560034,32.62168188414123,2016,2,670.060606060606,22.95030776515152,2,-2.5010266940450947,0,0.0,2016,2013-16
2016-04-07,779.9379943847656,409.2420311474689,32.63241330928874,2016,2,671.9,23.83828914141415,2,-2.5010266940450947,0,0.0,2016,2013-16
2016-04-08,813.4319641113282,409.3888274600143,32.639412064819716,2016,2,781.7621212121212,25.02865372474747,2,-2.5010266940450947,0,0.0,2016,2013-16
2016-04-09,751.7599853515625,409.39346317301056,32.63987864852178,2016,2,712.4390151515152,24.884690656565663,2,-2.5010266940450947,0,0.0,2016,2013-16
2016-04-10,718.9509948730469,409.40273459900305,32.64081181592591,2016,2,732.6412878787878,24.976096906565655,2,-2.5010266940450947,0,0.0,2016,2013-16
2016-04-11,824.0439819335937,409.51399171091305,32.65200982477548,2016,2,662.1117424242425,24.696914457070715,2,-2.5010266940450947,0,0.0,2016,2013-16
2016-04-12,809.7999938964844,409.68594950568456,32.66927342175191,2016,2,802.4003787878788,24.83491950757576,2,-2.5010266940450947,0,0.0,2016,2013-16
2016-04-13,819.3299926757812,409.89455659051583,32.69808890798674,2016,2,757.0181818181818,24.84704861111112,2,-2.5010266940450947,0,0.0,2016,2013-16
2016-04-14,817.6589965820312,410.12919283845787,32.71161983534664,2016,2,844.8912878787878,25.103645833333342,2,-2.5010266940450947,0,0.0,2016,2013-16
2016-04-15,833.5380065917968,410.37403098419645,32.722817844196214,2016,2,804.1909090909091,25.294120896464648,2,-2.5010266940450947,0,0.0,2016,2013-16
2016-04-16,755.0249877929688,410.37403098419645,32.722817844196214,2016,2,652.6806818181818,24.53270202020202,2,-2.5010266940450947,0,0.0,2016,2013-16
2016-04-17,736.3260131835938,410.39257383618144,32.72468417900448,2016,2,472.8242424242424,23.961450441919194,2,-2.5010266940450947,1,410.39257383618144,2016,2013-16
2016-04-18,749.3250183105469,410.6989541892011,32.73681535525818,2016,2,851.0056818181818,23.860290404040402,2,-2.5010266940450947,0,0.0,2016,2013-16
2016-04-19,786.0110046386719,410.8072752792479,32.747546780405685,2016,2,784.4878787878788,23.89781407828283,2,-2.5010266940450947,0,0.0,2016,2013-16
2016-04-20,766.27001953125,410.92780381715045,32.75967795665939,2016,2,874.4075757575758,24.512318497474748,2,-2.5010266940450947,0,0.0,2016,2013-16
2016-04-21,789.1030029296875,411.17086890232986,32.77460863512548,2016,2,879.25,25.00486900252525,2,-2.5010266940450947,0,0.0,2016,2013-16
2016-04-22,805.4660034179688,411.3876697495043,32.790005897293646,2016,2,801.2049242424243,25.375094696969697,2,-2.5010266940450947,0,0.0,2016,2013-16
2016-04-23,782.0650024414062,411.3923054625006,32.79047248099571,2016,2,498.3049242424242,25.35067077020202,2,-2.5010266940450947,1,411.3923054625006,2016,2013-16
2016-04-24,749.7039978027344,411.40621260148936,32.79187223210191,2016,2,520.5734848484849,25.492258522727273,2,-2.5010266940450947,1,411.40621260148936,2016,2013-16
2016-04-25,827.2870056152344,411.46603460880624,32.79793782022876,2016,2,922.1261363636364,25.638060290404038,2,-2.5010266940450947,0,0.0,2016,2013-16
2016-04-26,819.1730041503906,411.5427857889436,32.804469992057676,2016,2,892.7,25.582844065656563,2,-2.5010266940450947,0,0.0,2016,2013-16
2016-04-27,817.758984375,411.7175931813998,32.82080042162997,2016,2,863.1670454545454,25.58569286616161,2,-2.5010266940450947,0,0.0,2016,2013-16
2016-04-28,822.1949951171875,411.8103074413248,32.83013209567128,2016,2,825.8890151515152,25.762373737373736,2,-2.5010266940450947,0,0.0,2016,2013-16
2016-04-29,842.0559936523438,411.96874088105596,32.84272985562705,2016,2,846.6825757575758,25.82204071969697,2,-2.5010266940450947,0,0.0,2016,2013-16
2016-04-30,763.8580017089844,411.96874088105596,32.84272985562705,2016,2,688.4901515151516,25.692329545454545,2,-2.5010266940450947,0,0.0,2016,2013-16
2016-05-01,708.1880065917969,411.98728373304095,32.84459619043531,2016,2,804.9469696969697,25.325631313131314,2,-2.5010266940450947,0,0.0,2016,2013-16
2016-05-02,800.4969848632812,412.33386656391775,32.85299469707249,2016,2,942.092803030303,25.426807133838384,2,-2.5010266940450947,0,0.0,2016,2013-16
2016-05-03,848.389013671875,412.53031447893466,32.86605904073032,2016,2,525.5920454545454,25.093568497474752,2,-2.5010266940450947,1,412.53031447893466,2016,2013-16
2016-05-04,875.3160095214844,412.7435572767622,32.88752189102534,2016,2,520.133712121212,25.31858428030303,2,-2.5010266940450947,1,412.7435572767622,2016,2013-16
2016-05-05,824.9050048828125,412.80188865960423,32.89358747915219,2016,2,897.2219696969696,25.838620580808083,2,-2.5010266940450947,0,0.0,2016,2013-16
2016-05-06,849.9109924316406,412.92153804756384,32.9015194020873,2016,2,870.4640151515152,26.007844065656567,2,-2.5010266940450947,0,0.0,2016,2013-16
2016-05-07,746.2830017089843,412.9261737605601,32.901985985789366,2016,2,622.2602272727273,24.45580018939394,2,-2.5010266940450947,0,0.0,2016,2013-16
2016-05-08,681.4369812011719,412.9261737605601,32.901985985789366,2016,2,535.1049242424242,24.021362058080808,2,-2.5010266940450947,1,412.9261737605601,2016,2013-16
2016-05-09,787.4279968261719,413.0375947120419,32.91318399463894,2016,2,718.7893939393939,24.02050978535353,2,-2.5010266940450947,0,0.0,2016,2013-16
2016-05-10,807.1930053710937,413.1714092765982,32.926714921998844,2016,2,809.5693181818182,24.441098484848485,2,-2.5010266940450947,0,0.0,2016,2013-16
2016-05-11,791.6039978027344,413.30204512686123,32.936979763444285,2016,2,780.1526515151515,24.139409722222226,2,-2.5010266940450947,0,0.0,2016,2013-16
2016-05-12,793.8129943847656,413.4133022387712,32.94817777229386,2016,2,790.335606060606,24.06650883838384,2,-2.5010266940450947,0,0.0,2016,2013-16
2016-05-13,824.2360046386718,413.51000027749,32.95797603003724,2016,2,793.7761363636364,24.780334595959598,2,-2.5010266940450947,0,0.0,2016,2013-16
2016-05-14,812.8589904785156,413.54245026846377,32.9612421159517,2016,2,676.4988636363636,25.49820075757576,2,-2.5010266940450947,0,0.0,2016,2013-16
2016-05-15,765.2770080566406,413.57026454644125,32.96404161816409,2016,2,813.6878787878788,26.28861268939394,2,-2.5010266940450947,0,0.0,2016,2013-16
2016-05-16,868.0630065917969,413.75390795142454,32.97290670850333,2016,2,880.8310606060606,26.22852746212121,2,-2.5010266940450947,0,0.0,2016,2013-16
2016-05-17,862.0350036621094,413.9305225112069,32.9869042195653,2016,2,808.725,25.996622474747472,2,-2.5010266940450947,0,0.0,2016,2013-16
2016-05-18,891.6940002441406,414.0325081971244,32.99716906101074,2016,2,782.9723484848485,25.866122159090907,2,-2.5010266940450947,0,0.0,2016,2013-16
2016-05-19,871.2519897460937,414.15767244802316,33.009766820966504,2016,2,818.709090909091,26.002462121212123,2,-2.5010266940450947,0,0.0,2016,2013-16
2016-05-20,843.9619873046875,414.80702768803087,33.03391647018068,2016,2,870.1011363636364,25.76326546717172,2,-2.5010266940450947,0,0.0,2016,2013-16
2016-05-21,748.7960021972656,414.80702768803087,33.03391647018068,2016,2,805.4674242424242,25.736939709595955,2,-2.5010266940450947,0,0.0,2016,2013-16
2016-05-22,725.2299926757812,414.81166340102715,33.03438305388274,2016,2,785.0863636363636,25.745170454545455,2,-2.5010266940450947,0,0.0,2016,2013-16
2016-05-23,823.7860046386719,414.899379656866,33.042314976817856,2016,2,915.4996212121212,25.793118686868684,2,-2.5010266940450947,0,0.0,2016,2013-16
2016-05-24,821.33798828125,415.2354884189802,33.05164665085917,2016,2,913.9882575757576,25.92060448232323,2,-2.5010266940450947,0,0.0,2016,2013-16
2016-05-25,867.9860046386718,415.60198921983965,33.06051174119841,2016,2,697.8723484848484,25.62380839646465,2,-2.5010266940450947,0,0.0,2016,2013-16
2016-05-26,882.6680297851562,415.7361651977151,33.07404266855831,2016,2,698.6685606060606,25.898445391414132,2,-2.5010266940450947,0,0.0,2016,2013-16
2016-05-27,886.2090209960937,415.88560982696777,33.087107012216144,2016,2,831.9882575757576,26.22795928030303,2,-2.5010266940450947,0,0.0,2016,2013-16
2016-05-28,815.2160034179688,415.89951696595654,33.08850676332234,2016,2,806.4719696969697,26.076744002525256,2,-2.5010266940450947,0,0.0,2016,2013-16
2016-05-29,731.843994140625,415.89951696595654,33.08850676332234,2016,2,888.9265151515152,25.82749368686869,2,-2.5010266940450947,0,0.0,2016,2013-16
2016-05-30,786.2089965820312,415.9041526789528,33.08897334702441,2016,2,560.8375,25.14643308080808,2,-2.5010266940450947,1,415.9041526789528,2016,2013-16
2016-05-31,854.0829956054688,416.1549829717189,33.09923818846985,2016,2,435.0685606060606,24.754790088383842,2,-2.5010266940450947,1,416.1549829717189,2016,2013-16
2016-06-01,838.2720031738281,416.4272258196134,33.11370228323388,2016,2,606.0253787878788,25.15868055555556,2,-2.5010266940450947,0,0.0,2016,2013-16
2016-06-02,796.5830017089844,416.5143379234876,33.12256737357312,2016,2,761.8412878787879,25.05958017676768,2,-2.5010266940450947,0,0.0,2016,2013-16
2016-06-03,827.3970031738281,416.7085956076957,33.14216388905987,2016,2,872.230303030303,25.13480113636363,2,-2.5010266940450947,0,0.0,2016,2013-16
2016-06-04,787.3379943847656,416.7085956076957,33.14216388905987,2016,2,728.8299242424242,24.670328282828283,2,-2.5010266940450947,0,0.0,2016,2013-16
2016-06-05,740.5170043945312,416.7178670336882,33.143097056464,2016,2,869.4318181818182,25.25067077020202,2,-2.5010266940450947,0,0.0,2016,2013-16
2016-06-06,875.456005859375,417.0089947166614,33.15336189790944,2016,2,635.7613636363636,25.533128156565656,2,-2.5010266940450947,0,0.0,2016,2013-16
2016-06-07,784.0570007324219,417.0964850929562,33.16176040454662,2016,2,900.208712121212,25.178969381313138,2,-2.5010266940450947,0,0.0,2016,2013-16
2016-06-08,801.6549987792969,417.1613850749037,33.168292576375535,2016,2,841.976893939394,25.653140782828277,2,-2.5010266940450947,0,0.0,2016,2013-16
2016-06-09,847.6710083007813,417.49423593751976,33.182756671139565,2016,2,707.198106060606,25.53484059343435,2,-2.5010266940450947,0,0.0,2016,2013-16
2016-06-10,781.6440185546875,417.5591359194673,33.18928884296848,2016,2,796.4708333333334,25.766832386363642,2,-2.5010266940450947,0,0.0,2016,2013-16
2016-06-11,743.9520080566406,417.5591359194673,33.18928884296848,2016,2,857.6246212121212,26.059532828282823,2,-2.5010266940450947,0,0.0,2016,2013-16
2016-06-12,778.9529907226563,417.5591359194673,33.18928884296848,2016,2,752.3488636363636,26.401759785353534,2,-2.5010266940450947,0,0.0,2016,2013-16
2016-06-13,863.5969970703125,418.0363282974025,33.19955368441392,2016,2,812.7965909090909,26.37668087121212,2,-2.5010266940450947,0,0.0,2016,2013-16
2016-06-14,871.7019775390625,418.15685683530506,33.211684860667624,2016,2,775.951893939394,26.298966224747478,2,-2.5010266940450947,0,0.0,2016,2013-16
2016-06-15,856.2370178222657,418.27742913258606,33.22381603692133,2016,2,779.932196969697,26.125654987373736,2,-2.5010266940450947,0,0.0,2016,2013-16
2016-06-16,840.4789794921875,418.3570520272965,33.23174795985644,2016,2,844.269696969697,25.99721433080808,2,-2.5010266940450947,0,0.0,2016,2013-16
2016-06-17,846.5759887695312,418.4544800215209,33.24154621759982,2016,2,718.8204545454546,25.690885416666664,2,-2.5010266940450947,0,0.0,2016,2013-16
2016-06-18,723.3980041503906,418.4544800215209,33.24154621759982,2016,2,918.2056818181818,25.734027777777772,2,-2.5010266940450947,0,0.0,2016,2013-16
2016-06-19,720.0669799804688,418.4544800215209,33.24154621759982,2016,2,848.8439393939394,25.817345328282826,2,-2.5010266940450947,0,0.0,2016,2013-16
2016-06-20,863.5409973144531,418.5703033448778,33.25321081015146,2016,2,766.7537878787879,25.859816919191914,2,-2.5010266940450947,0,0.0,2016,2013-16
2016-06-21,876.6269897460937,418.6537461788103,33.261609316788636,2016,2,767.801893939394,25.995217803030304,2,-2.5010266940450947,0,0.0,2016,2013-16
2016-06-22,833.1989990234375,418.7464604387353,33.27094099082995,2016,2,908.5242424242424,26.182851957070707,2,-2.5010266940450947,0,0.0,2016,2013-16
2016-06-23,853.8239990234375,418.89658889552857,33.28260558338159,2016,2,807.4363636363636,26.05447443181819,2,-2.5010266940450947,0,0.0,2016,2013-16
2016-06-24,865.0660095214844,418.951251008429,33.288204587806376,2016,2,712.8416666666666,25.97333491161616,2,-2.5010266940450947,0,0.0,2016,2013-16
2016-06-25,744.4239990234375,418.96515814741775,33.289604338912575,2016,2,897.8840909090908,25.893150252525256,2,-2.5010266940450947,0,0.0,2016,2013-16
2016-06-26,734.8839965820313,418.96979386041403,33.29007092261464,2016,2,784.0136363636364,25.7108428030303,2,-2.5010266940450947,0,0.0,2016,2013-16
2016-06-27,849.8179809570313,419.0671438333353,33.299869180358016,2016,2,845.6727272727272,26.00776515151516,2,-2.5010266940450947,0,0.0,2016,2013-16
2016-06-28,849.9860290527344,419.21548664921534,33.31479985882411,2016,2,889.3348484848484,26.341832386363638,2,-2.5010266940450947,0,0.0,2016,2013-16
2016-06-29,892.1540100097657,419.27111520517036,33.3203988632489,2016,2,834.5776515151516,26.49789299242424,2,-2.5010266940450947,0,0.0,2016,2013-16
2016-06-30,920.0519836425781,419.6505937518202,33.33066370469434,2016,2,790.2727272727273,26.67163036616162,2,-2.5010266940450947,0,0.0,2016,2013-16
2016-07-01,891.9110107421875,419.757215150734,33.34139512984184,2016,3,752.8151515151515,26.665080492424238,3,-2.5010266940450947,0,0.0,2016,2013-16
2016-07-02,808.0319946289062,419.7664865767265,33.34232829724597,2016,3,803.4541666666667,26.319428661616158,3,-2.5010266940450947,0,0.0,2016,2013-16
2016-07-03,777.37099609375,419.77112228972277,33.342794880948034,2016,3,612.7151515151515,26.15245422979798,3,-2.5010266940450947,0,0.0,2016,2013-16
2016-07-04,793.4079956054687,419.78966514170776,33.3446612157563,2016,3,754.4977272727273,26.35832544191919,3,-2.5010266940450947,0,0.0,2016,2013-16
2016-07-05,923.0500122070313,420.0082756448465,33.36005847792446,2016,3,594.301893939394,26.132283775252528,3,-2.5010266940450947,0,0.0,2016,2013-16
2016-07-06,881.7800109863281,420.05926848780524,33.365190898647185,2016,3,854.7382575757576,26.361639835858586,3,-2.5010266940450947,0,0.0,2016,2013-16
2016-07-07,848.1379943847656,420.1566184607265,33.37498915639056,2016,3,915.041287878788,26.403093434343432,3,-2.5010266940450947,0,0.0,2016,2013-16
2016-07-08,856.181005859375,420.2308488719542,33.38245449562361,2016,3,871.1397727272728,26.189898989898992,3,-2.5010266940450947,0,0.0,2016,2013-16
2016-07-09,764.2669799804687,420.2308488719542,33.38245449562361,2016,3,870.6140151515152,25.958341224747475,3,-2.5010266940450947,0,0.0,2016,2013-16
2016-07-10,737.291015625,420.2308488719542,33.38245449562361,2016,3,910.1916666666666,26.25187026515152,3,-2.5010266940450947,0,0.0,2016,2013-16
2016-07-11,871.8710144042968,420.38560329553684,33.40007197300887,2016,3,915.6435606060606,26.516698232323236,3,-2.5010266940450947,0,0.0,2016,2013-16
2016-07-12,885.0860046386719,420.4833267805979,33.41722286669206,2016,3,865.9791666666666,26.691106376262624,3,-2.5010266940450947,0,0.0,2016,2013-16
2016-07-13,919.0280212402344,420.63162376348157,33.43950618109797,2016,3,718.2587121212122,26.622009154040402,3,-2.5010266940450947,0,0.0,2016,2013-16
2016-07-14,925.2349914550781,420.6918880324328,33.44557176922482,2016,3,835.5397727272727,26.906526199494948,3,-2.5010266940450947,0,0.0,2016,2013-16
2016-07-15,902.2909973144531,422.58650885014407,33.453970275862,2016,3,783.1723484848485,26.79059343434343,3,-2.5010266940450947,0,0.0,2016,2013-16
2016-07-16,795.6930053710937,422.58650885014407,33.453970275862,2016,3,820.3954545454546,26.59231376262626,3,-2.5010266940450947,0,0.0,2016,2013-16
2016-07-17,801.3710083007812,422.58650885014407,33.453970275862,2016,3,702.8007575757575,26.430808080808077,3,-2.5010266940450947,0,0.0,2016,2013-16
2016-07-18,936.3990051269532,422.97511749634043,33.48500597731392,2016,3,662.8140151515152,26.625591856060613,3,-2.5010266940450947,0,0.0,2016,2013-16
2016-07-19,913.485009765625,423.03074605229546,33.490604981738706,2016,3,881.667803030303,27.491437815656568,3,-2.5010266940450947,0,0.0,2016,2013-16
2016-07-20,925.7140014648437,423.077103182258,33.49527081875936,2016,3,828.0765151515152,27.24296085858586,3,-2.5010266940450947,0,0.0,2016,2013-16
2016-07-21,898.7149780273437,423.19763172016053,33.50740199501306,2016,3,742.7727272727273,26.69231376262626,3,-2.5010266940450947,0,0.0,2016,2013-16
2016-07-22,862.9440063476562,423.535934175272,33.51813342016057,2016,3,627.6458333333333,26.488510101010103,3,-2.5010266940450947,0,0.0,2016,2013-16
2016-07-23,856.5080139160157,423.5452056012645,33.519066587564694,2016,3,462.067803030303,26.551949179292933,3,-2.5010266940450947,1,423.5452056012645,2016,2013-16
2016-07-24,902.2950073242188,423.5452056012645,33.519066587564694,2016,3,252.8337121212121,26.98286773989899,3,-2.5010266940450947,1,423.5452056012645,2016,2013-16
2016-07-25,951.82001953125,423.929087157238,33.5297980127122,2016,3,852.9295454545454,27.696567234848484,3,-2.5010266940450947,0,0.0,2016,2013-16
2016-07-26,942.7420166015625,424.04495706564603,33.54146260526384,2016,3,792.969696969697,27.35808080808081,3,-2.5010266940450947,0,0.0,2016,2013-16
2016-07-27,908.7000183105469,424.10985704759355,33.547994777092754,2016,3,875.044696969697,27.27779356060606,3,-2.5010266940450947,0,0.0,2016,2013-16
2016-07-28,888.72900390625,424.6504777459637,33.56012595334646,2016,3,904.0390151515152,27.00883049242424,3,-2.5010266940450947,0,0.0,2016,2013-16
2016-07-29,880.8419982910157,424.7236827108491,33.56759129257951,2016,3,858.0984848484848,26.553377525252525,3,-2.5010266940450947,0,0.0,2016,2013-16
2016-07-30,785.902978515625,424.7236827108491,33.56759129257951,2016,3,874.0117424242424,26.865988005050507,3,-2.5010266940450947,0,0.0,2016,2013-16
2016-07-31,820.1679870605469,424.7236827108491,33.56759129257951,2016,3,578.9526515151515,26.610653409090904,3,-2.5010266940450947,1,424.7236827108491,2016,2013-16
2016-08-01,934.85,424.84325269567574,33.57972246883321,2016,3,656.5340909090909,26.991761363636368,3,-2.5010266940450947,0,0.0,2016,2013-16
2016-08-02,916.4080139160156,425.22417164665285,33.594653147299304,2016,3,823.8265151515152,27.005460858585863,3,-2.5010266940450947,0,0.0,2016,2013-16
2016-08-03,910.3389892578125,425.51922188402995,33.60725090725507,2016,3,887.8666666666666,26.99454703282828,3,-2.5010266940450947,0,0.0,2016,2013-16
2016-08-04,932.6950134277344,425.8980898872693,33.61564941389225,2016,3,834.1674242424242,27.175978535353536,3,-2.5010266940450947,0,0.0,2016,2013-16
2016-08-05,923.427001953125,426.093822127623,33.642952445727644,2016,3,763.6939393939394,26.9912720959596,3,-2.5010266940450947,0,0.0,2016,2013-16
2016-08-06,879.4550048828125,426.0984578406193,33.64341902942971,2016,3,692.660606060606,27.084682765151513,3,-2.5010266940450947,0,0.0,2016,2013-16
2016-08-07,874.4009948730469,426.1077292666118,33.644352196833836,2016,3,650.3621212121212,27.23824179292929,3,-2.5010266940450947,0,0.0,2016,2013-16
2016-08-08,957.1299987792969,426.3963417708088,33.64948461755656,2016,3,898.7772727272728,27.623327020202023,3,-2.5010266940450947,0,0.0,2016,2013-16
2016-08-09,947.0200134277344,426.5215060217076,33.66208237751233,2016,3,801.9655303030303,27.311845012626264,3,-2.5010266940450947,0,0.0,2016,2013-16
2016-08-10,921.0189880371094,426.68245553225586,33.67421355376603,2016,3,843.9049242424242,27.300291982323227,3,-2.5010266940450947,0,0.0,2016,2013-16
2016-08-11,914.1480041503906,426.78907693116963,33.692764198555416,2016,3,850.0931818181818,27.21725063131313,3,-2.5010266940450947,0,0.0,2016,2013-16
2016-08-12,914.393017578125,426.93452041788584,33.707228293319446,2016,3,764.4155303030304,27.014725378787876,3,-2.5010266940450947,0,0.0,2016,2013-16
2016-08-13,809.8419738769531,426.93452041788584,33.707228293319446,2016,3,806.2018939393939,26.919933712121217,3,-2.5010266940450947,0,0.0,2016,2013-16
2016-08-14,804.19501953125,426.93452041788584,33.707228293319446,2016,3,771.8537878787878,26.70051294191919,3,-2.5010266940450947,0,0.0,2016,2013-16
2016-08-15,894.8829956054688,427.1048308455327,33.718892885871085,2016,3,872.3583333333333,26.880839646464647,3,-2.5010266940450947,0,0.0,2016,2013-16
2016-08-16,925.7179870605469,427.21719727281226,33.737910114362535,2016,3,763.517803030303,26.987610479797983,3,-2.5010266940450947,0,0.0,2016,2013-16
2016-08-17,882.1449951171875,427.3460307936527,33.750974458020366,2016,3,874.2045454545456,26.759840593434344,3,-2.5010266940450947,0,0.0,2016,2013-16
2016-08-18,935.3370056152344,427.56711101886145,33.76450538538027,2016,3,611.9628787878788,27.06811868686869,3,-2.5010266940450947,0,0.0,2016,2013-16
2016-08-19,858.9710083007812,427.6181038618202,33.76963780610299,2016,3,861.4424242424242,26.9350220959596,3,-2.5010266940450947,0,0.0,2016,2013-16
2016-08-20,819.28701171875,427.64128242680147,33.77197072461332,2016,3,849.4617424242424,27.085140467171716,3,-2.5010266940450947,0,0.0,2016,2013-16
2016-08-21,822.8420104980469,427.64128242680147,33.77197072461332,2016,3,632.2636363636364,26.744113005050508,3,-2.5010266940450947,0,0.0,2016,2013-16
2016-08-22,986.5999877929687,427.81570366287303,33.77663656163397,2016,3,525.5901515151515,26.974463383838373,3,-2.5010266940450947,1,427.81570366287303,2016,2013-16
2016-08-23,1013.7890075683594,428.20346721137855,33.788767737887675,2016,3,453.5208333333333,27.50219381313131,3,-2.5010266940450947,1,428.20346721137855,2016,2013-16
2016-08-24,996.702001953125,428.4483281580764,33.81338397080391,2016,3,769.8916666666667,27.787476325757577,3,-2.5010266940450947,0,0.0,2016,2013-16
2016-08-25,919.3999938964844,428.57430262999384,33.8319346155933,2016,3,892.5492424242424,27.539220328282827,3,-2.5010266940450947,0,0.0,2016,2013-16
2016-08-26,894.8830017089844,428.6716526029151,33.841732873336674,2016,3,807.7689393939394,26.958972537878793,3,-2.5010266940450947,0,0.0,2016,2013-16
2016-08-27,802.0650024414062,428.6716526029151,33.841732873336674,2016,3,817.2151515151515,26.627020202020205,3,-2.5010266940450947,0,0.0,2016,2013-16
2016-08-28,791.1329772949218,428.6809240289076,33.8426660407408,2016,3,683.9871212121212,26.731881313131307,3,-2.5010266940450947,0,0.0,2016,2013-16
2016-08-29,888.1679992675781,428.82183663891163,33.856196968100704,2016,3,866.9973484848484,26.766879734848487,3,-2.5010266940450947,0,0.0,2016,2013-16
2016-08-30,938.0639709472656,428.9366936569281,33.86739497695028,2016,3,599.3943181818182,26.90786773989899,3,-2.5010266940450947,0,0.0,2016,2013-16
2016-08-31,945.3519836425781,429.02940791685313,33.87672665099159,2016,3,688.1125,27.443497474747474,3,-2.5010266940450947,0,0.0,2016,2013-16
2016-09-01,948.4939819335938,429.21033532465805,33.8874580761391,2016,3,742.4829545454546,27.57748579545454,3,-2.5010266940450947,0,0.0,2016,2013-16
2016-09-02,902.2370056152344,429.4596523483119,33.8995892523928,2016,3,787.4662878787879,27.028630050505054,3,-2.5010266940450947,0,0.0,2016,2013-16
2016-09-03,867.4210021972656,429.4735594873007,33.900989003499,2016,3,555.489393939394,27.12221433080808,3,-2.5010266940450947,1,429.4735594873007,2016,2013-16
2016-09-04,857.8619873046875,429.4735594873007,33.900989003499,2016,3,759.0647727272728,27.486781881313124,3,-2.5010266940450947,0,0.0,2016,2013-16
2016-09-05,811.5879943847656,429.47819520029697,33.90145558720106,2016,3,812.1371212121212,27.14580176767677,3,-2.5010266940450947,0,0.0,2016,2013-16
2016-09-06,907.4049926757813,429.6541723862535,33.911720428646504,2016,3,816.6212121212122,26.75098642676768,3,-2.5010266940450947,0,0.0,2016,2013-16
2016-09-07,881.50400390625,429.83109894649056,33.92385160490021,2016,3,771.7924242424242,26.989212436868687,3,-2.5010266940450947,0,0.0,2016,2013-16
2016-09-08,882.2220031738282,429.9841700493732,33.93738253226011,2016,3,833.2685606060606,26.914543876262627,3,-2.5010266940450947,0,0.0,2016,2013-16
2016-09-09,884.2219848632812,430.0662676472166,33.94578103889729,2016,3,818.4412878787878,26.81893939393939,3,-2.5010266940450947,0,0.0,2016,2013-16
2016-09-10,822.5529968261719,430.08017478620536,33.947180790003486,2016,3,666.1204545454545,26.67956912878788,3,-2.5010266940450947,0,0.0,2016,2013-16
2016-09-11,816.6100158691406,430.08481049920164,33.94764737370555,2016,3,738.801893939394,26.673405934343435,3,-2.5010266940450947,0,0.0,2016,2013-16
2016-09-12,986.1959838867188,430.1162940471208,33.958732679261885,2016,3,405.3117424242424,26.784098800505053,3,-2.5010266940450947,1,430.1162940471208,2016,2013-16
2016-09-13,959.4640014648437,430.2173132899837,33.968997520707326,2016,3,599.9920454545455,26.799352904040404,3,-2.5010266940450947,0,0.0,2016,2013-16
2016-09-14,939.085009765625,430.3100275499087,33.98614841439051,2016,3,571.148106060606,26.24457070707071,3,-2.5010266940450947,1,430.3100275499087,2016,2013-16
2016-09-15,896.2660095214844,430.3739610888016,33.99268058621943,2016,3,813.1541666666667,27.226128472222225,3,-2.5010266940450947,0,0.0,2016,2013-16
2016-09-16,927.9619873046875,430.44470898615754,33.999212758048344,2016,3,718.7780303030303,27.365048926767685,3,-2.5010266940450947,0,0.0,2016,2013-16
2016-09-17,930.2629943847656,430.45398041215003,34.00014592545247,2016,3,481.1723484848484,27.434319760101015,3,-2.5010266940450947,1,430.45398041215003,2016,2013-16
2016-09-18,798.1930236816406,430.4586161251463,34.000612509154536,2016,3,810.355303030303,27.101491477272727,3,-2.5010266940450947,0,0.0,2016,2013-16
2016-09-19,903.5159973144531,430.5291772664323,34.02324970396928,2016,3,726.257196969697,26.472198547979797,3,-2.5010266940450947,0,0.0,2016,2013-16
2016-09-20,858.3470092773438,430.7877620201334,34.03771379873331,2016,3,788.4015151515151,26.612791982323234,3,-2.5010266940450947,0,0.0,2016,2013-16
2016-09-21,858.197998046875,430.88078494118645,34.06175074465425,2016,3,702.7916666666666,26.25435606060606,3,-2.5010266940450947,0,0.0,2016,2013-16
2016-09-22,888.6139953613281,431.0319354202376,34.07714800682241,2016,3,783.230303030303,26.82513415404041,3,-2.5010266940450947,0,0.0,2016,2013-16
2016-09-23,942.6889953613281,431.0873313871263,34.09056623088908,2016,3,797.0696969696969,27.55931976010101,3,-2.5010266940450947,0,0.0,2016,2013-16
2016-09-24,844.3110107421875,431.0919671001226,34.091032814591145,2016,3,850.3469696969698,27.647837752525252,3,-2.5010266940450947,0,0.0,2016,2013-16
2016-09-25,804.4090026855469,431.09660281311886,34.09149939829321,2016,3,816.6015151515152,26.968947285353536,3,-2.5010266940450947,0,0.0,2016,2013-16
2016-09-26,946.5830017089844,431.19395278604014,34.101297656036586,2016,3,642.6325757575758,26.825804924242423,3,-2.5010266940450947,0,0.0,2016,2013-16
2016-09-27,908.9510192871094,431.29721552538166,34.111562497482026,2016,3,776.973106060606,26.846030618686868,3,-2.5010266940450947,0,0.0,2016,2013-16
2016-09-28,916.2319946289062,431.5134235038296,34.12556000854399,2016,3,755.0530303030303,26.900465593434348,3,-2.5010266940450947,0,0.0,2016,2013-16
2016-09-29,936.2629943847656,431.6284547219653,34.13722460109563,2016,3,694.7151515151515,26.922624684343432,3,-2.5010266940450947,0,0.0,2016,2013-16
2016-09-30,909.4430053710937,432.2283600759408,34.15588794917825,2016,3,759.0950757575758,26.91297348484849,3,-2.5010266940450947,0,0.0,2016,2013-16
2016-10-01,823.1940002441406,432.2376315019333,34.15682111658238,2016,4,772.7950757575758,26.79472853535354,4,-2.5010266940450947,0,0.0,2016,2013-16
2016-10-02,807.8750122070312,432.2376315019333,34.15682111658238,2016,4,628.6931818181818,26.637823547979803,4,-2.5010266940450947,0,0.0,2016,2013-16
2016-10-03,932.3999938964844,432.3257100488621,34.16568620692162,2016,4,662.6159090909091,27.133191287878788,4,-2.5010266940450947,0,0.0,2016,2013-16
2016-10-04,933.4420227050781,432.44623858676465,34.177817383175324,2016,4,701.2439393939394,27.288565340909084,4,-2.5010266940450947,0,0.0,2016,2013-16
2016-10-05,917.0840454101562,432.53110329567744,34.18574930611044,2016,4,711.0806818181818,27.073768939393943,4,-2.5010266940450947,0,0.0,2016,2013-16
2016-10-06,887.2269958496094,432.72639366349904,34.203012903086865,2016,4,791.7098484848485,26.83656092171717,4,-2.5010266940450947,0,0.0,2016,2013-16
2016-10-07,874.610009765625,432.79129364544656,34.20954507491578,2016,4,746.5412878787879,26.632512626262635,4,-2.5010266940450947,0,0.0,2016,2013-16
2016-10-08,778.0809875488281,432.8144722104278,34.21187799342611,2016,4,802.2772727272727,26.447608901515153,4,-2.5010266940450947,0,0.0,2016,2013-16
2016-10-09,738.5489868164062,432.8237436364203,34.212811160830235,2016,4,830.1041666666666,26.16367582070707,4,-2.5010266940450947,0,0.0,2016,2013-16
2016-10-10,887.8050048828125,432.9440395852566,34.22494233708394,2016,4,524.592803030303,26.139378156565655,4,-2.5010266940450947,1,432.9440395852566,2016,2013-16
2016-10-11,871.1439880371094,433.15559964178124,34.230541341508726,2016,4,691.9659090909091,26.47571811868687,4,-2.5010266940450947,0,0.0,2016,2013-16
2016-10-12,877.2659851074219,433.379631706727,34.23987301555004,2016,4,766.0109848484848,26.65962752525252,4,-2.5010266940450947,0,0.0,2016,2013-16
2016-10-13,882.4329895019531,433.50016024462957,34.25200419180374,2016,4,739.5231060606061,26.64947916666667,4,-2.5010266940450947,0,0.0,2016,2013-16
2016-10-14,909.2910095214844,433.6527416998774,34.26506853546157,2016,4,504.892803030303,26.56441761363637,4,-2.5010266940450947,1,433.6527416998774,2016,2013-16
2016-10-15,782.441015625,433.6527416998774,34.26506853546157,2016,4,777.5833333333333,26.641043244949497,4,-2.5010266940450947,0,0.0,2016,2013-16
2016-10-16,785.5140014648438,433.6573774128737,34.26553511916364,2016,4,654.7810606060606,26.690451388888892,4,-2.5010266940450947,0,0.0,2016,2013-16
2016-10-17,911.3009948730469,433.75279449968576,34.275333376907014,2016,4,628.5450757575758,26.67290088383839,4,-2.5010266940450947,0,0.0,2016,2013-16
2016-10-18,899.7590026855469,433.85478018560326,34.285598218352455,2016,4,761.655303030303,26.89678819444444,4,-2.5010266940450947,0,0.0,2016,2013-16
2016-10-19,939.9270202636719,433.93822301953577,34.29399672498963,2016,4,513.3390151515152,26.809880050505047,4,-2.5010266940450947,1,433.93822301953577,2016,2013-16
2016-10-20,896.0359985351563,433.9845801494983,34.298662562010286,2016,4,684.5481060606061,26.55958806818182,4,-2.5010266940450947,0,0.0,2016,2013-16
2016-10-21,894.714990234375,434.06338727043453,34.3065944849454,2016,4,583.0507575757576,26.453345959595953,4,-2.5010266940450947,1,434.06338727043453,2016,2013-16
2016-10-22,780.0,434.072658696427,34.30752765234953,2016,4,675.525,26.229277146464643,4,-2.5010266940450947,0,0.0,2016,2013-16
2016-10-23,771.0210083007812,434.072658696427,34.30752765234953,2016,4,663.8670454545454,26.26208964646465,4,-2.5010266940450947,0,0.0,2016,2013-16
2016-10-24,895.5090209960938,434.20245866032207,34.32059199600736,2016,4,419.4102272727272,25.94956597222222,4,-2.5010266940450947,1,434.20245866032207,2016,2013-16
2016-10-25,852.7320007324219,434.2627229292733,34.32665758413421,2016,4,723.9534090909091,25.91635101010102,4,-2.5010266940450947,0,0.0,2016,2013-16
2016-10-26,906.5530090332031,434.3461657632058,34.33505609077139,2016,4,486.2530303030303,26.10135732323232,4,-2.5010266940450947,1,434.3461657632058,2016,2013-16
2016-10-27,887.2550048828125,434.4574228751158,34.346254099620964,2016,4,566.5795454545454,25.885093118686868,4,-2.5010266940450947,1,434.4574228751158,2016,2013-16
2016-10-28,850.7640075683594,434.5222999405651,34.35278627144988,2016,4,642.7325757575757,25.899494949494947,4,-2.5010266940450947,0,0.0,2016,2013-16
2016-10-29,788.8049987792969,434.5315713665576,34.35371943885401,2016,4,510.2136363636364,25.624763257575754,4,-2.5010266940450947,1,434.5315713665576,2016,2013-16
2016-10-30,740.4510070800782,434.5362070795539,34.35418602255607,2016,4,603.626893939394,25.95815183080808,4,-2.5010266940450947,0,0.0,2016,2013-16
2016-10-31,854.1450073242188,434.65209990446016,34.36585061510771,2016,4,626.789393939394,25.961308396464645,4,-2.5010266940450947,0,0.0,2016,2013-16
2016-11-01,841.75,434.8451721692917,34.38171446097794,2016,4,627.7272727272727,26.001949179292932,4,-2.5010266940450947,0,0.0,2016,2013-16
2016-11-02,817.1610046386719,434.95179356820546,34.392445886125444,2016,4,708.0700757575758,25.7139678030303,4,-2.5010266940450947,0,0.0,2016,2013-16
2016-11-03,832.9780151367188,435.0343747953674,34.40084439276262,2016,4,727.7299242424243,25.449857954545454,4,-2.5010266940450947,0,0.0,2016,2013-16
2016-11-04,845.7940124511719,435.2334222859367,34.41764140603698,2016,4,661.9723484848485,25.361387310606062,4,-2.5010266940450947,0,0.0,2016,2013-16
2016-11-05,779.7240051269531,435.2334222859367,34.41764140603698,2016,4,678.630303030303,25.68454861111111,4,-2.5010266940450947,0,0.0,2016,2013-16
2016-11-06,757.7639831542969,435.2334222859367,34.41764140603698,2016,4,659.4155303030303,25.598950441919197,4,-2.5010266940450947,0,0.0,2016,2013-16
2016-11-07,888.5960144042969,435.4598847278075,34.427439663780355,2016,4,333.60416666666663,24.738044507575754,4,-2.5010266940450947,1,435.4598847278075,2016,2013-16
2016-11-08,836.5619934082031,435.524784709755,34.43397183560927,2016,4,653.457196969697,24.952690972222225,4,-2.5010266940450947,0,0.0,2016,2013-16
2016-11-09,858.6870239257812,435.6483476521708,34.44563642816091,2016,4,697.1113636363636,25.654158775252522,4,-2.5010266940450947,0,0.0,2016,2013-16
2016-11-10,852.3480102539063,435.7726698811439,34.45823418811668,2016,4,702.576893939394,25.481147411616163,4,-2.5010266940450947,0,0.0,2016,2013-16
2016-11-11,815.1919921875,435.82366272410263,34.4633666088394,2016,4,702.3901515151515,25.653030303030306,4,-2.5010266940450947,0,0.0,2016,2013-16
2016-11-12,784.1410034179687,435.8329341500951,34.46429977624353,2016,4,706.7189393939394,25.929292929292927,4,-2.5010266940450947,0,0.0,2016,2013-16
2016-11-13,770.3210021972657,435.8375698630914,34.46476635994559,2016,4,667.5590909090909,26.178014520202023,4,-2.5010266940450947,0,0.0,2016,2013-16
2016-11-14,844.4039978027344,435.9200462539693,34.48098408622465,2016,4,699.5212121212122,25.98673453282828,4,-2.5010266940450947,0,0.0,2016,2013-16
2016-11-15,879.6459899902344,436.0081248008981,34.497668396205775,2016,4,616.8450757575757,25.985827020202024,4,-2.5010266940450947,0,0.0,2016,2013-16
2016-11-16,870.610009765625,436.14407546206695,34.51901854320755,2016,4,641.5746212121212,26.06493055555556,4,-2.5010266940450947,0,0.0,2016,2013-16
2016-11-17,865.5469970703125,436.2414844382759,34.52881680095093,2016,4,518.9814393939394,25.8637389520202,4,-2.5010266940450947,1,436.2414844382759,2016,2013-16
2016-11-18,833.1690124511719,436.36201297617845,34.54876719684651,2016,4,650.4503787878788,25.504758522727276,4,-2.5010266940450947,0,0.0,2016,2013-16
2016-11-19,814.2739868164062,436.408370106141,34.553433033867165,2016,4,415.6348484848485,25.231186868686866,4,-2.5010266940450947,1,436.408370106141,2016,2013-16
2016-11-20,739.7740051269532,436.42227724512975,34.554832784973364,2016,4,663.480303030303,25.34023042929293,4,-2.5010266940450947,0,0.0,2016,2013-16
2016-11-21,924.0570068359375,436.58555264634083,34.57898243418754,2016,4,313.0943181818182,25.357291666666658,4,-2.5010266940450947,1,436.58555264634083,2016,2013-16
2016-11-22,840.4749877929687,436.6906057406608,34.588780691930914,2016,4,551.0166666666667,25.334390782828283,4,-2.5010266940450947,1,436.6906057406608,2016,2013-16
2016-11-23,850.2500183105469,436.91296027757755,34.60639816931617,2016,4,544.5935606060606,25.175094696969698,4,-2.5010266940450947,1,436.91296027757755,2016,2013-16
2016-11-24,822.9359802246094,436.91296027757755,34.60639816931617,2016,4,480.2776515151515,25.258112373737376,4,-2.5010266940450947,1,436.91296027757755,2016,2013-16
2016-11-25,816.7260070800781,436.9454102685513,34.60966425523063,2016,4,456.1681818181818,25.066887626262627,4,-2.5010266940450947,1,436.9454102685513,2016,2013-16
2016-11-26,741.2519958496093,436.9546816945438,34.61059742263476,2016,4,579.271590909091,25.487910353535355,4,-2.5010266940450947,1,436.9546816945438,2016,2013-16
2016-11-27,774.6999877929687,436.9639531205363,34.61153059003889,2016,4,539.0522727272727,25.572545770202026,4,-2.5010266940450947,1,436.9639531205363,2016,2013-16
2016-11-28,860.9769958496094,437.1688217115331,34.63707999035926,2016,4,542.810606060606,25.47237215909091,4,-2.5010266940450947,1,437.1688217115331,2016,2013-16
2016-11-29,880.17900390625,437.28935024943564,34.649211166612965,2016,4,408.3094696969697,24.74906092171717,4,-2.5010266940450947,1,437.28935024943564,2016,2013-16
2016-11-30,829.7910034179688,437.45578625172107,34.65714308954808,2016,4,552.4439393939394,25.17037563131313,4,-2.5010266940450947,1,437.45578625172107,2016,2013-16
2016-12-01,856.2840087890625,437.5469724012398,34.66600817988732,2016,4,439.1143939393939,25.066137941919184,4,-2.5010266940450947,1,437.5469724012398,2016,2013-16
2016-12-02,861.4619873046875,437.69701893824725,34.67767277243896,2016,4,542.196212121212,25.195699179292927,4,-2.5010266940450947,1,437.69701893824725,2016,2013-16
2016-12-03,815.2640075683594,437.729468929221,34.68093885835342,2016,4,533.5462121212121,25.07374526515152,4,-2.5010266940450947,1,437.729468929221,2016,2013-16
2016-12-04,853.0459838867188,437.729468929221,34.68093885835342,2016,4,146.09242424242422,24.710992739898987,4,-2.5010266940450947,1,437.729468929221,2016,2013-16
2016-12-05,846.5730163574219,437.8773097730003,34.69353661830919,2016,4,585.5261363636363,24.484414457070702,4,-2.5010266940450947,1,437.8773097730003,2016,2013-16
2016-12-06,860.4049926757813,438.2786849696579,34.704734627158764,2016,4,579.3659090909091,24.292061237373733,4,-2.5010266940450947,1,438.2786849696579,2016,2013-16
2016-12-07,915.8970153808593,438.37603494257917,34.71453288490214,2016,4,438.9772727272727,25.265877525252524,4,-2.5010266940450947,1,438.37603494257917,2016,2013-16
2016-12-08,975.3059814453125,438.8735653961625,34.72293139153932,2016,4,127.07272727272728,24.724992108585862,4,-2.5010266940450947,1,438.8735653961625,2016,2013-16
2016-12-09,912.9179931640625,439.1516978102953,34.73459598409096,2016,4,375.4064393939394,24.418631628787878,4,-2.5010266940450947,1,439.1516978102953,2016,2013-16
2016-12-10,816.7249938964844,439.17024066228026,34.73646231889922,2016,4,510.1397727272727,24.560811237373738,4,-2.5010266940450947,1,439.17024066228026,2016,2013-16
2016-12-11,781.0640075683593,439.18414780126903,34.73786207000542,2016,4,557.9965909090909,24.46887626262625,4,-2.5010266940450947,1,439.18414780126903,2016,2013-16
2016-12-12,835.30400390625,439.28694926096074,34.74812691145086,2016,4,604.8818181818182,24.255681818181817,4,-2.5010266940450947,0,0.0,2016,2013-16
2016-12-13,794.1359985351562,439.3750278078895,34.7569920017901,2016,4,633.9791666666667,23.764086174242426,4,-2.5010266940450947,0,0.0,2016,2013-16
2016-12-14,797.0439880371093,439.4862849197995,34.76819001063968,2016,4,593.95,23.74453914141414,4,-2.5010266940450947,0,0.0,2016,2013-16
2016-12-15,793.5890075683594,439.7134348566158,34.79887183168277,2016,4,449.5886363636364,23.24629892676768,4,-2.5010266940450947,1,439.7134348566158,2016,2013-16
2016-12-16,738.2990051269531,439.87034500916707,34.80820350572408,2016,4,646.1700757575758,22.965025252525248,4,-2.5010266940450947,0,0.0,2016,2013-16
2016-12-17,734.2039855957031,439.87034500916707,34.80820350572408,2016,4,596.369696969697,23.93211805555555,4,-2.5010266940450947,0,0.0,2016,2013-16
2016-12-18,773.9589904785156,439.87961643515956,34.80913667312821,2016,4,410.6583333333334,24.11996527777778,4,-2.5010266940450947,1,439.87961643515956,2016,2013-16
2016-12-19,879.1530029296875,439.96769498208835,34.81800176346745,2016,4,463.5435606060606,25.114417613636366,4,-2.5010266940450947,1,439.96769498208835,2016,2013-16
2016-12-20,865.7510192871093,440.0743163810021,34.828733188614954,2016,4,585.3784090909091,25.083222853535357,4,-2.5010266940450947,1,440.0743163810021,2016,2013-16
2016-12-21,845.9080017089843,440.2464053757481,34.841797532272786,2016,4,569.4204545454545,24.793331755050506,4,-2.5010266940450947,1,440.2464053757481,2016,2013-16
2016-12-22,847.8910034179687,440.40942869547916,34.853462124824425,2016,4,455.1738636363636,24.522435290404037,4,-2.5010266940450947,1,440.40942869547916,2016,2013-16
2016-12-23,837.1260009765625,440.4882358164154,34.86139404775954,2016,4,545.0030303030303,24.730595012626264,4,-2.5010266940450947,1,440.4882358164154,2016,2013-16
2016-12-24,779.21201171875,440.4928715294117,34.8618606314616,2016,4,538.6515151515152,24.615538194444444,4,-2.5010266940450947,1,440.4928715294117,2016,2013-16
2016-12-25,708.5929931640625,440.4928715294117,34.8618606314616,2016,4,526.0757575757576,24.70417455808081,4,-2.5010266940450947,1,440.4928715294117,2016,2013-16
2016-12-26,784.758984375,440.52532152038543,34.865126717376064,2016,4,519.8200757575758,24.596148989898992,4,-2.5010266940450947,1,440.52532152038543,2016,2013-16
2016-12-27,824.2680053710938,440.68804982367806,34.888809782888174,2016,4,505.807196969697,24.643371212121213,4,-2.5010266940450947,1,440.68804982367806,2016,2013-16
2016-12-28,801.7869934082031,440.7388271463446,34.8939422036109,2016,4,599.0155303030303,24.22687815656565,4,-2.5010266940450947,0,0.0,2016,2013-16
2016-12-29,819.4259948730469,440.8037271282921,34.90047437543981,2016,4,505.5560606060606,23.54074337121212,4,-2.5010266940450947,1,440.8037271282921,2016,2013-16
2016-12-30,838.4289978027343,440.9434602665729,34.93559662691709,2016,4,267.13257575757575,22.88114741161616,4,-2.5010266940450947,1,440.9434602665729,2016,2013-16
2016-12-31,723.3130065917969,440.9434602665729,34.93559662691709,2016,4,569.8193181818182,22.96892361111111,4,-2.5010266940450947,1,440.9434602665729,2016,2013-16
2017-01-01,620.7709655761719,440.9434602665729,34.93559662691709,2017,1,642.585606060606,23.072593118686864,1,-1.5010266940450947,0,0.0,2017,2017-20
2017-01-02,715.3800231933594,440.9495472785454,34.93733423128195,2017,1,575.1670454545454,23.109382891414146,1,-1.5010266940450947,1,440.9495472785454,2017,2017-20
2017-01-03,768.5160400390625,441.0286784341877,34.95992308802516,2017,1,653.4674242424242,22.935842803030308,1,-1.5010266940450947,0,0.0,2017,2017-20
2017-01-04,778.2970031738281,441.05302648207766,34.96687350548461,2017,1,585.5867424242425,22.857220643939396,1,-1.5010266940450947,1,441.05302648207766,2017,2017-20
2017-01-05,803.733984375,441.20335737911046,34.992068768775106,2017,1,517.964393939394,22.747498421717168,1,-1.5010266940450947,1,441.20335737911046,2017,2017-20
2017-01-06,722.3249816894531,441.2594165388159,35.00944481242373,2017,1,679.2723484848484,22.480105744949487,1,-1.5010266940450947,0,0.0,2017,2017-20
2017-01-07,685.422998046875,441.2655035507884,35.01118241678859,2017,1,544.7386363636364,22.459627525252525,1,-1.5010266940450947,1,441.2655035507884,2017,2017-20
2017-01-08,652.6839965820312,441.2655035507884,35.01118241678859,2017,1,649.2079545454545,22.8306581439394,1,-1.5010266940450947,0,0.0,2017,2017-20
2017-01-09,796.1089538574219,441.3507217184032,35.03550887789666,2017,1,552.5132575757576,23.671654040404036,1,-1.5010266940450947,1,441.3507217184032,2017,2017-20
2017-01-10,793.3230529785156,441.45860404586534,35.0728673717412,2017,1,603.3454545454546,23.84856376262626,1,-1.5010266940450947,0,0.0,2017,2017-20
2017-01-11,823.6770080566406,441.55599623742506,35.10066904157899,2017,1,609.8742424242424,24.37985321969697,1,-1.5010266940450947,0,0.0,2017,2017-20
2017-01-12,829.2239868164063,441.6229533691224,35.119782689592476,2017,1,652.2390151515152,24.792810921717173,1,-1.5010266940450947,0,0.0,2017,2017-20
2017-01-13,814.95400390625,441.95678235921116,35.144109150700544,2017,1,655.2253787878788,24.723879419191917,1,-1.5010266940450947,0,0.0,2017,2017-20
2017-01-14,754.431005859375,441.9628693711837,35.145846755065406,2017,1,576.9704545454546,24.816177398989893,1,-1.5010266940450947,1,441.9628693711837,2017,2017-20
2017-01-15,716.0299865722657,441.9689563831562,35.14758435943027,2017,1,661.4015151515152,24.72202493686869,1,-1.5010266940450947,0,0.0,2017,2017-20
2017-01-16,782.6440246582031,441.98113040710115,35.151059568159994,2017,1,662.3102272727273,24.50728377525252,1,-1.5010266940450947,0,0.0,2017,2017-20
2017-01-17,811.3109985351563,442.04094565648774,35.16843561180862,2017,1,593.0958333333334,24.38886521464647,1,-1.5010266940450947,0,0.0,2017,2017-20
2017-01-18,836.5929931640625,442.1366474525072,35.206662907835586,2017,1,587.2549242424242,24.662870896464643,1,-1.5010266940450947,1,442.1366474525072,2017,2017-20
2017-01-19,810.983984375,442.197517572232,35.22403895148421,2017,1,632.9598484848485,24.49735637626263,1,-1.5010266940450947,0,0.0,2017,2017-20
2017-01-20,845.5410461425781,442.2523006799844,35.23967739076797,2017,1,408.40530303030306,24.045446654040404,1,-1.5010266940450947,1,442.2523006799844,2017,2017-20
2017-01-21,776.2610412597656,442.2583876919569,35.241414995132835,2017,1,391.9784090909091,23.15458491161616,1,-1.5010266940450947,1,442.2583876919569,2017,2017-20
2017-01-22,679.5019775390625,442.2644747039294,35.2431525994977,2017,1,486.817803030303,23.13946496212122,1,-1.5010266940450947,1,442.2644747039294,2017,2017-20
2017-01-23,813.6569885253906,442.396488733933,35.2657414562409,2017,1,542.7753787878788,23.831360479797976,1,-1.5010266940450947,1,442.396488733933,2017,2017-20
2017-01-24,844.3600219726562,442.4390978177404,35.27790468679494,2017,1,427.5189393939394,23.72861426767677,1,-1.5010266940450947,1,442.4390978177404,2017,2017-20
2017-01-25,768.0509765625,442.49237148502687,35.2935431260787,2017,1,634.9806818181818,23.951278409090914,1,-1.5010266940450947,0,0.0,2017,2017-20
2017-01-26,756.2610290527343,442.56541562869666,35.320475993734064,2017,1,726.942803030303,23.915601325757578,1,-1.5010266940450947,0,0.0,2017,2017-20
2017-01-27,788.135009765625,442.6141117244765,35.334376828652964,2017,1,610.5878787878788,23.63174715909091,1,-1.5010266940450947,0,0.0,2017,2017-20
2017-01-28,712.6969787597657,442.620198736449,35.336114433017826,2017,1,613.2537878787879,23.132607323232317,1,-1.5010266940450947,0,0.0,2017,2017-20
2017-01-29,609.1270141601562,442.620198736449,35.336114433017826,2017,1,671.1193181818182,22.329024621212127,1,-1.5010266940450947,0,0.0,2017,2017-20
2017-01-30,712.3619873046875,442.7297649519537,35.367391311585344,2017,1,525.8564393939394,21.989417613636363,1,-1.5010266940450947,1,442.7297649519537,2017,2017-20
2017-01-31,711.3430541992187,442.8569566781738,35.40388100324745,2017,1,563.9924242424242,22.034438131313134,1,-1.5010266940450947,1,442.8569566781738,2017,2017-20
2017-02-01,712.8360229492188,442.9535875409906,35.43168267308524,2017,1,573.3924242424243,22.521354166666665,1,-1.5010266940450947,1,442.9535875409906,2017,2017-20
2017-02-02,720.7449768066406,443.01258506736167,35.449058716733866,2017,1,654.3030303030303,23.001104797979796,1,-1.5010266940450947,0,0.0,2017,2017-20
2017-02-03,767.5990173339844,443.0551941511691,35.4612219472879,2017,1,586.3746212121212,23.526649305555555,1,-1.5010266940450947,1,443.0551941511691,2017,2017-20
2017-02-04,735.0890258789062,443.0551941511691,35.4612219472879,2017,1,524.8185606060606,23.719602272727276,1,-1.5010266940450947,1,443.0551941511691,2017,2017-20
2017-02-05,705.818994140625,443.0551941511691,35.4612219472879,2017,1,648.2871212121212,24.53478535353535,1,-1.5010266940450947,0,0.0,2017,2017-20
2017-02-06,896.8289794921875,443.1655600119596,35.48381080403111,2017,1,259.9325757575758,24.608443813131316,1,-1.5010266940450947,1,443.1655600119596,2017,2017-20
2017-02-07,744.4560119628907,443.23251714365693,35.502924452044596,2017,1,700.5431818181818,23.855310921717173,1,-1.5010266940450947,0,0.0,2017,2017-20
2017-02-08,732.160009765625,443.2909695213509,35.52030049569322,2017,1,657.775,22.268102904040404,1,-1.5010266940450947,0,0.0,2017,2017-20
2017-02-09,706.7110046386719,443.5024664702317,35.57590383536881,2017,1,742.7939393939394,22.547253787878788,1,-1.5010266940450947,0,0.0,2017,2017-20
2017-02-10,786.7000549316406,443.55116256601156,35.58980467028771,2017,1,498.3704545454545,23.611190025252522,1,-1.5010266940450947,1,443.55116256601156,2017,2017-20
2017-02-11,815.0599914550781,443.5755106139015,35.59675508774716,2017,1,114.02651515151516,23.43044507575758,1,-1.5010266940450947,1,443.5755106139015,2017,2017-20
2017-02-12,663.9349609375,443.5755106139015,35.59675508774716,2017,1,729.8113636363636,24.00453756313131,1,-1.5010266940450947,0,0.0,2017,2017-20
2017-02-13,767.5299621582031,443.66072878151624,35.63324477940927,2017,1,756.1454545454546,24.539812184343432,1,-1.5010266940450947,0,0.0,2017,2017-20
2017-02-14,852.6410217285156,443.73377292518603,35.66017764706463,2017,1,687.8681818181818,24.991832386363644,1,-1.5010266940450947,0,0.0,2017,2017-20
2017-02-15,889.885009765625,443.88611017137475,35.679291295078116,2017,1,370.61780303030304,24.754719065656563,1,-1.5010266940450947,1,443.88611017137475,2017,2017-20
2017-02-16,798.8439697265625,444.0348461121265,35.70188015182132,2017,1,749.2450757575758,24.059738005050505,1,-1.5010266940450947,0,0.0,2017,2017-20
2017-02-17,829.0890075683594,444.12006427974126,35.72620661292939,2017,1,697.6272727272727,24.67546559343434,1,-1.5010266940450947,0,0.0,2017,2017-20
2017-02-18,766.156982421875,444.12615129171377,35.72794421729425,2017,1,644.7094696969697,24.431439393939396,1,-1.5010266940450947,0,0.0,2017,2017-20
2017-02-19,661.6310180664062,444.12615129171377,35.72794421729425,2017,1,522.7992424242424,22.77973484848485,1,-1.5010266940450947,1,444.12615129171377,2017,2017-20
2017-02-20,649.9299926757812,444.1322383036863,35.72968182165911,2017,1,711.7238636363637,22.803203914141417,1,-1.5010266940450947,0,0.0,2017,2017-20
2017-02-21,763.5709899902344,444.18702141143865,35.745320260942876,2017,1,502.782196969697,23.12460542929293,1,-1.5010266940450947,1,444.18702141143865,2017,2017-20
2017-02-22,696.3849792480469,444.6889363333857,35.777465941692824,2017,1,782.1693181818182,23.375702335858588,1,-1.5010266940450947,0,0.0,2017,2017-20
2017-02-23,690.3590148925781,444.7498064531105,35.79484198534145,2017,1,766.6132575757576,23.210006313131306,1,-1.5010266940450947,0,0.0,2017,2017-20
2017-02-24,738.9030395507813,444.8110246475497,35.812218028990074,2017,1,598.1973484848485,22.435085227272726,1,-1.5010266940450947,0,0.0,2017,2017-20
2017-02-25,701.6489807128906,444.8171116595222,35.81395563335494,2017,1,516.2916666666667,22.427375315656565,1,-1.5010266940450947,1,444.8171116595222,2017,2017-20
2017-02-26,643.5130187988282,444.8171116595222,35.81395563335494,2017,1,785.5113636363637,23.614046717171718,1,-1.5010266940450947,0,0.0,2017,2017-20
2017-02-27,786.6320190429688,444.890155803192,35.83480688573328,2017,1,637.4102272727273,23.790711805555556,1,-1.5010266940450947,0,0.0,2017,2017-20
2017-02-28,865.9149780273438,445.13597596002705,35.85565813811162,2017,1,236.4496212121212,23.227635732323225,1,-1.5010266940450947,1,445.13597596002705,2017,2017-20
2017-03-01,846.3319946289063,445.2029330917244,35.87477178612511,2017,1,268.4090909090909,23.464551767676763,1,-1.5010266940450947,1,445.2029330917244,2017,2017-20
2017-03-02,795.7390197753906,445.2394551635593,35.885197412314284,2017,1,689.376893939394,24.519783775252524,1,-1.5010266940450947,0,0.0,2017,2017-20
2017-03-03,791.481005859375,445.4801178668309,35.893885434138596,2017,1,809.6837121212121,24.501515151515154,1,-1.5010266940450947,0,0.0,2017,2017-20
2017-03-04,781.8919982910156,445.4862048788034,35.89562303850346,2017,1,620.6166666666667,24.7030855429293,1,-1.5010266940450947,0,0.0,2017,2017-20
2017-03-05,707.3249816894531,445.4862048788034,35.89562303850346,2017,1,730.6359848484848,23.7333648989899,1,-1.5010266940450947,0,0.0,2017,2017-20
2017-03-06,739.9949768066406,445.57751005839066,35.92168710397639,2017,1,818.8875,23.603993055555563,1,-1.5010266940450947,0,0.0,2017,2017-20
2017-03-07,749.8559936523437,445.64259186334266,35.940800751989876,2017,1,756.9503787878788,23.549289772727274,1,-1.5010266940450947,0,0.0,2017,2017-20
2017-03-08,726.8469848632812,445.68520094715007,35.95296398254391,2017,1,796.0621212121212,23.042739898989897,1,-1.5010266940450947,0,0.0,2017,2017-20
2017-03-09,805.5870056152344,445.7821477635826,35.97555283928712,2017,1,655.2401515151515,23.669073547979796,1,-1.5010266940450947,0,0.0,2017,2017-20
2017-03-10,786.4199951171875,445.84910489527994,35.994666487300606,2017,1,748.6113636363636,24.27069128787879,1,-1.5010266940450947,0,0.0,2017,2017-20
2017-03-11,719.0720031738281,445.84910489527994,35.994666487300606,2017,1,842.8075757575758,24.83220486111111,1,-1.5010266940450947,0,0.0,2017,2017-20
2017-03-12,704.8840087890625,445.84910489527994,35.994666487300606,2017,1,826.95,25.024715909090904,1,-1.5010266940450947,0,0.0,2017,2017-20
2017-03-13,831.6859802246094,445.87345294316987,36.001616904760056,2017,1,786.623106060606,25.0674163510101,1,-1.5010266940450947,0,0.0,2017,2017-20
2017-03-14,810.6910095214844,445.9586711107846,36.02594336586812,2017,1,826.6560606060606,25.08981218434344,1,-1.5010266940450947,0,0.0,2017,2017-20
2017-03-15,817.7470153808594,446.00043499682187,36.03810659642216,2017,1,757.5867424242425,24.92124368686869,1,-1.5010266940450947,0,0.0,2017,2017-20
2017-03-16,801.04599609375,446.0814466980792,36.06243305753023,2017,1,833.6132575757576,24.515127840909088,1,-1.5010266940450947,0,0.0,2017,2017-20
2017-03-17,763.1620361328125,446.14231681780404,36.085890716455864,2017,1,795.75,23.729545454545455,1,-1.5010266940450947,0,0.0,2017,2017-20
2017-03-18,642.5119995117187,446.14231681780404,36.085890716455864,2017,1,864.3212121212122,23.615656565656565,1,-1.5010266940450947,0,0.0,2017,2017-20
2017-03-19,621.2629699707031,446.14231681780404,36.085890716455864,2017,1,887.4587121212122,24.11342329545454,1,-1.5010266940450947,0,0.0,2017,2017-20
2017-03-20,791.197998046875,446.212943219443,36.10674196883421,2017,1,833.6147727272728,24.634801136363635,1,-1.5010266940450947,0,0.0,2017,2017-20
2017-03-21,782.0540466308594,446.22511724338796,36.11021717756393,2017,1,882.810606060606,24.95439551767677,1,-1.5010266940450947,0,0.0,2017,2017-20
2017-03-22,799.9749816894531,446.2920743750853,36.13541244085443,2017,1,884.8219696969696,24.899179292929293,1,-1.5010266940450947,0,0.0,2017,2017-20
2017-03-23,827.8249877929687,446.5109883839884,36.16842692378681,2017,1,790.6844696969698,24.960361426767676,1,-1.5010266940450947,0,0.0,2017,2017-20
2017-03-24,893.281005859375,446.59137106754144,36.19275338489488,2017,1,581.1359848484848,25.206486742424243,1,-1.5010266940450947,1,446.59137106754144,2017,2017-20
2017-03-25,707.45498046875,446.59137106754144,36.19275338489488,2017,1,860.3246212121212,25.010069444444444,1,-1.5010266940450947,0,0.0,2017,2017-20
2017-03-26,689.9289916992187,446.59137106754144,36.19275338489488,2017,1,795.8242424242424,25.250157828282834,1,-1.5010266940450947,0,0.0,2017,2017-20
2017-03-27,776.8480102539063,446.67050222318375,36.21534224163808,2017,1,849.2098484848484,25.364046717171718,1,-1.5010266940450947,0,0.0,2017,2017-20
2017-03-28,812.172998046875,446.8531125823582,36.26747037258395,2017,1,707.5416666666667,25.147119633838386,1,-1.5010266940450947,0,0.0,2017,2017-20
2017-03-29,804.7159973144531,446.88354764222066,36.27615839440826,2017,1,786.5738636363636,25.289741161616163,1,-1.5010266940450947,0,0.0,2017,2017-20
2017-03-30,802.4259948730469,447.02113117555695,36.31612329480009,2017,1,803.0386363636364,25.288439078282824,1,-1.5010266940450947,0,0.0,2017,2017-20
2017-03-31,776.3929931640625,447.13678440303414,36.34913777773247,2017,1,876.048106060606,25.19105902777778,1,-1.5010266940450947,0,0.0,2017,2017-20
2017-04-01,709.843994140625,447.13678440303414,36.34913777773247,2017,2,804.135606060606,25.305650252525243,2,-1.5010266940450947,0,0.0,2017,2017-20
2017-04-02,669.0160278320312,447.13678440303414,36.34913777773247,2017,2,843.142803030303,25.01376262626263,2,-1.5010266940450947,0,0.0,2017,2017-20
2017-04-03,789.3519897460938,447.30819101113104,36.37867705193513,2017,2,871.9238636363636,25.256249999999998,2,-1.5010266940450947,0,0.0,2017,2017-20
2017-04-04,771.868994140625,447.51760021965873,36.437755600340445,2017,2,833.2234848484848,25.15808080808081,2,-1.5010266940450947,0,0.0,2017,2017-20
2017-04-05,771.7049926757812,447.6290469807785,36.46903247890796,2017,2,853.2814393939394,25.040451388888886,2,-1.5010266940450947,0,0.0,2017,2017-20
2017-04-06,802.4489929199219,447.69600411247586,36.48814612692145,2017,2,681.382196969697,25.059446022727272,2,-1.5010266940450947,0,0.0,2017,2017-20
2017-04-07,814.3079956054687,447.8707524666668,36.51421019239438,2017,2,770.7333333333333,25.435945391414137,2,-1.5010266940450947,0,0.0,2017,2017-20
2017-04-08,748.3610290527344,447.8707524666668,36.51421019239438,2017,2,750.1409090909091,25.584935290404044,2,-1.5010266940450947,0,0.0,2017,2017-20
2017-04-09,713.543017578125,447.8768394786393,36.51594779675924,2017,2,700.814393939394,25.369602272727274,2,-1.5010266940450947,0,0.0,2017,2017-20
2017-04-10,826.6729736328125,447.93916429134526,36.531586236043005,2017,2,745.2560606060606,25.48868371212121,2,-1.5010266940450947,0,0.0,2017,2017-20
2017-04-11,824.91201171875,448.0669915427674,36.57415754298213,2017,2,734.2219696969697,25.485834911616163,2,-1.5010266940450947,0,0.0,2017,2017-20
2017-04-12,796.2879760742187,448.1948187941896,36.61064723464423,2017,2,835.4625,25.506107954545453,2,-1.5010266940450947,0,0.0,2017,2017-20
2017-04-13,818.5840759277344,448.293226811101,36.631498487022576,2017,2,837.8905303030303,25.25415877525252,2,-1.5010266940450947,0,0.0,2017,2017-20
2017-04-14,822.8059875488282,448.35409693082585,36.6488745306712,2017,2,784.2882575757576,25.115151515151513,2,-1.5010266940450947,0,0.0,2017,2017-20
2017-04-15,723.5990112304687,448.36018394279836,36.65061213503606,2017,2,868.5367424242424,25.385535037878793,2,-1.5010266940450947,0,0.0,2017,2017-20
2017-04-16,704.34091796875,448.3723579667433,36.65408734376579,2017,2,579.3875,24.402256944444446,2,-1.5010266940450947,1,448.3723579667433,2017,2017-20
2017-04-17,787.4119873046875,448.4088800385782,36.66451296995496,2017,2,468.6935606060606,24.08966224747475,2,-1.5010266940450947,1,448.4088800385782,2017,2017-20
2017-04-18,758.1180053710938,448.481924182248,36.685364222333305,2017,2,830.132196969697,25.137058080808085,2,-1.5010266940450947,0,0.0,2017,2017-20
2017-04-19,836.0730285644531,448.5549683259178,36.70621547471165,2017,2,757.8715909090909,25.483065025252525,2,-1.5010266940450947,0,0.0,2017,2017-20
2017-04-20,895.0320068359375,448.6309753449992,36.72880433145485,2017,2,348.70113636363635,25.071235795454555,2,-1.5010266940450947,1,448.6309753449992,2017,2017-20
2017-04-21,853.8360107421875,448.79439277628956,36.75486839692778,2017,2,493.9034090909091,24.909706439393943,2,-1.5010266940450947,1,448.79439277628956,2017,2017-20
2017-04-22,764.9120361328125,448.79439277628956,36.75486839692778,2017,2,614.6405303030303,25.602438446969703,2,-1.5010266940450947,0,0.0,2017,2017-20
2017-04-23,714.660986328125,448.80047978826207,36.756606001292646,2017,2,785.5219696969697,25.955879103535356,2,-1.5010266940450947,0,0.0,2017,2017-20
2017-04-24,790.0120422363282,448.87961094390437,36.77919485803585,2017,2,902.6492424242424,25.83055555555556,2,-1.5010266940450947,0,0.0,2017,2017-20
2017-04-25,816.5300048828125,448.9236421832041,36.78093246240071,2017,2,651.4837121212121,25.667739898989897,2,-1.5010266940450947,0,0.0,2017,2017-20
2017-04-26,771.4059997558594,449.2410134361832,36.81915975842768,2017,2,907.6416666666667,25.71815025252525,2,-1.5010266940450947,0,0.0,2017,2017-20
2017-04-27,826.9299987792969,449.4779798338541,36.8504366369952,2017,2,833.1496212121212,25.58306502525252,2,-1.5010266940450947,0,0.0,2017,2017-20
2017-04-28,850.0260009765625,449.55102397752387,36.87128788937354,2017,2,722.5007575757576,24.95699179292929,2,-1.5010266940450947,0,0.0,2017,2017-20
2017-04-29,735.1930480957031,449.5571109894964,36.8730254937384,2017,2,371.7943181818182,22.8103851010101,2,-1.5010266940450947,1,449.5571109894964,2017,2017-20
2017-04-30,717.764990234375,449.57537202541386,36.87823830683299,2017,2,346.8492424242424,21.482670454545453,2,-1.5010266940450947,1,449.57537202541386,2017,2017-20
2017-05-01,742.7910278320312,449.68261081422753,36.90430237230592,2017,2,923.758712121212,25.34924242424243,2,-1.5010266940450947,0,0.0,2017,2017-20
2017-05-02,818.1630004882812,449.81816341318034,36.933841646508576,2017,2,901.6390151515152,26.238226010101005,2,-1.5010266940450947,0,0.0,2017,2017-20
2017-05-03,817.5250061035156,449.8668595089602,36.947742481427476,2017,2,864.6280303030304,25.95940656565657,2,-1.5010266940450947,0,0.0,2017,2017-20
2017-05-04,837.7890014648438,450.0359597188081,36.97728175563013,2017,2,702.442803030303,25.809414457070705,2,-1.5010266940450947,0,0.0,2017,2017-20
2017-05-05,792.2579711914062,450.15769995825775,37.01203384292737,2017,2,889.882196969697,26.100023674242422,2,-1.5010266940450947,0,0.0,2017,2017-20
2017-05-06,710.1110168457031,450.1759609941752,37.01724665602196,2017,2,878.4579545454544,26.071543560606056,2,-1.5010266940450947,0,0.0,2017,2017-20
2017-05-07,702.5010192871093,450.1759609941752,37.01724665602196,2017,2,863.8132575757576,26.086655618686866,2,-1.5010266940450947,0,0.0,2017,2017-20
2017-05-08,899.3440124511719,450.2475179073751,37.0407043149476,2017,2,604.209090909091,25.833806818181817,2,-1.5010266940450947,0,0.0,2017,2017-20
2017-05-09,829.3579895019532,450.30230101512745,37.05634275423136,2017,2,789.869696969697,25.82919034090909,2,-1.5010266940450947,0,0.0,2017,2017-20
2017-05-10,783.235009765625,450.3823236373441,37.07632520442727,2017,2,848.1348484848484,25.59206123737374,2,-1.5010266940450947,0,0.0,2017,2017-20
2017-05-11,793.6020202636719,450.4672920466895,37.098914061170476,2017,2,867.1875,25.77473169191919,2,-1.5010266940450947,0,0.0,2017,2017-20
2017-05-12,776.0940185546875,450.56468423824924,37.12671573100827,2017,2,883.1931818181818,26.07032828282828,2,-1.5010266940450947,0,0.0,2017,2017-20
2017-05-13,712.9050109863281,450.56468423824924,37.12671573100827,2017,2,819.5041666666668,25.98364109848485,2,-1.5010266940450947,0,0.0,2017,2017-20
2017-05-14,677.6539611816406,450.56468423824924,37.12671573100827,2017,2,782.110606060606,25.550031565656568,2,-1.5010266940450947,0,0.0,2017,2017-20
2017-05-15,794.8800170898437,450.5951192981117,37.13540375283258,2017,2,868.6329545454546,25.705255681818183,2,-1.5010266940450947,0,0.0,2017,2017-20
2017-05-16,782.8979919433593,450.6847340821587,37.15973021394065,2017,2,820.6094696969697,25.5693970959596,2,-1.5010266940450947,0,0.0,2017,2017-20
2017-05-17,776.5510131835938,450.7577782258285,37.18058146631899,2017,2,811.0534090909091,25.34987373737374,2,-1.5010266940450947,0,0.0,2017,2017-20
2017-05-18,798.1449523925781,450.8551704173882,37.20838313615678,2017,2,898.7594696969697,25.412736742424244,2,-1.5010266940450947,0,0.0,2017,2017-20
2017-05-19,826.4659606933594,451.03185994315896,37.2396600147243,2017,2,783.3969696969697,25.689015151515154,2,-1.5010266940450947,0,0.0,2017,2017-20
2017-05-20,744.76201171875,451.03185994315896,37.2396600147243,2017,2,735.0026515151515,25.673390151515154,2,-1.5010266940450947,0,0.0,2017,2017-20
2017-05-21,677.3340270996093,451.03185994315896,37.2396600147243,2017,2,859.4416666666666,25.617668876262627,2,-1.5010266940450947,0,0.0,2017,2017-20
2017-05-22,778.9909790039062,451.11099109880126,37.262248871467506,2017,2,851.1954545454546,25.63809185606061,2,-1.5010266940450947,0,0.0,2017,2017-20
2017-05-23,775.4470458984375,451.2388183502234,37.31090179368365,2017,2,853.0333333333332,25.642211174242423,2,-1.5010266940450947,0,0.0,2017,2017-20
2017-05-24,796.8739990234375,451.3544715777006,37.362161122447084,2017,2,720.4897727272728,25.66517518939394,2,-1.5010266940450947,0,0.0,2017,2017-20
2017-05-25,778.4770080566407,451.507662732957,37.42384607739969,2017,2,852.8185606060606,25.414030934343433,2,-1.5010266940450947,0,0.0,2017,2017-20
2017-05-26,819.2149536132813,451.59288090057174,37.46033576906179,2017,2,837.8875,25.074305555555554,2,-1.5010266940450947,0,0.0,2017,2017-20
2017-05-27,742.5330505371094,451.59288090057174,37.46033576906179,2017,2,667.3765151515152,25.35909090909091,2,-1.5010266940450947,0,0.0,2017,2017-20
2017-05-28,698.5249816894532,451.59896791254425,37.462073373426655,2017,2,853.3473484848485,26.023895202020203,2,-1.5010266940450947,0,0.0,2017,2017-20
2017-05-29,742.7719787597656,451.60505492451676,37.46381097779152,2017,2,856.1704545454546,25.989023042929293,2,-1.5010266940450947,0,0.0,2017,2017-20
2017-05-30,844.1350402832031,452.0393716125347,37.48639983453472,2017,2,829.0276515151515,26.283940972222222,2,-1.5010266940450947,0,0.0,2017,2017-20
2017-05-31,826.9229919433594,452.10149326017034,37.50377587818335,2017,2,833.0810606060606,26.465222537878788,2,-1.5010266940450947,0,0.0,2017,2017-20
2017-06-01,840.8950073242188,452.17453740384013,37.52462713056169,2017,2,746.6140151515152,26.2999053030303,2,-1.5010266940450947,0,0.0,2017,2017-20
2017-06-02,801.6640075683594,452.2505114660876,37.53679036111573,2017,2,826.9613636363636,26.073279671717177,2,-1.5010266940450947,0,0.0,2017,2017-20
2017-06-03,744.0039855957032,452.2505114660876,37.53679036111573,2017,2,809.9583333333334,26.05430082070707,2,-1.5010266940450947,0,0.0,2017,2017-20
2017-06-04,719.3550231933593,452.2505114660876,37.53679036111573,2017,2,799.8412878787879,26.0316130050505,2,-1.5010266940450947,0,0.0,2017,2017-20
2017-06-05,823.7159729003906,452.3277490611192,37.55937921785893,2017,2,900.4257575757576,26.23036616161616,2,-1.5010266940450947,0,0.0,2017,2017-20
2017-06-06,818.8730163574219,452.42514125267894,37.587180887696725,2017,2,899.6416666666668,26.05922506313131,2,-1.5010266940450947,0,0.0,2017,2017-20
2017-06-07,805.3729919433594,452.4738373484588,37.601081722615625,2017,2,929.5723484848484,26.27275883838384,2,-1.5010266940450947,0,0.0,2017,2017-20
2017-06-08,853.02099609375,452.5855337990146,37.633227403365574,2017,2,695.4666666666666,26.2765230429293,2,-1.5010266940450947,0,0.0,2017,2017-20
2017-06-09,857.5680114746094,452.71230618009855,37.6757987103047,2017,2,745.5969696969697,26.439449179292925,2,-1.5010266940450947,0,0.0,2017,2017-20
2017-06-10,796.1840087890625,452.71839319207106,37.67753631466956,2017,2,545.9988636363636,26.143315972222222,2,-1.5010266940450947,1,452.71839319207106,2017,2017-20
2017-06-11,760.2510375976562,452.71839319207106,37.67753631466956,2017,2,754.2776515151515,26.49528882575758,2,-1.5010266940450947,0,0.0,2017,2017-20
2017-06-12,836.6269958496093,452.77317629982343,37.69317475395332,2017,2,765.0261363636364,26.475939078282824,2,-1.5010266940450947,0,0.0,2017,2017-20
2017-06-13,866.1799926757812,453.07345273100515,37.73313965434515,2017,2,799.5806818181818,26.687271148989904,2,-1.5010266940450947,0,0.0,2017,2017-20
2017-06-14,866.9969909667968,453.1673723101958,37.760941324182944,2017,2,698.396590909091,26.355263573232317,2,-1.5010266940450947,0,0.0,2017,2017-20
2017-06-15,876.6430358886719,453.30264293778527,37.800906224574774,2017,2,546.7469696969697,26.24775883838384,2,-1.5010266940450947,1,453.30264293778527,2017,2017-20
2017-06-16,840.7929931640625,453.3965153100555,37.82175747695312,2017,2,839.1833333333334,26.443039772727275,2,-1.5010266940450947,0,0.0,2017,2017-20
2017-06-17,747.6990478515625,453.3965153100555,37.82175747695312,2017,2,798.4246212121212,26.22297190656565,2,-1.5010266940450947,0,0.0,2017,2017-20
2017-06-18,750.7040222167968,453.3965153100555,37.82175747695312,2017,2,644.2973484848485,26.25279356060606,2,-1.5010266940450947,0,0.0,2017,2017-20
2017-06-19,845.8779296875,453.4512984178079,37.84347753151389,2017,2,704.1340909090909,26.646472537878783,2,-1.5010266940450947,0,0.0,2017,2017-20
2017-06-20,869.4799743652344,453.5243425614777,37.86432878389223,2017,2,639.1988636363636,26.69027777777778,2,-1.5010266940450947,0,0.0,2017,2017-20
2017-06-21,825.0029846191406,453.5852126812025,37.88170482754086,2017,2,771.4715909090909,26.530381944444443,2,-1.5010266940450947,0,0.0,2017,2017-20
2017-06-22,822.0620178222656,453.6947658817117,37.92514493666241,2017,2,915.1037878787878,26.494136679292925,2,-1.5010266940450947,0,0.0,2017,2017-20
2017-06-23,836.0379943847656,454.40781920032447,37.96858504578397,2017,2,833.3215909090908,26.643663194444443,2,-1.5010266940450947,0,0.0,2017,2017-20
2017-06-24,775.1590087890625,454.40781920032447,37.96858504578397,2017,2,814.3094696969697,26.693213383838383,2,-1.5010266940450947,0,0.0,2017,2017-20
2017-06-25,746.7430297851563,454.42608023624194,37.973797858878555,2017,2,858.3140151515152,26.80926452020202,2,-1.5010266940450947,0,0.0,2017,2017-20
2017-06-26,880.0330261230469,454.48695035596677,37.99725551780419,2017,2,834.7340909090908,27.11951546717172,2,-1.5010266940450947,0,0.0,2017,2017-20
2017-06-27,882.7679809570312,454.54487204474276,38.014631561452816,2017,2,779.2212121212121,26.80648674242424,2,-1.5010266940450947,0,0.0,2017,2017-20
2017-06-28,836.3199523925781,454.58139411657766,38.02505718764199,2017,2,902.9958333333332,26.913991477272727,2,-1.5010266940450947,0,0.0,2017,2017-20
2017-06-29,849.9819885253906,454.66052527221996,38.047646044385196,2017,2,824.7238636363636,26.543789457070712,2,-1.5010266940450947,0,0.0,2017,2017-20
2017-06-30,823.1510498046875,454.7213953919448,38.07718531858785,2017,2,791.4412878787879,26.403416982323233,2,-1.5010266940450947,0,0.0,2017,2017-20
2017-07-01,773.2539855957032,454.73356941588975,38.080660527317576,2017,3,664.9151515151515,26.57555239898991,3,-1.5010266940450947,0,0.0,2017,2017-20
2017-07-02,750.6580322265625,454.73356941588975,38.080660527317576,2017,3,776.9587121212121,26.98754734848485,3,-1.5010266940450947,0,0.0,2017,2017-20
2017-07-03,848.8850463867187,455.00962624890974,38.106724592790506,2017,3,839.1272727272728,26.82974273989899,3,-1.5010266940450947,0,0.0,2017,2017-20
2017-07-04,741.8910095214844,455.00962624890974,38.106724592790506,2017,3,840.5469696969697,27.122364267676762,3,-1.5010266940450947,0,0.0,2017,2017-20
2017-07-05,837.0859924316406,455.10701844046946,38.14060787790532,2017,3,924.2041666666667,26.921401515151516,3,-1.5010266940450947,0,0.0,2017,2017-20
2017-07-06,873.4579772949219,455.1983236200567,38.16667194337825,2017,3,721.0257575757576,26.63503787878788,3,-1.5010266940450947,0,0.0,2017,2017-20
2017-07-07,804.0030151367188,455.3037816979903,38.197948821945765,2017,3,946.9931818181818,26.72598642676768,3,-1.5010266940450947,0,0.0,2017,2017-20
2017-07-08,771.7140441894531,455.3037816979903,38.197948821945765,2017,3,802.241287878788,26.824084595959594,3,-1.5010266940450947,0,0.0,2017,2017-20
2017-07-09,717.6009948730468,455.33421675785274,38.20663684377008,2017,3,881.0193181818182,26.840467171717176,3,-1.5010266940450947,0,0.0,2017,2017-20
2017-07-10,831.47197265625,455.437695961385,38.23617611797273,2017,3,908.3761363636364,27.007844065656567,3,-1.5010266940450947,0,0.0,2017,2017-20
2017-07-11,896.0700073242188,455.5046530930823,38.25528976598622,2017,3,834.6708333333333,27.343702651515155,3,-1.5010266940450947,0,0.0,2017,2017-20
2017-07-12,903.5079956054688,455.62639333253196,38.29004185328346,2017,3,818.6621212121212,27.229703282828282,3,-1.5010266940450947,0,0.0,2017,2017-20
2017-07-13,892.9969665527344,455.7623795343556,38.31958112748612,2017,3,787.6420454545454,27.46351799242424,3,-1.5010266940450947,0,0.0,2017,2017-20
2017-07-14,873.3989807128906,456.21099279996605,38.36041483006038,2017,3,898.934090909091,27.335542929292927,3,-1.5010266940450947,0,0.0,2017,2017-20
2017-07-15,780.4859924316406,456.21099279996605,38.36041483006038,2017,3,863.2378787878788,26.869113005050504,3,-1.5010266940450947,0,0.0,2017,2017-20
2017-07-16,724.5240295410156,456.21707981193856,38.36215243442524,2017,3,858.0242424242424,26.721291035353534,3,-1.5010266940450947,0,0.0,2017,2017-20
2017-07-17,859.9660217285157,456.29621096758086,38.384741291168446,2017,3,773.9712121212121,26.866137941919195,3,-1.5010266940450947,0,0.0,2017,2017-20
2017-07-18,838.6950317382813,456.4094464530272,38.417755774100826,2017,3,914.9037878787879,27.066516729797982,3,-1.5010266940450947,0,0.0,2017,2017-20
2017-07-19,885.3270568847656,456.79251751861506,38.450770257033206,2017,3,688.0098484848484,26.976530934343433,3,-1.5010266940450947,0,0.0,2017,2017-20
2017-07-20,848.722998046875,456.90817074609225,38.483784739965586,2017,3,821.7632575757576,27.149621212121207,3,-1.5010266940450947,0,0.0,2017,2017-20
2017-07-21,851.7860290527344,456.9994759256795,38.509848805438516,2017,3,823.3723484848484,26.9205018939394,3,-1.5010266940450947,0,0.0,2017,2017-20
2017-07-22,799.4319641113282,456.9994759256795,38.509848805438516,2017,3,711.3738636363636,27.17782512626263,3,-1.5010266940450947,0,0.0,2017,2017-20
2017-07-23,749.9489562988281,456.9994759256795,38.509848805438516,2017,3,898.4454545454546,27.312626262626264,3,-1.5010266940450947,0,0.0,2017,2017-20
2017-07-24,969.6189880371094,457.0786070813218,38.53243766218172,2017,3,685.044696969697,27.335416666666674,3,-1.5010266940450947,0,0.0,2017,2017-20
2017-07-25,892.656005859375,457.32221661144905,38.579352980033,2017,3,830.4640151515152,27.30306976010101,3,-1.5010266940450947,0,0.0,2017,2017-20
2017-07-26,875.0110107421875,457.45980014478533,38.61931788042483,2017,3,844.0958333333332,27.261095328282824,3,-1.5010266940450947,0,0.0,2017,2017-20
2017-07-27,860.3609924316406,457.5624341505474,38.648857154627485,2017,3,837.576893939394,26.981833964646466,3,-1.5010266940450947,0,0.0,2017,2017-20
2017-07-28,891.9580139160156,457.96620551856967,38.68621564847202,2017,3,637.4511363636364,27.00707070707071,3,-1.5010266940450947,0,0.0,2017,2017-20
2017-07-29,771.0829895019531,457.98446655448714,38.69142846156661,2017,3,892.8242424242424,27.16067708333333,3,-1.5010266940450947,0,0.0,2017,2017-20
2017-07-30,721.8590026855469,457.98446655448714,38.69142846156661,2017,3,917.098106060606,27.312965593434342,3,-1.5010266940450947,0,0.0,2017,2017-20
2017-07-31,877.4729919433594,458.06359771012944,38.714017318309814,2017,3,791.3685606060606,26.869073547979795,3,-1.5010266940450947,0,0.0,2017,2017-20
2017-08-01,880.8439880371094,458.1670769136617,38.74355659251247,2017,3,756.676893939394,27.101822916666666,3,-1.5010266940450947,0,0.0,2017,2017-20
2017-08-02,911.1149780273438,458.26881766074666,38.76440784489081,2017,3,779.9666666666666,27.382859848484852,3,-1.5010266940450947,0,0.0,2017,2017-20
2017-08-03,877.7910095214844,458.37938379708044,38.79568472345833,2017,3,925.9462121212122,27.397585227272728,3,-1.5010266940450947,0,0.0,2017,2017-20
2017-08-04,890.3850280761719,458.72976435499083,38.832174415120434,2017,3,790.709090909091,27.564922664141417,3,-1.5010266940450947,0,0.0,2017,2017-20
2017-08-05,772.8879943847656,458.72976435499083,38.832174415120434,2017,3,905.701893939394,27.49916351010101,3,-1.5010266940450947,0,0.0,2017,2017-20
2017-08-06,739.9280029296875,458.72976435499083,38.832174415120434,2017,3,905.9496212121212,27.304569128787875,3,-1.5010266940450947,0,0.0,2017,2017-20
2017-08-07,856.5820373535156,458.81865179254726,38.858238480593364,2017,3,824.1185606060606,27.31622474747475,3,-1.5010266940450947,0,0.0,2017,2017-20
2017-08-08,855.602978515625,458.97905707537257,38.89038416134331,2017,3,884.255303030303,27.32323232323232,3,-1.5010266940450947,0,0.0,2017,2017-20
2017-08-09,870.2740173339844,459.11664060870885,38.93643067701216,2017,3,851.6352272727272,27.355658143939394,3,-1.5010266940450947,0,0.0,2017,2017-20
2017-08-10,867.4319763183594,459.25055487210346,38.97465797303913,2017,3,881.1825757575758,27.46321022727273,3,-1.5010266940450947,0,0.0,2017,2017-20
2017-08-11,863.0519714355469,459.36620809958066,39.00767245597151,2017,3,889.9852272727272,27.13166035353535,3,-1.5010266940450947,0,0.0,2017,2017-20
2017-08-12,776.4599792480469,459.36620809958066,39.00767245597151,2017,3,907.648106060606,27.24982638888889,3,-1.5010266940450947,0,0.0,2017,2017-20
2017-08-13,763.9599975585937,459.36620809958066,39.00767245597151,2017,3,889.1223484848484,27.35708648989899,3,-1.5010266940450947,0,0.0,2017,2017-20
2017-08-14,898.7920043945312,459.4577034292427,39.030261312714714,2017,3,716.3859848484848,27.27976641414142,3,-1.5010266940450947,0,0.0,2017,2017-20
2017-08-15,861.7839965820312,459.5124865369951,39.045899751998476,2017,3,808.7890151515152,27.37829861111111,3,-1.5010266940450947,0,0.0,2017,2017-20
2017-08-16,869.3740051269531,459.6098787285548,39.07370142183627,2017,3,782.3905303030303,27.10124684343434,3,-1.5010266940450947,0,0.0,2017,2017-20
2017-08-17,852.3509948730468,459.7375215417415,39.103240696038924,2017,3,866.9715909090908,27.02432922979798,3,-1.5010266940450947,0,0.0,2017,2017-20
2017-08-18,826.3059875488282,459.76795660160394,39.111928717863236,2017,3,887.6075757575758,27.112421085858585,3,-1.5010266940450947,0,0.0,2017,2017-20
2017-08-19,806.5789916992187,459.76795660160394,39.111928717863236,2017,3,809.6333333333333,27.315333017676767,3,-1.5010266940450947,0,0.0,2017,2017-20
2017-08-20,804.810009765625,459.7801306255489,39.11540392659296,2017,3,808.8401515151515,27.57094381313131,3,-1.5010266940450947,0,0.0,2017,2017-20
2017-08-21,966.3329528808594,459.9692717893929,39.15363122261993,2017,3,669.883712121212,27.776696654040403,3,-1.5010266940450947,0,0.0,2017,2017-20
2017-08-22,950.11298828125,460.03014190911773,39.17100726626855,2017,3,779.1912878787879,27.495596590909088,3,-1.5010266940450947,0,0.0,2017,2017-20
2017-08-23,886.3419860839844,460.1397081246224,39.20228414483607,2017,3,848.3424242424242,27.43528251262626,3,-1.5010266940450947,0,0.0,2017,2017-20
2017-08-24,885.5930114746094,460.1999427191452,39.22574180376171,2017,3,656.3700757575758,27.18025568181818,3,-1.5010266940450947,0,0.0,2017,2017-20
2017-08-25,861.7460388183594,460.2547258268976,39.24138024304547,2017,3,811.082196969697,27.27905618686869,3,-1.5010266940450947,0,0.0,2017,2017-20
2017-08-26,769.6119812011718,460.2790738747875,39.24833066050492,2017,3,904.8098484848484,27.123532196969695,3,-1.5010266940450947,0,0.0,2017,2017-20
2017-08-27,755.2060119628907,460.2790738747875,39.24833066050492,2017,3,886.5159090909092,27.32440814393939,3,-1.5010266940450947,0,0.0,2017,2017-20
2017-08-28,939.0539916992187,460.39230936023387,39.2813451434373,2017,3,791.1996212121212,27.584098800505046,3,-1.5010266940450947,0,0.0,2017,2017-20
2017-08-29,978.0819946289063,460.6076455317313,39.317834835099404,2017,3,667.0522727272727,27.61292613636363,3,-1.5010266940450947,0,0.0,2017,2017-20
2017-08-30,899.0799987792968,460.7415597951259,39.35606213112637,2017,3,830.0522727272728,27.649621212121215,3,-1.5010266940450947,0,0.0,2017,2017-20
2017-08-31,863.8739868164063,460.80242991485073,39.373438174774996,2017,3,866.2257575757576,27.304111426767676,3,-1.5010266940450947,0,0.0,2017,2017-20
2017-09-01,891.3909545898438,460.86330003457556,39.39081421842362,2017,3,746.6284090909091,27.277572601010103,3,-1.5010266940450947,0,0.0,2017,2017-20
2017-09-02,817.039990234375,460.8754740585205,39.394289427153346,2017,3,784.414393939394,27.138896780303032,3,-1.5010266940450947,0,0.0,2017,2017-20
2017-09-03,754.8079956054687,460.88156107049304,39.39602703151821,2017,3,833.6965909090908,27.11479640151515,3,-1.5010266940450947,0,0.0,2017,2017-20
2017-09-04,816.1269836425781,460.88156107049304,39.39602703151821,2017,3,716.8424242424242,27.500094696969697,3,-1.5010266940450947,0,0.0,2017,2017-20
2017-09-05,899.3889587402343,460.9546052141628,39.41687828389655,2017,3,890.6992424242424,27.08252051767677,3,-1.5010266940450947,0,0.0,2017,2017-20
2017-09-06,856.6360107421875,461.0459103937501,39.44294234936948,2017,3,887.842803030303,27.109682765151515,3,-1.5010266940450947,0,0.0,2017,2017-20
2017-09-07,899.23701171875,461.1568484280345,39.463793601747824,2017,3,814.144696969697,27.699613320707076,3,-1.5010266940450947,0,0.0,2017,2017-20
2017-09-08,887.2650207519531,461.24982448066874,39.489857667220754,2017,3,851.9382575757576,27.634232954545453,3,-1.5010266940450947,0,0.0,2017,2017-20
2017-09-09,817.3900207519531,461.24982448066874,39.489857667220754,2017,3,756.6428030303031,27.38960700757576,3,-1.5010266940450947,0,0.0,2017,2017-20
2017-09-10,829.2090148925781,461.24982448066874,39.489857667220754,2017,3,839.5344696969696,27.223547979797974,3,-1.5010266940450947,0,0.0,2017,2017-20
2017-09-11,945.3779846191406,461.4019997799808,39.53329777634231,2017,3,787.242803030303,27.25228061868687,3,-1.5010266940450947,0,0.0,2017,2017-20
2017-09-12,898.1809875488282,461.4750439236506,39.55414902872065,2017,3,774.5265151515151,27.305484532828288,3,-1.5010266940450947,0,0.0,2017,2017-20
2017-09-13,905.5720397949219,461.58200116044605,39.583688302923306,2017,3,813.4477272727273,27.819491792929288,3,-1.5010266940450947,0,0.0,2017,2017-20
2017-09-14,940.528955078125,461.94208419090205,39.623653203315136,2017,3,783.9181818181818,28.040214646464648,3,-1.5010266940450947,0,0.0,2017,2017-20
2017-09-15,920.4830078125,462.0029543106269,39.64102924696376,2017,3,670.6534090909091,27.975986426767676,3,-1.5010266940450947,0,0.0,2017,2017-20
2017-09-16,799.0820068359375,462.0029543106269,39.64102924696376,2017,3,823.5390151515152,27.875844381313126,3,-1.5010266940450947,0,0.0,2017,2017-20
2017-09-17,774.9660278320313,462.0090413225994,39.64276685132862,2017,3,730.0958333333333,27.66121369949495,3,-1.5010266940450947,0,0.0,2017,2017-20
2017-09-18,890.5299743652344,462.1870875680305,39.684469356085316,2017,3,755.9666666666667,27.494176136363635,3,-1.5010266940450947,0,0.0,2017,2017-20
2017-09-19,878.4279846191406,462.3210018314251,39.72269665211228,2017,3,715.8352272727273,27.55752840909091,3,-1.5010266940450947,0,0.0,2017,2017-20
2017-09-20,870.72099609375,463.9043630355604,39.757448739409526,2017,3,799.9746212121212,27.441003787878785,3,-1.5010266940450947,0,0.0,2017,2017-20
2017-09-21,885.9140197753907,464.02610327501003,39.79220082670677,2017,3,720.4685606060606,27.369247159090904,3,-1.5010266940450947,0,0.0,2017,2017-20
2017-09-22,856.1839904785156,464.1356694905147,39.823477705274286,2017,3,841.9045454545454,27.15366161616161,3,-1.5010266940450947,0,0.0,2017,2017-20
2017-09-23,773.2340393066406,464.1356694905147,39.823477705274286,2017,3,861.6996212121212,27.058325441919195,3,-1.5010266940450947,0,0.0,2017,2017-20
2017-09-24,762.1310424804688,464.1478435144597,39.82695291400401,2017,3,828.160606060606,27.049581755050507,3,-1.5010266940450947,0,0.0,2017,2017-20
2017-09-25,892.8160339355469,464.25740972996437,39.86431140784855,2017,3,793.835606060606,26.938723169191913,3,-1.5010266940450947,0,0.0,2017,2017-20
2017-09-26,890.347998046875,464.33045387363416,39.88516266022689,2017,3,777.242803030303,27.09058554292929,3,-1.5010266940450947,0,0.0,2017,2017-20
2017-09-27,925.853955078125,464.46518079731015,39.91817714315927,2017,3,702.7768939393939,27.471819760101013,3,-1.5010266940450947,0,0.0,2017,2017-20
2017-09-28,890.9379760742188,464.5686600008424,39.947716417361924,2017,3,800.2159090909091,27.37066761363636,3,-1.5010266940450947,0,0.0,2017,2017-20
2017-09-29,920.816015625,464.6417041445122,39.96856766974027,2017,3,640.0958333333334,27.465301452020203,3,-1.5010266940450947,0,0.0,2017,2017-20
2017-09-30,819.30498046875,464.6417041445122,39.96856766974027,2017,3,796.8818181818182,27.506613005050507,3,-1.5010266940450947,0,0.0,2017,2017-20
2017-10-01,839.4120056152344,464.65387816845714,39.97204287846999,2017,4,644.4897727272727,27.737326388888885,4,-1.5010266940450947,0,0.0,2017,2017-20
2017-10-02,975.1159790039062,464.73300932409944,39.9946317352132,2017,4,560.084090909091,27.540143623737368,4,-1.5010266940450947,1,464.73300932409944,2017,2017-20
2017-10-03,910.9849975585937,464.9582287670813,40.06500471199011,2017,4,736.7988636363636,27.60763888888889,4,-1.5010266940450947,0,0.0,2017,2017-20
2017-10-04,896.44404296875,465.0373599227236,40.08759356873332,2017,4,783.3045454545454,27.550473484848485,4,-1.5010266940450947,0,0.0,2017,2017-20
2017-10-05,900.1929992675781,465.13475211428334,40.11539523857111,2017,4,709.1212121212121,27.433096590909088,4,-1.5010266940450947,0,0.0,2017,2017-20
2017-10-06,893.0239868164062,465.30955903595407,40.1570977433278,2017,4,597.2378787878788,26.98590593434344,4,-1.5010266940450947,0,0.0,2017,2017-20
2017-10-07,842.7709350585938,465.30955903595407,40.1570977433278,2017,4,689.430303030303,26.683593750000004,4,-1.5010266940450947,0,0.0,2017,2017-20
2017-10-08,792.2309692382812,465.30955903595407,40.1570977433278,2017,4,721.5647727272728,27.04688289141414,4,-1.5010266940450947,0,0.0,2017,2017-20
2017-10-09,887.5159973144531,465.3704291556789,40.17447378697643,2017,4,765.275,27.154671717171713,4,-1.5010266940450947,0,0.0,2017,2017-20
2017-10-10,884.9779724121094,465.47757762915273,40.205750665543945,2017,4,710.8939393939394,27.093102904040403,4,-1.5010266940450947,0,0.0,2017,2017-20
2017-10-11,900.535009765625,465.84675954918856,40.237896346293894,2017,4,699.8234848484848,27.135164141414137,4,-1.5010266940450947,0,0.0,2017,2017-20
2017-10-12,911.2119995117188,465.9502387527208,40.26743562049655,2017,4,705.0503787878788,27.36863952020202,4,-1.5010266940450947,0,0.0,2017,2017-20
2017-10-13,957.21201171875,466.0902400280879,40.3134821361654,2017,4,594.1992424242424,27.658483270202016,4,-1.5010266940450947,0,0.0,2017,2017-20
2017-10-14,834.122021484375,466.09632704006043,40.31521974053026,2017,4,757.5325757575758,27.337436868686876,4,-1.5010266940450947,0,0.0,2017,2017-20
2017-10-15,778.3219848632813,466.10241405203294,40.31695734489512,2017,4,705.273106060606,26.958230744949493,4,-1.5010266940450947,0,0.0,2017,2017-20
2017-10-16,847.7749755859375,466.2881288784828,40.34128380600319,2017,4,706.3439393939394,26.662791982323238,4,-1.5010266940450947,0,0.0,2017,2017-20
2017-10-17,826.9300415039063,466.63432506904627,40.38298631075988,2017,4,716.3299242424242,26.486332070707064,4,-1.5010266940450947,0,0.0,2017,2017-20
2017-10-18,844.7790222167969,466.7378042725785,40.41252558496254,2017,4,580.1522727272727,26.47354008838384,4,-1.5010266940450947,1,466.7378042725785,2017,2017-20
2017-10-19,850.9189392089844,466.89377814862155,40.44554006789492,2017,4,599.9916666666666,26.490593434343435,4,-1.5010266940450947,0,0.0,2017,2017-20
2017-10-20,827.8040588378906,467.0216054000437,40.48202975955702,2017,4,705.3712121212121,26.52054924242424,4,-1.5010266940450947,0,0.0,2017,2017-20
2017-10-21,761.9499694824219,467.0337794239887,40.48550496828675,2017,4,742.551893939394,26.52572601010101,4,-1.5010266940450947,0,0.0,2017,2017-20
2017-10-22,772.9519714355469,467.04595344793364,40.48898017701647,2017,4,744.094696969697,26.733301767676775,4,-1.5010266940450947,0,0.0,2017,2017-20
2017-10-23,1031.0490112304688,467.11899759160343,40.515913044671834,2017,4,121.80378787878787,26.30801767676768,4,-1.5010266940450947,1,467.11899759160343,2017,2017-20
2017-10-24,796.0979675292969,467.2270895916337,40.54718992323935,2017,4,730.2333333333333,25.213020833333335,4,-1.5010266940450947,0,0.0,2017,2017-20
2017-10-25,860.8300109863281,467.3366558071384,40.57846680180687,2017,4,416.744696969697,24.87281407828283,4,-1.5010266940450947,1,467.3366558071384,2017,2017-20
2017-10-26,766.7030212402344,467.5373917384551,40.63580774584732,2017,4,708.280303030303,24.942913510101004,4,-1.5010266940450947,0,0.0,2017,2017-20
2017-10-27,812.5119567871094,467.8443592712224,40.68098545933374,2017,4,654.5973484848485,25.30685763888889,4,-1.5010266940450947,0,0.0,2017,2017-20
2017-10-28,803.898974609375,467.8443592712224,40.68098545933374,2017,4,485.4530303030303,25.135321969696964,4,-1.5010266940450947,1,467.8443592712224,2017,2017-20
2017-10-29,773.3199951171875,467.8504462831949,40.6827230636986,2017,4,599.7007575757576,25.630082070707076,4,-1.5010266940450947,0,0.0,2017,2017-20
2017-10-30,844.50302734375,467.9600124986996,40.71399994226612,2017,4,732.9973484848485,26.422672032828277,4,-1.5010266940450947,0,0.0,2017,2017-20
2017-10-31,950.5599853515625,468.08783975012176,40.750489633928225,2017,4,583.5166666666667,26.838683712121213,4,-1.5010266940450947,1,468.08783975012176,2017,2017-20
2017-11-01,938.6289916992188,468.43055772167173,40.78524172122547,2017,4,637.4943181818182,27.121227904040406,4,-1.5010266940450947,0,0.0,2017,2017-20
2017-11-02,905.3500244140625,468.54621094914893,40.81825620415785,2017,4,730.8287878787878,27.096417297979798,4,-1.5010266940450947,0,0.0,2017,2017-20
2017-11-03,896.3680053710938,468.82919590096066,40.856483500184815,2017,4,658.5507575757576,26.98572443181818,4,-1.5010266940450947,0,0.0,2017,2017-20
2017-11-04,824.7649719238282,468.82919590096066,40.856483500184815,2017,4,529.0939393939394,26.57679924242424,4,-1.5010266940450947,1,468.82919590096066,2017,2017-20
2017-11-05,735.6590148925782,468.82919590096066,40.856483500184815,2017,4,672.5503787878788,26.353653724747474,4,-1.5010266940450947,0,0.0,2017,2017-20
2017-11-06,834.9849792480469,468.9691971763278,40.896448400576645,2017,4,723.6522727272727,26.57852746212121,4,-1.5010266940450947,0,0.0,2017,2017-20
2017-11-07,886.2690002441407,469.0896728728711,40.93120048787389,2017,4,532.1128787878788,26.028101325757575,4,-1.5010266940450947,1,469.0896728728711,2017,2017-20
2017-11-08,837.4059936523438,469.2722832320456,40.983328618819755,2017,4,667.8579545454546,26.195304608585857,4,-1.5010266940450947,0,0.0,2017,2017-20
2017-11-09,846.9769775390625,469.4439450651949,41.02676872794131,2017,4,666.5973484848485,26.292810921717173,4,-1.5010266940450947,0,0.0,2017,2017-20
2017-11-10,824.5319946289062,469.47438012505734,41.03545674976562,2017,4,614.4666666666667,25.895288825757575,4,-1.5010266940450947,0,0.0,2017,2017-20
2017-11-11,840.8179809570313,469.47438012505734,41.03545674976562,2017,4,331.9378787878788,25.843702651515155,4,-1.5010266940450947,1,469.47438012505734,2017,2017-20
2017-11-12,776.0979797363282,469.4865541490023,41.03893195849535,2017,4,654.415909090909,25.957575757575754,4,-1.5010266940450947,0,0.0,2017,2017-20
2017-11-13,833.4609619140625,469.75291957613587,41.07368404579259,2017,4,662.9340909090909,25.743363320707065,4,-1.5010266940450947,0,0.0,2017,2017-20
2017-11-14,811.85,469.82596371980566,41.09453529817093,2017,4,664.133712121212,25.514149305555552,4,-1.5010266940450947,0,0.0,2017,2017-20
2017-11-15,789.7700134277344,469.9365086639138,41.12581217673845,2017,4,601.357196969697,25.382362689393933,4,-1.5010266940450947,0,0.0,2017,2017-20
2017-11-16,777.675,470.05824890336345,41.16056426403569,2017,4,603.1693181818182,25.351483585858585,4,-1.5010266940450947,0,0.0,2017,2017-20
2017-11-17,792.7390441894531,470.25197841614465,41.216167603711284,2017,4,658.6734848484849,24.759043560606063,4,-1.5010266940450947,0,0.0,2017,2017-20
2017-11-18,720.1969543457031,470.25806542811716,41.21790520807615,2017,4,620.3640151515152,23.976223169191922,4,-1.5010266940450947,0,0.0,2017,2017-20
2017-11-19,645.6099914550781,470.27632646403464,41.223118021170734,2017,4,641.4439393939394,23.914820075757575,4,-1.5010266940450947,0,0.0,2017,2017-20
2017-11-20,752.1719848632813,471.42847169457036,41.25439489973825,2017,4,536.0977272727272,24.099921085858586,4,-1.5010266940450947,1,471.42847169457036,2017,2017-20
2017-11-21,732.58701171875,471.52586303979166,41.282196569576044,2017,4,627.9253787878788,24.28899147727273,4,-1.5010266940450947,0,0.0,2017,2017-20
2017-11-22,746.0889892578125,471.66424352326294,41.322161469967874,2017,4,529.082196969697,24.097601010101013,4,-1.5010266940450947,1,471.66424352326294,2017,2017-20
2017-11-23,714.5129943847656,471.66424352326294,41.322161469967874,2017,4,557.2943181818182,24.194744318181815,4,-1.5010266940450947,1,471.66424352326294,2017,2017-20
2017-11-24,701.136962890625,471.76772272679517,41.35170074417053,2017,4,553.9973484848485,23.847537878787875,4,-1.5010266940450947,1,471.76772272679517,2017,2017-20
2017-11-25,692.5440002441406,471.78598376271265,41.356913557265116,2017,4,461.3973484848485,24.161884469696968,4,-1.5010266940450947,1,471.78598376271265,2017,2017-20
2017-11-26,670.6509582519532,471.78598376271265,41.356913557265116,2017,4,571.8818181818182,24.77885890151515,4,-1.5010266940450947,1,471.78598376271265,2017,2017-20
2017-11-27,874.5719970703125,472.063568571416,41.436843358048776,2017,4,306.06439393939394,24.641019570707076,4,-1.5010266940450947,1,472.063568571416,2017,2017-20
2017-11-28,869.5019470214844,472.24984820053214,41.490709093359506,2017,4,380.3503787878788,25.00956439393939,4,-1.5010266940450947,1,472.24984820053214,2017,2017-20
2017-11-29,810.0660095214844,472.60324499011233,41.53588680684592,2017,4,609.9238636363636,25.242400568181818,4,-1.5010266940450947,0,0.0,2017,2017-20
2017-11-30,875.7450012207031,472.6947533347699,41.56195087231885,2017,4,381.27386363636367,25.442842487373735,4,-1.5010266940450947,1,472.6947533347699,2017,2017-20
2017-12-01,896.7359741210937,472.8593148390177,41.60886619017013,2017,4,239.2659090909091,25.14488636363637,4,-1.5010266940450947,1,472.8593148390177,2017,2017-20
2017-12-02,816.7570190429688,472.8654018509902,41.610603794534995,2017,4,304.68636363636364,24.41824494949495,4,-1.5010266940450947,1,472.8654018509902,2017,2017-20
2017-12-03,667.823974609375,472.8654018509902,41.610603794534995,2017,4,624.6867424242424,24.10318813131313,4,-1.5010266940450947,0,0.0,2017,2017-20
2017-12-04,764.7329895019532,473.0299857672584,41.65230629929169,2017,4,574.8257575757576,23.893536931818186,4,-1.5010266940450947,1,473.0299857672584,2017,2017-20
2017-12-05,702.5439880371093,473.15172600670803,41.68705838658893,2017,4,654.1439393939394,22.904411300505046,4,-1.5010266940450947,0,0.0,2017,2017-20
2017-12-06,710.5149841308594,473.3465103898275,41.74266172626452,2017,4,671.4909090909091,22.61645359848485,4,-1.5010266940450947,0,0.0,2017,2017-20
2017-12-07,711.0320129394531,473.4682506292771,41.777413813561765,2017,4,674.5416666666666,23.182662563131313,4,-1.5010266940450947,0,0.0,2017,2017-20
2017-12-08,790.093017578125,473.5839038567543,41.810428296494145,2017,4,586.0333333333333,24.0973327020202,4,-1.5010266940450947,1,473.5839038567543,2017,2017-20
2017-12-09,724.4520141601563,473.5839038567543,41.810428296494145,2017,4,617.9518939393939,24.011284722222218,4,-1.5010266940450947,0,0.0,2017,2017-20
2017-12-10,728.591015625,473.5839038567543,41.810428296494145,2017,4,496.230303030303,23.82397411616162,4,-1.5010266940450947,1,473.5839038567543,2017,2017-20
2017-12-11,819.6680053710937,473.70564409620397,41.84518038379139,2017,4,527.8132575757576,24.17518939393939,4,-1.5010266940450947,1,473.70564409620397,2017,2017-20
2017-12-12,864.1490295410156,474.0639470524457,41.897308514737254,2017,4,344.7401515151515,24.490490845959588,4,-1.5010266940450947,1,474.0639470524457,2017,2017-20
2017-12-13,727.6580017089843,474.1917743038679,41.93379820639936,2017,4,606.0685606060606,23.010613952020204,4,-1.5010266940450947,0,0.0,2017,2017-20
2017-12-14,734.2580200195313,474.3843441100268,41.98940154607495,2017,4,519.7375,22.69271622474747,4,-1.5010266940450947,1,474.3843441100268,2017,2017-20
2017-12-15,712.175,474.54007292472664,42.031104050831644,2017,4,531.7640151515151,22.526096906565655,4,-1.5010266940450947,1,474.54007292472664,2017,2017-20
2017-12-16,688.7789978027344,474.54007292472664,42.031104050831644,2017,4,535.1333333333333,23.143702651515145,4,-1.5010266940450947,1,474.54007292472664,2017,2017-20
2017-12-17,693.5620239257812,474.54615993669915,42.032841655196506,2017,4,560.364393939394,23.638691603535353,4,-1.5010266940450947,1,474.54615993669915,2017,2017-20
2017-12-18,779.3460083007812,474.66181316417635,42.065856138128886,2017,4,631.955303030303,24.143023989898992,4,-1.5010266940450947,0,0.0,2017,2017-20
2017-12-19,876.6140075683594,474.7896404155985,42.10234582979099,2017,4,292.1969696969697,23.34124053030303,4,-1.5010266940450947,1,474.7896404155985,2017,2017-20
2017-12-20,842.3180236816406,474.9052936430757,42.13536031272337,2017,4,170.3897727272727,22.26538036616161,4,-1.5010266940450947,1,474.9052936430757,2017,2017-20
2017-12-21,699.9720092773438,475.1159213200818,42.196176465493544,2017,4,637.4875,22.664756944444445,4,-1.5010266940450947,0,0.0,2017,2017-20
2017-12-22,731.5869750976562,475.2633659716162,42.237878970250236,2017,4,455.9962121212121,22.8486663510101,4,-1.5010266940450947,1,475.2633659716162,2017,2017-20
2017-12-23,677.3979736328125,475.26945298358874,42.2396165746151,2017,4,571.1291666666667,23.192952967171717,4,-1.5010266940450947,1,475.26945298358874,2017,2017-20
2017-12-24,667.8369812011719,475.26945298358874,42.2396165746151,2017,4,608.2625,23.368016098484844,4,-1.5010266940450947,0,0.0,2017,2017-20
2017-12-25,668.3730041503907,475.27553999556125,42.24135417897996,2017,4,631.2579545454545,23.625339330808085,4,-1.5010266940450947,0,0.0,2017,2017-20
2017-12-26,881.1790100097656,475.3059750554237,42.25004220080427,2017,4,236.6261363636364,23.686971275252528,4,-1.5010266940450947,1,475.3059750554237,2017,2017-20
2017-12-27,786.9740234375,475.583831119245,42.31954637539876,2017,4,389.1780303030303,23.381470959595955,4,-1.5010266940450947,1,475.583831119245,2017,2017-20
2017-12-28,772.3950378417969,475.77760828440887,42.34213523214196,2017,4,570.2871212121212,23.57674400252525,4,-1.5010266940450947,1,475.77760828440887,2017,2017-20
2017-12-29,739.2800354003906,476.1632700511895,42.39252575872297,2017,4,566.2075757575757,23.163723169191922,4,-1.5010266940450947,1,476.1632700511895,2017,2017-20
2017-12-30,649.7369995117188,476.17544407513446,42.39600096745269,2017,4,569.8405303030303,22.764299242424244,4,-1.5010266940450947,1,476.17544407513446,2017,2017-20
2017-12-31,650.6229858398438,476.17544407513446,42.39600096745269,2017,4,576.5598484848484,23.03173137626263,4,-1.5010266940450947,1,476.17544407513446,2017,2017-20
2018-01-01,669.2489929199219,476.17544407513446,42.39600096745269,2018,1,564.1521367521367,23.877350427350425,1,-0.5010266940450947,1,476.17544407513446,2018,2017-20
2018-01-02,742.9130004882812,476.22474788183723,42.41511461546618,2018,1,577.1299145299146,23.67313034188034,1,-0.5010266940450947,1,476.22474788183723,2018,2017-20
2018-01-03,730.347998046875,476.318873330997,42.451604307128285,2018,1,664.142735042735,23.322222222222223,1,-0.5010266940450947,0,0.0,2018,2017-20
2018-01-04,760.7139953613281,476.9166170388031,42.477668372601215,2018,1,575.0957264957265,23.65692663817664,1,-0.5010266940450947,1,476.9166170388031,2018,2017-20
2018-01-05,749.7080017089844,477.01970681645435,42.517633272993045,2018,1,597.3324786324787,23.400730056980056,1,-0.5010266940450947,0,0.0,2018,2017-20
2018-01-06,725.9340270996094,477.01970681645435,42.517633272993045,2018,1,514.1470085470086,23.783244301994305,1,-0.5010266940450947,1,477.01970681645435,2018,2017-20
2018-01-07,714.0150146484375,477.01970681645435,42.517633272993045,2018,1,537.5666666666666,23.809846866096873,1,-0.5010266940450947,1,477.01970681645435,2018,2017-20
2018-01-08,794.4249877929688,477.04211763768285,42.52632129481736,2018,1,607.3897435897436,23.857905982905976,1,-0.5010266940450947,0,0.0,2018,2017-20
2018-01-09,806.8830078125,477.100385772877,42.54891015156056,2018,1,571.5128205128206,24.391613247863237,1,-0.5010266940450947,1,477.100385772877,2018,2017-20
2018-01-10,769.2890014648438,477.2218984553117,42.576711821398355,2018,1,640.8623931623931,23.90557336182336,1,-0.5010266940450947,0,0.0,2018,2017-20
2018-01-11,783.3790161132813,477.3926083151305,42.60451349123615,2018,1,644.8435897435897,24.08755341880342,1,-0.5010266940450947,0,0.0,2018,2017-20
2018-01-12,758.7269958496094,477.6785841640963,42.642740787263115,2018,1,684.359829059829,24.200854700854695,1,-0.5010266940450947,0,0.0,2018,2017-20
2018-01-13,688.164013671875,477.6785841640963,42.642740787263115,2018,1,695.4358974358975,23.87145655270655,1,-0.5010266940450947,0,0.0,2018,2017-20
2018-01-14,658.7429992675782,477.683066328342,42.64447839162798,2018,1,709.053846153846,23.84654558404559,1,-0.5010266940450947,0,0.0,2018,2017-20
2018-01-15,718.9829895019532,477.6875484925877,42.64621599599284,2018,1,699.2205128205129,23.706837606837606,1,-0.5010266940450947,0,0.0,2018,2017-20
2018-01-16,749.9570007324219,477.7323701350448,42.663592039641465,2018,1,689.8521367521367,23.86540242165242,1,-0.5010266940450947,0,0.0,2018,2017-20
2018-01-17,788.6450012207031,477.86258836670663,42.72006418149949,2018,1,534.0769230769231,24.086752136752136,1,-0.5010266940450947,1,477.86258836670663,2018,2017-20
2018-01-18,737.3070068359375,477.96748615715495,42.76002908189132,2018,1,644.617094017094,24.096794871794874,1,-0.5010266940450947,0,0.0,2018,2017-20
2018-01-19,798.0950012207031,478.0167899638577,42.779142729904805,2018,1,519.6888888888889,24.35965099715099,1,-0.5010266940450947,1,478.0167899638577,2018,2017-20
2018-01-20,766.5779968261719,478.0212721281034,42.78088033426967,2018,1,415.1247863247863,24.207371794871808,1,-0.5010266940450947,1,478.0212721281034,2018,2017-20
2018-01-21,705.5450012207032,478.0212721281034,42.78088033426967,2018,1,582.7803418803419,24.08169515669515,1,-0.5010266940450947,1,478.0212721281034,2018,2017-20
2018-01-22,759.78798828125,478.1321643287527,42.79825637791829,2018,1,639.2188034188034,23.83053774928776,1,-0.5010266940450947,0,0.0,2018,2017-20
2018-01-23,804.0380249023438,478.4735833220639,42.82258283902636,2018,1,484.65726495726494,24.01524216524217,1,-0.5010266940450947,1,478.4735833220639,2018,2017-20
2018-01-24,776.3920104980468,478.5094406360296,42.83648367394526,2018,1,637.9974358974359,24.118554131054125,1,-0.5010266940450947,0,0.0,2018,2017-20
2018-01-25,809.3619873046875,478.5686780937485,42.859072530688465,2018,1,510.9418803418804,24.143465099715105,1,-0.5010266940450947,1,478.5686780937485,2018,2017-20
2018-01-26,764.2970031738281,478.62982831043706,42.88166138743167,2018,1,709.5290598290597,24.275676638176638,1,-0.5010266940450947,0,0.0,2018,2017-20
2018-01-27,752.1760009765625,478.62982831043706,42.88166138743167,2018,1,554.6547008547009,24.28116096866097,1,-0.5010266940450947,1,478.62982831043706,2018,2017-20
2018-01-28,676.8670043945312,478.63431047468276,42.88339899179653,2018,1,591.0572649572649,23.83630698005697,1,-0.5010266940450947,0,0.0,2018,2017-20
2018-01-29,735.1529968261718,478.68924315114856,42.904250244174875,2018,1,738.7820512820513,23.715794159544156,1,-0.5010266940450947,0,0.0,2018,2017-20
2018-01-30,746.15400390625,478.76992210757123,42.93552712274239,2018,1,649.9735042735043,23.849893162393162,1,-0.5010266940450947,0,0.0,2018,2017-20
2018-01-31,823.5410095214844,478.8237080785197,42.956378375120735,2018,1,515.7196581196581,24.63402777777779,1,-0.5010266940450947,1,478.8237080785197,2018,2017-20
2018-02-01,856.0260131835937,478.86404755673107,42.9720168144045,2018,1,513.0153846153846,24.798504273504264,1,-0.5010266940450947,1,478.86404755673107,2018,2017-20
2018-02-02,842.4589965820312,478.90886919918813,42.98939285805312,2018,1,403.62735042735045,24.70783475783476,1,-0.5010266940450947,1,478.90886919918813,2018,2017-20
2018-02-03,793.2969970703125,478.90886919918813,42.98939285805312,2018,1,391.84615384615387,24.446171652421654,1,-0.5010266940450947,1,478.90886919918813,2018,2017-20
2018-02-04,802.9109924316406,478.90886919918813,42.98939285805312,2018,1,235.94615384615386,24.339583333333334,1,-0.5010266940450947,1,478.90886919918813,2018,2017-20
2018-02-05,823.0299926757813,479.1523228909936,43.024144945350365,2018,1,433.3230769230769,23.585559116809122,1,-0.5010266940450947,1,479.1523228909936,2018,2017-20
2018-02-06,738.1289978027344,479.23351338543745,43.05194661518816,2018,1,639.7034188034188,22.871456552706558,1,-0.5010266940450947,0,0.0,2018,2017-20
2018-02-07,749.1139953613281,479.3022106279262,43.07801068066109,2018,1,621.0957264957266,23.0553952991453,1,-0.5010266940450947,0,0.0,2018,2017-20
2018-02-08,666.2980102539062,479.36496092736604,43.102337141769155,2018,1,741.7965811965812,22.029362535612535,1,-0.5010266940450947,0,0.0,2018,2017-20
2018-02-09,653.0210083007812,479.4097825698231,43.11971318541778,2018,1,720.3735042735043,21.76387108262108,1,-0.5010266940450947,0,0.0,2018,2017-20
2018-02-10,631.2569946289062,479.4097825698231,43.11971318541778,2018,1,583.7940170940171,21.716559829059833,1,-0.5010266940450947,1,479.4097825698231,2018,2017-20
2018-02-11,619.3910034179687,479.4097825698231,43.11971318541778,2018,1,771.2888888888889,22.531463675213676,1,-0.5010266940450947,0,0.0,2018,2017-20
2018-02-12,725.4099975585938,479.4358626609933,43.130138811606955,2018,1,739.3820512820513,23.17394943019944,1,-0.5010266940450947,0,0.0,2018,2017-20
2018-02-13,847.564990234375,479.5157287231119,43.16141569017447,2018,1,404.08717948717947,23.90429131054131,1,-0.5010266940450947,1,479.5157287231119,2018,2017-20
2018-02-14,852.1680053710937,479.5471038728318,43.17357892072851,2018,1,229.9735042735043,23.43454415954416,1,-0.5010266940450947,1,479.5471038728318,2018,2017-20
2018-02-15,714.6120056152344,479.605372008026,43.20224939274873,2018,1,711.5948717948718,23.166061253561253,1,-0.5010266940450947,0,0.0,2018,2017-20
2018-02-16,706.7929870605469,479.69053312869437,43.23526387568111,2018,1,689.6188034188034,23.34722222222223,1,-0.5010266940450947,0,0.0,2018,2017-20
2018-02-17,692.2419860839843,479.69053312869437,43.23526387568111,2018,1,604.605982905983,23.27665598290599,1,-0.5010266940450947,0,0.0,2018,2017-20
2018-02-18,787.1099975585937,479.69501529294007,43.237001480045976,2018,1,176.9188034188034,22.574750712250715,1,-0.5010266940450947,1,479.69501529294007,2018,2017-20
2018-02-19,651.3350036621093,479.69949745718577,43.23873908441084,2018,1,794.1547008547009,22.157834757834753,1,-0.5010266940450947,0,0.0,2018,2017-20
2018-02-20,692.6169677734375,479.78436986497036,43.27175356734322,2018,1,766.5760683760684,22.994070512820514,1,-0.5010266940450947,0,0.0,2018,2017-20
2018-02-21,766.9369934082031,479.8471201644102,43.296080028451286,2018,1,640.8299145299145,23.57943376068376,1,-0.5010266940450947,0,0.0,2018,2017-20
2018-02-22,901.3389831542969,479.9009061353587,43.31693128082963,2018,1,187.9854700854701,23.959383903133897,1,-0.5010266940450947,1,479.9009061353587,2018,2017-20
2018-02-23,790.0619995117188,479.9694773833613,43.33778253320797,2018,1,601.6452991452992,24.035844017094018,1,-0.5010266940450947,0,0.0,2018,2017-20
2018-02-24,751.8199890136718,479.9694773833613,43.33778253320797,2018,1,547.6282051282051,24.16205484330484,1,-0.5010266940450947,1,479.9694773833613,2018,2017-20
2018-02-25,750.7599975585938,479.9694773833613,43.33778253320797,2018,1,417.7188034188034,23.71038105413106,1,-0.5010266940450947,1,479.9694773833613,2018,2017-20
2018-02-26,842.6680236816406,480.0187811900641,43.35689618122146,2018,1,486.348717948718,23.84334045584046,1,-0.5010266940450947,1,480.0187811900641,2018,2017-20
2018-02-27,754.325,480.08153148950396,43.381222642329526,2018,1,627.9170940170941,23.620263532763527,1,-0.5010266940450947,0,0.0,2018,2017-20
2018-02-28,803.9459899902344,480.1711989179756,43.41249952089704,2018,1,563.7649572649573,23.844943019943017,1,-0.5010266940450947,1,480.1711989179756,2018,2017-20
2018-03-01,790.781005859375,480.2613124025288,43.447251608194286,2018,1,552.7948717948718,23.992610398860403,1,-0.5010266940450947,1,480.2613124025288,2018,2017-20
2018-03-02,820.55,480.30165188074017,43.46289004747805,2018,1,523.5264957264957,23.665242165242162,1,-0.5010266940450947,1,480.30165188074017,2018,2017-20
2018-03-03,767.5780090332031,480.30165188074017,43.46289004747805,2018,1,414.3393162393162,23.61153846153847,1,-0.5010266940450947,1,480.30165188074017,2018,2017-20
2018-03-04,664.9430053710937,480.30613404498587,43.46462765184291,2018,1,632.4153846153846,23.54396367521368,1,-0.5010266940450947,0,0.0,2018,2017-20
2018-03-05,669.9120056152344,480.35992001593434,43.48547890422125,2018,1,838.0487179487179,23.122044159544163,1,-0.5010266940450947,0,0.0,2018,2017-20
2018-03-06,695.3919921875,480.7657397475904,43.50980536532932,2018,1,661.6418803418803,22.293108974358972,1,-0.5010266940450947,0,0.0,2018,2017-20
2018-03-07,633.8440185546875,480.83745437552165,43.53760703516711,2018,1,788.9606837606838,21.947507122507123,1,-0.5010266940450947,0,0.0,2018,2017-20
2018-03-08,653.4179992675781,480.9091690034529,43.565408705004906,2018,1,559.1452991452991,21.439672364672372,1,-0.5010266940450947,1,480.9091690034529,2018,2017-20
2018-03-09,631.6759948730469,480.9486955873602,43.58104714428867,2018,1,645.5658119658119,21.59223646723646,1,-0.5010266940450947,0,0.0,2018,2017-20
2018-03-10,566.8669952392578,480.9486955873602,43.58104714428867,2018,1,774.9726495726496,22.038176638176637,1,-0.5010266940450947,0,0.0,2018,2017-20
2018-03-11,639.4820251464844,480.9486955873602,43.58104714428867,2018,1,584.5794871794872,21.813603988603987,1,-0.5010266940450947,1,480.9486955873602,2018,2017-20
2018-03-12,726.058984375,480.99799939406296,43.600160792302155,2018,1,485.2076923076923,22.14960826210825,1,-0.5010266940450947,1,480.99799939406296,2018,2017-20
2018-03-13,773.9170227050781,481.07419618623993,43.62970006650481,2018,1,480.23589743589747,22.66566951566952,1,-0.5010266940450947,1,481.07419618623993,2018,2017-20
2018-03-14,812.7539978027344,481.1100535002056,43.64360090142371,2018,1,387.7709401709402,23.781659544159552,1,-0.5010266940450947,1,481.1100535002056,2018,2017-20
2018-03-15,788.0829956054688,481.2140577036233,43.673140175626365,2018,1,738.1358974358975,24.251745014245017,1,-0.5010266940450947,0,0.0,2018,2017-20
2018-03-16,808.7480041503907,481.2963316954535,43.69051621927499,2018,1,720.5461538461539,24.462321937321935,1,-0.5010266940450947,0,0.0,2018,2017-20
2018-03-17,704.2190124511719,481.2963316954535,43.69051621927499,2018,1,836.0068376068375,24.30243945868946,1,-0.5010266940450947,0,0.0,2018,2017-20
2018-03-18,700.4410034179688,481.2963316954535,43.69051621927499,2018,1,610.2358974358974,23.202510683760682,1,-0.5010266940450947,0,0.0,2018,2017-20
2018-03-19,769.5830017089844,481.41928547031546,43.72179309784251,2018,1,480.6538461538462,22.570744301994296,1,-0.5010266940450947,1,481.41928547031546,2018,2017-20
2018-03-20,780.7670043945312,481.485705039697,43.74785716331544,2018,1,415.12136752136746,22.88418803418803,1,-0.5010266940450947,1,481.485705039697,2018,2017-20
2018-03-21,761.539990234375,481.52906779291015,43.7634956025992,2018,1,561.8085470085471,23.24004629629629,1,-0.5010266940450947,1,481.52906779291015,2018,2017-20
2018-03-22,831.4209777832032,481.5738894353672,43.780871646247824,2018,1,299.71452991452986,23.093358262108264,1,-0.5010266940450947,1,481.5738894353672,2018,2017-20
2018-03-23,802.5650085449219,481.7235473618713,43.80519810735589,2018,1,459.6871794871795,22.99809472934473,1,-0.5010266940450947,1,481.7235473618713,2018,2017-20
2018-03-24,760.7320007324219,481.7235473618713,43.80519810735589,2018,1,276.64529914529913,22.696919515669517,1,-0.5010266940450947,1,481.7235473618713,2018,2017-20
2018-03-25,601.460009765625,481.7235473618713,43.80519810735589,2018,1,861.3333333333334,23.575979344729348,1,-0.5010266940450947,0,0.0,2018,2017-20
2018-03-26,695.8379943847656,481.7459581830998,43.813886129180204,2018,1,828.4811965811966,23.505466524216526,1,-0.5010266940450947,0,0.0,2018,2017-20
2018-03-27,667.0510070800781,482.2139936115714,43.841687799018,2018,1,919.3641025641025,23.677831196581195,1,-0.5010266940450947,0,0.0,2018,2017-20
2018-03-28,667.0159973144531,482.3036368964855,43.87643988631524,2018,1,935.3076923076924,23.891328347578348,1,-0.5010266940450947,0,0.0,2018,2017-20
2018-03-29,718.2750122070313,482.35742286743397,43.89729113869358,2018,1,850.4307692307691,24.461396011396015,1,-0.5010266940450947,0,0.0,2018,2017-20
2018-03-30,735.5820007324219,482.3798336886625,43.905979160517894,2018,1,866.3418803418803,24.95092592592593,1,-0.5010266940450947,0,0.0,2018,2017-20
2018-03-31,769.2950073242188,482.3798336886625,43.905979160517894,2018,1,306.065811965812,24.551495726495727,1,-0.5010266940450947,1,482.3798336886625,2018,2017-20
2018-04-01,696.5359924316406,482.3798336886625,43.905979160517894,2018,2,563.1324786324786,24.629967948717947,2,-0.5010266940450947,1,482.3798336886625,2018,2017-20
2018-04-02,887.2859802246094,482.43810182385664,43.9285680172611,2018,2,285.90085470085467,24.467378917378912,2,-0.5010266940450947,1,482.43810182385664,2018,2017-20
2018-04-03,818.8559875488281,482.4829702295388,43.945944060909724,2018,2,592.0700854700855,24.61290954415954,2,-0.5010266940450947,0,0.0,2018,2017-20
2018-04-04,896.9389892578125,482.5546848574701,43.97374573074752,2018,2,636.2709401709401,25.573023504273507,2,-0.5010266940450947,0,0.0,2018,2017-20
2018-04-05,872.5789978027344,482.5815778429443,43.98417135693669,2018,2,717.6153846153845,25.458244301994295,2,-0.5010266940450947,0,0.0,2018,2017-20
2018-04-06,775.8850036621094,482.7230037710553,44.01718583986907,2018,2,716.8008547008546,24.223130341880346,2,-0.5010266940450947,0,0.0,2018,2017-20
2018-04-07,819.7539855957032,482.7230037710553,44.01718583986907,2018,2,360.91111111111115,23.977154558404553,2,-0.5010266940450947,1,482.7230037710553,2018,2017-20
2018-04-08,781.4049987792969,482.727485935301,44.018923444233934,2018,2,450.7410256410256,23.777813390313387,2,-0.5010266940450947,1,482.727485935301,2018,2017-20
2018-04-09,700.3160034179688,482.76334324926665,44.032824279152834,2018,2,668.5316239316239,23.28993945868945,2,-0.5010266940450947,0,0.0,2018,2017-20
2018-04-10,719.1490051269532,482.8869489398399,44.05367553153118,2018,2,688.8752136752137,23.782727920227927,2,-0.5010266940450947,0,0.0,2018,2017-20
2018-04-11,717.6309936523437,482.94073491078836,44.07452678390952,2018,2,754.7,24.203027065527067,2,-0.5010266940450947,0,0.0,2018,2017-20
2018-04-12,772.2449890136719,483.5806399604773,44.1075412668419,2018,2,700.9145299145299,24.58256766381767,2,-0.5010266940450947,0,0.0,2018,2017-20
2018-04-13,762.8330078125,483.6569508207738,44.137080541044554,2018,2,825.3008547008546,24.622435897435903,2,-0.5010266940450947,0,0.0,2018,2017-20
2018-04-14,763.5210205078125,483.6569508207738,44.137080541044554,2018,2,524.3444444444444,24.571100427350427,2,-0.5010266940450947,1,483.6569508207738,2018,2017-20
2018-04-15,739.0149963378906,483.6569508207738,44.137080541044554,2018,2,622.8803418803419,24.611805555555552,2,-0.5010266940450947,0,0.0,2018,2017-20
2018-04-16,801.0699951171875,483.8008959960027,44.15966939778776,2018,2,711.4478632478633,24.511520655270647,2,-0.5010266940450947,0,0.0,2018,2017-20
2018-04-17,797.55498046875,483.88157495242535,44.19094627635528,2018,2,654.8470085470086,24.2019943019943,2,-0.5010266940450947,0,0.0,2018,2017-20
2018-04-18,758.008984375,483.96903808694617,44.22048555055793,2018,2,760.5076923076923,24.42183048433047,2,-0.5010266940450947,0,0.0,2018,2017-20
2018-04-19,847.785986328125,484.05212662549116,44.24654961603086,2018,2,485.5658119658119,24.227724358974367,2,-0.5010266940450947,1,484.05212662549116,2018,2017-20
2018-04-20,771.7340026855469,484.07901961096536,44.25697524222004,2018,2,750.5076923076923,24.388283475783478,2,-0.5010266940450947,0,0.0,2018,2017-20
2018-04-21,707.2530029296875,484.07901961096536,44.25697524222004,2018,2,706.9153846153846,24.35361467236467,2,-0.5010266940450947,0,0.0,2018,2017-20
2018-04-22,669.1570129394531,484.07901961096536,44.25697524222004,2018,2,787.8658119658119,24.56956908831909,2,-0.5010266940450947,0,0.0,2018,2017-20
2018-04-23,724.3240051269531,484.440618731538,44.28477691205783,2018,2,899.8572649572649,24.297881054131054,2,-0.5010266940450947,0,0.0,2018,2017-20
2018-04-24,787.5790100097656,484.54239557702243,44.31605379062535,2018,2,535.4811965811966,24.2352207977208,2,-0.5010266940450947,1,484.54239557702243,2018,2017-20
2018-04-25,700.0090026855469,484.57122720754614,44.32474181244966,2018,2,881.0897435897435,24.15365028490028,2,-0.5010266940450947,0,0.0,2018,2017-20
2018-04-26,806.7589965820313,484.6160488500032,44.342117856098284,2018,2,586.2017094017094,24.318839031339024,2,-0.5010266940450947,1,484.6160488500032,2018,2017-20
2018-04-27,835.0470031738281,484.67149732722896,44.36123150411177,2018,2,513.4863247863248,24.22480413105413,2,-0.5010266940450947,1,484.67149732722896,2018,2017-20
2018-04-28,646.2580078125,484.67149732722896,44.36123150411177,2018,2,662.2170940170939,22.574465811965812,2,-0.5010266940450947,0,0.0,2018,2017-20
2018-04-29,553.9419921875,484.68046165572036,44.364706712841496,2018,2,898.3974358974359,22.408725071225074,2,-0.5010266940450947,0,0.0,2018,2017-20
2018-04-30,703.8999938964844,484.7388604231669,44.3872955695847,2018,2,852.2529914529914,23.16260683760684,2,-0.5010266940450947,0,0.0,2018,2017-20
2018-05-01,749.3700012207031,484.8329858723267,44.423785261246806,2018,2,696.131623931624,23.360256410256415,2,-0.5010266940450947,0,0.0,2018,2017-20
2018-05-02,826.7069885253907,484.91814699299505,44.456799744179186,2018,2,373.2162393162393,23.592913105413114,2,-0.5010266940450947,1,484.91814699299505,2018,2017-20
2018-05-03,831.1129821777344,485.0391654276291,44.503715062030466,2018,2,436.3581196581196,23.80639245014245,2,-0.5010266940450947,1,485.0391654276291,2018,2017-20
2018-05-04,807.8210083007813,485.17062072744267,44.55410558861147,2018,2,625.108547008547,24.27387820512821,2,-0.5010266940450947,0,0.0,2018,2017-20
2018-05-05,779.8289978027344,485.17510289168837,44.55584319297633,2018,2,678.6846153846154,24.386520655270655,2,-0.5010266940450947,0,0.0,2018,2017-20
2018-05-06,627.6060119628906,485.17510289168837,44.55584319297633,2018,2,806.8538461538462,23.613568376068375,2,-0.5010266940450947,0,0.0,2018,2017-20
2018-05-07,776.5329956054687,485.22440669839114,44.57495684098982,2018,2,600.1136752136752,23.360185185185188,2,-0.5010266940450947,0,0.0,2018,2017-20
2018-05-08,754.5799865722656,485.3081999901346,44.58885767590872,2018,2,565.5008547008547,23.228490028490032,2,-0.5010266940450947,1,485.3081999901346,2018,2017-20
2018-05-09,751.9130065917968,485.37095028957447,44.61318413701679,2018,2,577.1393162393163,23.92663817663818,2,-0.5010266940450947,1,485.37095028957447,2018,2017-20
2018-05-10,796.6229919433594,485.40680760354013,44.62708497193569,2018,2,781.3837606837607,24.84816595441595,2,-0.5010266940450947,0,0.0,2018,2017-20
2018-05-11,816.9609924316406,485.5265724183744,44.672262685422105,2018,2,683.8905982905983,25.269052706552703,2,-0.5010266940450947,0,0.0,2018,2017-20
2018-05-12,733.19599609375,485.53105458262013,44.67400028978697,2018,2,778.8068376068376,25.11057692307692,2,-0.5010266940450947,0,0.0,2018,2017-20
2018-05-13,684.4069946289062,485.53105458262013,44.67400028978697,2018,2,774.3547008547009,24.70352564102564,2,-0.5010266940450947,0,0.0,2018,2017-20
2018-05-14,771.4280029296875,485.5893227178143,44.69658914653017,2018,2,623.3376068376068,24.04695512820513,2,-0.5010266940450947,0,0.0,2018,2017-20
2018-05-15,773.9509826660156,485.66103734574557,44.724390816367965,2018,2,721.5401709401709,24.50146011396011,2,-0.5010266940450947,0,0.0,2018,2017-20
2018-05-16,809.3729919433594,485.69689465971123,44.738291651286865,2018,2,795.9623931623931,25.281908831908826,2,-0.5010266940450947,0,0.0,2018,2017-20
2018-05-17,821.9220031738281,485.7730914518882,44.76783092548952,2018,2,744.4641025641025,25.801068376068375,2,-0.5010266940450947,0,0.0,2018,2017-20
2018-05-18,800.2099914550781,485.81343093009957,44.78346936477328,2018,2,876.5367521367522,25.697115384615376,2,-0.5010266940450947,0,0.0,2018,2017-20
2018-05-19,678.5830200195312,485.81343093009957,44.78346936477328,2018,2,875.2572649572651,25.264423076923084,2,-0.5010266940450947,0,0.0,2018,2017-20
2018-05-20,641.706005859375,485.81343093009957,44.78346936477328,2018,2,897.8623931623931,25.498985042735043,2,-0.5010266940450947,0,0.0,2018,2017-20
2018-05-21,786.6700134277344,485.88962772227654,44.81300863897594,2018,2,803.8136752136752,25.193304843304848,2,-0.5010266940450947,0,0.0,2018,2017-20
2018-05-22,773.6039855957031,485.9747888429449,44.84602312190832,2018,2,788.2803418803419,24.794284188034194,2,-0.5010266940450947,0,0.0,2018,2017-20
2018-05-23,785.3979919433593,486.1060404409014,44.86861197865152,2018,2,729.8401709401709,24.938621794871796,2,-0.5010266940450947,0,0.0,2018,2017-20
2018-05-24,784.5459777832032,486.2323426242514,44.92334651614468,2018,2,682.8538461538461,25.147507122507132,2,-0.5010266940450947,0,0.0,2018,2017-20
2018-05-25,787.2949951171875,487.77731989948444,44.94767297725275,2018,2,685.3247863247864,24.97286324786325,2,-0.5010266940450947,0,0.0,2018,2017-20
2018-05-26,748.7460021972656,487.78180206373014,44.94941058161761,2018,2,612.6888888888889,24.964850427350417,2,-0.5010266940450947,0,0.0,2018,2017-20
2018-05-27,718.0759948730469,487.78180206373014,44.94941058161761,2018,2,622.4547008547008,25.068660968660975,2,-0.5010266940450947,0,0.0,2018,2017-20
2018-05-28,754.1219909667968,487.78180206373014,44.94941058161761,2018,2,672.4222222222222,25.283404558404566,2,-0.5010266940450947,0,0.0,2018,2017-20
2018-05-29,907.6939880371094,488.01349749013485,44.984162668914855,2018,2,519.5094017094018,25.625409544159556,2,-0.5010266940450947,1,488.01349749013485,2018,2017-20
2018-05-30,796.6669921875,488.1031407750489,45.0189147562121,2018,2,794.6623931623932,25.647168803418797,2,-0.5010266940450947,0,0.0,2018,2017-20
2018-05-31,793.0880004882813,488.1883018957173,45.05192923914448,2018,2,786.0854700854701,25.35074786324786,2,-0.5010266940450947,0,0.0,2018,2017-20
2018-06-01,803.6440124511719,488.2644986878943,45.08146851334713,2018,2,716.5777777777778,25.53514957264957,2,-0.5010266940450947,0,0.0,2018,2017-20
2018-06-02,697.17099609375,488.2644986878943,45.08146851334713,2018,2,869.0282051282051,25.480840455840454,2,-0.5010266940450947,0,0.0,2018,2017-20
2018-06-03,677.6509948730469,488.26898085214,45.083206117711995,2018,2,856.6991452991454,25.830626780626783,2,-0.5010266940450947,0,0.0,2018,2017-20
2018-06-04,857.8299987792968,488.4246951395612,45.11274539191465,2018,2,510.2059829059829,25.592539173789163,2,-0.5010266940450947,1,488.4246951395612,2018,2017-20
2018-06-05,781.1900146484375,488.4919276032468,45.13880945738758,2018,2,761.3461538461539,25.070548433048433,2,-0.5010266940450947,0,0.0,2018,2017-20
2018-06-06,763.0730163574219,488.54571357419525,45.15966070976592,2018,2,785.5290598290597,24.930288461538456,2,-0.5010266940450947,0,0.0,2018,2017-20
2018-06-07,786.6810119628906,488.6347761285201,45.17877435777941,2018,2,650.6837606837607,25.433440170940177,2,-0.5010266940450947,0,0.0,2018,2017-20
2018-06-08,809.7379760742188,488.7340430149041,45.201363214522615,2018,2,828.1444444444445,26.05366809116809,2,-0.5010266940450947,0,0.0,2018,2017-20
2018-06-09,799.172998046875,488.7385251791498,45.20310081888748,2018,2,718.3239316239317,26.069266381766383,2,-0.5010266940450947,0,0.0,2018,2017-20
2018-06-10,722.9779968261719,488.7385251791498,45.20310081888748,2018,2,715.4401709401709,25.95436253561253,2,-0.5010266940450947,0,0.0,2018,2017-20
2018-06-11,770.67099609375,488.77438249311547,45.21700165380638,2018,2,797.2829059829061,25.87824074074074,2,-0.5010266940450947,0,0.0,2018,2017-20
2018-06-12,799.9659851074218,488.85954361378384,45.25001613673876,2018,2,856.4401709401709,25.832763532763533,2,-0.5010266940450947,0,0.0,2018,2017-20
2018-06-13,825.618994140625,488.9043652562409,45.26739218038738,2018,2,800.2529914529914,26.05491452991453,2,-0.5010266940450947,0,0.0,2018,2017-20
2018-06-14,827.3710205078125,488.9796168694507,45.29171864149545,2018,2,824.9905982905982,26.224127492877482,2,-0.5010266940450947,0,0.0,2018,2017-20
2018-06-15,808.3289978027344,489.08270664710193,45.33168354188728,2018,2,870.6119658119658,26.354629629629628,2,-0.5010266940450947,0,0.0,2018,2017-20
2018-06-16,773.0390075683594,489.08270664710193,45.33168354188728,2018,2,776.8393162393162,26.523433048433052,2,-0.5010266940450947,0,0.0,2018,2017-20
2018-06-17,706.0940185546875,489.08270664710193,45.33168354188728,2018,2,800.1094017094017,26.29496082621083,2,-0.5010266940450947,0,0.0,2018,2017-20
2018-06-18,792.9879943847657,489.1678677677703,45.36469802481966,2018,2,929.2982905982906,26.206143162393165,2,-0.5010266940450947,0,0.0,2018,2017-20
2018-06-19,814.4179870605469,489.27095754542154,45.40466292521149,2018,2,917.6059829059828,26.5139423076923,2,-0.5010266940450947,0,0.0,2018,2017-20
2018-06-20,821.5650024414062,489.29785053089574,45.415088551400665,2018,2,938.1042735042735,26.79070512820513,2,-0.5010266940450947,0,0.0,2018,2017-20
2018-06-21,822.5570007324219,489.3561186660899,45.43767740814387,2018,2,911.8811965811965,26.78089387464387,2,-0.5010266940450947,0,0.0,2018,2017-20
2018-06-22,843.0429992675781,489.3785294873184,45.44636542996818,2018,2,736.6094017094017,26.610879629629625,2,-0.5010266940450947,0,0.0,2018,2017-20
2018-06-23,719.3729919433594,489.3785294873184,45.44636542996818,2018,2,795.8555555555556,26.318215811965814,2,-0.5010266940450947,0,0.0,2018,2017-20
2018-06-24,720.2070007324219,489.3785294873184,45.44636542996818,2018,2,623.9854700854701,26.03874643874644,2,-0.5010266940450947,0,0.0,2018,2017-20
2018-06-25,798.7529846191406,489.3964581443012,45.45331584742763,2018,2,802.0273504273504,26.09711538461539,2,-0.5010266940450947,0,0.0,2018,2017-20
2018-06-26,826.8949768066407,489.4726549364782,45.48285512163029,2018,2,795.3555555555556,26.268767806267803,2,-0.5010266940450947,0,0.0,2018,2017-20
2018-06-27,816.5800109863281,489.56596749133394,45.51934481329239,2018,2,843.4880341880341,26.326834045584036,2,-0.5010266940450947,0,0.0,2018,2017-20
2018-06-28,854.6849731445312,489.6331999550195,45.54540887876532,2018,2,651.3717948717949,26.1113782051282,2,-0.5010266940450947,0,0.0,2018,2017-20
2018-06-29,813.4239868164062,489.7346283096846,45.566260131143665,2018,2,849.8452991452992,26.246207264957274,2,-0.5010266940450947,0,0.0,2018,2017-20
2018-06-30,741.027001953125,489.7391104739303,45.56799773550853,2018,2,859.1076923076923,26.121171652421655,2,-0.5010266940450947,0,0.0,2018,2017-20
2018-07-01,760.0839965820312,489.7391104739303,45.56799773550853,2018,3,724.6623931623932,26.16269586894587,3,-0.5010266940450947,0,0.0,2018,2017-20
2018-07-02,848.9390014648437,489.8422002515815,45.60796263590036,2018,3,868.3752136752137,26.35439814814815,3,-0.5010266940450947,0,0.0,2018,2017-20
2018-07-03,849.3100036621094,489.95016078541397,45.632289097008425,2018,3,652.7880341880342,26.225356125356125,3,-0.5010266940450947,0,0.0,2018,2017-20
2018-07-04,725.6810119628906,489.95464294965967,45.63402670137329,2018,3,862.1529914529914,26.383084045584052,3,-0.5010266940450947,0,0.0,2018,2017-20
2018-07-05,829.3570129394532,490.00772086258814,45.65487795375163,2018,3,891.7675213675213,26.407905982905977,3,-0.5010266940450947,0,0.0,2018,2017-20
2018-07-06,830.0970092773438,490.03909601230805,45.66704118430567,2018,3,854.8170940170942,26.39983974358975,3,-0.5010266940450947,0,0.0,2018,2017-20
2018-07-07,789.6919921875,490.03909601230805,45.66704118430567,2018,3,593.4512820512821,26.240669515669527,3,-0.5010266940450947,0,0.0,2018,2017-20
2018-07-08,719.6300109863281,490.03909601230805,45.66704118430567,2018,3,693.8837606837607,26.082532051282048,3,-0.5010266940450947,0,0.0,2018,2017-20
2018-07-09,832.1749877929688,490.1018463117479,45.691367645413735,2018,3,831.7675213675213,26.231641737891735,3,-0.5010266940450947,0,0.0,2018,2017-20
2018-07-10,852.7929992675781,490.28882778000144,45.73307015017043,2018,3,792.3897435897436,26.542183048433046,3,-0.5010266940450947,0,0.0,2018,2017-20
2018-07-11,830.2049926757812,490.35545054082877,45.75392140254877,2018,3,734.7444444444444,26.22241809116809,3,-0.5010266940450947,0,0.0,2018,2017-20
2018-07-12,819.9220031738281,490.43164733300574,45.783460676751425,2018,3,795.834188034188,26.223949430199426,3,-0.5010266940450947,0,0.0,2018,2017-20
2018-07-13,845.9749877929687,490.4648304955228,45.79562390730546,2018,3,731.3393162393162,26.29987535612535,3,-0.5010266940450947,0,0.0,2018,2017-20
2018-07-14,790.40400390625,490.4648304955228,45.79562390730546,2018,3,771.6564102564103,26.575462962962963,3,-0.5010266940450947,0,0.0,2018,2017-20
2018-07-15,808.8909912109375,490.4648304955228,45.79562390730546,2018,3,647.3239316239317,26.94001068376069,3,-0.5010266940450947,0,0.0,2018,2017-20
2018-07-16,875.2480163574219,490.5142649344779,45.81473755531895,2018,3,896.2017094017094,26.98883547008548,3,-0.5010266940450947,0,0.0,2018,2017-20
2018-07-17,920.2740112304688,490.5725330696721,45.837326412062154,2018,3,688.1931623931624,26.696474358974356,3,-0.5010266940450947,0,0.0,2018,2017-20
2018-07-18,949.5820190429688,490.62631904062056,45.8581776644405,2018,3,589.6871794871795,26.63057336182335,3,-0.5010266940450947,1,490.62631904062056,2018,2017-20
2018-07-19,875.3699890136719,490.70251583279753,45.88771693864315,2018,3,749.8376068376068,26.5767272079772,3,-0.5010266940450947,0,0.0,2018,2017-20
2018-07-20,832.6609802246094,490.7895881501363,45.91378100411608,2018,3,856.1059829059828,26.48415242165242,3,-0.5010266940450947,0,0.0,2018,2017-20
2018-07-21,721.9340087890625,490.7895881501363,45.91378100411608,2018,3,877.0,26.316648860398857,3,-0.5010266940450947,0,0.0,2018,2017-20
2018-07-22,748.3050048828125,490.7895881501363,45.91378100411608,2018,3,776.1735042735042,26.304772079772068,3,-0.5010266940450947,0,0.0,2018,2017-20
2018-07-23,910.6860107421875,490.89634719772914,45.955483508872774,2018,3,753.9299145299145,27.024198717948718,3,-0.5010266940450947,0,0.0,2018,2017-20
2018-07-24,890.9390014648437,490.9635796614147,45.981547574345704,2018,3,718.4555555555555,26.635790598290598,3,-0.5010266940450947,0,0.0,2018,2017-20
2018-07-25,860.9739929199219,491.0648562156668,46.01803726600781,2018,3,774.2470085470086,26.259205840455845,3,-0.5010266940450947,0,0.0,2018,2017-20
2018-07-26,901.4010009765625,491.10967785812386,46.035413309656434,2018,3,690.2675213675213,26.917770655270658,3,-0.5010266940450947,0,0.0,2018,2017-20
2018-07-27,888.8840026855469,491.13208867935236,46.044101331480746,2018,3,849.2794871794871,27.03543447293448,3,-0.5010266940450947,0,0.0,2018,2017-20
2018-07-28,773.8860046386719,491.13208867935236,46.044101331480746,2018,3,828.7282051282051,26.850516381766393,3,-0.5010266940450947,0,0.0,2018,2017-20
2018-07-29,743.6520263671875,491.13208867935236,46.044101331480746,2018,3,840.7606837606838,26.983101851851842,3,-0.5010266940450947,0,0.0,2018,2017-20
2018-07-30,905.72001953125,491.24508996387925,46.06495258385909,2018,3,682.0290598290599,27.149946581196577,3,-0.5010266940450947,0,0.0,2018,2017-20
2018-07-31,935.9890075683594,491.27198294935346,46.075378210048264,2018,3,699.2478632478633,27.239280626780623,3,-0.5010266940450947,0,0.0,2018,2017-20
2018-08-01,913.0469848632813,491.34817974153043,46.10491748425092,2018,3,658.882905982906,27.079629629629625,3,-0.5010266940450947,0,0.0,2018,2017-20
2018-08-02,882.0850036621093,491.4378230264445,46.13966957154816,2018,3,730.9179487179488,26.751406695156692,3,-0.5010266940450947,0,0.0,2018,2017-20
2018-08-03,836.9640075683594,491.7489644122931,46.17789686757513,2018,3,761.5803418803418,26.49444444444445,3,-0.5010266940450947,0,0.0,2018,2017-20
2018-08-04,772.360986328125,491.7489644122931,46.17789686757513,2018,3,757.1743589743589,26.443482905982894,3,-0.5010266940450947,0,0.0,2018,2017-20
2018-08-05,767.0110046386719,491.7489644122931,46.17789686757513,2018,3,647.697435897436,26.739440883190884,3,-0.5010266940450947,0,0.0,2018,2017-20
2018-08-06,845.1089965820313,491.8161968759787,46.20396093304806,2018,3,800.4598290598291,26.90443376068376,3,-0.5010266940450947,0,0.0,2018,2017-20
2018-08-07,846.3360046386719,491.89687583240135,46.235237811615576,2018,3,719.6333333333333,26.827724358974354,3,-0.5010266940450947,0,0.0,2018,2017-20
2018-08-08,847.3049926757812,491.9641082960869,46.261301877088506,2018,3,697.3854700854702,26.353080484330494,3,-0.5010266940450947,0,0.0,2018,2017-20
2018-08-09,960.0719787597657,492.0134121027897,46.28041552510199,2018,3,541.3128205128205,26.74223646723647,3,-0.5010266940450947,1,492.0134121027897,2018,2017-20
2018-08-10,925.0929809570313,492.2096173394106,46.3030043818452,2018,3,659.2726495726496,26.839458689458684,3,-0.5010266940450947,0,0.0,2018,2017-20
2018-08-11,808.306005859375,492.2096173394106,46.3030043818452,2018,3,808.7957264957265,26.697097578347577,3,-0.5010266940450947,0,0.0,2018,2017-20
2018-08-12,761.8060119628906,492.2140995036563,46.30474198621006,2018,3,874.905982905983,27.098593304843302,3,-0.5010266940450947,0,0.0,2018,2017-20
2018-08-13,868.6440124511719,492.2634033103591,46.32385563422355,2018,3,821.842735042735,26.99111467236467,3,-0.5010266940450947,0,0.0,2018,2017-20
2018-08-14,854.7660034179687,492.32615360979895,46.348182095331616,2018,3,857.1495726495726,26.828240740740743,3,-0.5010266940450947,0,0.0,2018,2017-20
2018-08-15,853.5150207519531,492.3754574165017,46.3672957433451,2018,3,845.9512820512821,26.745423789173785,3,-0.5010266940450947,0,0.0,2018,2017-20
2018-08-16,885.8609985351562,492.4382077159416,46.39162220445317,2018,3,869.4230769230769,27.165117521367517,3,-0.5010266940450947,0,0.0,2018,2017-20
2018-08-17,888.1809997558594,492.4606185371701,46.40031022627748,2018,3,878.151282051282,27.717646011396013,3,-0.5010266940450947,0,0.0,2018,2017-20
2018-08-18,873.7419982910156,492.4695828656615,46.40378543500721,2018,3,738.9230769230769,27.735024928774934,3,-0.5010266940450947,0,0.0,2018,2017-20
2018-08-19,858.318017578125,492.4695828656615,46.40378543500721,2018,3,713.8735042735043,27.91043447293447,3,-0.5010266940450947,0,0.0,2018,2017-20
2018-08-20,912.7710144042969,492.54129749359277,46.431587104845,2018,3,781.723076923077,27.459846866096868,3,-0.5010266940450947,0,0.0,2018,2017-20
2018-08-21,868.4469970703125,492.59508346454123,46.45243835722334,2018,3,842.8042735042734,27.22127849002848,3,-0.5010266940450947,0,0.0,2018,2017-20
2018-08-22,864.8780029296875,492.6667980924725,46.480240027061136,2018,3,771.2213675213676,27.106054131054133,3,-0.5010266940450947,0,0.0,2018,2017-20
2018-08-23,942.2789794921875,492.6802445852096,46.48545284015572,2018,3,379.14102564102564,27.085541310541302,3,-0.5010266940450947,1,492.6802445852096,2018,2017-20
2018-08-24,794.0720031738281,492.6847267494553,46.487190444520586,2018,3,431.3666666666667,27.252510683760686,3,-0.5010266940450947,1,492.6847267494553,2018,2017-20
2018-08-25,806.2329772949219,492.6847267494553,46.487190444520586,2018,3,416.81025641025644,26.672311253561247,3,-0.5010266940450947,1,492.6847267494553,2018,2017-20
2018-08-26,777.243994140625,492.6847267494553,46.487190444520586,2018,3,588.9085470085471,26.89971509971511,3,-0.5010266940450947,1,492.6847267494553,2018,2017-20
2018-08-27,932.9669921875,493.62433671337254,46.52541774054755,2018,3,523.3760683760684,27.089494301994304,3,-0.5010266940450947,1,493.62433671337254,2018,2017-20
2018-08-28,910.1729919433594,493.6997206112455,46.55495701475021,2018,3,649.9965811965812,27.05286680911681,3,-0.5010266940450947,0,0.0,2018,2017-20
2018-08-29,855.51298828125,494.369822957561,46.57754587149341,2018,3,793.6897435897436,26.978685897435895,3,-0.5010266940450947,0,0.0,2018,2017-20
2018-08-30,806.0719909667969,494.41464460001805,46.59492191514204,2018,3,841.6025641025641,26.40584045584046,3,-0.5010266940450947,0,0.0,2018,2017-20
2018-08-31,779.8719970703125,494.4765820051539,46.619248376250106,2018,3,826.8034188034187,26.27492877492877,3,-0.5010266940450947,0,0.0,2018,2017-20
2018-09-01,739.1649963378907,494.4765820051539,46.619248376250106,2018,3,785.5102564102565,25.98844373219373,3,-0.5010266940450947,0,0.0,2018,2017-20
2018-09-02,778.3699829101563,494.4810641693996,46.62098598061497,2018,3,714.1743589743589,26.57987891737891,3,-0.5010266940450947,0,0.0,2018,2017-20
2018-09-03,848.2679931640625,494.4810641693996,46.62098598061497,2018,3,709.6376068376069,27.218198005698003,3,-0.5010266940450947,0,0.0,2018,2017-20
2018-09-04,938.133984375,494.5177306222904,46.633149211169005,2018,3,715.6683760683761,27.34394586894588,3,-0.5010266940450947,0,0.0,2018,2017-20
2018-09-05,849.0859985351562,494.56703442899317,46.65226285918249,2018,3,828.2034188034188,27.18363603988604,3,-0.5010266940450947,0,0.0,2018,2017-20
2018-09-06,870.8940063476563,494.63874905692444,46.680064529020285,2018,3,823.3709401709402,27.115010683760683,3,-0.5010266940450947,0,0.0,2018,2017-20
2018-09-07,877.485009765625,494.6819449107734,46.69744057266891,2018,3,813.2179487179487,27.068821225071233,3,-0.5010266940450947,0,0.0,2018,2017-20
2018-09-08,830.6070068359375,494.6819449107734,46.69744057266891,2018,3,822.857264957265,27.160772792022787,3,-0.5010266940450947,0,0.0,2018,2017-20
2018-09-09,803.9810119628906,494.6819449107734,46.69744057266891,2018,3,812.642735042735,27.058831908831916,3,-0.5010266940450947,0,0.0,2018,2017-20
2018-09-10,872.1769897460938,494.7565399218513,46.7252422425067,2018,3,878.6017094017094,27.166791310541313,3,-0.5010266940450947,0,0.0,2018,2017-20
2018-09-11,903.1559997558594,494.81032589279977,46.746093494885045,2018,3,706.9700854700856,27.306356837606817,3,-0.5010266940450947,0,0.0,2018,2017-20
2018-09-12,910.543994140625,494.8327367140283,46.75478151670936,2018,3,368.46495726495726,27.17181267806268,3,-0.5010266940450947,1,494.8327367140283,2018,2017-20
2018-09-13,903.3679992675782,494.88570979067265,46.7756327690877,2018,3,445.0401709401709,26.772702991452988,3,-0.5010266940450947,1,494.88570979067265,2018,2017-20
2018-09-14,832.1879943847656,494.9305314331297,46.793008812736325,2018,3,780.0623931623932,26.89408831908833,3,-0.5010266940450947,0,0.0,2018,2017-20
2018-09-15,769.72099609375,494.9305314331297,46.793008812736325,2018,3,718.4555555555555,26.562660256410272,3,-0.5010266940450947,0,0.0,2018,2017-20
2018-09-16,695.5820068359375,494.9305314331297,46.793008812736325,2018,3,819.0606837606838,26.073237179487183,3,-0.5010266940450947,0,0.0,2018,2017-20
2018-09-17,807.6809936523438,495.1069615924361,46.81733527384439,2018,3,783.6752136752136,26.26570512820513,3,-0.5010266940450947,0,0.0,2018,2017-20
2018-09-18,798.6660095214844,495.169711891876,46.84166173495246,2018,3,855.8324786324786,26.33212250712251,3,-0.5010266940450947,0,0.0,2018,2017-20
2018-09-19,839.1249877929688,495.23246219131585,46.86598819606053,2018,3,838.4581196581196,27.026335470085474,3,-0.5010266940450947,0,0.0,2018,2017-20
2018-09-20,924.0500122070313,495.2862481622643,46.88683944843887,2018,3,810.6068376068376,27.316524216524215,3,-0.5010266940450947,0,0.0,2018,2017-20
2018-09-21,895.7789916992188,495.3400341332128,46.90769070081721,2018,3,797.1017094017094,27.485683760683767,3,-0.5010266940450947,0,0.0,2018,2017-20
2018-09-22,806.1690185546875,495.3400341332128,46.90769070081721,2018,3,776.3068376068376,27.103258547008547,3,-0.5010266940450947,0,0.0,2018,2017-20
2018-09-23,797.2879943847656,495.3400341332128,46.90769070081721,2018,3,692.3846153846155,27.10388176638177,3,-0.5010266940450947,0,0.0,2018,2017-20
2018-09-24,908.0670043945313,495.40278443265265,46.93201716192528,2018,3,743.3282051282051,27.39369658119658,3,-0.5010266940450947,0,0.0,2018,2017-20
2018-09-25,962.5269958496094,495.4386417466183,46.94591799684418,2018,3,640.4470085470086,27.562873931623926,3,-0.5010266940450947,0,0.0,2018,2017-20
2018-09-26,999.6570129394531,495.5013920460582,46.97024445795225,2018,3,651.6529914529914,27.575160256410246,3,-0.5010266940450947,0,0.0,2018,2017-20
2018-09-27,1000.3799987792969,495.55517801700665,46.99109571033059,2018,3,420.8589743589743,27.478294159544163,3,-0.5010266940450947,1,495.55517801700665,2018,2017-20
2018-09-28,970.7670104980468,495.6489598190698,47.027585401992695,2018,3,511.7658119658119,27.30904558404558,3,-0.5010266940450947,1,495.6489598190698,2018,2017-20
2018-09-29,838.5220092773437,495.6489598190698,47.027585401992695,2018,3,818.065811965812,27.5658831908832,3,-0.5010266940450947,0,0.0,2018,2017-20
2018-09-30,825.5760192871094,495.6489598190698,47.027585401992695,2018,3,731.765811965812,27.594052706552706,3,-0.5010266940450947,0,0.0,2018,2017-20
2018-10-01,918.135986328125,495.70274579001824,47.04843665437104,2018,4,796.4170940170941,27.482318376068374,4,-0.5010266940450947,0,0.0,2018,2017-20
2018-10-02,886.9860046386718,495.76691369817587,47.072763115479106,2018,4,837.8495726495727,27.379202279202286,4,-0.5010266940450947,0,0.0,2018,2017-20
2018-10-03,896.3460144042969,495.7982888478958,47.08492634603314,2018,4,668.734188034188,27.187660256410254,4,-0.5010266940450947,0,0.0,2018,2017-20
2018-10-04,915.3740051269531,495.83414616186144,47.09882718095204,2018,4,676.4230769230769,27.33420584045585,4,-0.5010266940450947,0,0.0,2018,2017-20
2018-10-05,883.6909912109375,495.8960835669973,47.12315364206011,2018,4,777.9760683760684,27.243839031339032,4,-0.5010266940450947,0,0.0,2018,2017-20
2018-10-06,877.2940063476562,495.8960835669973,47.12315364206011,2018,4,496.19230769230774,27.196705840455834,4,-0.5010266940450947,1,495.8960835669973,2018,2017-20
2018-10-07,811.7480163574219,495.8960835669973,47.12315364206011,2018,4,607.7444444444444,27.356962250712247,4,-0.5010266940450947,0,0.0,2018,2017-20
2018-10-08,881.3469970703125,495.93642304520864,47.13879208134387,2018,4,779.9991452991453,27.271225071225064,4,-0.5010266940450947,0,0.0,2018,2017-20
2018-10-09,874.2060180664063,495.9857268519114,47.15790572935736,2018,4,768.876923076923,26.851780626780624,4,-0.5010266940450947,0,0.0,2018,2017-20
2018-10-10,871.4380004882812,496.0842810924487,47.17180656427626,2018,4,631.3264957264958,26.19750712250713,4,-0.5010266940450947,0,0.0,2018,2017-20
2018-10-11,893.9100036621094,496.13358489915146,47.19092021228975,2018,4,508.29658119658114,26.287873931623935,4,-0.5010266940450947,1,496.13358489915146,2018,2017-20
2018-10-12,898.65,496.1918530343456,47.21350906903295,2018,4,549.8564102564103,26.162784900284894,4,-0.5010266940450947,1,496.1918530343456,2018,2017-20
2018-10-13,816.7760192871094,496.1963351985913,47.215246673397814,2018,4,654.8871794871795,26.299643874643877,4,-0.5010266940450947,0,0.0,2018,2017-20
2018-10-14,753.9719970703125,496.20081736283703,47.21698427776268,2018,4,759.5239316239316,26.085113960113958,4,-0.5010266940450947,0,0.0,2018,2017-20
2018-10-15,871.8920104980468,496.2688394721414,47.23957313450588,2018,4,522.5179487179487,25.624483618233622,4,-0.5010266940450947,1,496.2688394721414,2018,2017-20
2018-10-16,816.1099975585937,496.37911123917684,47.260424386884225,2018,4,682.0307692307692,25.888675213675224,4,-0.5010266940450947,0,0.0,2018,2017-20
2018-10-17,832.4719909667969,496.7925087981575,47.38205669242458,2018,4,651.7905982905984,25.924750712250702,4,-0.5010266940450947,0,0.0,2018,2017-20
2018-10-18,878.3079956054687,496.85077693335165,47.40464554916778,2018,4,609.5769230769231,26.127991452991463,4,-0.5010266940450947,0,0.0,2018,2017-20
2018-10-19,898.4839965820313,496.9269737255286,47.43418482337044,2018,4,669.8307692307692,26.45592948717948,4,-0.5010266940450947,0,0.0,2018,2017-20
2018-10-20,761.0050048828125,496.9314558897743,47.4359224277353,2018,4,754.9393162393162,26.12893518518518,4,-0.5010266940450947,0,0.0,2018,2017-20
2018-10-21,773.927001953125,496.9314558897743,47.4359224277353,2018,4,720.5786324786325,26.384205840455838,4,-0.5010266940450947,0,0.0,2018,2017-20
2018-10-22,885.8289916992187,497.43964001939014,47.47067451503254,2018,4,706.1692307692308,26.465918803418802,4,-0.5010266940450947,0,0.0,2018,2017-20
2018-10-23,902.4920043945312,497.5158368115671,47.5002137892352,2018,4,633.4264957264957,26.686342592592595,4,-0.5010266940450947,0,0.0,2018,2017-20
2018-10-24,896.3910217285156,497.5937472638856,47.52975306343785,2018,4,596.8777777777777,26.802670940170927,4,-0.5010266940450947,0,0.0,2018,2017-20
2018-10-25,897.026025390625,497.66097972757115,47.55581712891078,2018,4,609.5786324786325,26.655626780626786,4,-0.5010266940450947,0,0.0,2018,2017-20
2018-10-26,890.6440063476563,497.7371765197481,47.58535640311344,2018,4,586.5521367521367,26.39987535612536,4,-0.5010266940450947,1,497.7371765197481,2018,2017-20
2018-10-27,796.2770080566406,497.7416586839938,47.5870940074783,2018,4,741.6068376068376,26.86650641025641,4,-0.5010266940450947,0,0.0,2018,2017-20
2018-10-28,808.5440002441406,497.7461408482395,47.58883161184316,2018,4,609.2324786324787,26.974483618233624,4,-0.5010266940450947,0,0.0,2018,2017-20
2018-10-29,966.1579711914062,497.85769326410866,47.62010849041068,2018,4,403.9051282051282,26.842628205128207,4,-0.5010266940450947,1,497.85769326410866,2018,2017-20
2018-10-30,984.5849914550781,497.94733654902274,47.65486057770792,2018,4,227.82991452991456,26.693643162393162,4,-0.5010266940450947,1,497.94733654902274,2018,2017-20
2018-10-31,886.6000061035156,498.1033726963209,47.70698870865379,2018,4,675.3880341880342,26.597952279202286,4,-0.5010266940450947,0,0.0,2018,2017-20
2018-11-01,921.185986328125,498.14371217453225,47.72262714793755,2018,4,467.0683760683761,26.84861111111111,4,-0.5010266940450947,1,498.14371217453225,2018,2017-20
2018-11-02,875.0999938964844,498.2154268024635,47.750428817775344,2018,4,655.8547008547009,26.73349358974359,4,-0.5010266940450947,0,0.0,2018,2017-20
2018-11-03,749.8920043945312,498.2199089667092,47.752166422140206,2018,4,647.5692307692308,26.427368233618235,4,-0.5010266940450947,0,0.0,2018,2017-20
2018-11-04,749.375,498.2199089667092,47.752166422140206,2018,4,629.8418803418804,26.788835470085477,4,-0.5010266940450947,0,0.0,2018,2017-20
2018-11-05,864.289990234375,498.2916235946405,47.779968091978,2018,4,585.6119658119658,26.23262108262109,4,-0.5010266940450947,1,498.2916235946405,2018,2017-20
2018-11-06,843.1889953613281,498.3767847153089,47.81298257491038,2018,4,577.0700854700855,26.179772079772075,4,-0.5010266940450947,1,498.3767847153089,2018,2017-20
2018-11-07,873.2170166015625,498.75592338427504,47.837309036018446,2018,4,654.7940170940171,26.40046296296296,4,-0.5010266940450947,0,0.0,2018,2017-20
2018-11-08,869.264990234375,498.8141915194692,47.85989789276165,2018,4,674.6905982905982,26.514013532763542,4,-0.5010266940450947,0,0.0,2018,2017-20
2018-11-09,885.7019775390625,498.8814239831548,47.88596195823458,2018,4,623.651282051282,25.91061253561254,4,-0.5010266940450947,0,0.0,2018,2017-20
2018-11-10,751.2880004882812,498.8814239831548,47.88596195823458,2018,4,435.4666666666667,25.021777065527065,4,-0.5010266940450947,1,498.8814239831548,2018,2017-20
2018-11-11,652.6799926757812,498.8814239831548,47.88596195823458,2018,4,619.4367521367521,24.86225071225071,4,-0.5010266940450947,0,0.0,2018,2017-20
2018-11-12,738.4989929199219,498.95313861108605,47.913763628072374,2018,4,639.6564102564103,25.3767272079772,4,-0.5010266940450947,0,0.0,2018,2017-20
2018-11-13,806.25,499.0382997317544,47.946778111004754,2018,4,670.5008547008547,25.681036324786323,4,-0.5010266940450947,0,0.0,2018,2017-20
2018-11-14,835.5609924316407,499.29077956176184,47.98326780266686,2018,4,670.5829059829059,25.673308404558394,4,-0.5010266940450947,0,0.0,2018,2017-20
2018-11-15,865.7020141601563,499.4297266533787,48.03713353797759,2018,4,460.79658119658126,25.709312678062684,4,-0.5010266940450947,1,499.4297266533787,2018,2017-20
2018-11-16,876.518994140625,499.94160220331906,48.09447448201804,2018,4,437.6034188034188,25.563568376068375,4,-0.5010266940450947,1,499.94160220331906,2018,2017-20
2018-11-17,774.4209899902344,499.94608436756477,48.096212086382906,2018,4,501.36324786324786,25.02966524216525,4,-0.5010266940450947,1,499.94608436756477,2018,2017-20
2018-11-18,696.1650085449219,499.94608436756477,48.096212086382906,2018,4,669.0649572649572,24.951976495726488,4,-0.5010266940450947,0,0.0,2018,2017-20
2018-11-19,760.8950073242188,500.0850314591816,48.150077821693635,2018,4,655.525641025641,24.937339743589742,4,-0.5010266940450947,0,0.0,2018,2017-20
2018-11-20,817.1070129394532,500.22669240984703,48.2022059526395,2018,4,445.50598290598293,25.04127492877493,4,-0.5010266940450947,1,500.22669240984703,2018,2017-20
2018-11-21,813.227001953125,500.2984070377783,48.230007622477295,2018,4,555.7213675213676,25.510434472934467,4,-0.5010266940450947,1,500.2984070377783,2018,2017-20
2018-11-22,815.351025390625,500.2984070377783,48.230007622477295,2018,4,498.3350427350427,25.80361467236466,4,-0.5010266940450947,1,500.2984070377783,2018,2017-20
2018-11-23,791.2800231933594,500.3208178590068,48.244777259578626,2018,4,626.9162393162393,25.697738603988608,4,-0.5010266940450947,0,0.0,2018,2017-20
2018-11-24,764.0980041503906,500.3253000232525,48.24651486394349,2018,4,633.8247863247864,25.817111823361824,4,-0.5010266940450947,0,0.0,2018,2017-20
2018-11-25,727.2360046386718,500.3297821874982,48.24825246830835,2018,4,631.3726495726496,25.31328347578348,4,-0.5010266940450947,0,0.0,2018,2017-20
2018-11-26,845.876025390625,500.45080062213225,48.29516778615963,2018,4,642.7094017094017,25.448896011396013,4,-0.5010266940450947,0,0.0,2018,2017-20
2018-11-27,836.7589904785157,500.5225152500635,48.32296945599742,2018,4,479.7,25.39837962962964,4,-0.5010266940450947,1,500.5225152500635,2018,2017-20
2018-11-28,810.5250122070313,501.02041051212063,48.36640956511898,2018,4,648.8256410256411,25.611734330484325,4,-0.5010266940450947,0,0.0,2018,2017-20
2018-11-29,826.2330139160156,501.0697143188234,48.385523213132466,2018,4,590.382905982906,25.737250712250724,4,-0.5010266940450947,0,0.0,2018,2017-20
2018-11-30,886.3579895019532,501.7494793942273,48.42114410261214,2018,4,418.96324786324783,25.46972934472934,4,-0.5010266940450947,1,501.7494793942273,2018,2017-20
2018-12-01,723.847998046875,501.7494793942273,48.42114410261214,2018,4,687.0316239316239,24.65820868945869,4,-0.5010266940450947,0,0.0,2018,2017-20
2018-12-02,704.8660034179687,501.7494793942273,48.42114410261214,2018,4,593.4974358974359,24.570940170940176,4,-0.5010266940450947,0,0.0,2018,2017-20
2018-12-03,800.6250183105469,501.8563432781042,48.46284660736883,2018,4,568.8982905982906,24.692004985754988,4,-0.5010266940450947,1,501.8563432781042,2018,2017-20
2018-12-04,799.5720153808594,501.9587249977354,48.50281150776066,2018,4,641.1991452991454,25.301068376068383,4,-0.5010266940450947,0,0.0,2018,2017-20
2018-12-05,763.2539855957032,502.01251096868384,48.523662760139004,2018,4,644.8820512820514,24.968981481481478,4,-0.5010266940450947,0,0.0,2018,2017-20
2018-12-06,782.9440002441406,502.91826452395276,48.55320203434166,2018,4,604.9017094017094,24.96312321937322,4,-0.5010266940450947,0,0.0,2018,2017-20
2018-12-07,792.0500122070313,503.0255807402259,48.57752849544973,2018,4,546.7529914529914,24.73762464387465,4,-0.5010266940450947,1,503.0255807402259,2018,2017-20
2018-12-08,734.7740051269532,503.0300629044716,48.57926609981459,2018,4,386.9726495726496,24.112980769230774,4,-0.5010266940450947,1,503.0300629044716,2018,2017-20
2018-12-09,682.1960021972657,503.0300629044716,48.57926609981459,2018,4,576.402564102564,24.24900284900285,4,-0.5010266940450947,1,503.0300629044716,2018,2017-20
2018-12-10,815.302001953125,503.4910396123018,48.629656626395594,2018,4,464.334188034188,24.580626780626776,4,-0.5010266940450947,1,503.4910396123018,2018,2017-20
2018-12-11,804.6830139160156,503.6030937184444,48.67309673551715,2018,4,429.20940170940173,24.809170227920223,4,-0.5010266940450947,1,503.6030937184444,2018,2017-20
2018-12-12,804.9910034179687,503.71962998883276,48.718274449003566,2018,4,498.1615384615385,24.709116809116818,4,-0.5010266940450947,1,503.71962998883276,2018,2017-20
2018-12-13,764.3109985351563,503.98201602147725,48.751288931935946,2018,4,552.6846153846154,24.550605413105426,4,-0.5010266940450947,1,503.98201602147725,2018,2017-20
2018-12-14,761.7879943847656,504.0582128136542,48.7808282061386,2018,4,584.9769230769231,24.50587606837607,4,-0.5010266940450947,1,504.0582128136542,2018,2017-20
2018-12-15,695.0550048828125,504.0626949778999,48.78256581050346,2018,4,623.6333333333333,24.37159900284901,4,-0.5010266940450947,0,0.0,2018,2017-20
2018-12-16,669.5930114746094,504.0716593063913,48.78604101923319,2018,4,584.8504273504274,24.212268518518517,4,-0.5010266940450947,1,504.0716593063913,2018,2017-20
2018-12-17,757.94599609375,504.22405289074527,48.845119567638505,2018,4,629.3256410256411,24.196047008547016,4,-0.5010266940450947,0,0.0,2018,2017-20
2018-12-18,779.377001953125,504.31369617565935,48.87987165493575,2018,4,485.77521367521365,23.57629985754986,4,-0.5010266940450947,1,504.31369617565935,2018,2017-20
2018-12-19,702.1390075683594,504.50130964697263,48.90767332477354,2018,4,472.9213675213675,23.06080840455841,4,-0.5010266940450947,1,504.50130964697263,2018,2017-20
2018-12-20,732.2200073242187,504.6215151873026,48.95458864262482,2018,4,583.2358974358974,23.647827635327644,4,-0.5010266940450947,1,504.6215151873026,2018,2017-20
2018-12-21,772.552001953125,504.70219414372525,48.98586552119234,2018,4,499.3376068376068,24.10422008547009,4,-0.5010266940450947,1,504.70219414372525,2018,2017-20
2018-12-22,712.4500183105469,504.70667630797095,48.9876031255572,2018,4,631.7461538461539,24.714601139601147,4,-0.5010266940450947,0,0.0,2018,2017-20
2018-12-23,682.0829956054688,504.71564063646235,48.991078334286925,2018,4,649.6128205128205,24.823486467236467,4,-0.5010266940450947,0,0.0,2018,2017-20
2018-12-24,808.8210144042969,504.72460496495376,48.99455354301665,2018,4,516.9435897435898,24.463105413105414,4,-0.5010266940450947,1,504.72460496495376,2018,2017-20
2018-12-25,747.525,504.72908712919946,48.99629114738151,2018,4,451.9179487179487,24.712268518518528,4,-0.5010266940450947,1,504.72908712919946,2018,2017-20
2018-12-26,823.1989929199219,504.80976608562213,49.02756802594903,2018,4,573.6025641025641,24.859989316239318,4,-0.5010266940450947,1,504.80976608562213,2018,2017-20
2018-12-27,818.1650207519531,504.8635520565706,49.04841927832737,2018,4,651.2119658119658,25.157175925925927,4,-0.5010266940450947,0,0.0,2018,2017-20
2018-12-28,901.8969970703125,504.94423101299327,49.07969615689489,2018,4,101.92735042735043,23.90571581196581,4,-0.5010266940450947,1,504.94423101299327,2018,2017-20
2018-12-29,740.2009765625,504.9531953414847,49.083171365624615,2018,4,574.9529914529915,24.648379629629627,4,-0.5010266940450947,1,504.9531953414847,2018,2017-20
2018-12-30,737.2629943847656,504.9621596699761,49.08664657435434,2018,4,550.2094017094016,24.870779914529923,4,-0.5010266940450947,1,504.9621596699761,2018,2017-20
2018-12-31,803.6369934082031,505.00698131243314,49.104022618002965,2018,4,559.7478632478633,24.161930199430213,4,-0.5010266940450947,1,505.00698131243314,2018,2017-20
2019-01-01,695.0730529785156,505.00698131243314,49.104022618002965,2019,1,574.2752136752136,24.65165598290599,1,0.4989733059549053,1,505.00698131243314,2019,2017-20
2019-01-02,755.8810546875,505.0282071340687,49.110973035462415,2019,1,677.7803418803419,24.61171652421652,1,0.4989733059549053,0,0.0,2019,2017-20
2019-01-03,773.4830932617188,505.1343362422463,49.14572512275966,2019,1,595.8538461538461,24.195744301994306,1,0.4989733059549053,0,0.0,2019,2017-20
2019-01-04,767.53193359375,505.24499611135445,49.16831397950286,2019,1,559.5367521367522,24.264761396011394,1,0.4989733059549053,1,505.24499611135445,2019,2017-20
2019-01-05,702.5629821777344,505.24499611135445,49.16831397950286,2019,1,670.3529914529914,24.182781339031347,1,0.4989733059549053,0,0.0,2019,2017-20
2019-01-06,677.2370361328125,505.24499611135445,49.16831397950286,2019,1,641.7589743589745,24.441452991452987,1,0.4989733059549053,0,0.0,2019,2017-20
2019-01-07,751.7350036621094,505.90403139421886,49.189165231881205,2019,1,565.8188034188034,23.94528133903134,1,0.4989733059549053,1,505.90403139421886,2019,2017-20
2019-01-08,769.8120544433593,505.92362003038716,49.196115649340655,2019,1,626.5324786324786,23.736538461538455,1,0.4989733059549053,0,0.0,2019,2017-20
2019-01-09,772.6420349121094,505.9725715232691,49.21175408862442,2019,1,582.4333333333333,23.54399928774929,1,0.4989733059549053,1,505.9725715232691,2019,2017-20
2019-01-10,775.6810424804687,506.0256360773579,49.22913013227304,2019,1,594.7008547008547,23.82920227920228,1,0.4989733059549053,0,0.0,2019,2017-20
2019-01-11,768.643017578125,506.0468618989934,49.23608054973249,2019,1,657.208547008547,24.30265313390313,1,0.4989733059549053,0,0.0,2019,2017-20
2019-01-12,713.1590698242187,506.0521683544023,49.237818154097354,2019,1,572.2162393162394,24.209419515669513,1,0.4989733059549053,1,506.0521683544023,2019,2017-20
2019-01-13,735.1889953613281,506.06278126522005,49.24129336282708,2019,1,473.32136752136756,24.361520655270663,1,0.4989733059549053,1,506.06278126522005,2019,2017-20
2019-01-14,776.5929443359375,509.0928709524013,49.26735742830001,2019,1,571.2128205128205,24.19960826210826,1,0.4989733059549053,1,509.0928709524013,2019,2017-20
2019-01-15,762.4859802246094,509.1883871497612,49.29863430686753,2019,1,580.6829059829059,24.034864672364677,1,0.4989733059549053,1,509.1883871497612,2019,2017-20
2019-01-16,736.291943359375,509.2945162579388,49.33338639416477,2019,1,613.9017094017094,24.207852564102563,1,0.4989733059549053,0,0.0,2019,2017-20
2019-01-17,782.0459838867188,509.3581937228454,49.35423764654311,2019,1,654.0683760683761,24.463835470085467,1,0.4989733059549053,0,0.0,2019,2017-20
2019-01-18,736.5999877929687,509.42187118775195,49.375088898921454,2019,1,537.3162393162394,23.125017806267806,1,0.4989733059549053,1,509.42187118775195,2019,2017-20
2019-01-19,691.5709838867188,509.42187118775195,49.375088898921454,2019,1,616.7957264957265,23.678276353276345,1,0.4989733059549053,0,0.0,2019,2017-20
2019-01-20,675.5229919433593,509.42187118775195,49.375088898921454,2019,1,689.6264957264957,24.51063034188034,1,0.4989733059549053,0,0.0,2019,2017-20
2019-01-21,725.605029296875,509.4324840985697,49.37856410765118,2019,1,696.3213675213675,24.666096866096865,1,0.4989733059549053,0,0.0,2019,2017-20
2019-01-22,783.2519775390625,509.5014680188852,49.401152964394385,2019,1,674.4632478632478,24.395851139601138,1,0.4989733059549053,0,0.0,2019,2017-20
2019-01-23,753.0640014648437,509.56514548379175,49.42200421677273,2019,1,645.2017094017094,24.449483618233614,1,0.4989733059549053,0,0.0,2019,2017-20
2019-01-24,793.7500366210937,509.6394358595161,49.446330677880795,2019,1,565.4410256410257,24.213283475783474,1,0.4989733059549053,1,509.6394358595161,2019,2017-20
2019-01-25,769.9929748535156,509.6712745919694,49.45675630406997,2019,1,550.934188034188,23.43570156695157,1,0.4989733059549053,1,509.6712745919694,2019,2017-20
2019-01-26,617.6330627441406,509.68188750278716,49.460231512799695,2019,1,574.0008547008547,21.992254273504273,1,0.4989733059549053,1,509.68188750278716,2019,2017-20
2019-01-27,646.6699951171875,509.68188750278716,49.460231512799695,2019,1,360.93760683760684,22.023005698005694,1,0.4989733059549053,1,509.68188750278716,2019,2017-20
2019-01-28,665.3910705566407,509.7296456014671,49.47586995208346,2019,1,675.8709401709401,21.939405270655268,1,0.4989733059549053,0,0.0,2019,2017-20
2019-01-29,719.0810302734375,509.7916858809064,49.4967212044618,2019,1,385.5683760683761,22.404095441595434,1,0.4989733059549053,1,509.7916858809064,2019,2017-20
2019-01-30,712.8770080566406,509.855363345813,49.51757245684014,2019,1,576.323076923077,23.449928774928775,1,0.4989733059549053,1,509.855363345813,2019,2017-20
2019-01-31,738.5510192871094,509.9137343553107,49.53668610485363,2019,1,413.09914529914533,23.227653133903132,1,0.4989733059549053,1,509.9137343553107,2019,2017-20
2019-02-01,729.2749633789062,509.9402666323551,49.54537412667794,2019,1,552.1692307692308,23.678721509971506,1,0.4989733059549053,1,509.9402666323551,2019,2017-20
2019-02-02,687.8380126953125,509.9402666323551,49.54537412667794,2019,1,609.6606837606838,23.2684650997151,1,0.4989733059549053,0,0.0,2019,2017-20
2019-02-03,651.3960083007812,509.9402666323551,49.54537412667794,2019,1,630.859829059829,23.213817663817668,1,0.4989733059549053,0,0.0,2019,2017-20
2019-02-04,697.4719970703125,510.18568956082686,49.56448777469143,2019,1,699.6,22.846723646723646,1,0.4989733059549053,0,0.0,2019,2017-20
2019-02-05,691.5239807128906,510.4379273056565,49.59837105980624,2019,1,702.9564102564102,23.17564102564104,1,0.4989733059549053,0,0.0,2019,2017-20
2019-02-06,743.5809875488281,510.5228305921986,49.62617272964403,2019,1,674.6384615384616,23.58372507122506,1,0.4989733059549053,0,0.0,2019,2017-20
2019-02-07,735.3690368652344,510.5796692525131,49.64528637765752,2019,1,719.5786324786325,23.39604700854701,1,0.4989733059549053,0,0.0,2019,2017-20
2019-02-08,689.7460021972656,510.6713738668101,49.66961283876559,2019,1,722.5863247863248,22.9420405982906,1,0.4989733059549053,0,0.0,2019,2017-20
2019-02-09,581.4469696044922,510.67668032221894,49.67135044313045,2019,1,661.5564102564102,20.47373575498576,1,0.4989733059549053,0,0.0,2019,2017-20
2019-02-10,555.7910278320312,510.6819867776278,49.67308804749531,2019,1,600.5717948717949,20.529024216524217,1,0.4989733059549053,0,0.0,2019,2017-20
2019-02-11,637.0069763183594,510.79178573117133,49.69046409114394,2019,1,657.9623931623931,21.549020655270652,1,0.4989733059549053,0,0.0,2019,2017-20
2019-02-12,627.5299072265625,510.960509152693,49.714790552252005,2019,1,741.5196581196581,21.70073005698006,1,0.4989733059549053,0,0.0,2019,2017-20
2019-02-13,657.9409851074219,511.00157347814246,49.72695378280604,2019,1,596.1897435897436,21.197293447293443,1,0.4989733059549053,0,0.0,2019,2017-20
2019-02-14,653.1169311523438,511.1236219525467,49.76691868319787,2019,1,406.1290598290599,21.039423076923086,1,0.4989733059549053,1,511.1236219525467,2019,2017-20
2019-02-15,653.1519958496094,511.2801441700414,49.7929827486708,2019,1,640.7606837606838,22.026299857549848,1,0.4989733059549053,0,0.0,2019,2017-20
2019-02-16,632.422998046875,511.2801441700414,49.7929827486708,2019,1,665.4008547008547,22.266524216524218,1,0.4989733059549053,0,0.0,2019,2017-20
2019-02-17,606.5990356445312,511.2801441700414,49.7929827486708,2019,1,560.8102564102564,22.158582621082626,1,0.4989733059549053,1,511.2801441700414,2019,2017-20
2019-02-18,612.7159973144531,511.3172893579036,49.80514597922484,2019,1,732.6273504273504,22.279861111111114,1,0.4989733059549053,0,0.0,2019,2017-20
2019-02-19,799.6150146484375,511.3650474565835,49.8207844185086,2019,1,139.43076923076924,22.324305555555565,1,0.4989733059549053,1,511.3650474565835,2019,2017-20
2019-02-20,660.2599853515625,511.43933783230784,49.84511087961667,2019,1,793.2880341880342,23.091613247863254,1,0.4989733059549053,0,0.0,2019,2017-20
2019-02-21,676.9440368652344,511.5189346634411,49.8711749450896,2019,1,748.6444444444444,23.194301994301995,1,0.4989733059549053,0,0.0,2019,2017-20
2019-02-22,684.831005859375,511.59853149457433,49.89723901056253,2019,1,742.2991452991453,23.101406695156697,1,0.4989733059549053,0,0.0,2019,2017-20
2019-02-23,682.4020141601562,511.63037022702764,49.907664636751704,2019,1,709.534188034188,22.937019230769238,1,0.4989733059549053,0,0.0,2019,2017-20
2019-02-24,571.359976196289,511.63037022702764,49.907664636751704,2019,1,842.5,22.58303062678063,1,0.4989733059549053,0,0.0,2019,2017-20
2019-02-25,714.1679992675781,511.7064987636068,49.92677828476519,2019,1,571.6564102564103,22.03242521367521,1,0.4989733059549053,1,511.7064987636068,2019,2017-20
2019-02-26,651.5559631347656,511.79443678884394,49.954579954602984,2019,1,769.4717948717948,21.69246794871795,1,0.4989733059549053,0,0.0,2019,2017-20
2019-02-27,636.0860534667969,511.8634207091594,49.97716881134619,2019,1,585.4880341880341,21.132567663817667,1,0.4989733059549053,1,511.8634207091594,2019,2017-20
2019-02-28,632.3099548339844,511.8952594416127,49.987594437535364,2019,1,652.2333333333333,20.639102564102565,1,0.4989733059549053,0,0.0,2019,2017-20
2019-03-01,633.3980346679688,511.9589369065193,50.00844568991371,2019,1,635.4811965811966,21.026602564102564,1,0.4989733059549053,0,0.0,2019,2017-20
2019-03-02,582.0579803466796,511.9589369065193,50.00844568991371,2019,1,781.0931623931624,21.789084757834758,1,0.4989733059549053,0,0.0,2019,2017-20
2019-03-03,530.0710235595703,511.96424336192814,50.01018329427857,2019,1,787.4786324786324,21.803988603988604,1,0.4989733059549053,0,0.0,2019,2017-20
2019-03-04,630.1339904785157,511.99238837831075,50.01887131610288,2019,1,671.2820512820513,21.263158831908832,1,0.4989733059549053,0,0.0,2019,2017-20
2019-03-05,651.9430114746094,512.1515820405772,50.07099944704875,2019,1,602.0615384615385,21.873700142450147,1,0.4989733059549053,0,0.0,2019,2017-20
2019-03-06,696.9670166015625,512.204646594666,50.094457105974385,2019,1,550.3581196581197,22.114102564102566,1,0.4989733059549053,1,512.204646594666,2019,2017-20
2019-03-07,652.3580261230469,512.2524046933459,50.11009554525815,2019,1,713.6282051282051,22.466577635327628,1,0.4989733059549053,0,0.0,2019,2017-20
2019-03-08,641.1070007324219,512.2948563366169,50.12399638017705,2019,1,779.3401709401709,22.671616809116813,1,0.4989733059549053,0,0.0,2019,2017-20
2019-03-09,622.75,512.2948563366169,50.12399638017705,2019,1,717.1034188034188,22.949839743589745,1,0.4989733059549053,0,0.0,2019,2017-20
2019-03-10,631.8800842285157,512.2948563366169,50.12399638017705,2019,1,589.4367521367521,23.232140313390317,1,0.4989733059549053,1,512.2948563366169,2019,2017-20
2019-03-11,731.0770629882812,512.3691467123413,50.148322841285115,2019,1,682.7042735042735,23.204807692307686,1,0.4989733059549053,0,0.0,2019,2017-20
2019-03-12,701.9259155273437,512.4381306326567,50.17091169802832,2019,1,734.6128205128205,22.675071225071218,1,0.4989733059549053,0,0.0,2019,2017-20
2019-03-13,714.9030456542969,512.6154052718122,50.20218857659584,2019,1,732.265811965812,23.14757834757835,1,0.4989733059549053,0,0.0,2019,2017-20
2019-03-14,722.5419738769531,512.6946224597518,50.226515037703905,2019,1,792.6025641025641,23.788817663817657,1,0.4989733059549053,0,0.0,2019,2017-20
2019-03-15,695.5029724121093,512.6946224597518,50.226515037703905,2019,1,878.7820512820514,23.458173076923075,1,0.4989733059549053,0,0.0,2019,2017-20
2019-03-16,581.6140014648438,512.6946224597518,50.226515037703905,2019,1,923.5846153846154,23.4082264957265,1,0.4989733059549053,0,0.0,2019,2017-20
2019-03-17,554.4189819335937,512.6946224597518,50.226515037703905,2019,1,804.3350427350427,22.37845441595442,1,0.4989733059549053,0,0.0,2019,2017-20
2019-03-18,627.5570129394531,512.7582999246584,50.24736629008225,2019,1,684.4641025641025,22.035167378917375,1,0.4989733059549053,0,0.0,2019,2017-20
2019-03-19,686.4899597167969,512.8113644787472,50.26474233373087,2019,1,720.0880341880342,23.10746082621083,1,0.4989733059549053,0,0.0,2019,2017-20
2019-03-20,689.2489685058594,512.8750419436539,50.285593586109215,2019,1,804.3478632478633,23.608457977207976,1,0.4989733059549053,0,0.0,2019,2017-20
2019-03-21,655.6729797363281,513.0088594093434,50.32903369523077,2019,1,840.0264957264957,23.469106125356124,1,0.4989733059549053,0,0.0,2019,2017-20
2019-03-22,659.1399780273438,513.0806075286855,50.34988494760911,2019,1,857.3880341880342,23.53906695156694,1,0.4989733059549053,0,0.0,2019,2017-20
2019-03-23,640.2739685058593,513.0806075286855,50.34988494760911,2019,1,612.3256410256411,23.33215811965812,1,0.4989733059549053,0,0.0,2019,2017-20
2019-03-24,625.9849731445313,513.0859139840944,50.351622551973975,2019,1,707.9495726495727,23.812553418803414,1,0.4989733059549053,0,0.0,2019,2017-20
2019-03-25,743.7999938964844,513.2928657450408,50.4193891222036,2019,1,550.3777777777779,23.619622507122514,1,0.4989733059549053,1,513.2928657450408,2019,2017-20
2019-03-26,668.0440002441406,513.3565432099474,50.44024037458194,2019,1,815.4649572649572,23.63158831908832,1,0.4989733059549053,0,0.0,2019,2017-20
2019-03-27,684.5560363769531,513.3936883978096,50.45240360513598,2019,1,768.3051282051282,23.82256054131055,1,0.4989733059549053,0,0.0,2019,2017-20
2019-03-28,676.5620178222656,513.4520594073073,50.471517253149464,2019,1,896.4119658119658,23.39056267806268,1,0.4989733059549053,0,0.0,2019,2017-20
2019-03-29,735.3889587402343,515.2001501451776,50.50626934044671,2019,1,697.5273504273504,22.86794871794872,1,0.4989733059549053,0,0.0,2019,2017-20
2019-03-30,624.7359985351562,515.2054566005866,50.50800694481157,2019,1,736.7119658119658,23.023717948717948,1,0.4989733059549053,0,0.0,2019,2017-20
2019-03-31,620.1409423828125,515.2054566005866,50.50800694481157,2019,1,813.3282051282051,23.80430911680912,1,0.4989733059549053,0,0.0,2019,2017-20
2019-04-01,726.4690185546875,515.2638276100843,50.52712059282506,2019,2,516.7367521367521,24.028507834757836,2,0.4989733059549053,1,515.2638276100843,2019,2017-20
2019-04-02,695.9740051269531,515.3458758708281,50.55318465829799,2019,2,757.1213675213675,23.417094017094016,2,0.4989733059549053,0,0.0,2019,2017-20
2019-04-03,669.6280212402344,515.4466985235969,50.58619914123037,2019,2,862.9649572649572,23.5110576923077,2,0.4989733059549053,0,0.0,2019,2017-20
2019-04-04,661.0239929199219,515.5369082655478,50.61573841543302,2019,2,939.5213675213676,23.703490028490034,2,0.4989733059549053,0,0.0,2019,2017-20
2019-04-05,686.5860168457032,515.6303994302012,50.63832727217623,2019,2,907.0837606837607,24.205128205128208,2,0.4989733059549053,0,0.0,2019,2017-20
2019-04-06,628.5520263671875,515.6303994302012,50.63832727217623,2019,2,946.3452991452992,24.710042735042737,2,0.4989733059549053,0,0.0,2019,2017-20
2019-04-07,653.6079772949219,515.6303994302012,50.63832727217623,2019,2,810.5854700854701,24.21059472934473,2,0.4989733059549053,0,0.0,2019,2017-20
2019-04-08,742.0829956054688,515.6675446180634,50.650490502730264,2019,2,879.7572649572651,24.479594017094026,2,0.4989733059549053,0,0.0,2019,2017-20
2019-04-09,733.6270324707032,515.8055124586944,50.69566821621668,2019,2,831.9760683760684,24.736609686609686,2,0.4989733059549053,0,0.0,2019,2017-20
2019-04-10,730.9450073242188,515.8798028344187,50.71999467732475,2019,2,784.7196581196581,24.578988603988602,2,0.4989733059549053,0,0.0,2019,2017-20
2019-04-11,726.5510131835938,515.9434802993253,50.74084592970309,2019,2,732.7367521367521,24.45870726495727,2,0.4989733059549053,0,0.0,2019,2017-20
2019-04-12,704.8360412597656,516.0071577642319,50.761697182081434,2019,2,827.2128205128205,24.186591880341876,2,0.4989733059549053,0,0.0,2019,2017-20
2019-04-13,636.3110107421875,516.0124642196408,50.7634347864463,2019,2,832.682905982906,24.075534188034183,2,0.4989733059549053,0,0.0,2019,2017-20
2019-04-14,627.526025390625,516.0177706750497,50.76517239081116,2019,2,757.5777777777778,23.85765669515669,2,0.4989733059549053,0,0.0,2019,2017-20
2019-04-15,648.6810119628906,516.1238997832273,50.7999244781084,2019,2,905.1307692307691,23.712054843304845,2,0.4989733059549053,0,0.0,2019,2017-20
2019-04-16,713.2749694824219,516.1928837035427,50.82251333485161,2019,2,837.6658119658119,23.887143874643883,2,0.4989733059549053,0,0.0,2019,2017-20
2019-04-17,719.2050170898438,516.3202386333559,50.8642158396083,2019,2,768.0017094017094,24.463105413105406,2,0.4989733059549053,0,0.0,2019,2017-20
2019-04-18,722.2799926757813,516.4104483753068,50.893755113810954,2019,2,842.6222222222223,24.64843304843305,2,0.4989733059549053,0,0.0,2019,2017-20
2019-04-19,692.1509826660156,516.4529000185779,50.907655948729854,2019,2,899.2376068376068,24.56089743589743,2,0.4989733059549053,0,0.0,2019,2017-20
2019-04-20,687.516015625,516.4635129293956,50.91113115745958,2019,2,713.0700854700855,24.652866809116812,2,0.4989733059549053,0,0.0,2019,2017-20
2019-04-21,609.1789855957031,516.4635129293956,50.91113115745958,2019,2,917.5162393162393,24.97051282051282,2,0.4989733059549053,0,0.0,2019,2017-20
2019-04-22,754.7200073242187,516.4847387510312,50.91808157491903,2019,2,757.7641025641026,24.7767094017094,2,0.4989733059549053,0,0.0,2019,2017-20
2019-04-23,730.8309936523438,516.5218839388933,50.930244805473066,2019,2,800.8307692307692,24.61705840455841,2,0.4989733059549053,0,0.0,2019,2017-20
2019-04-24,713.5890075683594,516.5925767376506,50.944145640391966,2019,2,892.2307692307692,24.429469373219376,2,0.4989733059549053,0,0.0,2019,2017-20
2019-04-25,753.8269592285156,516.6562542025572,50.96499689277031,2019,2,835.4965811965812,24.606659544159537,2,0.4989733059549053,0,0.0,2019,2017-20
2019-04-26,770.4690063476562,516.7358510336904,50.99106095824324,2019,2,877.5837606837606,24.856143162393163,2,0.4989733059549053,0,0.0,2019,2017-20
2019-04-27,753.8289855957031,516.7358510336904,50.99106095824324,2019,2,707.4641025641025,24.87485754985754,2,0.4989733059549053,0,0.0,2019,2017-20
2019-04-28,718.7390380859375,516.7358510336904,50.99106095824324,2019,2,699.1940170940171,24.810487891737896,2,0.4989733059549053,0,0.0,2019,2017-20
2019-04-29,797.7169372558594,516.841980141868,51.02581304554048,2019,2,629.131623931624,24.763888888888886,2,0.4989733059549053,0,0.0,2019,2017-20
2019-04-30,716.70703125,516.9428027946368,51.05882752847286,2019,2,862.7948717948718,24.54699074074074,2,0.4989733059549053,0,0.0,2019,2017-20
2019-05-01,730.4379821777344,518.4741882362015,51.081416385216066,2019,2,808.0205128205127,24.506659544159543,2,0.4989733059549053,0,0.0,2019,2017-20
2019-05-02,773.0340209960938,518.5219463348814,51.09705482449983,2019,2,654.3470085470086,24.43976139601139,2,0.4989733059549053,0,0.0,2019,2017-20
2019-05-03,766.331005859375,518.5590915227435,51.109218055053866,2019,2,746.4863247863248,24.83828347578348,2,0.4989733059549053,0,0.0,2019,2017-20
2019-05-04,739.8060180664063,518.5643979781524,51.11095565941873,2019,2,371.2153846153846,23.974412393162396,2,0.4989733059549053,1,518.5643979781524,2019,2017-20
2019-05-05,534.8409210205078,518.5643979781524,51.11095565941873,2019,2,943.3760683760684,22.829576210826207,2,0.4989733059549053,0,0.0,2019,2017-20
2019-05-06,739.2449768066406,518.6333818984679,51.13354451616193,2019,2,676.7435897435897,23.014725783475786,2,0.4989733059549053,0,0.0,2019,2017-20
2019-05-07,708.7420104980469,518.770656080188,51.17872222964835,2019,2,874.8615384615384,24.290794159544152,2,0.4989733059549053,0,0.0,2019,2017-20
2019-05-08,795.7570251464844,518.8661722775479,51.20999910821587,2019,2,681.4547008547008,24.758475783475784,2,0.4989733059549053,0,0.0,2019,2017-20
2019-05-09,725.1820373535156,518.896373824534,51.22042473440504,2019,2,915.4470085470086,24.761164529914527,2,0.4989733059549053,0,0.0,2019,2017-20
2019-05-10,745.6190063476563,518.9782856941184,51.24475119551311,2019,2,914.1538461538461,25.08792735042735,2,0.4989733059549053,0,0.0,2019,2017-20
2019-05-11,712.0939697265625,518.9782856941184,51.24475119551311,2019,2,893.7222222222223,25.344836182336177,2,0.4989733059549053,0,0.0,2019,2017-20
2019-05-12,691.2330444335937,518.9782856941184,51.24475119551311,2019,2,845.2299145299145,25.503009259259255,2,0.4989733059549053,0,0.0,2019,2017-20
2019-05-13,837.1839721679687,519.0950277131138,51.28297849154008,2019,2,804.5222222222222,25.79161324786324,2,0.4989733059549053,0,0.0,2019,2017-20
2019-05-14,824.8280212402344,519.179930999656,51.31078016137787,2019,2,726.8547008547008,25.77263176638176,2,0.4989733059549053,0,0.0,2019,2017-20
2019-05-15,785.7380187988281,519.2860601078336,51.34553224867511,2019,2,777.1290598290599,25.62749287749287,2,0.4989733059549053,0,0.0,2019,2017-20
2019-05-16,767.3740295410156,519.3656569389668,51.37159631414804,2019,2,909.3034188034187,25.551673789173794,2,0.4989733059549053,0,0.0,2019,2017-20
2019-05-17,815.2639892578125,519.3974956714201,51.38202194033722,2019,2,695.1521367521367,25.61967592592593,2,0.4989733059549053,0,0.0,2019,2017-20
2019-05-18,746.7139465332032,519.4134150376467,51.387234753431805,2019,2,716.6803418803419,25.69268162393163,2,0.4989733059549053,0,0.0,2019,2017-20
2019-05-19,730.9470458984375,519.4187214930556,51.38897235779667,2019,2,744.1555555555556,26.147489316239316,2,0.4989733059549053,0,0.0,2019,2017-20
2019-05-20,832.7090209960937,519.5019875941305,51.41677402763446,2019,2,802.5393162393162,26.39891381766382,2,0.4989733059549053,0,0.0,2019,2017-20
2019-05-21,821.9300109863282,519.5852536952053,51.44457569747225,2019,2,896.6538461538461,26.358867521367518,2,0.4989733059549053,0,0.0,2019,2017-20
2019-05-22,825.1260070800781,519.6595440709297,51.46890215858032,2019,2,891.6752136752136,26.68319088319089,2,0.4989733059549053,0,0.0,2019,2017-20
2019-05-23,857.7809875488281,519.7762860899251,51.50712945460729,2019,2,791.0811965811965,26.691613247863245,2,0.4989733059549053,0,0.0,2019,2017-20
2019-05-24,839.7200012207031,519.8611893764672,51.53493112444508,2019,2,688.1478632478633,26.504273504273502,2,0.4989733059549053,0,0.0,2019,2017-20
2019-05-25,728.3780029296875,519.8824151981028,51.54188154190453,2019,2,786.7034188034188,26.399999999999995,2,0.4989733059549053,0,0.0,2019,2017-20
2019-05-26,692.0799987792968,519.8824151981028,51.54188154190453,2019,2,815.1239316239316,26.084579772079774,2,0.4989733059549053,0,0.0,2019,2017-20
2019-05-27,751.1049987792969,519.8824151981028,51.54188154190453,2019,2,823.6897435897436,26.408262108262107,2,0.4989733059549053,0,0.0,2019,2017-20
2019-05-28,893.5289428710937,519.9673184846449,51.56968321174232,2019,2,595.0085470085471,26.559597578347574,2,0.4989733059549053,0,0.0,2019,2017-20
2019-05-29,824.8329711914063,520.1158992360936,51.618336133958465,2019,2,880.6222222222223,26.733226495726495,2,0.4989733059549053,0,0.0,2019,2017-20
2019-05-30,805.7899719238281,520.2385313148163,51.65656342998543,2019,2,787.3213675213676,26.371349715099715,2,0.4989733059549053,0,0.0,2019,2017-20
2019-05-31,811.5049743652344,520.3095580129071,51.6808898910935,2019,2,789.3786324786325,26.60372150997151,2,0.4989733059549053,0,0.0,2019,2017-20
2019-06-01,741.0709838867188,520.314864468316,51.68262749545836,2019,2,797.4581196581196,26.341363960113952,2,0.4989733059549053,0,0.0,2019,2017-20
2019-06-02,693.01298828125,520.320170923725,51.684365099823225,2019,2,844.0042735042734,26.414209401709403,2,0.4989733059549053,0,0.0,2019,2017-20
2019-06-03,809.1969970703125,520.3732354778138,51.70174114347185,2019,2,729.1717948717949,26.138034188034187,2,0.4989733059549053,0,0.0,2019,2017-20
2019-06-04,807.6350341796875,520.743097793908,51.731280417674505,2019,2,720.3965811965812,26.155804843304846,2,0.4989733059549053,0,0.0,2019,2017-20
2019-06-05,827.702001953125,520.9509669898692,51.77645813116092,2019,2,787.5871794871795,26.493518518518513,2,0.4989733059549053,0,0.0,2019,2017-20
2019-06-06,836.6469665527344,521.0411767318202,51.80599740536358,2019,2,908.4478632478633,26.788977920227918,2,0.4989733059549053,0,0.0,2019,2017-20
2019-06-07,804.1340270996094,521.1313864737712,51.83553667956623,2019,2,929.1119658119658,26.641079059829064,2,0.4989733059549053,0,0.0,2019,2017-20
2019-06-08,705.3890014648438,521.1313864737712,51.83553667956623,2019,2,929.8632478632478,26.36805555555556,2,0.4989733059549053,0,0.0,2019,2017-20
2019-06-09,745.1369506835938,521.1579187508156,51.844224701390544,2019,2,803.1384615384616,26.559757834757836,2,0.4989733059549053,0,0.0,2019,2017-20
2019-06-10,835.1949890136718,521.224676663037,51.86507595376889,2019,2,849.8427350427352,26.65128205128205,2,0.4989733059549053,0,0.0,2019,2017-20
2019-06-11,766.2180236816406,521.2565153954903,51.87550157995806,2019,2,934.2470085470086,26.59679487179487,2,0.4989733059549053,0,0.0,2019,2017-20
2019-06-12,790.9050109863281,521.314886404988,51.89461522797155,2019,2,906.6777777777777,26.589066951566952,2,0.4989733059549053,0,0.0,2019,2017-20
2019-06-13,781.6539916992188,522.1143223056974,51.94848096328228,2019,2,936.8085470085471,26.611413817663816,2,0.4989733059549053,0,0.0,2019,2017-20
2019-06-14,785.9939880371094,522.1726933151951,51.967594611295766,2019,2,919.8042735042734,26.377154558404555,2,0.4989733059549053,0,0.0,2019,2017-20
2019-06-15,711.5960083007812,522.1726933151951,51.967594611295766,2019,2,939.6119658119658,26.547168803418803,2,0.4989733059549053,0,0.0,2019,2017-20
2019-06-16,687.8200561523438,522.1886126814218,51.97280742439035,2019,2,887.5102564102565,26.708636039886045,2,0.4989733059549053,0,0.0,2019,2017-20
2019-06-17,884.6610473632812,522.2947417895994,52.007559511687596,2019,2,798.3170940170941,27.06214387464388,2,0.4989733059549053,0,0.0,2019,2017-20
2019-06-18,845.8209411621094,522.4479825843916,52.04231159898484,2019,2,888.5820512820512,27.237660256410262,2,0.4989733059549053,0,0.0,2019,2017-20
2019-06-19,835.0299987792969,522.5541116925692,52.07706368628208,2019,2,848.946153846154,27.048237179487185,2,0.4989733059549053,0,0.0,2019,2017-20
2019-06-20,809.964990234375,524.0750484824983,52.09617733429557,2019,2,851.2564102564102,26.722756410256423,2,0.4989733059549053,0,0.0,2019,2017-20
2019-06-21,876.5110107421875,524.1599517690405,52.12397900413336,2019,2,551.0709401709402,26.987642450142445,2,0.4989733059549053,1,524.1599517690405,2019,2017-20
2019-06-22,786.183984375,524.1599517690405,52.12397900413336,2019,2,773.8786324786324,27.505680199430202,2,0.4989733059549053,0,0.0,2019,2017-20
2019-06-23,858.5259887695313,524.1599517690405,52.12397900413336,2019,2,582.5897435897435,27.61885683760683,2,0.4989733059549053,1,524.1599517690405,2019,2017-20
2019-06-24,974.7009948730469,524.3132183686024,52.1726319263495,2019,2,497.7205128205128,26.948379629629624,2,0.4989733059549053,1,524.3132183686024,2019,2017-20
2019-06-25,950.3880798339844,524.376895833509,52.193483178727845,2019,2,454.074358974359,26.31935541310541,2,0.4989733059549053,1,524.376895833509,2019,2017-20
2019-06-26,882.8320678710937,524.4562375786883,52.21780963983591,2019,2,480.408547008547,26.102243589743594,2,0.4989733059549053,1,524.4562375786883,2019,2017-20
2019-06-27,900.7920043945312,524.5411408652304,52.245611309673706,2019,2,577.4504273504274,27.15078347578348,2,0.4989733059549053,1,524.5411408652304,2019,2017-20
2019-06-28,916.9740478515625,524.6207376963637,52.271675375146636,2019,2,557.4179487179488,27.21025641025641,2,0.4989733059549053,1,524.6207376963637,2019,2017-20
2019-06-29,753.0549926757812,524.6260441517726,52.2734129795115,2019,2,838.1794871794871,27.13513176638177,2,0.4989733059549053,0,0.0,2019,2017-20
2019-06-30,753.6060119628906,524.6260441517726,52.2734129795115,2019,2,699.848717948718,27.075551994301993,2,0.4989733059549053,0,0.0,2019,2017-20
2019-07-01,840.6470031738281,524.7643859241539,52.31685308863305,2019,3,853.5794871794872,27.293678774928782,3,0.4989733059549053,0,0.0,2019,2017-20
2019-07-02,856.4990173339844,524.806837567425,52.33075392355195,2019,3,816.6564102564103,27.3403311965812,3,0.4989733059549053,0,0.0,2019,2017-20
2019-07-03,841.6399597167969,524.8772210756383,52.34986757156544,2019,3,880.7,27.298326210826207,3,0.4989733059549053,0,0.0,2019,2017-20
2019-07-04,803.6140258789062,524.8772210756383,52.34986757156544,2019,3,788.3213675213676,27.23125,3,0.4989733059549053,0,0.0,2019,2017-20
2019-07-05,900.4440002441406,524.9037533526828,52.35855559338975,2019,3,793.2735042735043,27.462321937321942,3,0.4989733059549053,0,0.0,2019,2017-20
2019-07-06,766.1620056152344,524.9037533526828,52.35855559338975,2019,3,936.9572649572649,27.84784544159545,3,0.4989733059549053,0,0.0,2019,2017-20
2019-07-07,748.139013671875,524.9037533526828,52.35855559338975,2019,3,881.5230769230769,27.329896723646723,3,0.4989733059549053,0,0.0,2019,2017-20
2019-07-08,933.2279907226563,524.9886566392249,52.386357263227545,2019,3,587.3247863247864,27.52134971509972,3,0.4989733059549053,1,524.9886566392249,2019,2017-20
2019-07-09,888.6610046386719,525.0947857474025,52.42110935052479,2019,3,885.7461538461539,27.86748575498575,3,0.4989733059549053,0,0.0,2019,2017-20
2019-07-10,846.5469482421875,525.1796890339447,52.44891102036258,2019,3,930.7547008547008,27.548379629629633,3,0.4989733059549053,0,0.0,2019,2017-20
2019-07-11,865.7599853515625,525.301737508349,52.48887592075441,2019,3,926.2316239316239,27.476282051282045,3,0.4989733059549053,0,0.0,2019,2017-20
2019-07-12,820.5539916992187,525.437479340886,52.532316029875965,2019,3,916.8615384615384,27.471064814814824,3,0.4989733059549053,0,0.0,2019,2017-20
2019-07-13,776.3989624023437,525.4480922517037,52.53579123860569,2019,3,848.9564102564102,27.424074074074074,3,0.4989733059549053,0,0.0,2019,2017-20
2019-07-14,723.6169921875,525.4480922517037,52.53579123860569,2019,3,955.8452991452992,27.4022792022792,3,0.4989733059549053,0,0.0,2019,2017-20
2019-07-15,865.8539916992188,525.5383019936546,52.565330512808345,2019,3,853.9136752136752,27.594586894586897,3,0.4989733059549053,0,0.0,2019,2017-20
2019-07-16,862.9419921875,525.65504401265,52.60355780883531,2019,3,906.5931623931623,27.76645299145299,3,0.4989733059549053,0,0.0,2019,2017-20
2019-07-17,877.3559875488281,525.9374802449387,52.645260313592004,2019,3,698.1965811965813,27.496136039886043,3,0.4989733059549053,0,0.0,2019,2017-20
2019-07-18,830.0540344238282,526.0167538700392,52.66958677470007,2019,3,888.268376068376,27.438265669515673,3,0.4989733059549053,0,0.0,2019,2017-20
2019-07-19,880.5520263671875,526.1499379924794,52.711289279456764,2019,3,806.3393162393162,27.577528490028495,3,0.4989733059549053,0,0.0,2019,2017-20
2019-07-20,772.2010131835938,526.1499379924794,52.711289279456764,2019,3,775.5119658119659,27.318839031339024,3,0.4989733059549053,0,0.0,2019,2017-20
2019-07-21,734.4540222167968,526.1499379924794,52.711289279456764,2019,3,887.8452991452992,27.428970797720794,3,0.4989733059549053,0,0.0,2019,2017-20
2019-07-22,936.0999694824219,526.2594586014577,52.737353344929694,2019,3,472.78290598290596,27.785523504273502,3,0.4989733059549053,1,526.2594586014577,2019,2017-20
2019-07-23,850.1119812011718,526.4982490948573,52.81554554134849,2019,3,887.0589743589744,27.80826210826211,3,0.4989733059549053,0,0.0,2019,2017-20
2019-07-24,843.8499633789063,526.677031393292,52.87462408975381,2019,3,943.5948717948719,27.80190527065527,3,0.4989733059549053,0,0.0,2019,2017-20
2019-07-25,842.5340026855469,526.7354024027898,52.893737737767296,2019,3,914.1991452991454,27.413105413105427,3,0.4989733059549053,0,0.0,2019,2017-20
2019-07-26,846.8590454101562,526.8834398305589,52.94239065998344,2019,3,842.7025641025641,27.280608974358966,3,0.4989733059549053,0,0.0,2019,2017-20
2019-07-27,769.7090026855469,526.8834398305589,52.94239065998344,2019,3,860.551282051282,27.457585470085466,3,0.4989733059549053,0,0.0,2019,2017-20
2019-07-28,747.2580017089844,526.8834398305589,52.94239065998344,2019,3,862.2811965811965,27.289921652421654,3,0.4989733059549053,0,0.0,2019,2017-20
2019-07-29,868.9739501953125,528.5701248843889,52.97019232982123,2019,3,869.0666666666666,27.60381054131054,3,0.4989733059549053,0,0.0,2019,2017-20
2019-07-30,865.1699829101562,528.6868669033843,53.0084196258482,2019,3,856.8905982905983,27.501121794871796,3,0.4989733059549053,0,0.0,2019,2017-20
2019-07-31,857.5399841308594,528.877899298104,53.07097338298323,2019,3,867.7606837606838,27.473272792022797,3,0.4989733059549053,0,0.0,2019,2017-20
2019-08-01,880.9680053710938,528.9924660347231,53.10051265718589,2019,3,820.2538461538461,27.40491452991453,3,0.4989733059549053,0,0.0,2019,2017-20
2019-08-02,890.7429870605469,529.1091853470256,53.138739953212855,2019,3,841.0367521367522,27.800605413105405,3,0.4989733059549053,0,0.0,2019,2017-20
2019-08-03,863.1669860839844,529.1304111686611,53.145690370672305,2019,3,732.6555555555556,27.97353988603989,3,0.4989733059549053,0,0.0,2019,2017-20
2019-08-04,863.5849975585937,529.1410240794788,53.14916557940203,2019,3,768.3059829059829,27.7960292022792,3,0.4989733059549053,0,0.0,2019,2017-20
2019-08-05,955.1779968261719,529.2896048309275,53.19781850161817,2019,3,834.2529914529914,27.54102564102563,3,0.4989733059549053,0,0.0,2019,2017-20
2019-08-06,939.1609985351563,529.4483775026453,53.232570588915415,2019,3,719.6333333333333,27.880484330484325,3,0.4989733059549053,0,0.0,2019,2017-20
2019-08-07,979.2009582519531,529.5231709663252,53.25515944565862,2019,3,739.0461538461539,28.059740028490026,3,0.4989733059549053,0,0.0,2019,2017-20
2019-08-08,915.6849853515625,529.6293000745028,53.28991153295586,2019,3,891.1307692307691,27.993963675213674,3,0.4989733059549053,0,0.0,2019,2017-20
2019-08-09,939.8739929199219,529.7672679151337,53.33508924644228,2019,3,796.928205128205,27.92190170940171,3,0.4989733059549053,0,0.0,2019,2017-20
2019-08-10,864.3350036621093,529.7778808259515,53.338564455172005,2019,3,865.4410256410256,28.342717236467234,3,0.4989733059549053,0,0.0,2019,2017-20
2019-08-11,839.7089538574219,529.7884937367692,53.34203966390173,2019,3,857.3880341880342,28.380217236467235,3,0.4989733059549053,0,0.0,2019,2017-20
2019-08-12,904.99296875,529.9650500271099,53.399380607942184,2019,3,809.9170940170941,28.117218660968664,3,0.4989733059549053,0,0.0,2019,2017-20
2019-08-13,893.8479797363282,530.0658726798787,53.432395090874564,2019,3,846.734188034188,27.931926638176634,3,0.4989733059549053,0,0.0,2019,2017-20
2019-08-14,868.4140014648438,530.1720017880563,53.46714717817181,2019,3,916.9692307692309,28.12380698005698,3,0.4989733059549053,0,0.0,2019,2017-20
2019-08-15,898.4320190429687,530.2940502624606,53.50711207856364,2019,3,872.9239316239316,28.22316595441595,3,0.4989733059549053,0,0.0,2019,2017-20
2019-08-16,880.3749877929688,530.3365019057317,53.52101291348254,2019,3,851.9418803418803,28.044052706552716,3,0.4989733059549053,0,0.0,2019,2017-20
2019-08-17,820.6110046386718,530.3471148165494,53.52448812221226,2019,3,899.1641025641026,27.971509971509963,3,0.4989733059549053,0,0.0,2019,2017-20
2019-08-18,776.093994140625,530.3524212719583,53.526225726577124,2019,3,918.2931623931624,27.745103276353277,3,0.4989733059549053,0,0.0,2019,2017-20
2019-08-19,859.3770324707032,530.4353550135048,53.552289792050054,2019,3,912.1170940170939,27.665865384615376,3,0.4989733059549053,0,0.0,2019,2017-20
2019-08-20,882.0510314941406,532.0592638475522,53.585304274982434,2019,3,833.5811965811965,27.778490028490026,3,0.4989733059549053,0,0.0,2019,2017-20
2019-08-21,932.6640319824219,532.4395186832088,53.66349647140123,2019,3,818.0324786324786,28.08285256410257,3,0.4989733059549053,0,0.0,2019,2017-20
2019-08-22,918.934033203125,532.5827929792486,53.71041178925251,2019,3,833.6136752136752,28.098183760683757,3,0.4989733059549053,0,0.0,2019,2017-20
2019-08-23,925.9419372558593,532.7048414536529,53.75037668964434,2019,3,846.3547008547008,28.169070512820515,3,0.4989733059549053,0,0.0,2019,2017-20
2019-08-24,843.8400207519531,532.7101479090618,53.7521142940092,2019,3,738.7076923076922,28.23018162393163,3,0.4989733059549053,0,0.0,2019,2017-20
2019-08-25,778.5209838867188,532.7101479090618,53.7521142940092,2019,3,895.8333333333334,28.18904914529915,3,0.4989733059549053,0,0.0,2019,2017-20
2019-08-26,884.8700317382812,532.8492097964719,53.78512877694158,2019,3,892.1692307692308,27.997524928774933,3,0.4989733059549053,0,0.0,2019,2017-20
2019-08-27,917.9310363769531,532.9553389046495,53.819880864238826,2019,3,772.0179487179487,27.977510683760688,3,0.4989733059549053,0,0.0,2019,2017-20
2019-08-28,911.5469787597656,533.061468012827,53.85463295153607,2019,3,877.2196581196582,27.964583333333337,3,0.4989733059549053,0,0.0,2019,2017-20
2019-08-29,895.3719787597656,533.2123307163957,53.90502347811707,2019,3,910.5897435897435,27.94414173789173,3,0.4989733059549053,0,0.0,2019,2017-20
2019-08-30,932.5440490722656,533.4585525979571,53.93108754359,2019,3,652.2162393162392,27.958547008547015,3,0.4989733059549053,0,0.0,2019,2017-20
2019-08-31,855.3339111328125,533.463859053366,53.932825147954865,2019,3,844.0794871794872,28.157923789173793,3,0.4989733059549053,0,0.0,2019,2017-20
2019-09-01,833.8569641113281,533.4744719641837,53.93630035668459,2019,3,722.6316239316241,28.20537749287749,3,0.4989733059549053,0,0.0,2019,2017-20
2019-09-02,823.36298828125,533.4850848750015,53.939775565414315,2019,3,815.3162393162394,27.98285256410257,3,0.4989733059549053,0,0.0,2019,2017-20
2019-09-03,895.1690246582032,533.596520438588,53.97626525707642,2019,3,808.0829059829059,27.990384615384617,3,0.4989733059549053,0,0.0,2019,2017-20
2019-09-04,912.9969848632812,533.7451011900366,54.02491817929256,2019,3,805.1478632478633,28.14670584045585,3,0.4989733059549053,0,0.0,2019,2017-20
2019-09-05,907.6890563964844,533.9001101921452,54.066620684049255,2019,3,858.6282051282051,28.1554131054131,3,0.4989733059549053,0,0.0,2019,2017-20
2019-09-06,907.8399597167969,534.0789809103482,54.12396162808971,2019,3,847.8940170940172,28.240402421652416,3,0.4989733059549053,0,0.0,2019,2017-20
2019-09-07,818.7200012207031,534.0895938211659,54.127436836819435,2019,3,784.4692307692308,28.04025997150998,3,0.4989733059549053,0,0.0,2019,2017-20
2019-09-08,812.7709655761719,534.1002067319836,54.13091204554916,2019,3,749.8905982905983,28.145993589743593,3,0.4989733059549053,0,0.0,2019,2017-20
2019-09-09,888.3880310058594,534.3482526708639,54.181302572130164,2019,3,884.457264957265,28.19991096866097,3,0.4989733059549053,0,0.0,2019,2017-20
2019-09-10,884.2429626464843,534.475607600677,54.229086692163875,2019,3,860.4974358974359,27.72462606837608,3,0.4989733059549053,0,0.0,2019,2017-20
2019-09-11,873.7269653320312,534.7197045494855,54.309016492947535,2019,3,839.376923076923,27.844711538461535,3,0.4989733059549053,0,0.0,2019,2017-20
2019-09-12,925.9170043945312,534.8290172873874,54.34029337151505,2019,3,731.2820512820513,27.82752849002848,3,0.4989733059549053,0,0.0,2019,2017-20
2019-09-13,926.272998046875,534.9086141185206,54.36635743698798,2019,3,758.017094017094,27.844604700854703,3,0.4989733059549053,0,0.0,2019,2017-20
2019-09-14,879.3889831542969,534.9139205739295,54.368095041352845,2019,3,760.3051282051281,28.06623931623932,3,0.4989733059549053,0,0.0,2019,2017-20
2019-09-15,837.5570373535156,534.9245334847473,54.37157025008257,2019,3,783.8820512820513,28.32464387464388,3,0.4989733059549053,0,0.0,2019,2017-20
2019-09-16,972.5000244140625,535.1081941962742,54.42369838102844,2019,3,597.8478632478633,28.478614672364674,3,0.4989733059549053,0,0.0,2019,2017-20
2019-09-17,918.319970703125,536.2295335688417,54.47061369887972,2019,3,784.876923076923,28.319480056980055,3,0.4989733059549053,0,0.0,2019,2017-20
2019-09-18,926.5680053710937,536.4099530527437,54.529692247285034,2019,3,822.1692307692308,28.34172008547009,3,0.4989733059549053,0,0.0,2019,2017-20
2019-09-19,919.9890197753906,536.5160821609213,54.56444433458228,2019,3,778.1931623931624,28.162642450142446,3,0.4989733059549053,0,0.0,2019,2017-20
2019-09-20,929.1680114746093,536.6275177245078,54.60093402624438,2019,3,659.7931623931624,27.841363960113956,3,0.4989733059549053,0,0.0,2019,2017-20
2019-09-21,796.709033203125,536.6275177245078,54.60093402624438,2019,3,819.0777777777778,27.779576210826217,3,0.4989733059549053,0,0.0,2019,2017-20
2019-09-22,856.0200256347656,536.6434370907344,54.60614683933897,2019,3,634.4666666666666,28.078721509971512,3,0.4989733059549053,0,0.0,2019,2017-20
2019-09-23,1011.2059265136719,536.7920178421831,54.65479976155511,2019,3,406.1965811965812,28.04501424501424,3,0.4989733059549053,1,536.7920178421831,2019,2017-20
2019-09-24,912.6580322265625,536.9883566923118,54.71909112305501,2019,3,782.7094017094017,28.21839387464388,3,0.4989733059549053,0,0.0,2019,2017-20
2019-09-25,950.0110229492187,537.147033224926,54.76948164963601,2019,3,441.8495726495727,27.491025641025633,3,0.4989733059549053,1,537.147033224926,2019,2017-20
2019-09-26,929.4439453125,537.2903075209657,54.81639696748729,2019,3,656.317094017094,27.810844017094016,3,0.4989733059549053,0,0.0,2019,2017-20
2019-09-27,923.4419738769532,537.3841865328584,54.84767384605481,2019,3,826.9863247863248,28.171153846153853,3,0.4989733059549053,0,0.0,2019,2017-20
2019-09-28,885.7829467773438,537.400105899085,54.8528866591494,2019,3,742.1196581196581,28.22569444444444,3,0.4989733059549053,0,0.0,2019,2017-20
2019-09-29,807.2459899902344,537.4160252653116,54.858099472243985,2019,3,816.6162393162393,27.739672364672362,3,0.4989733059549053,0,0.0,2019,2017-20
2019-09-30,897.3209899902344,537.5699124721692,54.90848999882499,2019,3,710.9974358974359,27.66027421652421,3,0.4989733059549053,0,0.0,2019,2017-20
2019-10-01,867.3780639648437,537.8013155334276,54.9814693821492,2019,4,780.9188034188035,27.733404558404562,4,0.4989733059549053,0,0.0,2019,2017-20
2019-10-02,877.6739929199218,537.8814076581784,54.998845425797825,2019,4,756.7444444444444,27.66948005698006,4,0.4989733059549053,0,0.0,2019,2017-20
2019-10-03,869.94501953125,538.093342668501,55.06139918293286,2019,4,707.1435897435897,27.525213675213674,4,0.4989733059549053,0,0.0,2019,2017-20
2019-10-04,863.6380187988282,538.183552410452,55.090938457135515,2019,4,807.4358974358975,27.564280626780626,4,0.4989733059549053,0,0.0,2019,2017-20
2019-10-05,812.1159362792969,538.1941653212697,55.09441366586524,2019,4,683.5418803418804,27.061965811965816,4,0.4989733059549053,0,0.0,2019,2017-20
2019-10-06,752.3659790039062,538.1994717766786,55.0961512702301,2019,4,774.8427350427351,26.778365384615388,4,0.4989733059549053,0,0.0,2019,2017-20
2019-10-07,902.4210083007813,538.406423537625,55.163917840459725,2019,4,684.1615384615385,26.51668447293447,4,0.4989733059549053,0,0.0,2019,2017-20
2019-10-08,894.348046875,538.5976428982199,55.22647159759476,2019,4,645.3316239316239,27.03178418803418,4,0.4989733059549053,0,0.0,2019,2017-20
2019-10-09,885.91396484375,538.707802542174,55.262961289256864,2019,4,739.0324786324787,27.76264245014246,4,0.4989733059549053,0,0.0,2019,2017-20
2019-10-10,943.083984375,538.8404639273961,55.30640139837842,2019,4,722.5623931623932,28.36392450142451,4,0.4989733059549053,0,0.0,2019,2017-20
2019-10-11,964.3570434570313,538.930673669347,55.335940672581074,2019,4,554.8683760683759,28.070495014245015,4,0.4989733059549053,1,538.930673669347,2019,2017-20
2019-10-12,809.9239929199218,538.9465930355736,55.34115348567566,2019,4,737.7393162393162,27.880235042735038,4,0.4989733059549053,0,0.0,2019,2017-20
2019-10-13,804.7599670410157,538.9572059463914,55.34462869440539,2019,4,663.5299145299145,27.871901709401712,4,0.4989733059549053,0,0.0,2019,2017-20
2019-10-14,876.4599914550781,539.3018397247214,55.389806407891804,2019,4,735.0880341880342,27.616702279202272,4,0.4989733059549053,0,0.0,2019,2017-20
2019-10-15,857.3800048828125,539.4234461472965,55.429771308283634,2019,4,789.1700854700855,27.334757834757838,4,0.4989733059549053,0,0.0,2019,2017-20
2019-10-16,893.9981018066406,539.5508010771097,55.471473813040326,2019,4,523.6649572649573,27.131481481481476,4,0.4989733059549053,1,539.5508010771097,2019,2017-20
2019-10-17,876.4130554199219,540.0052644409702,55.51317631779702,2019,4,669.574358974359,27.385256410256407,4,0.4989733059549053,0,0.0,2019,2017-20
2019-10-18,869.704052734375,540.202966962932,55.572254866202336,2019,4,723.5957264957265,27.39887820512821,4,0.4989733059549053,0,0.0,2019,2017-20
2019-10-19,833.7840637207031,540.2188863291586,55.57746767929692,2019,4,730.7931623931624,27.605608974358972,4,0.4989733059549053,0,0.0,2019,2017-20
2019-10-20,858.4489501953125,540.2454186062031,55.586155701121235,2019,4,572.7017094017094,27.823504273504284,4,0.4989733059549053,1,540.2454186062031,2019,2017-20
2019-10-21,944.8930053710938,540.4205316346962,55.64349664516169,2019,4,678.5564102564102,27.539245014245015,4,0.4989733059549053,0,0.0,2019,2017-20
2019-10-22,892.8079895019531,540.5372736536916,55.68172394118866,2019,4,772.3658119658119,27.6360933048433,4,0.4989733059549053,0,0.0,2019,2017-20
2019-10-23,917.3050537109375,541.4993193281385,55.73558967649939,2019,4,674.6837606837606,27.580359686609683,4,0.4989733059549053,0,0.0,2019,2017-20
2019-10-24,904.7649719238282,541.7062064478783,55.80335624672901,2019,4,759.9299145299145,27.397293447293446,4,0.4989733059549053,0,0.0,2019,2017-20
2019-10-25,920.6219970703125,541.8441742885093,55.84853396021543,2019,4,718.7452991452991,27.217788461538458,4,0.4989733059549053,0,0.0,2019,2017-20
2019-10-26,855.4300231933594,541.8441742885093,55.84853396021543,2019,4,723.9940170940171,27.62213319088319,4,0.4989733059549053,0,0.0,2019,2017-20
2019-10-27,764.2469665527344,541.8600936547359,55.853746773310014,2019,4,740.1444444444444,27.034775641025643,4,0.4989733059549053,0,0.0,2019,2017-20
2019-10-28,856.8199951171875,542.0847524050932,55.89197406933698,2019,4,752.402564102564,26.99497863247862,4,0.4989733059549053,0,0.0,2019,2017-20
2019-10-29,901.1290100097656,542.4225555974788,55.95626543083688,2019,4,449.50512820512824,26.578525641025646,4,0.4989733059549053,1,542.4225555974788,2019,2017-20
2019-10-30,865.0360290527344,542.5658298935185,56.00318074868816,2019,4,632.1162393162393,26.599964387464386,4,0.4989733059549053,0,0.0,2019,2017-20
2019-10-31,878.9609619140625,542.7833945652827,56.074422527647506,2019,4,579.0547008547009,26.788301282051282,4,0.4989733059549053,1,542.7833945652827,2019,2017-20
2019-11-01,864.9420104980469,542.9946185223334,56.11786263676906,2019,4,706.5863247863248,26.84074074074074,4,0.4989733059549053,0,0.0,2019,2017-20
2019-11-02,782.9879760742188,542.9946185223334,56.11786263676906,2019,4,743.5393162393162,27.188977920227913,4,0.4989733059549053,0,0.0,2019,2017-20
2019-11-03,821.2170288085938,543.015844343969,56.12481305422851,2019,4,570.3461538461538,26.646509971509975,4,0.4989733059549053,1,543.015844343969,2019,2017-20
2019-11-04,869.91103515625,543.1957989217319,56.18389160263383,2019,4,701.2239316239317,26.778365384615395,4,0.4989733059549053,0,0.0,2019,2017-20
2019-11-05,938.6720458984375,543.3921377718606,56.248182964133726,2019,4,266.125641025641,27.067378917378914,4,0.4989733059549053,1,543.3921377718606,2019,2017-20
2019-11-06,885.77099609375,543.5884766219892,56.31247432563362,2019,4,575.6692307692308,26.796705840455843,4,0.4989733059549053,1,543.5884766219892,2019,2017-20
2019-11-07,871.626953125,543.7940614033531,56.37850329149838,2019,4,495.4059829059829,26.116239316239312,4,0.4989733059549053,1,543.7940614033531,2019,2017-20
2019-11-08,852.6519592285156,543.9957067088906,56.44453225736314,2019,4,663.9188034188035,26.174643874643877,4,0.4989733059549053,0,0.0,2019,2017-20
2019-11-09,751.3099426269531,544.0063196197083,56.44800746609287,2019,4,597.4461538461538,26.654433760683755,4,0.4989733059549053,0,0.0,2019,2017-20
2019-11-10,769.1250244140625,544.0222389859349,56.453220279187455,2019,4,682.1735042735042,27.075409544159537,4,0.4989733059549053,0,0.0,2019,2017-20
2019-11-11,850.5100036621094,544.2398036576991,56.5244620581468,2019,4,660.725641025641,26.891844729344726,4,0.4989733059549053,0,0.0,2019,2017-20
2019-11-12,864.8120483398437,544.5104328835521,56.613079880754775,2019,4,711.323076923077,26.705502136752134,4,0.4989733059549053,0,0.0,2019,2017-20
2019-11-13,853.9319946289063,544.6839087265779,56.67042082479523,2019,4,714.0264957264957,26.68060897435897,4,0.4989733059549053,0,0.0,2019,2017-20
2019-11-14,867.1050231933593,544.8484088442532,56.72428656010596,2019,4,707.4649572649572,26.86127136752137,4,0.4989733059549053,0,0.0,2019,2017-20
2019-11-15,918.2279602050781,545.1137316146973,56.81116677834907,2019,4,432.0068376068376,27.0167556980057,4,0.4989733059549053,1,545.1137316146973,2019,2017-20
2019-11-16,891.2690246582031,545.1137316146973,56.81116677834907,2019,4,383.4863247863248,27.00329415954417,4,0.4989733059549053,1,545.1137316146973,2019,2017-20
2019-11-17,812.7628540039062,545.2039413566482,56.840706052551724,2019,4,430.1786324786325,26.243037749287748,4,0.4989733059549053,1,545.2039413566482,2019,2017-20
2019-11-18,844.6199768066406,545.5647803244522,56.95886314936235,2019,4,662.4358974358975,26.218002136752133,4,0.4989733059549053,0,0.0,2019,2017-20
2019-11-19,877.7139465332032,546.4119477164228,57.2368798477403,2019,4,610.7034188034188,26.745566239316236,4,0.4989733059549053,0,0.0,2019,2017-20
2019-11-20,867.8150634765625,546.6135930219602,57.30290881360506,2019,4,621.4880341880341,26.728596866096865,4,0.4989733059549053,0,0.0,2019,2017-20
2019-11-21,892.9200012207032,546.8463013654726,57.36024975764551,2019,4,449.9931623931624,26.39870014245014,4,0.4989733059549053,1,546.8463013654726,2019,2017-20
2019-11-22,850.1939880371094,546.9736562952858,57.401952262402204,2019,4,570.4162393162394,26.454861111111104,4,0.4989733059549053,1,546.9736562952858,2019,2017-20
2019-11-23,795.3280029296875,546.9736562952858,57.401952262402204,2019,4,450.5247863247863,26.421705840455843,4,0.4989733059549053,1,546.9736562952858,2019,2017-20
2019-11-24,745.3799560546875,546.9736562952858,57.401952262402204,2019,4,671.4777777777778,26.636912393162394,4,0.4989733059549053,0,0.0,2019,2017-20
2019-11-25,884.7859985351563,547.1744807344116,57.4662436239021,2019,4,633.5205128205127,26.90071225071225,4,0.4989733059549053,0,0.0,2019,2017-20
2019-11-26,885.2570068359375,547.3622806927106,57.527059776672274,2019,4,590.2589743589745,27.130644586894586,4,0.4989733059549053,0,0.0,2019,2017-20
2019-11-27,915.6148986816406,547.473716256297,57.56354946833438,2019,4,618.6871794871795,26.59779202279202,4,0.4989733059549053,0,0.0,2019,2017-20
2019-11-28,829.4559997558594,547.479022711706,57.56528707269924,2019,4,656.8205128205128,26.790776353276357,4,0.4989733059549053,0,0.0,2019,2017-20
2019-11-29,807.0080200195313,547.5373937212037,57.58440072071273,2019,4,555.408547008547,26.481178774928768,4,0.4989733059549053,1,547.5373937212037,2019,2017-20
2019-11-30,763.750048828125,547.5373937212037,57.58440072071273,2019,4,567.4162393162393,26.161556267806265,4,0.4989733059549053,1,547.5373937212037,2019,2017-20
2019-12-01,735.8619323730469,547.5427001766126,57.58613832507759,2019,4,434.134188034188,25.06826923076922,4,0.4989733059549053,1,547.5427001766126,2019,2017-20
2019-12-02,836.7940368652344,547.6806680172435,57.63131603856401,2019,4,522.3974358974358,25.253436609686613,4,0.4989733059549053,1,547.6806680172435,2019,2017-20
2019-12-03,828.0970092773438,548.2492522682819,57.69908260879363,2019,4,551.9666666666667,25.730555555555544,4,0.4989733059549053,1,548.2492522682819,2019,2017-20
2019-12-04,854.1210205078125,548.3812640342945,57.72514667426656,2019,4,463.0230769230769,25.535327635327636,4,0.4989733059549053,1,548.3812640342945,2019,2017-20
2019-12-05,832.9850402832031,548.748880926427,57.78943803576646,2019,4,442.81111111111113,25.401193019943026,4,0.4989733059549053,1,548.748880926427,2019,2017-20
2019-12-06,820.3640625,548.9346068657378,57.85025418853663,2019,4,502.8470085470085,24.747061965811962,4,0.4989733059549053,1,548.9346068657378,2019,2017-20
2019-12-07,731.3650146484375,548.9346068657378,57.85025418853663,2019,4,671.1119658119658,25.351869658119654,4,0.4989733059549053,0,0.0,2019,2017-20
2019-12-08,729.2819763183594,548.9399133211467,57.851991792901494,2019,4,675.7393162393162,25.817022792022797,4,0.4989733059549053,0,0.0,2019,2017-20
2019-12-09,807.3580078125,549.3278912531007,57.89716950638791,2019,4,679.1863247863248,25.832175925925924,4,0.4989733059549053,0,0.0,2019,2017-20
2019-12-10,830.4399658203125,549.4764720045494,57.94582242860405,2019,4,671.5615384615385,25.939939458689455,4,0.4989733059549053,0,0.0,2019,2017-20
2019-12-11,850.1889831542969,549.6038269343625,57.993606548637764,2019,4,640.3213675213675,26.07238247863248,4,0.4989733059549053,0,0.0,2019,2017-20
2019-12-12,860.5799865722656,549.8570500462386,58.03878426212418,2019,4,634.925641025641,25.940883190883188,4,0.4989733059549053,0,0.0,2019,2017-20
2019-12-13,872.7860046386719,550.0003243422783,58.08569957997546,2019,4,520.108547008547,26.09989316239316,4,0.4989733059549053,1,550.0003243422783,2019,2017-20
2019-12-14,832.3289978027344,550.0056307976872,58.087437184340324,2019,4,378.1461538461539,25.883920940170935,4,0.4989733059549053,1,550.0056307976872,2019,2017-20
2019-12-15,758.0459899902344,550.0480824409583,58.101338019259224,2019,4,602.3547008547009,25.964013532763534,4,0.4989733059549053,0,0.0,2019,2017-20
2019-12-16,851.0689697265625,550.1382921829093,58.13087729346188,2019,4,528.7615384615385,25.488461538461536,4,0.4989733059549053,1,550.1382921829093,2019,2017-20
2019-12-17,842.8610290527344,550.3134052114024,58.18821823750233,2019,4,552.7871794871795,25.854576210826213,4,0.4989733059549053,1,550.3134052114024,2019,2017-20
2019-12-18,839.4960205078125,550.41953431958,58.222970324799576,2019,4,607.6538461538461,25.90575142450142,4,0.4989733059549053,0,0.0,2019,2017-20
2019-12-19,790.8120056152344,550.5531794264359,58.26641043392113,2019,4,667.848717948718,25.550373931623927,4,0.4989733059549053,0,0.0,2019,2017-20
2019-12-20,832.092919921875,550.7712614929987,58.33243939978589,2019,4,473.5820512820513,24.957977207977205,4,0.4989733059549053,1,550.7712614929987,2019,2017-20
2019-12-21,767.0169738769531,550.7712614929987,58.33243939978589,2019,4,314.8042735042735,24.20486111111113,4,0.4989733059549053,1,550.7712614929987,2019,2017-20
2019-12-22,794.2240234375,550.7977937700432,58.3411274216102,2019,4,268.8581196581197,24.84754273504274,4,0.4989733059549053,1,550.7977937700432,2019,2017-20
2019-12-23,829.1469421386719,550.927600129467,58.382829926366895,2019,4,493.5324786324786,25.72483974358973,4,0.4989733059549053,1,550.927600129467,2019,2017-20
2019-12-24,829.8259948730469,550.9859711389647,58.40194357438038,2019,4,555.9752136752137,25.637108262108267,4,0.4989733059549053,1,550.9859711389647,2019,2017-20
2019-12-25,852.0409973144531,550.9859711389647,58.40194357438038,2019,4,104.83333333333333,25.91055911680911,4,0.4989733059549053,1,550.9859711389647,2019,2017-20
2019-12-26,839.414013671875,551.1133260687778,58.443646079137075,2019,4,631.265811965812,25.78803418803419,4,0.4989733059549053,0,0.0,2019,2017-20
2019-12-27,843.4930236816406,551.3717051983458,58.52878869301532,2019,4,464.8931623931624,24.935523504273505,4,0.4989733059549053,1,551.3717051983458,2019,2017-20
2019-12-28,766.0800109863281,551.4194632970257,58.544427132299084,2019,4,644.0487179487179,25.524679487179483,4,0.4989733059549053,0,0.0,2019,2017-20
2019-12-29,738.8689636230469,551.4247697524346,58.54616473666395,2019,4,647.9683760683761,25.519907407407402,4,0.4989733059549053,0,0.0,2019,2017-20
2019-12-30,807.6569885253906,551.7060118891053,58.638257768001644,2019,4,635.1470085470085,25.268091168091157,4,0.4989733059549053,0,0.0,2019,2017-20
2019-12-31,813.0230224609375,551.8121409972829,58.673009855298886,2019,4,575.9735042735043,25.03014601139601,4,0.4989733059549053,1,551.8121409972829,2019,2017-20
2020-01-01,711.90703125,551.8121409972829,58.673009855298886,2020,1,564.0541666666667,24.663928345959594,1,1.4989733059549053,1,551.8121409972829,2020,2017-20
2020-01-02,824.1710083007813,551.8956187144397,58.70081152513668,2020,1,419.9136363636364,24.20563446969697,1,1.4989733059549053,1,551.8956187144397,2020,2017-20
2020-01-03,811.6739685058594,551.9531147178462,58.719925173150166,2020,1,506.6670454545455,24.62088068181818,1,1.4989733059549053,1,551.9531147178462,2020,2017-20
2020-01-04,763.3839599609375,551.9531147178462,58.719925173150166,2020,1,410.2284090909091,24.958783143939385,1,1.4989733059549053,1,551.9531147178462,2020,2017-20
2020-01-05,708.4039855957031,551.9635685366475,58.72340038187989,2020,1,618.4231060606061,25.184643308080812,1,1.4989733059549053,0,0.0,2020,2017-20
2020-01-06,801.4059814453125,552.0367452682558,58.74772684298796,2020,1,573.4030303030302,25.0713226010101,1,1.4989733059549053,1,552.0367452682558,2020,2017-20
2020-01-07,783.7820129394531,552.1046950904636,58.770315699731164,2020,1,600.5185606060606,24.560116792929296,1,1.4989733059549053,0,0.0,2020,2017-20
2020-01-08,777.1251037597656,552.2300145557169,58.80680539139327,2020,1,518.9208333333333,24.588060290404044,1,1.4989733059549053,1,552.2300145557169,2020,2017-20
2020-01-09,773.8559265136719,552.3921083663423,58.85545831360941,2020,1,475.9439393939394,24.29672506313131,1,1.4989733059549053,1,552.3921083663423,2020,2017-20
2020-01-10,796.8430053710938,552.4799323681137,58.884997587812066,2020,1,451.4007575757576,24.49883996212121,1,1.4989733059549053,1,552.4799323681137,2020,2017-20
2020-01-11,826.7890014648438,552.4799323681137,58.884997587812066,2020,1,313.17689393939395,24.747908775252515,1,1.4989733059549053,1,552.4799323681137,2020,2017-20
2020-01-12,857.9369812011719,552.4799323681137,58.884997587812066,2020,1,91.1594696969697,24.902335858585868,1,1.4989733059549053,1,552.4799323681137,2020,2017-20
2020-01-13,883.661962890625,552.5627391330526,58.91279925764986,2020,1,294.6007575757576,25.03175505050505,1,1.4989733059549053,1,552.5627391330526,2020,2017-20
2020-01-14,859.8589477539062,552.7247733244709,58.96666499296059,2020,1,387.8560606060606,24.91661931818183,1,1.4989733059549053,1,552.7247733244709,2020,2017-20
2020-01-15,827.77001953125,552.8496050371826,59.00836749771728,2020,1,327.3306818181818,24.606857638888886,1,1.4989733059549053,1,552.8496050371826,2020,2017-20
2020-01-16,827.9230529785157,553.0049883202855,59.03269395882535,2020,1,530.4905303030303,24.295880681818186,1,1.4989733059549053,1,553.0049883202855,2020,2017-20
2020-01-17,765.3829833984375,553.088618870695,59.06049562866314,2020,1,540.1530303030303,23.686663510101013,1,1.4989733059549053,1,553.088618870695,2020,2017-20
2020-01-18,668.3779907226562,553.088618870695,59.06049562866314,2020,1,600.7632575757576,23.38016887626262,1,1.4989733059549053,0,0.0,2020,2017-20
2020-01-19,644.0659851074219,553.088618870695,59.06049562866314,2020,1,595.6564393939394,23.478519570707075,1,1.4989733059549053,0,0.0,2020,2017-20
2020-01-20,767.7870544433594,553.1252072364991,59.07265885921718,2020,1,521.3140151515152,24.110763888888886,1,1.4989733059549053,1,553.1252072364991,2020,2017-20
2020-01-21,758.8959716796875,553.1934235705903,59.09524771596038,2020,1,694.0208333333334,24.328038194444446,1,1.4989733059549053,0,0.0,2020,2017-20
2020-01-22,723.2009765625,553.3031886680028,59.13173740762249,2020,1,720.5621212121212,24.29644886363636,1,1.4989733059549053,0,0.0,2020,2017-20
2020-01-23,710.9240051269531,554.3883198858454,59.176915121108905,2020,1,734.2810606060606,24.251254734848484,1,1.4989733059549053,0,0.0,2020,2017-20
2020-01-24,740.3280151367187,554.4980849832579,59.21340481277101,2020,1,722.2840909090909,24.30369318181818,1,1.4989733059549053,0,0.0,2020,2017-20
2020-01-25,721.4420166015625,554.5033118926584,59.21514241713587,2020,1,610.4670454545454,24.176041666666666,1,1.4989733059549053,0,0.0,2020,2017-20
2020-01-26,679.0519592285157,554.508538802059,59.216880021500735,2020,1,722.4049242424242,24.81982323232323,1,1.4989733059549053,0,0.0,2020,2017-20
2020-01-27,751.3199890136718,554.9911276707927,59.26205773498715,2020,1,729.6128787878788,24.49525726010101,1,1.4989733059549053,0,0.0,2020,2017-20
2020-01-28,757.1349609375,555.1316997309132,59.303760239743845,2020,1,663.025,24.75658933080808,1,1.4989733059549053,0,0.0,2020,2017-20
2020-01-29,755.09794921875,555.2310110095244,59.336774722676225,2020,1,668.0390151515152,24.76780303030303,1,1.4989733059549053,0,0.0,2020,2017-20
2020-01-30,760.2469970703125,555.35321575268,59.376739623068055,2020,1,718.8375,25.070344065656567,1,1.4989733059549053,0,0.0,2020,2017-20
2020-01-31,794.0369873046875,555.5154288017194,59.4114917103653,2020,1,507.1526515151515,24.721977588383837,1,1.4989733059549053,1,555.5154288017194,2020,2017-20
2020-02-01,733.9820068359375,555.5154288017194,59.4114917103653,2020,1,463.7439393939394,24.29109848484849,1,1.4989733059549053,1,555.5154288017194,2020,2017-20
2020-02-02,662.9339660644531,555.5154288017194,59.4114917103653,2020,1,690.4522727272728,24.159114583333334,1,1.4989733059549053,0,0.0,2020,2017-20
2020-02-03,753.9649658203125,555.6095131709301,59.442768588932815,2020,1,725.2852272727272,24.795849116161616,1,1.4989733059549053,0,0.0,2020,2017-20
2020-02-04,756.6080505371094,555.7401859059449,59.48620869805437,2020,1,718.2590909090909,24.653637941919197,1,1.4989733059549053,0,0.0,2020,2017-20
2020-02-05,804.3280151367187,555.855177912758,59.52443599408134,2020,1,301.7234848484849,24.035811237373736,1,1.4989733059549053,1,555.855177912758,2020,2017-20
2020-02-06,798.6929443359375,555.9492622819687,59.555712872648854,2020,1,173.95795454545456,22.533617424242426,1,1.4989733059549053,1,555.9492622819687,2020,2017-20
2020-02-07,631.93701171875,556.0485735605799,59.588727355581234,2020,1,690.5219696969697,22.156352588383843,1,1.4989733059549053,0,0.0,2020,2017-20
2020-02-08,600.3509887695312,556.0538004699805,59.5904649599461,2020,1,638.9200757575757,22.325923295454547,1,1.4989733059549053,0,0.0,2020,2017-20
2020-02-09,567.8149841308593,556.0642542887817,59.59394016867582,2020,1,701.9412878787879,22.67052556818182,1,1.4989733059549053,0,0.0,2020,2017-20
2020-02-10,657.0380126953125,556.1687924767936,59.628692255973064,2020,1,455.1992424242424,21.905768623737377,1,1.4989733059549053,1,556.1687924767936,2020,2017-20
2020-02-11,677.6120178222657,556.2681037554048,59.661706738905444,2020,1,606.9079545454545,22.694910037878795,1,1.4989733059549053,0,0.0,2020,2017-20
2020-02-12,694.6410400390625,556.393549581019,59.703409243662136,2020,1,695.3140151515152,23.35460069444444,1,1.4989733059549053,0,0.0,2020,2017-20
2020-02-13,764.5480407714844,556.4667263126273,59.727735704770204,2020,1,721.5757575757576,25.183869949494948,1,1.4989733059549053,0,0.0,2020,2017-20
2020-02-14,798.0189819335938,556.5346761348351,59.75032456151341,2020,1,631.2041666666667,25.023808396464645,1,1.4989733059549053,0,0.0,2020,2017-20
2020-02-15,679.6899963378906,556.5346761348351,59.75032456151341,2020,1,735.5784090909091,24.611237373737378,1,1.4989733059549053,0,0.0,2020,2017-20
2020-02-16,640.9719604492187,556.5346761348351,59.75032456151341,2020,1,634.355303030303,24.057915088383837,1,1.4989733059549053,0,0.0,2020,2017-20
2020-02-17,714.9840026855469,556.5503568630369,59.755537374608,2020,1,573.9715909090909,23.883388573232327,1,1.4989733059549053,1,556.5503568630369,2020,2017-20
2020-02-18,723.8830322265625,556.7176179638559,59.81114071428359,2020,1,615.367803030303,23.87855902777778,1,1.4989733059549053,0,0.0,2020,2017-20
2020-02-19,735.9269836425781,556.8430637894701,59.85284321904028,2020,1,548.1958333333334,24.01534090909091,1,1.4989733059549053,1,556.8430637894701,2020,2017-20
2020-02-20,705.6440124511719,556.9005597928766,59.87195686705377,2020,1,644.5632575757576,24.020888573232323,1,1.4989733059549053,0,0.0,2020,2017-20
2020-02-21,699.3610107421875,557.0192210696313,59.9119217674456,2020,1,751.196212121212,24.080026830808084,1,1.4989733059549053,0,0.0,2020,2017-20
2020-02-22,688.9049987792969,557.0453556166342,59.92060978926991,2020,1,648.0049242424243,24.267037563131314,1,1.4989733059549053,0,0.0,2020,2017-20
2020-02-23,675.5570068359375,557.0505825260348,59.92234739363477,2020,1,693.928787878788,24.3727509469697,1,1.4989733059549053,0,0.0,2020,2017-20
2020-02-24,704.2243896484375,557.1133054388418,59.943198646013116,2020,1,769.9840909090909,23.87271148989899,1,1.4989733059549053,0,0.0,2020,2017-20
2020-02-25,702.2819885253906,557.2282974456549,59.98142594204008,2020,1,793.1420454545454,24.00687342171717,1,1.4989733059549053,0,0.0,2020,2017-20
2020-02-26,694.9710632324219,557.3641970900703,60.0266036555265,2020,1,759.6503787878788,23.788691603535355,1,1.4989733059549053,0,0.0,2020,2017-20
2020-02-27,694.2349914550781,557.4791890968834,60.070912566830486,2020,1,650.4712121212121,23.4938841540404,1,1.4989733059549053,0,0.0,2020,2017-20
2020-02-28,661.0489013671875,557.5628196472928,60.09871423666828,2020,1,684.3280303030303,23.042574179292924,1,1.4989733059549053,0,0.0,2020,2017-20
2020-02-29,623.7350402832031,557.5941811036964,60.109139862857454,2020,1,683.0174242424242,23.229016729797987,1,1.4989733059549053,0,0.0,2020,2017-20
2020-03-01,603.6550415039062,557.599408013097,60.110877467222316,2020,1,692.610606060606,23.40553977272727,1,1.4989733059549053,0,0.0,2020,2017-20
2020-03-02,722.4289428710938,557.7678447079767,60.149104763249284,2020,1,538.4738636363636,23.498745265151513,1,1.4989733059549053,1,557.7678447079767,2020,2017-20
2020-03-03,720.1530517578125,557.8462483489856,60.18125044399923,2020,1,833.858712121212,24.429253472222225,1,1.4989733059549053,0,0.0,2020,2017-20
2020-03-04,745.4089965820312,557.9246519899945,60.20731450947216,2020,1,754.7026515151515,24.341508838383835,1,1.4989733059549053,0,0.0,2020,2017-20
2020-03-05,754.1740112304688,558.0500978156086,60.249017014228855,2020,1,659.5886363636364,24.002343749999998,1,1.4989733059549053,0,0.0,2020,2017-20
2020-03-06,702.0930358886719,558.1180476378164,60.27160587097206,2020,1,682.032196969697,23.71167140151515,1,1.4989733059549053,0,0.0,2020,2017-20
2020-03-07,630.7689666748047,558.1180476378164,60.27160587097206,2020,1,738.4223484848484,23.31584595959596,1,1.4989733059549053,0,0.0,2020,2017-20
2020-03-08,620.9180114746093,558.1180476378164,60.27160587097206,2020,1,593.8518939393939,23.030397727272728,1,1.4989733059549053,0,0.0,2020,2017-20
2020-03-09,696.0930114746094,558.1912243694247,60.29593233208013,2020,1,606.1128787878788,22.832630997474748,1,1.4989733059549053,0,0.0,2020,2017-20
2020-03-10,698.0599670410156,559.7588484939542,60.34979806739086,2020,1,832.334090909091,23.522309027777784,1,1.4989733059549053,0,0.0,2020,2017-20
2020-03-11,705.0419799804688,559.9073284924553,60.39671338524214,2020,1,793.0742424242424,23.647821969696974,1,1.4989733059549053,0,0.0,2020,2017-20
2020-03-12,755.1029663085938,560.227645962107,60.434940681269104,2020,1,554.7196969696969,23.046740845959594,1,1.4989733059549053,1,560.227645962107,2020,2017-20
2020-03-13,755.3959411621094,560.2955957843147,60.45752953801231,2020,1,642.6837121212121,23.342140151515142,1,1.4989733059549053,0,0.0,2020,2017-20
2020-03-14,671.3219848632813,560.3112765125165,60.4627423511069,2020,1,750.6151515151515,24.015640782828285,1,1.4989733059549053,0,0.0,2020,2017-20
2020-03-15,698.1719787597656,560.3112765125165,60.4627423511069,2020,1,546.7223484848485,24.111268939393934,1,1.4989733059549053,1,560.3112765125165,2020,2017-20
2020-03-16,878.1939270019532,560.3844532441249,60.487068812214964,2020,1,346.7291666666667,24.627651515151516,1,1.4989733059549053,1,560.3844532441249,2020,2017-20
2020-03-17,875.099951171875,560.4367223381308,60.50444485586359,2020,1,140.18863636363636,24.038423295454546,1,1.4989733059549053,1,560.4367223381308,2020,2017-20
2020-03-18,775.7129638671875,560.5203528885403,60.53224652570138,2020,1,620.2943181818182,24.355074179292927,1,1.4989733059549053,0,0.0,2020,2017-20
2020-03-19,806.2300720214844,560.588302710748,60.55483538244459,2020,1,350.7049242424242,23.92907986111111,1,1.4989733059549053,1,560.588302710748,2020,2017-20
2020-03-20,725.6039978027344,560.6301179859528,60.56873621736349,2020,1,799.8659090909091,24.5817077020202,1,1.4989733059549053,0,0.0,2020,2017-20
2020-03-21,698.76201171875,560.6301179859528,60.56873621736349,2020,1,707.742803030303,24.66254734848485,1,1.4989733059549053,0,0.0,2020,2017-20
2020-03-22,603.5660217285156,560.6301179859528,60.56873621736349,2020,1,735.6306818181818,24.198169191919195,1,1.4989733059549053,0,0.0,2020,2017-20
2020-03-23,666.8549621582031,560.7869252679706,60.620864348309354,2020,1,794.2174242424243,23.726854482323233,1,1.4989733059549053,0,0.0,2020,2017-20
2020-03-24,640.9079284667969,560.8235136337747,60.63302757886339,2020,1,602.9102272727273,23.788391729797983,1,1.4989733059549053,0,0.0,2020,2017-20
2020-03-25,651.0210083007812,560.8862365465818,60.653878831241734,2020,1,650.0863636363636,23.46300505050505,1,1.4989733059549053,0,0.0,2020,2017-20
2020-03-26,655.243017578125,560.9594132781901,60.6782052923498,2020,1,635.7689393939394,23.465435606060606,1,1.4989733059549053,0,0.0,2020,2017-20
2020-03-27,644.5300354003906,560.9855478251931,60.686893314174114,2020,1,571.898106060606,23.33101325757576,1,1.4989733059549053,1,560.9855478251931,2020,2017-20
2020-03-28,573.0700256347657,560.9855478251931,60.686893314174114,2020,1,786.855303030303,23.895920138888886,1,1.4989733059549053,0,0.0,2020,2017-20
2020-03-29,566.6549682617188,560.9855478251931,60.686893314174114,2020,1,775.6068181818182,23.847214330808075,1,1.4989733059549053,0,0.0,2020,2017-20
2020-03-30,672.9439575195313,561.0885283737459,60.721645401471356,2020,1,691.7609848484848,23.980547664141415,1,1.4989733059549053,0,0.0,2020,2017-20
2020-03-31,711.34306640625,561.1617051053543,60.745971862579424,2020,1,479.8609848484848,23.722103851010104,1,1.4989733059549053,1,561.1617051053543,2020,2017-20
2020-04-01,623.7609985351562,561.203520380559,60.759872697498324,2020,2,890.8333333333334,23.63693970959596,2,1.4989733059549053,0,0.0,2020,2017-20
2020-04-02,618.9060119628906,561.2505625651643,60.775511136782086,2020,2,852.6507575757576,24.13461174242424,2,1.4989733059549053,0,0.0,2020,2017-20
2020-04-03,663.8349792480469,561.3028316591702,60.79288718043071,2020,2,738.4314393939394,24.320470328282827,2,1.4989733059549053,0,0.0,2020,2017-20
2020-04-04,624.8799682617188,561.3028316591702,60.79288718043071,2020,2,769.7969696969697,24.94130366161616,2,1.4989733059549053,0,0.0,2020,2017-20
2020-04-05,603.9769897460938,561.3028316591702,60.79288718043071,2020,2,764.526893939394,24.99777462121212,2,1.4989733059549053,0,0.0,2020,2017-20
2020-04-06,720.2790283203125,561.4476274829279,60.84154010264685,2020,2,613.8765151515152,24.48426452020202,2,1.4989733059549053,0,0.0,2020,2017-20
2020-04-07,650.8350341796875,561.510350395735,60.862391355025196,2020,2,897.205303030303,24.650702335858583,2,1.4989733059549053,0,0.0,2020,2017-20
2020-04-08,688.3349853515625,561.6253424025481,60.90061865105216,2020,2,643.9844696969697,24.40076546717172,2,1.4989733059549053,0,0.0,2020,2017-20
2020-04-09,641.5519714355469,561.6619307683522,60.9127818816062,2020,2,773.7125,24.004111426767675,2,1.4989733059549053,0,0.0,2020,2017-20
2020-04-10,650.1860168457031,561.6985191341564,60.92494511216024,2020,2,745.5977272727272,24.318955176767677,2,1.4989733059549053,0,0.0,2020,2017-20
2020-04-11,608.4750427246094,561.7089729529577,60.92842032088996,2020,2,799.5939393939394,24.567645202020206,2,1.4989733059549053,0,0.0,2020,2017-20
2020-04-12,556.381005859375,561.7246536811595,60.93363313398455,2020,2,912.9784090909092,24.01316287878788,2,1.4989733059549053,0,0.0,2020,2017-20
2020-04-13,700.4630004882813,562.153124197985,60.956221990727755,2020,2,667.8890151515151,24.41440972222222,2,1.4989733059549053,0,0.0,2020,2017-20
2020-04-14,706.9359497070312,562.2419816577951,60.98576126493041,2020,2,682.973106060606,24.941414141414143,2,1.4989733059549053,0,0.0,2020,2017-20
2020-04-15,652.1400146484375,562.3151583894035,61.01008772603848,2020,2,882.9640151515152,25.035353535353536,2,1.4989733059549053,0,0.0,2020,2017-20
2020-04-16,630.2829772949219,562.3883351210118,61.034414187146545,2020,2,908.4522727272728,24.73686868686869,2,1.4989733059549053,0,0.0,2020,2017-20
2020-04-17,612.2599670410157,562.933126082814,61.08393591154512,2020,2,926.3458333333334,24.597111742424246,2,1.4989733059549053,0,0.0,2020,2017-20
2020-04-18,576.5010131835937,562.9435799016153,61.087411120274844,2020,2,907.4977272727272,24.539930555555554,2,1.4989733059549053,0,0.0,2020,2017-20
2020-04-19,558.8999847412109,562.9749413580189,61.09783674646402,2020,2,816.9954545454545,24.61678503787879,2,1.4989733059549053,0,0.0,2020,2017-20
2020-04-20,655.3399963378906,563.3540408501048,61.127376020666674,2020,2,818.1753787878788,24.79053819444444,2,1.4989733059549053,0,0.0,2020,2017-20
2020-04-21,728.0009704589844,563.5928887201109,61.14996487740988,2020,2,678.7435606060606,25.084359217171713,2,1.4989733059549053,0,0.0,2020,2017-20
2020-04-22,683.2519836425781,563.7078807269239,61.188192173436846,2020,2,823.0450757575758,25.149084595959597,2,1.4989733059549053,0,0.0,2020,2017-20
2020-04-23,703.9689575195313,563.9752283226987,61.212518634544914,2020,2,674.7700757575758,25.296874999999996,2,1.4989733059549053,0,0.0,2020,2017-20
2020-04-24,683.1000793457031,564.0611179034063,61.240320304382706,2020,2,679.6136363636364,24.979332386363634,2,1.4989733059549053,0,0.0,2020,2017-20
2020-04-25,569.0100067138671,564.0611179034063,61.240320304382706,2020,2,909.7511363636364,24.869152462121217,2,1.4989733059549053,0,0.0,2020,2017-20
2020-04-26,558.4620178222656,564.0715717222075,61.24379551311243,2020,2,833.7859848484848,24.897332702020204,2,1.4989733059549053,0,0.0,2020,2017-20
2020-04-27,650.5769653320312,564.1395215444153,61.266384369855636,2020,2,893.7424242424242,24.898405934343433,2,1.4989733059549053,0,0.0,2020,2017-20
2020-04-28,658.2060363769531,564.2231520948247,61.29418603969343,2020,2,883.7363636363636,24.840348800505055,2,1.4989733059549053,0,0.0,2020,2017-20
2020-04-29,648.7740478515625,564.3329171922372,61.330675731355534,2020,2,778.1280303030302,24.83330176767677,2,1.4989733059549053,0,0.0,2020,2017-20
2020-04-30,605.8920227050781,564.7552516705358,61.37585344484195,2020,2,936.1318181818182,24.997348484848484,2,1.4989733059549053,0,0.0,2020,2017-20
2020-05-01,653.4960144042968,564.8493360397465,61.40713032340947,2020,2,897.5068181818182,25.017834595959595,2,1.4989733059549053,0,0.0,2020,2017-20
2020-05-02,614.5770141601563,564.8493360397465,61.40713032340947,2020,2,819.8200757575758,25.094278724747472,2,1.4989733059549053,0,0.0,2020,2017-20
2020-05-03,596.749951171875,564.8493360397465,61.40713032340947,2020,2,823.308712121212,25.14449968434343,2,1.4989733059549053,0,0.0,2020,2017-20
2020-05-04,633.4879943847657,565.1007642638382,61.429719180152674,2020,2,941.8238636363636,25.227462121212124,2,1.4989733059549053,0,0.0,2020,2017-20
2020-05-05,640.7270324707031,565.2000755424494,61.462733663085054,2020,2,948.5984848484848,24.9784485479798,2,1.4989733059549053,0,0.0,2020,2017-20
2020-05-06,656.5020629882813,565.2680253646572,61.48532251982826,2020,2,911.2958333333333,24.887097537878784,2,1.4989733059549053,0,0.0,2020,2017-20
2020-05-07,648.1159484863281,565.5588124123436,61.514861794030914,2020,2,827.5477272727272,24.3572601010101,2,1.4989733059549053,0,0.0,2020,2017-20
2020-05-08,592.1070068359375,565.6356584138936,61.540925859503844,2020,2,898.8613636363636,24.40172032828283,2,1.4989733059549053,0,0.0,2020,2017-20
2020-05-09,560.2540100097656,565.6408853232941,61.542663463868706,2020,2,859.2526515151516,24.432070707070707,2,1.4989733059549053,0,0.0,2020,2017-20
2020-05-10,548.8520263671875,565.6408853232941,61.542663463868706,2020,2,865.7200757575758,24.64269255050505,2,1.4989733059549053,0,0.0,2020,2017-20
2020-05-11,673.1660278320312,565.745423511306,61.57741555116595,2020,2,742.8526515151515,25.02013099747475,2,1.4989733059549053,0,0.0,2020,2017-20
2020-05-12,693.891943359375,565.8499616993178,61.61216763846319,2020,2,725.9018939393939,25.041761363636365,2,1.4989733059549053,0,0.0,2020,2017-20
2020-05-13,681.2609924316406,565.9022307933237,61.629543682111816,2020,2,854.6863636363636,25.288691603535355,2,1.4989733059549053,0,0.0,2020,2017-20
2020-05-14,742.0089477539062,565.9806344343326,61.655607747584746,2020,2,824.4943181818182,25.395604482323233,2,1.4989733059549053,0,0.0,2020,2017-20
2020-05-15,692.3199401855469,566.0747188035433,61.68688462615226,2020,2,925.3223484848484,25.655042613636358,2,1.4989733059549053,0,0.0,2020,2017-20
2020-05-16,586.8289978027344,566.0903995317451,61.69209743924685,2020,2,969.0030303030302,25.673547979797977,2,1.4989733059549053,0,0.0,2020,2017-20
2020-05-17,567.5449859619141,566.0903995317451,61.69209743924685,2020,2,966.3875,25.61912878787879,2,1.4989733059549053,0,0.0,2020,2017-20
2020-05-18,751.9980346679688,566.1515648050932,61.71294869162519,2020,2,498.2522727272727,25.336813446969696,2,1.4989733059549053,1,566.1515648050932,2020,2017-20
2020-05-19,695.7500122070312,566.2489284060412,61.73032473527382,2020,2,854.3878787878788,25.44711174242424,2,1.4989733059549053,0,0.0,2020,2017-20
2020-05-20,701.0720336914062,566.3482396846524,61.7633392182062,2020,2,721.1037878787878,25.305089962121215,2,1.4989733059549053,0,0.0,2020,2017-20
2020-05-21,716.972998046875,566.4370971444625,61.79287849240885,2020,2,732.7291666666667,25.41659564393939,2,1.4989733059549053,0,0.0,2020,2017-20
2020-05-22,650.2969848632813,566.5102738760709,61.81720495351692,2020,2,926.8318181818182,25.420517676767677,2,1.4989733059549053,0,0.0,2020,2017-20
2020-05-23,633.6570007324219,566.5102738760709,61.81720495351692,2020,2,814.8295454545454,25.76199494949495,2,1.4989733059549053,0,0.0,2020,2017-20
2020-05-24,597.63603515625,566.5259546042727,61.82241776661151,2020,2,907.267803030303,25.973697916666666,2,1.4989733059549053,0,0.0,2020,2017-20
2020-05-25,628.3389831542969,566.5259546042727,61.82241776661151,2020,2,889.8833333333332,25.685621843434344,2,1.4989733059549053,0,0.0,2020,2017-20
2020-05-26,754.15498046875,566.9116250541484,61.86585787573306,2020,2,720.294696969697,25.743095012626267,2,1.4989733059549053,0,0.0,2020,2017-20
2020-05-27,750.4219909667969,567.0004825139586,61.90147876521274,2020,2,662.4768939393939,25.822545770202016,2,1.4989733059549053,0,0.0,2020,2017-20
2020-05-28,664.5229858398437,567.0788861549674,61.92754283068567,2020,2,912.6465909090908,25.55620265151515,2,1.4989733059549053,0,0.0,2020,2017-20
2020-05-29,682.1719970703125,567.469315716695,61.979670961631534,2020,2,909.5719696969697,25.67863005050505,2,1.4989733059549053,0,0.0,2020,2017-20
2020-05-30,659.49404296875,567.4797695354962,61.98314617036126,2020,2,837.840909090909,25.744420770202023,2,1.4989733059549053,0,0.0,2020,2017-20
2020-05-31,610.6680419921875,567.495450263698,61.988358983455846,2020,2,913.757196969697,25.89565972222222,2,1.4989733059549053,0,0.0,2020,2017-20
2020-06-01,747.0389770507812,567.8231569126183,62.019635862023364,2020,2,887.4125,26.19206123737374,2,1.4989733059549053,0,0.0,2020,2017-20
2020-06-02,780.0280212402344,567.8858798254254,62.04048711440171,2020,2,854.5530303030304,26.45826231060606,2,1.4989733059549053,0,0.0,2020,2017-20
2020-06-03,773.2950256347656,568.1146793223082,62.085664827888124,2020,2,898.9147727272727,26.51306818181818,2,1.4989733059549053,0,0.0,2020,2017-20
2020-06-04,776.7390747070312,568.5232725436599,62.118679310820504,2020,2,786.3140151515152,26.326096906565656,2,1.4989733059549053,0,0.0,2020,2017-20
2020-06-05,712.6940490722657,568.7375758290842,62.19600270505687,2020,2,904.0723484848486,26.264654356060607,2,1.4989733059549053,0,0.0,2020,2017-20
2020-06-06,689.0420532226562,568.7375758290842,62.19600270505687,2020,2,763.2534090909091,26.173887310606062,2,1.4989733059549053,0,0.0,2020,2017-20
2020-06-07,674.16396484375,568.7428027384848,62.19774030942173,2020,2,794.5776515151516,26.36092960858586,2,1.4989733059549053,0,0.0,2020,2017-20
2020-06-08,781.5149719238282,568.8473409264966,62.232492396718975,2020,2,672.8087121212122,26.099218749999995,2,1.4989733059549053,0,0.0,2020,2017-20
2020-06-09,779.9570251464844,568.9335173573268,62.258556462191905,2020,2,739.1454545454546,26.25787563131313,2,1.4989733059549053,0,0.0,2020,2017-20
2020-06-10,751.6749694824218,568.9857864513327,62.27593250584053,2020,2,846.4761363636364,26.27571022727273,2,1.4989733059549053,0,0.0,2020,2017-20
2020-06-11,721.1510314941406,569.0641900923416,62.30199657131346,2020,2,772.8170454545455,26.20953282828283,2,1.4989733059549053,0,0.0,2020,2017-20
2020-06-12,726.3520263671875,569.0798708205434,62.30720938440805,2020,2,814.2087121212121,26.126680871212127,2,1.4989733059549053,0,0.0,2020,2017-20
2020-06-13,610.675,569.1060053675463,62.31589740623236,2020,2,954.9640151515152,26.204008838383842,2,1.4989733059549053,0,0.0,2020,2017-20
2020-06-14,635.3840270996094,569.1112322769469,62.31763501059722,2020,2,789.2238636363636,26.034919507575754,2,1.4989733059549053,0,0.0,2020,2017-20
2020-06-15,734.7490112304688,569.22622428376,62.35586230662419,2020,2,868.3189393939394,26.143300189393937,2,1.4989733059549053,0,0.0,2020,2017-20
2020-06-16,760.1300109863281,569.2575857401636,62.366287932813364,2020,2,742.1515151515151,25.876909722222226,2,1.4989733059549053,0,0.0,2020,2017-20
2020-06-17,722.35703125,569.3359893811725,62.392351998286294,2020,2,839.2700757575758,26.038636363636368,2,1.4989733059549053,0,0.0,2020,2017-20
2020-06-18,748.2889892578125,569.4196199315819,62.42015366812409,2020,2,856.0458333333333,26.25417455808081,2,1.4989733059549053,0,0.0,2020,2017-20
2020-06-19,742.489013671875,569.567634865198,62.44795533796188,2020,2,714.8583333333333,26.11077967171717,2,1.4989733059549053,0,0.0,2020,2017-20
2020-06-20,661.3980102539062,569.567634865198,62.44795533796188,2020,2,794.3272727272728,26.016327335858588,2,1.4989733059549053,0,0.0,2020,2017-20
2020-06-21,635.46005859375,569.567634865198,62.44795533796188,2020,2,802.8367424242424,26.110842803030298,2,1.4989733059549053,0,0.0,2020,2017-20
2020-06-22,742.8230041503906,569.6669461438092,62.48096982089426,2020,2,842.7280303030304,26.206470959595958,2,1.4989733059549053,0,0.0,2020,2017-20
2020-06-23,749.0250061035156,569.8971686342635,62.53744196275228,2020,2,792.4223484848485,26.199116161616157,2,1.4989733059549053,0,0.0,2020,2017-20
2020-06-24,767.6459899902344,570.006933731676,62.57393165441439,2020,2,841.567803030303,26.55606060606061,2,1.4989733059549053,0,0.0,2020,2017-20
2020-06-25,800.9709777832031,570.1706442982957,62.605208532981905,2020,2,823.9162878787878,26.53572443181818,2,1.4989733059549053,0,0.0,2020,2017-20
2020-06-26,742.7650573730468,570.2751824863075,62.63996062027915,2020,2,934.4511363636364,26.625615530303033,2,1.4989733059549053,0,0.0,2020,2017-20
2020-06-27,714.9009887695313,570.280409395708,62.64169822464401,2020,2,770.2628787878788,26.50348011363636,2,1.4989733059549053,0,0.0,2020,2017-20
2020-06-28,674.866015625,570.280409395708,62.64169822464401,2020,2,860.5488636363636,26.56092171717172,2,1.4989733059549053,0,0.0,2020,2017-20
2020-06-29,816.6279846191406,570.3886168536616,62.678187916306115,2020,2,757.6185606060606,26.756068497474754,2,1.4989733059549053,0,0.0,2020,2017-20
2020-06-30,774.46298828125,570.5438664962204,62.73031604725198,2020,2,906.5901515151515,26.92986900252525,2,1.4989733059549053,0,0.0,2020,2017-20
2020-07-01,758.0930358886719,570.6914918943038,62.75638011272491,2020,3,929.5969696969698,26.921583017676767,3,1.4989733059549053,0,0.0,2020,2017-20
2020-07-02,776.7080444335937,570.7751224447132,62.784181782562705,2020,3,799.1462121212122,26.722159090909088,3,1.4989733059549053,0,0.0,2020,2017-20
2020-07-03,715.9669860839844,570.7751224447132,62.784181782562705,2020,3,762.0708333333334,26.493734217171717,3,1.4989733059549053,0,0.0,2020,2017-20
2020-07-04,727.7280212402344,570.7803493541138,62.78591938692757,2020,3,679.8693181818182,26.582228535353536,3,1.4989733059549053,0,0.0,2020,2017-20
2020-07-05,688.245068359375,570.7855762635144,62.78765699129243,2020,3,882.2132575757576,27.127683080808083,3,1.4989733059549053,0,0.0,2020,2017-20
2020-07-06,771.2789916992188,570.8692068139238,62.81545866113022,2020,3,922.6424242424242,26.91402304292929,3,1.4989733059549053,0,0.0,2020,2017-20
2020-07-07,770.6760437011719,570.9319297267309,62.836309913508565,2020,3,779.5753787878788,26.852683080808077,3,1.4989733059549053,0,0.0,2020,2017-20
2020-07-08,760.1769592285157,570.9894257301374,62.85542356152205,2020,3,754.3988636363636,26.71986268939394,3,1.4989733059549053,0,0.0,2020,2017-20
2020-07-09,787.1129699707031,571.0835100993481,62.88670044008957,2020,3,777.2526515151515,26.920154671717167,3,1.4989733059549053,0,0.0,2020,2017-20
2020-07-10,766.7600036621094,571.1410061027547,62.90581408810306,2020,3,876.8378787878788,27.02466856060606,3,1.4989733059549053,0,0.0,2020,2017-20
2020-07-11,721.8450805664063,571.1410061027547,62.90581408810306,2020,3,641.8371212121212,26.923192866161614,3,1.4989733059549053,0,0.0,2020,2017-20
2020-07-12,665.6309875488281,571.1410061027547,62.90581408810306,2020,3,752.7125,26.33196811868687,3,1.4989733059549053,0,0.0,2020,2017-20
2020-07-13,752.6790283203125,571.2612250189683,62.94577898849489,2020,3,769.7280303030303,26.580050505050508,3,1.4989733059549053,0,0.0,2020,2017-20
2020-07-14,781.9519287109375,571.3971246633837,62.990956701981304,2020,3,765.1568181818182,26.680326704545454,3,1.4989733059549053,0,0.0,2020,2017-20
2020-07-15,773.6030212402344,571.5908780264479,63.01528316308937,2020,3,767.1295454545455,26.597971906565657,3,1.4989733059549053,0,0.0,2020,2017-20
2020-07-16,796.6860046386719,571.704312393802,63.05351045911634,2020,3,866.923106060606,27.054703282828285,3,1.4989733059549053,0,0.0,2020,2017-20
2020-07-17,826.5259399414062,571.7827160348108,63.07957452458927,2020,3,826.1734848484848,27.31818970959596,3,1.4989733059549053,0,0.0,2020,2017-20
2020-07-18,746.8739868164063,571.7983967630126,63.084787337683856,2020,3,828.2102272727273,27.427683080808077,3,1.4989733059549053,0,0.0,2020,2017-20
2020-07-19,735.2989929199218,571.8036236724132,63.08652494204872,2020,3,738.830303030303,27.322040719696968,3,1.4989733059549053,0,0.0,2020,2017-20
2020-07-20,801.7519897460937,571.9290694980274,63.12822744680541,2020,3,804.2037878787879,27.142487373737378,3,1.4989733059549053,0,0.0,2020,2017-20
2020-07-21,773.5699768066406,572.0388345954399,63.164717138467516,2020,3,801.1193181818182,26.540553977272726,3,1.4989733059549053,0,0.0,2020,2017-20
2020-07-22,821.6019470214844,572.1485996928524,63.20120683012962,2020,3,749.6,26.505855429292932,3,1.4989733059549053,0,0.0,2020,2017-20
2020-07-23,758.2819274902344,572.2784486423966,63.244646939251176,2020,3,897.5859848484848,27.04837436868687,3,1.4989733059549053,0,0.0,2020,2017-20
2020-07-24,758.6409484863282,572.3725330116073,63.27592381781869,2020,3,898.6026515151516,27.076452020202026,3,1.4989733059549053,0,0.0,2020,2017-20
2020-07-25,746.5029846191406,572.3725330116073,63.27592381781869,2020,3,777.1875,27.242313762626264,3,1.4989733059549053,0,0.0,2020,2017-20
2020-07-26,735.07197265625,572.3725330116073,63.27592381781869,2020,3,598.1625,27.071417297979803,3,1.4989733059549053,0,0.0,2020,2017-20
2020-07-27,751.5799865722656,572.4927519278209,63.31588871821052,2020,3,836.1670454545454,27.274897411616163,3,1.4989733059549053,0,0.0,2020,2017-20
2020-07-28,786.9259216308594,572.6286515722363,63.36714804697396,2020,3,693.205303030303,26.810148358585863,3,1.4989733059549053,0,0.0,2020,2017-20
2020-07-29,742.3960021972656,572.7108905619102,63.39321211244689,2020,3,879.5102272727272,26.749431818181815,3,1.4989733059549053,0,0.0,2020,2017-20
2020-07-30,744.3040222167969,572.801859652203,63.42448899101441,2020,3,845.7723484848484,26.674392361111117,3,1.4989733059549053,0,0.0,2020,2017-20
2020-07-31,753.2659545898438,572.9116247496155,63.46097868267651,2020,3,815.3056818181818,26.823926767676767,3,1.4989733059549053,0,0.0,2020,2017-20
2020-08-01,664.3920043945312,572.9116247496155,63.46097868267651,2020,3,811.7984848484848,26.85770991161616,3,1.4989733059549053,0,0.0,2020,2017-20
2020-08-02,686.1289794921875,572.9116247496155,63.46097868267651,2020,3,784.1636363636363,26.7860321969697,3,1.4989733059549053,0,0.0,2020,2017-20
2020-08-03,769.9230346679688,572.969120753022,63.48009233069,2020,3,883.467803030303,26.736197916666665,3,1.4989733059549053,0,0.0,2020,2017-20
2020-08-04,781.1219604492187,573.3627403092993,63.52700764854128,2020,3,854.9727272727274,26.87524463383838,3,1.4989733059549053,0,0.0,2020,2017-20
2020-08-05,827.7559631347656,573.4411439503082,63.55307171401421,2020,3,764.6939393939394,27.128219696969698,3,1.4989733059549053,0,0.0,2020,2017-20
2020-08-06,842.52001953125,573.5300014101183,63.582610988216864,2020,3,779.5666666666666,27.1461332070707,3,1.4989733059549053,0,0.0,2020,2017-20
2020-08-07,852.9619689941406,573.8072832671995,63.631263910433006,2020,3,748.0011363636364,27.053993055555555,3,1.4989733059549053,0,0.0,2020,2017-20
2020-08-08,754.5400207519531,573.8072832671995,63.631263910433006,2020,3,717.9647727272728,27.182552083333334,3,1.4989733059549053,0,0.0,2020,2017-20
2020-08-09,720.0860229492188,573.8229639954013,63.63647672352759,2020,3,700.1549242424242,26.891319444444438,3,1.4989733059549053,0,0.0,2020,2017-20
2020-08-10,823.87001953125,573.9797712774191,63.68860485447346,2020,3,721.7844696969696,26.929182449494945,3,1.4989733059549053,0,0.0,2020,2017-20
2020-08-11,762.4530090332031,574.0728370933929,63.71988173304098,2020,3,902.1045454545454,26.941556186868684,3,1.4989733059549053,0,0.0,2020,2017-20
2020-08-12,774.6730102539062,574.1826618100124,63.751158611608496,2020,3,892.817803030303,26.801933396464648,3,1.4989733059549053,0,0.0,2020,2017-20
2020-08-13,786.5709045410156,574.582508905383,63.791123512000325,2020,3,900.1973484848484,26.87634154040404,3,1.4989733059549053,0,0.0,2020,2017-20
2020-08-14,792.4899536132813,574.7393161874007,63.84325164294619,2020,3,906.021212121212,26.98578756313131,3,1.4989733059549053,0,0.0,2020,2017-20
2020-08-15,742.7810180664062,574.7393161874007,63.84325164294619,2020,3,901.7147727272728,27.08424873737374,3,1.4989733059549053,0,0.0,2020,2017-20
2020-08-16,686.0050109863281,574.7445430968013,63.844989247311055,2020,3,920.8837121212122,27.111174242424244,3,1.4989733059549053,0,0.0,2020,2017-20
2020-08-17,801.2609985351562,574.8334005566114,63.87452852151371,2020,3,830.7075757575758,26.797214330808078,3,1.4989733059549053,0,0.0,2020,2017-20
2020-08-18,800.6759216308594,574.9170311070209,63.9023301913515,2020,3,755.3511363636364,26.991390467171716,3,1.4989733059549053,0,0.0,2020,2017-20
2020-08-19,771.7971008300781,575.0895191172405,63.95967113539196,2020,3,859.9378787878788,27.102596275252523,3,1.4989733059549053,0,0.0,2020,2017-20
2020-08-20,817.2969421386719,575.1890549732216,63.99268561832434,2020,3,791.5227272727273,27.09170612373737,3,1.4989733059549053,0,0.0,2020,2017-20
2020-08-21,774.3240112304687,575.2988200706341,64.02917530998644,2020,3,819.8090909090909,27.114954229797977,3,1.4989733059549053,0,0.0,2020,2017-20
2020-08-22,724.2270202636719,575.2988200706341,64.02917530998644,2020,3,826.3041666666666,27.22732007575758,3,1.4989733059549053,0,0.0,2020,2017-20
2020-08-23,724.3170227050781,575.3092738894353,64.03265051871617,2020,3,855.757196969697,27.49380523989899,3,1.4989733059549053,0,0.0,2020,2017-20
2020-08-24,835.9460021972657,575.3839095408218,64.05697697982424,2020,3,815.7431818181818,27.529703282828283,3,1.4989733059549053,0,0.0,2020,2017-20
2020-08-25,806.1019775390625,575.5929859168456,64.12648115441873,2020,3,913.4848484848484,27.683396464646467,3,1.4989733059549053,0,0.0,2020,2017-20
2020-08-26,794.1709655761719,575.7372724639847,64.17339647227,2020,3,912.7193181818182,27.689165088383835,3,1.4989733059549053,0,0.0,2020,2017-20
2020-08-27,774.9209655761719,575.9254412024061,64.23595022940503,2020,3,915.6113636363636,27.5478851010101,3,1.4989733059549053,0,0.0,2020,2017-20
2020-08-28,775.55302734375,575.9986179340144,64.26027669051311,2020,3,906.759090909091,27.420849116161616,3,1.4989733059549053,0,0.0,2020,2017-20
2020-08-29,685.1870178222656,576.0247524810173,64.26896471233742,2020,3,926.9746212121212,27.380121527777778,3,1.4989733059549053,0,0.0,2020,2017-20
2020-08-30,673.4009887695313,576.0247524810173,64.26896471233742,2020,3,865.096212121212,27.40323547979797,3,1.4989733059549053,0,0.0,2020,2017-20
2020-08-31,832.4309753417969,576.1554252160322,64.31240482145897,2020,3,736.1382575757576,27.38749210858586,3,1.4989733059549053,0,0.0,2020,2017-20
2020-09-01,770.8109802246094,576.2913248604476,64.35758253494538,2020,3,918.1352272727272,27.363265467171715,3,1.4989733059549053,0,0.0,2020,2017-20
2020-09-02,778.0239929199219,576.4115437766612,64.3975474353372,2020,3,841.4681818181818,27.25176767676768,3,1.4989733059549053,0,0.0,2020,2017-20
2020-09-03,772.5160217285156,576.6470856129403,64.43577473136418,2020,3,865.5443181818182,27.21706912878788,3,1.4989733059549053,0,0.0,2020,2017-20
2020-09-04,799.4710021972656,576.7934390761569,64.48442765358031,2020,3,830.5386363636364,27.413233901515145,3,1.4989733059549053,0,0.0,2020,2017-20
2020-09-05,663.461962890625,576.7986659855575,64.48616525794517,2020,3,916.0715909090908,27.26160037878788,3,1.4989733059549053,0,0.0,2020,2017-20
2020-09-06,671.4400024414062,576.8195736231598,64.49311567540462,2020,3,717.4503787878788,27.206486742424243,3,1.4989733059549053,0,0.0,2020,2017-20
2020-09-07,740.2310485839844,576.8195736231598,64.49311567540462,2020,3,780.1795454545455,27.348690025252523,3,1.4989733059549053,0,0.0,2020,2017-20
2020-09-08,824.6869750976563,576.9383397361986,64.53308057579645,2020,3,789.3681818181818,27.23308080808081,3,1.4989733059549053,0,0.0,2020,2017-20
2020-09-09,794.2309997558593,577.0585586524122,64.57304547618827,2020,3,883.148106060606,27.144665404040406,3,1.4989733059549053,0,0.0,2020,2017-20
2020-09-10,763.0869812011719,577.2205928438306,64.62691121149899,2020,3,916.4602272727273,27.269412878787875,3,1.4989733059549053,0,0.0,2020,2017-20
2020-09-11,766.8389709472656,577.3721732164478,64.67730173807999,2020,3,875.155303030303,27.26643781565657,3,1.4989733059549053,0,0.0,2020,2017-20
2020-09-12,715.9180419921875,577.3774001258483,64.67903934244485,2020,3,809.746590909091,27.158041351010098,3,1.4989733059549053,0,0.0,2020,2017-20
2020-09-13,667.0359924316406,577.3774001258483,64.67903934244485,2020,3,875.8132575757576,27.074139835858585,3,1.4989733059549053,0,0.0,2020,2017-20
2020-09-14,776.8909851074219,577.497619042062,64.71900424283668,2020,3,833.8780303030304,27.144704861111112,3,1.4989733059549053,0,0.0,2020,2017-20
2020-09-15,806.6579833984375,577.6805608710827,64.77982039560685,2020,3,807.4867424242424,27.401657196969698,3,1.4989733059549053,0,0.0,2020,2017-20
2020-09-16,765.0310485839843,577.8373681531004,64.83194852655271,2020,3,900.580303030303,27.24464962121212,3,1.4989733059549053,0,0.0,2020,2017-20
2020-09-17,776.5190795898437,577.9523601599135,64.87017582257968,2020,3,886.0094696969697,27.256620896464643,3,1.4989733059549053,0,0.0,2020,2017-20
2020-09-18,813.18193359375,578.0203099821213,64.8927646793229,2020,3,845.3431818181818,27.38806029040404,3,1.4989733059549053,0,0.0,2020,2017-20
2020-09-19,757.79599609375,578.0203099821213,64.8927646793229,2020,3,686.8598484848485,27.482922979797987,3,1.4989733059549053,0,0.0,2020,2017-20
2020-09-20,728.2849853515625,578.0307638009225,64.89623988805262,2020,3,721.5901515151515,27.183333333333326,3,1.4989733059549053,0,0.0,2020,2017-20
2020-09-21,822.8100280761719,578.1614365359374,64.93967999717417,2020,3,739.9662878787879,27.383364898989896,3,1.4989733059549053,0,0.0,2020,2017-20
2020-09-22,802.1260009765625,578.2921092709522,64.98312010629571,2020,3,783.258712121212,27.211655618686873,3,1.4989733059549053,0,0.0,2020,2017-20
2020-09-23,815.1739685058594,578.4144398176486,65.02308500668754,2020,3,811.9162878787878,27.220762310606062,3,1.4989733059549053,0,0.0,2020,2017-20
2020-09-24,838.8410278320313,578.5671160474031,65.06652511580909,2020,3,769.8257575757576,27.44491792929293,3,1.4989733059549053,0,0.0,2020,2017-20
2020-09-25,791.7250427246094,578.6768811448156,65.1030148074712,2020,3,862.9439393939394,27.316082702020207,3,1.4989733059549053,0,0.0,2020,2017-20
2020-09-26,715.4239990234375,578.6821080542162,65.10475241183606,2020,3,817.0068181818182,27.187452651515144,3,1.4989733059549053,0,0.0,2020,2017-20
2020-09-27,707.3969909667969,578.6821080542162,65.10475241183606,2020,3,810.9208333333333,27.32147253787879,3,1.4989733059549053,0,0.0,2020,2017-20
2020-09-28,836.3419738769531,578.8545960644358,65.16209335587651,2020,3,799.7666666666667,27.330673926767673,3,1.4989733059549053,0,0.0,2020,2017-20
2020-09-29,815.6219604492187,578.9329997054447,65.18815742134944,2020,3,877.0291666666666,27.35969065656566,3,1.4989733059549053,0,0.0,2020,2017-20
2020-09-30,795.1509948730469,579.095033896863,65.24202315666017,2020,3,869.7727272727273,27.354632260101003,3,1.4989733059549053,0,0.0,2020,2017-20
2020-10-01,841.4300048828125,579.2466142694802,65.29849529851819,2020,4,840.9045454545454,27.620714962121212,4,1.4989733059549053,0,0.0,2020,2017-20
2020-10-02,915.1340454101562,579.4138753702993,65.35409863819378,2020,4,682.5393939393939,27.791177398989902,4,1.4989733059549053,0,0.0,2020,2017-20
2020-10-03,781.9569946289063,579.4400099173022,65.36278666001809,2020,4,813.8458333333333,27.77450284090909,4,1.4989733059549053,0,0.0,2020,2017-20
2020-10-04,727.3950134277344,579.4400099173022,65.36278666001809,2020,4,799.3424242424242,27.352146464646456,4,1.4989733059549053,0,0.0,2020,2017-20
2020-10-05,869.2970275878906,579.5550019241152,65.40101395604506,2020,4,680.3734848484848,27.267148042929293,4,1.4989733059549053,0,0.0,2020,2017-20
2020-10-06,843.2460388183594,579.6334055651241,65.427078021518,2020,4,801.4625,27.609595959595953,4,1.4989733059549053,0,0.0,2020,2017-20
2020-10-07,858.8799743652344,579.7099459001686,65.45140448262607,2020,4,756.7022727272727,27.813802083333332,4,1.4989733059549053,0,0.0,2020,2017-20
2020-10-08,837.8079650878906,579.8929175387929,65.51048303103138,2020,4,759.7401515151515,27.48939393939394,4,1.4989733059549053,0,0.0,2020,2017-20
2020-10-09,797.1740173339844,580.070632458413,65.5695615794367,2020,4,787.491287878788,27.601475694444442,4,1.4989733059549053,0,0.0,2020,2017-20
2020-10-10,720.3369873046875,580.070632458413,65.5695615794367,2020,4,835.4784090909092,27.637768308080812,4,1.4989733059549053,0,0.0,2020,2017-20
2020-10-11,740.9539794921875,580.070632458413,65.5695615794367,2020,4,742.3590909090909,27.386805555555554,4,1.4989733059549053,0,0.0,2020,2017-20
2020-10-12,847.3579345703125,580.2471042474264,65.628640127842,2020,4,599.130303030303,27.530160984848482,4,1.4989733059549053,0,0.0,2020,2017-20
2020-10-13,829.9429626464844,580.470303712193,65.70335711553108,2020,4,753.4852272727273,27.62443181818182,4,1.4989733059549053,0,0.0,2020,2017-20
2020-10-14,840.7409301757813,581.1990381407642,65.78328691631474,2020,4,696.7223484848485,27.3177793560606,4,1.4989733059549053,0,0.0,2020,2017-20
2020-10-15,853.94599609375,581.3401646945802,65.83020223416601,2020,4,739.9973484848484,27.542108585858596,4,1.4989733059549053,0,0.0,2020,2017-20
2020-10-16,878.1970458984375,581.4222376055307,65.85800390400381,2020,4,677.4549242424243,27.43787089646464,4,1.4989733059549053,0,0.0,2020,2017-20
2020-10-17,841.6599548339843,581.4274645149312,65.85974150836867,2020,4,510.5935606060606,27.344436553030302,4,1.4989733059549053,1,581.4274645149312,2020,2017-20
2020-10-18,800.2249877929687,581.4274645149312,65.85974150836867,2020,4,576.4473484848485,27.246890782828284,4,1.4989733059549053,1,581.4274645149312,2020,2017-20
2020-10-19,881.4129638671875,583.7485872556412,65.91534484804426,2020,4,591.6109848484848,27.131139520202023,4,1.4989733059549053,0,0.0,2020,2017-20
2020-10-20,886.1379577636719,583.8844869000566,65.96052256153067,2020,4,566.0488636363636,27.08836805555556,4,1.4989733059549053,1,583.8844869000566,2020,2017-20
2020-10-21,899.46591796875,584.0151596350714,66.00396267065221,2020,4,499.5981060606061,27.164086174242417,4,1.4989733059549053,1,584.0151596350714,2020,2017-20
2020-10-22,869.8580383300781,584.2295642863322,66.0734668452467,2020,4,497.5549242424243,27.114843750000002,4,1.4989733059549053,1,584.2295642863322,2020,2017-20
2020-10-23,898.8469909667969,584.4642803348704,66.13949581111146,2020,4,361.97386363636366,27.224644886363638,4,1.4989733059549053,1,584.4642803348704,2020,2017-20
2020-10-24,753.1950134277344,584.4904148818733,66.14818383293577,2020,4,750.669696969697,27.47920612373738,4,1.4989733059549053,0,0.0,2020,2017-20
2020-10-25,776.9709777832031,584.5113225194757,66.15513425039522,2020,4,729.1318181818182,27.5521543560606,4,1.4989733059549053,0,0.0,2020,2017-20
2020-10-26,913.3709228515625,584.7883487177071,66.24722728173292,2020,4,516.9791666666666,27.00298295454546,4,1.4989733059549053,1,584.7883487177071,2020,2017-20
2020-10-27,931.7670227050781,585.6129436698627,66.34627073053007,2020,4,196.95113636363635,26.94660669191919,4,1.4989733059549053,1,585.6129436698627,2020,2017-20
2020-10-28,843.8009582519531,585.9186184752273,66.40013646584079,2020,4,506.0829545454546,26.438809974747475,4,1.4989733059549053,1,585.9186184752273,2020,2017-20
2020-10-29,798.1570190429687,586.0223775921738,66.42967574004345,2020,4,635.0200757575758,26.59403409090909,4,1.4989733059549053,0,0.0,2020,2017-20
2020-10-30,790.0629638671875,586.200092511794,66.48875428844876,2020,4,685.625,27.02466066919192,4,1.4989733059549053,0,0.0,2020,2017-20
2020-10-31,761.7580322265625,586.2053194211945,66.49049189281362,2020,4,708.5803030303031,26.964804292929298,4,1.4989733059549053,0,0.0,2020,2017-20
2020-11-01,735.2929748535156,586.2105463305951,66.49222949717849,2020,4,679.6522727272727,26.744988952020204,4,1.4989733059549053,0,0.0,2020,2017-20
2020-11-02,798.4380554199219,586.3673536126129,66.54435762812435,2020,4,743.2852272727272,27.04093276515152,4,1.4989733059549053,0,0.0,2020,2017-20
2020-11-03,857.5990417480468,586.4353034348206,66.56694648486756,2020,4,629.0719696969697,27.355776515151515,4,1.4989733059549053,0,0.0,2020,2017-20
2020-11-04,889.8130432128906,586.4645979751467,66.57563450669187,2020,4,621.5094696969697,27.1549163510101,4,1.4989733059549053,0,0.0,2020,2017-20
2020-11-05,872.21103515625,586.4907325221496,66.58432252851618,2020,4,641.571212121212,27.250710227272723,4,1.4989733059549053,0,0.0,2020,2017-20
2020-11-06,868.4250427246094,586.6667351000544,66.63992586819177,2020,4,586.2015151515152,27.423516414141417,4,1.4989733059549053,1,586.6667351000544,2020,2017-20
2020-11-07,790.4060302734375,586.8078616538704,66.68684118604304,2020,4,580.1795454545454,27.174636994949495,4,1.4989733059549053,1,586.8078616538704,2020,2017-20
2020-11-08,724.0739929199219,586.8183154726717,66.69031639477276,2020,4,712.6382575757576,27.244089330808077,4,1.4989733059549053,0,0.0,2020,2017-20
2020-11-09,894.0899841308594,587.0169380298942,66.75634536063752,2020,4,412.6965909090909,27.03783933080808,4,1.4989733059549053,1,587.0169380298942,2020,2017-20
2020-11-10,823.934033203125,587.4094331885949,66.83279995269146,2020,4,699.9886363636364,26.86436237373738,4,1.4989733059549053,0,0.0,2020,2017-20
2020-11-11,763.5060363769531,587.4878368296038,66.8588640181644,2020,4,587.1352272727273,26.647017045454543,4,1.4989733059549053,1,587.4878368296038,2020,2017-20
2020-11-12,793.8819396972656,587.6498710210221,66.91272975347512,2020,4,684.9871212121212,26.55748106060606,4,1.4989733059549053,0,0.0,2020,2017-20
2020-11-13,800.2430297851563,588.2275811869835,66.96312028005612,2020,4,699.1719696969697,26.491003787878793,4,1.4989733059549053,0,0.0,2020,2017-20
2020-11-14,732.0670104980469,588.2380350057847,66.96659548878584,2020,4,663.8568181818182,26.540569760101004,4,1.4989733059549053,0,0.0,2020,2017-20
2020-11-15,729.922998046875,588.2484888245859,66.97007069751557,2020,4,571.2060606060606,26.128811553030303,4,1.4989733059549053,1,588.2484888245859,2020,2017-20
2020-11-16,840.5500305175781,588.3896153784019,67.01698601536684,2020,4,637.132196969697,26.038454861111116,4,1.4989733059549053,0,0.0,2020,2017-20
2020-11-17,850.0809875488281,589.0327139703802,67.08996539869105,2020,4,670.2034090909091,26.368158143939393,4,1.4989733059549053,0,0.0,2020,2017-20
2020-11-18,866.2940246582032,589.2208827088016,67.15251915582608,2020,4,405.0420454545455,26.28041351010101,4,1.4989733059549053,1,589.2208827088016,2020,2017-20
2020-11-19,821.1660827636719,589.4529783529103,67.24113697843406,2020,4,572.3863636363637,26.14547821969697,4,1.4989733059549053,1,589.4529783529103,2020,2017-20
2020-11-20,858.051953125,589.6097856349281,67.29326510937992,2020,4,487.5363636363636,26.354182449494953,4,1.4989733059549053,1,589.6097856349281,2020,2017-20
2020-11-21,769.42900390625,589.6097856349281,67.29326510937992,2020,4,640.605303030303,26.434761679292933,4,1.4989733059549053,0,0.0,2020,2017-20
2020-11-22,767.1569763183594,589.6150125443287,67.29500271374478,2020,4,508.7837121212121,26.130815972222226,4,1.4989733059549053,1,589.6150125443287,2020,2017-20
2020-11-23,863.7139770507813,590.1074151737109,67.3349676141366,2020,4,586.5863636363636,26.0546875,4,1.4989733059549053,1,590.1074151737109,2020,2017-20
2020-11-24,835.8480102539063,590.2616010459558,67.37840772325815,2020,4,525.425,26.05724431818182,4,1.4989733059549053,1,590.2616010459558,2020,2017-20
2020-11-25,835.0079833984375,590.7054868316709,67.45138710658236,2020,4,594.3136363636364,26.206897095959604,4,1.4989733059549053,0,0.0,2020,2017-20
2020-11-26,803.0550231933594,590.7107137410715,67.45312471094722,2020,4,551.0018939393939,25.921725063131316,4,1.4989733059549053,1,590.7107137410715,2020,2017-20
2020-11-27,753.2950317382813,590.7571715862789,67.46876315023098,2020,4,497.1155303030303,25.363691603535354,4,1.4989733059549053,1,590.7571715862789,2020,2017-20
2020-11-28,666.55,590.7676254050801,67.47223835896071,2020,4,648.5352272727273,24.8806976010101,4,1.4989733059549053,0,0.0,2020,2017-20
2020-11-29,671.7199768066406,590.7833061332819,67.4774511720553,2020,4,598.4079545454546,24.87148042929293,4,1.4989733059549053,0,0.0,2020,2017-20
2020-11-30,767.2290588378906,590.9139788682968,67.52089128117684,2020,4,658.3587121212121,24.89346590909091,4,1.4989733059549053,0,0.0,2020,2017-20
2020-12-01,727.6780090332031,591.1230552443205,67.59039545577133,2020,4,695.7390151515152,24.954805871212127,4,1.4989733059549053,0,0.0,2020,2017-20
2020-12-02,740.3869873046875,591.292547716708,67.64773639981178,2020,4,672.5287878787879,25.209895833333334,4,1.4989733059549053,0,0.0,2020,2017-20
2020-12-03,787.7730285644532,591.459808817527,67.70333973948736,2020,4,635.2988636363636,25.361063762626262,4,1.4989733059549053,0,0.0,2020,2017-20
2020-12-04,836.0590270996094,591.5957084619424,67.74851745297377,2020,4,457.0977272727273,25.987144886363637,4,1.4989733059549053,1,591.5957084619424,2020,2017-20
2020-12-05,757.0750061035156,591.6166160995448,67.76154948571023,2020,4,610.6375,26.21244476010101,4,1.4989733059549053,0,0.0,2020,2017-20
2020-12-06,738.6010192871094,591.6166160995448,67.76154948571023,2020,4,613.0909090909091,26.045249368686864,4,1.4989733059549053,0,0.0,2020,2017-20
2020-12-07,815.0980285644531,591.8816308395161,67.8501673083182,2020,4,629.5147727272727,26.003898358585857,4,1.4989733059549053,0,0.0,2020,2017-20
2020-12-08,830.5929748535157,592.1117639011597,67.91098346108838,2020,4,524.3265151515151,26.17043087121212,4,1.4989733059549053,1,592.1117639011597,2020,2017-20
2020-12-09,842.3529418945312,592.2581173643764,67.95963638330451,2020,4,395.42689393939395,25.669878472222226,4,1.4989733059549053,1,592.2581173643764,2020,2017-20
2020-12-10,786.1110412597657,592.4985551968036,68.03956618408817,2020,4,651.2867424242424,25.7153961489899,4,1.4989733059549053,0,0.0,2020,2017-20
2020-12-11,767.5379821777344,593.3053772495164,68.08995671066917,2020,4,666.5939393939394,25.808143939393943,4,1.4989733059549053,0,0.0,2020,2017-20
2020-12-12,716.2899597167968,593.3262848871187,68.09690712812862,2020,4,637.6284090909091,25.82664930555556,4,1.4989733059549053,0,0.0,2020,2017-20
2020-12-13,743.4419738769532,593.3576463435223,68.1073327543178,2020,4,551.0469696969697,25.912807765151516,4,1.4989733059549053,1,593.3576463435223,2020,2017-20
2020-12-14,836.1350036621094,593.592857266549,68.18552495073659,2020,4,552.4060606060606,26.00452967171717,4,1.4989733059549053,1,593.592857266549,2020,2017-20
2020-12-15,824.35302734375,593.7653452767686,68.24286589477704,2020,4,549.5795454545455,25.82347695707071,4,1.4989733059549053,1,593.7653452767686,2020,2017-20
2020-12-16,817.4990051269531,593.9599354653099,68.30715725627694,2020,4,547.2780303030302,25.614133522727276,4,1.4989733059549053,1,593.9599354653099,2020,2017-20
2020-12-17,803.148046875,594.2528644557542,68.34712215666876,2020,4,575.1045454545454,25.38084753787879,4,1.4989733059549053,1,594.2528644557542,2020,2017-20
2020-12-18,782.72197265625,594.5205895316373,68.42531435308756,2020,4,599.9852272727273,25.560045770202013,4,1.4989733059549053,0,0.0,2020,2017-20
2020-12-19,716.6379943847656,594.5205895316373,68.42531435308756,2020,4,566.8571969696969,25.6585542929293,4,1.4989733059549053,1,594.5205895316373,2020,2017-20
2020-12-20,728.097998046875,594.5362702598391,68.43052716618215,2020,4,591.6924242424242,25.787002840909093,4,1.4989733059549053,0,0.0,2020,2017-20
2020-12-21,797.3500244140625,594.6784269530316,68.47744248403342,2020,4,601.6518939393939,25.45854640151515,4,1.4989733059549053,0,0.0,2020,2017-20
2020-12-22,762.8639831542969,594.8456880538506,68.533045823709,2020,4,669.5594696969697,25.169397095959596,4,1.4989733059549053,0,0.0,2020,2017-20
2020-12-23,756.3700378417968,594.981587698266,68.57822353719541,2020,4,650.9924242424242,25.069949494949494,4,1.4989733059549053,0,0.0,2020,2017-20
2020-12-24,757.8919982910156,595.0721977818945,68.59386197647918,2020,4,564.464393939394,25.102462121212117,4,1.4989733059549053,1,595.0721977818945,2020,2017-20
2020-12-25,719.1200500488281,595.0721977818945,68.59386197647918,2020,4,458.9113636363636,24.920872790404037,4,1.4989733059549053,1,595.0721977818945,2020,2017-20
2020-12-26,732.6530456542969,595.0721977818945,68.59386197647918,2020,4,294.6117424242424,24.456218434343437,4,1.4989733059549053,1,595.0721977818945,2020,2017-20
2020-12-27,669.6110107421875,595.0931054194969,68.60081239393863,2020,4,594.9401515151515,25.836063762626264,4,1.4989733059549053,0,0.0,2020,2017-20
2020-12-28,776.4510192871094,595.2583145090401,68.65294052488449,2020,4,626.9746212121212,25.46561710858586,4,1.4989733059549053,0,0.0,2020,2017-20
2020-12-29,795.4150573730469,595.4464832474615,68.71549428201952,2020,4,508.3465909090909,25.5556976010101,4,1.4989733059549053,1,595.4464832474615,2020,2017-20
2020-12-30,742.5100219726562,595.6730668413181,68.7571967867762,2020,4,625.0590909090909,25.30003945707071,4,1.4989733059549053,0,0.0,2020,2017-20
2020-12-31,761.62900390625,595.7900220665346,68.79194887407346,2020,4,519.1852272727273,25.137215909090912,4,1.4989733059549053,1,595.7900220665346,2020,2017-20
2021-01-01,667.7380004882813,595.7900220665346,68.79194887407346,2021,1,626.5753787878788,25.22361111111111,1,2.4989733059549053,0,0.0,2021,2021-24
2021-01-02,700.2640014648438,595.7900220665346,68.79194887407346,2021,1,559.8799242424242,25.082370580808078,1,2.4989733059549053,1,595.7900220665346,2021,2021-24
2021-01-03,686.9410217285156,595.7900220665346,68.79194887407346,2021,1,597.0920454545455,25.005918560606062,1,2.4989733059549053,0,0.0,2021,2021-24
2021-01-04,767.2410034179687,595.8464757327217,68.80932491772208,2021,1,666.1026515151516,25.061631944444446,1,2.4989733059549053,0,0.0,2021,2021-24
2021-01-05,775.4369995117188,595.9160721501282,68.83017617010043,2021,1,612.3109848484848,24.7967408459596,1,2.4989733059549053,0,0.0,2021,2021-24
2021-01-06,762.072998046875,595.9972679704359,68.8545026312085,2021,1,655.2810606060606,25.020012626262627,1,2.4989733059549053,0,0.0,2021,2021-24
2021-01-07,749.7369934082031,596.1016625965458,68.88577950977603,2021,1,688.7306818181818,25.155216224747473,1,2.4989733059549053,0,0.0,2021,2021-24
2021-01-08,772.460009765625,596.2060572226557,68.91705638834355,2021,1,464.2837121212121,24.556865530303032,1,2.4989733059549053,1,596.2060572226557,2021,2021-24
2021-01-09,692.6179931640625,596.2060572226557,68.91705638834355,2021,1,661.7996212121212,24.749739583333334,1,2.4989733059549053,0,0.0,2021,2021-24
2021-01-10,661.8940124511719,596.2060572226557,68.91705638834355,2021,1,661.8806818181818,24.827667297979797,1,2.4989733059549053,0,0.0,2021,2021-24
2021-01-11,775.5110046386719,596.3162515502161,68.95007087127594,2021,1,679.2155303030303,25.30231218434343,1,2.4989733059549053,0,0.0,2021,2021-24
2021-01-12,756.6809875488282,596.4612440864797,68.99351098039749,2021,1,676.3435606060606,25.06006944444444,1,2.4989733059549053,0,0.0,2021,2021-24
2021-01-13,783.79501953125,596.5540393096885,69.02131265023529,2021,1,645.8284090909091,25.25728377525253,1,2.4989733059549053,0,0.0,2021,2021-24
2021-01-14,767.8910034179687,596.6908033189413,69.04042629824878,2021,1,671.6068181818182,25.10226483585859,1,2.4989733059549053,0,0.0,2021,2021-24
2021-01-15,768.7190002441406,596.7546000348973,69.05953994626226,2021,1,687.7939393939394,25.440956439393943,1,2.4989733059549053,0,0.0,2021,2021-24
2021-01-16,689.3770141601562,596.7603997363478,69.06127755062712,2021,1,675.5564393939394,25.394831123737376,1,2.4989733059549053,0,0.0,2021,2021-24
2021-01-17,695.5370056152344,596.7719991392489,69.06475275935685,2021,1,424.3628787878788,24.63690025252525,1,2.4989733059549053,1,596.7719991392489,2021,2021-24
2021-01-18,755.1670104980469,596.78359854215,69.06822796808657,2021,1,284.3840909090909,23.171220012626264,1,2.4989733059549053,1,596.78359854215,2021,2021-24
2021-01-19,733.789990234375,596.911191974062,69.10645526411355,2021,1,519.0939393939394,24.28781565656566,1,2.4989733059549053,1,596.911191974062,2021,2021-24
2021-01-20,745.5000122070312,596.9575895856664,69.12035609903245,2021,1,580.1655303030303,24.846070075757577,1,2.4989733059549053,1,596.9575895856664,2021,2021-24
2021-01-21,720.5449890136719,597.0271860030729,69.1412073514108,2021,1,617.321212121212,24.855618686868684,1,2.4989733059549053,0,0.0,2021,2021-24
2021-01-22,706.7949951171875,597.1083818233806,69.16553381251887,2021,1,670.4787878787879,24.93232323232323,1,2.4989733059549053,0,0.0,2021,2021-24
2021-01-23,655.4919921875,597.1141815248311,69.16727141688374,2021,1,623.9776515151515,24.802706755050508,1,2.4989733059549053,0,0.0,2021,2021-24
2021-01-24,669.4099975585938,597.1141815248311,69.16727141688374,2021,1,659.3208333333334,25.311687184343437,1,2.4989733059549053,0,0.0,2021,2021-24
2021-01-25,861.0619934082031,597.1837779422376,69.18812266926209,2021,1,300.84772727272724,24.780034722222226,1,2.4989733059549053,1,597.1837779422376,2021,2021-24
2021-01-26,791.6470031738281,597.293972269798,69.22113715219447,2021,1,321.5867424242424,24.953148674242428,1,2.4989733059549053,1,597.293972269798,2021,2021-24
2021-01-27,750.7709899902344,597.409966298809,69.25588923949172,2021,1,639.7219696969697,24.798469065656562,1,2.4989733059549053,0,0.0,2021,2021-24
2021-01-28,742.5580017089844,597.5665582379737,69.302804557343,2021,1,562.9037878787879,24.477280618686876,1,2.4989733059549053,1,597.5665582379737,2021,2021-24
2021-01-29,722.9269592285157,597.6303549539297,69.32191820535648,2021,1,644.0128787878788,24.149352904040388,1,2.4989733059549053,0,0.0,2021,2021-24
2021-01-30,650.6539794921875,597.6303549539297,69.32191820535648,2021,1,702.9992424242424,24.33265467171717,1,2.4989733059549053,0,0.0,2021,2021-24
2021-01-31,615.3510131835938,597.6303549539297,69.32191820535648,2021,1,718.9905303030303,24.249976325757576,1,2.4989733059549053,0,0.0,2021,2021-24
2021-02-01,730.3670043945312,597.8121737733215,69.3757839406672,2021,1,553.2200757575758,23.88143939393939,1,2.4989733059549053,1,597.8121737733215,2021,2021-24
2021-02-02,717.7989990234375,598.0824551373071,69.42096165415361,2021,1,588.4776515151515,24.090838068181814,1,2.4989733059549053,1,598.0824551373071,2021,2021-24
2021-02-03,782.9539978027344,598.2278869095392,69.45050092835628,2021,1,242.05833333333334,23.648753156565665,1,2.4989733059549053,1,598.2278869095392,2021,2021-24
2021-02-04,630.30400390625,598.3148824312974,69.47656499382921,2021,1,612.9344696969697,21.99398674242424,1,2.4989733059549053,0,0.0,2021,2021-24
2021-02-05,629.247998046875,598.3960782516051,69.50089145493729,2021,1,613.2045454545454,22.279648042929296,1,2.4989733059549053,0,0.0,2021,2021-24
2021-02-06,573.4489898681641,598.3960782516051,69.50089145493729,2021,1,721.4814393939394,22.964812184343433,1,2.4989733059549053,0,0.0,2021,2021-24
2021-02-07,558.6260070800781,598.3960782516051,69.50089145493729,2021,1,719.5314393939394,23.59805871212121,1,2.4989733059549053,0,0.0,2021,2021-24
2021-02-08,639.0349975585938,598.7043333483579,69.55128198151829,2021,1,768.771590909091,23.862492108585858,1,2.4989733059549053,0,0.0,2021,2021-24
2021-02-09,600.3929656982422,598.7971285715666,69.57908365135609,2021,1,750.6386363636364,22.426144255050506,1,2.4989733059549053,0,0.0,2021,2021-24
2021-02-10,613.5620178222656,598.8783243918743,69.60341011246416,2021,1,772.0208333333333,22.86283143939393,1,2.4989733059549053,0,0.0,2021,2021-24
2021-02-11,643.95498046875,598.9711196150831,69.63121178230196,2021,1,778.2465909090909,23.710321969696963,1,2.4989733059549053,0,0.0,2021,2021-24
2021-02-12,650.32900390625,599.0871136440941,69.66596386959921,2021,1,766.784090909091,24.21836332070707,1,2.4989733059549053,0,0.0,2021,2021-24
2021-02-13,670.6939880371094,599.0929133455446,69.66770147396407,2021,1,578.0590909090909,24.622616792929293,1,2.4989733059549053,1,599.0929133455446,2021,2021-24
2021-02-14,676.2099975585937,599.0929133455446,69.66770147396407,2021,1,709.1556818181818,24.953645833333336,1,2.4989733059549053,0,0.0,2021,2021-24
2021-02-15,694.8679992675782,599.1103124498962,69.67291428705866,2021,1,604.5056818181818,24.826736111111114,1,2.4989733059549053,0,0.0,2021,2021-24
2021-02-16,749.2299987792969,599.2553049861599,69.71635439618021,2021,1,743.946212121212,24.912515782828283,1,2.4989733059549053,0,0.0,2021,2021-24
2021-02-17,760.9729919433594,599.3770987166214,69.75284408784232,2021,1,518.3242424242424,24.41308396464646,1,2.4989733059549053,1,599.3770987166214,2021,2021-24
2021-02-18,749.4289978027343,599.4582945369291,69.7771705489504,2021,1,556.7102272727273,24.203464330808078,1,2.4989733059549053,1,599.4582945369291,2021,2021-24
2021-02-19,742.87099609375,599.6101363770838,69.8223482624368,2021,1,452.1132575757576,24.52185921717172,1,2.4989733059549053,1,599.6101363770838,2021,2021-24
2021-02-20,668.7630126953125,599.6101363770838,69.8223482624368,2021,1,583.5950757575758,24.78297821969697,1,2.4989733059549053,1,599.6101363770838,2021,2021-24
2021-02-21,673.2809997558594,599.6101363770838,69.8223482624368,2021,1,696.5742424242424,24.881912878787876,1,2.4989733059549053,0,0.0,2021,2021-24
2021-02-22,701.8529907226563,599.7377298089958,69.86057555846378,2021,1,785.9757575757576,24.850797032828282,1,2.4989733059549053,0,0.0,2021,2021-24
2021-02-23,732.256982421875,599.8015265249518,69.87968920647727,2021,1,654.8984848484848,24.724936868686868,1,2.4989733059549053,0,0.0,2021,2021-24
2021-02-24,673.8439880371094,599.8979910181022,69.90922848067993,2021,1,728.7674242424242,24.625291982323233,1,2.4989733059549053,0,0.0,2021,2021-24
2021-02-25,688.4699829101562,600.0081853456626,69.94224296361232,2021,1,692.2265151515152,24.685140467171717,1,2.4989733059549053,0,0.0,2021,2021-24
2021-02-26,685.15400390625,600.070585484098,69.9613566116258,2021,1,756.355303030303,24.46558554292929,1,2.4989733059549053,0,0.0,2021,2021-24
2021-02-27,686.1970031738281,600.070585484098,69.9613566116258,2021,1,582.2712121212121,23.98624526515152,1,2.4989733059549053,1,600.070585484098,2021,2021-24
2021-02-28,609.7149963378906,600.070585484098,69.9613566116258,2021,1,660.2435606060606,23.90995107323232,1,2.4989733059549053,0,0.0,2021,2021-24
2021-03-01,698.2779968261718,600.1981789160101,69.99958390765278,2021,1,663.5511363636364,23.76967329545455,1,2.4989733059549053,0,0.0,2021,2021-24
2021-03-02,660.0480041503906,600.2719663735439,70.02217276439599,2021,1,709.9628787878788,23.552722537878793,1,2.4989733059549053,0,0.0,2021,2021-24
2021-03-03,600.4399810791016,600.5184136587914,70.06908808224726,2021,1,856.1363636363636,23.142321654040405,1,2.4989733059549053,0,0.0,2021,2021-24
2021-03-04,634.6070007324219,600.5706109718462,70.08472652153102,2021,1,666.7378787878788,22.922837752525254,1,2.4989733059549053,0,0.0,2021,2021-24
2021-03-05,680.1830017089844,600.6961850065337,70.11774100446341,2021,1,540.8522727272727,22.831778724747476,1,2.4989733059549053,1,600.6961850065337,2021,2021-24
2021-03-06,617.1580078125,600.6961850065337,70.11774100446341,2021,1,648.4299242424242,23.267834595959595,1,2.4989733059549053,0,0.0,2021,2021-24
2021-03-07,567.5069946289062,600.6961850065337,70.11774100446341,2021,1,833.6761363636364,23.802122790404038,1,2.4989733059549053,0,0.0,2021,2021-24
2021-03-08,758.7910095214844,600.8179787369952,70.15423069612552,2021,1,522.2125,23.564417613636355,1,2.4989733059549053,1,600.8179787369952,2021,2021-24
2021-03-09,790.247998046875,601.0209682877643,70.2150468488957,2021,1,351.117803030303,23.249147727272724,1,2.4989733059549053,1,601.0209682877643,2021,2021-24
2021-03-10,690.2590026855469,601.1369623167752,70.24979893619295,2021,1,740.6098484848485,23.984469696969693,1,2.4989733059549053,0,0.0,2021,2021-24
2021-03-11,736.1320007324218,601.4841360164705,70.27238779293616,2021,1,689.6814393939394,23.88065814393939,1,2.4989733059549053,0,0.0,2021,2021-24
2021-03-12,804.6839965820312,603.0504389177879,70.30366467150368,2021,1,517.7886363636364,24.103385416666665,1,2.4989733059549053,1,603.0504389177879,2021,2021-24
2021-03-13,659.5590148925781,603.0504389177879,70.30366467150368,2021,1,677.2545454545455,23.06680871212121,1,2.4989733059549053,0,0.0,2021,2021-24
2021-03-14,655.3049926757812,603.0562386192385,70.30540227586854,2021,1,699.5037878787879,23.31377840909091,1,2.4989733059549053,0,0.0,2021,2021-24
2021-03-15,748.6019836425781,603.1954314540516,70.34710478062523,2021,1,656.9314393939394,23.853416982323235,1,2.4989733059549053,0,0.0,2021,2021-24
2021-03-16,713.3579956054688,603.305625781612,70.38011926355762,2021,1,566.1609848484848,23.421448863636368,1,2.4989733059549053,1,603.305625781612,2021,2021-24
2021-03-17,597.3969970703125,603.3800137763263,70.40270812030083,2021,1,789.0909090909091,23.20931976010101,1,2.4989733059549053,0,0.0,2021,2021-24
2021-03-18,698.9450012207031,603.4902081038867,70.43572260323322,2021,1,323.6818181818182,22.718560606060606,1,2.4989733059549053,1,603.4902081038867,2021,2021-24
2021-03-19,604.9339996337891,603.6120018343482,70.47221229489533,2021,1,829.2996212121212,23.16078756313131,1,2.4989733059549053,0,0.0,2021,2021-24
2021-03-20,591.0809844970703,603.6120018343482,70.47221229489533,2021,1,733.9609848484848,23.43147095959596,1,2.4989733059549053,0,0.0,2021,2021-24
2021-03-21,573.0869903564453,603.6120018343482,70.47221229489533,2021,1,769.332196969697,23.648871527777786,1,2.4989733059549053,0,0.0,2021,2021-24
2021-03-22,661.6430053710938,603.7917925793151,70.52607803020605,2021,1,774.5303030303031,23.84100378787879,1,2.4989733059549053,0,0.0,2021,2021-24
2021-03-23,699.3440063476562,603.8903875039745,70.55561730440871,2021,1,728.2064393939394,23.919894255050508,1,2.4989733059549053,0,0.0,2021,2021-24
2021-03-24,776.7380004882813,604.023780637337,70.59558220480054,2021,1,520.2840909090909,24.45748106060606,1,2.4989733059549053,1,604.023780637337,2021,2021-24
2021-03-25,751.9,604.0759779503919,70.6112206440843,2021,1,729.8848484848485,24.299487058080803,1,2.4989733059549053,0,0.0,2021,2021-24
2021-03-26,702.5659973144532,604.151374069249,70.63380950082751,2021,1,851.8704545454545,24.653937815656565,1,2.4989733059549053,0,0.0,2021,2021-24
2021-03-27,609.9839904785156,604.16297347215,70.63728470955724,2021,1,848.6742424242424,24.662878787878785,1,2.4989733059549053,0,0.0,2021,2021-24
2021-03-28,667.1380004882812,604.16297347215,70.63728470955724,2021,1,517.007196969697,24.102462121212113,1,2.4989733059549053,1,604.16297347215,2021,2021-24
2021-03-29,725.0089965820313,604.3148555141318,70.67898721431392,2021,1,689.739393939394,24.387105429292927,1,2.4989733059549053,0,0.0,2021,2021-24
2021-03-30,688.7190063476562,604.4134504387911,70.70852648851658,2021,1,830.6681818181818,24.40197285353535,1,2.4989733059549053,0,0.0,2021,2021-24
2021-03-31,697.3190002441406,604.5216236790868,70.74154097144897,2021,1,817.9678030303031,24.280003156565655,1,2.4989733059549053,0,0.0,2021,2021-24
2021-04-01,659.6770141601562,604.6318180066472,70.77455545438136,2021,2,897.8659090909092,24.00978535353535,2,2.4989733059549053,0,0.0,2021,2021-24
2021-04-02,665.143994140625,604.7072141255043,70.79714431112457,2021,2,743.667803030303,23.49644097222222,2,2.4989733059549053,0,0.0,2021,2021-24
2021-04-03,587.7110076904297,604.7072141255043,70.79714431112457,2021,2,785.0140151515152,23.512720959595956,2,2.4989733059549053,0,0.0,2021,2021-24
2021-04-04,564.0850036621093,604.7072141255043,70.79714431112457,2021,2,682.6117424242424,23.161908143939396,2,2.4989733059549053,0,0.0,2021,2021-24
2021-04-05,634.0630065917969,604.8348075574163,70.83537160715154,2021,2,785.1030303030303,23.38390940656566,2,2.4989733059549053,0,0.0,2021,2021-24
2021-04-06,605.4449951171875,604.9818281681049,70.87881171627309,2021,2,778.4477272727273,22.972222222222225,2,2.4989733059549053,0,0.0,2021,2021-24
2021-04-07,631.7679870605468,605.0978221971159,70.91356380357034,2021,2,822.7727272727273,22.96044034090909,2,2.4989733059549053,0,0.0,2021,2021-24
2021-04-08,590.1179809570312,605.1769643425846,70.93615266031355,2021,2,908.6234848484848,23.366240530303035,2,2.4989733059549053,0,0.0,2021,2021-24
2021-04-09,598.3159942626953,605.2175622527384,70.94831589086759,2021,2,926.2977272727272,22.9087831439394,2,2.4989733059549053,0,0.0,2021,2021-24
2021-04-10,599.4119995117187,605.2233619541889,70.95005349523245,2021,2,857.305303030303,23.120217803030304,2,2.4989733059549053,0,0.0,2021,2021-24
2021-04-11,597.7970031738281,605.2233619541889,70.95005349523245,2021,2,732.4234848484848,22.53188131313131,2,2.4989733059549053,0,0.0,2021,2021-24
2021-04-12,635.3699951171875,605.6940630097021,70.97611756070539,2021,2,876.0787878787878,23.047964015151518,2,2.4989733059549053,0,0.0,2021,2021-24
2021-04-13,609.677001953125,605.7810585314603,71.00218162617833,2021,2,885.0291666666666,23.428393308080803,2,2.4989733059549053,0,0.0,2021,2021-24
2021-04-14,617.9560119628907,605.9372323650889,71.0490969440296,2021,2,895.6503787878788,23.51499368686869,2,2.4989733059549053,0,0.0,2021,2021-24
2021-04-15,657.5109924316406,605.9952293795943,71.06647298767822,2021,2,847.4996212121212,23.746646148989896,2,2.4989733059549053,0,0.0,2021,2021-24
2021-04-16,684.7160034179688,606.1054237071547,71.09948747061061,2021,2,847.9007575757576,23.235156250000003,2,2.4989733059549053,0,0.0,2021,2021-24
2021-04-17,594.8419921875,606.1054237071547,71.09948747061061,2021,2,764.5382575757576,23.32627051767677,2,2.4989733059549053,0,0.0,2021,2021-24
2021-04-18,547.2040069580078,606.1054237071547,71.09948747061061,2021,2,937.7094696969696,24.164078282828285,2,2.4989733059549053,0,0.0,2021,2021-24
2021-04-19,700.0869934082032,607.7181242200764,71.14466518409702,2021,2,906.0291666666666,24.919460227272726,2,2.4989733059549053,0,0.0,2021,2021-24
2021-04-20,798.9460021972657,608.3476601120574,71.18115487575913,2021,2,603.1712121212121,25.030239898989894,2,2.4989733059549053,0,0.0,2021,2021-24
2021-04-21,725.2769958496094,608.4462550367167,71.2106941499618,2021,2,912.5787878787878,25.370296717171723,2,2.4989733059549053,0,0.0,2021,2021-24
2021-04-22,692.2029846191406,608.5262988974999,71.23502061106987,2021,2,913.0549242424242,25.148626893939394,2,2.4989733059549053,0,0.0,2021,2021-24
2021-04-23,703.8710083007812,608.6132944192582,71.26716629181982,2021,2,780.0666666666667,24.95181502525253,2,2.4989733059549053,0,0.0,2021,2021-24
2021-04-24,611.0840026855469,608.6132944192582,71.26716629181982,2021,2,878.558712121212,24.628432765151516,2,2.4989733059549053,0,0.0,2021,2021-24
2021-04-25,606.252001953125,608.6132944192582,71.26716629181982,2021,2,862.3295454545454,24.86511994949495,2,2.4989733059549053,0,0.0,2021,2021-24
2021-04-26,752.8919982910156,608.7988848656756,71.3227696314954,2021,2,764.7117424242424,24.86311553030303,2,2.4989733059549053,0,0.0,2021,2021-24
2021-04-27,740.2089965820312,608.8858803874339,71.34883369696834,2021,2,862.7958333333333,24.762326388888894,2,2.4989733059549053,0,0.0,2021,2021-24
2021-04-28,788.9050109863281,609.0114943259496,71.37142255371155,2021,2,712.2871212121212,24.45151515151515,2,2.4989733059549053,0,0.0,2021,2021-24
2021-04-29,722.1929992675781,609.0868904448066,71.39401141045477,2021,2,833.8189393939394,24.26157670454545,2,2.4989733059549053,0,0.0,2021,2021-24
2021-04-30,733.6570007324219,609.1680862651143,71.41833787156284,2021,2,690.0022727272728,24.776096906565652,2,2.4989733059549053,0,0.0,2021,2021-24
2021-05-01,664.0890075683594,609.1680862651143,71.41833787156284,2021,2,907.6890151515152,25.35698390151515,2,2.4989733059549053,0,0.0,2021,2021-24
2021-05-02,632.7860046386719,609.1962173346669,71.4200754759277,2021,2,802.4314393939394,25.06690340909091,2,2.4989733059549053,0,0.0,2021,2021-24
2021-05-03,717.4880004882813,610.2616848408638,71.4478771457655,2021,2,919.273106060606,25.343955176767683,2,2.4989733059549053,0,0.0,2021,2021-24
2021-05-04,734.8409973144531,610.3080824524682,71.4617779806844,2021,2,843.4306818181818,25.20251736111111,2,2.4989733059549053,0,0.0,2021,2021-24
2021-05-05,772.6410034179687,610.360279765523,71.47741641996816,2021,2,665.5007575757576,24.93148674242424,2,2.4989733059549053,0,0.0,2021,2021-24
2021-05-06,812.577001953125,610.4356758843801,71.50000527671138,2021,2,449.0643939393939,25.201862373737374,2,2.4989733059549053,1,610.4356758843801,2021,2021-24
2021-05-07,741.0199829101563,610.5458702119405,71.53301975964376,2021,2,742.4920454545454,25.29878472222222,2,2.4989733059549053,0,0.0,2021,2021-24
2021-05-08,627.2319946289062,610.5458702119405,71.53301975964376,2021,2,926.2954545454546,25.375544507575764,2,2.4989733059549053,0,0.0,2021,2021-24
2021-05-09,654.6220092773438,610.5458702119405,71.53301975964376,2021,2,715.1594696969697,25.387815656565653,2,2.4989733059549053,0,0.0,2021,2021-24
2021-05-10,737.7629760742187,610.5980675249954,71.54865819892753,2021,2,879.9992424242424,25.382307449494945,2,2.4989733059549053,0,0.0,2021,2021-24
2021-05-11,700.5210021972656,610.6792633453031,71.5729846600356,2021,2,924.9795454545454,25.25190183080808,2,2.4989733059549053,0,0.0,2021,2021-24
2021-05-12,701.97099609375,610.8847788836897,71.62163758225174,2021,2,886.4632575757576,24.950639204545457,2,2.4989733059549053,0,0.0,2021,2021-24
2021-05-13,722.9219970703125,610.931176495294,71.63553841717064,2021,2,848.6363636363636,24.84649621212121,2,2.4989733059549053,0,0.0,2021,2021-24
2021-05-14,705.87099609375,611.13575116601,71.65986487827871,2021,2,893.6477272727273,24.88809974747474,2,2.4989733059549053,0,0.0,2021,2021-24
2021-05-15,603.40400390625,611.1473505689111,71.66334008700844,2021,2,884.6223484848484,24.754427083333336,2,2.4989733059549053,0,0.0,2021,2021-24
2021-05-16,643.2699829101563,611.1683165861205,71.66681529573816,2021,2,687.3727272727273,24.507623106060603,2,2.4989733059549053,0,0.0,2021,2021-24
2021-05-17,656.8299987792968,611.2916491550146,71.70330498740027,2021,2,910.9704545454546,24.875631313131308,2,2.4989733059549053,0,0.0,2021,2021-24
2021-05-18,679.843994140625,611.4134428854761,71.73979467906238,2021,2,847.6545454545454,24.957157512626267,2,2.4989733059549053,0,0.0,2021,2021-24
2021-05-19,696.6210083007812,611.4888390043332,71.7623835358056,2021,2,801.4053030303031,24.96083491161616,2,2.4989733059549053,0,0.0,2021,2021-24
2021-05-20,716.8059936523438,611.5642351231902,71.78497239254881,2021,2,820.3041666666666,25.042897727272727,2,2.4989733059549053,0,0.0,2021,2021-24
2021-05-21,711.1029907226563,611.6628300478495,71.81451166675147,2021,2,810.4261363636364,24.74623579545455,2,2.4989733059549053,0,0.0,2021,2021-24
2021-05-22,651.3970092773437,611.6744294507506,71.8179868754812,2021,2,912.5310606060606,25.312547348484845,2,2.4989733059549053,0,0.0,2021,2021-24
2021-05-23,688.9370056152344,611.6744294507506,71.8179868754812,2021,2,820.1738636363636,25.52084122474747,2,2.4989733059549053,0,0.0,2021,2021-24
2021-05-24,831.9269897460938,611.816384213977,71.85968938023788,2021,2,835.2901515151516,25.709225063131314,2,2.4989733059549053,0,0.0,2021,2021-24
2021-05-25,816.7719909667969,611.9149791386363,71.88922865444054,2021,2,859.4727272727272,25.996709280303033,2,2.4989733059549053,0,0.0,2021,2021-24
2021-05-26,769.2429809570312,612.0609189202565,71.93440636792695,2021,2,885.571590909091,25.882938762626264,2,2.4989733059549053,0,0.0,2021,2021-24
2021-05-27,770.7940063476562,612.1769129492675,71.9691584552242,2021,2,862.3291666666668,25.74041982323232,2,2.4989733059549053,0,0.0,2021,2021-24
2021-05-28,745.6759826660157,612.2274883916274,71.98479689450797,2021,2,901.3575757575758,25.84804292929293,2,2.4989733059549053,0,0.0,2021,2021-24
2021-05-29,689.589990234375,612.2274883916274,71.98479689450797,2021,2,853.6746212121212,25.820762310606057,2,2.4989733059549053,0,0.0,2021,2021-24
2021-05-30,668.5700073242188,612.244887495979,71.99000970760255,2021,2,860.2655303030303,26.031936553030306,2,2.4989733059549053,0,0.0,2021,2021-24
2021-05-31,694.5409973144531,612.244887495979,71.99000970760255,2021,2,927.2905303030302,26.63832859848485,2,2.4989733059549053,0,0.0,2021,2021-24
2021-06-01,802.1059997558593,612.3750069155086,72.01607377307549,2021,2,906.7416666666666,26.627383207070707,2,2.4989733059549053,0,0.0,2021,2021-24
2021-06-02,790.1699951171875,612.5084000488712,72.05603867346731,2021,2,914.394696969697,26.35842013888889,2,2.4989733059549053,0,0.0,2021,2021-24
2021-06-03,799.6960021972657,613.5261073383047,72.10642920004831,2021,2,835.8189393939394,25.95067077020202,2,2.4989733059549053,0,0.0,2021,2021-24
2021-06-04,764.289013671875,613.7350648830377,72.13075566115639,2021,2,861.5045454545455,26.313809974747475,2,2.4989733059549053,0,0.0,2021,2021-24
2021-06-05,697.0380004882812,613.7350648830377,72.13075566115639,2021,2,872.6685606060606,26.130792297979806,2,2.4989733059549053,0,0.0,2021,2021-24
2021-06-06,655.5339965820312,613.7466642859388,72.13423086988611,2021,2,830.2689393939394,25.960282512626264,2,2.4989733059549053,0,0.0,2021,2021-24
2021-06-07,760.6690002441406,613.8779269877924,72.17419577027793,2021,2,905.4912878787878,26.021669823232326,2,2.4989733059549053,0,0.0,2021,2021-24
2021-06-08,750.902001953125,613.9823216139023,72.20547264884546,2021,2,901.0299242424242,25.998800505050507,2,2.4989733059549053,0,0.0,2021,2021-24
2021-06-09,746.0410034179688,614.0867162400122,72.23674952741298,2021,2,899.5655303030304,25.779537563131314,2,2.4989733059549053,0,0.0,2021,2021-24
2021-06-10,741.1300048828125,614.4801981056008,72.26628880161564,2021,2,924.0943181818182,25.750789141414142,2,2.4989733059549053,0,0.0,2021,2021-24
2021-06-11,744.31201171875,614.5555942244579,72.28887765835886,2021,2,819.0344696969697,25.68531407828283,2,2.4989733059549053,0,0.0,2021,2021-24
2021-06-12,649.7579956054688,614.5555942244579,72.28887765835886,2021,2,876.5526515151516,25.630437184343435,2,2.4989733059549053,0,0.0,2021,2021-24
2021-06-13,648.1610046386719,614.5613939259084,72.29061526272372,2021,2,702.1132575757575,25.505066287878787,2,2.4989733059549053,0,0.0,2021,2021-24
2021-06-14,710.5910034179688,614.7527840737764,72.34795620676417,2021,2,937.4723484848485,25.707473169191918,2,2.4989733059549053,0,0.0,2021,2021-24
2021-06-15,782.5559997558594,614.8745778042379,72.38444589842628,2021,2,768.3132575757576,25.98036616161616,2,2.4989733059549053,0,0.0,2021,2021-24
2021-06-16,740.0299987792969,615.0659679521059,72.44178684246673,2021,2,921.9242424242424,26.19355271464646,2,2.4989733059549053,0,0.0,2021,2021-24
2021-06-17,788.5410095214844,615.1413640709629,72.46437569920994,2021,2,862.1537878787879,26.02619160353535,2,2.4989733059549053,0,0.0,2021,2021-24
2021-06-18,743.1069885253906,615.2051607869189,72.48348934722343,2021,2,933.0916666666666,26.05709438131313,2,2.4989733059549053,0,0.0,2021,2021-24
2021-06-19,707.4789916992188,615.2051607869189,72.48348934722343,2021,2,832.633712121212,25.79423137626263,2,2.4989733059549053,0,0.0,2021,2021-24
2021-06-20,656.8819885253906,615.2051607869189,72.48348934722343,2021,2,812.3674242424242,25.66803188131313,2,2.4989733059549053,0,0.0,2021,2021-24
2021-06-21,768.9950012207031,615.3733521289847,72.53387987380442,2021,2,836.0325757575758,26.098398042929293,2,2.4989733059549053,0,0.0,2021,2021-24
2021-06-22,750.043994140625,615.4951458594462,72.57036956546654,2021,2,908.276893939394,26.034966856060606,2,2.4989733059549053,0,0.0,2021,2021-24
2021-06-23,777.9869995117188,615.5763416797539,72.59469602657461,2021,2,770.4511363636364,26.003495896464646,2,2.4989733059549053,0,0.0,2021,2021-24
2021-06-24,781.6529968261718,615.6674127285645,72.62076009204755,2021,2,772.5689393939394,26.271732954545456,2,2.4989733059549053,0,0.0,2021,2021-24
2021-06-25,781.7529968261719,615.8124052648282,72.6642002011691,2021,2,890.125,26.27234848484849,2,2.4989733059549053,0,0.0,2021,2021-24
2021-06-26,719.1760070800781,615.8124052648282,72.6642002011691,2021,2,889.6068181818182,26.313628472222224,2,2.4989733059549053,0,0.0,2021,2021-24
2021-06-27,688.2570007324218,615.8298043691798,72.66941301426368,2021,2,833.1473484848484,26.664843750000003,2,2.4989733059549053,0,0.0,2021,2021-24
2021-06-28,760.3990051269532,615.9631975025424,72.7093779146555,2021,2,932.9848484848484,26.560132575757574,2,2.4989733059549053,0,0.0,2021,2021-24
2021-06-29,776.1460021972656,616.0617924272017,72.73891718885817,2021,2,931.9431818181818,26.596093749999998,2,2.4989733059549053,0,0.0,2021,2021-24
2021-06-30,801.2489990234375,616.2698339532059,72.77366927615542,2021,2,860.7810606060606,26.56166351010101,2,2.4989733059549053,0,0.0,2021,2021-24
2021-07-01,769.8,616.6325451832075,72.89747358715185,2021,3,811.5075757575758,26.471212121212123,3,2.4989733059549053,0,0.0,2021,2021-24
2021-07-02,808.7699951171875,616.6847424962624,72.95611773446595,2021,3,797.8545454545454,26.5931976010101,3,2.4989733059549053,0,0.0,2021,2021-24
2021-07-03,718.731005859375,616.6847424962624,72.95611773446595,2021,3,777.2015151515151,26.255429292929296,3,2.4989733059549053,0,0.0,2021,2021-24
2021-07-04,683.0539978027343,616.6847424962624,72.95611773446595,2021,3,674.8450757575757,26.184982638888886,3,2.4989733059549053,0,0.0,2021,2021-24
2021-07-05,679.7139831542969,616.6847424962624,72.95611773446595,2021,3,917.7443181818182,26.335882260101013,3,2.4989733059549053,0,0.0,2021,2021-24
2021-07-06,774.710986328125,616.8761326441304,73.17114627461764,2021,3,903.857196969697,26.32271148989899,3,2.4989733059549053,0,0.0,2021,2021-24
2021-07-07,747.0559936523438,617.0153254789435,73.32753066745524,2021,3,899.0045454545456,26.064693813131314,3,2.4989733059549053,0,0.0,2021,2021-24
2021-07-08,780.7939758300781,617.200915925361,73.53604319123869,2021,3,840.4522727272728,26.4022095959596,3,2.4989733059549053,0,0.0,2021,2021-24
2021-07-09,752.4039794921875,617.2821117456687,73.62726742039395,2021,3,912.540909090909,26.628606376262624,3,2.4989733059549053,0,0.0,2021,2021-24
2021-07-10,719.0129821777343,617.2821117456687,73.62726742039395,2021,3,843.5170454545456,26.581589330808086,3,2.4989733059549053,0,0.0,2021,2021-24
2021-07-11,695.2449951171875,617.2821117456687,73.62726742039395,2021,3,760.2382575757576,26.24572285353535,3,2.4989733059549053,0,0.0,2021,2021-24
2021-07-12,817.1630187988281,617.4271042819323,73.79016782959978,2021,3,707.3549242424242,26.440277777777776,3,2.4989733059549053,0,0.0,2021,2021-24
2021-07-13,797.914990234375,617.596820794918,73.95306823880561,2021,3,822.0890151515152,26.43651357323232,3,2.4989733059549053,0,0.0,2021,2021-24
2021-07-14,817.1959716796875,617.7360136297311,74.10945263164321,2021,3,812.4310606060606,26.482007575757578,3,2.4989733059549053,0,0.0,2021,2021-24
2021-07-15,792.3279968261719,618.2890463379065,74.187644828062,2021,3,925.9568181818182,26.6467803030303,3,2.4989733059549053,0,0.0,2021,2021-24
2021-07-16,786.6829956054687,618.4166397698185,74.33099718816314,2021,3,848.9276515151516,26.56869476010101,3,2.4989733059549053,0,0.0,2021,2021-24
2021-07-17,723.4530029296875,618.4166397698185,74.33099718816314,2021,3,813.5147727272727,26.414220328282827,3,2.4989733059549053,0,0.0,2021,2021-24
2021-07-18,701.4340087890625,618.4224394712691,74.33751320453138,2021,3,751.9685606060606,26.337776199494954,3,2.4989733059549053,0,0.0,2021,2021-24
2021-07-19,789.0289978027344,618.4804364857745,74.40267336821371,2021,3,872.614393939394,26.31908143939394,3,2.4989733059549053,0,0.0,2021,2021-24
2021-07-20,790.7179931640625,618.6080299176865,74.54602572831485,2021,3,846.0897727272728,26.323918876262624,3,2.4989733059549053,0,0.0,2021,2021-24
2021-07-21,824.7119934082032,618.7414230510491,74.6958941047842,2021,3,582.2420454545455,26.263036616161614,3,2.4989733059549053,1,618.7414230510491,2021,2021-24
2021-07-22,801.0989990234375,618.8597047874634,74.74802223573006,2021,3,673.1280303030303,26.32174873737374,3,2.4989733059549053,0,0.0,2021,2021-24
2021-07-23,796.3699890136719,618.9814985179249,74.88485857946296,2021,3,803.1174242424242,26.234651199494948,3,2.4989733059549053,0,0.0,2021,2021-24
2021-07-24,750.4640014648437,619.0626943382326,74.97608280861822,2021,3,885.5416666666666,26.619728535353534,3,2.4989733059549053,0,0.0,2021,2021-24
2021-07-25,769.0539978027343,619.0663636081742,74.98259882498645,2021,3,886.301893939394,26.854016729797976,3,2.4989733059549053,0,0.0,2021,2021-24
2021-07-26,816.1159851074219,619.298351666196,75.24454268298942,2021,3,868.6670454545454,26.644191919191915,3,2.4989733059549053,0,0.0,2021,2021-24
2021-07-27,804.9160034179688,619.4995265339085,75.46608723950935,2021,3,788.8704545454545,26.501807133838383,3,2.4989733059549053,0,0.0,2021,2021-24
2021-07-28,887.9200134277344,619.6597877430148,75.64853569781988,2021,3,543.6261363636364,26.49021464646465,3,2.4989733059549053,1,619.6597877430148,2021,2021-24
2021-07-29,828.4840087890625,619.8806125608315,75.84401618886687,2021,3,698.867803030303,26.668016098484852,3,2.4989733059549053,0,0.0,2021,2021-24
2021-07-30,800.6199951171875,620.0140056941941,75.99388456533623,2021,3,921.042803030303,26.825828598484847,3,2.4989733059549053,0,0.0,2021,2021-24
2021-07-31,714.552001953125,620.0198053956447,76.00040058170447,2021,3,883.5276515151515,26.710503472222225,3,2.4989733059549053,0,0.0,2021,2021-24
2021-08-01,677.2019958496094,620.0198053956447,76.00040058170447,2021,3,834.6473484848484,26.53923611111111,3,2.4989733059549053,0,0.0,2021,2021-24
2021-08-02,761.8870056152343,620.1763973348094,76.17633302364676,2021,3,917.489393939394,26.413415404040403,3,2.4989733059549053,0,0.0,2021,2021-24
2021-08-03,746.98798828125,620.2981910652709,76.31316936737966,2021,3,922.4382575757576,26.226136363636368,3,2.4989733059549053,0,0.0,2021,2021-24
2021-08-04,766.4590026855469,620.4141850942818,76.44348969474431,2021,3,875.4064393939394,26.28074494949495,3,2.4989733059549053,0,0.0,2021,2021-24
2021-08-05,793.1410095214844,620.4721821087873,76.50864985842665,2021,3,749.946590909091,26.462010732323233,3,2.4989733059549053,0,0.0,2021,2021-24
2021-08-06,767.6260070800781,620.5707770334466,76.61942213668661,2021,3,941.048106060606,26.569270833333338,3,2.4989733059549053,0,0.0,2021,2021-24
2021-08-07,712.9109985351563,620.581529098782,76.63245416942307,2021,3,907.4003787878788,26.451830808080803,3,2.4989733059549053,0,0.0,2021,2021-24
2021-08-08,701.35400390625,620.581529098782,76.63245416942307,2021,3,845.0973484848485,26.52896148989899,3,2.4989733059549053,0,0.0,2021,2021-24
2021-08-09,775.2860168457031,620.836715962606,76.91915888962532,2021,3,943.3492424242424,26.666098484848487,3,2.4989733059549053,0,0.0,2021,2021-24
2021-08-10,860.7920166015625,620.9295111858148,77.02341515151706,2021,3,818.6617424242424,26.813360164141415,3,2.4989733059549053,0,0.0,2021,2021-24
2021-08-11,842.5049926757813,621.1035022293312,77.21889564256405,2021,3,774.6117424242424,26.973240214646466,3,2.4989733059549053,0,0.0,2021,2021-24
2021-08-12,794.8559875488281,621.1846980496389,77.31011987171931,2021,3,941.3223484848484,26.67967960858586,3,2.4989733059549053,0,0.0,2021,2021-24
2021-08-13,798.0529846191406,621.3006920786498,77.44044019908397,2021,3,890.7602272727272,26.628472222222225,3,2.4989733059549053,0,0.0,2021,2021-24
2021-08-14,746.0929992675781,621.3006920786498,77.44044019908397,2021,3,867.0662878787878,26.68247316919192,3,2.4989733059549053,0,0.0,2021,2021-24
2021-08-15,684.8020080566406,621.3064917801004,77.4469562154522,2021,3,946.169696969697,26.677201704545457,3,2.4989733059549053,0,0.0,2021,2021-24
2021-08-16,854.6569885253906,621.4050867047597,77.55772849371216,2021,3,773.7882575757576,26.513099747474744,3,2.4989733059549053,0,0.0,2021,2021-24
2021-08-17,860.2099975585937,621.5781704067477,77.75320898475915,2021,3,664.8287878787879,26.42616792929293,3,2.4989733059549053,0,0.0,2021,2021-24
2021-08-18,794.7700073242188,621.7803810046736,77.86398126301911,2021,3,899.3371212121212,26.810085227272733,3,2.4989733059549053,0,0.0,2021,2021-24
2021-08-19,815.2089965820312,621.9427726452889,78.04642972132964,2021,3,806.7166666666666,26.81220012626262,3,2.4989733059549053,0,0.0,2021,2021-24
2021-08-20,764.1,622.1399624946074,78.26797427784958,2021,3,896.9371212121212,26.93031092171717,3,2.4989733059549053,0,0.0,2021,2021-24
2021-08-21,757.5469787597656,622.145762196058,78.27449029421781,2021,3,749.3507575757576,26.719996843434345,3,2.4989733059549053,0,0.0,2021,2021-24
2021-08-22,735.9569885253907,622.145762196058,78.27449029421781,2021,3,882.3916666666667,26.83745265151515,3,2.4989733059549053,0,0.0,2021,2021-24
2021-08-23,926.0779968261719,622.2153586134644,78.35268249063661,2021,3,637.4234848484848,26.955255681818183,3,2.4989733059549053,0,0.0,2021,2021-24
2021-08-24,820.6209899902344,622.3951493584314,78.55467899805184,2021,3,823.1496212121212,26.68380681818182,3,2.4989733059549053,0,0.0,2021,2021-24
2021-08-25,765.6249938964844,622.712165395334,78.73712745636237,2021,3,890.632196969697,26.557204861111106,3,2.4989733059549053,0,0.0,2021,2021-24
2021-08-26,762.9180053710937,622.8449669356204,78.89351184919997,2021,3,815.0204545454546,26.356502525252523,3,2.4989733059549053,0,0.0,2021,2021-24
2021-08-27,743.5799926757812,623.2885376756537,79.04989624203756,2021,3,924.857196969697,26.37506313131313,3,2.4989733059549053,0,0.0,2021,2021-24
2021-08-28,701.0690002441406,623.3059367800054,79.06944429114226,2021,3,868.964393939394,26.506463068181816,3,2.4989733059549053,0,0.0,2021,2021-24
2021-08-29,696.0320007324219,623.3059367800054,79.06944429114226,2021,3,838.4575757575758,26.196914457070708,3,2.4989733059549053,0,0.0,2021,2021-24
2021-08-30,831.2530090332032,623.4103314061152,79.18673258577046,2021,3,835.8549242424242,26.20475852272727,3,2.4989733059549053,0,0.0,2021,2021-24
2021-08-31,806.49599609375,623.5495242409283,79.34311697860805,2021,3,818.2435606060606,26.192629419191917,3,2.4989733059549053,0,0.0,2021,2021-24
2021-09-01,792.8369995117188,623.7878308128845,79.5907256006009,2021,3,798.9613636363636,26.616082702020204,3,2.4989733059549053,0,0.0,2021,2021-24
2021-09-02,821.675,624.0892639407721,79.83181820622553,2021,3,884.726893939394,26.90878314393939,3,2.4989733059549053,0,0.0,2021,2021-24
2021-09-03,798.7970031738281,624.2400561784863,80.00123463179959,2021,3,849.8727272727272,26.640009469696974,3,2.4989733059549053,0,0.0,2021,2021-24
2021-09-04,712.8990051269532,624.2400561784863,80.00123463179959,2021,3,821.4443181818182,26.16660353535353,3,2.4989733059549053,0,0.0,2021,2021-24
2021-09-05,659.8639953613281,624.2400561784863,80.00123463179959,2021,3,881.1886363636364,26.309232954545454,3,2.4989733059549053,0,0.0,2021,2021-24
2021-09-06,709.5059936523437,624.2574552828379,80.02078268090429,2021,3,865.8818181818182,26.30933554292929,3,2.4989733059549053,0,0.0,2021,2021-24
2021-09-07,774.9269897460938,624.5416406539147,80.34006748294772,2021,3,911.0590909090909,26.361845012626265,3,2.4989733059549053,0,0.0,2021,2021-24
2021-09-08,779.1509948730469,624.6982325930794,80.51599992489001,2021,3,868.290909090909,26.567069128787878,3,2.4989733059549053,0,0.0,2021,2021-24
2021-09-09,800.385986328125,624.8664239351452,80.70496439956877,2021,3,804.9098484848485,26.580153093434344,3,2.4989733059549053,0,0.0,2021,2021-24
2021-09-10,823.7170043945313,625.0326982370705,80.87438082514282,2021,3,669.1924242424242,25.90185448232323,3,2.4989733059549053,0,0.0,2021,2021-24
2021-09-11,712.15,625.0442976399715,80.88741285787928,2021,3,836.9246212121212,26.29195075757576,3,2.4989733059549053,0,0.0,2021,2021-24
2021-09-12,717.8080017089844,625.0442976399715,80.88741285787928,2021,3,787.6469696969697,26.410471906565657,3,2.4989733059549053,0,0.0,2021,2021-24
2021-09-13,784.0089904785157,625.2182886834879,81.08289334892628,2021,3,841.4871212121212,26.35496369949495,3,2.4989733059549053,0,0.0,2021,2021-24
2021-09-14,764.1090026855469,625.4270779357075,81.31746993818267,2021,3,861.1564393939394,26.27914299242425,3,2.4989733059549053,0,0.0,2021,2021-24
2021-09-15,802.7840026855469,625.5546713676196,81.4608222982838,2021,3,804.4060606060606,26.40291982323232,3,2.4989733059549053,0,0.0,2021,2021-24
2021-09-16,847.0889953613281,625.7054636053338,81.63023872385786,2021,3,696.7992424242424,26.978322285353542,3,2.4989733059549053,0,0.0,2021,2021-24
2021-09-17,827.2709899902344,625.8156579328942,81.75404303485429,2021,3,662.0719696969697,26.62718592171717,3,2.4989733059549053,0,0.0,2021,2021-24
2021-09-18,706.1450134277344,625.8156579328942,81.75404303485429,2021,3,846.6564393939394,26.353164457070708,3,2.4989733059549053,0,0.0,2021,2021-24
2021-09-19,710.0289916992188,625.8214576343447,81.76055905122253,2021,3,810.2738636363636,26.63175505050505,3,2.4989733059549053,0,0.0,2021,2021-24
2021-09-20,791.0109985351562,626.1520406170258,82.13197198421182,2021,3,828.3685606060606,26.78188131313131,3,2.4989733059549053,0,0.0,2021,2021-24
2021-09-21,820.3630065917969,626.3287813580557,82.32745247525881,2021,3,735.1090909090909,26.641090593434342,3,2.4989733059549053,0,0.0,2021,2021-24
2021-09-22,771.5749877929687,626.4809232911109,82.49686890083287,2021,3,860.8068181818182,26.452406881313134,3,2.4989733059549053,0,0.0,2021,2021-24
2021-09-23,825.3390075683594,626.6955122447811,82.7379615064575,2021,3,698.8871212121212,26.3636047979798,3,2.4989733059549053,0,0.0,2021,2021-24
2021-09-24,812.25400390625,626.8579038853964,82.92040996476803,2021,3,791.7068181818182,26.244791666666668,3,2.4989733059549053,0,0.0,2021,2021-24
2021-09-25,756.8799926757813,626.8695032882974,82.93344199750449,2021,3,727.0681818181818,26.473989898989903,3,2.4989733059549053,0,0.0,2021,2021-24
2021-09-26,750.8130004882812,626.875302989748,82.93995801387273,2021,3,856.373106060606,26.682828282828282,3,2.4989733059549053,0,0.0,2021,2021-24
2021-09-27,837.7460021972656,627.0434943318138,83.12892248855148,2021,3,841.9439393939394,26.43231534090909,3,2.4989733059549053,0,0.0,2021,2021-24
2021-09-28,815.881005859375,627.2232850767807,83.33091899596671,2021,3,755.0200757575758,26.341556186868686,3,2.4989733059549053,0,0.0,2021,2021-24
2021-09-29,817.59599609375,627.4900713435059,83.63065574890544,2021,3,794.9,26.436931818181815,3,2.4989733059549053,0,0.0,2021,2021-24
2021-09-30,823.9669982910157,627.6234644768684,83.7805241253748,2021,3,754.2886363636364,26.271480429292925,3,2.4989733059549053,0,0.0,2021,2021-24
2021-10-01,791.4359985351563,627.7742567145826,83.94994055094885,2021,4,862.9291666666666,26.530105744949495,4,2.4989733059549053,0,0.0,2021,2021-24
2021-10-02,771.9940124511719,627.7916558189343,83.96948860005355,2021,4,769.7060606060606,26.51358112373737,4,2.4989733059549053,0,0.0,2021,2021-24
2021-10-03,743.6050109863281,627.7916558189343,83.96948860005355,2021,4,749.6587121212121,26.319854797979797,4,2.4989733059549053,0,0.0,2021,2021-24
2021-10-04,814.5450012207032,627.9598471610001,84.15845307473231,2021,4,789.9810606060606,26.374565972222218,4,2.4989733059549053,0,0.0,2021,2021-24
2021-10-05,794.8429870605469,628.1164391001648,84.3343855166746,2021,4,808.182196969697,26.4849273989899,4,2.4989733059549053,0,0.0,2021,2021-24
2021-10-06,772.1270080566406,628.2556319349779,84.4907699095122,2021,4,821.4109848484848,26.29796401515151,4,2.4989733059549053,0,0.0,2021,2021-24
2021-10-07,757.4720031738282,628.7945780448025,84.75792658060975,2021,4,826.2492424242424,26.267621527777777,4,2.4989733059549053,0,0.0,2021,2021-24
2021-10-08,761.2930053710937,628.9664386568099,84.95340707165674,2021,4,821.9136363636364,26.07436079545455,4,2.4989733059549053,0,0.0,2021,2021-24
2021-10-09,727.4520080566406,628.978038059711,84.9664391043932,2021,4,526.6204545454545,25.9153961489899,4,2.4989733059549053,1,628.978038059711,2021,2021-24
2021-10-10,667.8050048828125,628.9829904235959,84.97295512076144,2021,4,772.7996212121212,25.78473011363636,4,2.4989733059549053,0,0.0,2021,2021-24
2021-10-11,765.708984375,629.1569814671122,85.16843561180843,2021,4,773.616287878788,26.079513888888883,4,2.4989733059549053,0,0.0,2021,2021-24
2021-10-12,859.1529968261718,629.2555763917716,85.27920789006839,2021,4,670.7628787878788,26.405381944444443,4,2.4989733059549053,0,0.0,2021,2021-24
2021-10-13,837.6640014648438,629.3831698236836,85.42256025016952,2021,4,677.1511363636364,26.185266729797984,4,2.4989733059549053,0,0.0,2021,2021-24
2021-10-14,794.4270202636719,629.6673551947604,85.74184505221295,2021,4,727.2753787878788,25.777556818181818,4,2.4989733059549053,0,0.0,2021,2021-24
2021-10-15,751.7579833984375,629.800748328123,85.89171342868231,2021,4,765.2977272727273,25.60722853535354,4,2.4989733059549053,0,0.0,2021,2021-24
2021-10-16,709.1730041503906,629.8239471339251,85.91777749415525,2021,4,649.0064393939394,25.583104482323233,4,2.4989733059549053,0,0.0,2021,2021-24
2021-10-17,688.4899963378906,629.8297468353757,85.92429351052348,2021,4,666.5212121212121,25.860692866161614,4,2.4989733059549053,0,0.0,2021,2021-24
2021-10-18,764.3279907226563,630.0153372817931,86.13280603430694,2021,4,791.7227272727273,25.915774936868686,4,2.4989733059549053,0,0.0,2021,2021-24
2021-10-19,756.2730041503906,630.1081325050019,86.23706229619867,2021,4,791.2897727272727,25.52425031565657,4,2.4989733059549053,0,0.0,2021,2021-24
2021-10-20,724.5119995117187,630.2995226528699,86.45209083635037,2021,4,814.8837121212122,25.389827967171716,4,2.4989733059549053,0,0.0,2021,2021-24
2021-10-21,826.1180114746094,630.4619142934852,86.6345392946609,2021,4,681.814393939394,25.675552398989897,4,2.4989733059549053,0,0.0,2021,2021-24
2021-10-22,793.5770080566406,630.693902351507,86.89517994939023,2021,4,717.9617424242424,26.138068181818184,4,2.4989733059549053,0,0.0,2021,2021-24
2021-10-23,690.802978515625,630.693902351507,86.89517994939023,2021,4,791.382196969697,26.030381944444446,4,2.4989733059549053,0,0.0,2021,2021-24
2021-10-24,708.4809936523437,630.6997020529575,86.90169596575846,2021,4,712.1132575757576,25.947545770202023,4,2.4989733059549053,0,0.0,2021,2021-24
2021-10-25,791.3969909667969,630.896891902276,87.1232405222784,2021,4,739.5829545454546,26.019996843434345,4,2.4989733059549053,0,0.0,2021,2021-24
2021-10-26,784.4380004882812,631.0476841399902,87.29265694785245,2021,4,780.9337121212121,26.0652619949495,4,2.4989733059549053,0,0.0,2021,2021-24
2021-10-27,816.0749877929687,631.2100757806055,87.47510540616298,2021,4,742.8344696969697,25.859114583333334,4,2.4989733059549053,0,0.0,2021,2021-24
2021-10-28,818.3169982910156,631.4482191923584,87.71619801178761,2021,4,603.9238636363636,25.856889204545453,4,2.4989733059549053,0,0.0,2021,2021-24
2021-10-29,804.8320068359375,631.668607847479,87.96380663378046,2021,4,711.3537878787879,26.111821338383837,4,2.4989733059549053,0,0.0,2021,2021-24
2021-10-30,738.0700012207031,631.7542241461174,87.9703226501487,2021,4,762.9276515151515,25.689843750000005,4,2.4989733059549053,0,0.0,2021,2021-24
2021-10-31,715.410009765625,631.7600238475679,87.97683866651694,2021,4,725.1916666666666,25.78884154040404,4,2.4989733059549053,0,0.0,2021,2021-24
2021-11-01,825.6999938964843,631.9245146930642,88.15928712482747,2021,4,722.6344696969697,26.09000946969697,4,2.4989733059549053,0,0.0,2021,2021-24
2021-11-02,876.8120178222656,632.1449033481849,88.40689574682033,2021,4,600.7969696969697,26.042495265151512,4,2.4989733059549053,0,0.0,2021,2021-24
2021-11-03,824.9629943847656,632.340064037845,88.62844030334026,2021,4,710.917803030303,26.234398674242424,4,2.4989733059549053,0,0.0,2021,2021-24
2021-11-04,824.3150024414062,632.531454185713,88.84346884349195,2021,4,715.2215909090909,26.44771148989899,4,2.4989733059549053,0,0.0,2021,2021-24
2021-11-05,827.8279968261719,632.7248724080059,89.05849738364364,2021,4,691.5238636363636,26.333499053030305,4,2.4989733059549053,0,0.0,2021,2021-24
2021-11-06,759.5140075683594,632.7306721094565,89.06501340001188,2021,4,701.2007575757576,26.219547032828277,4,2.4989733059549053,0,0.0,2021,2021-24
2021-11-07,722.7030029296875,632.7306721094565,89.06501340001188,2021,4,705.9681818181818,25.964472853535355,4,2.4989733059549053,0,0.0,2021,2021-24
2021-11-08,813.5509948730469,632.8988634515223,89.25397787469063,2021,4,680.3113636363636,25.688936237373735,4,2.4989733059549053,0,0.0,2021,2021-24
2021-11-09,822.6330139160157,633.0902535993903,89.46900641484233,2021,4,593.2469696969697,25.914827967171714,4,2.4989733059549053,0,0.0,2021,2021-24
2021-11-10,767.9440124511718,634.11460792784,89.66448690588932,2021,4,742.9215909090909,25.713005050505046,4,2.4989733059549053,0,0.0,2021,2021-24
2021-11-11,750.3360046386719,634.178404643796,89.73616308593988,2021,4,683.6344696969697,25.958664772727275,4,2.4989733059549053,0,0.0,2021,2021-24
2021-11-12,784.1900024414062,634.2885989713564,89.85996739693631,2021,4,712.2935606060606,25.73426452020202,4,2.4989733059549053,0,0.0,2021,2021-24
2021-11-13,742.5300109863281,634.2943986728069,89.86648341330455,2021,4,585.9950757575758,26.151578282828282,4,2.4989733059549053,1,634.2943986728069,2021,2021-24
2021-11-14,784.3080017089844,634.3001983742574,89.87299942967279,2021,4,280.13219696969696,25.665522411616163,4,2.4989733059549053,1,634.3001983742574,2021,2021-24
2021-11-15,869.6150024414062,634.4683897163233,90.06196390435154,2021,4,254.6693181818182,25.91938131313132,4,2.4989733059549053,1,634.4683897163233,2021,2021-24
2021-11-16,875.6549987792969,634.6539801627407,90.270476428135,2021,4,454.1564393939394,26.12146464646465,4,2.4989733059549053,1,634.6539801627407,2021,2021-24
2021-11-17,852.4969970703125,634.8917679222131,90.53763309923255,2021,4,696.0977272727273,26.26168718434344,4,2.4989733059549053,0,0.0,2021,2021-24
2021-11-18,866.42001953125,635.1353553831361,90.81130578669834,2021,4,688.242803030303,26.351554608585857,4,2.4989733059549053,0,0.0,2021,2021-24
2021-11-19,824.3740051269531,635.3093464266525,91.00678627774533,2021,4,695.6359848484848,26.371141098484852,4,2.4989733059549053,0,0.0,2021,2021-24
2021-11-20,756.8230041503906,635.315146128103,91.01330229411357,2021,4,677.6594696969697,26.219026199494948,4,2.4989733059549053,0,0.0,2021,2021-24
2021-11-21,714.7100036621093,635.315146128103,91.01330229411357,2021,4,711.7511363636364,26.187239583333334,4,2.4989733059549053,0,0.0,2021,2021-24
2021-11-22,857.6579956054687,635.4485392614656,91.16317067058293,2021,4,585.4325757575758,25.87630997474747,4,2.4989733059549053,1,635.4485392614656,2021,2021-24
2021-11-23,802.5960021972656,635.5935317977293,91.32607107978876,2021,4,707.1265151515152,26.02524463383838,4,2.4989733059549053,0,0.0,2021,2021-24
2021-11-24,797.614013671875,635.750123736894,91.50200352173106,2021,4,676.0034090909091,25.578101325757572,4,2.4989733059549053,0,0.0,2021,2021-24
2021-11-25,785.5910217285157,635.7559234383446,91.50851953809929,2021,4,686.4958333333334,25.80830965909091,4,2.4989733059549053,0,0.0,2021,2021-24
2021-11-26,712.0550109863282,635.8197201543005,91.58019571814985,2021,4,704.7935606060606,25.06893150252525,4,2.4989733059549053,0,0.0,2021,2021-24
2021-11-27,721.3930114746094,635.825519855751,91.58671173451809,2021,4,636.9075757575758,24.743118686868684,4,2.4989733059549053,0,0.0,2021,2021-24
2021-11-28,718.8199951171875,635.8313195572016,91.59322775088633,2021,4,640.1022727272727,24.6830965909091,4,2.4989733059549053,0,0.0,2021,2021-24
2021-11-29,777.7159912109375,636.016910003619,91.80174027466978,2021,4,490.0306818181818,25.03941761363637,4,2.4989733059549053,1,636.016910003619,2021,2021-24
2021-11-30,797.1070068359375,636.1851013456849,91.99070474934854,2021,4,589.2799242424242,25.777043876262624,4,2.4989733059549053,1,636.1851013456849,2021,2021-24
2021-12-01,812.1429870605468,636.4054900008056,92.23831337134139,2021,4,633.8541666666667,25.862878787878785,4,2.4989733059549053,0,0.0,2021,2021-24
2021-12-02,804.4119995117187,636.4982852240144,92.34256963323313,2021,4,570.355303030303,25.466792929292925,4,2.4989733059549053,1,636.4982852240144,2021,2021-24
2021-12-03,823.1260070800781,636.6200789544758,92.47940597696602,2021,4,383.5204545454545,24.175875946969697,4,2.4989733059549053,1,636.6200789544758,2021,2021-24
2021-12-04,687.6029846191407,636.6200789544758,92.47940597696602,2021,4,445.205303030303,22.615546085858586,4,2.4989733059549053,1,636.6200789544758,2021,2021-24
2021-12-05,781.9419982910156,636.6200789544758,92.47940597696602,2021,4,253.219696969697,24.35015782828283,4,2.4989733059549053,1,636.6200789544758,2021,2021-24
2021-12-06,943.1550109863281,636.8230685052449,92.70746654985417,2021,4,90.41477272727272,24.724384469696968,4,2.4989733059549053,1,636.8230685052449,2021,2021-24
2021-12-07,823.2840087890625,636.9680610415086,92.87036695906001,2021,4,250.7988636363636,24.369010416666665,4,2.4989733059549053,1,636.9680610415086,2021,2021-24
2021-12-08,836.8539916992188,637.0956544734206,93.01371931916114,2021,4,431.9795454545454,25.529064078282826,4,2.4989733059549053,1,637.0956544734206,2021,2021-24
2021-12-09,781.1323608398437,637.2348473082337,93.17010371199873,2021,4,546.3276515151515,25.28727904040404,4,2.4989733059549053,1,637.2348473082337,2021,2021-24
2021-12-10,818.7149780273437,637.321842829992,93.26784395752223,2021,4,496.0257575757576,25.222585227272727,4,2.4989733059549053,1,637.321842829992,2021,2021-24
2021-12-11,726.1320007324218,637.3276425314425,93.27435997389047,2021,4,630.3375,25.112310606060603,4,2.4989733059549053,0,0.0,2021,2021-24
2021-12-12,719.0370056152344,637.3276425314425,93.27435997389047,2021,4,639.209090909091,25.02703598484848,4,2.4989733059549053,0,0.0,2021,2021-24
2021-12-13,756.916015625,637.565430290915,93.54151664498802,2021,4,662.0526515151515,24.98220486111111,4,2.4989733059549053,0,0.0,2021,2021-24
2021-12-14,803.0089904785157,637.7104228271786,93.70441705419385,2021,4,485.8242424242424,24.82065972222222,4,2.4989733059549053,1,637.7104228271786,2021,2021-24
2021-12-15,789.5759887695312,637.9018129750466,93.91944559434555,2021,4,592.9477272727273,25.07808554292929,4,2.4989733059549053,0,0.0,2021,2021-24
2021-12-16,786.8070129394531,638.1454004359696,94.19311828181134,2021,4,633.5871212121212,24.92191445707071,4,2.4989733059549053,0,0.0,2021,2021-24
2021-12-17,809.5550048828125,638.3425902852881,94.41466283833127,2021,4,633.5742424242424,24.901893939393943,4,2.4989733059549053,0,0.0,2021,2021-24
2021-12-18,707.8370056152344,638.3425902852881,94.41466283833127,2021,4,643.6147727272727,24.96425189393939,4,2.4989733059549053,0,0.0,2021,2021-24
2021-12-19,699.2489990234375,638.3425902852881,94.41466283833127,2021,4,535.5325757575758,24.492369002525262,4,2.4989733059549053,1,638.3425902852881,2021,2021-24
2021-12-20,742.4820068359375,638.649974462167,94.76001170584762,2021,4,577.5973484848485,24.1705413510101,4,2.4989733059549053,1,638.649974462167,2021,2021-24
2021-12-21,778.0220153808593,638.8471643114856,94.98155626236755,2021,4,417.8670454545454,23.275031565656562,4,2.4989733059549053,1,638.8471643114856,2021,2021-24
2021-12-22,723.6620056152344,638.9863571462987,95.13794065520514,2021,4,524.3700757575758,23.563738952020202,4,2.4989733059549053,1,638.9863571462987,2021,2021-24
2021-12-23,687.5240051269532,639.1893466970678,95.3660012280933,2021,4,657.9409090909091,23.778188131313133,4,2.4989733059549053,0,0.0,2021,2021-24
2021-12-24,675.7969848632813,639.1893466970678,95.3660012280933,2021,4,649.5590909090909,23.75361426767677,4,2.4989733059549053,0,0.0,2021,2021-24
2021-12-25,624.8930114746094,639.1951463985183,95.37251724446153,2021,4,600.9238636363636,23.58154198232323,4,2.4989733059549053,0,0.0,2021,2021-24
2021-12-26,691.5310119628906,639.1951463985183,95.37251724446153,2021,4,447.4367424242424,23.93118686868687,4,2.4989733059549053,1,639.1951463985183,2021,2021-24
2021-12-27,720.664990234375,639.4561329637929,95.66573798103202,2021,4,623.6636363636364,24.281242108585857,4,2.4989733059549053,0,0.0,2021,2021-24
2021-12-28,780.3909973144531,639.595325798606,95.82212237386962,2021,4,447.1837121212121,24.307812499999994,4,2.4989733059549053,1,639.595325798606,2021,2021-24
2021-12-29,760.1390014648438,639.8362179516863,96.08927904496717,2021,4,499.1295454545454,24.24844539141414,4,2.4989733059549053,1,639.8362179516863,2021,2021-24
2021-12-30,814.2250122070312,640.0972045169609,96.38249978153766,2021,4,342.975,24.065238320707067,4,2.4989733059549053,1,640.0972045169609,2021,2021-24
2021-12-31,830.3400146484375,640.224797948873,96.5258521416388,2021,4,324.3314393939394,24.309714330808088,4,2.4989733059549053,1,640.224797948873,2021,2021-24
2022-01-01,768.9469787597657,640.224797948873,96.5258521416388,2022,1,194.24469696969697,24.27888257575758,1,3.4989733059549053,1,640.224797948873,2022,2021-24
2022-01-02,766.0140563964844,640.224797948873,96.5258521416388,2022,1,136.6757575757576,23.924360795454547,1,3.4989733059549053,1,640.224797948873,2022,2021-24
2022-01-03,793.4089172363281,640.253561377751,96.57798027258465,2022,1,304.4318181818182,23.86646148989899,1,3.4989733059549053,1,640.253561377751,2022,2021-24
2022-01-04,792.4920104980469,640.3074928068974,96.67572051810815,2022,1,361.69166666666666,24.380539772727264,1,3.4989733059549053,1,640.3074928068974,2022,2021-24
2022-01-05,771.8449768066406,640.3937830935315,96.83210491094574,2022,1,647.3189393939394,24.316714015151508,1,3.4989733059549053,0,0.0,2022,2021-24
2022-01-06,762.3580017089844,640.4441190940681,96.923329140101,2022,1,663.0905303030303,23.964622790404047,1,3.4989733059549053,0,0.0,2022,2021-24
2022-01-07,754.0469909667969,640.5268139520925,97.07319751657036,2022,1,662.8765151515152,24.037373737373738,1,3.4989733059549053,0,0.0,2022,2021-24
2022-01-08,692.1660034179688,640.5268139520925,97.07319751657036,2022,1,658.4916666666666,23.895130997474748,1,3.4989733059549053,0,0.0,2022,2021-24
2022-01-09,665.1789978027343,640.5268139520925,97.07319751657036,2022,1,657.9833333333333,23.860898042929293,1,3.4989733059549053,0,0.0,2022,2021-24
2022-01-10,763.2919799804688,640.609508810117,97.22306589303972,2022,1,640.2939393939394,24.392171717171724,1,3.4989733059549053,0,0.0,2022,2021-24
2022-01-11,698.7620300292969,640.7281579542389,97.43809443319141,2022,1,660.2693181818182,23.778503787878787,1,3.4989733059549053,0,0.0,2022,2021-24
2022-01-12,782.1690124511719,640.7820893833853,97.53713788198856,2022,1,558.5875,24.087981376262622,1,3.4989733059549053,1,640.7820893833853,2022,2021-24
2022-01-13,745.1339904785157,640.8432116697511,97.64791016024851,2022,1,680.3234848484848,24.438091856060606,1,3.4989733059549053,0,0.0,2022,2021-24
2022-01-14,748.0369873046875,640.8935476702877,97.73913438940377,2022,1,671.0109848484849,24.39114583333333,1,3.4989733059549053,0,0.0,2022,2021-24
2022-01-15,674.5450256347656,640.8971430988975,97.74565040577201,2022,1,673.4977272727272,24.194712752525252,1,3.4989733059549053,0,0.0,2022,2021-24
2022-01-16,643.314013671875,640.8971430988975,97.74565040577201,2022,1,659.7890151515152,24.314985795454543,1,3.4989733059549053,0,0.0,2022,2021-24
2022-01-17,689.1369689941406,640.918715670556,97.78474650398141,2022,1,679.0128787878788,24.215025252525255,1,3.4989733059549053,0,0.0,2022,2021-24
2022-01-18,728.5990356445312,641.0193876716293,97.96719496229194,2022,1,694.6227272727273,24.628353851010104,1,3.4989733059549053,0,0.0,2022,2021-24
2022-01-19,736.5710327148438,641.1164642440926,98.14312740423424,2022,1,687.5329545454546,24.780531881313127,1,3.4989733059549053,0,0.0,2022,2021-24
2022-01-20,742.6519897460937,641.213540816556,98.31905984617653,2022,1,682.9988636363636,24.71878156565657,1,3.4989733059549053,0,0.0,2022,2021-24
2022-01-21,742.8939819335938,641.2963095159123,98.46892822264589,2022,1,702.8806818181819,24.686624053030304,1,3.4989733059549053,0,0.0,2022,2021-24
2022-01-22,680.3329956054688,641.2963095159123,98.46892822264589,2022,1,676.7261363636364,24.53153409090909,1,3.4989733059549053,0,0.0,2022,2021-24
2022-01-23,672.0099975585938,641.299904944522,98.47544423901412,2022,1,682.0208333333333,24.424581755050507,1,3.4989733059549053,0,0.0,2022,2021-24
2022-01-24,679.9839782714844,641.4149586600342,98.68395676279758,2022,1,729.319696969697,23.97002051767677,1,3.4989733059549053,0,0.0,2022,2021-24
2022-01-25,718.1109802246094,641.5394472916564,98.89898530294927,2022,1,673.7272727272727,24.004292929292927,1,3.4989733059549053,0,0.0,2022,2021-24
2022-01-26,717.0750183105469,641.6185467210711,99.0423376630504,2022,1,702.7390151515152,24.270643939393935,1,3.4989733059549053,0,0.0,2022,2021-24
2022-01-27,715.6660095214844,641.708432436315,99.20523807225624,2022,1,723.9109848484848,24.37064393939394,1,3.4989733059549053,0,0.0,2022,2021-24
2022-01-28,710.9989562988281,641.7731501512906,99.32252636688443,2022,1,751.1329545454545,24.43489583333334,1,3.4989733059549053,0,0.0,2022,2021-24
2022-01-29,661.98798828125,641.7731501512906,99.32252636688443,2022,1,738.1382575757576,24.490861742424247,1,3.4989733059549053,0,0.0,2022,2021-24
2022-01-30,665.7620056152343,641.7731501512906,99.32252636688443,2022,1,634.4412878787879,24.260045770202023,1,3.4989733059549053,0,0.0,2022,2021-24
2022-01-31,754.8969299316407,641.8982839519747,99.51149084156319,2022,1,559.207196969697,24.091445707070708,1,3.4989733059549053,1,641.8982839519747,2022,2021-24
2022-02-01,701.6410278320312,641.9809788099991,99.66135921803254,2022,1,751.5534090909091,24.333191287878787,1,3.4989733059549053,0,0.0,2022,2021-24
2022-02-02,725.2070190429688,642.0349102391455,99.75909946355604,2022,1,743.9136363636364,24.433830492424246,1,3.4989733059549053,0,0.0,2022,2021-24
2022-02-03,659.6410583496094,642.0816508110723,99.84380767634308,2022,1,768.7795454545454,23.635258838383837,1,3.4989733059549053,0,0.0,2022,2021-24
2022-02-04,691.5590209960938,642.203895383804,100.065352232863,2022,1,749.7651515151515,23.926862373737375,1,3.4989733059549053,0,0.0,2022,2021-24
2022-02-05,662.6169677734375,642.203895383804,100.065352232863,2022,1,714.725,24.24888731060606,1,3.4989733059549053,0,0.0,2022,2021-24
2022-02-06,652.6829711914063,642.2074908124138,100.07186824923124,2022,1,682.1617424242424,24.331833964646464,1,3.4989733059549053,0,0.0,2022,2021-24
2022-02-07,740.8889892578125,642.3090304402162,100.25431670754178,2022,1,719.2776515151515,24.20368529040404,1,3.4989733059549053,0,0.0,2022,2021-24
2022-02-08,704.71298828125,642.3665572979723,100.35857296943351,2022,1,748.1746212121212,24.27705965909091,1,3.4989733059549053,0,0.0,2022,2021-24
2022-02-09,725.4730041503906,642.4097024412895,100.43676516585231,2022,1,734.1261363636364,24.083988320707075,1,3.4989733059549053,0,0.0,2022,2021-24
2022-02-10,735.5260192871094,642.4491598351035,100.4954093131664,2022,1,729.7662878787879,23.845407196969692,1,3.4989733059549053,0,0.0,2022,2021-24
2022-02-11,677.4710144042969,642.5030912642499,100.5931495586899,2022,1,789.7867424242424,23.864030934343432,1,3.4989733059549053,0,0.0,2022,2021-24
2022-02-12,645.4429931640625,642.5030912642499,100.5931495586899,2022,1,763.1121212121212,23.986829229797976,1,3.4989733059549053,0,0.0,2022,2021-24
2022-02-13,606.4290100097656,642.5030912642499,100.5931495586899,2022,1,770.271590909091,23.345951704545456,1,3.4989733059549053,0,0.0,2022,2021-24
2022-02-14,688.6159851074219,642.5534272647865,100.68437378784516,2022,1,682.6397727272727,23.05149147727273,1,3.4989733059549053,0,0.0,2022,2021-24
2022-02-15,692.2529479980469,644.0966392422495,100.8277261479463,2022,1,664.5159090909091,23.47857481060606,1,3.4989733059549053,0,0.0,2022,2021-24
2022-02-16,675.5880249023437,644.132593528347,100.89288631162863,2022,1,746.007196969697,23.880429292929293,1,3.4989733059549053,0,0.0,2022,2021-24
2022-02-17,704.2019653320312,644.2080975291519,101.02972265536152,2022,1,777.4530303030303,24.27597853535353,1,3.4989733059549053,0,0.0,2022,2021-24
2022-02-18,724.2389953613281,644.2260746722008,101.06230273720269,2022,1,756.4875,24.304482323232325,1,3.4989733059549053,0,0.0,2022,2021-24
2022-02-19,689.5720153808594,644.2260746722008,101.06230273720269,2022,1,761.1329545454546,23.95038667929293,1,3.4989733059549053,0,0.0,2022,2021-24
2022-02-20,628.5860290527344,644.2260746722008,101.06230273720269,2022,1,768.7075757575758,23.656715593434342,1,3.4989733059549053,0,0.0,2022,2021-24
2022-02-21,678.0369934082031,644.2404563866398,101.08836680267562,2022,1,767.6003787878788,24.143702651515152,1,3.4989733059549053,0,0.0,2022,2021-24
2022-02-22,723.8299743652344,644.3411283877131,101.27081526098615,2022,1,784.6314393939394,24.893678977272728,1,3.4989733059549053,0,0.0,2022,2021-24
2022-02-23,690.1649780273438,644.4346095315667,101.44023168656021,2022,1,821.9799242424242,24.71136363636364,1,3.4989733059549053,0,0.0,2022,2021-24
2022-02-24,725.0779907226563,644.4777546748838,101.51842388297901,2022,1,785.3416666666666,24.85636047979798,1,3.4989733059549053,0,0.0,2022,2021-24
2022-02-25,729.6370300292969,644.549663247079,101.64874421034366,2022,1,749.9787878787879,24.633096590909094,1,3.4989733059549053,0,0.0,2022,2021-24
2022-02-26,674.6809631347656,644.5532586756888,101.6552602267119,2022,1,748.5753787878788,24.612642045454546,1,3.4989733059549053,0,0.0,2022,2021-24
2022-02-27,689.0729919433594,644.5532586756888,101.6552602267119,2022,1,702.1621212121212,24.730792297979804,1,3.4989733059549053,0,0.0,2022,2021-24
2022-02-28,792.3670043945312,644.6647169625912,101.85725673412713,2022,1,668.5382575757576,24.630879103535353,1,3.4989733059549053,0,0.0,2022,2021-24
2022-03-01,727.7740417480469,644.711972144176,101.93544893054593,2022,1,780.1594696969697,24.23844696969697,1,3.4989733059549053,0,0.0,2022,2021-24
2022-03-02,695.5099792480469,644.7515218588833,102.00712511059649,2022,1,796.7674242424242,24.502596275252525,1,3.4989733059549053,0,0.0,2022,2021-24
2022-03-03,709.839013671875,644.7982624308102,102.09183332338353,2022,1,754.6261363636364,24.37123579545454,1,3.4989733059549053,0,0.0,2022,2021-24
2022-03-04,692.9540161132812,644.8492703303762,102.17654153617056,2022,1,786.4390151515152,23.687326388888888,1,3.4989733059549053,0,0.0,2022,2021-24
2022-03-05,626.644970703125,644.8598133660084,102.1830575525388,2022,1,828.6537878787879,23.908727904040404,1,3.4989733059549053,0,0.0,2022,2021-24
2022-03-06,573.6250183105469,644.8634087946182,102.18957356890704,2022,1,861.6685606060606,24.322695707070704,1,3.4989733059549053,0,0.0,2022,2021-24
2022-03-07,707.0369323730469,644.9712716529109,102.38505405995403,2022,1,746.8787878787879,24.522601010101013,1,3.4989733059549053,0,0.0,2022,2021-24
2022-03-08,725.8790710449218,645.0180122248378,102.46976227274106,2022,1,620.1401515151515,24.317313762626267,1,3.4989733059549053,0,0.0,2022,2021-24
2022-03-09,741.4380126953125,645.0683482253744,102.56098650189632,2022,1,820.2901515151516,24.94640940656566,1,3.4989733059549053,0,0.0,2022,2021-24
2022-03-10,776.9260192871094,645.1366613689597,102.68479081289276,2022,1,807.133712121212,25.31859217171717,1,3.4989733059549053,0,0.0,2022,2021-24
2022-03-11,709.3149963378906,645.1869973694963,102.77601504204802,2022,1,865.8,25.49471275252525,1,3.4989733059549053,0,0.0,2022,2021-24
2022-03-12,639.3339904785156,645.1869973694963,102.77601504204802,2022,1,837.4208333333333,25.34057765151515,1,3.4989733059549053,0,0.0,2022,2021-24
2022-03-13,620.0219970703125,645.1869973694963,102.77601504204802,2022,1,865.4087121212121,25.147206439393937,1,3.4989733059549053,0,0.0,2022,2021-24
2022-03-14,707.9239990234375,645.2553105130817,102.89981935304445,2022,1,834.1984848484848,25.098303345959597,1,3.4989733059549053,0,0.0,2022,2021-24
2022-03-15,727.6940734863281,645.294860227789,102.97149553309501,2022,1,759.5488636363636,25.108270202020204,1,3.4989733059549053,0,0.0,2022,2021-24
2022-03-16,805.74296875,645.4221463338095,103.09529984409144,2022,1,747.4295454545454,25.49144570707071,1,3.4989733059549053,0,0.0,2022,2021-24
2022-03-17,738.2769775390625,645.4904594773948,103.21910415508788,2022,1,791.5662878787879,25.219223484848484,1,3.4989733059549053,0,0.0,2022,2021-24
2022-03-18,722.3899658203125,645.530009192102,103.29078033513844,2022,1,824.3375,24.96981534090909,1,3.4989733059549053,0,0.0,2022,2021-24
2022-03-19,684.6380004882812,645.530009192102,103.29078033513844,2022,1,847.0189393939394,25.08095012626262,1,3.4989733059549053,0,0.0,2022,2021-24
2022-03-20,731.12099609375,645.530009192102,103.29078033513844,2022,1,575.330303030303,25.14079071969697,1,3.4989733059549053,1,645.530009192102,2022,2021-24
2022-03-21,783.0619934082031,645.5767497640289,103.37548854792547,2022,1,841.5363636363636,24.972664141414143,1,3.4989733059549053,0,0.0,2022,2021-24
2022-03-22,776.1480041503906,645.7513978945901,103.51232489165837,2022,1,580.5496212121212,24.95343276515152,1,3.4989733059549053,1,645.7513978945901,2022,2021-24
2022-03-23,724.25,645.7945430379073,103.59051708807716,2022,1,836.094696969697,25.04775883838384,1,3.4989733059549053,0,0.0,2022,2021-24
2022-03-24,704.7430236816406,645.8736424673219,103.7338694481783,2022,1,846.651893939394,24.83392518939394,1,3.4989733059549053,0,0.0,2022,2021-24
2022-03-25,745.0769470214843,645.9527418967366,103.87722180827943,2022,1,636.0371212121212,24.316051136363637,1,3.4989733059549053,0,0.0,2022,2021-24
2022-03-26,591.0679931640625,645.9563373253463,103.88373782464767,2022,1,858.8003787878788,24.15651830808081,1,3.4989733059549053,0,0.0,2022,2021-24
2022-03-27,657.2029968261719,645.9599327539561,103.8902538410159,2022,1,660.1640151515152,24.06549873737374,1,3.4989733059549053,0,0.0,2022,2021-24
2022-03-28,718.2129699707032,646.1063021323009,104.04012221748526,2022,1,755.6090909090909,24.49274779040405,1,3.4989733059549053,0,0.0,2022,2021-24
2022-03-29,728.1549865722657,646.1889969903253,104.18999059395462,2022,1,705.3367424242424,25.149565972222224,1,3.4989733059549053,0,0.0,2022,2021-24
2022-03-30,708.964990234375,646.2429284194717,104.28773083947812,2022,1,829.3420454545454,25.111994949494953,1,3.4989733059549053,0,0.0,2022,2021-24
2022-03-31,724.6130065917969,646.3368515214385,104.45063124868395,2022,1,813.2371212121212,24.952154356060607,1,3.4989733059549053,0,0.0,2022,2021-24
2022-04-01,728.5970275878906,646.372805807536,104.51579141236628,2022,2,737.3204545454546,24.63042140151515,2,3.4989733059549053,0,0.0,2022,2021-24
2022-04-02,634.1719970703125,646.372805807536,104.51579141236628,2022,2,831.6723484848484,24.645320391414142,2,3.4989733059549053,0,0.0,2022,2021-24
2022-04-03,618.5779693603515,646.3799966647555,104.52882344510274,2022,2,805.1784090909091,24.745557133838386,2,3.4989733059549053,0,0.0,2022,2021-24
2022-04-04,731.023974609375,646.4662869513896,104.68520783794034,2022,2,677.1238636363636,24.572095959595956,2,3.4989733059549053,0,0.0,2022,2021-24
2022-04-05,739.3169860839844,646.5238138091457,104.78946409983207,2022,2,651.4359848484848,24.719846906565653,2,3.4989733059549053,0,0.0,2022,2021-24
2022-04-06,684.4249633789062,646.5741498096824,104.88068832898733,2022,2,758.8473484848485,24.438928345959596,2,3.4989733059549053,0,0.0,2022,2021-24
2022-04-07,664.5919982910157,646.6936418075101,105.08268483640256,2022,2,880.9140151515152,24.756739267676764,2,3.4989733059549053,0,0.0,2022,2021-24
2022-04-08,747.5350219726563,646.7750190864016,105.2260371965037,2022,2,618.0397727272727,24.674802714646464,2,3.4989733059549053,0,0.0,2022,2021-24
2022-04-09,633.4369995117188,646.7786145150113,105.23255321287193,2022,2,866.6113636363636,24.830121527777777,2,3.4989733059549053,0,0.0,2022,2021-24
2022-04-10,633.8519592285156,646.7786145150113,105.23255321287193,2022,2,848.9583333333334,25.279308712121217,2,3.4989733059549053,0,0.0,2022,2021-24
2022-04-11,738.8329895019531,646.872095658865,105.40196963844599,2022,2,869.6757575757576,25.138952020202023,2,3.4989733059549053,0,0.0,2022,2021-24
2022-04-12,723.1499877929688,646.9655768027186,105.57138606402005,2022,2,832.8814393939394,25.148311237373736,2,3.4989733059549053,0,0.0,2022,2021-24
2022-04-13,709.2150085449218,647.4195979430528,105.69519037501648,2022,2,812.7462121212121,25.10916193181819,2,3.4989733059549053,0,0.0,2022,2021-24
2022-04-14,696.2699829101563,647.5166745155162,105.87112281695877,2022,2,865.1598484848485,24.96413352272727,2,3.4989733059549053,0,0.0,2022,2021-24
2022-04-15,694.3139831542969,647.5454379443943,105.92325094790463,2022,2,766.4829545454546,24.679908459595953,2,3.4989733059549053,0,0.0,2022,2021-24
2022-04-16,713.9000793457031,647.5454379443943,105.92325094790463,2022,2,613.6916666666667,24.709887941919195,2,3.4989733059549053,0,0.0,2022,2021-24
2022-04-17,632.7020324707031,647.5454379443943,105.92325094790463,2022,2,823.6102272727272,24.569799558080813,2,3.4989733059549053,0,0.0,2022,2021-24
2022-04-18,668.1710021972656,647.5921785163212,106.00795916069167,2022,2,892.1488636363636,24.27501578282828,2,3.4989733059549053,0,0.0,2022,2021-24
2022-04-19,714.5849548339844,647.6856596601748,106.17737558626573,2022,2,737.4950757575758,24.4665009469697,2,3.4989733059549053,0,0.0,2022,2021-24
2022-04-20,694.9260009765625,647.7288048034919,106.25556778268452,2022,2,824.5693181818182,24.59440498737374,2,3.4989733059549053,0,0.0,2022,2021-24
2022-04-21,734.8509826660156,647.8007133756871,106.38588811004918,2022,2,711.405303030303,24.47136205808081,2,3.4989733059549053,0,0.0,2022,2021-24
2022-04-22,716.3549987792969,647.8567978991323,106.48362835557268,2022,2,747.2469696969697,24.793821022727272,2,3.4989733059549053,0,0.0,2022,2021-24
2022-04-23,700.7849670410156,647.8567978991323,106.48362835557268,2022,2,646.7791666666666,24.936916035353534,2,3.4989733059549053,0,0.0,2022,2021-24
2022-04-24,631.7369506835937,647.8567978991323,106.48362835557268,2022,2,831.4814393939394,24.96465435606061,2,3.4989733059549053,0,0.0,2022,2021-24
2022-04-25,714.2359619140625,647.9251110427176,106.60743266656911,2022,2,784.1227272727273,24.813920454545453,2,3.4989733059549053,0,0.0,2022,2021-24
2022-04-26,709.6480102539062,647.9901344968854,106.7247209611973,2022,2,768.4155303030303,24.85185448232323,2,3.4989733059549053,0,0.0,2022,2021-24
2022-04-27,745.8330078125,648.040470497422,106.81594519035256,2022,2,734.8954545454546,24.79588857323233,2,3.4989733059549053,0,0.0,2022,2021-24
2022-04-28,704.5049926757813,648.1213837474724,106.91368543587606,2022,2,896.8666666666668,25.285669191919194,2,3.4989733059549053,0,0.0,2022,2021-24
2022-04-29,704.6160095214843,648.1861014624479,107.03097373050426,2022,2,857.2780303030302,25.11216856060606,2,3.4989733059549053,0,0.0,2022,2021-24
2022-04-30,673.8410278320313,648.1861014624479,107.03097373050426,2022,2,685.535606060606,24.979024621212123,2,3.4989733059549053,0,0.0,2022,2021-24
2022-05-01,630.0629760742188,648.1861014624479,107.03097373050426,2022,2,801.1916666666667,24.65860164141414,2,3.4989733059549053,0,0.0,2022,2021-24
2022-05-02,743.9190246582032,648.5916330557942,107.19517734298373,2022,2,698.175,24.602217487373732,2,3.4989733059549053,0,0.0,2022,2021-24
2022-05-03,713.3429870605469,648.6419690563308,107.28640157213898,2022,2,694.3704545454545,24.647222222222222,2,3.4989733059549053,0,0.0,2022,2021-24
2022-05-04,700.4639953613281,648.6959004854772,107.38414181766248,2022,2,825.2984848484848,24.77683869949495,2,3.4989733059549053,0,0.0,2022,2021-24
2022-05-05,736.5540283203125,648.8253359154285,107.61871840691887,2022,2,709.9617424242424,24.889086174242422,2,3.4989733059549053,0,0.0,2022,2021-24
2022-05-06,791.6779113769531,648.8756719159651,107.70994263607413,2022,2,544.1594696969697,24.98983585858586,2,3.4989733059549053,1,648.8756719159651,2022,2021-24
2022-05-07,691.5349975585938,648.8756719159651,107.70994263607413,2022,2,633.151893939394,25.01721117424243,2,3.4989733059549053,0,0.0,2022,2021-24
2022-05-08,663.60205078125,648.8756719159651,107.70994263607413,2022,2,764.2856060606061,25.260290404040404,2,3.4989733059549053,0,0.0,2022,2021-24
2022-05-09,695.23798828125,648.965557631209,107.87284304527996,2022,2,915.9818181818182,25.18848642676768,2,3.4989733059549053,0,0.0,2022,2021-24
2022-05-10,685.0459716796875,649.0374662034042,108.00316337264462,2022,2,888.926893939394,24.896977588383834,2,3.4989733059549053,0,0.0,2022,2021-24
2022-05-11,692.7499938964844,649.0626342036725,108.04877548722226,2022,2,904.9670454545454,25.232630997474747,2,3.4989733059549053,0,0.0,2022,2021-24
2022-05-12,686.9090270996094,649.0626342036725,108.04877548722226,2022,2,907.4795454545454,25.259840593434344,2,3.4989733059549053,0,0.0,2022,2021-24
2022-05-13,697.1340148925781,649.1525199189164,108.21167589642809,2022,2,932.5045454545455,25.325007891414145,2,3.4989733059549053,0,0.0,2022,2021-24
2022-05-14,604.6489990234375,649.1525199189164,108.21167589642809,2022,2,952.6924242424242,25.142455808080808,2,3.4989733059549053,0,0.0,2022,2021-24
2022-05-15,680.4280456542969,649.1525199189164,108.21167589642809,2022,2,750.6693181818182,25.119625946969702,2,3.4989733059549053,0,0.0,2022,2021-24
2022-05-16,788.5529846191406,649.3514862238325,108.52444468210328,2022,2,690.555303030303,25.056210542929293,2,3.4989733059549053,0,0.0,2022,2021-24
2022-05-17,715.1949829101562,649.4566240977207,108.64824899309971,2022,2,911.2352272727272,25.463794191919195,2,3.4989733059549053,0,0.0,2022,2021-24
2022-05-18,884.4469909667969,649.524937241306,108.77205330409615,2022,2,289.95757575757574,25.420999053030297,2,3.4989733059549053,1,649.524937241306,2022,2021-24
2022-05-19,824.8989685058593,649.5644869560133,108.8437294841467,2022,2,701.2136363636364,25.945107323232325,2,3.4989733059549053,0,0.0,2022,2021-24
2022-05-20,866.5749877929687,649.6471818140377,108.99359786061606,2022,2,551.5700757575758,25.919917929292932,2,3.4989733059549053,1,649.6471818140377,2022,2021-24
2022-05-21,733.9380004882812,649.6543726712572,109.00662989335252,2022,2,808.803787878788,26.2096038510101,2,3.4989733059549053,0,0.0,2022,2021-24
2022-05-22,657.8830444335938,649.6543726712572,109.00662989335252,2022,2,887.5912878787879,25.942613636363635,2,3.4989733059549053,0,0.0,2022,2021-24
2022-05-23,722.0690124511718,649.7658309581597,109.20862640076776,2022,2,908.8265151515152,25.756210542929296,2,3.4989733059549053,0,0.0,2022,2021-24
2022-05-24,711.4920104980469,649.8880755308913,109.43017095728769,2022,2,927.9890151515152,25.311182133838386,2,3.4989733059549053,0,0.0,2022,2021-24
2022-05-25,676.0300170898438,649.9348161028182,109.51487917007472,2022,2,932.4810606060606,25.071859217171717,2,3.4989733059549053,0,0.0,2022,2021-24
2022-05-26,665.9340270996094,650.0656314240749,109.61261941559822,2022,2,946.7511363636364,25.056747159090914,2,3.4989733059549053,0,0.0,2022,2021-24
2022-05-27,732.6020324707031,650.0979902815627,109.67126356291232,2022,2,755.5670454545455,25.27819602272727,2,3.4989733059549053,0,0.0,2022,2021-24
2022-05-28,695.8750366210937,650.0979902815627,109.67126356291232,2022,2,732.5371212121212,25.345367739898986,2,3.4989733059549053,0,0.0,2022,2021-24
2022-05-29,737.4320251464844,650.0979902815627,109.67126356291232,2022,2,581.5450757575758,25.42469223484849,2,3.4989733059549053,1,650.0979902815627,2022,2021-24
2022-05-30,626.3059814453125,650.1087765673919,109.69081161201701,2022,2,927.2310606060606,25.548761047979795,2,3.4989733059549053,0,0.0,2022,2021-24
2022-05-31,716.0070129394531,650.1842805681969,109.82764795574991,2022,2,913.1920454545455,25.504308712121215,2,3.4989733059549053,0,0.0,2022,2021-24
2022-06-01,718.0090087890625,650.2596754027696,109.95796828311457,2022,2,946.3219696969696,25.612799873737373,2,3.4989733059549053,0,0.0,2022,2021-24
2022-06-02,756.1950012207031,650.3351794035746,110.09480462684746,2022,2,841.6935606060606,25.36265782828283,2,3.4989733059549053,0,0.0,2022,2021-24
2022-06-03,722.8830078125,650.5545005487697,110.49228162530969,2022,2,934.9049242424242,25.63570075757576,2,3.4989733059549053,0,0.0,2022,2021-24
2022-06-04,645.9080078125,650.5545005487697,110.49228162530969,2022,2,931.9984848484848,25.619917929292935,2,3.4989733059549053,0,0.0,2022,2021-24
2022-06-05,646.3769836425781,650.5580959773795,110.49879764167792,2022,2,937.7867424242424,25.64206123737374,2,3.4989733059549053,0,0.0,2022,2021-24
2022-06-06,773.6210021972656,650.6300045495747,110.62911796904258,2022,2,930.3367424242424,25.934272411616163,2,3.4989733059549053,0,0.0,2022,2021-24
2022-06-07,761.2050170898438,650.683935978721,110.72685821456608,2022,2,849.0439393939394,26.240830176767673,2,3.4989733059549053,0,0.0,2022,2021-24
2022-06-08,733.8349914550781,650.7450582650869,110.83763049282604,2022,2,922.0378787878788,26.119041982323235,2,3.4989733059549053,0,0.0,2022,2021-24
2022-06-09,728.5439758300781,650.8205622658918,110.97446683655893,2022,2,909.3003787878788,25.931115845959596,2,3.4989733059549053,0,0.0,2022,2021-24
2022-06-10,713.2030029296875,650.892470838087,111.10478716392359,2022,2,923.5609848484848,25.78141571969697,2,3.4989733059549053,0,0.0,2022,2021-24
2022-06-11,644.5720092773438,650.892470838087,111.10478716392359,2022,2,956.3200757575758,26.029277146464647,2,3.4989733059549053,0,0.0,2022,2021-24
2022-06-12,666.3459594726562,650.892470838087,111.10478716392359,2022,2,898.8337121212122,26.17254577020202,2,3.4989733059549053,0,0.0,2022,2021-24
2022-06-13,767.660009765625,650.9679748388919,111.24162350765648,2022,2,883.7329545454546,26.280689709595958,2,3.4989733059549053,0,0.0,2022,2021-24
2022-06-14,745.9190185546875,651.0254448453641,111.33284773681174,2022,2,873.6242424242424,26.159856376262628,2,3.4989733059549053,0,0.0,2022,2021-24
2022-06-15,797.8869995117187,651.0973534175592,111.4631680641764,2022,2,837.3924242424242,25.981778724747475,2,3.4989733059549053,0,0.0,2022,2021-24
2022-06-16,772.3790100097656,651.1369031322665,111.53484424422696,2022,2,778.7621212121212,26.19849273989899,2,3.4989733059549053,0,0.0,2022,2021-24
2022-06-17,728.5059936523437,651.2195979902909,111.68471262069632,2022,2,874.6837121212122,26.19068023989899,2,3.4989733059549053,0,0.0,2022,2021-24
2022-06-18,681.3839904785157,651.2267888475104,111.69774465343278,2022,2,891.673106060606,26.272261679292924,2,3.4989733059549053,0,0.0,2022,2021-24
2022-06-19,655.4720031738282,651.2267888475104,111.69774465343278,2022,2,898.778787878788,26.355831755050506,2,3.4989733059549053,0,0.0,2022,2021-24
2022-06-20,777.4570068359375,651.3634151346812,111.94535327542563,2022,2,819.2045454545454,26.122419507575756,2,3.4989733059549053,0,0.0,2022,2021-24
2022-06-21,743.6819702148438,651.4209419924373,112.04960953731737,2022,2,908.4507575757576,26.201980744949495,2,3.4989733059549053,0,0.0,2022,2021-24
2022-06-22,734.3109741210938,651.5108277076812,112.2125099465232,2022,2,879.3780303030302,25.89168244949495,2,3.4989733059549053,0,0.0,2022,2021-24
2022-06-23,738.0260009765625,651.5899271370959,112.35586230662433,2022,2,875.0155303030302,25.768347537878785,2,3.4989733059549053,0,0.0,2022,2021-24
2022-06-24,749.5130126953125,651.6510494234617,112.46663458488429,2022,2,799.8632575757576,25.498248106060604,2,3.4989733059549053,0,0.0,2022,2021-24
2022-06-25,675.74501953125,651.6510494234617,112.46663458488429,2022,2,835.2901515151516,25.741343118686867,2,3.4989733059549053,0,0.0,2022,2021-24
2022-06-26,639.464013671875,651.6510494234617,112.46663458488429,2022,2,910.9295454545454,26.014827967171723,2,3.4989733059549053,0,0.0,2022,2021-24
2022-06-27,745.7459594726563,651.7481259959251,112.64256702682658,2022,2,850.373106060606,25.953432765151515,2,3.4989733059549053,0,0.0,2022,2021-24
2022-06-28,725.5239929199219,651.8595842828275,112.84456353424181,2022,2,897.785606060606,26.212713068181817,2,3.4989733059549053,0,0.0,2022,2021-24
2022-06-29,770.3939880371094,651.9746379983397,113.05307605802527,2022,2,786.2253787878788,25.98517992424242,2,3.4989733059549053,0,0.0,2022,2021-24
2022-06-30,777.7729797363281,652.0393557133153,113.17036435265346,2022,2,796.6969696969697,26.26576704545454,2,3.4989733059549053,0,0.0,2022,2021-24
2022-07-01,822.8990173339844,652.0932871424617,113.26810459817696,2022,3,799.2859848484848,26.28806818181818,3,3.4989733059549053,0,0.0,2022,2021-24
2022-07-02,680.5350158691406,652.0932871424617,113.26810459817696,2022,3,881.1056818181818,26.08221275252525,3,3.4989733059549053,0,0.0,2022,2021-24
2022-07-03,721.5950134277343,652.0932871424617,113.26810459817696,2022,3,577.532196969697,26.020478219696965,3,3.4989733059549053,1,652.0932871424617,2022,2021-24
2022-07-04,717.6489807128906,652.0932871424617,113.26810459817696,2022,3,659.7337121212121,25.873855744949495,3,3.4989733059549053,0,0.0,2022,2021-24
2022-07-05,765.5960144042969,652.161600286047,113.3919089091734,2022,3,727.3981060606061,26.051744002525254,3,3.4989733059549053,0,0.0,2022,2021-24
2022-07-06,789.3039794921875,652.26586771573,113.58087338385215,2022,3,754.5575757575758,26.0022490530303,3,3.4989733059549053,0,0.0,2022,2021-24
2022-07-07,780.2749938964844,652.3593488595836,113.7502898094262,2022,3,804.0272727272727,26.049392361111114,3,3.4989733059549053,0,0.0,2022,2021-24
2022-07-08,820.0089477539062,652.4528300034373,113.91970623500026,2022,3,602.992803030303,25.929450757575754,3,3.4989733059549053,0,0.0,2022,2021-24
2022-07-09,711.2480041503907,652.4528300034373,113.91970623500026,2022,3,852.8011363636364,26.271646148989902,3,3.4989733059549053,0,0.0,2022,2021-24
2022-07-10,671.5690246582031,652.456425432047,113.9262222513685,2022,3,874.7859848484848,26.223311237373736,3,3.4989733059549053,0,0.0,2022,2021-24
2022-07-11,770.2540222167969,652.575074576169,114.14125079152019,2022,3,801.8579545454546,26.125615530303033,3,3.4989733059549053,0,0.0,2022,2021-24
2022-07-12,768.3259948730469,652.6577694341934,114.29111916798955,2022,3,836.8473484848485,26.066927083333336,3,3.4989733059549053,0,0.0,2022,2021-24
2022-07-13,801.9799743652344,652.751250578047,114.4605355935636,2022,3,827.4901515151516,26.38746843434343,3,3.4989733059549053,0,0.0,2022,2021-24
2022-07-14,795.0309814453125,653.1045347131483,114.7146602319247,2022,3,786.2397727272728,26.38933080808081,3,3.4989733059549053,0,0.0,2022,2021-24
2022-07-15,785.3739868164063,653.2016112856116,114.89059267386699,2022,3,823.983712121212,26.397790404040403,3,3.4989733059549053,0,0.0,2022,2021-24
2022-07-16,761.135986328125,653.2602437730992,114.89710869023523,2022,3,679.7530303030303,26.47989267676768,3,3.4989733059549053,0,0.0,2022,2021-24
2022-07-17,710.4919799804687,653.2602437730992,114.89710869023523,2022,3,767.7481060606061,26.775055239898986,3,3.4989733059549053,0,0.0,2022,2021-24
2022-07-18,834.8460327148438,653.3717020600017,115.09910519765046,2022,3,812.5647727272727,26.39289772727273,3,3.4989733059549053,0,0.0,2022,2021-24
2022-07-19,737.7040161132812,653.6201214518844,115.25548959048805,2022,3,914.4272727272728,26.19777462121213,3,3.4989733059549053,0,0.0,2022,2021-24
2022-07-20,758.5250305175781,653.7171980243478,115.43142203243035,2022,3,769.9405303030303,26.35722064393939,3,3.4989733059549053,0,0.0,2022,2021-24
2022-07-21,744.5960144042969,653.7783203107136,115.5421943106903,2022,3,809.6295454545455,26.34258207070707,3,3.4989733059549053,0,0.0,2022,2021-24
2022-07-22,752.0859924316406,654.0736204291376,115.8354150472608,2022,3,920.8219696969696,26.51960227272727,3,3.4989733059549053,0,0.0,2022,2021-24
2022-07-23,660.0610107421875,654.0772158577473,115.84193106362903,2022,3,920.5314393939394,26.471172664141417,3,3.4989733059549053,0,0.0,2022,2021-24
2022-07-24,637.1239990234375,654.0808112863571,115.84844707999727,2022,3,930.7113636363636,26.440593434343437,3,3.4989733059549053,0,0.0,2022,2021-24
2022-07-25,734.3890197753906,654.2066512876985,116.07650765288543,2022,3,897.1424242424242,26.42677556818182,3,3.4989733059549053,0,0.0,2022,2021-24
2022-07-26,802.5500122070313,654.3145141459912,116.27198814393242,2022,3,834.0962121212121,26.438368055555554,3,3.4989733059549053,0,0.0,2022,2021-24
2022-07-27,729.8980102539062,654.4115907184546,116.44792058587471,2022,3,940.8318181818182,26.44472064393939,3,3.4989733059549053,0,0.0,2022,2021-24
2022-07-28,773.856982421875,654.494285576479,116.59778896234407,2022,3,908.3034090909092,26.423319128787877,3,3.4989733059549053,0,0.0,2022,2021-24
2022-07-29,760.2449829101563,654.600830477809,116.7606893715499,2022,3,943.0594696969698,26.638249684343435,3,3.4989733059549053,0,0.0,2022,2021-24
2022-07-30,742.7689880371094,654.600830477809,116.7606893715499,2022,3,908.0314393939394,27.176830808080805,3,3.4989733059549053,0,0.0,2022,2021-24
2022-07-31,651.2490234375,654.6044259064188,116.76720538791814,2022,3,931.9227272727272,26.65022095959596,3,3.4989733059549053,0,0.0,2022,2021-24
2022-08-01,769.2969909667969,655.4986617808722,116.9757179117016,2022,3,923.1886363636364,26.538439078282824,3,3.4989733059549053,0,0.0,2022,2021-24
2022-08-02,745.2640197753906,655.5885474961161,117.13861832090743,2022,3,907.8840909090908,26.480342487373736,3,3.4989733059549053,0,0.0,2022,2021-24
2022-08-03,759.3069946289063,655.6964103544088,117.33409881195442,2022,3,893.3094696969696,26.438652146464648,3,3.4989733059549053,0,0.0,2022,2021-24
2022-08-04,805.7109985351562,655.811464069921,117.54261133573787,2022,3,784.7958333333333,26.531407828282823,3,3.4989733059549053,0,0.0,2022,2021-24
2022-08-05,807.8380004882813,655.8905634993357,117.685963695839,2022,3,826.3348484848484,26.902454229797982,3,3.4989733059549053,0,0.0,2022,2021-24
2022-08-06,756.8240112304687,655.8941589279455,117.69247971220724,2022,3,874.3416666666666,27.480934343434342,3,3.4989733059549053,0,0.0,2022,2021-24
2022-08-07,706.2929870605469,655.8941589279455,117.69247971220724,2022,3,927.144696969697,27.553338068181816,3,3.4989733059549053,0,0.0,2022,2021-24
2022-08-08,797.5240051269532,655.9876400717991,117.8618961377813,2022,3,918.6579545454546,27.181518308080808,3,3.4989733059549053,0,0.0,2022,2021-24
2022-08-09,837.0089965820313,656.0919075014821,118.05086061246006,2022,3,770.5909090909091,27.271125315656562,3,3.4989733059549053,0,0.0,2022,2021-24
2022-08-10,789.8609802246094,656.167411502287,118.18769695619295,2022,3,940.1034090909092,27.314417613636362,3,3.4989733059549053,0,0.0,2022,2021-24
2022-08-11,811.5269775390625,656.2069612169943,118.25937313624351,2022,3,835.776893939394,27.216903409090907,3,3.4989733059549053,0,0.0,2022,2021-24
2022-08-12,776.5529907226562,656.3184195038967,118.46136964365874,2022,3,889.5325757575758,26.815356691919195,3,3.4989733059549053,0,0.0,2022,2021-24
2022-08-13,717.3010314941406,656.3220149325065,118.46788566002698,2022,3,854.0140151515152,27.21385732323232,3,3.4989733059549053,0,0.0,2022,2021-24
2022-08-14,701.7699890136719,656.3220149325065,118.46788566002698,2022,3,816.3818181818182,27.318331755050508,3,3.4989733059549053,0,0.0,2022,2021-24
2022-08-15,827.24599609375,656.4119006477504,118.63078606923281,2022,3,887.5507575757576,27.01339962121212,3,3.4989733059549053,0,0.0,2022,2021-24
2022-08-16,813.956005859375,656.5521223635309,118.8849107075939,2022,3,858.521590909091,26.924210858585855,3,3.4989733059549053,0,0.0,2022,2021-24
2022-08-17,868.3239868164062,656.6671760790431,119.09342323137736,2022,3,840.3344696969696,27.33798926767677,3,3.4989733059549053,0,0.0,2022,2021-24
2022-08-18,853.918017578125,656.7606572228967,119.26283965695141,2022,3,911.5272727272728,27.49998421717172,3,3.4989733059549053,0,0.0,2022,2021-24
2022-08-19,794.6630126953125,656.8145886520431,119.36057990247491,2022,3,932.7560606060606,27.723658459595956,3,3.4989733059549053,0,0.0,2022,2021-24
2022-08-20,724.1999755859375,656.8289703664822,119.38664396794785,2022,3,920.6583333333332,27.50787563131313,3,3.4989733059549053,0,0.0,2022,2021-24
2022-08-21,677.7769836425781,656.8289703664822,119.38664396794785,2022,3,912.123106060606,27.163257575757573,3,3.4989733059549053,0,0.0,2022,2021-24
2022-08-22,801.3840026855469,656.989268282028,119.58864047536308,2022,3,864.2625,27.023626893939394,3,3.4989733059549053,0,0.0,2022,2021-24
2022-08-23,853.9410339355469,657.0611768542232,119.71896080272774,2022,3,682.8496212121212,26.67089646464647,3,3.4989733059549053,0,0.0,2022,2021-24
2022-08-24,855.7320007324219,657.1510625694671,119.88186121193357,2022,3,884.466287878788,27.576538825757577,3,3.4989733059549053,0,0.0,2022,2021-24
2022-08-25,837.2740234375,657.2193757130524,120.00566552293,2022,3,919.007196969697,27.679529671717173,3,3.4989733059549053,0,0.0,2022,2021-24
2022-08-26,832.6040100097656,657.6277785210307,120.17508194850406,2022,3,906.3628787878788,27.557678345959598,3,3.4989733059549053,0,0.0,2022,2021-24
2022-08-27,717.2830139160156,657.6313739496404,120.1815979648723,2022,3,927.8159090909091,27.62488952020202,3,3.4989733059549053,0,0.0,2022,2021-24
2022-08-28,689.4289978027343,657.6313739496404,120.1815979648723,2022,3,872.7363636363636,26.840175189393936,3,3.4989733059549053,0,0.0,2022,2021-24
2022-08-29,822.7019836425782,657.7140688076648,120.33146634134165,2022,3,853.65,27.1543639520202,3,3.4989733059549053,0,0.0,2022,2021-24
2022-08-30,843.0550048828125,657.8075499515185,120.50088276691571,2022,3,859.8136363636364,27.331186868686867,3,3.4989733059549053,0,0.0,2022,2021-24
2022-08-31,804.6319885253906,657.8974356667624,120.66378317612154,2022,3,870.1943181818182,27.277967171717176,3,3.4989733059549053,0,0.0,2022,2021-24
2022-09-01,784.7870239257812,658.0304665253234,120.90487578174617,2022,3,921.1852272727272,27.125418244949497,3,3.4989733059549053,0,0.0,2022,2021-24
2022-09-02,787.3249877929687,658.1167568119575,121.06126017458377,2022,3,893.9397727272728,27.012934027777778,3,3.4989733059549053,0,0.0,2022,2021-24
2022-09-03,808.7309997558593,658.1167568119575,121.06126017458377,2022,3,600.8583333333333,27.321117424242427,3,3.4989733059549053,0,0.0,2022,2021-24
2022-09-04,718.6000122070312,658.1167568119575,121.06126017458377,2022,3,896.201893939394,27.523200757575754,3,3.4989733059549053,0,0.0,2022,2021-24
2022-09-05,746.5720092773438,658.1203522405673,121.067776190952,2022,3,911.739393939394,27.29724589646465,3,3.4989733059549053,0,0.0,2022,2021-24
2022-09-06,846.47998046875,658.1872702611149,121.1850644855802,2022,3,883.4719696969698,27.67827493686869,3,3.4989733059549053,0,0.0,2022,2021-24
2022-09-07,831.1749694824218,658.2771559763588,121.34796489478603,2022,3,891.019696969697,27.637602588383842,3,3.4989733059549053,0,0.0,2022,2021-24
2022-09-08,802.6689392089844,658.4101868349198,121.58905750041066,2022,3,836.2583333333334,27.22945075757576,3,3.4989733059549053,0,0.0,2022,2021-24
2022-09-09,865.5210754394532,658.5432176934809,121.83015010603529,2022,3,509.5314393939394,27.085495580808086,3,3.4989733059549053,1,658.5432176934809,2022,2021-24
2022-09-10,781.5780090332031,658.5432176934809,121.83015010603529,2022,3,840.5636363636364,27.43140782828283,3,3.4989733059549053,0,0.0,2022,2021-24
2022-09-11,754.7580261230469,658.5432176934809,121.83015010603529,2022,3,780.4795454545454,27.417708333333334,3,3.4989733059549053,0,0.0,2022,2021-24
2022-09-12,840.4260070800781,658.6187216942858,121.96698644976819,2022,3,819.5780303030303,27.50876736111111,3,3.4989733059549053,0,0.0,2022,2021-24
2022-09-13,856.5230285644532,658.9040244762157,122.15595092444694,2022,3,716.4973484848485,27.313975694444448,3,3.4989733059549053,0,0.0,2022,2021-24
2022-09-14,835.3709838867187,659.3385959385811,122.4035595464398,2022,3,848.5909090909092,27.392526830808084,3,3.4989733059549053,0,0.0,2022,2021-24
2022-09-15,883.6880004882812,659.3997182249469,122.51433182469975,2022,3,773.3450757575758,27.471062184343435,3,3.4989733059549053,0,0.0,2022,2021-24
2022-09-16,861.9390197753906,659.5039856546299,122.70329629937851,2022,3,814.7712121212121,27.450426136363635,3,3.4989733059549053,0,0.0,2022,2021-24
2022-09-17,744.0759582519531,659.5075810832396,122.70981231574675,2022,3,775.7162878787879,27.568276515151513,3,3.4989733059549053,0,0.0,2022,2021-24
2022-09-18,788.501953125,659.5075810832396,122.70981231574675,2022,3,645.0276515151515,27.553117108585855,3,3.4989733059549053,0,0.0,2022,2021-24
2022-09-19,848.7469787597656,659.7951703543796,122.87271272495258,2022,3,762.851893939394,27.35729166666667,3,3.4989733059549053,0,0.0,2022,2021-24
2022-09-20,813.0909973144531,659.8383154976967,122.95090492137138,2022,3,846.732196969697,27.42635732323232,3,3.4989733059549053,0,0.0,2022,2021-24
2022-09-21,818.7959838867188,659.9174149271114,123.09425728147251,2022,3,847.1651515151516,27.365372474747478,3,3.4989733059549053,0,0.0,2022,2021-24
2022-09-22,841.4459655761718,659.9965143565261,123.23760964157364,2022,3,818.2958333333333,27.454127209595963,3,3.4989733059549053,0,0.0,2022,2021-24
2022-09-23,860.5669982910156,660.1404053422482,123.49825029630297,2022,3,775.4852272727273,27.67019412878788,3,3.4989733059549053,0,0.0,2022,2021-24
2022-09-24,811.9949890136719,660.1475961994677,123.51128232903943,2022,3,839.196590909091,27.898563762626264,3,3.4989733059549053,0,0.0,2022,2021-24
2022-09-25,806.6490356445313,660.1511916280774,123.51779834540767,2022,3,791.5625,27.53994633838384,3,3.4989733059549053,0,0.0,2022,2021-24
2022-09-26,813.2100036621093,660.2454665240256,123.68721477098173,2022,3,829.3681818181818,27.545722853535356,3,3.4989733059549053,0,0.0,2022,2021-24
2022-09-27,799.5640014648437,660.5180187376175,123.85663119655578,2022,3,871.707196969697,27.561631944444443,3,3.4989733059549053,0,0.0,2022,2021-24
2022-09-28,786.4929809570312,660.6150953100808,124.03256363849808,2022,3,865.4916666666666,27.69030934343435,3,3.4989733059549053,0,0.0,2022,2021-24
2022-09-29,823.9889892578125,660.7445307400321,124.26714022775447,2022,3,841.5640151515152,27.535755997474748,3,3.4989733059549053,0,0.0,2022,2021-24
2022-09-30,836.9559997558594,660.7948667405688,124.35836445690973,2022,3,859.0454545454546,27.84119318181818,3,3.4989733059549053,0,0.0,2022,2021-24
2022-10-01,788.7229919433594,660.7984621691785,124.36488047327796,2022,4,783.2996212121212,27.172877209595963,4,3.4989733059549053,0,0.0,2022,2021-24
2022-10-02,813.0769958496094,660.8020575977882,124.3713964896462,2022,4,404.5530303030303,26.73781565656566,4,3.4989733059549053,1,660.8020575977882,2022,2021-24
2022-10-03,816.3209716796875,660.9027295988615,124.55384494795673,2022,4,812.6662878787878,26.912042297979806,4,3.4989733059549053,0,0.0,2022,2021-24
2022-10-04,836.5380004882812,661.0213665683815,124.69719730805787,2022,4,651.3477272727273,26.71357323232323,4,3.4989733059549053,0,0.0,2022,2021-24
2022-10-05,838.8490234375,661.1579928555523,124.94480593005072,2022,4,785.9348484848485,26.854766414141412,4,3.4989733059549053,0,0.0,2022,2021-24
2022-10-06,838.0840393066406,661.2299014277474,125.07512625741538,2022,4,723.4965909090909,27.069767992424243,4,3.4989733059549053,0,0.0,2022,2021-24
2022-10-07,837.7570007324218,661.3665277149182,125.32273487940823,2022,4,786.1810606060606,26.951294191919185,4,3.4989733059549053,0,0.0,2022,2021-24
2022-10-08,744.0530029296875,661.3665277149182,125.32273487940823,2022,4,795.2939393939394,26.815625,4,3.4989733059549053,0,0.0,2022,2021-24
2022-10-09,734.8359191894531,661.3665277149182,125.32273487940823,2022,4,743.5087121212122,26.80732323232323,4,3.4989733059549053,0,0.0,2022,2021-24
2022-10-10,849.8499694824219,661.4671997159915,125.50518333771876,2022,4,712.9560606060606,27.48611111111111,4,3.4989733059549053,0,0.0,2022,2021-24
2022-10-11,937.9040100097657,661.5355128595768,125.6289876487152,2022,4,483.098106060606,27.502556818181816,4,3.4989733059549053,1,661.5355128595768,2022,2021-24
2022-10-12,924.1919921875,661.6577574323085,125.85053220523513,2022,4,439.6700757575758,27.197743055555552,4,3.4989733059549053,1,661.6577574323085,2022,2021-24
2022-10-13,887.8340026855469,661.7512385761621,126.01994863080918,2022,4,730.1265151515152,27.425134154040407,4,3.4989733059549053,0,0.0,2022,2021-24
2022-10-14,878.1209838867187,661.8447197200157,126.18936505638324,2022,4,760.5170454545454,27.142305871212116,4,3.4989733059549053,0,0.0,2022,2021-24
2022-10-15,726.2989929199218,661.8447197200157,126.18936505638324,2022,4,750.7704545454545,26.443607954545453,4,3.4989733059549053,0,0.0,2022,2021-24
2022-10-16,738.1089904785156,661.8447197200157,126.18936505638324,2022,4,699.6401515151515,27.026057449494953,4,3.4989733059549053,0,0.0,2022,2021-24
2022-10-17,837.2320190429688,661.959773435528,126.39787758016669,2022,4,775.1284090909091,27.318355429292932,4,3.4989733059549053,0,0.0,2022,2021-24
2022-10-18,815.65,662.0640408652109,126.58684205484545,2022,4,806.5132575757576,27.131620896464643,4,3.4989733059549053,0,0.0,2022,2021-24
2022-10-19,875.5500061035157,662.1719037235036,126.78232254589244,2022,4,572.7352272727273,25.980184659090906,4,3.4989733059549053,1,662.1719037235036,2022,2021-24
2022-10-20,790.7769836425781,662.268980295967,126.95825498783474,2022,4,624.4651515151515,25.63933080808081,4,3.4989733059549053,0,0.0,2022,2021-24
2022-10-21,831.3700256347656,662.5689421225377,127.15373547888173,2022,4,793.5962121212121,27.485629734848487,4,3.4989733059549053,0,0.0,2022,2021-24
2022-10-22,799.9580017089844,662.6336598375133,127.27102377350992,2022,4,742.6859848484848,27.595730744949492,4,3.4989733059549053,0,0.0,2022,2021-24
2022-10-23,743.9190063476562,662.6516369805621,127.30360385535108,2022,4,711.098106060606,27.48652935606061,4,3.4989733059549053,0,0.0,2022,2021-24
2022-10-24,830.0150085449219,662.7666906960743,127.51211637913454,2022,4,762.9299242424242,27.449455492424246,4,3.4989733059549053,0,0.0,2022,2021-24
2022-10-25,843.39599609375,662.874553554367,127.70759687018153,2022,4,745.5909090909091,27.546725063131316,4,3.4989733059549053,0,0.0,2022,2021-24
2022-10-26,839.1409484863282,663.1039222632274,127.90959337759676,2022,4,700.7867424242424,27.110077335858588,4,3.4989733059549053,0,0.0,2022,2021-24
2022-10-27,824.20498046875,663.2380478654244,128.12462191774847,2022,4,722.6234848484848,26.635582386363637,4,3.4989733059549053,0,0.0,2022,2021-24
2022-10-28,818.6800231933594,663.3638878667658,128.35268249063662,2022,4,645.6594696969697,26.668489583333336,4,3.4989733059549053,0,0.0,2022,2021-24
2022-10-29,740.9449890136718,663.3638878667658,128.35268249063662,2022,4,751.4712121212121,27.012089646464645,4,3.4989733059549053,0,0.0,2022,2021-24
2022-10-30,732.8549926757812,663.3674832953756,128.35919850700486,2022,4,713.2431818181818,26.881005366161613,4,3.4989733059549053,0,0.0,2022,2021-24
2022-10-31,828.5000061035156,663.4322010103512,128.47648680163306,2022,4,732.9939393939394,26.98659248737374,4,3.4989733059549053,0,0.0,2022,2021-24
2022-11-01,802.5430053710937,663.5364684400341,128.6654512763118,2022,4,758.6799242424242,26.734682765151515,4,3.4989733059549053,0,0.0,2022,2021-24
2022-11-02,855.1190124511719,663.6660576795965,128.84789973462233,2022,4,722.0825757575758,26.87359532828283,4,3.4989733059549053,0,0.0,2022,2021-24
2022-11-03,856.1210205078125,663.7307753945721,128.96518802925053,2022,4,664.6829545454545,27.127375315656565,4,3.4989733059549053,0,0.0,2022,2021-24
2022-11-04,891.5190002441407,663.791897680938,129.07596030751048,2022,4,592.698106060606,27.335085227272728,4,3.4989733059549053,0,0.0,2022,2021-24
2022-11-05,812.0470153808594,663.791897680938,129.07596030751048,2022,4,554.489393939394,27.347987689393936,4,3.4989733059549053,1,663.791897680938,2022,2021-24
2022-11-06,756.5169860839844,663.791897680938,129.07596030751048,2022,4,625.0397727272727,27.19465751262626,4,3.4989733059549053,0,0.0,2022,2021-24
2022-11-07,820.9180114746093,663.9462935866854,129.30402088039864,2022,4,737.7,27.102982954545453,4,3.4989733059549053,0,0.0,2022,2021-24
2022-11-08,799.5469909667969,664.0541564449782,129.49950137144563,2022,4,582.5723484848485,26.78202335858586,4,3.4989733059549053,1,664.0541564449782,2022,2021-24
2022-11-09,784.2570068359375,664.1548284460514,129.68194982975615,2022,4,694.7265151515152,26.43108428030303,4,3.4989733059549053,0,0.0,2022,2021-24
2022-11-10,788.5160705566407,664.3312383257286,129.91652641901254,2022,4,649.6450757575758,25.639204545454547,4,3.4989733059549053,0,0.0,2022,2021-24
2022-11-11,705.2589538574218,664.3959560407042,130.03381471364074,2022,4,624.7424242424242,25.400355113636362,4,3.4989733059549053,0,0.0,2022,2021-24
2022-11-12,693.7139282226562,664.3995514693139,130.04033073000898,2022,4,613.694696969697,25.454845328282826,4,3.4989733059549053,0,0.0,2022,2021-24
2022-11-13,679.8689758300782,664.4031468979236,130.0468467463772,2022,4,696.2386363636364,26.02478693181818,4,3.4989733059549053,0,0.0,2022,2021-24
2022-11-14,758.893994140625,664.5110097562164,130.2423272374242,2022,4,714.8806818181818,25.831565656565658,4,3.4989733059549053,0,0.0,2022,2021-24
2022-11-15,733.1079833984375,664.6080863286797,130.4182596793665,2022,4,717.2655303030303,25.23416193181819,4,3.4989733059549053,0,0.0,2022,2021-24
2022-11-16,748.6440002441407,664.7233525839276,130.62677220314998,2022,4,711.5776515151515,25.68996212121212,4,3.4989733059549053,0,0.0,2022,2021-24
2022-11-17,830.352978515625,664.8887422999765,130.9265089560887,2022,4,588.3659090909091,25.962673611111114,4,3.4989733059549053,1,664.8887422999765,2022,2021-24
2022-11-18,810.6200012207031,664.9907712363247,131.1089574143992,2022,4,642.6564393939394,26.29103535353535,4,3.4989733059549053,0,0.0,2022,2021-24
2022-11-19,741.0220397949219,664.9907712363247,131.1089574143992,2022,4,693.8465909090909,26.11547506313131,4,3.4989733059549053,0,0.0,2022,2021-24
2022-11-20,696.4929809570312,664.9907712363247,131.1089574143992,2022,4,688.3181818181818,26.16100063131313,4,3.4989733059549053,0,0.0,2022,2021-24
2022-11-21,756.5860107421875,665.1417792379344,131.382630101865,2022,4,700.2185606060606,26.01983901515152,4,3.4989733059549053,0,0.0,2022,2021-24
2022-11-22,788.2079650878907,665.2891918109344,131.64978677296256,2022,4,631.3867424242424,25.937681502525248,4,3.4989733059549053,0,0.0,2022,2021-24
2022-11-23,792.9129699707031,665.4078409550564,131.86481531311426,2022,4,531.1526515151515,25.559296085858588,4,3.4989733059549053,1,665.4078409550564,2022,2021-24
2022-11-24,703.1350219726562,665.4078409550564,131.86481531311426,2022,4,493.7666666666666,23.959540719696975,4,3.4989733059549053,1,665.4078409550564,2022,2021-24
2022-11-25,635.2070251464844,665.4150318122759,131.87784734585074,2022,4,679.6708333333333,24.162215909090904,4,3.4989733059549053,0,0.0,2022,2021-24
2022-11-26,659.2230285644531,665.4150318122759,131.87784734585074,2022,4,566.7333333333333,24.27456597222222,4,3.4989733059549053,1,665.4150318122759,2022,2021-24
2022-11-27,674.9730407714844,665.4222226694953,131.89087937858721,2022,4,621.6242424242424,24.70911458333333,4,3.4989733059549053,0,0.0,2022,2021-24
2022-11-28,878.4979736328125,665.4761540986417,131.98861962411073,2022,4,250.23295454545456,24.905555555555555,4,3.4989733059549053,1,665.4761540986417,2022,2021-24
2022-11-29,824.2980041503906,665.5840169569344,132.18410011515772,2022,4,551.5681818181818,25.92820391414142,4,3.4989733059549053,1,665.5840169569344,2022,2021-24
2022-11-30,827.852001953125,665.6810935293978,132.36003255710003,2022,4,658.7136363636363,25.64793244949495,4,3.4989733059549053,0,0.0,2022,2021-24
2022-12-01,788.9670104980469,665.7853609590808,132.54899703177878,2022,4,639.9526515151515,25.00209122474747,4,3.4989733059549053,0,0.0,2022,2021-24
2022-12-02,790.7,665.9795141040076,132.90086191566337,2022,4,611.9833333333333,25.338738952020197,4,3.4989733059549053,0,0.0,2022,2021-24
2022-12-03,733.5339965820312,665.9795141040076,132.90086191566337,2022,4,638.6636363636364,25.85772569444445,4,3.4989733059549053,0,0.0,2022,2021-24
2022-12-04,742.2360168457031,665.9795141040076,132.90086191566337,2022,4,521.3806818181818,25.86531723484848,4,3.4989733059549053,1,665.9795141040076,2022,2021-24
2022-12-05,794.0329833984375,666.1341175342271,133.1810506194974,2022,4,514.0791666666667,25.51860795454545,4,3.4989733059549053,1,666.1341175342271,2022,2021-24
2022-12-06,857.3729431152344,666.2204816621932,133.337435012335,2022,4,398.0564393939394,25.97283775252525,4,3.4989733059549053,1,666.2204816621932,2022,2021-24
2022-12-07,825.171044921875,666.3391308063151,133.5524635524867,2022,4,457.8640151515151,25.975023674242422,4,3.4989733059549053,1,666.3391308063151,2022,2021-24
2022-12-08,799.5260009765625,666.4649708076565,133.78052412537485,2022,4,526.803787878788,25.622940340909086,4,3.4989733059549053,1,666.4649708076565,2022,2021-24
2022-12-09,766.3489929199219,666.7706788774705,134.008584698263,2022,4,551.0212121212121,25.56654829545455,4,3.4989733059549053,1,666.7706788774705,2022,2021-24
2022-12-10,695.4360168457031,666.7742743060802,134.01510071463125,2022,4,629.178409090909,25.24431029040404,4,3.4989733059549053,0,0.0,2022,2021-24
2022-12-11,708.1790100097656,666.7742743060802,134.01510071463125,2022,4,535.8492424242424,25.2868529040404,4,3.4989733059549053,1,666.7742743060802,2022,2021-24
2022-12-12,798.1690063476562,666.9252823076899,134.28877340209704,2022,4,515.1636363636364,24.98384627525253,4,3.4989733059549053,1,666.9252823076899,2022,2021-24
2022-12-13,764.0330261230469,666.9971908798851,134.4190937294617,2022,4,584.3166666666667,25.16991003787879,4,3.4989733059549053,1,666.9971908798851,2022,2021-24
2022-12-14,786.2320007324219,667.0798857379095,134.56896210593106,2022,4,612.239393939394,25.398950441919194,4,3.4989733059549053,0,0.0,2022,2021-24
2022-12-15,757.63798828125,667.3446092189595,134.78399064608277,2022,4,658.8481060606061,25.00826231060606,4,3.4989733059549053,0,0.0,2022,2021-24
2022-12-16,767.571044921875,667.4273040769839,134.93385902255213,2022,4,489.9962121212121,24.50707070707071,4,3.4989733059549053,1,667.4273040769839,2022,2021-24
2022-12-17,695.8950134277344,667.4273040769839,134.93385902255213,2022,4,653.7367424242424,24.89887152777777,4,3.4989733059549053,0,0.0,2022,2021-24
2022-12-18,774.675,667.4524720772522,134.97947113712976,2022,4,142.47424242424242,24.159461805555562,4,3.4989733059549053,1,667.4524720772522,2022,2021-24
2022-12-19,775.128955078125,667.5279760780571,135.11630748086267,2022,4,168.4882575757576,23.847403724747476,4,3.4989733059549053,1,667.5279760780571,2022,2021-24
2022-12-20,702.8660034179687,667.6106709360815,135.26617585733203,2022,4,601.819696969697,24.472664141414146,4,3.4989733059549053,0,0.0,2022,2021-24
2022-12-21,721.491015625,667.6646023652279,135.36391610285554,2022,4,613.3026515151515,24.59057765151515,4,3.4989733059549053,0,0.0,2022,2021-24
2022-12-22,735.9889953613281,667.8436675950584,135.6506208230578,2022,4,613.0969696969697,24.542605744949494,4,3.4989733059549053,0,0.0,2022,2021-24
2022-12-23,746.8740295410156,667.9731030250097,135.8851974123142,2022,4,531.2901515151515,24.71594065656565,4,3.4989733059549053,1,667.9731030250097,2022,2021-24
2022-12-24,765.0960083007812,667.9874847394487,135.91126147778712,2022,4,481.1893939393939,25.072387941919192,4,3.4989733059549053,1,667.9874847394487,2022,2021-24
2022-12-25,697.3450012207031,667.9874847394487,135.91126147778712,2022,4,605.4420454545455,25.435827020202026,4,3.4989733059549053,0,0.0,2022,2021-24
2022-12-26,724.9990112304688,668.0018664538878,135.93732554326004,2022,4,639.178787878788,25.16951546717172,4,3.4989733059549053,0,0.0,2022,2021-24
2022-12-27,756.7430236816406,668.0773704546928,136.07416188699295,2022,4,643.3575757575758,25.367092803030303,4,3.4989733059549053,0,0.0,2022,2021-24
2022-12-28,797.6729919433594,668.1241110266196,136.15887009978,2022,4,417.3102272727273,25.373192866161617,4,3.4989733059549053,1,668.1241110266196,2022,2021-24
2022-12-29,745.155029296875,668.206805884644,136.30873847624935,2022,4,562.7943181818182,24.994341856060604,4,3.4989733059549053,1,668.206805884644,2022,2021-24
2022-12-30,735.0210083007812,668.3326458859855,136.5367990491375,2022,4,595.1613636363636,24.938628472222224,4,3.4989733059549053,0,0.0,2022,2021-24
2022-12-31,720.4320007324219,668.3721956006927,136.60847522918806,2022,4,654.2825757575758,25.07819602272727,4,3.4989733059549053,0,0.0,2022,2021-24
2023-01-01,687.0679931640625,668.3770486794448,136.6149912455563,2023,1,443.5545454545455,24.783065025252526,1,4.498973305954905,1,668.3770486794448,2023,2021-24
2023-01-02,716.8950134277344,668.391607915701,136.634539294661,2023,1,617.3852272727273,25.033940972222222,1,4.498973305954905,0,0.0,2023,2021-24
2023-01-03,762.7059997558594,668.503228726999,136.78440767113037,2023,1,663.757196969697,24.482741477272725,1,4.498973305954905,0,0.0,2023,2021-24
2023-01-04,823.2909973144531,668.5614656720242,136.86259986754916,2023,1,373.12348484848485,23.89696180555555,1,4.498973305954905,1,668.5614656720242,2023,2021-24
2023-01-05,779.2250183105468,668.6245556958013,136.9473080803362,2023,1,634.9109848484849,24.56579861111111,1,4.498973305954905,0,0.0,2023,2021-24
2023-01-06,761.8110046386719,668.7486278652459,137.0450483258597,2023,1,678.0484848484849,24.828353851010103,1,4.498973305954905,0,0.0,2023,2021-24
2023-01-07,682.8829772949218,668.7486278652459,137.0450483258597,2023,1,664.4011363636364,24.75977746212121,1,4.498973305954905,0,0.0,2023,2021-24
2023-01-08,657.6749877929688,668.7486278652459,137.0450483258597,2023,1,694.4318181818182,24.394925820707073,1,4.498973305954905,0,0.0,2023,2021-24
2023-01-09,715.8089965820312,669.0755517942905,137.19491670232907,2023,1,663.5310606060606,24.6163115530303,1,4.498973305954905,0,0.0,2023,2021-24
2023-01-10,716.47900390625,669.1677602905802,137.3187210133255,2023,1,691.5022727272727,25.072774621212123,1,4.498973305954905,0,0.0,2023,2021-24
2023-01-11,712.589990234375,669.2599687868699,137.44252532432193,2023,1,620.4674242424243,23.93901515151515,1,4.498973305954905,0,0.0,2023,2021-24
2023-01-12,661.7140075683594,669.3444655361411,137.54678158621365,2023,1,697.4409090909091,23.509824810606062,1,4.498973305954905,0,0.0,2023,2021-24
2023-01-13,673.8849914550781,669.4172617174224,137.64452183173717,2023,1,709.4439393939394,24.205160984848487,1,4.498973305954905,0,0.0,2023,2021-24
2023-01-14,639.314013671875,669.4221147961745,137.6510378481054,2023,1,689.119696969697,24.64325284090909,1,4.498973305954905,0,0.0,2023,2021-24
2023-01-15,708.5230102539062,669.4221147961745,137.6510378481054,2023,1,462.5681818181818,25.042392676767676,1,4.498973305954905,1,669.4221147961745,2023,2021-24
2023-01-16,760.15,669.4803517411996,137.7292300445242,2023,1,522.8204545454546,24.85159406565656,1,4.498973305954905,1,669.4803517411996,2023,2021-24
2023-01-17,742.75400390625,669.5822663949934,137.8660663882571,2023,1,688.8621212121212,24.925994318181818,1,4.498973305954905,0,0.0,2023,2021-24
2023-01-18,743.0039916992188,669.6502094975227,137.95729061741238,2023,1,655.9867424242424,25.20164141414141,1,4.498973305954905,0,0.0,2023,2021-24
2023-01-19,769.4329833984375,669.7424179938124,138.08109492840882,2023,1,658.9511363636364,25.08656881313131,1,4.498973305954905,0,0.0,2023,2021-24
2023-01-20,752.8079956054687,669.8103610963417,138.1723191575641,2023,1,677.5412878787879,25.183270202020207,1,4.498973305954905,0,0.0,2023,2021-24
2023-01-21,738.9639892578125,669.8297734113501,138.198383223037,2023,1,488.867803030303,25.1314788510101,1,4.498973305954905,1,669.8297734113501,2023,2021-24
2023-01-22,667.0469970703125,669.8297734113501,138.198383223037,2023,1,696.5844696969697,25.20214646464646,1,4.498973305954905,0,0.0,2023,2021-24
2023-01-23,753.9570068359375,669.9559534589043,138.36779964861108,2023,1,674.9223484848485,24.93237058080808,1,4.498973305954905,0,0.0,2023,2021-24
2023-01-24,746.7799865722657,670.1403704514837,138.61540827060395,2023,1,672.1594696969697,24.717447916666668,1,4.498973305954905,0,0.0,2023,2021-24
2023-01-25,762.9420043945313,670.3393466803193,138.8825649417015,2023,1,474.8185606060606,24.303227588383837,1,4.498973305954905,1,670.3393466803193,2023,2021-24
2023-01-26,652.4850036621094,670.4267020978568,138.9998532363297,2023,1,681.7121212121212,23.269002525252528,1,4.498973305954905,0,0.0,2023,2021-24
2023-01-27,665.9080200195312,670.5189105941465,139.12365754732613,2023,1,548.2681818181818,23.011513573232325,1,4.498973305954905,1,670.5189105941465,2023,2021-24
2023-01-28,696.5279846191406,670.5237636728986,139.13017356369437,2023,1,385.7314393939394,22.897861426767676,1,4.498973305954905,1,670.5237636728986,2023,2021-24
2023-01-29,714.4759948730468,670.5237636728986,139.13017356369437,2023,1,309.26401515151514,22.98909406565656,1,4.498973305954905,1,670.5237636728986,2023,2021-24
2023-01-30,760.86298828125,670.6839152717174,139.34520210384608,2023,1,418.4125,23.49156407828283,1,4.498973305954905,1,670.6839152717174,2023,2021-24
2023-01-31,740.2719970703125,670.8149483980238,139.52113454578839,2023,1,574.294696969697,24.582133838383836,1,4.498973305954905,1,670.8149483980238,2023,2021-24
2023-02-01,758.9009887695313,672.452514131005,139.75571113504478,2023,1,595.7030303030303,24.58751578282828,1,4.498973305954905,0,0.0,2023,2021-24
2023-02-02,748.9580139160156,672.6223718873281,139.98377170793293,2023,1,674.2693181818182,24.403203914141418,1,4.498973305954905,0,0.0,2023,2021-24
2023-02-03,794.9099914550782,672.9463782623703,140.21183228082108,2023,1,384.035606060606,24.473035037878788,1,4.498973305954905,1,672.9463782623703,2023,2021-24
2023-02-04,760.6079833984375,672.9657905773787,140.237896346294,2023,1,220.5162878787879,24.171685606060606,1,4.498973305954905,1,672.9657905773787,2023,2021-24
2023-02-05,652.0700012207031,673.0143213648996,140.30305650997633,2023,1,671.4454545454545,24.856865530303036,1,4.498973305954905,0,0.0,2023,2021-24
2023-02-06,733.2310241699219,673.1961495028623,140.53763309923272,2023,1,697.3708333333333,24.93905460858586,1,4.498973305954905,0,0.0,2023,2021-24
2023-02-07,787.8510192871094,673.3805664954417,140.7852417212256,2023,1,553.3587121212121,24.91887626262626,1,4.498973305954905,1,673.3805664954417,2023,2021-24
2023-02-08,685.7280090332031,673.5455711730127,141.0067862777455,2023,1,635.6965909090909,24.573200757575762,1,4.498973305954905,0,0.0,2023,2021-24
2023-02-09,701.0380249023438,673.6620450630628,141.1631706705831,2023,1,630.9450757575758,24.291666666666668,1,4.498973305954905,0,0.0,2023,2021-24
2023-02-10,662.2659973144531,673.7973129937175,141.31303904705246,2023,1,722.0329545454546,24.413533775252528,1,4.498973305954905,0,0.0,2023,2021-24
2023-02-11,605.8470092773438,673.8021660724695,141.3195550634207,2023,1,737.3462121212121,24.185282512626262,1,4.498973305954905,0,0.0,2023,2021-24
2023-02-12,602.9759948730468,673.8021660724695,141.3195550634207,2023,1,680.1287878787879,24.095754419191916,1,4.498973305954905,0,0.0,2023,2021-24
2023-02-13,682.8889953613282,673.9429053562801,141.50851953809945,2023,1,690.3681818181818,23.957394255050506,1,4.498973305954905,0,0.0,2023,2021-24
2023-02-14,681.6169982910156,674.0545261675782,141.6583879145688,2023,1,719.069696969697,23.51096117424243,1,4.498973305954905,0,0.0,2023,2021-24
2023-02-15,694.0530151367187,677.1112690896965,141.8343203565111,2023,1,713.0102272727273,23.39518623737374,1,4.498973305954905,0,0.0,2023,2021-24
2023-02-16,763.1090148925781,677.2762737672675,142.05586491303103,2023,1,571.6568181818182,24.12493686868686,1,4.498973305954905,1,677.2762737672675,2023,2021-24
2023-02-17,835.8880004882812,677.4703969173511,142.31650556776034,2023,1,149.4912878787879,22.663383838383837,1,4.498973305954905,1,677.4703969173511,2023,2021-24
2023-02-18,703.2329895019532,677.4752499961031,142.32302158412858,2023,1,538.7821969696969,24.097632575757572,1,4.498973305954905,1,677.4752499961031,2023,2021-24
2023-02-19,652.318017578125,677.4752499961031,142.32302158412858,2023,1,647.0102272727272,24.609832702020203,1,4.498973305954905,0,0.0,2023,2021-24
2023-02-20,798.4080078125,677.523780783624,142.3881817478109,2023,1,345.5261363636364,24.066224747474745,1,4.498973305954905,1,677.523780783624,2023,2021-24
2023-02-21,761.0679992675781,677.7130508549554,142.642306386172,2023,1,600.9810606060606,24.501396780303025,1,4.498973305954905,0,0.0,2023,2021-24
2023-02-22,782.8809936523437,677.853790138766,142.83127086085076,2023,1,397.5064393939394,24.56423611111111,1,4.498973305954905,1,677.853790138766,2023,2021-24
2023-02-23,731.8270202636719,677.9685356379825,142.96810720458367,2023,1,592.1825757575758,24.296527777777783,1,4.498973305954905,0,0.0,2023,2021-24
2023-02-24,702.293994140625,678.1383933943056,143.19616777747183,2023,1,585.4712121212121,23.782828282828287,1,4.498973305954905,1,678.1383933943056,2023,2021-24
2023-02-25,597.3370056152344,678.1480995518098,143.2091998102083,2023,1,724.9575757575758,23.88409090909091,1,4.498973305954905,0,0.0,2023,2021-24
2023-02-26,577.9580078125,678.1480995518098,143.2091998102083,2023,1,725.6772727272727,23.674289772727274,1,4.498973305954905,0,0.0,2023,2021-24
2023-02-27,645.1410095214844,678.2597203631078,143.35906818667766,2023,1,707.0617424242424,23.64734059343434,1,4.498973305954905,0,0.0,2023,2021-24
2023-02-28,639.6989990234375,678.4489904344392,143.61319282503877,2023,1,698.4564393939394,23.396314709595966,1,4.498973305954905,0,0.0,2023,2021-24
2023-03-01,660.6650146484375,679.7848850350961,143.7760932342446,2023,1,629.6401515151515,23.364299242424238,1,4.498973305954905,0,0.0,2023,2021-24
2023-03-02,646.1580139160156,679.994177346753,143.9129295779775,2023,1,628.6579545454546,23.262515782828288,1,4.498973305954905,0,0.0,2023,2021-24
2023-03-03,665.0330078125,680.0281488980175,143.95854169255514,2023,1,685.7916666666667,23.50148358585859,1,4.498973305954905,0,0.0,2023,2021-24
2023-03-04,597.2899810791016,680.0427081342738,143.97808974165986,2023,1,802.144696969697,23.642424242424244,1,4.498973305954905,0,0.0,2023,2021-24
2023-03-05,623.0629943847656,680.0427081342738,143.97808974165986,2023,1,680.8443181818182,23.662807765151513,1,4.498973305954905,0,0.0,2023,2021-24
2023-03-06,740.4500122070312,680.2077128118448,144.19963429817977,2023,1,609.0996212121212,24.112957702020196,1,4.498973305954905,0,0.0,2023,2021-24
2023-03-07,697.0179870605468,680.2853620718781,144.3038905600715,2023,1,652.9564393939394,23.90860953282828,1,4.498973305954905,0,0.0,2023,2021-24
2023-03-08,621.3160064697265,680.7239803302359,144.4472429201726,2023,1,746.4575757575758,23.97569444444444,1,4.498973305954905,0,0.0,2023,2021-24
2023-03-09,598.3209899902344,681.2662073770272,144.59059528027373,2023,1,794.4106060606061,23.483838383838386,1,4.498973305954905,0,0.0,2023,2021-24
2023-03-10,651.2479858398438,681.3826812670773,144.74697967311133,2023,1,650.4549242424242,23.136608270202007,1,4.498973305954905,0,0.0,2023,2021-24
2023-03-11,553.6079864501953,681.3826812670773,144.74697967311133,2023,1,755.8246212121212,23.398524305555554,1,4.498973305954905,0,0.0,2023,2021-24
2023-03-12,620.7599914550781,681.3923874245814,144.7600117058478,2023,1,747.4734848484848,24.44522569444445,1,4.498973305954905,0,0.0,2023,2021-24
2023-03-13,679.8419982910157,681.474889763367,144.87078398410776,2023,1,872.7522727272728,24.55527146464647,1,4.498973305954905,0,0.0,2023,2021-24
2023-03-14,855.6949829101562,681.5622451809045,144.98807227873596,2023,1,479.6837121212121,25.037665719696964,1,4.498973305954905,1,681.5622451809045,2023,2021-24
2023-03-15,747.4069885253906,681.6593067559462,145.11839260610063,2023,1,846.9030303030304,25.11377840909091,1,4.498973305954905,0,0.0,2023,2021-24
2023-03-16,733.1149963378906,681.867989142286,145.39858130993466,2023,1,783.089393939394,24.893347537878793,1,4.498973305954905,0,0.0,2023,2021-24
2023-03-17,750.1509887695313,681.9699037960798,145.53541765366757,2023,1,764.2647727272728,25.11504103535353,1,4.498973305954905,0,0.0,2023,2021-24
2023-03-18,677.6609924316406,681.9747568748319,145.5419336700358,2023,1,711.440909090909,25.228172348484847,1,4.498973305954905,0,0.0,2023,2021-24
2023-03-19,676.123974609375,681.9747568748319,145.5419336700358,2023,1,691.3666666666667,24.991911300505052,1,4.498973305954905,0,0.0,2023,2021-24
2023-03-20,758.1660034179688,682.0572592136174,145.65270594829576,2023,1,711.6496212121212,25.124913194444442,1,4.498973305954905,0,0.0,2023,2021-24
2023-03-21,775.7889953613281,682.1300553948987,145.75044619381927,2023,1,665.7431818181818,25.307125946969695,1,4.498973305954905,0,0.0,2023,2021-24
2023-03-22,780.5929931640625,682.1882923399238,145.82863839023807,2023,1,640.9367424242424,25.215001578282834,1,4.498973305954905,0,0.0,2023,2021-24
2023-03-23,809.6589965820312,682.3387377812386,146.0306348976533,2023,1,361.6587121212121,24.559540719696958,1,4.498973305954905,1,682.3387377812386,2023,2021-24
2023-03-24,719.5609741210938,682.4980983829481,146.18050327412266,2023,1,857.198106060606,24.973374368686873,1,4.498973305954905,0,0.0,2023,2021-24
2023-03-25,653.8729797363281,682.4980983829481,146.18050327412266,2023,1,796.8348484848485,25.122056502525258,1,4.498973305954905,0,0.0,2023,2021-24
2023-03-26,621.9840026855469,682.4980983829481,146.18050327412266,2023,1,832.535606060606,25.03877840909091,1,4.498973305954905,0,0.0,2023,2021-24
2023-03-27,735.1870056152344,682.600013036742,146.31733961785557,2023,1,797.1268939393939,24.762192234848484,1,4.498973305954905,0,0.0,2023,2021-24
2023-03-28,764.381005859375,682.7358992418004,146.49978807616608,2023,1,629.7223484848485,24.882812499999996,1,4.498973305954905,0,0.0,2023,2021-24
2023-03-29,786.7950012207032,682.9160523731792,146.64965645263544,2023,1,556.5257575757576,25.285535037878784,1,4.498973305954905,1,682.9160523731792,2023,2021-24
2023-03-30,737.8449890136719,683.0859101295023,146.8777170255236,2023,1,779.2556818181818,25.266453598484844,1,4.498973305954905,0,0.0,2023,2021-24
2023-03-31,795.1109985351562,683.2139832692145,147.04061743472943,2023,1,643.3375,25.141848169191917,1,4.498973305954905,0,0.0,2023,2021-24
2023-04-01,764.1509826660156,683.2139832692145,147.04061743472943,2023,2,265.6382575757576,24.814749053030308,2,4.498973305954905,1,683.2139832692145,2023,2021-24
2023-04-02,733.4430053710937,683.2139832692145,147.04061743472943,2023,2,474.6920454545455,24.81267361111111,2,4.498973305954905,1,683.2139832692145,2023,2021-24
2023-04-03,671.4049987792969,683.4146933280063,147.2882260567223,2023,2,782.6568181818182,24.84254261363637,2,4.498973305954905,0,0.0,2023,2021-24
2023-04-04,683.8000061035157,683.8488886483764,147.4446104495599,2023,2,703.442803030303,24.629971590909093,2,4.498973305954905,0,0.0,2023,2021-24
2023-04-05,703.0549865722656,683.9653625384265,147.60099484239748,2023,2,789.4776515151515,24.804427083333334,2,4.498973305954905,0,0.0,2023,2021-24
2023-04-06,675.6869873046875,684.0769833497245,147.75086321886684,2023,2,820.6041666666666,24.68954387626263,2,4.498973305954905,0,0.0,2023,2021-24
2023-04-07,723.3640014648438,684.1837510822704,147.89421557896796,2023,2,627.1045454545454,24.684564393939397,2,4.498973305954905,0,0.0,2023,2021-24
2023-04-08,643.4309875488282,684.1837510822704,147.89421557896796,2023,2,665.1306818181818,24.4982086489899,2,4.498973305954905,0,0.0,2023,2021-24
2023-04-09,641.9159912109375,684.1837510822704,147.89421557896796,2023,2,546.4715909090909,24.249076704545455,2,4.498973305954905,1,684.1837510822704,2023,2021-24
2023-04-10,659.3660034179687,684.3233065572705,148.08318005364671,2023,2,795.1761363636364,24.49753787878788,2,4.498973305954905,0,0.0,2023,2021-24
2023-04-11,669.8080017089844,684.4475207298805,148.22001639737962,2023,2,815.4469696969697,24.702683080808075,2,4.498973305954905,0,0.0,2023,2021-24
2023-04-12,670.4679870605469,684.5445823049222,148.3503367247443,2023,2,793.3208333333334,24.889283459595955,2,4.498973305954905,0,0.0,2023,2021-24
2023-04-13,680.4609985351562,684.7241462187494,148.59142933036892,2023,2,805.7121212121212,24.95295138888889,2,4.498973305954905,0,0.0,2023,2021-24
2023-04-14,641.7800170898438,684.8406201087995,148.74781372320652,2023,2,896.6852272727272,24.181534090909086,2,4.498973305954905,0,0.0,2023,2021-24
2023-04-15,605.4710205078125,684.8842978175683,148.80645787052063,2023,2,822.2954545454546,24.28110795454545,2,4.498973305954905,0,0.0,2023,2021-24
2023-04-16,622.4810119628906,684.923122447585,148.8585860014665,2023,2,857.0034090909091,25.153937815656565,2,4.498973305954905,0,0.0,2023,2021-24
2023-04-17,730.0039855957032,685.0153309438747,148.98239031246294,2023,2,727.8344696969697,25.2725615530303,2,4.498973305954905,0,0.0,2023,2021-24
2023-04-18,813.4900085449219,685.1026863614122,149.09967860709114,2023,2,429.0231060606061,25.022995580808082,2,4.498973305954905,1,685.1026863614122,2023,2021-24
2023-04-19,718.2719970703125,685.2337194877186,149.27561104903344,2023,2,779.6674242424242,25.507875631313127,2,4.498973305954905,0,0.0,2023,2021-24
2023-04-20,750.9289978027343,685.3481344456586,149.39289934366164,2023,2,624.9878787878788,24.918726325757575,2,4.498973305954905,0,0.0,2023,2021-24
2023-04-21,737.50400390625,685.4892957754394,149.56883178560395,2023,2,823.1587121212121,25.545533459595962,2,4.498973305954905,0,0.0,2023,2021-24
2023-04-22,703.6210021972656,685.4892957754394,149.56883178560395,2023,2,882.9102272727272,25.677911931818176,2,4.498973305954905,0,0.0,2023,2021-24
2023-04-23,644.2510192871093,685.4941488541914,149.57534780197219,2023,2,863.6147727272728,25.312752525252524,2,4.498973305954905,0,0.0,2023,2021-24
2023-04-24,783.1779968261719,685.6688596892666,149.80992439122858,2023,2,665.9477272727273,25.244381313131314,2,4.498973305954905,0,0.0,2023,2021-24
2023-04-25,747.7309936523437,685.8338643668376,150.0314689477485,2023,2,603.5969696969697,24.719807449494947,2,4.498973305954905,0,0.0,2023,2021-24
2023-04-26,735.0139953613282,685.9163667056231,150.14224122600845,2023,2,625.0030303030303,24.36684027777778,2,4.498973305954905,0,0.0,2023,2021-24
2023-04-27,794.7060119628907,686.040237299202,150.2921096024778,2023,2,329.90719696969694,24.016674558080812,2,4.498973305954905,1,686.040237299202,2023,2021-24
2023-04-28,728.4089904785156,686.1969405580932,150.50062212626128,2023,2,785.1727272727273,25.028993055555556,2,4.498973305954905,0,0.0,2023,2021-24
2023-04-29,679.7669738769531,686.1969405580932,150.50062212626128,2023,2,734.0075757575758,25.37002840909091,2,4.498973305954905,0,0.0,2023,2021-24
2023-04-30,600.3779876708984,686.1969405580932,150.50062212626128,2023,2,852.5257575757576,25.190964330808082,2,4.498973305954905,0,0.0,2023,2021-24
2023-05-01,728.2439880371094,686.3231206056474,150.67003855183535,2023,2,809.7613636363636,25.598966224747475,2,4.498973305954905,0,0.0,2023,2021-24
2023-05-02,816.8039855957031,687.872529000936,150.77429481372707,2023,2,423.1837121212121,24.852935606060598,2,4.498973305954905,1,687.872529000936,2023,2021-24
2023-05-03,684.6509948730469,687.9454244673501,150.87203505925058,2023,2,824.4242424242424,25.274597537878787,2,4.498973305954905,0,0.0,2023,2021-24
2023-05-04,693.2789978027344,688.134573198481,150.9762913211423,2023,2,757.3280303030303,25.267163825757578,2,4.498973305954905,0,0.0,2023,2021-24
2023-05-05,683.6060119628906,688.3052945713835,151.0935796157705,2023,2,793.8064393939394,25.06268150252525,2,4.498973305954905,0,0.0,2023,2021-24
2023-05-06,597.9199951171875,688.3052945713835,151.0935796157705,2023,2,819.6818181818182,24.9466461489899,2,4.498973305954905,0,0.0,2023,2021-24
2023-05-07,586.3279907226563,688.3150007288876,151.10661164850697,2023,2,839.3492424242424,25.136229482323234,2,4.498973305954905,0,0.0,2023,2021-24
2023-05-08,702.0799987792968,688.4702992489545,151.31512417229044,2023,2,892.167803030303,25.164141414141415,2,4.498973305954905,0,0.0,2023,2021-24
2023-05-09,681.1269958496093,688.5964792965087,151.4845405978645,2023,2,922.5049242424242,25.089898989898995,2,4.498973305954905,0,0.0,2023,2021-24
2023-05-10,709.2360046386718,688.7275124228152,151.66047303980682,2023,2,748.0912878787879,24.997656249999995,2,4.498973305954905,0,0.0,2023,2021-24
2023-05-11,773.0890197753906,690.4330212583255,151.98627385821848,2023,2,643.8049242424242,24.650520833333335,2,4.498973305954905,0,0.0,2023,2021-24
2023-05-12,758.8380126953125,690.5459830031144,152.1231102019514,2023,2,850.6852272727272,24.76936553030303,2,4.498973305954905,0,0.0,2023,2021-24
2023-05-13,682.5950012207031,690.5508360818665,152.12962621831963,2023,2,769.0450757575758,24.75092329545455,2,4.498973305954905,0,0.0,2023,2021-24
2023-05-14,585.3579986572265,690.5653953181227,152.14917426742434,2023,2,740.064393939394,24.03546401515152,2,4.498973305954905,0,0.0,2023,2021-24
2023-05-15,648.7250061035156,690.7012815231811,152.33162272573486,2023,2,775.2265151515152,24.21241319444444,2,4.498973305954905,0,0.0,2023,2021-24
2023-05-16,689.7900024414063,690.7983430982229,152.46194305309953,2023,2,739.923106060606,24.689030934343425,2,4.498973305954905,0,0.0,2023,2021-24
2023-05-17,695.9499938964843,690.9099639095209,152.6118114295689,2023,2,752.4757575757576,24.84663825757576,2,4.498973305954905,0,0.0,2023,2021-24
2023-05-18,810.0380187988281,691.0349601482648,152.78122785514296,2023,2,378.93030303030304,24.490798611111114,2,4.498973305954905,1,691.0349601482648,2023,2021-24
2023-05-19,756.7839904785156,691.102903250794,152.87245208429823,2023,2,701.3189393939394,25.65410353535354,2,4.498973305954905,0,0.0,2023,2021-24
2023-05-20,688.8320007324219,691.102903250794,152.87245208429823,2023,2,867.6727272727272,26.038312815656568,2,4.498973305954905,0,0.0,2023,2021-24
2023-05-21,641.622998046875,691.1126094082982,152.8854841170347,2023,2,861.9041666666666,26.024179292929293,2,4.498973305954905,0,0.0,2023,2021-24
2023-05-22,718.2109924316406,691.2339363771005,153.04838452624054,2023,2,795.8587121212122,25.65216224747475,2,4.498973305954905,0,0.0,2023,2021-24
2023-05-23,710.4969909667968,691.3309979521422,153.1787048536052,2023,2,857.0996212121212,26.003937815656567,2,4.498973305954905,0,0.0,2023,2021-24
2023-05-24,710.1720092773437,691.5640405368604,153.4132814428616,2023,2,910.6814393939394,25.717818813131316,2,4.498973305954905,0,0.0,2023,2021-24
2023-05-25,699.1080017089844,691.6659551906542,153.5501177865945,2023,2,824.5170454545454,25.23427241161616,2,4.498973305954905,0,0.0,2023,2021-24
2023-05-26,663.1530151367188,691.7678698444481,153.68695413032742,2023,2,856.5147727272728,25.09887941919192,2,4.498973305954905,0,0.0,2023,2021-24
2023-05-27,595.423974609375,691.8018413957127,153.73256624490506,2023,2,926.0325757575756,24.962231691919197,2,4.498973305954905,0,0.0,2023,2021-24
2023-05-28,637.2269958496094,691.8066944744647,153.7390822612733,2023,2,742.430303030303,25.083341224747475,2,4.498973305954905,0,0.0,2023,2021-24
2023-05-29,601.6529968261718,691.8115475532168,153.74559827764153,2023,2,872.9583333333334,25.40825441919192,2,4.498973305954905,0,0.0,2023,2021-24
2023-05-30,724.1769836425781,691.932874522019,153.90849868684737,2023,2,783.7064393939394,25.725291982323238,2,4.498973305954905,0,0.0,2023,2021-24
2023-05-31,743.0960021972656,692.1203269121111,154.06488307968496,2023,2,770.7064393939394,25.864820075757574,2,4.498973305954905,0,0.0,2023,2021-24
2023-06-01,763.0429992675781,692.2173884871528,154.19520340704963,2023,2,742.7897727272727,25.72990845959596,2,4.498973305954905,0,0.0,2023,2021-24
2023-06-02,692.2450012207031,692.3823931647238,154.41674796356955,2023,2,847.0651515151515,25.659824810606057,2,4.498973305954905,0,0.0,2023,2021-24
2023-06-03,681.6719970703125,692.4018054797322,154.44281202904247,2023,2,667.6575757575758,25.313675820707065,2,4.498973305954905,0,0.0,2023,2021-24
2023-06-04,624.9770080566407,692.4066585584842,154.4493280454107,2023,2,754.7431818181818,25.630658143939396,2,4.498973305954905,0,0.0,2023,2021-24
2023-06-05,702.264990234375,692.5572032849317,154.65132455282594,2023,2,855.575,25.818339646464647,2,4.498973305954905,0,0.0,2023,2021-24
2023-06-06,710.5700012207031,692.683383332486,154.8207409784,2023,2,885.2219696969696,25.95527935606061,2,4.498973305954905,0,0.0,2023,2021-24
2023-06-07,731.1850036621094,693.1520285745938,155.00318943671053,2023,2,834.767803030303,26.233751578282824,2,4.498973305954905,0,0.0,2023,2021-24
2023-06-08,732.4360046386719,693.5034143032494,155.15305781317988,2023,2,816.0212121212121,26.31724273989899,2,4.498973305954905,0,0.0,2023,2021-24
2023-06-09,727.6089904785156,693.590769720787,155.27034610780808,2023,2,898.0166666666667,26.333191287878787,2,4.498973305954905,0,0.0,2023,2021-24
2023-06-10,653.910986328125,693.590769720787,155.27034610780808,2023,2,799.8151515151515,26.24345801767677,2,4.498973305954905,0,0.0,2023,2021-24
2023-06-11,615.7289855957031,693.6004758782911,155.28337814054456,2023,2,925.8189393939394,26.35827809343434,2,4.498973305954905,0,0.0,2023,2021-24
2023-06-12,716.9949890136719,693.7169497683412,155.43976253338215,2023,2,874.8049242424242,26.63220486111111,2,4.498973305954905,0,0.0,2023,2021-24
2023-06-13,791.1340026855469,693.8334236583913,155.59614692621975,2023,2,586.1526515151515,26.26471748737374,2,4.498973305954905,1,693.8334236583913,2023,2021-24
2023-06-14,761.6369995117187,694.0564964673325,155.79814343363498,2023,2,784.6344696969697,26.39845328282828,2,4.498973305954905,0,0.0,2023,2021-24
2023-06-15,778.4299987792969,694.138998806118,155.90891571189493,2023,2,574.7742424242424,26.220059974747475,2,4.498973305954905,1,694.138998806118,2023,2021-24
2023-06-16,728.7790100097657,694.2519678894467,156.04575205562784,2023,2,833.5344696969696,26.402604166666666,2,4.498973305954905,0,0.0,2023,2021-24
2023-06-17,643.2259887695312,694.2519678894467,156.04575205562784,2023,2,896.939393939394,26.561174242424244,2,4.498973305954905,0,0.0,2023,2021-24
2023-06-18,627.5140014648438,694.2568209681988,156.05226807199608,2023,2,856.6030303030304,26.40902777777778,2,4.498973305954905,0,0.0,2023,2021-24
2023-06-19,719.6270141601562,694.3684417794968,156.20213644846544,2023,2,869.705303030303,26.277225378787875,2,4.498973305954905,0,0.0,2023,2021-24
2023-06-20,731.5780029296875,694.4412379607782,156.29987669398895,2023,2,878.0083333333334,26.40252525252525,2,4.498973305954905,0,0.0,2023,2021-24
2023-06-21,733.4039855957031,694.543152614572,156.43671303772186,2023,2,856.539393939394,26.554766414141415,2,4.498973305954905,0,0.0,2023,2021-24
2023-06-22,737.0969970703125,694.7906596309285,156.76902987250176,2023,2,866.123106060606,26.5474273989899,2,4.498973305954905,0,0.0,2023,2021-24
2023-06-23,766.9070129394531,694.8877212059703,156.89935019986643,2023,2,753.3458333333334,26.564023042929293,2,4.498973305954905,0,0.0,2023,2021-24
2023-06-24,694.056982421875,694.8925742847223,156.90586621623467,2023,2,784.5575757575758,26.283514835858586,2,4.498973305954905,0,0.0,2023,2021-24
2023-06-25,652.247998046875,694.8974273634743,156.9123822326029,2023,2,696.5238636363636,26.148311237373733,2,4.498973305954905,0,0.0,2023,2021-24
2023-06-26,740.7220031738282,695.0059618071151,157.03618654359934,2023,2,727.2003787878788,26.01841856060606,2,4.498973305954905,0,0.0,2023,2021-24
2023-06-27,717.4570007324219,695.120137710909,157.13392678912285,2023,2,911.242803030303,26.33756313131313,2,4.498973305954905,0,0.0,2023,2021-24
2023-06-28,743.5620178222656,695.2123462071987,157.2577311001193,2023,2,831.259090909091,26.29335542929293,2,4.498973305954905,0,0.0,2023,2021-24
2023-06-29,747.6400024414063,695.4055970398337,157.37501939474748,2023,2,746.0193181818182,26.500591856060606,2,4.498973305954905,0,0.0,2023,2021-24
2023-06-30,740.2160034179688,695.4589809061066,157.44669557479804,2023,2,765.1340909090909,26.21702178030303,2,4.498973305954905,0,0.0,2023,2021-24
2023-07-01,701.368994140625,695.4589809061066,157.44669557479804,2023,3,667.3515151515152,26.343963068181818,3,4.498973305954905,0,0.0,2023,2021-24
2023-07-02,631.425,695.4589809061066,157.44669557479804,2023,3,870.7609848484848,26.254490214646463,3,4.498973305954905,0,0.0,2023,2021-24
2023-07-03,782.6609985351563,695.5851609536609,157.6161120003721,2023,3,837.6617424242424,26.96889204545455,3,4.498973305954905,0,0.0,2023,2021-24
2023-07-04,671.9149963378907,695.5997201899171,157.63566004947683,2023,3,882.4765151515152,26.771930239898992,3,4.498973305954905,0,0.0,2023,2021-24
2023-07-05,792.3190002441406,695.7483265307733,157.82462452415558,2023,3,700.5746212121212,26.491122159090907,3,4.498973305954905,0,0.0,2023,2021-24
2023-07-06,751.289013671875,696.405084195016,158.02010501520257,2023,3,767.8700757575758,26.65174400252526,3,4.498973305954905,0,0.0,2023,2021-24
2023-07-07,750.4109985351563,696.9817029044984,158.21558550624957,2023,3,651.2333333333333,26.25602904040404,3,4.498973305954905,0,0.0,2023,2021-24
2023-07-08,657.6599853515625,696.9962621407547,158.23513355535428,2023,3,762.4318181818182,26.229640151515152,3,4.498973305954905,0,0.0,2023,2021-24
2023-07-09,637.083984375,697.0011152195067,158.24164957172252,2023,3,748.4117424242424,26.36931029040404,3,4.498973305954905,0,0.0,2023,2021-24
2023-07-10,725.5299926757813,697.1030298733006,158.37848591545543,2023,3,722.0034090909091,26.131557765151513,3,4.498973305954905,0,0.0,2023,2021-24
2023-07-11,735.5289978027344,697.3216075166881,158.60003047197534,2023,3,765.8219696969697,26.815853851010104,3,4.498973305954905,0,0.0,2023,2021-24
2023-07-12,771.4970031738281,697.4769060367549,158.8085429957588,2023,3,848.4712121212121,26.954221906565653,3,4.498973305954905,0,0.0,2023,2021-24
2023-07-13,755.1450317382812,697.6127922418134,158.99099145406933,2023,3,814.2818181818182,26.80250157828283,3,4.498973305954905,0,0.0,2023,2021-24
2023-07-14,721.4979736328125,697.6904415018467,159.09524771596105,2023,3,948.3700757575758,26.735621843434345,3,4.498973305954905,0,0.0,2023,2021-24
2023-07-15,694.1389892578125,697.7093455805862,159.10827974869753,2023,3,757.8935606060606,26.407189078282826,3,4.498973305954905,0,0.0,2023,2021-24
2023-07-16,655.1930114746094,697.7190517380903,159.121311781434,2023,3,750.6844696969697,26.558459595959594,3,4.498973305954905,0,0.0,2023,2021-24
2023-07-17,798.216015625,697.8161133131321,159.25163210879867,2023,3,886.7291666666666,27.081557765151516,3,4.498973305954905,0,0.0,2023,2021-24
2023-07-18,786.6740173339844,697.9230094077622,159.38195243616335,2023,3,760.5310606060606,26.959461805555552,3,4.498973305954905,0,0.0,2023,2021-24
2023-07-19,911.9960144042968,698.0686017703248,159.57743292721034,2023,3,460.175,26.99500473484848,3,4.498973305954905,1,698.0686017703248,2023,2021-24
2023-07-20,783.491015625,698.1850756603749,159.73381732004793,2023,3,842.7662878787878,27.020344065656563,3,4.498973305954905,0,0.0,2023,2021-24
2023-07-21,784.0669921875,698.2660711788276,159.81852553283497,2023,3,805.8708333333333,27.026933396464646,3,4.498973305954905,0,0.0,2023,2021-24
2023-07-22,745.4740051269531,698.2758766214645,159.83155756557144,2023,3,830.1170454545456,27.10177556818182,3,4.498973305954905,0,0.0,2023,2021-24
2023-07-23,699.8579956054688,699.6303264659238,159.84458959830792,2023,3,867.6545454545454,27.004079861111112,3,4.498973305954905,0,0.0,2023,2021-24
2023-07-24,796.69599609375,699.7904780647426,160.05961813845963,2023,3,876.2219696969696,27.00411142676768,3,4.498973305954905,0,0.0,2023,2021-24
2023-07-25,779.8020080566406,699.9020988760407,160.20948651492898,2023,3,926.4128787878788,27.0005523989899,3,4.498973305954905,0,0.0,2023,2021-24
2023-07-26,769.8280090332031,700.2523400770559,160.35414207830377,2023,3,916.0382575757576,27.117574179292927,3,4.498973305954905,0,0.0,2023,2021-24
2023-07-27,765.7320068359375,700.3548665604216,160.48446240566844,2023,3,939.519696969697,27.10258049242424,3,4.498973305954905,0,0.0,2023,2021-24
2023-07-28,766.3510131835938,700.4567812142154,160.62129874940135,2023,3,859.7253787878788,27.083735795454547,3,4.498973305954905,0,0.0,2023,2021-24
2023-07-29,727.7590026855469,700.4664873717196,160.63433078213782,2023,3,747.6606060606061,27.063494318181814,3,4.498973305954905,0,0.0,2023,2021-24
2023-07-30,677.9500061035156,700.4713404504716,160.64084679850606,2023,3,855.4541666666667,27.093450126262624,3,4.498973305954905,0,0.0,2023,2021-24
2023-07-31,787.2710083007812,700.5926674192739,160.8037472077119,2023,3,766.1454545454546,27.104640151515152,3,4.498973305954905,0,0.0,2023,2021-24
2023-08-01,765.9269897460938,700.6945820730677,160.9405835514448,2023,3,849.9640151515152,26.989109848484848,3,4.498973305954905,0,0.0,2023,2021-24
2023-08-02,774.7529907226562,700.8628949995443,161.0774198951777,2023,3,814.3344696969697,27.046164772727277,3,4.498973305954905,0,0.0,2023,2021-24
2023-08-03,743.2740051269532,700.955103495834,161.20122420617415,2023,3,886.860606060606,26.934903724747475,3,4.498973305954905,0,0.0,2023,2021-24
2023-08-04,766.8249877929687,701.0959420647773,161.3901886808529,2023,3,833.6753787878788,26.67862215909091,3,4.498973305954905,0,0.0,2023,2021-24
2023-08-05,678.0080017089844,701.1056482222815,161.40322071358938,2023,3,804.8515151515152,26.63724747474748,3,4.498973305954905,0,0.0,2023,2021-24
2023-08-06,675.6950073242188,701.1105013010335,161.40973672995761,2023,3,880.0522727272728,27.121764520202017,3,4.498973305954905,0,0.0,2023,2021-24
2023-08-07,821.5220031738281,701.4362011264994,161.65734535195048,2023,3,808.0299242424242,27.34861900252525,3,4.498973305954905,0,0.0,2023,2021-24
2023-08-08,752.7470092773438,701.5672342528059,161.8332777938928,2023,3,882.2837121212121,27.171890782828285,3,4.498973305954905,0,0.0,2023,2021-24
2023-08-09,777.2000122070312,701.7662104816415,162.10043446499034,2023,3,813.7405303030303,27.081802398989897,3,4.498973305954905,0,0.0,2023,2021-24
2023-08-10,764.3969848632812,702.1204852305439,162.57610365987136,2023,3,841.5045454545455,27.092124368686868,3,4.498973305954905,0,0.0,2023,2021-24
2023-08-11,738.3730102539063,702.3768964842495,162.90842049465127,2023,3,949.609090909091,26.98329387626262,3,4.498973305954905,0,0.0,2023,2021-24
2023-08-12,666.6980163574219,702.3963087992579,162.9344845601242,2023,3,942.882196969697,27.055587121212117,3,4.498973305954905,0,0.0,2023,2021-24
2023-08-13,645.5440185546875,702.4011618780099,162.94100057649243,2023,3,952.2011363636364,27.144570707070713,3,4.498973305954905,0,0.0,2023,2021-24
2023-08-14,779.9849975585937,703.2252603041234,163.39712172226874,2023,3,816.0859848484848,26.9209990530303,3,4.498973305954905,0,0.0,2023,2021-24
2023-08-15,757.4419921875,703.3999711391986,163.63169831152513,2023,3,838.3382575757576,27.102533143939397,3,4.498973305954905,0,0.0,2023,2021-24
2023-08-16,815.5130065917969,703.4970327142403,163.7620186388898,2023,3,776.6378787878788,27.168868371212124,3,4.498973305954905,0,0.0,2023,2021-24
2023-08-17,767.1600036621094,703.7494920944816,164.1008514900379,2023,3,930.4056818181818,27.204387626262626,3,4.498973305954905,0,0.0,2023,2021-24
2023-08-18,758.552978515625,703.8756721420359,164.27026791561198,2023,3,893.6295454545455,26.936821338383837,3,4.498973305954905,0,0.0,2023,2021-24
2023-08-19,712.2770080566406,703.8999375357963,164.30284799745314,2023,3,904.0738636363636,27.089023042929295,3,4.498973305954905,0,0.0,2023,2021-24
2023-08-20,695.0210021972656,703.9096436933005,164.31588003018962,2023,3,875.325,27.066895517676766,3,4.498973305954905,0,0.0,2023,2021-24
2023-08-21,815.2369995117188,704.0649422133673,164.5243925539731,2023,3,883.6208333333334,27.279087752525257,3,4.498973305954905,0,0.0,2023,2021-24
2023-08-22,809.5450012207032,704.5850750781685,164.68729296317892,2023,3,864.9943181818182,27.482054924242423,3,4.498973305954905,0,0.0,2023,2021-24
2023-08-23,778.5590270996094,704.7317780419169,164.86974142148944,2023,3,904.2901515151516,27.334090909090907,3,4.498973305954905,0,0.0,2023,2021-24
2023-08-24,759.7760070800781,704.8773704044795,165.06522191253643,2023,3,895.1390151515152,27.153203914141415,3,4.498973305954905,0,0.0,2023,2021-24
2023-08-25,783.9900024414062,705.1478332535014,165.2737344363199,2023,3,729.1568181818182,27.248690025252525,3,4.498973305954905,0,0.0,2023,2021-24
2023-08-26,708.3960083007812,705.1720986472618,165.30631451816106,2023,3,821.2628787878788,27.08995422979798,3,4.498973305954905,0,0.0,2023,2021-24
2023-08-27,701.9679992675781,705.181804804766,165.31934655089754,2023,3,729.7549242424242,26.86771622474747,3,4.498973305954905,0,0.0,2023,2021-24
2023-08-28,781.8030090332031,705.371804197397,165.48224696010337,2023,3,873.0079545454546,27.09805082070707,3,4.498973305954905,0,0.0,2023,2021-24
2023-08-29,771.7999755859375,705.9444173197833,165.70379151662328,2023,3,829.8712121212122,27.259832702020205,3,4.498973305954905,0,0.0,2023,2021-24
2023-08-30,839.3880187988282,706.0705973673375,165.87320794219735,2023,3,783.7791666666667,27.46369949494949,3,4.498973305954905,0,0.0,2023,2021-24
2023-08-31,795.606982421875,706.2210428086523,166.07520444961258,2023,3,733.5477272727273,27.229797979797983,3,4.498973305954905,0,0.0,2023,2021-24
2023-09-01,792.7049926757812,706.5300090610482,166.30326502250074,2023,3,801.8227272727273,27.015830176767675,3,4.498973305954905,0,0.0,2023,2021-24
2023-09-02,732.3820129394531,706.5300090610482,166.30326502250074,2023,3,783.3356060606061,27.102462121212117,3,4.498973305954905,0,0.0,2023,2021-24
2023-09-03,685.9510009765625,706.5300090610482,166.30326502250074,2023,3,838.1223484848485,27.05559501262626,3,4.498973305954905,0,0.0,2023,2021-24
2023-09-04,708.40400390625,706.5300090610482,166.30326502250074,2023,3,869.6352272727272,27.063983585858583,3,4.498973305954905,0,0.0,2023,2021-24
2023-09-05,791.0750061035156,706.7678099199005,166.62254982454417,2023,3,883.2015151515152,27.109367108585857,3,4.498973305954905,0,0.0,2023,2021-24
2023-09-06,781.0879943847656,706.903696124959,166.80499828285468,2023,3,863.6780303030304,27.363620580808078,3,4.498973305954905,0,0.0,2023,2021-24
2023-09-07,788.3190124511718,707.1463500625633,167.13079910126635,2023,3,901.8897727272728,27.44513099747475,3,4.498973305954905,0,0.0,2023,2021-24
2023-09-08,819.6320068359375,707.291942425126,167.32627959231334,2023,3,794.9174242424242,27.461190025252517,3,4.498973305954905,0,0.0,2023,2021-24
2023-09-09,766.81201171875,707.4251817906037,167.35234365778626,2023,3,687.6083333333333,27.265956439393936,3,4.498973305954905,0,0.0,2023,2021-24
2023-09-10,704.4449890136718,707.4251817906037,167.35234365778626,2023,3,843.0174242424242,27.303787878787876,3,4.498973305954905,0,0.0,2023,2021-24
2023-09-11,807.3570068359375,707.5998926256789,167.58692024704266,2023,3,807.7234848484848,27.2090514520202,3,4.498973305954905,0,0.0,2023,2021-24
2023-09-12,785.0370056152344,707.7212195944811,167.7498206562485,2023,3,818.3344696969697,27.337073863636363,3,4.498973305954905,0,0.0,2023,2021-24
2023-09-13,849.9590026855469,707.9104896658125,168.0039452946096,2023,3,615.2988636363636,27.40374842171717,3,4.498973305954905,0,0.0,2023,2021-24
2023-09-14,828.9630065917969,708.0754943433835,168.2254898511295,2023,3,743.2227272727272,27.420312499999998,3,4.498973305954905,0,0.0,2023,2021-24
2023-09-15,793.8069946289063,708.1968213121858,168.38839026033534,2023,3,855.5541666666666,27.390064709595958,3,4.498973305954905,0,0.0,2023,2021-24
2023-09-16,744.3780029296875,708.2210867059462,168.4209703421765,2023,3,859.7541666666666,27.68429608585859,3,4.498973305954905,0,0.0,2023,2021-24
2023-09-17,732.1559875488281,708.3278544384921,168.56432270227762,2023,3,783.5867424242424,27.33944128787879,3,4.498973305954905,0,0.0,2023,2021-24
2023-09-18,804.8779968261719,708.4443283285422,168.72070709511522,2023,3,746.7094696969697,27.351570391414143,3,4.498973305954905,0,0.0,2023,2021-24
2023-09-19,817.9459655761718,708.66240780376,168.88360750432105,2023,3,754.9810606060606,27.318363320707075,3,4.498973305954905,0,0.0,2023,2021-24
2023-09-20,812.7879943847656,708.7755748853748,169.02695986442217,2023,3,751.4651515151515,27.321914457070704,3,4.498973305954905,0,0.0,2023,2021-24
2023-09-21,803.65498046875,708.8532241454081,169.1312161263139,2023,3,738.9988636363636,26.986616161616155,3,4.498973305954905,0,0.0,2023,2021-24
2023-09-22,781.6789978027343,708.9405795629457,169.24850442094208,2023,3,808.6731060606061,27.04145359848485,3,4.498973305954905,0,0.0,2023,2021-24
2023-09-23,709.2660095214844,709.0036695867228,169.33321263372912,2023,3,832.3988636363636,27.034832702020207,3,4.498973305954905,0,0.0,2023,2021-24
2023-09-24,710.8630004882813,709.0910250042604,169.45050092835731,2023,3,808.7734848484848,26.99838226010101,3,4.498973305954905,0,0.0,2023,2021-24
2023-09-25,772.7970031738281,709.3288258631127,169.76978573040074,2023,3,827.8950757575758,27.033222853535353,3,4.498973305954905,0,0.0,2023,2021-24
2023-09-26,789.3359985351562,709.5297349202658,170.02391036876185,2023,3,712.0473484848485,26.99436553030303,3,4.498973305954905,0,0.0,2023,2021-24
2023-09-27,792.6159973144531,709.7026554089533,170.14119866339004,2023,3,617.0602272727272,26.97282986111111,3,4.498973305954905,0,0.0,2023,2021-24
2023-09-28,795.2710083007812,709.794863905243,170.26500297438648,2023,3,767.5901515151515,27.000552398989907,3,4.498973305954905,0,0.0,2023,2021-24
2023-09-29,848.0700012207031,710.0125310833423,170.44093541632878,2023,3,731.9700757575758,27.365340909090907,3,4.498973305954905,0,0.0,2023,2021-24
2023-09-30,768.6530151367188,710.0173841620943,170.44745143269702,2023,3,815.1462121212121,27.375449810606067,3,4.498973305954905,0,0.0,2023,2021-24
2023-10-01,771.1039978027344,710.0173841620943,170.44745143269702,2023,4,762.2693181818182,27.257141729797983,4,4.498973305954905,0,0.0,2023,2021-24
2023-10-02,844.1679870605469,710.1726826821612,170.6559639564805,2023,4,774.719696969697,27.24476799242424,4,4.498973305954905,0,0.0,2023,2021-24
2023-10-03,832.972021484375,710.3425404384842,170.88402452936865,2023,4,758.5227272727273,26.87473169191919,4,4.498973305954905,0,0.0,2023,2021-24
2023-10-04,789.0280212402344,710.4493081710301,171.02737688946976,2023,4,815.7261363636364,27.007946654040406,4,4.498973305954905,0,0.0,2023,2021-24
2023-10-05,853.7540100097656,710.5463697460718,171.15769721683444,2023,4,733.8257575757576,27.3167297979798,4,4.498973305954905,0,0.0,2023,2021-24
2023-10-06,833.0630249023437,710.6240190061052,171.26195347872616,2023,4,808.185606060606,27.47334280303031,4,4.498973305954905,0,0.0,2023,2021-24
2023-10-07,766.1179809570312,710.6434313211136,171.28801754419908,2023,4,785.0318181818182,27.297222222222217,4,4.498973305954905,0,0.0,2023,2021-24
2023-10-08,699.4419982910156,710.6434313211136,171.28801754419908,2023,4,816.4056818181818,27.133940972222224,4,4.498973305954905,0,0.0,2023,2021-24
2023-10-09,809.3299743652344,710.9253871063703,171.4900140516143,2023,4,670.0943181818182,27.14301609848485,4,4.498973305954905,0,0.0,2023,2021-24
2023-10-10,805.831005859375,711.0952448626933,171.71807462450246,2023,4,738.7276515151516,27.022332702020204,4,4.498973305954905,0,0.0,2023,2021-24
2023-10-11,783.808984375,711.4605676882371,171.86142698460358,2023,4,697.0738636363636,26.885527146464653,4,4.498973305954905,0,0.0,2023,2021-24
2023-10-12,771.4309936523438,711.5721884995352,172.01129536107294,2023,4,838.8693181818182,27.387681502525258,4,4.498973305954905,0,0.0,2023,2021-24
2023-10-13,822.2279968261719,711.7420462558582,172.2393559339611,2023,4,779.8806818181818,27.12310606060606,4,4.498973305954905,0,0.0,2023,2021-24
2023-10-14,753.4499938964843,711.7468993346102,172.24587195032933,2023,4,801.8090909090909,26.999289772727266,4,4.498973305954905,0,0.0,2023,2021-24
2023-10-15,782.47900390625,711.7468993346102,172.24587195032933,2023,4,684.0416666666666,27.177501578282826,4,4.498973305954905,0,0.0,2023,2021-24
2023-10-16,845.6080017089844,711.8682263034125,172.40877235953516,2023,4,733.1988636363636,27.251649305555556,4,4.498973305954905,0,0.0,2023,2021-24
2023-10-17,838.8259948730469,712.1294754774431,172.6107688669504,2023,4,691.169696969697,27.111261047979806,4,4.498973305954905,0,0.0,2023,2021-24
2023-10-18,806.0689880371094,712.3235986275266,172.8714095216797,2023,4,787.9742424242424,27.13596117424242,4,4.498973305954905,0,0.0,2023,2021-24
2023-10-19,821.0039978027344,712.5468402501227,173.17114627461842,2023,4,619.9643939393939,26.901262626262625,4,4.498973305954905,0,0.0,2023,2021-24
2023-10-20,851.2839904785156,712.7110628615599,173.36662676566542,2023,4,623.625,26.755366161616163,4,4.498973305954905,0,0.0,2023,2021-24
2023-10-21,747.2740173339844,712.7110628615599,173.36662676566542,2023,4,708.7757575757576,26.731589330808077,4,4.498973305954905,0,0.0,2023,2021-24
2023-10-22,744.5740112304687,712.7353282553203,173.39920684750658,2023,4,709.398106060606,26.836560921717165,4,4.498973305954905,0,0.0,2023,2021-24
2023-10-23,862.1289978027344,712.9409698704401,173.5816553058171,2023,4,585.1291666666666,27.044704861111097,4,4.498973305954905,1,712.9409698704401,2023,2021-24
2023-10-24,832.7869995117187,713.3677285591104,173.7250076659182,2023,4,731.9939393939394,27.141769255050505,4,4.498973305954905,0,0.0,2023,2021-24
2023-10-25,821.0739990234375,713.4696432129043,173.86184400965112,2023,4,691.9015151515152,27.04036458333333,4,4.498973305954905,0,0.0,2023,2021-24
2023-10-26,795.6950134277344,713.6076933487199,174.03777645159343,2023,4,739.2522727272727,27.001799242424244,4,4.498973305954905,0,0.0,2023,2021-24
2023-10-27,825.5389831542968,713.8145226241743,174.21370889353574,2023,4,761.9018939393939,27.00580808080808,4,4.498973305954905,0,0.0,2023,2021-24
2023-10-28,727.2320190429688,713.8193757029263,174.22022490990398,2023,4,776.564393939394,26.89860321969697,4,4.498973305954905,0,0.0,2023,2021-24
2023-10-29,741.3320068359375,713.8193757029263,174.22022490990398,2023,4,722.6314393939394,26.974147727272726,4,4.498973305954905,0,0.0,2023,2021-24
2023-10-30,838.5470031738281,714.0037926955057,174.46783353189684,2023,4,755.4075757575758,26.79940814393939,4,4.498973305954905,0,0.0,2023,2021-24
2023-10-31,832.8390075683594,714.0523234830266,174.53299369557917,2023,4,739.6003787878788,26.665561868686865,4,4.498973305954905,0,0.0,2023,2021-24
2023-11-01,845.3709838867187,714.2173281605976,174.75453825209908,2023,4,678.6920454545455,26.918379103535358,4,4.498973305954905,0,0.0,2023,2021-24
2023-11-02,828.72099609375,714.3532143656561,174.9369867104096,2023,4,725.551893939394,27.05,4,4.498973305954905,0,0.0,2023,2021-24
2023-11-03,830.7919921875,714.66460058646,175.06730703777427,2023,4,735.9954545454545,27.38246527777778,4,4.498973305954905,0,0.0,2023,2021-24
2023-11-04,769.102001953125,714.6743067439642,175.08033907051075,2023,4,685.4829545454546,27.15621843434343,4,4.498973305954905,0,0.0,2023,2021-24
2023-11-05,724.9320068359375,714.6743067439642,175.08033907051075,2023,4,716.303787878788,27.210077335858585,4,4.498973305954905,0,0.0,2023,2021-24
2023-11-06,855.9499938964843,714.8706528752318,175.26278752882126,2023,4,571.5272727272728,27.164220328282834,4,4.498973305954905,1,714.8706528752318,2023,2021-24
2023-11-07,877.6980163574219,715.0259513952986,175.47130005260473,2023,4,438.7337121212121,27.03020833333333,4,4.498973305954905,1,715.0259513952986,2023,2021-24
2023-11-08,822.9940002441406,715.1514761512049,175.63420046181056,2023,4,717.9469696969696,27.18158933080808,4,4.498973305954905,0,0.0,2023,2021-24
2023-11-09,819.9709777832031,715.2718178814622,175.7971008710164,2023,4,687.9636363636364,27.272679924242425,4,4.498973305954905,0,0.0,2023,2021-24
2023-11-10,800.7830078125,715.3785856140081,175.94045323111752,2023,4,599.3083333333333,26.99404987373737,4,4.498973305954905,0,0.0,2023,2021-24
2023-11-11,746.0469787597656,715.3785856140081,175.94045323111752,2023,4,666.7784090909091,26.908380681818187,4,4.498973305954905,0,0.0,2023,2021-24
2023-11-12,738.2800048828125,715.3882917715123,175.953485263854,2023,4,612.1587121212121,26.72719381313131,4,4.498973305954905,0,0.0,2023,2021-24
2023-11-13,812.5319885253906,715.5484433703311,176.1685138040057,2023,4,624.2193181818182,26.577533143939394,4,4.498973305954905,0,0.0,2023,2021-24
2023-11-14,752.3550048828125,715.6988888116459,176.37051031142093,2023,4,595.5253787878788,25.785298295454538,4,4.498973305954905,0,0.0,2023,2021-24
2023-11-15,766.2769897460937,715.8008034654398,176.50734665515384,2023,4,517.4825757575758,25.55433238636364,4,4.498973305954905,1,715.8008034654398,2023,2021-24
2023-11-16,773.0640014648437,715.9124242767379,176.6572150316232,2023,4,534.6060606060606,25.69859532828282,4,4.498973305954905,1,715.9124242767379,2023,2021-24
2023-11-17,748.1119995117188,716.0531635605485,176.84617950630195,2023,4,693.7833333333333,25.4869476010101,4,4.498973305954905,0,0.0,2023,2021-24
2023-11-18,726.3399963378906,716.0531635605485,176.84617950630195,2023,4,557.830303030303,25.715751262626256,4,4.498973305954905,1,716.0531635605485,2023,2021-24
2023-11-19,779.45400390625,716.0677227968047,176.86572755540666,2023,4,468.5223484848485,25.881163194444444,4,4.498973305954905,1,716.0677227968047,2023,2021-24
2023-11-20,821.7049865722656,716.2036090018631,177.04817601371718,2023,4,368.3348484848485,24.882299558080803,4,4.498973305954905,1,716.2036090018631,2023,2021-24
2023-11-21,817.5820068359375,716.3372061516409,177.211076422923,2023,4,450.5045454545455,25.396464646464647,4,4.498973305954905,1,716.3372061516409,2023,2021-24
2023-11-22,848.8160278320313,716.4827985142035,177.40655691397,2023,4,569.4522727272727,25.974621212121217,4,4.498973305954905,1,716.4827985142035,2023,2021-24
2023-11-23,805.1609985351563,716.4827985142035,177.40655691397,2023,4,611.8492424242424,26.03803661616162,4,4.498973305954905,0,0.0,2023,2021-24
2023-11-24,767.6650024414063,716.4973577504597,177.42610496307472,2023,4,619.998106060606,25.999668560606064,4,4.498973305954905,0,0.0,2023,2021-24
2023-11-25,750.5230041503906,716.4973577504597,177.42610496307472,2023,4,618.707196969697,25.88626893939394,4,4.498973305954905,0,0.0,2023,2021-24
2023-11-26,745.1609924316406,716.4973577504597,177.42610496307472,2023,4,520.8935606060606,25.42350852272727,4,4.498973305954905,1,716.4973577504597,2023,2021-24
2023-11-27,855.8349975585937,716.6332439555182,177.60855342138524,2023,4,344.3507575757576,25.719034090909087,4,4.498973305954905,1,716.6332439555182,2023,2021-24
2023-11-28,823.9410034179688,716.8079547905934,177.84313001064163,2023,4,379.4886363636363,25.19432607323232,4,4.498973305954905,1,716.8079547905934,2023,2021-24
2023-11-29,867.8249877929687,716.9875187044206,178.08422261626626,2023,4,203.44545454545454,24.88176294191919,4,4.498973305954905,1,716.9875187044206,2023,2021-24
2023-11-30,897.0209838867188,717.1605971987705,178.2471230254721,2023,4,238.3837121212121,26.02639678030303,4,4.498973305954905,1,717.1605971987705,2023,2021-24
2023-12-01,855.5779907226563,717.3207487975893,178.4621515656238,2023,4,140.36098484848486,25.096464646464643,4,4.498973305954905,1,717.3207487975893,2023,2021-24
2023-12-02,728.493994140625,717.3256018763414,178.46866758199204,2023,4,656.8098484848485,25.79040404040404,4,4.498973305954905,0,0.0,2023,2021-24
2023-12-03,738.8989929199219,717.3498672701018,178.5012476638332,2023,4,645.3132575757576,25.772687815656564,4,4.498973305954905,0,0.0,2023,2021-24
2023-12-04,807.6880004882812,717.7343810870722,178.85311254771779,2023,4,548.992803030303,25.564070391414138,4,4.498973305954905,1,717.7343810870722,2023,2021-24
2023-12-05,830.083984375,718.2614596800556,179.08768913697418,2023,4,449.1534090909091,25.71498579545455,4,4.498973305954905,1,718.2614596800556,2023,2021-24
2023-12-06,809.6809936523438,718.4119051213704,179.2896856443894,2023,4,534.8598484848485,25.976404671717173,4,4.498973305954905,1,718.4119051213704,2023,2021-24
2023-12-07,781.810009765625,718.5866159564456,179.5242622336458,2023,4,599.1329545454545,25.89814551767677,4,4.498973305954905,0,0.0,2023,2021-24
2023-12-08,764.6179870605469,719.0085588603837,179.70671069195632,2023,4,646.4916666666666,25.478701073232326,4,4.498973305954905,0,0.0,2023,2021-24
2023-12-09,691.5540161132812,719.0182650178879,179.7197427246928,2023,4,680.2556818181818,25.349218750000002,4,4.498973305954905,0,0.0,2023,2021-24
2023-12-10,754.6019958496094,719.0622178371382,179.73277475742927,2023,4,599.5140151515152,26.036805555555556,4,4.498973305954905,0,0.0,2023,2021-24
2023-12-11,875.6809875488282,719.1883978846924,179.90219118300334,2023,4,608.4378787878788,26.160976957070705,4,4.498973305954905,0,0.0,2023,2021-24
2023-12-12,799.8690002441406,719.3582556410155,180.1302517558915,2023,4,624.9564393939394,25.472261679292927,4,4.498973305954905,0,0.0,2023,2021-24
2023-12-13,783.49599609375,719.4795826098177,180.29315216509733,2023,4,489.6412878787879,24.501025883838384,4,4.498973305954905,1,719.4795826098177,2023,2021-24
2023-12-14,732.4329895019531,719.6494403661408,180.52121273798548,2023,4,413.9685606060606,23.3025726010101,4,4.498973305954905,1,719.6494403661408,2023,2021-24
2023-12-15,700.1580078125,719.7776000040133,180.6645650980866,2023,4,533.6257575757576,23.693142361111104,4,4.498973305954905,1,719.7776000040133,2023,2021-24
2023-12-16,676.1750061035157,719.7776000040133,180.6645650980866,2023,4,482.6079545454546,23.79941603535354,4,4.498973305954905,1,719.7776000040133,2023,2021-24
2023-12-17,668.3,719.8018653977737,180.69714517992776,2023,4,442.3420454545454,23.681328914141414,4,4.498973305954905,1,719.8018653977737,2023,2021-24
2023-12-18,779.1879943847656,719.9765762328489,180.93172176918415,2023,4,421.7344696969697,23.92879577020202,4,4.498973305954905,1,719.9765762328489,2023,2021-24
2023-12-19,775.6759948730469,720.0687847291385,181.05552608018058,2023,4,447.9806818181818,24.392116477272733,4,4.498973305954905,1,720.0687847291385,2023,2021-24
2023-12-20,815.0570007324219,720.2658254332244,181.24449055485934,2023,4,247.6140151515152,24.36580650252525,4,4.498973305954905,1,720.2658254332244,2023,2021-24
2023-12-21,788.4570068359375,720.3628870082662,181.374810882224,2023,4,440.2166666666666,24.66898674242424,4,4.498973305954905,1,720.3628870082662,2023,2021-24
2023-12-22,794.1140014648438,720.6257781654512,181.59635543874393,2023,4,445.6200757575758,24.73540088383838,4,4.498973305954905,1,720.6257781654512,2023,2021-24
2023-12-23,709.0579895019531,720.6257781654512,181.59635543874393,2023,4,497.8397727272727,24.763265467171717,4,4.498973305954905,1,720.6257781654512,2023,2021-24
2023-12-24,681.0929931640625,720.6354843229553,181.6093874714804,2023,4,611.989393939394,24.958065025252523,4,4.498973305954905,0,0.0,2023,2021-24
2023-12-25,691.0669921875,720.6354843229553,181.6093874714804,2023,4,544.3075757575758,24.62231691919192,4,4.498973305954905,1,720.6354843229553,2023,2021-24
2023-12-26,701.1269897460937,720.7534652021523,181.765771864318,2023,4,670.4253787878788,24.34630681818182,4,4.498973305954905,0,0.0,2023,2021-24
2023-12-27,758.7320190429688,720.9087637222191,181.97428438810147,2023,4,553.9625,24.331470959595958,4,4.498973305954905,1,720.9087637222191,2023,2021-24
2023-12-28,738.0720092773438,721.1417115023193,182.28705317377666,2023,4,361.0897727272727,23.79933712121212,4,4.498973305954905,1,721.1417115023193,2023,2021-24
2023-12-29,709.65,721.6304422130345,182.58678992671537,2023,4,568.8772727272727,24.09979482323233,4,4.498973305954905,1,721.6304422130345,2023,2021-24
2023-12-30,687.4090026855469,721.6935322368116,182.6714981395024,2023,4,568.6655303030303,24.299636994949495,4,4.498973305954905,1,721.6935322368116,2023,2021-24
2023-12-31,673.3550048828125,721.7226507093242,182.7105942377118,2023,4,651.6655303030303,24.746456755050502,4,4.498973305954905,0,0.0,2023,2021-24
2024-01-01,667.4880126953125,721.7275081764409,182.71841345735368,2024,1,506.6189393939394,24.555555555555554,1,5.498973305954905,1,721.7275081764409,2024,2021-24
2024-01-02,735.4760375976563,721.8343724530091,182.89043628947502,2024,1,620.3253787878788,25.085621843434343,1,5.498973305954905,0,0.0,2024,2021-24
2024-01-03,742.3870056152343,721.8975195255267,182.99208614481947,2024,1,567.8765151515152,25.14084595959596,1,5.498973305954905,1,721.8975195255267,2024,2021-24
2024-01-04,776.7329895019532,721.9558091309276,183.085916780522,2024,1,516.5856060606061,24.835464015151516,1,5.498973305954905,1,721.9558091309276,2024,2021-24
2024-01-05,776.6000183105468,721.9946688678615,183.14847053765706,2024,1,585.2371212121212,24.955034722222226,1,5.498973305954905,1,721.9946688678615,2024,2021-24
2024-01-06,712.5779846191406,721.9946688678615,183.14847053765706,2024,1,551.0685606060606,24.890956439393946,1,5.498973305954905,1,721.9946688678615,2024,2021-24
2024-01-07,668.1500061035156,721.9995263349782,183.15628975729894,2024,1,659.3435606060606,24.878219696969694,1,5.498973305954905,0,0.0,2024,2021-24
2024-01-08,909.6389953613282,722.1503925059014,183.3986855661972,2024,1,137.4314393939394,25.107070707070715,1,5.498973305954905,1,722.1503925059014,2024,2021-24
2024-01-09,783.3780029296875,722.2232545126525,183.5159738608254,2024,1,431.6314393939394,24.907733585858583,1,5.498973305954905,1,722.2232545126525,2024,2021-24
2024-01-10,695.0060119628906,722.3009739865203,183.64108137509547,2024,1,628.3227272727273,23.843860479797982,1,5.498973305954905,0,0.0,2024,2021-24
2024-01-11,700.6800231933594,722.3932658617383,183.7896465482912,2024,1,575.325,22.753669507575754,1,5.498973305954905,1,722.3932658617383,2024,2021-24
2024-01-12,626.4039978027344,722.529274941007,184.00858469826383,2024,1,542.5734848484849,21.902028093434343,1,5.498973305954905,1,722.529274941007,2024,2021-24
2024-01-13,574.8889801025391,722.529274941007,184.00858469826383,2024,1,634.4814393939394,22.1501341540404,1,5.498973305954905,0,0.0,2024,2021-24
2024-01-14,554.9210052490234,722.529274941007,184.00858469826383,2024,1,703.3871212121212,22.702327967171716,1,5.498973305954905,0,0.0,2024,2021-24
2024-01-15,662.9819946289062,722.5536571733588,184.04768079647323,2024,1,684.3083333333334,23.32378472222223,1,5.498973305954905,0,0.0,2024,2021-24
2024-01-16,815.1270385742188,722.6362341143434,184.18060753038517,2024,1,477.4,24.8114898989899,1,5.498973305954905,1,722.6362341143434,2024,2021-24
2024-01-17,739.3010192871094,722.7139535882112,184.30571504465524,2024,1,549.7242424242424,24.707054924242424,1,5.498973305954905,1,722.7139535882112,2024,2021-24
2024-01-18,687.6940063476562,722.8846820026841,184.55593007319538,2024,1,717.5181818181818,24.153267045454545,1,5.498973305954905,0,0.0,2024,2021-24
2024-01-19,740.3729675292968,723.3655687838901,184.68885680710733,2024,1,631.3977272727273,24.50641571969697,1,5.498973305954905,0,0.0,2024,2021-24
2024-01-20,708.2239990234375,723.3655687838901,184.68885680710733,2024,1,640.7450757575758,24.614796401515154,1,5.498973305954905,0,0.0,2024,2021-24
2024-01-21,758.7669860839844,723.3655687838901,184.68885680710733,2024,1,390.0768939393939,24.790143623737375,1,5.498973305954905,1,723.3655687838901,2024,2021-24
2024-01-22,785.3490173339844,723.5115774876966,184.92343339636372,2024,1,603.6458333333333,25.044547032828287,1,5.498973305954905,0,0.0,2024,2021-24
2024-01-23,745.73701171875,723.5941544286812,185.05636013027566,2024,1,631.2140151515152,25.063044507575754,1,5.498973305954905,0,0.0,2024,2021-24
2024-01-24,823.3220153808594,723.6670164354323,185.17364842490386,2024,1,368.7655303030303,25.14677241161616,1,5.498973305954905,1,723.6670164354323,2024,2021-24
2024-01-25,734.5489807128906,723.7204485737165,185.25965984096453,2024,1,715.6757575757576,24.613573232323233,1,5.498973305954905,0,0.0,2024,2021-24
2024-01-26,740.360986328125,723.7641657777671,185.33003281774145,2024,1,663.8397727272727,24.308412247474745,1,5.498973305954905,0,0.0,2024,2021-24
2024-01-27,731.6020141601563,723.7835956462341,185.36130969630898,2024,1,512.696212121212,24.97451073232324,1,5.498973305954905,1,723.7835956462341,2024,2021-24
2024-01-28,820.9109680175782,723.7835956462341,185.36130969630898,2024,1,289.80530303030304,25.17741477272728,1,5.498973305954905,1,723.7835956462341,2024,2021-24
2024-01-29,873.5240173339844,723.895317389919,185.54115174807222,2024,1,374.7034090909091,25.290924873737364,1,5.498973305954905,1,723.895317389919,2024,2021-24
2024-01-30,811.7780212402344,723.9584644624366,185.64280160341667,2024,1,532.1079545454546,24.326444128787884,1,5.498973305954905,1,723.9584644624366,2024,2021-24
2024-01-31,748.1479736328125,724.0313264691877,185.76008989804487,2024,1,570.6594696969697,24.642755681818176,1,5.498973305954905,1,724.0313264691877,2024,2021-24
2024-02-01,832.1509643554688,724.0896160745885,185.8539205337474,2024,1,243.88560606060605,23.82235637626263,1,5.498973305954905,1,724.0896160745885,2024,2021-24
2024-02-02,650.4820251464844,724.3114840412039,185.98684726765936,2024,1,572.1329545454545,22.52084911616161,1,5.498973305954905,1,724.3114840412039,2024,2021-24
2024-02-03,582.8479705810547,724.3197379416287,185.99466648730123,2024,1,544.2636363636364,22.571551452020202,1,5.498973305954905,1,724.3197379416287,2024,2021-24
2024-02-04,623.8970031738281,724.3245954087454,186.0024857069431,2024,1,462.9181818181818,23.573342803030304,1,5.498973305954905,1,724.3245954087454,2024,2021-24
2024-02-05,662.7240051269531,724.4168872839634,186.15105088013883,2024,1,693.9704545454545,24.04200599747475,1,5.498973305954905,0,0.0,2024,2021-24
2024-02-06,677.6330017089844,724.4982760277729,186.28397761405077,2024,1,615.9234848484848,24.41535669191919,1,5.498973305954905,0,0.0,2024,2021-24
2024-02-07,696.3599731445313,724.6111856002751,186.42472356760462,2024,1,645.8977272727273,24.544223484848484,1,5.498973305954905,0,0.0,2024,2021-24
2024-02-08,688.6710144042969,724.6937625412597,186.55765030151656,2024,1,702.8378787878788,24.578196022727273,1,5.498973305954905,0,0.0,2024,2021-24
2024-02-09,754.8610107421875,724.7569096137773,186.659300156861,2024,1,540.1022727272727,24.37158301767677,1,5.498973305954905,1,724.7569096137773,2024,2021-24
2024-02-10,678.261962890625,724.7569096137773,186.659300156861,2024,1,572.8556818181818,24.558049242424243,1,5.498973305954905,1,724.7569096137773,2024,2021-24
2024-02-11,654.2179992675781,724.7569096137773,186.659300156861,2024,1,537.7337121212121,24.566256313131316,1,5.498973305954905,1,724.7569096137773,2024,2021-24
2024-02-12,695.6260009765625,724.9130852785734,186.82350376934048,2024,1,718.0371212121212,24.51273674242424,1,5.498973305954905,0,0.0,2024,2021-24
2024-02-13,696.9989990234375,725.3611113557396,187.1284533353738,2024,1,693.2106060606061,24.151886047979797,1,5.498973305954905,0,0.0,2024,2021-24
2024-02-14,749.8139709472656,725.5765856542226,187.44122212104898,2024,1,519.6977272727272,24.6605192550505,1,5.498973305954905,1,725.5765856542226,2024,2021-24
2024-02-15,738.9950256347656,726.0632679249925,187.5897872942447,2024,1,362.0056818181818,23.155113636363637,1,5.498973305954905,1,726.0632679249925,2024,2021-24
2024-02-16,607.5030029296875,726.1409873988603,187.71489480851477,2024,1,735.2541666666667,22.315901199494956,1,5.498973305954905,0,0.0,2024,2021-24
2024-02-17,520.0499847412109,726.145844865977,187.72271402815664,2024,1,753.3189393939394,22.367597853535347,1,5.498973305954905,0,0.0,2024,2021-24
2024-02-18,493.0190032958984,726.145844865977,187.72271402815664,2024,1,782.3712121212122,22.841579861111114,1,5.498973305954905,0,0.0,2024,2021-24
2024-02-19,589.1620086669922,726.2575666096619,187.9025560799199,2024,1,660.2280303030303,23.319239267676764,1,5.498973305954905,0,0.0,2024,2021-24
2024-02-20,655.4730224609375,726.3207136821795,188.00420593526434,2024,1,727.0651515151515,24.1263731060606,1,5.498973305954905,0,0.0,2024,2021-24
2024-02-21,712.6940185546875,726.4032906231641,188.13713266917628,2024,1,598.5829545454545,24.15090751262626,1,5.498973305954905,0,0.0,2024,2021-24
2024-02-22,678.4989990234375,726.5150123668491,188.31697472093953,2024,1,683.3651515151515,24.098705808080812,1,5.498973305954905,0,0.0,2024,2021-24
2024-02-23,669.5539794921875,726.6024467749504,188.45772067449337,2024,1,701.692803030303,24.299984217171716,1,5.498973305954905,0,0.0,2024,2021-24
2024-02-24,695.7110107421875,726.6024467749504,188.45772067449337,2024,1,441.5098484848485,23.817834595959592,1,5.498973305954905,1,726.6024467749504,2024,2021-24
2024-02-25,581.1439880371094,726.6073042420671,188.46553989413525,2024,1,726.2151515151515,23.65536616161616,1,5.498973305954905,0,0.0,2024,2021-24
2024-02-26,661.106005859375,726.6558789132345,188.54373209055404,2024,1,633.5507575757576,23.633364898989896,1,5.498973305954905,0,0.0,2024,2021-24
2024-02-27,639.8049987792969,726.777315591153,188.73921258160104,2024,1,702.7083333333334,23.815230429292928,1,5.498973305954905,0,0.0,2024,2021-24
2024-02-28,674.5179870605468,726.9558536772972,189.02852370835058,2024,1,646.614393939394,23.771559343434344,1,5.498973305954905,0,0.0,2024,2021-24
2024-02-29,633.6759887695313,727.0190007498148,189.13017356369502,2024,1,803.8435606060606,24.076870265151513,1,5.498973305954905,0,0.0,2024,2021-24
2024-03-01,652.1849609375,727.1161500921496,189.28655795653262,2024,1,809.4700757575758,24.11658775252526,1,5.498973305954905,0,0.0,2024,2021-24
2024-03-02,613.5680267333985,727.1161500921496,189.28655795653262,2024,1,788.4503787878788,23.958530618686865,1,5.498973305954905,0,0.0,2024,2021-24
2024-03-03,608.8270050048828,727.1161500921496,189.28655795653262,2024,1,764.3268939393939,23.972877209595953,1,5.498973305954905,0,0.0,2024,2021-24
2024-03-04,728.464013671875,727.2035845002509,189.42730391008647,2024,1,621.8814393939394,24.37818023989899,1,5.498973305954905,0,0.0,2024,2021-24
2024-03-05,682.9250366210938,727.4461188098215,189.6071459618497,2024,1,703.9818181818182,23.855271464646464,1,5.498973305954905,0,0.0,2024,2021-24
2024-03-06,692.235009765625,727.56755548774,189.8026264528967,2024,1,595.7299242424243,23.64428661616161,1,5.498973305954905,0,0.0,2024,2021-24
2024-03-07,648.6190979003907,727.7540256598182,190.01374538322744,2024,1,767.4325757575758,23.6368529040404,1,5.498973305954905,0,0.0,2024,2021-24
2024-03-08,691.1640869140625,727.8561273660379,190.1779489957069,2024,1,675.8507575757576,23.708696338383835,1,5.498973305954905,0,0.0,2024,2021-24
2024-03-09,619.3291931152344,727.8561273660379,190.1779489957069,2024,1,701.0643939393939,23.870896464646464,1,5.498973305954905,0,0.0,2024,2021-24
2024-03-10,682.9789672851563,727.8561273660379,190.1779489957069,2024,1,466.6746212121212,23.740301452020205,1,5.498973305954905,1,727.8561273660379,2024,2021-24
2024-03-11,735.699951171875,728.0056151778919,190.36561026711203,2024,1,515.7511363636364,23.738470643939394,1,5.498973305954905,1,728.0056151778919,2024,2021-24
2024-03-12,694.6580139160156,728.1319093229271,190.5689099778009,2024,1,749.5446969696969,24.443978851010105,1,5.498973305954905,0,0.0,2024,2021-24
2024-03-13,756.3769104003907,728.190198928328,190.66274061350344,2024,1,473.3204545454546,24.268221275252525,1,5.498973305954905,1,728.190198928328,2024,2021-24
2024-03-14,730.6049560546875,728.263060935079,190.78002890813164,2024,1,344.81704545454545,23.18140782828283,1,5.498973305954905,1,728.263060935079,2024,2021-24
2024-03-15,678.8389831542969,728.3407804089468,190.9051364224017,2024,1,630.1909090909091,22.568047664141414,1,5.498973305954905,0,0.0,2024,2021-24
2024-03-16,562.3789672851562,728.3407804089468,190.9051364224017,2024,1,772.5151515151515,22.69537563131313,1,5.498973305954905,0,0.0,2024,2021-24
2024-03-17,547.0569793701172,728.3456378760635,190.91295564204358,2024,1,785.8924242424242,23.117163825757576,1,5.498973305954905,0,0.0,2024,2021-24
2024-03-18,643.0849731445312,728.5945899472081,191.04588237595553,2024,1,800.0939393939394,23.422908775252527,1,5.498973305954905,0,0.0,2024,2021-24
2024-03-19,640.9489624023438,728.711358951546,191.23354364736065,2024,1,745.3079545454545,23.351617739898995,1,5.498973305954905,0,0.0,2024,2021-24
2024-03-20,637.0259826660156,728.7696485569469,191.3273742830632,2024,1,752.1007575757576,23.321433080808077,1,5.498973305954905,0,0.0,2024,2021-24
2024-03-21,583.9899688720703,728.8813703006318,191.50721633482644,2024,1,876.7208333333334,23.283546401515153,1,5.498973305954905,0,0.0,2024,2021-24
2024-03-22,607.5099731445313,728.9882345772,191.67923916694778,2024,1,866.9526515151516,23.732054924242423,1,5.498973305954905,0,0.0,2024,2021-24
2024-03-23,589.9709899902343,728.9979495114335,191.69487760623153,2024,1,767.844696969697,24.050670770202018,1,5.498973305954905,0,0.0,2024,2021-24
2024-03-24,574.3349975585937,728.9979495114335,191.69487760623153,2024,1,758.0556818181818,24.3850615530303,1,5.498973305954905,0,0.0,2024,2021-24
2024-03-25,714.4799865722656,729.0950988537683,191.85126199906912,2024,1,683.910606060606,24.647151199494946,1,5.498973305954905,0,0.0,2024,2021-24
2024-03-26,666.9599792480469,729.192248196103,192.00764639190672,2024,1,750.8291666666667,24.60609217171717,1,5.498973305954905,0,0.0,2024,2021-24
2024-03-27,704.5929870605469,729.2846349680892,192.15621156510244,2024,1,649.4231060606061,24.56319444444445,1,5.498973305954905,0,0.0,2024,2021-24
2024-03-28,675.4440002441406,729.4704054089586,192.3204151775819,2024,1,809.1496212121212,24.61426767676768,1,5.498973305954905,0,0.0,2024,2021-24
2024-03-29,651.0200134277344,729.5286950143595,192.41424581328445,2024,1,822.1242424242424,24.524573863636363,1,5.498973305954905,0,0.0,2024,2021-24
2024-03-30,634.0919921875,729.5335524814762,192.42206503292633,2024,1,696.9314393939394,24.279434974747474,1,5.498973305954905,0,0.0,2024,2021-24
2024-03-31,562.9510223388672,729.5335524814762,192.42206503292633,2024,1,904.0886363636364,24.287357954545456,1,5.498973305954905,0,0.0,2024,2021-24
2024-04-01,695.4990051269531,729.6647040936282,192.63318396325707,2024,2,695.2268939393939,24.508143939393936,2,5.498973305954905,0,0.0,2024,2021-24
2024-04-02,656.3520202636719,729.7909982386634,192.83648367394593,2024,2,820.755303030303,24.462002840909093,2,5.498973305954905,0,0.0,2024,2021-24
2024-04-03,669.1620300292968,729.8827349730659,192.98504884714166,2024,2,821.4560606060606,24.574992108585857,2,5.498973305954905,0,0.0,2024,2021-24
2024-04-04,664.0329895019531,729.9847417825174,193.14925245962112,2024,2,765.5477272727273,24.375023674242428,2,5.498973305954905,0,0.0,2024,2021-24
2024-04-05,686.2720153808593,730.0803183701012,193.28217919353307,2024,2,609.5814393939394,24.044397095959596,2,5.498973305954905,0,0.0,2024,2021-24
2024-04-06,594.0689880371094,730.0803183701012,193.28217919353307,2024,2,728.6155303030303,23.71822916666667,2,5.498973305954905,0,0.0,2024,2021-24
2024-04-07,588.0759765625,730.0803183701012,193.28217919353307,2024,2,618.2162878787879,23.913620580808082,2,5.498973305954905,0,0.0,2024,2021-24
2024-04-08,628.6740173339844,730.2211849164865,193.50893656314759,2024,2,888.6564393939394,24.37317708333333,2,5.498973305954905,0,0.0,2024,2021-24
2024-04-09,632.3000122070313,730.3685788647043,193.6575017363433,2024,2,851.5102272727272,24.386631944444446,2,5.498973305954905,0,0.0,2024,2021-24
2024-04-10,639.2450012207031,731.649294228088,193.86080144703217,2024,2,859.3117424242424,24.91384154040404,2,5.498973305954905,0,0.0,2024,2021-24
2024-04-11,829.0070190429688,731.7027263663722,193.94681286309284,2024,2,394.2117424242424,24.955082070707075,2,5.498973305954905,1,731.7027263663722,2024,2021-24
2024-04-12,794.6169921875,731.78044584024,194.07192037736291,2024,2,418.8420454545455,25.067653093434345,2,5.498973305954905,1,731.78044584024,2024,2021-24
2024-04-13,681.564013671875,731.78044584024,194.07192037736291,2024,2,828.826893939394,25.3641571969697,2,5.498973305954905,0,0.0,2024,2021-24
2024-04-14,782.2930053710937,731.78044584024,194.07192037736291,2024,2,319.6791666666667,24.670588699494953,2,5.498973305954905,1,731.78044584024,2024,2021-24
2024-04-15,643.1560180664062,731.9018825181585,194.2674008684099,2024,2,824.2530303030304,24.485787563131314,2,5.498973305954905,0,0.0,2024,2021-24
2024-04-16,705.4840270996094,732.0415608673687,194.49415823802443,2024,2,794.230303030303,24.00658933080808,2,5.498973305954905,0,0.0,2024,2021-24
2024-04-17,669.152001953125,732.1485200407051,194.66618107014577,2024,2,786.8969696969697,23.742968750000003,2,5.498973305954905,0,0.0,2024,2021-24
2024-04-18,686.7160034179688,732.2456693830399,194.82256546298336,2024,2,715.8833333333333,23.999376578282824,2,5.498973305954905,0,0.0,2024,2021-24
2024-04-19,689.1510009765625,732.3237684439802,194.94767297725343,2024,2,564.7746212121212,24.346133207070707,2,5.498973305954905,1,732.3237684439802,2024,2021-24
2024-04-20,582.4940032958984,732.3237684439802,194.94767297725343,2024,2,832.1738636363636,24.221409406565655,2,5.498973305954905,0,0.0,2024,2021-24
2024-04-21,581.2160003662109,732.3237684439802,194.94767297725343,2024,2,685.844696969697,24.214551767676763,2,5.498973305954905,0,0.0,2024,2021-24
2024-04-22,612.8489990234375,732.4063453849648,195.08059971116538,2024,2,937.689393939394,24.504182449494948,2,5.498973305954905,0,0.0,2024,2021-24
2024-04-23,617.5319946289062,732.4354901876652,195.12751502901665,2024,2,919.6007575757576,24.602911931818184,2,5.498973305954905,0,0.0,2024,2021-24
2024-04-24,681.5090576171875,732.5911384922335,195.3386339593474,2024,2,658.242803030303,24.641295770202017,2,5.498973305954905,0,0.0,2024,2021-24
2024-04-25,652.5890319824218,732.6980027688018,195.51065679146873,2024,2,791.6018939393939,24.744065656565656,2,5.498973305954905,0,0.0,2024,2021-24
2024-04-26,711.6249816894531,732.7611498413194,195.61230664681318,2024,2,681.7378787878788,24.74791666666667,2,5.498973305954905,0,0.0,2024,2021-24
2024-04-27,677.759033203125,732.7611498413194,195.61230664681318,2024,2,609.460606060606,24.709296085858586,2,5.498973305954905,0,0.0,2024,2021-24
2024-04-28,632.4880004882813,732.7660073084361,195.62012586645506,2024,2,880.7041666666668,25.269136679292924,2,5.498973305954905,0,0.0,2024,2021-24
2024-04-29,712.0630187988281,732.897158920588,195.8312447967858,2024,2,797.4219696969697,25.275781249999998,2,5.498973305954905,0,0.0,2024,2021-24
2024-04-30,718.4820068359375,732.9785476643975,195.96417153069774,2024,2,774.0715909090909,25.382907196969697,2,5.498973305954905,0,0.0,2024,2021-24
2024-05-01,690.4890014648438,733.0611246053821,196.09709826460968,2024,2,878.3325757575758,25.49625946969697,2,5.498973305954905,0,0.0,2024,2021-24
2024-05-02,705.9499938964843,733.2399065728066,196.27694031637293,2024,2,751.4723484848485,25.121511994949497,2,5.498973305954905,0,0.0,2024,2021-24
2024-05-03,667.7560302734375,733.3224835137912,196.40986705028487,2024,2,729.6708333333333,24.966027462121207,2,5.498973305954905,0,0.0,2024,2021-24
2024-05-04,625.4580078125,733.3224835137912,196.40986705028487,2024,2,733.6265151515152,24.810708648989902,2,5.498973305954905,0,0.0,2024,2021-24
2024-05-05,577.4659881591797,733.3419133822582,196.4411439288524,2024,2,878.6075757575757,24.740435606060604,2,5.498973305954905,0,0.0,2024,2021-24
2024-05-06,669.8299987792968,733.4495464056203,196.61316676097374,2024,2,755.3708333333334,24.449652777777775,2,5.498973305954905,0,0.0,2024,2021-24
2024-05-07,655.44599609375,733.5369808137216,196.7539127145276,2024,2,839.4075757575756,24.7256470959596,2,5.498973305954905,0,0.0,2024,2021-24
2024-05-08,721.2850036621094,733.750523279393,196.89465866808143,2024,2,776.5022727272727,24.730476641414143,2,5.498973305954905,0,0.0,2024,2021-24
2024-05-09,721.8089904785156,733.7845255492101,196.94939320557458,2024,2,661.8166666666667,24.807125946969702,2,5.498973305954905,0,0.0,2024,2021-24
2024-05-10,689.6729919433594,735.1928971363037,197.10577759841217,2024,2,667.7375,24.670707070707067,2,5.498973305954905,0,0.0,2024,2021-24
2024-05-11,644.4159729003907,735.1977546034204,197.11359681805405,2024,2,786.1299242424242,24.454829545454544,2,5.498973305954905,0,0.0,2024,2021-24
2024-05-12,635.0260131835937,735.2171844718874,197.14487369662157,2024,2,714.8568181818182,25.098871527777778,2,5.498973305954905,0,0.0,2024,2021-24
2024-05-13,767.1670166015625,735.3434786169227,197.34817340731044,2024,2,687.7386363636364,25.423476957070715,2,5.498973305954905,0,0.0,2024,2021-24
2024-05-14,749.9950378417968,735.4211980907904,197.4732809215805,2024,2,644.6435606060606,25.354300820707078,2,5.498973305954905,0,0.0,2024,2021-24
2024-05-15,767.3110046386719,735.4892026304248,197.58274999656683,2024,2,660.8784090909091,25.514551767676767,2,5.498973305954905,0,0.0,2024,2021-24
2024-05-16,842.0980041503906,735.5814945056428,197.73131516976255,2024,2,343.6477272727273,25.226104797979797,2,5.498973305954905,1,735.5814945056428,2024,2021-24
2024-05-17,798.9820068359375,735.6106393083433,197.77823048761383,2024,2,665.0560606060606,25.844333964646463,2,5.498973305954905,0,0.0,2024,2021-24
2024-05-18,868.2040161132812,735.6106393083433,197.77823048761383,2024,2,295.20454545454544,25.67013888888889,2,5.498973305954905,1,735.6106393083433,2024,2021-24
2024-05-19,768.0909790039062,735.6786438479776,197.88769956260015,2024,2,408.2882575757576,25.705358270202023,2,5.498973305954905,1,735.6786438479776,2024,2021-24
2024-05-20,734.2429992675782,735.7612207889622,198.0206262965121,2024,2,835.7659090909092,25.672253787878788,2,5.498973305954905,0,0.0,2024,2021-24
2024-05-21,697.2700073242188,735.931232138048,198.29429898397788,2024,2,926.7534090909091,25.72979797979798,2,5.498973305954905,0,0.0,2024,2021-24
2024-05-22,747.4629821777344,736.0235240132661,198.4428641571736,2024,2,823.9670454545454,25.983443813131313,2,5.498973305954905,0,0.0,2024,2021-24
2024-05-23,739.7400146484375,736.2183460900175,198.64616386786247,2024,2,716.1280303030303,25.838107638888886,2,5.498973305954905,0,0.0,2024,2021-24
2024-05-24,684.8690307617187,736.2912080967685,198.76345216249067,2024,2,932.2310606060606,25.489938446969692,2,5.498973305954905,0,0.0,2024,2021-24
2024-05-25,642.5280029296875,736.2912080967685,198.76345216249067,2024,2,806.5405303030303,25.59442866161616,2,5.498973305954905,0,0.0,2024,2021-24
2024-05-26,614.8599853515625,736.2912080967685,198.76345216249067,2024,2,854.3628787878788,25.668663194444445,2,5.498973305954905,0,0.0,2024,2021-24
2024-05-27,640.5639953613281,736.2912080967685,198.76345216249067,2024,2,830.6378787878788,25.49861900252525,2,5.498973305954905,0,0.0,2024,2021-24
2024-05-28,714.5,736.3640701035196,198.88074045711886,2024,2,808.4473484848485,25.76762152777778,2,5.498973305954905,0,0.0,2024,2021-24
2024-05-29,717.0669677734375,736.4952217156715,199.0918593874496,2024,2,715.8984848484849,25.727462121212124,2,5.498973305954905,0,0.0,2024,2021-24
2024-05-30,664.3030090332031,736.7341099245281,199.2873398784966,2024,2,914.935606060606,25.455492424242422,2,5.498973305954905,0,0.0,2024,2021-24
2024-05-31,718.6360229492187,737.1198038238559,199.47500114990171,2024,2,749.3344696969697,25.26115056818182,2,5.498973305954905,0,0.0,2024,2021-24
2024-06-01,595.3899963378906,737.1198038238559,199.47500114990171,2024,2,915.464393939394,25.290940656565656,2,5.498973305954905,0,0.0,2024,2021-24
2024-06-02,599.1670104980469,737.1198038238559,199.47500114990171,2024,2,848.8859848484848,25.403835227272726,2,5.498973305954905,0,0.0,2024,2021-24
2024-06-03,752.6830139160156,737.1976181944918,199.60010866417178,2024,2,759.8272727272727,25.667637310606064,2,5.498973305954905,0,0.0,2024,2021-24
2024-06-04,751.6639953613281,737.3627720764609,199.8659621319957,2024,2,737.0219696969697,25.964764835858585,2,5.498973305954905,0,0.0,2024,2021-24
2024-06-05,736.9019897460937,737.4502064845623,200.00670808554955,2024,2,819.275,26.174423926767677,2,5.498973305954905,0,0.0,2024,2021-24
2024-06-06,761.4130065917968,737.8264994849058,200.108357940894,2024,2,877.8625,26.277761994949497,2,5.498973305954905,0,0.0,2024,2021-24
2024-06-07,742.2130065917969,737.9382212285907,200.28819999265724,2024,2,888.6912878787878,26.31497001262626,2,5.498973305954905,0,0.0,2024,2021-24
2024-06-08,670.0169921875,737.9382212285907,200.28819999265724,2024,2,884.5541666666666,26.34437342171717,2,5.498973305954905,0,0.0,2024,2021-24
2024-06-09,615.9970092773438,737.9382212285907,200.28819999265724,2024,2,861.3174242424242,26.216871843434344,2,5.498973305954905,0,0.0,2024,2021-24
2024-06-10,699.7849853515625,738.0013683011083,200.3898498480017,2024,2,909.010606060606,26.182173295454547,2,5.498973305954905,0,0.0,2024,2021-24
2024-06-11,690.1130065917969,738.0693728407426,200.499318922988,2024,2,906.710606060606,26.160574494949497,2,5.498973305954905,0,0.0,2024,2021-24
2024-06-12,765.1749938964844,738.2005244528946,200.71043785331875,2024,2,783.9731060606061,26.14313446969697,2,5.498973305954905,0,0.0,2024,2021-24
2024-06-13,707.3479919433594,738.2539565911787,200.79644926937942,2024,2,875.9882575757576,26.174250315656565,2,5.498973305954905,0,0.0,2024,2021-24
2024-06-14,729.09697265625,738.6448917784833,200.91373756400762,2024,2,788.4886363636364,26.186908143939394,2,5.498973305954905,0,0.0,2024,2021-24
2024-06-15,646.044970703125,738.6448917784833,200.91373756400762,2024,2,910.2530303030302,26.215325126262627,2,5.498973305954905,0,0.0,2024,2021-24
2024-06-16,631.9950134277344,738.6546067127167,200.92937600329137,2024,2,844.3829545454546,26.02361111111111,2,5.498973305954905,0,0.0,2024,2021-24
2024-06-17,743.2569946289062,738.7809008577519,201.13267571398023,2024,2,798.0242424242424,25.93496685606061,2,5.498973305954905,0,0.0,2024,2021-24
2024-06-18,732.0760131835938,738.853762864503,201.24996400860843,2024,2,679.1340909090909,26.001136363636363,2,5.498973305954905,0,0.0,2024,2021-24
2024-06-19,697.1290222167969,738.9254366740789,201.36725230323663,2024,2,777.7060606060606,26.252904040404044,2,5.498973305954905,0,0.0,2024,2021-24
2024-06-20,698.6869995117188,739.0323009506471,201.53927513535797,2024,2,876.4117424242424,26.07900883838384,2,5.498973305954905,0,0.0,2024,2021-24
2024-06-21,769.4689758300781,739.164151155624,201.7112979674793,2024,2,789.8742424242424,26.285471906565657,2,5.498973305954905,0,0.0,2024,2021-24
2024-06-22,671.5030151367188,739.164151155624,201.7112979674793,2024,2,817.2560606060606,26.104332386363637,2,5.498973305954905,0,0.0,2024,2021-24
2024-06-23,631.1300048828125,739.164151155624,201.7112979674793,2024,2,879.9549242424242,26.22243529040404,2,5.498973305954905,0,0.0,2024,2021-24
2024-06-24,743.8760009765625,739.9686209142855,201.89895923888443,2024,2,866.2780303030302,26.090696022727272,2,5.498973305954905,0,0.0,2024,2021-24
2024-06-25,759.1200012207031,740.1289173291378,202.15699348706647,2024,2,778.5094696969697,26.153511679292933,2,5.498973305954905,0,0.0,2024,2021-24
2024-06-26,740.8479797363282,740.2163517372392,202.29773944062032,2024,2,881.490909090909,26.386253156565655,2,5.498973305954905,0,0.0,2024,2021-24
2024-06-27,725.4249877929688,740.6171801026208,202.4228469548904,2024,2,900.4193181818182,26.152320075757572,2,5.498973305954905,0,0.0,2024,2021-24
2024-06-28,741.7070007324219,740.6997570436054,202.55577368880233,2024,2,890.4621212121212,25.93124210858586,2,5.498973305954905,0,0.0,2024,2021-24
2024-06-29,694.752001953125,740.6997570436054,202.55577368880233,2024,2,826.5875,26.48300978535353,2,5.498973305954905,0,0.0,2024,2021-24
2024-06-30,634.1460021972656,740.6997570436054,202.55577368880233,2024,2,904.6541666666666,26.689859532828283,2,5.498973305954905,0,0.0,2024,2021-24
2024-07-01,734.5690185546875,740.8211937215239,202.75125417984933,2024,3,890.7359848484848,26.43370422979798,3,5.498973305954905,0,0.0,2024,2021-24
2024-07-02,788.5030090332032,740.9620602679092,202.97801154946384,2024,3,644.6125,26.13622159090909,3,5.498973305954905,0,0.0,2024,2021-24
2024-07-03,753.5340148925782,741.0252073404268,203.0796614048083,2024,3,832.9246212121212,26.612310606060607,3,5.498973305954905,0,0.0,2024,2021-24
2024-07-04,703.6169616699219,741.0252073404268,203.0796614048083,2024,3,786.4435606060606,26.62598642676768,3,5.498973305954905,0,0.0,2024,2021-24
2024-07-05,719.7039978027344,741.0689245444775,203.15003438158521,2024,3,898.7632575757576,26.386687184343433,3,5.498973305954905,0,0.0,2024,2021-24
2024-07-06,677.7309631347656,741.0689245444775,203.15003438158521,2024,3,844.9079545454546,26.587973484848487,3,5.498973305954905,0,0.0,2024,2021-24
2024-07-07,645.53701171875,741.0689245444775,203.15003438158521,2024,3,856.0037878787878,26.430871212121207,3,5.498973305954905,0,0.0,2024,2021-24
2024-07-08,754.2399780273438,741.1661687835804,203.3064187744228,2024,3,708.0056818181818,26.45720486111111,3,5.498973305954905,0,0.0,2024,2021-24
2024-07-09,709.0899841308594,741.3887021111451,203.43934550833475,2024,3,933.396590909091,26.793023989898995,3,5.498973305954905,0,0.0,2024,2021-24
2024-07-10,804.3590209960937,741.4809939863632,203.58791068153047,2024,3,677.4121212121212,26.64682765151515,3,5.498973305954905,0,0.0,2024,2021-24
2024-07-11,818.1970397949219,741.5516889555968,203.65046443866552,2024,3,583.646590909091,26.62275883838383,3,5.498973305954905,1,741.5516889555968,2024,2021-24
2024-07-12,787.1730041503906,741.677983100632,203.8537641493544,2024,3,785.5636363636364,26.768505366161616,3,5.498973305954905,0,0.0,2024,2021-24
2024-07-13,722.0689758300781,741.677983100632,203.8537641493544,2024,3,644.3625,26.80292771464646,3,5.498973305954905,0,0.0,2024,2021-24
2024-07-14,672.1859802246094,741.677983100632,203.8537641493544,2024,3,730.728409090909,26.73274936868687,3,5.498973305954905,0,0.0,2024,2021-24
2024-07-15,741.1129943847657,741.817625820321,203.97887166362446,2024,3,752.660606060606,26.53971748737374,3,5.498973305954905,0,0.0,2024,2021-24
2024-07-16,749.0409729003907,741.9973521036403,204.268182790374,2024,3,837.9651515151514,26.614054608585857,3,5.498973305954905,0,0.0,2024,2021-24
2024-07-17,714.1290344238281,742.0993589130918,204.43238640285347,2024,3,907.3397727272728,26.44179292929293,3,5.498973305954905,0,0.0,2024,2021-24
2024-07-18,713.8780151367188,742.1625059856094,204.53403625819792,2024,3,940.0806818181818,26.55989583333333,3,5.498973305954905,0,0.0,2024,2021-24
2024-07-19,750.7359802246094,742.3325173346952,204.8077089456637,2024,3,802.9583333333333,26.608404356060607,3,5.498973305954905,0,0.0,2024,2021-24
2024-07-20,716.6930358886718,742.3325173346952,204.8077089456637,2024,3,851.3041666666666,26.840372474747472,3,5.498973305954905,0,0.0,2024,2021-24
2024-07-21,702.710009765625,742.3325173346952,204.8077089456637,2024,3,825.6859848484848,27.116832386363637,3,5.498973305954905,0,0.0,2024,2021-24
2024-07-22,744.6409729003906,742.4588114797305,205.01100865635257,2024,3,935.8545454545454,26.976120580808075,3,5.498973305954905,0,0.0,2024,2021-24
2024-07-23,762.6719848632813,742.5316734864815,205.12829695098077,2024,3,846.442803030303,26.924013573232326,3,5.498973305954905,0,0.0,2024,2021-24
2024-07-24,804.0010009765625,742.6628250986334,205.3394158813115,2024,3,759.7333333333333,27.013257575757578,3,5.498973305954905,0,0.0,2024,2021-24
2024-07-25,822.4369934082031,742.764831908085,205.50361949379098,2024,3,632.1761363636364,26.765348800505052,3,5.498973305954905,0,0.0,2024,2021-24
2024-07-26,768.5020080566406,744.3296892270778,205.66782310627045,2024,3,731.4704545454546,26.385124684343435,3,5.498973305954905,0,0.0,2024,2021-24
2024-07-27,690.5400024414063,744.3394041613112,205.6834615455542,2024,3,702.276893939394,26.29850852272727,3,5.498973305954905,0,0.0,2024,2021-24
2024-07-28,663.0610107421875,744.344261628428,205.69128076519607,2024,3,773.3507575757576,26.596235795454547,3,5.498973305954905,0,0.0,2024,2021-24
2024-07-29,734.2990173339844,744.4414109707627,205.84766515803366,2024,3,879.4087121212121,26.886971275252524,3,5.498973305954905,0,0.0,2024,2021-24
2024-07-30,817.7719909667969,744.509415510397,205.95713423301999,2024,3,597.9382575757576,26.46886837121212,3,5.498973305954905,0,0.0,2024,2021-24
2024-07-31,749.5239990234375,744.6551395238992,206.19171082227638,2024,3,849.0227272727273,26.594562815656563,3,5.498973305954905,0,0.0,2024,2021-24
2024-08-01,747.5760131835938,744.8644285868685,206.33245677583022,2024,3,905.4416666666666,26.74145359848485,3,5.498973305954905,0,0.0,2024,2021-24
2024-08-02,816.5690124511718,744.96643539632,206.4966603883097,2024,3,725.8030303030303,26.79460227272727,3,5.498973305954905,0,0.0,2024,2021-24
2024-08-03,748.5639953613281,744.96643539632,206.4966603883097,2024,3,800.2409090909091,26.661418876262626,3,5.498973305954905,0,0.0,2024,2021-24
2024-08-04,691.6890014648437,744.96643539632,206.4966603883097,2024,3,862.6265151515152,27.008712121212124,3,5.498973305954905,0,0.0,2024,2021-24
2024-08-05,794.3699890136719,745.0344399359543,206.606129463296,2024,3,826.9064393939394,27.218142361111116,3,5.498973305954905,0,0.0,2024,2021-24
2024-08-06,758.7409973144531,745.1510191467561,206.79379073470113,2024,3,953.7458333333334,27.154229797979795,3,5.498973305954905,0,0.0,2024,2021-24
2024-08-07,744.2280090332031,745.2287386206239,206.9188982489712,2024,3,945.6909090909091,27.258120265151515,3,5.498973305954905,0,0.0,2024,2021-24
2024-08-08,797.0330139160156,745.3210304958419,207.06746342216692,2024,3,873.6318181818182,27.094949494949493,3,5.498973305954905,0,0.0,2024,2021-24
2024-08-09,757.3690063476563,745.6425718941539,207.3098592310652,2024,3,914.757196969697,26.835629734848485,3,5.498973305954905,0,0.0,2024,2021-24
2024-08-10,721.6899841308593,745.6425718941539,207.3098592310652,2024,3,822.646212121212,27.113959911616163,3,5.498973305954905,0,0.0,2024,2021-24
2024-08-11,704.6570190429687,745.6425718941539,207.3098592310652,2024,3,796.7909090909092,27.273768939393936,3,5.498973305954905,0,0.0,2024,2021-24
2024-08-12,840.9449890136718,745.7494361707221,207.48188206318653,2024,3,731.1166666666667,27.213770517676767,3,5.498973305954905,0,0.0,2024,2021-24
2024-08-13,785.7389770507813,745.8903027171075,207.70863943280105,2024,3,873.9867424242424,27.273950441919187,3,5.498973305954905,0,0.0,2024,2021-24
2024-08-14,776.3990051269532,746.1548754471977,207.85720460599677,2024,3,918.5170454545454,27.089504419191922,3,5.498973305954905,0,0.0,2024,2021-24
2024-08-15,776.2509826660156,746.2520247895325,208.01358899883436,2024,3,926.832196969697,27.2791351010101,3,5.498973305954905,0,0.0,2024,2021-24
2024-08-16,799.8489807128906,746.3248867962835,208.13087729346256,2024,3,900.0799242424242,27.58847853535354,3,5.498973305954905,0,0.0,2024,2021-24
2024-08-17,771.1460021972656,746.3297442634002,208.13869651310443,2024,3,864.5439393939394,27.47586016414142,3,5.498973305954905,0,0.0,2024,2021-24
2024-08-18,735.3849914550781,746.3297442634002,208.13869651310443,2024,3,844.7844696969696,27.330926452020204,3,5.498973305954905,0,0.0,2024,2021-24
2024-08-19,860.739013671875,746.4706108097856,208.36545388271895,2024,3,618.8420454545455,27.256139520202023,3,5.498973305954905,0,0.0,2024,2021-24
2024-08-20,820.9590087890625,746.5823325534706,208.5452959344822,2024,3,748.8049242424242,27.3931976010101,3,5.498973305954905,0,0.0,2024,2021-24
2024-08-21,797.7369934082031,746.6551945602216,208.6625842291104,2024,3,816.9882575757576,27.63769728535354,3,5.498973305954905,0,0.0,2024,2021-24
2024-08-22,809.9020080566406,746.7184365295074,208.76423408445484,2024,3,703.396590909091,27.282567866161614,3,5.498973305954905,0,0.0,2024,2021-24
2024-08-23,858.0159912109375,746.7718686677915,208.8502455005155,2024,3,633.6590909090909,27.26499368686868,3,5.498973305954905,0,0.0,2024,2021-24
2024-08-24,791.5419982910156,746.7718686677915,208.8502455005155,2024,3,697.1825757575758,27.374005681818186,3,5.498973305954905,0,0.0,2024,2021-24
2024-08-25,823.8470397949219,746.7767261349082,208.8580647201574,2024,3,318.6568181818182,26.849171401515154,3,5.498973305954905,1,746.7767261349082,2024,2021-24
2024-08-26,880.3720153808594,746.9661673524611,209.1630142861907,2024,3,374.4647727272727,26.934390782828288,3,5.498973305954905,1,746.9661673524611,2024,2021-24
2024-08-27,750.74296875,747.8263154858253,209.37413321652144,2024,3,866.882196969697,27.166919191919188,3,5.498973305954905,0,0.0,2024,2021-24
2024-08-28,809.781005859375,747.9088924268099,209.5070599504334,2024,3,622.2405303030303,26.98409880050505,3,5.498973305954905,0,0.0,2024,2021-24
2024-08-29,840.3810119628906,748.1274784470631,209.85892483431797,2024,3,670.8064393939394,27.393173926767677,3,5.498973305954905,0,0.0,2024,2021-24
2024-08-30,894.8529968261719,748.2149128551645,209.99967078787182,2024,3,662.5371212121212,27.422285353535354,3,5.498973305954905,0,0.0,2024,2021-24
2024-08-31,789.0909851074218,748.2197703222812,210.0074900075137,2024,3,871.555303030303,27.80310132575758,3,5.498973305954905,0,0.0,2024,2021-24
2024-09-01,788.552001953125,748.2246277893979,210.01530922715557,2024,3,781.8840909090909,27.838005050505046,3,5.498973305954905,0,0.0,2024,2021-24
2024-09-02,767.7169982910157,748.2246277893979,210.01530922715557,2024,3,779.2681818181818,27.74633838383839,3,5.498973305954905,0,0.0,2024,2021-24
2024-09-03,833.7169738769531,748.3752092700169,210.25770503605384,2024,3,889.1204545454545,27.503369633838386,3,5.498973305954905,0,0.0,2024,2021-24
2024-09-04,785.0690124511718,748.552873562593,210.52355850387775,2024,3,865.2299242424242,27.154474431818183,3,5.498973305954905,0,0.0,2024,2021-24
2024-09-05,779.5880065917969,748.6500229049278,210.67994289671535,2024,3,898.2242424242424,27.534880050505052,3,5.498973305954905,0,0.0,2024,2021-24
2024-09-06,808.1700378417969,748.7423147801459,210.82850806991107,2024,3,868.6454545454546,27.510329861111114,3,5.498973305954905,0,0.0,2024,2021-24
2024-09-07,735.0630004882812,748.7423147801459,210.82850806991107,2024,3,777.8359848484848,27.159446022727277,3,5.498973305954905,0,0.0,2024,2021-24
2024-09-08,713.2360107421875,748.7471722472626,210.83632728955294,2024,3,796.3284090909091,27.23364109848485,3,5.498973305954905,0,0.0,2024,2021-24
2024-09-09,813.93798828125,748.8686089251811,211.03180778059993,2024,3,809.5496212121212,27.234864267676766,3,5.498973305954905,0,0.0,2024,2021-24
2024-09-10,808.9789916992188,748.9609008003991,211.18037295379565,2024,3,786.7462121212121,27.42950599747475,3,5.498973305954905,0,0.0,2024,2021-24
2024-09-11,798.5030029296875,749.2338610646838,211.41494954305205,2024,3,890.8,27.79583333333333,3,5.498973305954905,0,0.0,2024,2021-24
2024-09-12,806.0280212402344,749.4038724137696,211.68862223051784,2024,3,901.2931818181818,27.968568497474745,3,5.498973305954905,0,0.0,2024,2021-24
2024-09-13,829.0449768066406,749.4961642889876,211.83718740371356,2024,3,807.0056818181818,27.84332386363637,3,5.498973305954905,0,0.0,2024,2021-24
2024-09-14,734.814013671875,749.5010217561044,211.84500662335543,2024,3,890.0662878787878,27.552943497474754,3,5.498973305954905,0,0.0,2024,2021-24
2024-09-15,727.1920104980469,749.5010217561044,211.84500662335543,2024,3,830.933712121212,27.637121212121215,3,5.498973305954905,0,0.0,2024,2021-24
2024-09-16,879.0179748535156,749.6158378298721,212.03266789476055,2024,3,744.4257575757576,27.656297348484852,3,5.498973305954905,0,0.0,2024,2021-24
2024-09-17,830.1999877929687,749.8199463455433,212.3610751197195,2024,3,767.3787878787879,27.746780303030302,3,5.498973305954905,0,0.0,2024,2021-24
2024-09-18,838.8340026855469,750.1026735601265,212.60347092861775,2024,3,853.5125,27.80979324494949,3,5.498973305954905,0,0.0,2024,2021-24
2024-09-19,805.622998046875,750.2532550407454,212.84586673751602,2024,3,831.1132575757576,27.55721275252525,3,5.498973305954905,0,0.0,2024,2021-24
2024-09-20,826.2609252929688,750.3933079001079,213.07262410713054,2024,3,705.7818181818182,27.4209990530303,3,5.498973305954905,0,0.0,2024,2021-24
2024-09-21,734.4560180664063,750.3933079001079,213.07262410713054,2024,3,763.8905303030303,27.175015782828282,3,5.498973305954905,0,0.0,2024,2021-24
2024-09-22,707.4250061035157,750.3933079001079,213.07262410713054,2024,3,837.2121212121212,27.34425505050505,3,5.498973305954905,0,0.0,2024,2021-24
2024-09-23,790.1780456542969,750.6651390591185,213.26810459817753,2024,3,824.5640151515152,27.439559659090914,3,5.498973305954905,0,0.0,2024,2021-24
2024-09-24,812.9750244140625,750.7964804648067,213.47922352850827,2024,3,759.2231060606061,27.611600378787884,3,5.498973305954905,0,0.0,2024,2021-24
2024-09-25,805.6809875488282,750.9227746098419,213.68252323919714,2024,3,790.8140151515152,27.319113005050507,3,5.498973305954905,0,0.0,2024,2021-24
2024-09-26,832.1029968261719,751.0296388864101,213.85454607131848,2024,3,703.2973484848485,27.27751736111111,3,5.498973305954905,0,0.0,2024,2021-24
2024-09-27,832.0790100097656,751.1073583602779,213.97965358558855,2024,3,619.2170454545454,27.369941603535352,3,5.498973305954905,0,0.0,2024,2021-24
2024-09-28,730.1169921875,751.1122158273946,213.98747280523042,2024,3,802.3503787878788,27.48644255050505,3,5.498973305954905,0,0.0,2024,2021-24
2024-09-29,745.7529907226562,751.1170732945113,213.9952920248723,2024,3,680.459090909091,27.326160037878793,3,5.498973305954905,0,0.0,2024,2021-24
2024-09-30,873.372998046875,751.2190801039628,214.15949563735177,2024,3,601.3208333333333,27.375260416666666,3,5.498973305954905,0,0.0,2024,2021-24
2024-10-01,819.1370056152343,751.3890914530486,214.43316832481756,2024,4,805.4818181818182,27.513565340909093,4,5.498973305954905,0,0.0,2024,2021-24
2024-10-02,817.4420104980469,751.5689816094775,214.59737193729703,2024,4,764.7806818181818,27.5078125,4,5.498973305954905,0,0.0,2024,2021-24
2024-10-03,824.1590087890625,751.6564160175789,214.73811789085087,2024,4,754.4212121212122,27.381289457070707,4,5.498973305954905,0,0.0,2024,2021-24
2024-10-04,802.2029907226563,751.7584228270304,214.90232150333034,2024,4,688.0310606060606,27.032165404040402,4,5.498973305954905,0,0.0,2024,2021-24
2024-10-05,735.6209899902344,751.7584228270304,214.90232150333034,2024,4,752.9026515151515,27.169223484848487,4,5.498973305954905,0,0.0,2024,2021-24
2024-10-06,743.5849975585937,751.7584228270304,214.90232150333034,2024,4,635.732196969697,27.433925189393943,4,5.498973305954905,0,0.0,2024,2021-24
2024-10-07,796.8400146484375,751.9680964475756,215.0665251158098,2024,4,823.3541666666666,27.51555397727273,4,5.498973305954905,0,0.0,2024,2021-24
2024-10-08,784.8369995117188,752.1186779281945,215.30892092470808,2024,4,807.2503787878788,27.07682291666667,4,5.498973305954905,0,0.0,2024,2021-24
2024-10-09,802.22001953125,752.2577656819942,215.52785907468072,2024,4,737.6242424242424,27.198129734848482,4,5.498973305954905,0,0.0,2024,2021-24
2024-10-10,834.4630126953125,752.4098529948252,215.7311587853696,2024,4,756.6458333333333,27.460471906565658,4,5.498973305954905,0,0.0,2024,2021-24
2024-10-11,830.3620422363281,752.526432205627,215.9188200567747,2024,4,714.7719696969697,27.597892992424246,4,5.498973305954905,0,0.0,2024,2021-24
2024-10-12,753.4969787597656,752.526432205627,215.9188200567747,2024,4,681.989393939394,27.146440972222223,4,5.498973305954905,0,0.0,2024,2021-24
2024-10-13,719.4260314941406,752.526432205627,215.9188200567747,2024,4,653.1871212121212,27.21974431818182,4,5.498973305954905,0,0.0,2024,2021-24
2024-10-14,877.6130065917969,752.657678714547,216.12993898710545,2024,4,617.8723484848485,27.435511363636365,4,5.498973305954905,0,0.0,2024,2021-24
2024-10-15,803.9349853515625,752.8131176622827,216.3801540156456,2024,4,758.0295454545454,27.536868686868686,4,5.498973305954905,0,0.0,2024,2021-24
2024-10-16,779.2530334472656,752.9673825826011,216.6069113852601,2024,4,780.7674242424242,27.247151199494947,4,5.498973305954905,0,0.0,2024,2021-24
2024-10-17,850.2210021972656,753.0499595235857,216.73983811917205,2024,4,675.4041666666667,27.370399305555562,4,5.498973305954905,0,0.0,2024,2021-24
2024-10-18,859.6380065917969,753.1325364645703,216.872764853084,2024,4,700.6204545454545,27.60987215909091,4,5.498973305954905,0,0.0,2024,2021-24
2024-10-19,796.7099975585937,753.137393931687,216.88058407272587,2024,4,734.5011363636364,27.379876893939393,4,5.498973305954905,0,0.0,2024,2021-24
2024-10-20,710.1420043945312,753.1422513988038,216.88840329236774,2024,4,803.0284090909091,27.257717803030307,4,5.498973305954905,0,0.0,2024,2021-24
2024-10-21,809.0529907226562,753.3026427104243,217.14643754054978,2024,4,786.1378787878788,27.07802241161616,4,5.498973305954905,0,0.0,2024,2021-24
2024-10-22,844.1269958496093,753.4924324876737,217.3340988119549,2024,4,715.7738636363636,26.849731691919192,4,5.498973305954905,0,0.0,2024,2021-24
2024-10-23,849.4840087890625,753.8420327056615,217.56085618156942,2024,4,701.5753787878788,27.101775568181818,4,5.498973305954905,0,0.0,2024,2021-24
2024-10-24,849.5980102539063,754.016901521864,217.84234808867708,2024,4,726.1075757575758,27.192463699494947,4,5.498973305954905,0,0.0,2024,2021-24
2024-10-25,860.431982421875,754.148053134016,218.05346701900783,2024,4,668.9030303030303,27.06175031565657,4,5.498973305954905,0,0.0,2024,2021-24
2024-10-26,869.0439636230469,754.148053134016,218.05346701900783,2024,4,403.0681818181818,26.895383522727272,4,5.498973305954905,1,754.148053134016,2024,2021-24
2024-10-27,762.3949768066407,754.1577680682494,218.06910545829157,2024,4,542.5026515151515,26.774147727272723,4,5.498973305954905,1,754.1577680682494,2024,2021-24
2024-10-28,899.5599792480468,754.4105545836028,218.38969346360864,2024,4,463.1045454545454,27.16278409090909,4,5.498973305954905,1,754.4105545836028,2024,2021-24
2024-10-29,847.6909973144532,754.5222763272877,218.56953551537188,2024,4,527.2026515151515,26.77270359848485,4,5.498973305954905,1,754.5222763272877,2024,2021-24
2024-10-30,805.8739807128907,754.6437130052062,218.76501600641888,2024,4,660.5863636363636,26.624281881313127,4,5.498973305954905,0,0.0,2024,2021-24
2024-10-31,837.2199890136719,754.754386122938,218.9135811796146,2024,4,591.0939393939394,26.737949810606064,4,5.498973305954905,0,0.0,2024,2021-24
2024-11-01,793.1489807128906,754.8649196694479,219.09342323137784,2024,4,703.8969696969697,26.70224116161616,4,5.498973305954905,0,0.0,2024,2021-24
2024-11-02,762.8239990234375,754.9116077409753,219.148157768871,2024,4,659.0390151515151,26.644404987373733,4,5.498973305954905,0,0.0,2024,2021-24
2024-11-03,725.3779907226562,754.9116077409753,219.148157768871,2024,4,709.5037878787879,26.79313446969697,4,5.498973305954905,0,0.0,2024,2021-24
2024-11-04,883.1159912109375,755.0233294846603,219.32799982063423,2024,4,606.4761363636364,26.9293244949495,4,5.498973305954905,0,0.0,2024,2021-24
2024-11-05,903.6089965820313,755.1485303292885,219.5312995313231,2024,4,450.1030303030303,26.89470486111111,4,5.498973305954905,1,755.1485303292885,2024,2021-24
2024-11-06,827.0420166015625,755.3328493307089,219.74241846165384,2024,4,586.0128787878788,26.555721275252527,4,5.498973305954905,1,755.3328493307089,2024,2021-24
2024-11-07,810.1339965820313,756.8977066497017,219.9066220741333,2024,4,471.0420454545454,26.026870265151516,4,5.498973305954905,1,756.8977066497017,2024,2021-24
2024-11-08,783.7569763183594,757.096862801488,220.22721007945037,2024,4,526.107196969697,26.073500631313134,4,5.498973305954905,1,757.096862801488,2024,2021-24
2024-11-09,727.4639953613281,757.096862801488,220.22721007945037,2024,4,588.1174242424242,26.39868213383839,4,5.498973305954905,1,757.096862801488,2024,2021-24
2024-11-10,716.3890319824219,757.1017202686047,220.23502929909225,2024,4,563.1083333333333,26.558972537878788,4,5.498973305954905,1,757.1017202686047,2024,2021-24
2024-11-11,787.0600036621094,757.2425868149901,220.46178666870676,2024,4,604.9840909090909,26.623713699494953,4,5.498973305954905,0,0.0,2024,2021-24
2024-11-12,803.0969848632812,757.4065524997841,220.72764013653068,2024,4,590.2208333333334,26.62814078282828,4,5.498973305954905,0,0.0,2024,2021-24
2024-11-13,804.95,757.5508268028708,220.9153014079358,2024,4,548.0435606060606,26.344341856060606,4,5.498973305954905,1,757.5508268028708,2024,2021-24
2024-11-14,798.43603515625,757.8100888277312,221.21243175432724,2024,4,496.2159090909091,26.377643623737374,4,5.498973305954905,1,757.8100888277312,2024,2021-24
2024-11-15,761.8900329589844,758.41428990225,221.44700834358363,2024,4,677.2022727272727,26.321212121212124,4,5.498973305954905,0,0.0,2024,2021-24
2024-11-16,733.3570129394532,758.4288623036001,221.47046600250928,2024,4,601.3537878787879,26.41517518939394,4,5.498973305954905,0,0.0,2024,2021-24
2024-11-17,702.9469848632813,758.4482921720671,221.5017428810768,2024,4,618.192803030303,26.04801136363636,4,5.498973305954905,0,0.0,2024,2021-24
2024-11-18,771.914013671875,758.5891587184525,221.72850025069133,2024,4,663.6469696969697,26.211766098484848,4,5.498973305954905,0,0.0,2024,2021-24
2024-11-19,797.5760131835938,760.1538053851788,221.86142698460327,2024,4,621.2462121212122,26.12442392676768,4,5.498973305954905,0,0.0,2024,2021-24
2024-11-20,731.8190002441406,760.3979956226906,222.09600357385966,2024,4,696.1829545454545,25.720099431818184,4,5.498973305954905,0,0.0,2024,2021-24
2024-11-21,711.8230102539062,760.5146697302604,222.28366484526478,2024,4,724.5329545454546,25.46730587121212,4,5.498973305954905,0,0.0,2024,2021-24
2024-11-22,753.1210083007812,760.6166765397119,222.44786845774425,2024,4,592.7662878787879,25.10070233585859,4,5.498973305954905,0,0.0,2024,2021-24
2024-11-23,687.5750122070312,760.6215340068286,222.45568767738612,2024,4,637.9068181818182,24.75513731060606,4,5.498973305954905,0,0.0,2024,2021-24
2024-11-24,649.1639770507812,760.6215340068286,222.45568767738612,2024,4,701.5011363636364,24.87947443181818,4,5.498973305954905,0,0.0,2024,2021-24
2024-11-25,791.2150024414062,760.7769729545643,222.70590270592626,2024,4,652.378409090909,25.413873106060606,4,5.498973305954905,0,0.0,2024,2021-24
2024-11-26,780.3050354003906,760.9178395009496,222.93266007554078,2024,4,663.648106060606,25.164835858585857,4,5.498973305954905,0,0.0,2024,2021-24
2024-11-27,758.6569946289062,761.0980891763508,223.11250212730403,2024,4,637.7488636363636,25.365025252525253,4,5.498973305954905,0,0.0,2024,2021-24
2024-11-28,731.2069946289063,761.0980891763508,223.11250212730403,2024,4,647.2950757575758,25.168789457070705,4,5.498973305954905,0,0.0,2024,2021-24
2024-11-29,771.5699951171875,761.1175190448178,223.14377900587155,2024,4,549.2530303030303,25.297664141414135,4,5.498973305954905,1,761.1175190448178,2024,2021-24
2024-11-30,706.4340148925781,761.1175190448178,223.14377900587155,2024,4,660.6522727272727,25.343268623737377,4,5.498973305954905,0,0.0,2024,2021-24
2024-12-01,681.283984375,761.1175190448178,223.14377900587155,2024,4,641.0227272727273,25.375426136363632,4,5.498973305954905,0,0.0,2024,2021-24
2024-12-02,756.806005859375,761.3082053498848,223.4330901326211,2024,4,632.4484848484848,25.624842171717173,4,5.498973305954905,0,0.0,2024,2021-24
2024-12-03,781.5439880371093,761.4822604790644,223.71458203972875,2024,4,634.9757575757576,25.9096590909091,4,5.498973305954905,0,0.0,2024,2021-24
2024-12-04,821.8070007324219,761.6085546240996,223.91788175041762,2024,4,566.3685606060606,25.7947601010101,4,5.498973305954905,1,761.6085546240996,2024,2021-24
2024-12-05,806.0729919433594,761.7445637033683,224.13681990039026,2024,4,621.5772727272727,26.103551136363635,4,5.498973305954905,0,0.0,2024,2021-24
2024-12-06,839.0900207519531,761.9097873709483,224.3948541485723,2024,4,334.8034090909091,25.016422032828284,4,5.498973305954905,1,761.9097873709483,2024,2021-24
2024-12-07,734.6779907226562,761.9292172394153,224.42613102713983,2024,4,636.8723484848485,25.74268465909091,4,5.498973305954905,0,0.0,2024,2021-24
2024-12-08,719.2560180664062,761.9680769763492,224.48868478427488,2024,4,632.9143939393939,25.696859217171717,4,5.498973305954905,0,0.0,2024,2021-24
2024-12-09,781.5970153808594,762.1138009898513,224.72326137353127,2024,4,662.8719696969697,25.991461489898995,4,5.498973305954905,0,0.0,2024,2021-24
2024-12-10,792.0660217285156,762.2206652664195,224.89528420565262,2024,4,558.0378787878788,25.888880997474754,4,5.498973305954905,1,762.2206652664195,2024,2021-24
2024-12-11,770.5609558105468,763.0509707409742,225.22369143061155,2024,4,645.594696969697,25.84004892676768,4,5.498973305954905,0,0.0,2024,2021-24
2024-12-12,789.0780151367187,763.148120083309,225.38007582344915,2024,4,611.1306818181818,26.10119160353536,4,5.498973305954905,0,0.0,2024,2021-24
2024-12-13,833.2910034179688,763.2598418269939,225.5599178752124,2024,4,557.5977272727273,26.01227904040404,4,5.498973305954905,1,763.2598418269939,2024,2021-24
2024-12-14,736.7560180664062,763.2646992941106,225.56773709485427,2024,4,646.4306818181818,25.777856691919194,4,5.498973305954905,0,0.0,2024,2021-24
2024-12-15,760.2360046386718,763.2695567612274,225.57555631449614,2024,4,527.744696969697,25.77505523989899,4,5.498973305954905,1,763.2695567612274,2024,2021-24
2024-12-16,804.5549987792969,763.352133702212,225.70848304840808,2024,4,649.0431818181818,25.716698232323235,4,5.498973305954905,0,0.0,2024,2021-24
2024-12-17,814.9789855957031,763.5124301170644,225.96651729659013,2024,4,549.4083333333333,25.52810132575757,4,5.498973305954905,1,763.5124301170644,2024,2021-24
2024-12-18,853.2840148925782,763.5998645251657,226.10726325014397,2024,4,562.9560606060606,26.00763099747475,4,5.498973305954905,1,763.5998645251657,2024,2021-24
2024-12-19,814.7019958496094,763.8559806721663,226.27928608226532,2024,4,656.528409090909,25.894910037878788,4,5.498973305954905,0,0.0,2024,2021-24
2024-12-20,826.2929809570312,764.07203235955,226.52168189116358,2024,4,605.5075757575758,25.619468118686868,4,5.498973305954905,0,0.0,2024,2021-24
2024-12-21,734.8769836425781,764.091462228017,226.5529587697311,2024,4,654.4265151515152,25.59083017676768,4,5.498973305954905,0,0.0,2024,2021-24
2024-12-22,704.4900024414062,764.110892096484,226.58423564829863,2024,4,664.4875,25.5128630050505,4,5.498973305954905,0,0.0,2024,2021-24
2024-12-23,780.0890014648437,764.1594667676513,226.66242784471743,2024,4,631.6185606060606,25.977959280303036,4,5.498973305954905,0,0.0,2024,2021-24
2024-12-24,803.8129943847656,764.5994302325942,226.7484392607781,2024,4,603.1045454545454,26.02709911616162,4,5.498973305954905,0,0.0,2024,2021-24
2024-12-25,719.793017578125,764.6431474366448,226.81881223755502,2024,4,611.7299242424242,26.013202335858583,4,5.498973305954905,0,0.0,2024,2021-24
2024-12-26,808.0560241699219,764.7742990487967,227.02993116788576,2024,4,559.1325757575758,26.071093749999992,4,5.498973305954905,1,764.7742990487967,2024,2021-24
2024-12-27,806.4830200195313,765.0298216497466,227.2801461964259,2024,4,503.0329545454546,25.78564551767677,4,5.498973305954905,1,765.0298216497466,2024,2021-24
2024-12-28,732.60400390625,765.0346791168633,227.28796541606778,2024,4,371.1935606060606,25.309359217171714,4,5.498973305954905,1,765.0346791168633,2024,2021-24
2024-12-29,690.70400390625,765.0346791168633,227.28796541606778,2024,4,568.8303030303031,25.319949494949494,4,5.498973305954905,1,765.0346791168633,2024,2021-24
2024-12-30,773.7069946289063,765.1415433934316,227.45998824818912,2024,4,620.2662878787879,25.40385890151515,4,5.498973305954905,0,0.0,2024,2021-24
2024-12-31,774.7609680175781,765.3377630241907,227.6241918606686,2024,4,610.7926136363636,25.533428030303032,4,5.498973305954905,0,0.0,2024,2021-24
