scenario,period,cost_real_musd_yr,demand_gwh_yr,cost_per_mwh
nlv2a_C1_LSFO250_refbrent,2027,1469.2,6822.4,215.35
nlv2a_C1_LSFO250_refbrent,2030,1443.64,6705.6,215.29
nlv2a_C1_LSFO250_refbrent,2035,1397.96,6469.8,216.07
nlv2a_C1_LSFO250_refbrent,2040,1377.51,6337.5,217.36
nlv2a_C1_LSFO250_refbrent,2045,1243.28,6237.6,199.32
nlv2a_C1_LSFO250_refbrent,2050,1089.8,6220.2,175.2
nlv2a_C4_NOTHERMAL_refbrent,2027,1465.52,6822.4,214.81
nlv2a_C4_NOTHERMAL_refbrent,2030,1457.61,6705.6,217.37
nlv2a_C4_NOTHERMAL_refbrent,2035,1354.12,6469.8,209.3
nlv2a_C4_NOTHERMAL_refbrent,2040,1342.63,6337.5,211.85
nlv2a_C4_NOTHERMAL_refbrent,2045,1192.66,6237.6,191.2
nlv2a_C4_NOTHERMAL_refbrent,2050,1041.54,6220.2,167.44
nlv2a_C5_LNG375_highbrent,2027,1547.69,6822.4,226.85
nlv2a_C5_LNG375_highbrent,2030,1569.92,6705.6,234.12
nlv2a_C5_LNG375_highbrent,2035,1573.31,6469.8,243.18
nlv2a_C5_LNG375_highbrent,2040,1548.22,6337.5,244.29
nlv2a_C5_LNG375_highbrent,2045,1203.82,6237.6,192.99
nlv2a_C5_LNG375_highbrent,2050,1050.0,6220.2,168.8
nlv2a_C5_LNG375_lowbrent,2027,1226.94,6822.4,179.84
nlv2a_C5_LNG375_lowbrent,2030,1131.29,6705.6,168.71
nlv2a_C5_LNG375_lowbrent,2035,1087.94,6469.8,168.16
nlv2a_C5_LNG375_lowbrent,2040,1244.33,6337.5,196.34
nlv2a_C5_LNG375_lowbrent,2045,1181.89,6237.6,189.48
nlv2a_C5_LNG375_lowbrent,2050,1025.25,6220.2,164.83
nlv2a_C5_LNG375_refbrent,2027,1487.33,6822.4,218.01
nlv2a_C5_LNG375_refbrent,2030,1411.89,6705.6,210.55
nlv2a_C5_LNG375_refbrent,2035,1416.45,6469.8,218.93
nlv2a_C5_LNG375_refbrent,2040,1423.59,6337.5,224.63
nlv2a_C5_LNG375_refbrent,2045,1193.03,6237.6,191.26
nlv2a_C5_LNG375_refbrent,2050,1040.81,6220.2,167.33
nlv2a_be_pv15_C4_NOTHERMAL_refbrent,2027,1550.22,6822.4,227.23
nlv2a_be_pv15_C4_NOTHERMAL_refbrent,2030,1524.33,6705.6,227.32
nlv2a_be_pv15_C4_NOTHERMAL_refbrent,2035,1450.28,6469.8,224.16
nlv2a_be_pv15_C4_NOTHERMAL_refbrent,2040,1434.33,6337.5,226.32
nlv2a_be_pv15_C4_NOTHERMAL_refbrent,2045,1334.39,6237.6,213.93
nlv2a_be_pv15_C4_NOTHERMAL_refbrent,2050,1194.74,6220.2,192.07
nlv2a_be_pv17_C4_NOTHERMAL_refbrent,2027,1612.36,6822.4,236.33
nlv2a_be_pv17_C4_NOTHERMAL_refbrent,2030,1545.88,6705.6,230.54
nlv2a_be_pv17_C4_NOTHERMAL_refbrent,2035,1469.38,6469.8,227.11
nlv2a_be_pv17_C4_NOTHERMAL_refbrent,2040,1454.8,6337.5,229.55
nlv2a_be_pv17_C4_NOTHERMAL_refbrent,2045,1385.67,6237.6,222.15
nlv2a_be_pv17_C4_NOTHERMAL_refbrent,2050,1246.56,6220.2,200.4
nlv2a_plan_igp_alt_xf_hybrid_refbrent,2027,1509.2,6822.4,221.21
nlv2a_plan_igp_alt_xf_hybrid_refbrent,2030,1433.54,6705.6,213.78
nlv2a_plan_igp_alt_xf_hybrid_refbrent,2035,1522.8,6469.8,235.37
nlv2a_plan_igp_alt_xf_hybrid_refbrent,2040,1468.35,6337.5,231.69
nlv2a_plan_igp_alt_xf_hybrid_refbrent,2045,1375.12,6237.6,220.45
nlv2a_plan_igp_alt_xf_hybrid_refbrent,2050,1318.59,6220.2,211.98
nlv2a_plan_igp_pref_hybrid_refbrent,2027,1487.18,6822.4,217.98
nlv2a_plan_igp_pref_hybrid_refbrent,2030,1472.56,6705.6,219.6
nlv2a_plan_igp_pref_hybrid_refbrent,2035,1507.87,6469.8,233.06
nlv2a_plan_igp_pref_hybrid_refbrent,2040,1452.47,6337.5,229.19
nlv2a_plan_igp_pref_hybrid_refbrent,2045,1488.06,6237.6,238.56
nlv2a_plan_igp_pref_hybrid_refbrent,2050,1440.86,6220.2,231.64
nlv2a_plan_igp_pref_pv15_hybrid_refbrent,2027,1578.43,6822.4,231.36
nlv2a_plan_igp_pref_pv15_hybrid_refbrent,2030,1524.11,6705.6,227.29
nlv2a_plan_igp_pref_pv15_hybrid_refbrent,2035,1561.87,6469.8,241.41
nlv2a_plan_igp_pref_pv15_hybrid_refbrent,2040,1504.86,6337.5,237.45
nlv2a_plan_igp_pref_pv15_hybrid_refbrent,2045,1534.9,6237.6,246.07
nlv2a_plan_igp_pref_pv15_hybrid_refbrent,2050,1486.7,6220.2,239.01
nlv2a_plan_igp_pref_pv17_hybrid_refbrent,2027,1600.85,6822.4,234.65
nlv2a_plan_igp_pref_pv17_hybrid_refbrent,2030,1545.87,6705.6,230.53
nlv2a_plan_igp_pref_pv17_hybrid_refbrent,2035,1591.73,6469.8,246.03
nlv2a_plan_igp_pref_pv17_hybrid_refbrent,2040,1523.35,6337.5,240.37
nlv2a_plan_igp_pref_pv17_hybrid_refbrent,2045,1560.59,6237.6,250.19
nlv2a_plan_igp_pref_pv17_hybrid_refbrent,2050,1514.03,6220.2,243.4
nlv2b_C1_LSFO250_futbrent,2027,1394.26,6869.2,202.97
nlv2b_C1_LSFO250_futbrent,2030,1353.96,6965.8,194.37
nlv2b_C1_LSFO250_futbrent,2035,1347.28,7062.9,190.76
nlv2b_C1_LSFO250_futbrent,2040,1334.97,7215.8,185.01
nlv2b_C1_LSFO250_futbrent,2045,1331.54,7365.5,180.78
nlv2b_C1_LSFO250_futbrent,2050,1194.06,7549.9,158.16
nlv2b_C1_LSFO250_futbrent_adv,2027,1387.18,6869.2,201.94
nlv2b_C1_LSFO250_futbrent_adv,2030,1344.5,6965.8,193.01
nlv2b_C1_LSFO250_futbrent_adv,2035,1285.0,7062.9,181.94
nlv2b_C1_LSFO250_futbrent_adv,2040,1253.55,7215.8,173.72
nlv2b_C1_LSFO250_futbrent_adv,2045,1175.51,7365.5,159.6
nlv2b_C1_LSFO250_futbrent_adv,2050,1019.54,7549.9,135.04
nlv2b_C1_LSFO250_highbrent,2027,1554.96,6869.2,226.37
nlv2b_C1_LSFO250_highbrent,2030,1596.59,6965.8,229.21
nlv2b_C1_LSFO250_highbrent,2035,1555.8,7062.9,220.28
nlv2b_C1_LSFO250_highbrent,2040,1569.13,7215.8,217.46
nlv2b_C1_LSFO250_highbrent,2045,1381.09,7365.5,187.51
nlv2b_C1_LSFO250_highbrent,2050,1245.54,7549.9,164.97
nlv2b_C1_LSFO250_highbrent_adv,2027,1546.77,6869.2,225.17
nlv2b_C1_LSFO250_highbrent_adv,2030,1524.5,6965.8,218.86
nlv2b_C1_LSFO250_highbrent_adv,2035,1473.41,7062.9,208.61
nlv2b_C1_LSFO250_highbrent_adv,2040,1457.02,7215.8,201.92
nlv2b_C1_LSFO250_highbrent_adv,2045,1244.16,7365.5,168.92
nlv2b_C1_LSFO250_highbrent_adv,2050,1091.12,7549.9,144.52
nlv2b_C1_LSFO250_lowbrent,2027,1227.77,6869.2,178.74
nlv2b_C1_LSFO250_lowbrent,2030,1093.23,6965.8,156.94
nlv2b_C1_LSFO250_lowbrent,2035,1056.99,7062.9,149.65
nlv2b_C1_LSFO250_lowbrent,2040,1200.89,7215.8,166.43
nlv2b_C1_LSFO250_lowbrent,2045,1338.57,7365.5,181.74
nlv2b_C1_LSFO250_lowbrent,2050,1197.14,7549.9,158.56
nlv2b_C1_LSFO250_lowbrent_adv,2027,1220.15,6869.2,177.63
nlv2b_C1_LSFO250_lowbrent_adv,2030,1079.34,6965.8,154.95
nlv2b_C1_LSFO250_lowbrent_adv,2035,1032.13,7062.9,146.13
nlv2b_C1_LSFO250_lowbrent_adv,2040,1127.08,7215.8,156.2
nlv2b_C1_LSFO250_lowbrent_adv,2045,1186.97,7365.5,161.15
nlv2b_C1_LSFO250_lowbrent_adv,2050,1038.43,7549.9,137.54
nlv2b_C1_LSFO250_refbrent,2027,1474.84,6869.2,214.7
nlv2b_C1_LSFO250_refbrent,2030,1471.98,6965.8,211.32
nlv2b_C1_LSFO250_refbrent,2035,1444.81,7062.9,204.56
nlv2b_C1_LSFO250_refbrent,2040,1447.45,7215.8,200.59
nlv2b_C1_LSFO250_refbrent,2045,1350.54,7365.5,183.36
nlv2b_C1_LSFO250_refbrent,2050,1215.08,7549.9,160.94
nlv2b_C1_LSFO250_refbrent_adv,2027,1475.26,6869.2,214.76
nlv2b_C1_LSFO250_refbrent_adv,2030,1434.69,6965.8,205.96
nlv2b_C1_LSFO250_refbrent_adv,2035,1371.4,7062.9,194.17
nlv2b_C1_LSFO250_refbrent_adv,2040,1357.37,7215.8,188.11
nlv2b_C1_LSFO250_refbrent_adv,2045,1204.9,7365.5,163.59
nlv2b_C1_LSFO250_refbrent_adv,2050,1049.71,7549.9,139.04
nlv2b_C2_LSFO375_futbrent,2027,1395.25,6869.2,203.12
nlv2b_C2_LSFO375_futbrent,2030,1365.67,6965.8,196.05
nlv2b_C2_LSFO375_futbrent,2035,1363.17,7062.9,193.0
nlv2b_C2_LSFO375_futbrent,2040,1367.18,7215.8,189.47
nlv2b_C2_LSFO375_futbrent,2045,1366.4,7365.5,185.51
nlv2b_C2_LSFO375_futbrent,2050,1226.78,7549.9,162.49
nlv2b_C2_LSFO375_futbrent_adv,2027,1387.74,6869.2,202.02
nlv2b_C2_LSFO375_futbrent_adv,2030,1360.26,6965.8,195.28
nlv2b_C2_LSFO375_futbrent_adv,2035,1314.14,7062.9,186.06
nlv2b_C2_LSFO375_futbrent_adv,2040,1279.88,7215.8,177.37
nlv2b_C2_LSFO375_futbrent_adv,2045,1202.94,7365.5,163.32
nlv2b_C2_LSFO375_futbrent_adv,2050,1046.08,7549.9,138.56
nlv2b_C2_LSFO375_highbrent,2027,1553.91,6869.2,226.21
nlv2b_C2_LSFO375_highbrent,2030,1621.46,6965.8,232.77
nlv2b_C2_LSFO375_highbrent,2035,1581.67,7062.9,223.94
nlv2b_C2_LSFO375_highbrent,2040,1594.41,7215.8,220.96
nlv2b_C2_LSFO375_highbrent,2045,1406.07,7365.5,190.9
nlv2b_C2_LSFO375_highbrent,2050,1270.44,7549.9,168.27
nlv2b_C2_LSFO375_highbrent_adv,2027,1543.31,6869.2,224.67
nlv2b_C2_LSFO375_highbrent_adv,2030,1580.17,6965.8,226.85
nlv2b_C2_LSFO375_highbrent_adv,2035,1492.58,7062.9,211.33
nlv2b_C2_LSFO375_highbrent_adv,2040,1475.97,7215.8,204.55
nlv2b_C2_LSFO375_highbrent_adv,2045,1262.93,7365.5,171.47
nlv2b_C2_LSFO375_highbrent_adv,2050,1107.97,7549.9,146.75
nlv2b_C2_LSFO375_lowbrent,2027,1227.99,6869.2,178.77
nlv2b_C2_LSFO375_lowbrent,2030,1111.79,6965.8,159.61
nlv2b_C2_LSFO375_lowbrent,2035,1082.65,7062.9,153.29
nlv2b_C2_LSFO375_lowbrent,2040,1231.5,7215.8,170.67
nlv2b_C2_LSFO375_lowbrent,2045,1368.36,7365.5,185.78
nlv2b_C2_LSFO375_lowbrent,2050,1225.58,7549.9,162.33
nlv2b_C2_LSFO375_lowbrent_adv,2027,1221.04,6869.2,177.76
nlv2b_C2_LSFO375_lowbrent_adv,2030,1098.68,6965.8,157.73
nlv2b_C2_LSFO375_lowbrent_adv,2035,1049.17,7062.9,148.55
nlv2b_C2_LSFO375_lowbrent_adv,2040,1158.78,7215.8,160.59
nlv2b_C2_LSFO375_lowbrent_adv,2045,1218.56,7365.5,165.44
nlv2b_C2_LSFO375_lowbrent_adv,2050,1069.68,7549.9,141.68
nlv2b_C2_LSFO375_refbrent,2027,1474.55,6869.2,214.66
nlv2b_C2_LSFO375_refbrent,2030,1477.23,6965.8,212.07
nlv2b_C2_LSFO375_refbrent,2035,1473.58,7062.9,208.64
nlv2b_C2_LSFO375_refbrent,2040,1475.62,7215.8,204.5
nlv2b_C2_LSFO375_refbrent,2045,1380.16,7365.5,187.38
nlv2b_C2_LSFO375_refbrent,2050,1243.75,7549.9,164.74
nlv2b_C2_LSFO375_refbrent_adv,2027,1475.16,6869.2,214.75
nlv2b_C2_LSFO375_refbrent_adv,2030,1462.8,6965.8,210.0
nlv2b_C2_LSFO375_refbrent_adv,2035,1391.36,7062.9,197.0
nlv2b_C2_LSFO375_refbrent_adv,2040,1383.28,7215.8,191.7
nlv2b_C2_LSFO375_refbrent_adv,2045,1225.92,7365.5,166.44
nlv2b_C2_LSFO375_refbrent_adv,2050,1071.2,7549.9,141.88
nlv2b_C3_LSFO500_futbrent,2027,1407.34,6869.2,204.88
nlv2b_C3_LSFO500_futbrent,2030,1386.88,6965.8,199.1
nlv2b_C3_LSFO500_futbrent,2035,1380.2,7062.9,195.42
nlv2b_C3_LSFO500_futbrent,2040,1398.29,7215.8,193.78
nlv2b_C3_LSFO500_futbrent,2045,1397.68,7365.5,189.76
nlv2b_C3_LSFO500_futbrent,2050,1258.21,7549.9,166.65
nlv2b_C3_LSFO500_futbrent_adv,2027,1389.92,6869.2,202.34
nlv2b_C3_LSFO500_futbrent_adv,2030,1381.07,6965.8,198.27
nlv2b_C3_LSFO500_futbrent_adv,2035,1345.48,7062.9,190.5
nlv2b_C3_LSFO500_futbrent_adv,2040,1310.93,7215.8,181.68
nlv2b_C3_LSFO500_futbrent_adv,2045,1232.98,7365.5,167.4
nlv2b_C3_LSFO500_futbrent_adv,2050,1076.01,7549.9,142.52
nlv2b_C3_LSFO500_highbrent,2027,1557.09,6869.2,226.68
nlv2b_C3_LSFO500_highbrent,2030,1663.14,6965.8,238.76
nlv2b_C3_LSFO500_highbrent,2035,1599.75,7062.9,226.5
nlv2b_C3_LSFO500_highbrent,2040,1622.89,7215.8,224.91
nlv2b_C3_LSFO500_highbrent,2045,1427.26,7365.5,193.78
nlv2b_C3_LSFO500_highbrent,2050,1291.64,7549.9,171.08
nlv2b_C3_LSFO500_highbrent_adv,2027,1545.16,6869.2,224.94
nlv2b_C3_LSFO500_highbrent_adv,2030,1625.85,6965.8,233.41
nlv2b_C3_LSFO500_highbrent_adv,2035,1517.43,7062.9,214.85
nlv2b_C3_LSFO500_highbrent_adv,2040,1500.53,7215.8,207.95
nlv2b_C3_LSFO500_highbrent_adv,2045,1286.36,7365.5,174.65
nlv2b_C3_LSFO500_highbrent_adv,2050,1129.91,7549.9,149.66
nlv2b_C3_LSFO500_lowbrent,2027,1228.61,6869.2,178.86
nlv2b_C3_LSFO500_lowbrent,2030,1139.8,6965.8,163.63
nlv2b_C3_LSFO500_lowbrent,2035,1111.4,7062.9,157.36
nlv2b_C3_LSFO500_lowbrent,2040,1261.98,7215.8,174.89
nlv2b_C3_LSFO500_lowbrent,2045,1398.69,7365.5,189.9
nlv2b_C3_LSFO500_lowbrent,2050,1255.8,7549.9,166.33
nlv2b_C3_LSFO500_lowbrent_adv,2027,1220.87,6869.2,177.73
nlv2b_C3_LSFO500_lowbrent_adv,2030,1121.14,6965.8,160.95
nlv2b_C3_LSFO500_lowbrent_adv,2035,1072.06,7062.9,151.79
nlv2b_C3_LSFO500_lowbrent_adv,2040,1192.66,7215.8,165.28
nlv2b_C3_LSFO500_lowbrent_adv,2045,1253.38,7365.5,170.17
nlv2b_C3_LSFO500_lowbrent_adv,2050,1103.79,7549.9,146.2
nlv2b_C3_LSFO500_refbrent,2027,1474.09,6869.2,214.59
nlv2b_C3_LSFO500_refbrent,2030,1493.64,6965.8,214.43
nlv2b_C3_LSFO500_refbrent,2035,1505.36,7062.9,213.14
nlv2b_C3_LSFO500_refbrent,2040,1505.74,7215.8,208.67
nlv2b_C3_LSFO500_refbrent,2045,1410.86,7365.5,191.55
nlv2b_C3_LSFO500_refbrent,2050,1274.89,7549.9,168.86
nlv2b_C3_LSFO500_refbrent_adv,2027,1475.34,6869.2,214.78
nlv2b_C3_LSFO500_refbrent_adv,2030,1481.03,6965.8,212.62
nlv2b_C3_LSFO500_refbrent_adv,2035,1425.99,7062.9,201.9
nlv2b_C3_LSFO500_refbrent_adv,2040,1413.07,7215.8,195.83
nlv2b_C3_LSFO500_refbrent_adv,2045,1257.18,7365.5,170.69
nlv2b_C3_LSFO500_refbrent_adv,2050,1099.91,7549.9,145.69
nlv2b_C4_NOTHERMAL_futbrent,2027,1393.47,6869.2,202.86
nlv2b_C4_NOTHERMAL_futbrent,2030,1349.32,6965.8,193.71
nlv2b_C4_NOTHERMAL_futbrent,2035,1316.5,7062.9,186.4
nlv2b_C4_NOTHERMAL_futbrent,2040,1306.31,7215.8,181.03
nlv2b_C4_NOTHERMAL_futbrent,2045,1281.0,7365.5,173.92
nlv2b_C4_NOTHERMAL_futbrent,2050,1149.46,7549.9,152.25
nlv2b_C4_NOTHERMAL_futbrent_adv,2027,1386.97,6869.2,201.91
nlv2b_C4_NOTHERMAL_futbrent_adv,2030,1345.97,6965.8,193.23
nlv2b_C4_NOTHERMAL_futbrent_adv,2035,1240.93,7062.9,175.7
nlv2b_C4_NOTHERMAL_futbrent_adv,2040,1217.23,7215.8,168.69
nlv2b_C4_NOTHERMAL_futbrent_adv,2045,1123.68,7365.5,152.56
nlv2b_C4_NOTHERMAL_futbrent_adv,2050,972.28,7549.9,128.78
nlv2b_C4_NOTHERMAL_highbrent,2027,1554.33,6869.2,226.27
nlv2b_C4_NOTHERMAL_highbrent,2030,1534.5,6965.8,220.29
nlv2b_C4_NOTHERMAL_highbrent,2035,1525.66,7062.9,216.01
nlv2b_C4_NOTHERMAL_highbrent,2040,1536.49,7215.8,212.93
nlv2b_C4_NOTHERMAL_highbrent,2045,1355.82,7365.5,184.08
nlv2b_C4_NOTHERMAL_highbrent,2050,1221.24,7549.9,161.76
nlv2b_C4_NOTHERMAL_highbrent_adv,2027,1546.16,6869.2,225.09
nlv2b_C4_NOTHERMAL_highbrent_adv,2030,1461.27,6965.8,209.78
nlv2b_C4_NOTHERMAL_highbrent_adv,2035,1435.09,7062.9,203.19
nlv2b_C4_NOTHERMAL_highbrent_adv,2040,1420.92,7215.8,196.92
nlv2b_C4_NOTHERMAL_highbrent_adv,2045,1204.6,7365.5,163.55
nlv2b_C4_NOTHERMAL_highbrent_adv,2050,1055.63,7549.9,139.82
nlv2b_C4_NOTHERMAL_lowbrent,2027,1228.47,6869.2,178.84
nlv2b_C4_NOTHERMAL_lowbrent,2030,1061.78,6965.8,152.43
nlv2b_C4_NOTHERMAL_lowbrent,2035,1020.82,7062.9,144.53
nlv2b_C4_NOTHERMAL_lowbrent,2040,1152.05,7215.8,159.66
nlv2b_C4_NOTHERMAL_lowbrent,2045,1288.42,7365.5,174.93
nlv2b_C4_NOTHERMAL_lowbrent,2050,1153.03,7549.9,152.72
nlv2b_C4_NOTHERMAL_lowbrent_adv,2027,1220.77,6869.2,177.72
nlv2b_C4_NOTHERMAL_lowbrent_adv,2030,1048.22,6965.8,150.48
nlv2b_C4_NOTHERMAL_lowbrent_adv,2035,1013.2,7062.9,143.45
nlv2b_C4_NOTHERMAL_lowbrent_adv,2040,1072.01,7215.8,148.56
nlv2b_C4_NOTHERMAL_lowbrent_adv,2045,1126.5,7365.5,152.94
nlv2b_C4_NOTHERMAL_lowbrent_adv,2050,985.78,7549.9,130.57
nlv2b_C4_NOTHERMAL_refbrent,2027,1477.09,6869.2,215.03
nlv2b_C4_NOTHERMAL_refbrent,2030,1485.6,6965.8,213.27
nlv2b_C4_NOTHERMAL_refbrent,2035,1404.43,7062.9,198.85
nlv2b_C4_NOTHERMAL_refbrent,2040,1417.74,7215.8,196.48
nlv2b_C4_NOTHERMAL_refbrent,2045,1299.52,7365.5,176.43
nlv2b_C4_NOTHERMAL_refbrent,2050,1167.91,7549.9,154.69
nlv2b_C4_NOTHERMAL_refbrent_adv,2027,1474.41,6869.2,214.64
nlv2b_C4_NOTHERMAL_refbrent_adv,2030,1396.35,6965.8,200.46
nlv2b_C4_NOTHERMAL_refbrent_adv,2035,1334.1,7062.9,188.89
nlv2b_C4_NOTHERMAL_refbrent_adv,2040,1322.71,7215.8,183.31
nlv2b_C4_NOTHERMAL_refbrent_adv,2045,1173.91,7365.5,159.38
nlv2b_C4_NOTHERMAL_refbrent_adv,2050,1025.41,7549.9,135.82
nlv2b_C5_LNG375_futbrent,2027,1414.4,6869.2,205.9
nlv2b_C5_LNG375_futbrent,2030,1317.63,6965.8,189.16
nlv2b_C5_LNG375_futbrent,2035,1307.82,7062.9,185.17
nlv2b_C5_LNG375_futbrent,2040,1381.6,7215.8,191.47
nlv2b_C5_LNG375_futbrent,2045,1293.23,7365.5,175.58
nlv2b_C5_LNG375_futbrent,2050,1157.36,7549.9,153.29
nlv2b_C5_LNG375_futbrent_adv,2027,1406.85,6869.2,204.81
nlv2b_C5_LNG375_futbrent_adv,2030,1310.27,6965.8,188.1
nlv2b_C5_LNG375_futbrent_adv,2035,1282.67,7062.9,181.61
nlv2b_C5_LNG375_futbrent_adv,2040,1301.28,7215.8,180.34
nlv2b_C5_LNG375_futbrent_adv,2045,1129.33,7365.5,153.33
nlv2b_C5_LNG375_futbrent_adv,2050,983.51,7549.9,130.27
nlv2b_C5_LNG375_futbrent_j120,2027,1414.54,6869.2,205.92
nlv2b_C5_LNG375_futbrent_j120,2030,1350.09,6965.8,193.82
nlv2b_C5_LNG375_futbrent_j120,2035,1340.62,7062.9,189.81
nlv2b_C5_LNG375_futbrent_j120,2040,1412.72,7215.8,195.78
nlv2b_C5_LNG375_futbrent_j120,2045,1292.62,7365.5,175.5
nlv2b_C5_LNG375_futbrent_j120,2050,1157.2,7549.9,153.27
nlv2b_C5_LNG375_futbrent_j120_adv,2027,1407.6,6869.2,204.91
nlv2b_C5_LNG375_futbrent_j120_adv,2030,1342.02,6965.8,192.66
nlv2b_C5_LNG375_futbrent_j120_adv,2035,1313.89,7062.9,186.03
nlv2b_C5_LNG375_futbrent_j120_adv,2040,1335.2,7215.8,185.04
nlv2b_C5_LNG375_futbrent_j120_adv,2045,1127.84,7365.5,153.13
nlv2b_C5_LNG375_futbrent_j120_adv,2050,981.41,7549.9,129.99
nlv2b_C5_LNG375_highbrent,2027,1554.84,6869.2,226.35
nlv2b_C5_LNG375_highbrent,2030,1590.61,6965.8,228.35
nlv2b_C5_LNG375_highbrent,2035,1622.34,7062.9,229.7
nlv2b_C5_LNG375_highbrent,2040,1623.26,7215.8,224.96
nlv2b_C5_LNG375_highbrent,2045,1315.08,7365.5,178.55
nlv2b_C5_LNG375_highbrent,2050,1180.91,7549.9,156.41
nlv2b_C5_LNG375_highbrent_adv,2027,1542.79,6869.2,224.6
nlv2b_C5_LNG375_highbrent_adv,2030,1564.2,6965.8,224.56
nlv2b_C5_LNG375_highbrent_adv,2035,1543.36,7062.9,218.52
nlv2b_C5_LNG375_highbrent_adv,2040,1532.55,7215.8,212.39
nlv2b_C5_LNG375_highbrent_adv,2045,1165.92,7365.5,158.29
nlv2b_C5_LNG375_highbrent_adv,2050,1012.25,7549.9,134.07
nlv2b_C5_LNG375_highbrent_j120,2027,1553.61,6869.2,226.17
nlv2b_C5_LNG375_highbrent_j120,2030,1622.76,6965.8,232.96
nlv2b_C5_LNG375_highbrent_j120,2035,1654.36,7062.9,234.23
nlv2b_C5_LNG375_highbrent_j120,2040,1654.65,7215.8,229.31
nlv2b_C5_LNG375_highbrent_j120,2045,1316.03,7365.5,178.68
nlv2b_C5_LNG375_highbrent_j120,2050,1180.76,7549.9,156.39
nlv2b_C5_LNG375_highbrent_j120_adv,2027,1541.32,6869.2,224.38
nlv2b_C5_LNG375_highbrent_j120_adv,2030,1596.72,6965.8,229.22
nlv2b_C5_LNG375_highbrent_j120_adv,2035,1574.6,7062.9,222.94
nlv2b_C5_LNG375_highbrent_j120_adv,2040,1565.62,7215.8,216.97
nlv2b_C5_LNG375_highbrent_j120_adv,2045,1165.88,7365.5,158.29
nlv2b_C5_LNG375_highbrent_j120_adv,2050,1011.97,7549.9,134.04
nlv2b_C5_LNG375_lowbrent,2027,1228.75,6869.2,178.88
nlv2b_C5_LNG375_lowbrent,2030,1140.6,6965.8,163.74
nlv2b_C5_LNG375_lowbrent,2035,1109.23,7062.9,157.05
nlv2b_C5_LNG375_lowbrent,2040,1279.89,7215.8,177.37
nlv2b_C5_LNG375_lowbrent,2045,1286.61,7365.5,174.68
nlv2b_C5_LNG375_lowbrent,2050,1150.75,7549.9,152.42
nlv2b_C5_LNG375_lowbrent_adv,2027,1220.45,6869.2,177.67
nlv2b_C5_LNG375_lowbrent_adv,2030,1128.34,6965.8,161.98
nlv2b_C5_LNG375_lowbrent_adv,2035,1095.72,7062.9,155.14
nlv2b_C5_LNG375_lowbrent_adv,2040,1208.44,7215.8,167.47
nlv2b_C5_LNG375_lowbrent_adv,2045,1127.22,7365.5,153.04
nlv2b_C5_LNG375_lowbrent_adv,2050,988.56,7549.9,130.94
nlv2b_C5_LNG375_lowbrent_j120,2027,1228.69,6869.2,178.87
nlv2b_C5_LNG375_lowbrent_j120,2030,1172.46,6965.8,168.32
nlv2b_C5_LNG375_lowbrent_j120,2035,1141.1,7062.9,161.56
nlv2b_C5_LNG375_lowbrent_j120,2040,1311.24,7215.8,181.72
nlv2b_C5_LNG375_lowbrent_j120,2045,1286.58,7365.5,174.68
nlv2b_C5_LNG375_lowbrent_j120,2050,1150.65,7549.9,152.41
nlv2b_C5_LNG375_lowbrent_j120_adv,2027,1220.25,6869.2,177.64
nlv2b_C5_LNG375_lowbrent_j120_adv,2030,1161.6,6965.8,166.76
nlv2b_C5_LNG375_lowbrent_j120_adv,2035,1130.29,7062.9,160.03
nlv2b_C5_LNG375_lowbrent_j120_adv,2040,1239.78,7215.8,171.81
nlv2b_C5_LNG375_lowbrent_j120_adv,2045,1124.76,7365.5,152.71
nlv2b_C5_LNG375_lowbrent_j120_adv,2050,983.31,7549.9,130.24
nlv2b_C5_LNG375_refbrent,2027,1490.73,6869.2,217.02
nlv2b_C5_LNG375_refbrent,2030,1437.41,6965.8,206.35
nlv2b_C5_LNG375_refbrent,2035,1449.93,7062.9,205.29
nlv2b_C5_LNG375_refbrent,2040,1481.22,7215.8,205.27
nlv2b_C5_LNG375_refbrent,2045,1299.94,7365.5,176.49
nlv2b_C5_LNG375_refbrent,2050,1167.46,7549.9,154.63
nlv2b_C5_LNG375_refbrent_adv,2027,1482.98,6869.2,215.89
nlv2b_C5_LNG375_refbrent_adv,2030,1426.85,6965.8,204.84
nlv2b_C5_LNG375_refbrent_adv,2035,1424.67,7062.9,201.71
nlv2b_C5_LNG375_refbrent_adv,2040,1390.56,7215.8,192.71
nlv2b_C5_LNG375_refbrent_adv,2045,1133.25,7365.5,153.86
nlv2b_C5_LNG375_refbrent_adv,2050,982.98,7549.9,130.2
nlv2b_C5_LNG375_refbrent_j120,2027,1491.26,6869.2,217.09
nlv2b_C5_LNG375_refbrent_j120,2030,1469.77,6965.8,211.0
nlv2b_C5_LNG375_refbrent_j120,2035,1481.91,7062.9,209.82
nlv2b_C5_LNG375_refbrent_j120,2040,1511.81,7215.8,209.51
nlv2b_C5_LNG375_refbrent_j120,2045,1299.6,7365.5,176.44
nlv2b_C5_LNG375_refbrent_j120,2050,1167.22,7549.9,154.6
nlv2b_C5_LNG375_refbrent_j120_adv,2027,1483.15,6869.2,215.91
nlv2b_C5_LNG375_refbrent_j120_adv,2030,1459.67,6965.8,209.55
nlv2b_C5_LNG375_refbrent_j120_adv,2035,1455.69,7062.9,206.1
nlv2b_C5_LNG375_refbrent_j120_adv,2040,1422.07,7215.8,197.08
nlv2b_C5_LNG375_refbrent_j120_adv,2045,1133.29,7365.5,153.86
nlv2b_C5_LNG375_refbrent_j120_adv,2050,982.9,7549.9,130.19
nlv2b_C6_STATUSQUO_futbrent,2027,1410.31,6869.2,205.31
nlv2b_C6_STATUSQUO_futbrent,2030,1411.76,6965.8,202.67
nlv2b_C6_STATUSQUO_futbrent,2035,1404.68,7062.9,198.88
nlv2b_C6_STATUSQUO_futbrent,2040,1525.48,7215.8,211.41
nlv2b_C6_STATUSQUO_futbrent,2045,1397.76,7365.5,189.77
nlv2b_C6_STATUSQUO_futbrent,2050,1259.08,7549.9,166.77
nlv2b_C6_STATUSQUO_futbrent_adv,2027,1403.37,6869.2,204.3
nlv2b_C6_STATUSQUO_futbrent_adv,2030,1407.84,6965.8,202.11
nlv2b_C6_STATUSQUO_futbrent_adv,2035,1390.73,7062.9,196.91
nlv2b_C6_STATUSQUO_futbrent_adv,2040,1448.52,7215.8,200.74
nlv2b_C6_STATUSQUO_futbrent_adv,2045,1233.21,7365.5,167.43
nlv2b_C6_STATUSQUO_futbrent_adv,2050,1085.43,7549.9,143.77
nlv2b_C6_STATUSQUO_futbrent_j120,2027,1409.74,6869.2,205.23
nlv2b_C6_STATUSQUO_futbrent_j120,2030,1450.99,6965.8,208.3
nlv2b_C6_STATUSQUO_futbrent_j120,2035,1442.25,7062.9,204.2
nlv2b_C6_STATUSQUO_futbrent_j120,2040,1565.18,7215.8,216.91
nlv2b_C6_STATUSQUO_futbrent_j120,2045,1398.28,7365.5,189.84
nlv2b_C6_STATUSQUO_futbrent_j120,2050,1258.97,7549.9,166.75
nlv2b_C6_STATUSQUO_futbrent_j120_adv,2027,1403.22,6869.2,204.28
nlv2b_C6_STATUSQUO_futbrent_j120_adv,2030,1446.79,6965.8,207.7
nlv2b_C6_STATUSQUO_futbrent_j120_adv,2035,1430.16,7062.9,202.49
nlv2b_C6_STATUSQUO_futbrent_j120_adv,2040,1486.51,7215.8,206.01
nlv2b_C6_STATUSQUO_futbrent_j120_adv,2045,1233.18,7365.5,167.43
nlv2b_C6_STATUSQUO_futbrent_j120_adv,2050,1085.27,7549.9,143.75
nlv2b_C6_STATUSQUO_highbrent,2027,1556.37,6869.2,226.57
nlv2b_C6_STATUSQUO_highbrent,2030,1704.45,6965.8,244.69
nlv2b_C6_STATUSQUO_highbrent,2035,1752.13,7062.9,248.08
nlv2b_C6_STATUSQUO_highbrent,2040,1751.94,7215.8,242.79
nlv2b_C6_STATUSQUO_highbrent,2045,1402.73,7365.5,190.45
nlv2b_C6_STATUSQUO_highbrent,2050,1266.42,7549.9,167.74
nlv2b_C6_STATUSQUO_highbrent_adv,2027,1546.65,6869.2,225.16
nlv2b_C6_STATUSQUO_highbrent_adv,2030,1695.84,6965.8,243.45
nlv2b_C6_STATUSQUO_highbrent_adv,2035,1670.97,7062.9,236.58
nlv2b_C6_STATUSQUO_highbrent_adv,2040,1659.58,7215.8,229.99
nlv2b_C6_STATUSQUO_highbrent_adv,2045,1250.66,7365.5,169.8
nlv2b_C6_STATUSQUO_highbrent_adv,2050,1094.11,7549.9,144.92
nlv2b_C6_STATUSQUO_highbrent_j120,2027,1557.79,6869.2,226.78
nlv2b_C6_STATUSQUO_highbrent_j120,2030,1743.2,6965.8,250.25
nlv2b_C6_STATUSQUO_highbrent_j120,2035,1791.98,7062.9,253.72
nlv2b_C6_STATUSQUO_highbrent_j120,2040,1790.05,7215.8,248.07
nlv2b_C6_STATUSQUO_highbrent_j120,2045,1403.29,7365.5,190.52
nlv2b_C6_STATUSQUO_highbrent_j120,2050,1266.07,7549.9,167.69
nlv2b_C6_STATUSQUO_highbrent_j120_adv,2027,1550.29,6869.2,225.69
nlv2b_C6_STATUSQUO_highbrent_j120_adv,2030,1736.79,6965.8,249.33
nlv2b_C6_STATUSQUO_highbrent_j120_adv,2035,1708.37,7062.9,241.88
nlv2b_C6_STATUSQUO_highbrent_j120_adv,2040,1697.15,7215.8,235.2
nlv2b_C6_STATUSQUO_highbrent_j120_adv,2045,1249.2,7365.5,169.6
nlv2b_C6_STATUSQUO_highbrent_j120_adv,2050,1092.59,7549.9,144.72
nlv2b_C6_STATUSQUO_lowbrent,2027,1230.44,6869.2,179.12
nlv2b_C6_STATUSQUO_lowbrent,2030,1259.71,6965.8,180.84
nlv2b_C6_STATUSQUO_lowbrent,2035,1230.05,7062.9,174.16
nlv2b_C6_STATUSQUO_lowbrent,2040,1418.5,7215.8,196.58
nlv2b_C6_STATUSQUO_lowbrent,2045,1383.77,7365.5,187.87
nlv2b_C6_STATUSQUO_lowbrent,2050,1244.41,7549.9,164.82
nlv2b_C6_STATUSQUO_lowbrent_adv,2027,1220.45,6869.2,177.67
nlv2b_C6_STATUSQUO_lowbrent_adv,2030,1240.05,6965.8,178.02
nlv2b_C6_STATUSQUO_lowbrent_adv,2035,1207.95,7062.9,171.03
nlv2b_C6_STATUSQUO_lowbrent_adv,2040,1348.92,7215.8,186.94
nlv2b_C6_STATUSQUO_lowbrent_adv,2045,1230.51,7365.5,167.06
nlv2b_C6_STATUSQUO_lowbrent_adv,2050,1083.74,7549.9,143.54
nlv2b_C6_STATUSQUO_lowbrent_j120,2027,1228.88,6869.2,178.9
nlv2b_C6_STATUSQUO_lowbrent_j120,2030,1299.28,6965.8,186.52
nlv2b_C6_STATUSQUO_lowbrent_j120,2035,1269.88,7062.9,179.8
nlv2b_C6_STATUSQUO_lowbrent_j120,2040,1457.57,7215.8,202.0
nlv2b_C6_STATUSQUO_lowbrent_j120,2045,1383.07,7365.5,187.78
nlv2b_C6_STATUSQUO_lowbrent_j120,2050,1243.19,7549.9,164.66
nlv2b_C6_STATUSQUO_lowbrent_j120_adv,2027,1221.01,6869.2,177.75
nlv2b_C6_STATUSQUO_lowbrent_j120_adv,2030,1278.36,6965.8,183.52
nlv2b_C6_STATUSQUO_lowbrent_j120_adv,2035,1246.24,7062.9,176.45
nlv2b_C6_STATUSQUO_lowbrent_j120_adv,2040,1388.23,7215.8,192.39
nlv2b_C6_STATUSQUO_lowbrent_j120_adv,2045,1230.98,7365.5,167.13
nlv2b_C6_STATUSQUO_lowbrent_j120_adv,2050,1084.03,7549.9,143.58
nlv2b_C6_STATUSQUO_refbrent,2027,1499.44,6869.2,218.28
nlv2b_C6_STATUSQUO_refbrent,2030,1535.44,6965.8,220.43
nlv2b_C6_STATUSQUO_refbrent,2035,1554.58,7062.9,220.11
nlv2b_C6_STATUSQUO_refbrent,2040,1622.76,7215.8,224.89
nlv2b_C6_STATUSQUO_refbrent,2045,1402.77,7365.5,190.45
nlv2b_C6_STATUSQUO_refbrent,2050,1267.54,7549.9,167.89
nlv2b_C6_STATUSQUO_refbrent_adv,2027,1486.19,6869.2,216.36
nlv2b_C6_STATUSQUO_refbrent_adv,2030,1528.24,6965.8,219.39
nlv2b_C6_STATUSQUO_refbrent_adv,2035,1558.4,7062.9,220.65
nlv2b_C6_STATUSQUO_refbrent_adv,2040,1524.99,7215.8,211.34
nlv2b_C6_STATUSQUO_refbrent_adv,2045,1226.43,7365.5,166.51
nlv2b_C6_STATUSQUO_refbrent_adv,2050,1073.73,7549.9,142.22
nlv2b_C6_STATUSQUO_refbrent_j120,2027,1495.07,6869.2,217.65
nlv2b_C6_STATUSQUO_refbrent_j120,2030,1574.87,6965.8,226.09
nlv2b_C6_STATUSQUO_refbrent_j120,2035,1595.24,7062.9,225.86
nlv2b_C6_STATUSQUO_refbrent_j120,2040,1662.3,7215.8,230.37
nlv2b_C6_STATUSQUO_refbrent_j120,2045,1403.1,7365.5,190.5
nlv2b_C6_STATUSQUO_refbrent_j120,2050,1267.99,7549.9,167.95
nlv2b_C6_STATUSQUO_refbrent_j120_adv,2027,1490.99,6869.2,217.05
nlv2b_C6_STATUSQUO_refbrent_j120_adv,2030,1568.69,6965.8,225.2
nlv2b_C6_STATUSQUO_refbrent_j120_adv,2035,1596.15,7062.9,225.99
nlv2b_C6_STATUSQUO_refbrent_j120_adv,2040,1562.67,7215.8,216.56
nlv2b_C6_STATUSQUO_refbrent_j120_adv,2045,1225.28,7365.5,166.35
nlv2b_C6_STATUSQUO_refbrent_j120_adv,2050,1072.0,7549.9,141.99
nlv2b_be_pv15_C1_LSFO250_refbrent,2027,1559.95,6869.2,227.09
nlv2b_be_pv15_C1_LSFO250_refbrent,2030,1545.01,6965.8,221.8
nlv2b_be_pv15_C1_LSFO250_refbrent,2035,1528.27,7062.9,216.38
nlv2b_be_pv15_C1_LSFO250_refbrent,2040,1542.36,7215.8,213.75
nlv2b_be_pv15_C1_LSFO250_refbrent,2045,1517.03,7365.5,205.97
nlv2b_be_pv15_C1_LSFO250_refbrent,2050,1397.32,7549.9,185.08
nlv2b_be_pv15_C1_LSFO250_refbrent_adv,2027,1582.71,6869.2,230.41
nlv2b_be_pv15_C1_LSFO250_refbrent_adv,2030,1536.02,6965.8,220.51
nlv2b_be_pv15_C1_LSFO250_refbrent_adv,2035,1438.13,7062.9,203.62
nlv2b_be_pv15_C1_LSFO250_refbrent_adv,2040,1431.82,7215.8,198.43
nlv2b_be_pv15_C1_LSFO250_refbrent_adv,2045,1322.41,7365.5,179.54
nlv2b_be_pv15_C1_LSFO250_refbrent_adv,2050,1179.13,7549.9,156.18
nlv2b_be_pv15_C4_NOTHERMAL_futbrent,2027,1491.19,6869.2,217.08
nlv2b_be_pv15_C4_NOTHERMAL_futbrent,2030,1406.98,6965.8,201.98
nlv2b_be_pv15_C4_NOTHERMAL_futbrent,2035,1384.79,7062.9,196.07
nlv2b_be_pv15_C4_NOTHERMAL_futbrent,2040,1391.61,7215.8,192.86
nlv2b_be_pv15_C4_NOTHERMAL_futbrent,2045,1441.76,7365.5,195.75
nlv2b_be_pv15_C4_NOTHERMAL_futbrent,2050,1325.85,7549.9,175.61
nlv2b_be_pv15_C4_NOTHERMAL_highbrent,2027,1630.88,6869.2,237.42
nlv2b_be_pv15_C4_NOTHERMAL_highbrent,2030,1698.03,6965.8,243.77
nlv2b_be_pv15_C4_NOTHERMAL_highbrent,2035,1643.04,7062.9,232.63
nlv2b_be_pv15_C4_NOTHERMAL_highbrent,2040,1673.63,7215.8,231.94
nlv2b_be_pv15_C4_NOTHERMAL_highbrent,2045,1528.67,7365.5,207.55
nlv2b_be_pv15_C4_NOTHERMAL_highbrent,2050,1408.88,7549.9,186.61
nlv2b_be_pv15_C4_NOTHERMAL_lowbrent,2027,1267.6,6869.2,184.53
nlv2b_be_pv15_C4_NOTHERMAL_lowbrent,2030,1108.72,6965.8,159.17
nlv2b_be_pv15_C4_NOTHERMAL_lowbrent,2035,1057.08,7062.9,149.67
nlv2b_be_pv15_C4_NOTHERMAL_lowbrent,2040,1240.28,7215.8,171.88
nlv2b_be_pv15_C4_NOTHERMAL_lowbrent,2045,1440.84,7365.5,195.62
nlv2b_be_pv15_C4_NOTHERMAL_lowbrent,2050,1323.88,7549.9,175.35
nlv2b_be_pv15_C4_NOTHERMAL_refbrent,2027,1559.57,6869.2,227.04
nlv2b_be_pv15_C4_NOTHERMAL_refbrent,2030,1556.4,6965.8,223.43
nlv2b_be_pv15_C4_NOTHERMAL_refbrent,2035,1509.55,7062.9,213.73
nlv2b_be_pv15_C4_NOTHERMAL_refbrent,2040,1532.31,7215.8,212.36
nlv2b_be_pv15_C4_NOTHERMAL_refbrent,2045,1467.74,7365.5,199.27
nlv2b_be_pv15_C4_NOTHERMAL_refbrent,2050,1353.1,7549.9,179.22
nlv2b_be_pv15_C4_NOTHERMAL_refbrent_adv,2027,1583.32,6869.2,230.5
nlv2b_be_pv15_C4_NOTHERMAL_refbrent_adv,2030,1542.33,6965.8,221.42
nlv2b_be_pv15_C4_NOTHERMAL_refbrent_adv,2035,1398.95,7062.9,198.07
nlv2b_be_pv15_C4_NOTHERMAL_refbrent_adv,2040,1399.56,7215.8,193.96
nlv2b_be_pv15_C4_NOTHERMAL_refbrent_adv,2045,1283.12,7365.5,174.21
nlv2b_be_pv15_C4_NOTHERMAL_refbrent_adv,2050,1145.11,7549.9,151.67
nlv2b_be_pv15_lngconv_heco_refbrent,2027,1559.31,6869.2,227.0
nlv2b_be_pv15_lngconv_heco_refbrent,2030,1383.55,6965.8,198.62
nlv2b_be_pv15_lngconv_heco_refbrent,2035,1422.51,7062.9,201.41
nlv2b_be_pv15_lngconv_heco_refbrent,2040,1447.46,7215.8,200.6
nlv2b_be_pv15_lngconv_heco_refbrent,2045,1476.78,7365.5,200.5
nlv2b_be_pv15_lngconv_heco_refbrent,2050,1355.75,7549.9,179.57
nlv2b_be_pv15_lngconv_opt_refbrent,2027,1559.18,6869.2,226.98
nlv2b_be_pv15_lngconv_opt_refbrent,2030,1506.24,6965.8,216.23
nlv2b_be_pv15_lngconv_opt_refbrent,2035,1462.16,7062.9,207.02
nlv2b_be_pv15_lngconv_opt_refbrent,2040,1488.53,7215.8,206.29
nlv2b_be_pv15_lngconv_opt_refbrent,2045,1470.18,7365.5,199.6
nlv2b_be_pv15_lngconv_opt_refbrent,2050,1355.35,7549.9,179.52
nlv2b_be_pv15_wb_C6_LNG500_futbrent,2027,1491.38,6869.2,217.11
nlv2b_be_pv15_wb_C6_LNG500_futbrent,2030,1361.0,6965.8,195.38
nlv2b_be_pv15_wb_C6_LNG500_futbrent,2035,1347.94,7062.9,190.85
nlv2b_be_pv15_wb_C6_LNG500_futbrent,2040,1514.4,7215.8,209.87
nlv2b_be_pv15_wb_C6_LNG500_futbrent,2045,1462.35,7365.5,198.54
nlv2b_be_pv15_wb_C6_LNG500_futbrent,2050,1339.06,7549.9,177.36
nlv2b_be_pv15_wb_C6_LNG500_futbrent_j120,2027,1492.49,6869.2,217.27
nlv2b_be_pv15_wb_C6_LNG500_futbrent_j120,2030,1400.84,6965.8,201.1
nlv2b_be_pv15_wb_C6_LNG500_futbrent_j120,2035,1387.73,7062.9,196.48
nlv2b_be_pv15_wb_C6_LNG500_futbrent_j120,2040,1553.1,7215.8,215.24
nlv2b_be_pv15_wb_C6_LNG500_futbrent_j120,2045,1461.73,7365.5,198.46
nlv2b_be_pv15_wb_C6_LNG500_futbrent_j120,2050,1338.93,7549.9,177.34
nlv2b_be_pv15_wb_C6_LNG500_highbrent,2027,1637.09,6869.2,238.32
nlv2b_be_pv15_wb_C6_LNG500_highbrent,2030,1684.21,6965.8,241.78
nlv2b_be_pv15_wb_C6_LNG500_highbrent,2035,1737.17,7062.9,245.96
nlv2b_be_pv15_wb_C6_LNG500_highbrent,2040,1752.8,7215.8,242.91
nlv2b_be_pv15_wb_C6_LNG500_highbrent,2045,1497.02,7365.5,203.25
nlv2b_be_pv15_wb_C6_LNG500_highbrent,2050,1373.97,7549.9,181.99
nlv2b_be_pv15_wb_C6_LNG500_highbrent_j120,2027,1640.89,6869.2,238.88
nlv2b_be_pv15_wb_C6_LNG500_highbrent_j120,2030,1724.76,6965.8,247.6
nlv2b_be_pv15_wb_C6_LNG500_highbrent_j120,2035,1775.47,7062.9,251.38
nlv2b_be_pv15_wb_C6_LNG500_highbrent_j120,2040,1789.96,7215.8,248.06
nlv2b_be_pv15_wb_C6_LNG500_highbrent_j120,2045,1494.5,7365.5,202.91
nlv2b_be_pv15_wb_C6_LNG500_highbrent_j120,2050,1372.82,7549.9,181.83
nlv2b_be_pv15_wb_C6_LNG500_lowbrent,2027,1268.62,6869.2,184.68
nlv2b_be_pv15_wb_C6_LNG500_lowbrent,2030,1209.73,6965.8,173.67
nlv2b_be_pv15_wb_C6_LNG500_lowbrent,2035,1178.28,7062.9,166.83
nlv2b_be_pv15_wb_C6_LNG500_lowbrent,2040,1425.32,7215.8,197.53
nlv2b_be_pv15_wb_C6_LNG500_lowbrent,2045,1431.76,7365.5,194.39
nlv2b_be_pv15_wb_C6_LNG500_lowbrent,2050,1315.19,7549.9,174.2
nlv2b_be_pv15_wb_C6_LNG500_lowbrent_j120,2027,1268.39,6869.2,184.65
nlv2b_be_pv15_wb_C6_LNG500_lowbrent_j120,2030,1248.48,6965.8,179.23
nlv2b_be_pv15_wb_C6_LNG500_lowbrent_j120,2035,1217.54,7062.9,172.39
nlv2b_be_pv15_wb_C6_LNG500_lowbrent_j120,2040,1459.31,7215.8,202.24
nlv2b_be_pv15_wb_C6_LNG500_lowbrent_j120,2045,1436.49,7365.5,195.03
nlv2b_be_pv15_wb_C6_LNG500_lowbrent_j120,2050,1318.14,7549.9,174.59
nlv2b_be_pv15_wb_C6_LNG500_refbrent,2027,1559.83,6869.2,227.08
nlv2b_be_pv15_wb_C6_LNG500_refbrent,2030,1490.43,6965.8,213.97
nlv2b_be_pv15_wb_C6_LNG500_refbrent,2035,1508.38,7062.9,213.57
nlv2b_be_pv15_wb_C6_LNG500_refbrent,2040,1622.27,7215.8,224.82
nlv2b_be_pv15_wb_C6_LNG500_refbrent,2045,1488.48,7365.5,202.09
nlv2b_be_pv15_wb_C6_LNG500_refbrent,2050,1366.69,7549.9,181.02
nlv2b_be_pv15_wb_C6_LNG500_refbrent_j120,2027,1559.94,6869.2,227.09
nlv2b_be_pv15_wb_C6_LNG500_refbrent_j120,2030,1529.65,6965.8,219.59
nlv2b_be_pv15_wb_C6_LNG500_refbrent_j120,2035,1547.22,7062.9,219.06
nlv2b_be_pv15_wb_C6_LNG500_refbrent_j120,2040,1660.52,7215.8,230.12
nlv2b_be_pv15_wb_C6_LNG500_refbrent_j120,2045,1489.06,7365.5,202.17
nlv2b_be_pv15_wb_C6_LNG500_refbrent_j120,2050,1366.85,7549.9,181.04
nlv2b_be_pv17_C1_LSFO250_refbrent,2027,1621.32,6869.2,236.03
nlv2b_be_pv17_C1_LSFO250_refbrent,2030,1562.21,6965.8,224.27
nlv2b_be_pv17_C1_LSFO250_refbrent,2035,1549.16,7062.9,219.34
nlv2b_be_pv17_C1_LSFO250_refbrent,2040,1566.3,7215.8,217.07
nlv2b_be_pv17_C1_LSFO250_refbrent,2045,1561.73,7365.5,212.03
nlv2b_be_pv17_C1_LSFO250_refbrent,2050,1446.22,7549.9,191.56
nlv2b_be_pv17_C1_LSFO250_refbrent_adv,2027,1614.81,6869.2,235.08
nlv2b_be_pv17_C1_LSFO250_refbrent_adv,2030,1548.55,6965.8,222.31
nlv2b_be_pv17_C1_LSFO250_refbrent_adv,2035,1467.4,7062.9,207.76
nlv2b_be_pv17_C1_LSFO250_refbrent_adv,2040,1460.49,7215.8,202.4
nlv2b_be_pv17_C1_LSFO250_refbrent_adv,2045,1372.9,7365.5,186.4
nlv2b_be_pv17_C1_LSFO250_refbrent_adv,2050,1234.75,7549.9,163.55
nlv2b_be_pv17_C4_NOTHERMAL_futbrent,2027,1498.36,6869.2,218.13
nlv2b_be_pv17_C4_NOTHERMAL_futbrent,2030,1421.88,6965.8,204.12
nlv2b_be_pv17_C4_NOTHERMAL_futbrent,2035,1410.9,7062.9,199.76
nlv2b_be_pv17_C4_NOTHERMAL_futbrent,2040,1424.15,7215.8,197.37
nlv2b_be_pv17_C4_NOTHERMAL_futbrent,2045,1500.44,7365.5,203.71
nlv2b_be_pv17_C4_NOTHERMAL_futbrent,2050,1387.41,7549.9,183.77
nlv2b_be_pv17_C4_NOTHERMAL_highbrent,2027,1665.72,6869.2,242.49
nlv2b_be_pv17_C4_NOTHERMAL_highbrent,2030,1779.0,6965.8,255.39
nlv2b_be_pv17_C4_NOTHERMAL_highbrent,2035,1679.83,7062.9,237.84
nlv2b_be_pv17_C4_NOTHERMAL_highbrent,2040,1691.66,7215.8,234.44
nlv2b_be_pv17_C4_NOTHERMAL_highbrent,2045,1578.57,7365.5,214.32
nlv2b_be_pv17_C4_NOTHERMAL_highbrent,2050,1460.54,7549.9,193.45
nlv2b_be_pv17_C4_NOTHERMAL_lowbrent,2027,1274.37,6869.2,185.52
nlv2b_be_pv17_C4_NOTHERMAL_lowbrent,2030,1123.76,6965.8,161.33
nlv2b_be_pv17_C4_NOTHERMAL_lowbrent,2035,1072.4,7062.9,151.84
nlv2b_be_pv17_C4_NOTHERMAL_lowbrent,2040,1269.9,7215.8,175.99
nlv2b_be_pv17_C4_NOTHERMAL_lowbrent,2045,1490.88,7365.5,202.41
nlv2b_be_pv17_C4_NOTHERMAL_lowbrent,2050,1377.32,7549.9,182.43
nlv2b_be_pv17_C4_NOTHERMAL_refbrent,2027,1620.12,6869.2,235.85
nlv2b_be_pv17_C4_NOTHERMAL_refbrent,2030,1580.89,6965.8,226.95
nlv2b_be_pv17_C4_NOTHERMAL_refbrent,2035,1533.63,7062.9,217.14
nlv2b_be_pv17_C4_NOTHERMAL_refbrent,2040,1550.44,7215.8,214.87
nlv2b_be_pv17_C4_NOTHERMAL_refbrent,2045,1527.69,7365.5,207.41
nlv2b_be_pv17_C4_NOTHERMAL_refbrent,2050,1414.35,7549.9,187.33
nlv2b_be_pv17_C4_NOTHERMAL_refbrent_adv,2027,1614.64,6869.2,235.05
nlv2b_be_pv17_C4_NOTHERMAL_refbrent_adv,2030,1572.35,6965.8,225.72
nlv2b_be_pv17_C4_NOTHERMAL_refbrent_adv,2035,1429.94,7062.9,202.46
nlv2b_be_pv17_C4_NOTHERMAL_refbrent_adv,2040,1427.99,7215.8,197.9
nlv2b_be_pv17_C4_NOTHERMAL_refbrent_adv,2045,1327.46,7365.5,180.23
nlv2b_be_pv17_C4_NOTHERMAL_refbrent_adv,2050,1195.96,7549.9,158.41
nlv2b_be_pv17_lngconv_heco_refbrent,2027,1620.1,6869.2,235.85
nlv2b_be_pv17_lngconv_heco_refbrent,2030,1399.27,6965.8,200.88
nlv2b_be_pv17_lngconv_heco_refbrent,2035,1435.26,7062.9,203.21
nlv2b_be_pv17_lngconv_heco_refbrent,2040,1469.33,7215.8,203.63
nlv2b_be_pv17_lngconv_heco_refbrent,2045,1528.45,7365.5,207.52
nlv2b_be_pv17_lngconv_heco_refbrent,2050,1412.79,7549.9,187.13
nlv2b_be_pv17_lngconv_opt_refbrent,2027,1620.08,6869.2,235.85
nlv2b_be_pv17_lngconv_opt_refbrent,2030,1527.46,6965.8,219.28
nlv2b_be_pv17_lngconv_opt_refbrent,2035,1490.41,7062.9,211.02
nlv2b_be_pv17_lngconv_opt_refbrent,2040,1507.33,7215.8,208.89
nlv2b_be_pv17_lngconv_opt_refbrent,2045,1523.99,7365.5,206.91
nlv2b_be_pv17_lngconv_opt_refbrent,2050,1408.99,7549.9,186.62
nlv2b_be_pv17_wb_C6_LNG500_futbrent,2027,1498.41,6869.2,218.13
nlv2b_be_pv17_wb_C6_LNG500_futbrent,2030,1376.65,6965.8,197.63
nlv2b_be_pv17_wb_C6_LNG500_futbrent,2035,1362.37,7062.9,192.89
nlv2b_be_pv17_wb_C6_LNG500_futbrent,2040,1543.76,7215.8,213.94
nlv2b_be_pv17_wb_C6_LNG500_futbrent,2045,1516.75,7365.5,205.93
nlv2b_be_pv17_wb_C6_LNG500_futbrent,2050,1398.56,7549.9,185.24
nlv2b_be_pv17_wb_C6_LNG500_futbrent_j120,2027,1499.24,6869.2,218.26
nlv2b_be_pv17_wb_C6_LNG500_futbrent_j120,2030,1415.74,6965.8,203.24
nlv2b_be_pv17_wb_C6_LNG500_futbrent_j120,2035,1402.39,7062.9,198.56
nlv2b_be_pv17_wb_C6_LNG500_futbrent_j120,2040,1581.45,7215.8,219.16
nlv2b_be_pv17_wb_C6_LNG500_futbrent_j120,2045,1516.36,7365.5,205.87
nlv2b_be_pv17_wb_C6_LNG500_futbrent_j120,2050,1398.03,7549.9,185.17
nlv2b_be_pv17_wb_C6_LNG500_highbrent,2027,1672.21,6869.2,243.44
nlv2b_be_pv17_wb_C6_LNG500_highbrent,2030,1706.63,6965.8,245.0
nlv2b_be_pv17_wb_C6_LNG500_highbrent,2035,1763.54,7062.9,249.69
nlv2b_be_pv17_wb_C6_LNG500_highbrent,2040,1778.61,7215.8,246.49
nlv2b_be_pv17_wb_C6_LNG500_highbrent,2045,1557.02,7365.5,211.39
nlv2b_be_pv17_wb_C6_LNG500_highbrent,2050,1438.04,7549.9,190.47
nlv2b_be_pv17_wb_C6_LNG500_highbrent_j120,2027,1672.08,6869.2,243.42
nlv2b_be_pv17_wb_C6_LNG500_highbrent_j120,2030,1745.2,6965.8,250.54
nlv2b_be_pv17_wb_C6_LNG500_highbrent_j120,2035,1800.03,7062.9,254.86
nlv2b_be_pv17_wb_C6_LNG500_highbrent_j120,2040,1817.83,7215.8,251.92
nlv2b_be_pv17_wb_C6_LNG500_highbrent_j120,2045,1555.6,7365.5,211.2
nlv2b_be_pv17_wb_C6_LNG500_highbrent_j120,2050,1438.59,7549.9,190.54
nlv2b_be_pv17_wb_C6_LNG500_lowbrent,2027,1274.8,6869.2,185.58
nlv2b_be_pv17_wb_C6_LNG500_lowbrent,2030,1223.74,6965.8,175.68
nlv2b_be_pv17_wb_C6_LNG500_lowbrent,2035,1195.22,7062.9,169.23
nlv2b_be_pv17_wb_C6_LNG500_lowbrent,2040,1447.77,7215.8,200.64
nlv2b_be_pv17_wb_C6_LNG500_lowbrent,2045,1484.38,7365.5,201.53
nlv2b_be_pv17_wb_C6_LNG500_lowbrent,2050,1372.5,7549.9,181.79
nlv2b_be_pv17_wb_C6_LNG500_lowbrent_j120,2027,1275.57,6869.2,185.69
nlv2b_be_pv17_wb_C6_LNG500_lowbrent_j120,2030,1263.45,6965.8,181.38
nlv2b_be_pv17_wb_C6_LNG500_lowbrent_j120,2035,1233.06,7062.9,174.58
nlv2b_be_pv17_wb_C6_LNG500_lowbrent_j120,2040,1486.33,7215.8,205.98
nlv2b_be_pv17_wb_C6_LNG500_lowbrent_j120,2045,1484.83,7365.5,201.59
nlv2b_be_pv17_wb_C6_LNG500_lowbrent_j120,2050,1372.28,7549.9,181.76
nlv2b_be_pv17_wb_C6_LNG500_refbrent,2027,1621.36,6869.2,236.03
nlv2b_be_pv17_wb_C6_LNG500_refbrent,2030,1498.07,6965.8,215.06
nlv2b_be_pv17_wb_C6_LNG500_refbrent,2035,1522.17,7062.9,215.52
nlv2b_be_pv17_wb_C6_LNG500_refbrent,2040,1641.77,7215.8,227.52
nlv2b_be_pv17_wb_C6_LNG500_refbrent,2045,1539.51,7365.5,209.02
nlv2b_be_pv17_wb_C6_LNG500_refbrent,2050,1424.06,7549.9,188.62
nlv2b_be_pv17_wb_C6_LNG500_refbrent_j120,2027,1620.92,6869.2,235.97
nlv2b_be_pv17_wb_C6_LNG500_refbrent_j120,2030,1537.26,6965.8,220.69
nlv2b_be_pv17_wb_C6_LNG500_refbrent_j120,2035,1563.6,7062.9,221.38
nlv2b_be_pv17_wb_C6_LNG500_refbrent_j120,2040,1678.72,7215.8,232.64
nlv2b_be_pv17_wb_C6_LNG500_refbrent_j120,2045,1539.65,7365.5,209.04
nlv2b_be_pv17_wb_C6_LNG500_refbrent_j120,2050,1423.25,7549.9,188.51
nlv2b_egs_high_lng_forced_refbrent,2027,1522.59,6869.2,221.65
nlv2b_egs_high_lng_forced_refbrent,2030,1449.5,6965.8,208.09
nlv2b_egs_high_lng_forced_refbrent,2035,1473.31,7062.9,208.6
nlv2b_egs_high_lng_forced_refbrent,2040,1546.37,7215.8,214.3
nlv2b_egs_high_lng_forced_refbrent,2045,1339.03,7365.5,181.8
nlv2b_egs_high_lng_forced_refbrent,2050,1206.33,7549.9,159.78
nlv2b_egs_high_lng_forced_refbrent_adv,2027,1515.94,6869.2,220.69
nlv2b_egs_high_lng_forced_refbrent_adv,2030,1432.04,6965.8,205.58
nlv2b_egs_high_lng_forced_refbrent_adv,2035,1462.48,7062.9,207.07
nlv2b_egs_high_lng_forced_refbrent_adv,2040,1432.53,7215.8,198.53
nlv2b_egs_high_lng_forced_refbrent_adv,2045,1150.54,7365.5,156.21
nlv2b_egs_high_lng_forced_refbrent_adv,2050,1001.17,7549.9,132.61
nlv2b_egs_high_lng_forced_refbrent_j120_adv,2027,1521.51,6869.2,221.5
nlv2b_egs_high_lng_forced_refbrent_j120_adv,2030,1470.12,6965.8,211.05
nlv2b_egs_high_lng_forced_refbrent_j120_adv,2035,1500.2,7062.9,212.41
nlv2b_egs_high_lng_forced_refbrent_j120_adv,2040,1470.36,7215.8,203.77
nlv2b_egs_high_lng_forced_refbrent_j120_adv,2045,1148.65,7365.5,155.95
nlv2b_egs_high_lng_forced_refbrent_j120_adv,2050,999.85,7549.9,132.43
nlv2b_egs_high_no_lng_futbrent_adv,2027,1410.86,6869.2,205.39
nlv2b_egs_high_no_lng_futbrent_adv,2030,1355.56,6965.8,194.6
nlv2b_egs_high_no_lng_futbrent_adv,2035,1239.56,7062.9,175.5
nlv2b_egs_high_no_lng_futbrent_adv,2040,1219.01,7215.8,168.94
nlv2b_egs_high_no_lng_futbrent_adv,2045,1135.03,7365.5,154.1
nlv2b_egs_high_no_lng_futbrent_adv,2050,987.97,7549.9,130.86
nlv2b_egs_high_no_lng_highbrent_adv,2027,1564.87,6869.2,227.81
nlv2b_egs_high_no_lng_highbrent_adv,2030,1482.25,6965.8,212.79
nlv2b_egs_high_no_lng_highbrent_adv,2035,1457.01,7062.9,206.29
nlv2b_egs_high_no_lng_highbrent_adv,2040,1442.37,7215.8,199.89
nlv2b_egs_high_no_lng_highbrent_adv,2045,1226.03,7365.5,166.46
nlv2b_egs_high_no_lng_highbrent_adv,2050,1076.96,7549.9,142.65
nlv2b_egs_high_no_lng_lowbrent_adv,2027,1220.2,6869.2,177.63
nlv2b_egs_high_no_lng_lowbrent_adv,2030,1042.9,6965.8,149.72
nlv2b_egs_high_no_lng_lowbrent_adv,2035,991.82,7062.9,140.43
nlv2b_egs_high_no_lng_lowbrent_adv,2040,1078.21,7215.8,149.42
nlv2b_egs_high_no_lng_lowbrent_adv,2045,1144.31,7365.5,155.36
nlv2b_egs_high_no_lng_lowbrent_adv,2050,1009.33,7549.9,133.69
nlv2b_egs_high_no_lng_refbrent_adv,2027,1514.76,6869.2,220.52
nlv2b_egs_high_no_lng_refbrent_adv,2030,1426.8,6965.8,204.83
nlv2b_egs_high_no_lng_refbrent_adv,2035,1336.72,7062.9,189.26
nlv2b_egs_high_no_lng_refbrent_adv,2040,1327.47,7215.8,183.97
nlv2b_egs_high_no_lng_refbrent_adv,2045,1188.19,7365.5,161.32
nlv2b_egs_high_no_lng_refbrent_adv,2050,1040.47,7549.9,137.81
nlv2b_egs_low_lng_forced_refbrent,2027,1475.52,6869.2,214.8
nlv2b_egs_low_lng_forced_refbrent,2030,1429.44,6965.8,205.21
nlv2b_egs_low_lng_forced_refbrent,2035,1452.54,7062.9,205.66
nlv2b_egs_low_lng_forced_refbrent,2040,1509.81,7215.8,209.24
nlv2b_egs_low_lng_forced_refbrent,2045,1290.42,7365.5,175.2
nlv2b_egs_low_lng_forced_refbrent,2050,1157.47,7549.9,153.31
nlv2b_egs_low_lng_forced_refbrent_adv,2027,1471.57,6869.2,214.23
nlv2b_egs_low_lng_forced_refbrent_adv,2030,1420.79,6965.8,203.97
nlv2b_egs_low_lng_forced_refbrent_adv,2035,1446.7,7062.9,204.83
nlv2b_egs_low_lng_forced_refbrent_adv,2040,1412.22,7215.8,195.71
nlv2b_egs_low_lng_forced_refbrent_adv,2045,1114.78,7365.5,151.35
nlv2b_egs_low_lng_forced_refbrent_adv,2050,964.62,7549.9,127.77
nlv2b_egs_low_lng_forced_refbrent_j120,2027,1476.4,6869.2,214.93
nlv2b_egs_low_lng_forced_refbrent_j120,2030,1468.38,6965.8,210.8
nlv2b_egs_low_lng_forced_refbrent_j120,2035,1494.83,7062.9,211.65
nlv2b_egs_low_lng_forced_refbrent_j120,2040,1547.5,7215.8,214.46
nlv2b_egs_low_lng_forced_refbrent_j120,2045,1289.02,7365.5,175.01
nlv2b_egs_low_lng_forced_refbrent_j120,2050,1156.15,7549.9,153.13
nlv2b_egs_low_lng_forced_refbrent_j120_adv,2027,1468.51,6869.2,213.78
nlv2b_egs_low_lng_forced_refbrent_j120_adv,2030,1459.24,6965.8,209.49
nlv2b_egs_low_lng_forced_refbrent_j120_adv,2035,1486.93,7062.9,210.53
nlv2b_egs_low_lng_forced_refbrent_j120_adv,2040,1452.59,7215.8,201.31
nlv2b_egs_low_lng_forced_refbrent_j120_adv,2045,1115.78,7365.5,151.49
nlv2b_egs_low_lng_forced_refbrent_j120_adv,2050,965.32,7549.9,127.86
nlv2b_egs_low_no_lng_futbrent_adv,2027,1370.27,6869.2,199.48
nlv2b_egs_low_no_lng_futbrent_adv,2030,1329.28,6965.8,190.83
nlv2b_egs_low_no_lng_futbrent_adv,2035,1223.15,7062.9,173.18
nlv2b_egs_low_no_lng_futbrent_adv,2040,1200.94,7215.8,166.43
nlv2b_egs_low_no_lng_futbrent_adv,2045,1107.24,7365.5,150.33
nlv2b_egs_low_no_lng_futbrent_adv,2050,956.06,7549.9,126.63
nlv2b_egs_low_no_lng_highbrent,2027,1536.51,6869.2,223.68
nlv2b_egs_low_no_lng_highbrent,2030,1518.43,6965.8,217.98
nlv2b_egs_low_no_lng_highbrent,2035,1509.13,7062.9,213.67
nlv2b_egs_low_no_lng_highbrent,2040,1520.51,7215.8,210.72
nlv2b_egs_low_no_lng_highbrent,2045,1339.3,7365.5,181.83
nlv2b_egs_low_no_lng_highbrent,2050,1203.94,7549.9,159.46
nlv2b_egs_low_no_lng_highbrent_adv,2027,1525.2,6869.2,222.03
nlv2b_egs_low_no_lng_highbrent_adv,2030,1442.86,6965.8,207.14
nlv2b_egs_low_no_lng_highbrent_adv,2035,1420.51,7062.9,201.12
nlv2b_egs_low_no_lng_highbrent_adv,2040,1405.72,7215.8,194.81
nlv2b_egs_low_no_lng_highbrent_adv,2045,1189.28,7365.5,161.47
nlv2b_egs_low_no_lng_highbrent_adv,2050,1040.36,7549.9,137.8
nlv2b_egs_low_no_lng_lowbrent_adv,2027,1220.89,6869.2,177.73
nlv2b_egs_low_no_lng_lowbrent_adv,2030,1046.6,6965.8,150.25
nlv2b_egs_low_no_lng_lowbrent_adv,2035,989.58,7062.9,140.11
nlv2b_egs_low_no_lng_lowbrent_adv,2040,1048.06,7215.8,145.24
nlv2b_egs_low_no_lng_lowbrent_adv,2045,1102.19,7365.5,149.64
nlv2b_egs_low_no_lng_lowbrent_adv,2050,961.78,7549.9,127.39
nlv2b_egs_low_no_lng_refbrent,2027,1460.32,6869.2,212.59
nlv2b_egs_low_no_lng_refbrent,2030,1468.43,6965.8,210.81
nlv2b_egs_low_no_lng_refbrent,2035,1388.37,7062.9,196.57
nlv2b_egs_low_no_lng_refbrent,2040,1400.55,7215.8,194.1
nlv2b_egs_low_no_lng_refbrent,2045,1283.29,7365.5,174.23
nlv2b_egs_low_no_lng_refbrent,2050,1151.35,7549.9,152.5
nlv2b_egs_low_no_lng_refbrent_adv,2027,1457.93,6869.2,212.24
nlv2b_egs_low_no_lng_refbrent_adv,2030,1376.08,6965.8,197.55
nlv2b_egs_low_no_lng_refbrent_adv,2035,1318.51,7062.9,186.68
nlv2b_egs_low_no_lng_refbrent_adv,2040,1307.05,7215.8,181.14
nlv2b_egs_low_no_lng_refbrent_adv,2045,1158.35,7365.5,157.27
nlv2b_egs_low_no_lng_refbrent_adv,2050,1009.95,7549.9,133.77
nlv2b_egs_none_lng_forced_refbrent,2027,1520.24,6869.2,221.31
nlv2b_egs_none_lng_forced_refbrent,2030,1447.52,6965.8,207.8
nlv2b_egs_none_lng_forced_refbrent,2035,1471.54,7062.9,208.35
nlv2b_egs_none_lng_forced_refbrent,2040,1547.7,7215.8,214.49
nlv2b_egs_none_lng_forced_refbrent,2045,1344.18,7365.5,182.5
nlv2b_egs_none_lng_forced_refbrent,2050,1211.6,7549.9,160.48
nlv2b_egs_none_lng_forced_refbrent_adv,2027,1516.38,6869.2,220.75
nlv2b_egs_none_lng_forced_refbrent_adv,2030,1431.87,6965.8,205.56
nlv2b_egs_none_lng_forced_refbrent_adv,2035,1463.76,7062.9,207.25
nlv2b_egs_none_lng_forced_refbrent_adv,2040,1431.81,7215.8,198.43
nlv2b_egs_none_lng_forced_refbrent_adv,2045,1149.05,7365.5,156.0
nlv2b_egs_none_lng_forced_refbrent_adv,2050,999.57,7549.9,132.4
nlv2b_egs_none_lng_forced_refbrent_j120,2027,1524.78,6869.2,221.97
nlv2b_egs_none_lng_forced_refbrent_j120,2030,1485.02,6965.8,213.19
nlv2b_egs_none_lng_forced_refbrent_j120,2035,1508.67,7062.9,213.61
nlv2b_egs_none_lng_forced_refbrent_j120,2040,1586.79,7215.8,219.91
nlv2b_egs_none_lng_forced_refbrent_j120,2045,1343.76,7365.5,182.44
nlv2b_egs_none_lng_forced_refbrent_j120,2050,1211.58,7549.9,160.48
nlv2b_egs_none_lng_forced_refbrent_j120_adv,2027,1524.29,6869.2,221.9
nlv2b_egs_none_lng_forced_refbrent_j120_adv,2030,1470.77,6965.8,211.14
nlv2b_egs_none_lng_forced_refbrent_j120_adv,2035,1499.6,7062.9,212.32
nlv2b_egs_none_lng_forced_refbrent_j120_adv,2040,1469.78,7215.8,203.69
nlv2b_egs_none_lng_forced_refbrent_j120_adv,2045,1148.48,7365.5,155.93
nlv2b_egs_none_lng_forced_refbrent_j120_adv,2050,998.85,7549.9,132.3
nlv2b_egs_none_no_lng_refbrent,2027,1516.98,6869.2,220.84
nlv2b_egs_none_no_lng_refbrent,2030,1519.74,6965.8,218.17
nlv2b_egs_none_no_lng_refbrent,2035,1424.08,7062.9,201.63
nlv2b_egs_none_no_lng_refbrent,2040,1438.91,7215.8,199.41
nlv2b_egs_none_no_lng_refbrent,2045,1331.82,7365.5,180.82
nlv2b_egs_none_no_lng_refbrent,2050,1203.54,7549.9,159.41
nlv2b_egs_none_no_lng_refbrent_adv,2027,1518.31,6869.2,221.03
nlv2b_egs_none_no_lng_refbrent_adv,2030,1429.03,6965.8,205.15
nlv2b_egs_none_no_lng_refbrent_adv,2035,1335.28,7062.9,189.06
nlv2b_egs_none_no_lng_refbrent_adv,2040,1326.02,7215.8,183.77
nlv2b_egs_none_no_lng_refbrent_adv,2045,1186.61,7365.5,161.1
nlv2b_egs_none_no_lng_refbrent_adv,2050,1038.59,7549.9,137.56
nlv2b_egs_ref_lng_forced_refbrent,2027,1491.66,6869.2,217.15
nlv2b_egs_ref_lng_forced_refbrent,2030,1446.62,6965.8,207.68
nlv2b_egs_ref_lng_forced_refbrent,2035,1472.68,7062.9,208.51
nlv2b_egs_ref_lng_forced_refbrent,2040,1525.23,7215.8,211.37
nlv2b_egs_ref_lng_forced_refbrent,2045,1305.76,7365.5,177.28
nlv2b_egs_ref_lng_forced_refbrent,2050,1172.98,7549.9,155.36
nlv2b_egs_ref_lng_forced_refbrent_adv,2027,1484.62,6869.2,216.13
nlv2b_egs_ref_lng_forced_refbrent_adv,2030,1436.71,6965.8,206.25
nlv2b_egs_ref_lng_forced_refbrent_adv,2035,1463.66,7062.9,207.23
nlv2b_egs_ref_lng_forced_refbrent_adv,2040,1430.02,7215.8,198.18
nlv2b_egs_ref_lng_forced_refbrent_adv,2045,1132.53,7365.5,153.76
nlv2b_egs_ref_lng_forced_refbrent_adv,2050,982.21,7549.9,130.1
nlv2b_egs_ref_lng_forced_refbrent_j120,2027,1492.13,6869.2,217.22
nlv2b_egs_ref_lng_forced_refbrent_j120,2030,1484.75,6965.8,213.15
nlv2b_egs_ref_lng_forced_refbrent_j120,2035,1511.07,7062.9,213.95
nlv2b_egs_ref_lng_forced_refbrent_j120,2040,1564.56,7215.8,216.82
nlv2b_egs_ref_lng_forced_refbrent_j120,2045,1305.76,7365.5,177.28
nlv2b_egs_ref_lng_forced_refbrent_j120,2050,1172.84,7549.9,155.35
nlv2b_egs_ref_lng_forced_refbrent_j120_adv,2027,1484.52,6869.2,216.11
nlv2b_egs_ref_lng_forced_refbrent_j120_adv,2030,1475.28,6965.8,211.79
nlv2b_egs_ref_lng_forced_refbrent_j120_adv,2035,1503.02,7062.9,212.81
nlv2b_egs_ref_lng_forced_refbrent_j120_adv,2040,1468.86,7215.8,203.56
nlv2b_egs_ref_lng_forced_refbrent_j120_adv,2045,1132.47,7365.5,153.75
nlv2b_egs_ref_lng_forced_refbrent_j120_adv,2050,982.13,7549.9,130.09
nlv2b_egs_ref_no_lng_refbrent,2027,1477.67,6869.2,215.12
nlv2b_egs_ref_no_lng_refbrent,2030,1484.77,6965.8,213.15
nlv2b_egs_ref_no_lng_refbrent,2035,1404.76,7062.9,198.89
nlv2b_egs_ref_no_lng_refbrent,2040,1417.68,7215.8,196.47
nlv2b_egs_ref_no_lng_refbrent,2045,1299.72,7365.5,176.46
nlv2b_egs_ref_no_lng_refbrent,2050,1167.82,7549.9,154.68
nlv2b_egs_ref_no_lng_refbrent_adv,2027,1474.52,6869.2,214.66
nlv2b_egs_ref_no_lng_refbrent_adv,2030,1396.3,6965.8,200.45
nlv2b_egs_ref_no_lng_refbrent_adv,2035,1334.18,7062.9,188.9
nlv2b_egs_ref_no_lng_refbrent_adv,2040,1322.43,7215.8,183.27
nlv2b_egs_ref_no_lng_refbrent_adv,2045,1174.09,7365.5,159.4
nlv2b_egs_ref_no_lng_refbrent_adv,2050,1025.55,7549.9,135.84
nlv2b_lc_C1_LSFO250_futbrent,2027,1426.69,6869.2,207.69
nlv2b_lc_C1_LSFO250_futbrent,2030,1385.07,6965.8,198.84
nlv2b_lc_C1_LSFO250_futbrent,2035,1376.31,7062.9,194.86
nlv2b_lc_C1_LSFO250_futbrent,2040,1361.94,7215.8,188.74
nlv2b_lc_C1_LSFO250_futbrent,2045,1343.46,7365.5,182.4
nlv2b_lc_C1_LSFO250_futbrent,2050,1171.54,7549.9,155.17
nlv2b_lc_C1_LSFO250_futbrent_adv,2027,1422.43,6869.2,207.07
nlv2b_lc_C1_LSFO250_futbrent_adv,2030,1378.9,6965.8,197.95
nlv2b_lc_C1_LSFO250_futbrent_adv,2035,1314.16,7062.9,186.07
nlv2b_lc_C1_LSFO250_futbrent_adv,2040,1282.85,7215.8,177.78
nlv2b_lc_C1_LSFO250_futbrent_adv,2045,1190.17,7365.5,161.59
nlv2b_lc_C1_LSFO250_futbrent_adv,2050,997.38,7549.9,132.11
nlv2b_lc_C1_LSFO250_highbrent,2027,1586.32,6869.2,230.93
nlv2b_lc_C1_LSFO250_highbrent,2030,1620.9,6965.8,232.69
nlv2b_lc_C1_LSFO250_highbrent,2035,1584.06,7062.9,224.28
nlv2b_lc_C1_LSFO250_highbrent,2040,1595.64,7215.8,221.13
nlv2b_lc_C1_LSFO250_highbrent,2045,1393.8,7365.5,189.23
nlv2b_lc_C1_LSFO250_highbrent,2050,1222.98,7549.9,161.99
nlv2b_lc_C1_LSFO250_highbrent_adv,2027,1585.64,6869.2,230.83
nlv2b_lc_C1_LSFO250_highbrent_adv,2030,1558.65,6965.8,223.76
nlv2b_lc_C1_LSFO250_highbrent_adv,2035,1500.98,7062.9,212.52
nlv2b_lc_C1_LSFO250_highbrent_adv,2040,1483.64,7215.8,205.61
nlv2b_lc_C1_LSFO250_highbrent_adv,2045,1255.21,7365.5,170.42
nlv2b_lc_C1_LSFO250_highbrent_adv,2050,1065.34,7549.9,141.11
nlv2b_lc_C1_LSFO250_lowbrent,2027,1258.5,6869.2,183.21
nlv2b_lc_C1_LSFO250_lowbrent,2030,1123.0,6965.8,161.22
nlv2b_lc_C1_LSFO250_lowbrent,2035,1086.88,7062.9,153.89
nlv2b_lc_C1_LSFO250_lowbrent,2040,1230.14,7215.8,170.48
nlv2b_lc_C1_LSFO250_lowbrent,2045,1350.5,7365.5,183.36
nlv2b_lc_C1_LSFO250_lowbrent,2050,1176.35,7549.9,155.81
nlv2b_lc_C1_LSFO250_lowbrent_adv,2027,1253.47,6869.2,182.48
nlv2b_lc_C1_LSFO250_lowbrent_adv,2030,1112.37,6965.8,159.69
nlv2b_lc_C1_LSFO250_lowbrent_adv,2035,1062.97,7062.9,150.5
nlv2b_lc_C1_LSFO250_lowbrent_adv,2040,1157.18,7215.8,160.37
nlv2b_lc_C1_LSFO250_lowbrent_adv,2045,1201.73,7365.5,163.16
nlv2b_lc_C1_LSFO250_lowbrent_adv,2050,1016.61,7549.9,134.65
nlv2b_lc_C1_LSFO250_refbrent,2027,1508.01,6869.2,219.53
nlv2b_lc_C1_LSFO250_refbrent,2030,1501.35,6965.8,215.53
nlv2b_lc_C1_LSFO250_refbrent,2035,1472.65,7062.9,208.51
nlv2b_lc_C1_LSFO250_refbrent,2040,1474.97,7215.8,204.41
nlv2b_lc_C1_LSFO250_refbrent,2045,1362.61,7365.5,185.0
nlv2b_lc_C1_LSFO250_refbrent,2050,1191.4,7549.9,157.8
nlv2b_lc_C1_LSFO250_refbrent_adv,2027,1501.45,6869.2,218.58
nlv2b_lc_C1_LSFO250_refbrent_adv,2030,1470.59,6965.8,211.12
nlv2b_lc_C1_LSFO250_refbrent_adv,2035,1401.33,7062.9,198.41
nlv2b_lc_C1_LSFO250_refbrent_adv,2040,1387.56,7215.8,192.29
nlv2b_lc_C1_LSFO250_refbrent_adv,2045,1220.4,7365.5,165.69
nlv2b_lc_C1_LSFO250_refbrent_adv,2050,1029.26,7549.9,136.33
nlv2b_lc_C2_LSFO375_futbrent,2027,1426.99,6869.2,207.74
nlv2b_lc_C2_LSFO375_futbrent,2030,1396.79,6965.8,200.52
nlv2b_lc_C2_LSFO375_futbrent,2035,1391.58,7062.9,197.03
nlv2b_lc_C2_LSFO375_futbrent,2040,1394.35,7215.8,193.24
nlv2b_lc_C2_LSFO375_futbrent,2045,1380.4,7365.5,187.42
nlv2b_lc_C2_LSFO375_futbrent,2050,1204.53,7549.9,159.54
nlv2b_lc_C2_LSFO375_futbrent_adv,2027,1422.27,6869.2,207.05
nlv2b_lc_C2_LSFO375_futbrent_adv,2030,1391.85,6965.8,199.81
nlv2b_lc_C2_LSFO375_futbrent_adv,2035,1344.68,7062.9,190.39
nlv2b_lc_C2_LSFO375_futbrent_adv,2040,1311.08,7215.8,181.7
nlv2b_lc_C2_LSFO375_futbrent_adv,2045,1219.46,7365.5,165.56
nlv2b_lc_C2_LSFO375_futbrent_adv,2050,1025.5,7549.9,135.83
nlv2b_lc_C2_LSFO375_highbrent,2027,1586.28,6869.2,230.93
nlv2b_lc_C2_LSFO375_highbrent,2030,1647.45,6965.8,236.51
nlv2b_lc_C2_LSFO375_highbrent,2035,1609.54,7062.9,227.89
nlv2b_lc_C2_LSFO375_highbrent,2040,1621.88,7215.8,224.77
nlv2b_lc_C2_LSFO375_highbrent,2045,1418.59,7365.5,192.6
nlv2b_lc_C2_LSFO375_highbrent,2050,1247.3,7549.9,165.21
nlv2b_lc_C2_LSFO375_highbrent_adv,2027,1584.71,6869.2,230.7
nlv2b_lc_C2_LSFO375_highbrent_adv,2030,1608.83,6965.8,230.96
nlv2b_lc_C2_LSFO375_highbrent_adv,2035,1522.04,7062.9,215.5
nlv2b_lc_C2_LSFO375_highbrent_adv,2040,1504.51,7215.8,208.5
nlv2b_lc_C2_LSFO375_highbrent_adv,2045,1276.38,7365.5,173.29
nlv2b_lc_C2_LSFO375_highbrent_adv,2050,1085.08,7549.9,143.72
nlv2b_lc_C2_LSFO375_lowbrent,2027,1258.86,6869.2,183.26
nlv2b_lc_C2_LSFO375_lowbrent,2030,1143.65,6965.8,164.18
nlv2b_lc_C2_LSFO375_lowbrent,2035,1112.3,7062.9,157.49
nlv2b_lc_C2_LSFO375_lowbrent,2040,1260.18,7215.8,174.64
nlv2b_lc_C2_LSFO375_lowbrent,2045,1379.51,7365.5,187.29
nlv2b_lc_C2_LSFO375_lowbrent,2050,1205.04,7549.9,159.61
nlv2b_lc_C2_LSFO375_lowbrent_adv,2027,1253.32,6869.2,182.45
nlv2b_lc_C2_LSFO375_lowbrent_adv,2030,1127.09,6965.8,161.8
nlv2b_lc_C2_LSFO375_lowbrent_adv,2035,1078.6,7062.9,152.71
nlv2b_lc_C2_LSFO375_lowbrent_adv,2040,1191.59,7215.8,165.14
nlv2b_lc_C2_LSFO375_lowbrent_adv,2045,1237.05,7365.5,167.95
nlv2b_lc_C2_LSFO375_lowbrent_adv,2050,1051.24,7549.9,139.24
nlv2b_lc_C2_LSFO375_refbrent,2027,1507.49,6869.2,219.46
nlv2b_lc_C2_LSFO375_refbrent,2030,1506.67,6965.8,216.3
nlv2b_lc_C2_LSFO375_refbrent,2035,1501.91,7062.9,212.65
nlv2b_lc_C2_LSFO375_refbrent,2040,1502.81,7215.8,208.27
nlv2b_lc_C2_LSFO375_refbrent,2045,1391.92,7365.5,188.98
nlv2b_lc_C2_LSFO375_refbrent,2050,1220.53,7549.9,161.66
nlv2b_lc_C2_LSFO375_refbrent_adv,2027,1509.28,6869.2,219.72
nlv2b_lc_C2_LSFO375_refbrent_adv,2030,1499.74,6965.8,215.3
nlv2b_lc_C2_LSFO375_refbrent_adv,2035,1419.27,7062.9,200.95
nlv2b_lc_C2_LSFO375_refbrent_adv,2040,1410.07,7215.8,195.41
nlv2b_lc_C2_LSFO375_refbrent_adv,2045,1241.46,7365.5,168.55
nlv2b_lc_C2_LSFO375_refbrent_adv,2050,1049.2,7549.9,138.97
nlv2b_lc_C3_LSFO500_futbrent,2027,1442.14,6869.2,209.94
nlv2b_lc_C3_LSFO500_futbrent,2030,1417.34,6965.8,203.47
nlv2b_lc_C3_LSFO500_futbrent,2035,1406.25,7062.9,199.1
nlv2b_lc_C3_LSFO500_futbrent,2040,1426.01,7215.8,197.62
nlv2b_lc_C3_LSFO500_futbrent,2045,1411.52,7365.5,191.64
nlv2b_lc_C3_LSFO500_futbrent,2050,1235.67,7549.9,163.67
nlv2b_lc_C3_LSFO500_futbrent_adv,2027,1430.93,6869.2,208.31
nlv2b_lc_C3_LSFO500_futbrent_adv,2030,1411.44,6965.8,202.62
nlv2b_lc_C3_LSFO500_futbrent_adv,2035,1373.66,7062.9,194.49
nlv2b_lc_C3_LSFO500_futbrent_adv,2040,1340.41,7215.8,185.76
nlv2b_lc_C3_LSFO500_futbrent_adv,2045,1248.62,7365.5,169.52
nlv2b_lc_C3_LSFO500_futbrent_adv,2050,1054.72,7549.9,139.7
nlv2b_lc_C3_LSFO500_highbrent,2027,1585.38,6869.2,230.8
nlv2b_lc_C3_LSFO500_highbrent,2030,1686.1,6965.8,242.05
nlv2b_lc_C3_LSFO500_highbrent,2035,1635.07,7062.9,231.5
nlv2b_lc_C3_LSFO500_highbrent,2040,1646.02,7215.8,228.11
nlv2b_lc_C3_LSFO500_highbrent,2045,1441.41,7365.5,195.7
nlv2b_lc_C3_LSFO500_highbrent,2050,1270.28,7549.9,168.25
nlv2b_lc_C3_LSFO500_highbrent_adv,2027,1581.69,6869.2,230.26
nlv2b_lc_C3_LSFO500_highbrent_adv,2030,1654.62,6965.8,237.54
nlv2b_lc_C3_LSFO500_highbrent_adv,2035,1548.47,7062.9,219.24
nlv2b_lc_C3_LSFO500_highbrent_adv,2040,1530.23,7215.8,212.07
nlv2b_lc_C3_LSFO500_highbrent_adv,2045,1300.29,7365.5,176.54
nlv2b_lc_C3_LSFO500_highbrent_adv,2050,1108.18,7549.9,146.78
nlv2b_lc_C3_LSFO500_lowbrent,2027,1258.67,6869.2,183.23
nlv2b_lc_C3_LSFO500_lowbrent,2030,1169.2,6965.8,167.85
nlv2b_lc_C3_LSFO500_lowbrent,2035,1141.02,7062.9,161.55
nlv2b_lc_C3_LSFO500_lowbrent,2040,1291.52,7215.8,178.99
nlv2b_lc_C3_LSFO500_lowbrent,2045,1410.42,7365.5,191.49
nlv2b_lc_C3_LSFO500_lowbrent,2050,1235.63,7549.9,163.66
nlv2b_lc_C3_LSFO500_lowbrent_adv,2027,1253.49,6869.2,182.48
nlv2b_lc_C3_LSFO500_lowbrent_adv,2030,1151.38,6965.8,165.29
nlv2b_lc_C3_LSFO500_lowbrent_adv,2035,1102.16,7062.9,156.05
nlv2b_lc_C3_LSFO500_lowbrent_adv,2040,1224.1,7215.8,169.64
nlv2b_lc_C3_LSFO500_lowbrent_adv,2045,1269.38,7365.5,172.34
nlv2b_lc_C3_LSFO500_lowbrent_adv,2050,1082.5,7549.9,143.38
nlv2b_lc_C3_LSFO500_refbrent,2027,1508.22,6869.2,219.56
nlv2b_lc_C3_LSFO500_refbrent,2030,1526.04,6965.8,219.08
nlv2b_lc_C3_LSFO500_refbrent,2035,1532.56,7062.9,216.99
nlv2b_lc_C3_LSFO500_refbrent,2040,1531.87,7215.8,212.29
nlv2b_lc_C3_LSFO500_refbrent,2045,1421.49,7365.5,192.99
nlv2b_lc_C3_LSFO500_refbrent,2050,1249.57,7549.9,165.51
nlv2b_lc_C3_LSFO500_refbrent_adv,2027,1501.82,6869.2,218.63
nlv2b_lc_C3_LSFO500_refbrent_adv,2030,1518.8,6965.8,218.04
nlv2b_lc_C3_LSFO500_refbrent_adv,2035,1455.43,7062.9,206.07
nlv2b_lc_C3_LSFO500_refbrent_adv,2040,1440.74,7215.8,199.67
nlv2b_lc_C3_LSFO500_refbrent_adv,2045,1272.32,7365.5,172.74
nlv2b_lc_C3_LSFO500_refbrent_adv,2050,1079.12,7549.9,142.93
nlv2b_lc_C4_NOTHERMAL_futbrent,2027,1425.92,6869.2,207.58
nlv2b_lc_C4_NOTHERMAL_futbrent,2030,1382.51,6965.8,198.47
nlv2b_lc_C4_NOTHERMAL_futbrent,2035,1344.06,7062.9,190.3
nlv2b_lc_C4_NOTHERMAL_futbrent,2040,1332.93,7215.8,184.72
nlv2b_lc_C4_NOTHERMAL_futbrent,2045,1292.02,7365.5,175.42
nlv2b_lc_C4_NOTHERMAL_futbrent,2050,1124.6,7549.9,148.96
nlv2b_lc_C4_NOTHERMAL_futbrent_adv,2027,1421.0,6869.2,206.87
nlv2b_lc_C4_NOTHERMAL_futbrent_adv,2030,1377.9,6965.8,197.81
nlv2b_lc_C4_NOTHERMAL_futbrent_adv,2035,1272.1,7062.9,180.11
nlv2b_lc_C4_NOTHERMAL_futbrent_adv,2040,1246.94,7215.8,172.81
nlv2b_lc_C4_NOTHERMAL_futbrent_adv,2045,1138.68,7365.5,154.6
nlv2b_lc_C4_NOTHERMAL_futbrent_adv,2050,950.02,7549.9,125.83
nlv2b_lc_C4_NOTHERMAL_highbrent,2027,1586.7,6869.2,230.99
nlv2b_lc_C4_NOTHERMAL_highbrent,2030,1558.59,6965.8,223.75
nlv2b_lc_C4_NOTHERMAL_highbrent,2035,1553.74,7062.9,219.99
nlv2b_lc_C4_NOTHERMAL_highbrent,2040,1563.05,7215.8,216.61
nlv2b_lc_C4_NOTHERMAL_highbrent,2045,1365.64,7365.5,185.41
nlv2b_lc_C4_NOTHERMAL_highbrent,2050,1197.24,7549.9,158.58
nlv2b_lc_C4_NOTHERMAL_highbrent_adv,2027,1583.52,6869.2,230.52
nlv2b_lc_C4_NOTHERMAL_highbrent_adv,2030,1485.5,6965.8,213.26
nlv2b_lc_C4_NOTHERMAL_highbrent_adv,2035,1461.04,7062.9,206.86
nlv2b_lc_C4_NOTHERMAL_highbrent_adv,2040,1451.16,7215.8,201.11
nlv2b_lc_C4_NOTHERMAL_highbrent_adv,2045,1219.2,7365.5,165.53
nlv2b_lc_C4_NOTHERMAL_highbrent_adv,2050,1034.98,7549.9,137.09
nlv2b_lc_C4_NOTHERMAL_lowbrent,2027,1258.87,6869.2,183.26
nlv2b_lc_C4_NOTHERMAL_lowbrent,2030,1091.47,6965.8,156.69
nlv2b_lc_C4_NOTHERMAL_lowbrent,2035,1051.01,7062.9,148.81
nlv2b_lc_C4_NOTHERMAL_lowbrent,2040,1179.86,7215.8,163.51
nlv2b_lc_C4_NOTHERMAL_lowbrent,2045,1302.26,7365.5,176.81
nlv2b_lc_C4_NOTHERMAL_lowbrent,2050,1129.9,7549.9,149.66
nlv2b_lc_C4_NOTHERMAL_lowbrent_adv,2027,1253.78,6869.2,182.52
nlv2b_lc_C4_NOTHERMAL_lowbrent_adv,2030,1080.63,6965.8,155.13
nlv2b_lc_C4_NOTHERMAL_lowbrent_adv,2035,1032.21,7062.9,146.15
nlv2b_lc_C4_NOTHERMAL_lowbrent_adv,2040,1104.56,7215.8,153.07
nlv2b_lc_C4_NOTHERMAL_lowbrent_adv,2045,1148.13,7365.5,155.88
nlv2b_lc_C4_NOTHERMAL_lowbrent_adv,2050,972.36,7549.9,128.79
nlv2b_lc_C4_NOTHERMAL_refbrent,2027,1508.0,6869.2,219.53
nlv2b_lc_C4_NOTHERMAL_refbrent,2030,1509.57,6965.8,216.71
nlv2b_lc_C4_NOTHERMAL_refbrent,2035,1433.35,7062.9,202.94
nlv2b_lc_C4_NOTHERMAL_refbrent,2040,1445.95,7215.8,200.39
nlv2b_lc_C4_NOTHERMAL_refbrent,2045,1312.2,7365.5,178.16
nlv2b_lc_C4_NOTHERMAL_refbrent,2050,1145.26,7549.9,151.69
nlv2b_lc_C4_NOTHERMAL_refbrent_adv,2027,1505.86,6869.2,219.22
nlv2b_lc_C4_NOTHERMAL_refbrent_adv,2030,1425.89,6965.8,204.7
nlv2b_lc_C4_NOTHERMAL_refbrent_adv,2035,1364.87,7062.9,193.25
nlv2b_lc_C4_NOTHERMAL_refbrent_adv,2040,1352.87,7215.8,187.49
nlv2b_lc_C4_NOTHERMAL_refbrent_adv,2045,1188.19,7365.5,161.32
nlv2b_lc_C4_NOTHERMAL_refbrent_adv,2050,1003.16,7549.9,132.87
nlv2b_lc_C5_LNG375_futbrent,2027,1445.25,6869.2,210.4
nlv2b_lc_C5_LNG375_futbrent,2030,1349.47,6965.8,193.73
nlv2b_lc_C5_LNG375_futbrent,2035,1338.31,7062.9,189.49
nlv2b_lc_C5_LNG375_futbrent,2040,1409.63,7215.8,195.35
nlv2b_lc_C5_LNG375_futbrent,2045,1303.82,7365.5,177.02
nlv2b_lc_C5_LNG375_futbrent,2050,1134.21,7549.9,150.23
nlv2b_lc_C5_LNG375_futbrent_adv,2027,1440.55,6869.2,209.71
nlv2b_lc_C5_LNG375_futbrent_adv,2030,1343.22,6965.8,192.83
nlv2b_lc_C5_LNG375_futbrent_adv,2035,1315.56,7062.9,186.26
nlv2b_lc_C5_LNG375_futbrent_adv,2040,1333.69,7215.8,184.83
nlv2b_lc_C5_LNG375_futbrent_adv,2045,1142.39,7365.5,155.1
nlv2b_lc_C5_LNG375_futbrent_adv,2050,958.68,7549.9,126.98
nlv2b_lc_C5_LNG375_futbrent_j120,2027,1445.03,6869.2,210.36
nlv2b_lc_C5_LNG375_futbrent_j120,2030,1380.01,6965.8,198.11
nlv2b_lc_C5_LNG375_futbrent_j120,2035,1369.16,7062.9,193.85
nlv2b_lc_C5_LNG375_futbrent_j120,2040,1441.39,7215.8,199.76
nlv2b_lc_C5_LNG375_futbrent_j120,2045,1304.01,7365.5,177.04
nlv2b_lc_C5_LNG375_futbrent_j120,2050,1134.37,7549.9,150.25
nlv2b_lc_C5_LNG375_futbrent_j120_adv,2027,1440.05,6869.2,209.64
nlv2b_lc_C5_LNG375_futbrent_j120_adv,2030,1374.99,6965.8,197.39
nlv2b_lc_C5_LNG375_futbrent_j120_adv,2035,1345.29,7062.9,190.47
nlv2b_lc_C5_LNG375_futbrent_j120_adv,2040,1363.98,7215.8,189.03
nlv2b_lc_C5_LNG375_futbrent_j120_adv,2045,1144.3,7365.5,155.36
nlv2b_lc_C5_LNG375_futbrent_j120_adv,2050,961.48,7549.9,127.35
nlv2b_lc_C5_LNG375_highbrent,2027,1586.48,6869.2,230.96
nlv2b_lc_C5_LNG375_highbrent,2030,1622.14,6965.8,232.87
nlv2b_lc_C5_LNG375_highbrent,2035,1649.09,7062.9,233.49
nlv2b_lc_C5_LNG375_highbrent,2040,1649.43,7215.8,228.59
nlv2b_lc_C5_LNG375_highbrent,2045,1324.26,7365.5,179.79
nlv2b_lc_C5_LNG375_highbrent,2050,1156.07,7549.9,153.12
nlv2b_lc_C5_LNG375_highbrent_adv,2027,1580.12,6869.2,230.03
nlv2b_lc_C5_LNG375_highbrent_adv,2030,1600.45,6965.8,229.76
nlv2b_lc_C5_LNG375_highbrent_adv,2035,1570.67,7062.9,222.38
nlv2b_lc_C5_LNG375_highbrent_adv,2040,1559.2,7215.8,216.08
nlv2b_lc_C5_LNG375_highbrent_adv,2045,1176.28,7365.5,159.7
nlv2b_lc_C5_LNG375_highbrent_adv,2050,986.61,7549.9,130.68
nlv2b_lc_C5_LNG375_highbrent_j120,2027,1585.61,6869.2,230.83
nlv2b_lc_C5_LNG375_highbrent_j120,2030,1656.2,6965.8,237.76
nlv2b_lc_C5_LNG375_highbrent_j120,2035,1681.34,7062.9,238.05
nlv2b_lc_C5_LNG375_highbrent_j120,2040,1680.56,7215.8,232.9
nlv2b_lc_C5_LNG375_highbrent_j120,2045,1323.68,7365.5,179.71
nlv2b_lc_C5_LNG375_highbrent_j120,2050,1155.42,7549.9,153.04
nlv2b_lc_C5_LNG375_highbrent_j120_adv,2027,1569.8,6869.2,228.53
nlv2b_lc_C5_LNG375_highbrent_j120_adv,2030,1632.97,6965.8,234.43
nlv2b_lc_C5_LNG375_highbrent_j120_adv,2035,1605.33,7062.9,227.29
nlv2b_lc_C5_LNG375_highbrent_j120_adv,2040,1592.63,7215.8,220.72
nlv2b_lc_C5_LNG375_highbrent_j120_adv,2045,1179.33,7365.5,160.12
nlv2b_lc_C5_LNG375_highbrent_j120_adv,2050,989.98,7549.9,131.13
nlv2b_lc_C5_LNG375_lowbrent,2027,1258.88,6869.2,183.26
nlv2b_lc_C5_LNG375_lowbrent,2030,1170.44,6965.8,168.03
nlv2b_lc_C5_LNG375_lowbrent,2035,1139.25,7062.9,161.3
nlv2b_lc_C5_LNG375_lowbrent,2040,1307.57,7215.8,181.21
nlv2b_lc_C5_LNG375_lowbrent,2045,1300.79,7365.5,176.61
nlv2b_lc_C5_LNG375_lowbrent,2050,1128.18,7549.9,149.43
nlv2b_lc_C5_LNG375_lowbrent_adv,2027,1253.96,6869.2,182.55
nlv2b_lc_C5_LNG375_lowbrent_adv,2030,1155.13,6965.8,165.83
nlv2b_lc_C5_LNG375_lowbrent_adv,2035,1120.45,7062.9,158.64
nlv2b_lc_C5_LNG375_lowbrent_adv,2040,1243.13,7215.8,172.28
nlv2b_lc_C5_LNG375_lowbrent_adv,2045,1148.92,7365.5,155.99
nlv2b_lc_C5_LNG375_lowbrent_adv,2050,972.23,7549.9,128.77
nlv2b_lc_C5_LNG375_lowbrent_j120,2027,1259.03,6869.2,183.29
nlv2b_lc_C5_LNG375_lowbrent_j120,2030,1202.78,6965.8,172.67
nlv2b_lc_C5_LNG375_lowbrent_j120,2035,1171.42,7062.9,165.86
nlv2b_lc_C5_LNG375_lowbrent_j120,2040,1339.34,7215.8,185.61
nlv2b_lc_C5_LNG375_lowbrent_j120,2045,1300.81,7365.5,176.61
nlv2b_lc_C5_LNG375_lowbrent_j120,2050,1128.23,7549.9,149.44
nlv2b_lc_C5_LNG375_lowbrent_j120_adv,2027,1253.54,6869.2,182.49
nlv2b_lc_C5_LNG375_lowbrent_j120_adv,2030,1188.31,6965.8,170.59
nlv2b_lc_C5_LNG375_lowbrent_j120_adv,2035,1155.88,7062.9,163.66
nlv2b_lc_C5_LNG375_lowbrent_j120_adv,2040,1272.62,7215.8,176.37
nlv2b_lc_C5_LNG375_lowbrent_j120_adv,2045,1146.5,7365.5,155.66
nlv2b_lc_C5_LNG375_lowbrent_j120_adv,2050,970.24,7549.9,128.51
nlv2b_lc_C5_LNG375_refbrent,2027,1520.94,6869.2,221.41
nlv2b_lc_C5_LNG375_refbrent,2030,1467.41,6965.8,210.66
nlv2b_lc_C5_LNG375_refbrent,2035,1474.09,7062.9,208.71
nlv2b_lc_C5_LNG375_refbrent,2040,1511.44,7215.8,209.46
nlv2b_lc_C5_LNG375_refbrent,2045,1312.17,7365.5,178.15
nlv2b_lc_C5_LNG375_refbrent,2050,1145.01,7549.9,151.66
nlv2b_lc_C5_LNG375_refbrent_adv,2027,1518.23,6869.2,221.02
nlv2b_lc_C5_LNG375_refbrent_adv,2030,1459.61,6965.8,209.54
nlv2b_lc_C5_LNG375_refbrent_adv,2035,1455.47,7062.9,206.07
nlv2b_lc_C5_LNG375_refbrent_adv,2040,1420.32,7215.8,196.84
nlv2b_lc_C5_LNG375_refbrent_adv,2045,1145.61,7365.5,155.54
nlv2b_lc_C5_LNG375_refbrent_adv,2050,958.53,7549.9,126.96
nlv2b_lc_C5_LNG375_refbrent_j120,2027,1521.06,6869.2,221.43
nlv2b_lc_C5_LNG375_refbrent_j120,2030,1499.6,6965.8,215.28
nlv2b_lc_C5_LNG375_refbrent_j120,2035,1505.65,7062.9,213.18
nlv2b_lc_C5_LNG375_refbrent_j120,2040,1543.27,7215.8,213.87
nlv2b_lc_C5_LNG375_refbrent_j120,2045,1312.43,7365.5,178.19
nlv2b_lc_C5_LNG375_refbrent_j120,2050,1145.27,7549.9,151.69
nlv2b_lc_C5_LNG375_refbrent_j120_adv,2027,1519.02,6869.2,221.13
nlv2b_lc_C5_LNG375_refbrent_j120_adv,2030,1491.02,6965.8,214.05
nlv2b_lc_C5_LNG375_refbrent_j120_adv,2035,1485.45,7062.9,210.32
nlv2b_lc_C5_LNG375_refbrent_j120_adv,2040,1451.39,7215.8,201.14
nlv2b_lc_C5_LNG375_refbrent_j120_adv,2045,1145.92,7365.5,155.58
nlv2b_lc_C5_LNG375_refbrent_j120_adv,2050,959.19,7549.9,127.05
nlv2b_lc_C6_STATUSQUO_futbrent,2027,1440.08,6869.2,209.64
nlv2b_lc_C6_STATUSQUO_futbrent,2030,1442.42,6965.8,207.07
nlv2b_lc_C6_STATUSQUO_futbrent,2035,1434.41,7062.9,203.09
nlv2b_lc_C6_STATUSQUO_futbrent,2040,1552.68,7215.8,215.18
nlv2b_lc_C6_STATUSQUO_futbrent,2045,1408.01,7365.5,191.16
nlv2b_lc_C6_STATUSQUO_futbrent,2050,1235.55,7549.9,163.65
nlv2b_lc_C6_STATUSQUO_futbrent_adv,2027,1434.97,6869.2,208.9
nlv2b_lc_C6_STATUSQUO_futbrent_adv,2030,1437.13,6965.8,206.31
nlv2b_lc_C6_STATUSQUO_futbrent_adv,2035,1424.85,7062.9,201.74
nlv2b_lc_C6_STATUSQUO_futbrent_adv,2040,1478.56,7215.8,204.91
nlv2b_lc_C6_STATUSQUO_futbrent_adv,2045,1249.14,7365.5,169.59
nlv2b_lc_C6_STATUSQUO_futbrent_adv,2050,1064.73,7549.9,141.03
nlv2b_lc_C6_STATUSQUO_futbrent_j120,2027,1440.2,6869.2,209.66
nlv2b_lc_C6_STATUSQUO_futbrent_j120,2030,1481.74,6965.8,212.72
nlv2b_lc_C6_STATUSQUO_futbrent_j120,2035,1472.64,7062.9,208.51
nlv2b_lc_C6_STATUSQUO_futbrent_j120,2040,1591.87,7215.8,220.61
nlv2b_lc_C6_STATUSQUO_futbrent_j120,2045,1408.79,7365.5,191.27
nlv2b_lc_C6_STATUSQUO_futbrent_j120,2050,1235.2,7549.9,163.6
nlv2b_lc_C6_STATUSQUO_futbrent_j120_adv,2027,1434.82,6869.2,208.88
nlv2b_lc_C6_STATUSQUO_futbrent_j120_adv,2030,1477.83,6965.8,212.16
nlv2b_lc_C6_STATUSQUO_futbrent_j120_adv,2035,1464.16,7062.9,207.3
nlv2b_lc_C6_STATUSQUO_futbrent_j120_adv,2040,1517.0,7215.8,210.23
nlv2b_lc_C6_STATUSQUO_futbrent_j120_adv,2045,1248.44,7365.5,169.5
nlv2b_lc_C6_STATUSQUO_futbrent_j120_adv,2050,1063.19,7549.9,140.82
nlv2b_lc_C6_STATUSQUO_highbrent,2027,1588.8,6869.2,231.29
nlv2b_lc_C6_STATUSQUO_highbrent,2030,1735.47,6965.8,249.14
nlv2b_lc_C6_STATUSQUO_highbrent,2035,1779.76,7062.9,251.99
nlv2b_lc_C6_STATUSQUO_highbrent,2040,1779.42,7215.8,246.6
nlv2b_lc_C6_STATUSQUO_highbrent,2045,1412.45,7365.5,191.77
nlv2b_lc_C6_STATUSQUO_highbrent,2050,1242.82,7549.9,164.61
nlv2b_lc_C6_STATUSQUO_highbrent_adv,2027,1585.14,6869.2,230.76
nlv2b_lc_C6_STATUSQUO_highbrent_adv,2030,1732.57,6965.8,248.73
nlv2b_lc_C6_STATUSQUO_highbrent_adv,2035,1698.26,7062.9,240.45
nlv2b_lc_C6_STATUSQUO_highbrent_adv,2040,1686.91,7215.8,233.78
nlv2b_lc_C6_STATUSQUO_highbrent_adv,2045,1260.35,7365.5,171.12
nlv2b_lc_C6_STATUSQUO_highbrent_adv,2050,1067.75,7549.9,141.43
nlv2b_lc_C6_STATUSQUO_highbrent_j120,2027,1590.69,6869.2,231.57
nlv2b_lc_C6_STATUSQUO_highbrent_j120,2030,1777.08,6965.8,255.12
nlv2b_lc_C6_STATUSQUO_highbrent_j120,2035,1818.2,7062.9,257.43
nlv2b_lc_C6_STATUSQUO_highbrent_j120,2040,1816.65,7215.8,251.76
nlv2b_lc_C6_STATUSQUO_highbrent_j120,2045,1409.58,7365.5,191.38
nlv2b_lc_C6_STATUSQUO_highbrent_j120,2050,1240.8,7549.9,164.35
nlv2b_lc_C6_STATUSQUO_highbrent_j120_adv,2027,1583.6,6869.2,230.54
nlv2b_lc_C6_STATUSQUO_highbrent_j120_adv,2030,1769.62,6965.8,254.04
nlv2b_lc_C6_STATUSQUO_highbrent_j120_adv,2035,1738.31,7062.9,246.12
nlv2b_lc_C6_STATUSQUO_highbrent_j120_adv,2040,1726.91,7215.8,239.32
nlv2b_lc_C6_STATUSQUO_highbrent_j120_adv,2045,1261.35,7365.5,171.25
nlv2b_lc_C6_STATUSQUO_highbrent_j120_adv,2050,1068.81,7549.9,141.57
nlv2b_lc_C6_STATUSQUO_lowbrent,2027,1258.98,6869.2,183.28
nlv2b_lc_C6_STATUSQUO_lowbrent,2030,1288.54,6965.8,184.98
nlv2b_lc_C6_STATUSQUO_lowbrent,2035,1258.95,7062.9,178.25
nlv2b_lc_C6_STATUSQUO_lowbrent,2040,1447.64,7215.8,200.62
nlv2b_lc_C6_STATUSQUO_lowbrent,2045,1399.82,7365.5,190.05
nlv2b_lc_C6_STATUSQUO_lowbrent,2050,1223.7,7549.9,162.08
nlv2b_lc_C6_STATUSQUO_lowbrent_adv,2027,1254.89,6869.2,182.68
nlv2b_lc_C6_STATUSQUO_lowbrent_adv,2030,1272.62,6965.8,182.7
nlv2b_lc_C6_STATUSQUO_lowbrent_adv,2035,1239.87,7062.9,175.55
nlv2b_lc_C6_STATUSQUO_lowbrent_adv,2040,1379.8,7215.8,191.22
nlv2b_lc_C6_STATUSQUO_lowbrent_adv,2045,1244.64,7365.5,168.98
nlv2b_lc_C6_STATUSQUO_lowbrent_adv,2050,1059.68,7549.9,140.36
nlv2b_lc_C6_STATUSQUO_lowbrent_j120,2027,1259.05,6869.2,183.29
nlv2b_lc_C6_STATUSQUO_lowbrent_j120,2030,1325.14,6965.8,190.24
nlv2b_lc_C6_STATUSQUO_lowbrent_j120,2035,1295.63,7062.9,183.44
nlv2b_lc_C6_STATUSQUO_lowbrent_j120,2040,1488.76,7215.8,206.32
nlv2b_lc_C6_STATUSQUO_lowbrent_j120,2045,1402.34,7365.5,190.39
nlv2b_lc_C6_STATUSQUO_lowbrent_j120,2050,1225.95,7549.9,162.38
nlv2b_lc_C6_STATUSQUO_lowbrent_j120_adv,2027,1254.57,6869.2,182.64
nlv2b_lc_C6_STATUSQUO_lowbrent_j120_adv,2030,1310.55,6965.8,188.14
nlv2b_lc_C6_STATUSQUO_lowbrent_j120_adv,2035,1278.13,7062.9,180.96
nlv2b_lc_C6_STATUSQUO_lowbrent_j120_adv,2040,1418.6,7215.8,196.6
nlv2b_lc_C6_STATUSQUO_lowbrent_j120_adv,2045,1244.74,7365.5,169.0
nlv2b_lc_C6_STATUSQUO_lowbrent_j120_adv,2050,1059.66,7549.9,140.35
nlv2b_lc_C6_STATUSQUO_refbrent,2027,1528.03,6869.2,222.45
nlv2b_lc_C6_STATUSQUO_refbrent,2030,1566.86,6965.8,224.94
nlv2b_lc_C6_STATUSQUO_refbrent,2035,1584.48,7062.9,224.34
nlv2b_lc_C6_STATUSQUO_refbrent,2040,1650.62,7215.8,228.75
nlv2b_lc_C6_STATUSQUO_refbrent,2045,1412.82,7365.5,191.82
nlv2b_lc_C6_STATUSQUO_refbrent,2050,1243.3,7549.9,164.68
nlv2b_lc_C6_STATUSQUO_refbrent_adv,2027,1525.09,6869.2,222.02
nlv2b_lc_C6_STATUSQUO_refbrent_adv,2030,1559.99,6965.8,223.95
nlv2b_lc_C6_STATUSQUO_refbrent_adv,2035,1589.24,7062.9,225.01
nlv2b_lc_C6_STATUSQUO_refbrent_adv,2040,1555.89,7215.8,215.62
nlv2b_lc_C6_STATUSQUO_refbrent_adv,2045,1238.01,7365.5,168.08
nlv2b_lc_C6_STATUSQUO_refbrent_adv,2050,1049.31,7549.9,138.98
nlv2b_lc_C6_STATUSQUO_refbrent_j120,2027,1531.92,6869.2,223.01
nlv2b_lc_C6_STATUSQUO_refbrent_j120,2030,1604.65,6965.8,230.36
nlv2b_lc_C6_STATUSQUO_refbrent_j120,2035,1622.22,7062.9,229.68
nlv2b_lc_C6_STATUSQUO_refbrent_j120,2040,1689.25,7215.8,234.11
nlv2b_lc_C6_STATUSQUO_refbrent_j120,2045,1412.24,7365.5,191.74
nlv2b_lc_C6_STATUSQUO_refbrent_j120,2050,1242.71,7549.9,164.6
nlv2b_lc_C6_STATUSQUO_refbrent_j120_adv,2027,1521.99,6869.2,221.57
nlv2b_lc_C6_STATUSQUO_refbrent_j120_adv,2030,1600.45,6965.8,229.76
nlv2b_lc_C6_STATUSQUO_refbrent_j120_adv,2035,1628.17,7062.9,230.52
nlv2b_lc_C6_STATUSQUO_refbrent_j120_adv,2040,1593.14,7215.8,220.78
nlv2b_lc_C6_STATUSQUO_refbrent_j120_adv,2045,1238.69,7365.5,168.18
nlv2b_lc_C6_STATUSQUO_refbrent_j120_adv,2050,1049.16,7549.9,138.96
nlv2b_lngconv_heco_opt_refbrent,2027,1487.11,6869.2,216.49
nlv2b_lngconv_heco_opt_refbrent,2030,1331.14,6965.8,191.1
nlv2b_lngconv_heco_opt_refbrent,2035,1348.74,7062.9,190.96
nlv2b_lngconv_heco_opt_refbrent,2040,1347.41,7215.8,186.73
nlv2b_lngconv_heco_opt_refbrent,2045,1292.04,7365.5,175.42
nlv2b_lngconv_heco_opt_refbrent,2050,1159.83,7549.9,153.62
nlv2b_lngconv_heco_refbrent,2027,1486.47,6869.2,216.4
nlv2b_lngconv_heco_refbrent,2030,1330.73,6965.8,191.04
nlv2b_lngconv_heco_refbrent,2035,1352.35,7062.9,191.47
nlv2b_lngconv_heco_refbrent,2040,1344.59,7215.8,186.34
nlv2b_lngconv_heco_refbrent,2045,1291.84,7365.5,175.39
nlv2b_lngconv_heco_refbrent,2050,1159.82,7549.9,153.62
nlv2b_lngconv_noplant_refbrent,2027,1477.3,6869.2,215.06
nlv2b_lngconv_noplant_refbrent,2030,1444.93,6965.8,207.43
nlv2b_lngconv_noplant_refbrent,2035,1380.94,7062.9,195.52
nlv2b_lngconv_noplant_refbrent,2040,1379.69,7215.8,191.2
nlv2b_lngconv_noplant_refbrent,2045,1295.8,7365.5,175.93
nlv2b_lngconv_noplant_refbrent,2050,1164.56,7549.9,154.25
nlv2b_lngconv_opt_refbrent,2027,1476.67,6869.2,214.97
nlv2b_lngconv_opt_refbrent,2030,1445.06,6965.8,207.45
nlv2b_lngconv_opt_refbrent,2035,1382.1,7062.9,195.69
nlv2b_lngconv_opt_refbrent,2040,1378.97,7215.8,191.1
nlv2b_lngconv_opt_refbrent,2045,1295.92,7365.5,175.95
nlv2b_lngconv_opt_refbrent,2050,1163.88,7549.9,154.16
nlv2b_lngconv_wjera_refbrent,2027,1513.07,6869.2,220.27
nlv2b_lngconv_wjera_refbrent,2030,1397.65,6965.8,200.65
nlv2b_lngconv_wjera_refbrent,2035,1426.02,7062.9,201.9
nlv2b_lngconv_wjera_refbrent,2040,1482.49,7215.8,205.45
nlv2b_lngconv_wjera_refbrent,2045,1303.41,7365.5,176.96
nlv2b_lngconv_wjera_refbrent,2050,1170.16,7549.9,154.99
nlv2b_norps_LNG500_refbrent,2027,1490.86,6869.2,217.04
nlv2b_norps_LNG500_refbrent,2030,1433.73,6965.8,205.82
nlv2b_norps_LNG500_refbrent,2035,1447.21,7062.9,204.9
nlv2b_norps_LNG500_refbrent,2040,1443.2,7215.8,200.01
nlv2b_norps_LNG500_refbrent,2045,1228.93,7365.5,166.85
nlv2b_norps_LNG500_refbrent,2050,1097.4,7549.9,145.35
nlv2b_norps_LNG500_refbrent_j120,2027,1490.31,6869.2,216.96
nlv2b_norps_LNG500_refbrent_j120,2030,1470.29,6965.8,211.07
nlv2b_norps_LNG500_refbrent_j120,2035,1483.33,7062.9,210.02
nlv2b_norps_LNG500_refbrent_j120,2040,1480.69,7215.8,205.2
nlv2b_norps_LNG500_refbrent_j120,2045,1256.7,7365.5,170.62
nlv2b_norps_LNG500_refbrent_j120,2050,1122.75,7549.9,148.71
nlv2b_norps_LNGOPT_refbrent,2027,1491.63,6869.2,217.15
nlv2b_norps_LNGOPT_refbrent,2030,1425.62,6965.8,204.66
nlv2b_norps_LNGOPT_refbrent,2035,1427.02,7062.9,202.04
nlv2b_norps_LNGOPT_refbrent,2040,1432.96,7215.8,198.59
nlv2b_norps_LNGOPT_refbrent,2045,1226.28,7365.5,166.49
nlv2b_norps_LNGOPT_refbrent,2050,1095.14,7549.9,145.05
nlv2b_norps_NOTHERMAL_refbrent,2027,1476.59,6869.2,214.96
nlv2b_norps_NOTHERMAL_refbrent,2030,1485.67,6965.8,213.28
nlv2b_norps_NOTHERMAL_refbrent,2035,1404.95,7062.9,198.92
nlv2b_norps_NOTHERMAL_refbrent,2040,1417.82,7215.8,196.49
nlv2b_norps_NOTHERMAL_refbrent,2045,1246.62,7365.5,169.25
nlv2b_norps_NOTHERMAL_refbrent,2050,1118.84,7549.9,148.19
nlv2b_norps_lngconv_heco_refbrent,2027,1487.15,6869.2,216.5
nlv2b_norps_lngconv_heco_refbrent,2030,1319.38,6965.8,189.41
nlv2b_norps_lngconv_heco_refbrent,2035,1327.92,7062.9,188.01
nlv2b_norps_lngconv_heco_refbrent,2040,1329.5,7215.8,184.25
nlv2b_norps_lngconv_heco_refbrent,2045,1183.56,7365.5,160.69
nlv2b_norps_lngconv_heco_refbrent,2050,1071.52,7549.9,141.93
nlv2b_norps_lngconv_opt_refbrent,2027,1476.64,6869.2,214.97
nlv2b_norps_lngconv_opt_refbrent,2030,1431.98,6965.8,205.57
nlv2b_norps_lngconv_opt_refbrent,2035,1370.6,7062.9,194.06
nlv2b_norps_lngconv_opt_refbrent,2040,1367.98,7215.8,189.58
nlv2b_norps_lngconv_opt_refbrent,2045,1216.5,7365.5,165.16
nlv2b_norps_lngconv_opt_refbrent,2050,1113.0,7549.9,147.42
nlv2b_plan_igp_alt_hybrid_refbrent,2027,1507.58,6869.2,219.47
nlv2b_plan_igp_alt_hybrid_refbrent,2030,1456.74,6965.8,209.13
nlv2b_plan_igp_alt_hybrid_refbrent,2035,1584.21,7062.9,224.3
nlv2b_plan_igp_alt_hybrid_refbrent,2040,1548.92,7215.8,214.66
nlv2b_plan_igp_alt_hybrid_refbrent,2045,1490.63,7365.5,202.38
nlv2b_plan_igp_alt_hybrid_refbrent,2050,1447.22,7549.9,191.69
nlv2b_plan_igp_alt_pv15_hybrid_refbrent,2027,1582.46,6869.2,230.37
nlv2b_plan_igp_alt_pv15_hybrid_refbrent,2030,1563.74,6965.8,224.49
nlv2b_plan_igp_alt_pv15_hybrid_refbrent,2035,1687.04,7062.9,238.86
nlv2b_plan_igp_alt_pv15_hybrid_refbrent,2040,1671.59,7215.8,231.66
nlv2b_plan_igp_alt_pv15_hybrid_refbrent,2045,1643.0,7365.5,223.07
nlv2b_plan_igp_alt_pv15_hybrid_refbrent,2050,1593.62,7549.9,211.08
nlv2b_plan_igp_alt_pv17_hybrid_refbrent,2027,1626.33,6869.2,236.76
nlv2b_plan_igp_alt_pv17_hybrid_refbrent,2030,1605.04,6965.8,230.42
nlv2b_plan_igp_alt_pv17_hybrid_refbrent,2035,1727.33,7062.9,244.57
nlv2b_plan_igp_alt_pv17_hybrid_refbrent,2040,1713.31,7215.8,237.44
nlv2b_plan_igp_alt_pv17_hybrid_refbrent,2045,1684.79,7365.5,228.74
nlv2b_plan_igp_alt_pv17_hybrid_refbrent,2050,1640.02,7549.9,217.22
nlv2b_plan_igp_pref_xf_hybrid_refbrent,2027,1494.29,6869.2,217.53
nlv2b_plan_igp_pref_xf_hybrid_refbrent,2030,1498.31,6965.8,215.1
nlv2b_plan_igp_pref_xf_hybrid_refbrent,2035,1580.02,7062.9,223.71
nlv2b_plan_igp_pref_xf_hybrid_refbrent,2040,1536.17,7215.8,212.89
nlv2b_plan_igp_pref_xf_hybrid_refbrent,2045,1612.93,7365.5,218.99
nlv2b_plan_igp_pref_xf_hybrid_refbrent,2050,1586.19,7549.9,210.09
nlv2b_sq_lngfree_refbrent,2027,1643.09,6869.2,239.2
nlv2b_sq_lngfree_refbrent,2030,1444.16,6965.8,207.32
nlv2b_sq_lngfree_refbrent,2035,1475.46,7062.9,208.9
nlv2b_sq_lngfree_refbrent,2040,1454.47,7215.8,201.57
nlv2b_sq_lngfree_refbrent,2045,1342.0,7365.5,182.2
nlv2b_sq_lngfree_refbrent,2050,1285.46,7549.9,170.26
nlv2b_sq_nolng_refbrent,2027,1620.99,6869.2,235.98
nlv2b_sq_nolng_refbrent,2030,1647.04,6965.8,236.45
nlv2b_sq_nolng_refbrent,2035,1686.37,7062.9,238.77
nlv2b_sq_nolng_refbrent,2040,1698.97,7215.8,235.45
nlv2b_sq_nolng_refbrent,2045,1650.81,7365.5,224.13
nlv2b_sq_nolng_refbrent,2050,1623.14,7549.9,214.99
nlv2b_wb_C5_LNG375_refbrent,2027,1490.47,6869.2,216.98
nlv2b_wb_C5_LNG375_refbrent,2030,1438.09,6965.8,206.45
nlv2b_wb_C5_LNG375_refbrent,2035,1448.14,7062.9,205.04
nlv2b_wb_C5_LNG375_refbrent,2040,1481.07,7215.8,205.25
nlv2b_wb_C5_LNG375_refbrent,2045,1300.73,7365.5,176.6
nlv2b_wb_C5_LNG375_refbrent,2050,1168.37,7549.9,154.75
nlv2b_wb_C5_LNG375_refbrent_adv,2027,1483.57,6869.2,215.97
nlv2b_wb_C5_LNG375_refbrent_adv,2030,1427.05,6965.8,204.87
nlv2b_wb_C5_LNG375_refbrent_adv,2035,1424.55,7062.9,201.7
nlv2b_wb_C5_LNG375_refbrent_adv,2040,1390.2,7215.8,192.66
nlv2b_wb_C5_LNG375_refbrent_adv,2045,1133.24,7365.5,153.86
nlv2b_wb_C5_LNG375_refbrent_adv,2050,983.09,7549.9,130.21
nlv2b_wb_C5_LNG375_refbrent_j120,2027,1489.83,6869.2,216.89
nlv2b_wb_C5_LNG375_refbrent_j120,2030,1469.49,6965.8,210.96
nlv2b_wb_C5_LNG375_refbrent_j120,2035,1482.28,7062.9,209.87
nlv2b_wb_C5_LNG375_refbrent_j120,2040,1512.38,7215.8,209.59
nlv2b_wb_C5_LNG375_refbrent_j120,2045,1300.2,7365.5,176.53
nlv2b_wb_C5_LNG375_refbrent_j120,2050,1167.76,7549.9,154.67
nlv2b_wb_C5_LNG375_refbrent_j120_adv,2027,1482.89,6869.2,215.88
nlv2b_wb_C5_LNG375_refbrent_j120_adv,2030,1457.92,6965.8,209.3
nlv2b_wb_C5_LNG375_refbrent_j120_adv,2035,1456.49,7062.9,206.22
nlv2b_wb_C5_LNG375_refbrent_j120_adv,2040,1423.04,7215.8,197.21
nlv2b_wb_C5_LNG375_refbrent_j120_adv,2045,1133.48,7365.5,153.89
nlv2b_wb_C5_LNG375_refbrent_j120_adv,2050,983.26,7549.9,130.23
nlv2b_wb_C6_LNG500_futbrent,2027,1409.38,6869.2,205.17
nlv2b_wb_C6_LNG500_futbrent,2030,1321.23,6965.8,189.67
nlv2b_wb_C6_LNG500_futbrent,2035,1315.38,7062.9,186.24
nlv2b_wb_C6_LNG500_futbrent,2040,1429.89,7215.8,198.16
nlv2b_wb_C6_LNG500_futbrent,2045,1301.97,7365.5,176.77
nlv2b_wb_C6_LNG500_futbrent,2050,1166.92,7549.9,154.56
nlv2b_wb_C6_LNG500_futbrent_adv,2027,1403.53,6869.2,204.32
nlv2b_wb_C6_LNG500_futbrent_adv,2030,1315.44,6965.8,188.84
nlv2b_wb_C6_LNG500_futbrent_adv,2035,1299.78,7062.9,184.03
nlv2b_wb_C6_LNG500_futbrent_adv,2040,1354.15,7215.8,187.66
nlv2b_wb_C6_LNG500_futbrent_adv,2045,1137.43,7365.5,154.43
nlv2b_wb_C6_LNG500_futbrent_adv,2050,993.67,7549.9,131.61
nlv2b_wb_C6_LNG500_futbrent_j120,2027,1409.79,6869.2,205.23
nlv2b_wb_C6_LNG500_futbrent_j120,2030,1360.66,6965.8,195.34
nlv2b_wb_C6_LNG500_futbrent_j120,2035,1354.74,7062.9,191.81
nlv2b_wb_C6_LNG500_futbrent_j120,2040,1468.72,7215.8,203.54
nlv2b_wb_C6_LNG500_futbrent_j120,2045,1301.73,7365.5,176.73
nlv2b_wb_C6_LNG500_futbrent_j120,2050,1166.75,7549.9,154.54
nlv2b_wb_C6_LNG500_futbrent_j120_adv,2027,1403.04,6869.2,204.25
nlv2b_wb_C6_LNG500_futbrent_j120_adv,2030,1355.22,6965.8,194.55
nlv2b_wb_C6_LNG500_futbrent_j120_adv,2035,1339.1,7062.9,189.6
nlv2b_wb_C6_LNG500_futbrent_j120_adv,2040,1391.58,7215.8,192.85
nlv2b_wb_C6_LNG500_futbrent_j120_adv,2045,1138.34,7365.5,154.55
nlv2b_wb_C6_LNG500_futbrent_j120_adv,2050,995.13,7549.9,131.81
nlv2b_wb_C6_LNG500_highbrent,2027,1554.99,6869.2,226.37
nlv2b_wb_C6_LNG500_highbrent,2030,1613.88,6965.8,231.69
nlv2b_wb_C6_LNG500_highbrent,2035,1658.21,7062.9,234.78
nlv2b_wb_C6_LNG500_highbrent,2040,1657.29,7215.8,229.67
nlv2b_wb_C6_LNG500_highbrent,2045,1308.89,7365.5,177.71
nlv2b_wb_C6_LNG500_highbrent,2050,1173.69,7549.9,155.46
nlv2b_wb_C6_LNG500_highbrent_adv,2027,1547.36,6869.2,225.26
nlv2b_wb_C6_LNG500_highbrent_adv,2030,1602.0,6965.8,229.98
nlv2b_wb_C6_LNG500_highbrent_adv,2035,1576.44,7062.9,223.2
nlv2b_wb_C6_LNG500_highbrent_adv,2040,1565.11,7215.8,216.9
nlv2b_wb_C6_LNG500_highbrent_adv,2045,1156.39,7365.5,157.0
nlv2b_wb_C6_LNG500_highbrent_adv,2050,1001.14,7549.9,132.6
nlv2b_wb_C6_LNG500_highbrent_j120,2027,1556.46,6869.2,226.58
nlv2b_wb_C6_LNG500_highbrent_j120,2030,1652.44,6965.8,237.22
nlv2b_wb_C6_LNG500_highbrent_j120,2035,1696.6,7062.9,240.21
nlv2b_wb_C6_LNG500_highbrent_j120,2040,1695.76,7215.8,235.01
nlv2b_wb_C6_LNG500_highbrent_j120,2045,1308.37,7365.5,177.64
nlv2b_wb_C6_LNG500_highbrent_j120,2050,1174.31,7549.9,155.54
nlv2b_wb_C6_LNG500_highbrent_j120_adv,2027,1547.6,6869.2,225.3
nlv2b_wb_C6_LNG500_highbrent_j120_adv,2030,1643.22,6965.8,235.9
nlv2b_wb_C6_LNG500_highbrent_j120_adv,2035,1615.35,7062.9,228.71
nlv2b_wb_C6_LNG500_highbrent_j120_adv,2040,1603.77,7215.8,222.26
nlv2b_wb_C6_LNG500_highbrent_j120_adv,2045,1155.74,7365.5,156.91
nlv2b_wb_C6_LNG500_highbrent_j120_adv,2050,1000.44,7549.9,132.51
nlv2b_wb_C6_LNG500_lowbrent,2027,1228.33,6869.2,178.82
nlv2b_wb_C6_LNG500_lowbrent,2030,1170.05,6965.8,167.97
nlv2b_wb_C6_LNG500_lowbrent,2035,1140.8,7062.9,161.52
nlv2b_wb_C6_LNG500_lowbrent,2040,1319.46,7215.8,182.86
nlv2b_wb_C6_LNG500_lowbrent,2045,1287.55,7365.5,174.81
nlv2b_wb_C6_LNG500_lowbrent,2050,1151.11,7549.9,152.47
nlv2b_wb_C6_LNG500_lowbrent_adv,2027,1220.25,6869.2,177.64
nlv2b_wb_C6_LNG500_lowbrent_adv,2030,1147.94,6965.8,164.8
nlv2b_wb_C6_LNG500_lowbrent_adv,2035,1118.17,7062.9,158.32
nlv2b_wb_C6_LNG500_lowbrent_adv,2040,1254.35,7215.8,173.83
nlv2b_wb_C6_LNG500_lowbrent_adv,2045,1134.33,7365.5,154.01
nlv2b_wb_C6_LNG500_lowbrent_adv,2050,997.46,7549.9,132.12
nlv2b_wb_C6_LNG500_lowbrent_j120,2027,1228.41,6869.2,178.83
nlv2b_wb_C6_LNG500_lowbrent_j120,2030,1205.15,6965.8,173.01
nlv2b_wb_C6_LNG500_lowbrent_j120,2035,1175.16,7062.9,166.39
nlv2b_wb_C6_LNG500_lowbrent_j120,2040,1361.49,7215.8,188.68
nlv2b_wb_C6_LNG500_lowbrent_j120,2045,1291.1,7365.5,175.29
nlv2b_wb_C6_LNG500_lowbrent_j120,2050,1154.4,7549.9,152.9
nlv2b_wb_C6_LNG500_lowbrent_j120_adv,2027,1221.13,6869.2,177.77
nlv2b_wb_C6_LNG500_lowbrent_j120_adv,2030,1185.97,6965.8,170.26
nlv2b_wb_C6_LNG500_lowbrent_j120_adv,2035,1155.73,7062.9,163.63
nlv2b_wb_C6_LNG500_lowbrent_j120_adv,2040,1293.68,7215.8,179.28
nlv2b_wb_C6_LNG500_lowbrent_j120_adv,2045,1135.39,7365.5,154.15
nlv2b_wb_C6_LNG500_lowbrent_j120_adv,2050,995.55,7549.9,131.86
nlv2b_wb_C6_LNG500_refbrent,2027,1492.82,6869.2,217.32
nlv2b_wb_C6_LNG500_refbrent,2030,1446.36,6965.8,207.64
nlv2b_wb_C6_LNG500_refbrent,2035,1471.76,7062.9,208.38
nlv2b_wb_C6_LNG500_refbrent,2040,1525.14,7215.8,211.36
nlv2b_wb_C6_LNG500_refbrent,2045,1306.12,7365.5,177.33
nlv2b_wb_C6_LNG500_refbrent,2050,1172.94,7549.9,155.36
nlv2b_wb_C6_LNG500_refbrent_adv,2027,1486.47,6869.2,216.4
nlv2b_wb_C6_LNG500_refbrent_adv,2030,1437.16,6965.8,206.32
nlv2b_wb_C6_LNG500_refbrent_adv,2035,1465.62,7062.9,207.51
nlv2b_wb_C6_LNG500_refbrent_adv,2040,1429.35,7215.8,198.09
nlv2b_wb_C6_LNG500_refbrent_adv,2045,1131.97,7365.5,153.69
nlv2b_wb_C6_LNG500_refbrent_adv,2050,981.14,7549.9,129.95
nlv2b_wb_C6_LNG500_refbrent_j120,2027,1491.69,6869.2,217.16
nlv2b_wb_C6_LNG500_refbrent_j120,2030,1485.37,6965.8,213.24
nlv2b_wb_C6_LNG500_refbrent_j120,2035,1511.4,7062.9,213.99
nlv2b_wb_C6_LNG500_refbrent_j120,2040,1564.14,7215.8,216.77
nlv2b_wb_C6_LNG500_refbrent_j120,2045,1305.52,7365.5,177.25
nlv2b_wb_C6_LNG500_refbrent_j120,2050,1172.7,7549.9,155.33
nlv2b_wb_C6_LNG500_refbrent_j120_adv,2027,1485.67,6869.2,216.28
nlv2b_wb_C6_LNG500_refbrent_j120_adv,2030,1475.62,6965.8,211.84
nlv2b_wb_C6_LNG500_refbrent_j120_adv,2035,1503.86,7062.9,212.92
nlv2b_wb_C6_LNG500_refbrent_j120_adv,2040,1468.66,7215.8,203.53
nlv2b_wb_C6_LNG500_refbrent_j120_adv,2045,1132.28,7365.5,153.73
nlv2b_wb_C6_LNG500_refbrent_j120_adv,2050,981.87,7549.9,130.05
nlv2b_wr_C1_LSFO250_futbrent,2027,1394.31,6869.2,202.98
nlv2b_wr_C1_LSFO250_futbrent,2030,1438.74,6965.8,206.54
nlv2b_wr_C1_LSFO250_futbrent,2035,1437.89,7062.9,203.58
nlv2b_wr_C1_LSFO250_futbrent,2040,1429.86,7215.8,198.16
nlv2b_wr_C1_LSFO250_futbrent,2045,1428.19,7365.5,193.9
nlv2b_wr_C1_LSFO250_futbrent,2050,1289.14,7549.9,170.75
nlv2b_wr_C1_LSFO250_futbrent_adv,2027,1387.21,6869.2,201.95
nlv2b_wr_C1_LSFO250_futbrent_adv,2030,1434.68,6965.8,205.96
nlv2b_wr_C1_LSFO250_futbrent_adv,2035,1377.42,7062.9,195.02
nlv2b_wr_C1_LSFO250_futbrent_adv,2040,1346.03,7215.8,186.54
nlv2b_wr_C1_LSFO250_futbrent_adv,2045,1268.73,7365.5,172.25
nlv2b_wr_C1_LSFO250_futbrent_adv,2050,1112.28,7549.9,147.32
nlv2b_wr_C1_LSFO250_highbrent,2027,1555.44,6869.2,226.44
nlv2b_wr_C1_LSFO250_highbrent,2030,1696.93,6965.8,243.61
nlv2b_wr_C1_LSFO250_highbrent,2035,1646.35,7062.9,233.1
nlv2b_wr_C1_LSFO250_highbrent,2040,1661.1,7215.8,230.2
nlv2b_wr_C1_LSFO250_highbrent,2045,1470.9,7365.5,199.7
nlv2b_wr_C1_LSFO250_highbrent,2050,1335.34,7549.9,176.87
nlv2b_wr_C1_LSFO250_highbrent_adv,2027,1545.08,6869.2,224.93
nlv2b_wr_C1_LSFO250_highbrent_adv,2030,1617.06,6965.8,232.14
nlv2b_wr_C1_LSFO250_highbrent_adv,2035,1568.71,7062.9,222.11
nlv2b_wr_C1_LSFO250_highbrent_adv,2040,1552.33,7215.8,215.13
nlv2b_wr_C1_LSFO250_highbrent_adv,2045,1339.96,7365.5,181.92
nlv2b_wr_C1_LSFO250_highbrent_adv,2050,1187.01,7549.9,157.22
nlv2b_wr_C1_LSFO250_lowbrent,2027,1228.06,6869.2,178.78
nlv2b_wr_C1_LSFO250_lowbrent,2030,1181.09,6965.8,169.56
nlv2b_wr_C1_LSFO250_lowbrent,2035,1146.74,7062.9,162.36
nlv2b_wr_C1_LSFO250_lowbrent,2040,1294.59,7215.8,179.41
nlv2b_wr_C1_LSFO250_lowbrent,2045,1433.14,7365.5,194.58
nlv2b_wr_C1_LSFO250_lowbrent,2050,1291.56,7549.9,171.07
nlv2b_wr_C1_LSFO250_lowbrent_adv,2027,1221.55,6869.2,177.83
nlv2b_wr_C1_LSFO250_lowbrent_adv,2030,1165.99,6965.8,167.39
nlv2b_wr_C1_LSFO250_lowbrent_adv,2035,1116.46,7062.9,158.07
nlv2b_wr_C1_LSFO250_lowbrent_adv,2040,1222.16,7215.8,169.37
nlv2b_wr_C1_LSFO250_lowbrent_adv,2045,1284.26,7365.5,174.36
nlv2b_wr_C1_LSFO250_lowbrent_adv,2050,1133.73,7549.9,150.16
nlv2b_wr_C1_LSFO250_refbrent,2027,1474.88,6869.2,214.71
nlv2b_wr_C1_LSFO250_refbrent,2030,1552.62,6965.8,222.89
nlv2b_wr_C1_LSFO250_refbrent,2035,1538.52,7062.9,217.83
nlv2b_wr_C1_LSFO250_refbrent,2040,1541.65,7215.8,213.65
nlv2b_wr_C1_LSFO250_refbrent,2045,1444.93,7365.5,196.18
nlv2b_wr_C1_LSFO250_refbrent,2050,1309.72,7549.9,173.47
nlv2b_wr_C1_LSFO250_refbrent_adv,2027,1477.8,6869.2,215.13
nlv2b_wr_C1_LSFO250_refbrent_adv,2030,1532.14,6965.8,219.95
nlv2b_wr_C1_LSFO250_refbrent_adv,2035,1457.58,7062.9,206.37
nlv2b_wr_C1_LSFO250_refbrent_adv,2040,1449.54,7215.8,200.88
nlv2b_wr_C1_LSFO250_refbrent_adv,2045,1295.32,7365.5,175.86
nlv2b_wr_C1_LSFO250_refbrent_adv,2050,1138.82,7549.9,150.84
nlv2b_wr_C4_NOTHERMAL_futbrent,2027,1394.64,6869.2,203.03
nlv2b_wr_C4_NOTHERMAL_futbrent,2030,1427.08,6965.8,204.87
nlv2b_wr_C4_NOTHERMAL_futbrent,2035,1407.86,7062.9,199.33
nlv2b_wr_C4_NOTHERMAL_futbrent,2040,1392.35,7215.8,192.96
nlv2b_wr_C4_NOTHERMAL_futbrent,2045,1375.3,7365.5,186.72
nlv2b_wr_C4_NOTHERMAL_futbrent,2050,1239.3,7549.9,164.15
nlv2b_wr_C4_NOTHERMAL_futbrent_adv,2027,1387.24,6869.2,201.95
nlv2b_wr_C4_NOTHERMAL_futbrent_adv,2030,1421.18,6965.8,204.02
nlv2b_wr_C4_NOTHERMAL_futbrent_adv,2035,1332.37,7062.9,188.64
nlv2b_wr_C4_NOTHERMAL_futbrent_adv,2040,1310.81,7215.8,181.66
nlv2b_wr_C4_NOTHERMAL_futbrent_adv,2045,1218.9,7365.5,165.49
nlv2b_wr_C4_NOTHERMAL_futbrent_adv,2050,1063.75,7549.9,140.9
nlv2b_wr_C4_NOTHERMAL_highbrent,2027,1556.34,6869.2,226.57
nlv2b_wr_C4_NOTHERMAL_highbrent,2030,1627.68,6965.8,233.67
nlv2b_wr_C4_NOTHERMAL_highbrent,2035,1618.6,7062.9,229.17
nlv2b_wr_C4_NOTHERMAL_highbrent,2040,1630.12,7215.8,225.91
nlv2b_wr_C4_NOTHERMAL_highbrent,2045,1449.09,7365.5,196.74
nlv2b_wr_C4_NOTHERMAL_highbrent,2050,1312.69,7549.9,173.87
nlv2b_wr_C4_NOTHERMAL_highbrent_adv,2027,1548.07,6869.2,225.36
nlv2b_wr_C4_NOTHERMAL_highbrent_adv,2030,1551.29,6965.8,222.7
nlv2b_wr_C4_NOTHERMAL_highbrent_adv,2035,1530.46,7062.9,216.69
nlv2b_wr_C4_NOTHERMAL_highbrent_adv,2040,1514.23,7215.8,209.85
nlv2b_wr_C4_NOTHERMAL_highbrent_adv,2045,1299.27,7365.5,176.4
nlv2b_wr_C4_NOTHERMAL_highbrent_adv,2050,1148.61,7549.9,152.14
nlv2b_wr_C4_NOTHERMAL_lowbrent,2027,1228.15,6869.2,178.79
nlv2b_wr_C4_NOTHERMAL_lowbrent,2030,1141.56,6965.8,163.88
nlv2b_wr_C4_NOTHERMAL_lowbrent,2035,1103.24,7062.9,156.2
nlv2b_wr_C4_NOTHERMAL_lowbrent,2040,1240.49,7215.8,171.91
nlv2b_wr_C4_NOTHERMAL_lowbrent,2045,1382.52,7365.5,187.7
nlv2b_wr_C4_NOTHERMAL_lowbrent,2050,1243.32,7549.9,164.68
nlv2b_wr_C4_NOTHERMAL_lowbrent_adv,2027,1221.1,6869.2,177.76
nlv2b_wr_C4_NOTHERMAL_lowbrent_adv,2030,1129.14,6965.8,162.1
nlv2b_wr_C4_NOTHERMAL_lowbrent_adv,2035,1074.14,7062.9,152.08
nlv2b_wr_C4_NOTHERMAL_lowbrent_adv,2040,1166.64,7215.8,161.68
nlv2b_wr_C4_NOTHERMAL_lowbrent_adv,2045,1232.45,7365.5,167.33
nlv2b_wr_C4_NOTHERMAL_lowbrent_adv,2050,1086.29,7549.9,143.88
nlv2b_wr_C4_NOTHERMAL_refbrent,2027,1477.51,6869.2,215.09
nlv2b_wr_C4_NOTHERMAL_refbrent,2030,1558.21,6965.8,223.7
nlv2b_wr_C4_NOTHERMAL_refbrent,2035,1498.89,7062.9,212.22
nlv2b_wr_C4_NOTHERMAL_refbrent,2040,1508.36,7215.8,209.04
nlv2b_wr_C4_NOTHERMAL_refbrent,2045,1392.51,7365.5,189.06
nlv2b_wr_C4_NOTHERMAL_refbrent,2050,1258.68,7549.9,166.71
nlv2b_wr_C4_NOTHERMAL_refbrent_adv,2027,1475.8,6869.2,214.84
nlv2b_wr_C4_NOTHERMAL_refbrent_adv,2030,1514.89,6965.8,217.48
nlv2b_wr_C4_NOTHERMAL_refbrent_adv,2035,1414.41,7062.9,200.26
nlv2b_wr_C4_NOTHERMAL_refbrent_adv,2040,1402.68,7215.8,194.39
nlv2b_wr_C4_NOTHERMAL_refbrent_adv,2045,1253.21,7365.5,170.15
nlv2b_wr_C4_NOTHERMAL_refbrent_adv,2050,1099.9,7549.9,145.68
nlv2b_wr_C5_LNG375_refbrent,2027,1492.9,6869.2,217.33
nlv2b_wr_C5_LNG375_refbrent,2030,1525.14,6965.8,218.95
nlv2b_wr_C5_LNG375_refbrent,2035,1534.44,7062.9,217.26
nlv2b_wr_C5_LNG375_refbrent,2040,1577.57,7215.8,218.63
nlv2b_wr_C5_LNG375_refbrent,2045,1397.71,7365.5,189.77
nlv2b_wr_C5_LNG375_refbrent,2050,1262.49,7549.9,167.22
nlv2b_wr_C5_LNG375_refbrent_adv,2027,1485.22,6869.2,216.21
nlv2b_wr_C5_LNG375_refbrent_adv,2030,1517.34,6965.8,217.83
nlv2b_wr_C5_LNG375_refbrent_adv,2035,1516.97,7062.9,214.78
nlv2b_wr_C5_LNG375_refbrent_adv,2040,1485.42,7215.8,205.86
nlv2b_wr_C5_LNG375_refbrent_adv,2045,1226.88,7365.5,166.57
nlv2b_wr_C5_LNG375_refbrent_adv,2050,1073.61,7549.9,142.2
nlv2b_wr_C5_LNG375_refbrent_j120,2027,1491.46,6869.2,217.12
nlv2b_wr_C5_LNG375_refbrent_j120,2030,1556.19,6965.8,223.41
nlv2b_wr_C5_LNG375_refbrent_j120,2035,1564.4,7062.9,221.5
nlv2b_wr_C5_LNG375_refbrent_j120,2040,1609.81,7215.8,223.1
nlv2b_wr_C5_LNG375_refbrent_j120,2045,1398.26,7365.5,189.84
nlv2b_wr_C5_LNG375_refbrent_j120,2050,1262.76,7549.9,167.26
nlv2b_wr_C5_LNG375_refbrent_j120_adv,2027,1483.34,6869.2,215.94
nlv2b_wr_C5_LNG375_refbrent_j120_adv,2030,1548.84,6965.8,222.35
nlv2b_wr_C5_LNG375_refbrent_j120_adv,2035,1550.24,7062.9,219.49
nlv2b_wr_C5_LNG375_refbrent_j120_adv,2040,1516.33,7215.8,210.14
nlv2b_wr_C5_LNG375_refbrent_j120_adv,2045,1227.29,7365.5,166.63
nlv2b_wr_C5_LNG375_refbrent_j120_adv,2050,1073.99,7549.9,142.25
nlv2b_wr_C6_LNG500_futbrent,2027,1410.5,6869.2,205.34
nlv2b_wr_C6_LNG500_futbrent,2030,1413.06,6965.8,202.86
nlv2b_wr_C6_LNG500_futbrent,2035,1404.51,7062.9,198.86
nlv2b_wr_C6_LNG500_futbrent,2040,1525.75,7215.8,211.45
nlv2b_wr_C6_LNG500_futbrent,2045,1396.85,7365.5,189.65
nlv2b_wr_C6_LNG500_futbrent,2050,1258.36,7549.9,166.67
nlv2b_wr_C6_LNG500_futbrent_j120,2027,1409.93,6869.2,205.25
nlv2b_wr_C6_LNG500_futbrent_j120,2030,1451.73,6965.8,208.41
nlv2b_wr_C6_LNG500_futbrent_j120,2035,1444.31,7062.9,204.49
nlv2b_wr_C6_LNG500_futbrent_j120,2040,1564.31,7215.8,216.79
nlv2b_wr_C6_LNG500_futbrent_j120,2045,1397.19,7365.5,189.69
nlv2b_wr_C6_LNG500_futbrent_j120,2050,1257.61,7549.9,166.57
nlv2b_wr_C6_LNG500_highbrent,2027,1559.13,6869.2,226.97
nlv2b_wr_C6_LNG500_highbrent,2030,1703.31,6965.8,244.53
nlv2b_wr_C6_LNG500_highbrent,2035,1753.1,7062.9,248.21
nlv2b_wr_C6_LNG500_highbrent,2040,1751.79,7215.8,242.77
nlv2b_wr_C6_LNG500_highbrent,2045,1402.49,7365.5,190.41
nlv2b_wr_C6_LNG500_highbrent,2050,1266.18,7549.9,167.71
nlv2b_wr_C6_LNG500_highbrent_j120,2027,1558.17,6869.2,226.83
nlv2b_wr_C6_LNG500_highbrent_j120,2030,1743.78,6965.8,250.34
nlv2b_wr_C6_LNG500_highbrent_j120,2035,1792.17,7062.9,253.75
nlv2b_wr_C6_LNG500_highbrent_j120,2040,1789.91,7215.8,248.05
nlv2b_wr_C6_LNG500_highbrent_j120,2045,1402.4,7365.5,190.4
nlv2b_wr_C6_LNG500_highbrent_j120,2050,1266.68,7549.9,167.77
nlv2b_wr_C6_LNG500_lowbrent,2027,1227.89,6869.2,178.75
nlv2b_wr_C6_LNG500_lowbrent,2030,1254.98,6965.8,180.16
nlv2b_wr_C6_LNG500_lowbrent,2035,1223.78,7062.9,173.27
nlv2b_wr_C6_LNG500_lowbrent,2040,1424.62,7215.8,197.43
nlv2b_wr_C6_LNG500_lowbrent,2045,1389.44,7365.5,188.64
nlv2b_wr_C6_LNG500_lowbrent,2050,1249.55,7549.9,165.51
nlv2b_wr_C6_LNG500_lowbrent_j120,2027,1230.14,6869.2,179.08
nlv2b_wr_C6_LNG500_lowbrent_j120,2030,1299.71,6965.8,186.58
nlv2b_wr_C6_LNG500_lowbrent_j120,2035,1268.98,7062.9,179.67
nlv2b_wr_C6_LNG500_lowbrent_j120,2040,1457.02,7215.8,201.92
nlv2b_wr_C6_LNG500_lowbrent_j120,2045,1382.93,7365.5,187.76
nlv2b_wr_C6_LNG500_lowbrent_j120,2050,1243.2,7549.9,164.66
nlv2b_wr_C6_LNG500_refbrent,2027,1498.01,6869.2,218.08
nlv2b_wr_C6_LNG500_refbrent,2030,1535.21,6965.8,220.39
nlv2b_wr_C6_LNG500_refbrent,2035,1552.63,7062.9,219.83
nlv2b_wr_C6_LNG500_refbrent,2040,1623.75,7215.8,225.03
nlv2b_wr_C6_LNG500_refbrent,2045,1403.6,7365.5,190.56
nlv2b_wr_C6_LNG500_refbrent,2050,1268.47,7549.9,168.01
nlv2b_wr_C6_LNG500_refbrent_adv,2027,1491.22,6869.2,217.09
nlv2b_wr_C6_LNG500_refbrent_adv,2030,1527.85,6965.8,219.34
nlv2b_wr_C6_LNG500_refbrent_adv,2035,1557.36,7062.9,220.5
nlv2b_wr_C6_LNG500_refbrent_adv,2040,1523.49,7215.8,211.13
nlv2b_wr_C6_LNG500_refbrent_adv,2045,1225.89,7365.5,166.44
nlv2b_wr_C6_LNG500_refbrent_adv,2050,1073.21,7549.9,142.15
nlv2b_wr_C6_LNG500_refbrent_j120,2027,1496.17,6869.2,217.81
nlv2b_wr_C6_LNG500_refbrent_j120,2030,1573.82,6965.8,225.94
nlv2b_wr_C6_LNG500_refbrent_j120,2035,1592.98,7062.9,225.54
nlv2b_wr_C6_LNG500_refbrent_j120,2040,1662.48,7215.8,230.39
nlv2b_wr_C6_LNG500_refbrent_j120,2045,1403.39,7365.5,190.54
nlv2b_wr_C6_LNG500_refbrent_j120,2050,1268.51,7549.9,168.02
nlv2b_wr_C6_LNG500_refbrent_j120_adv,2027,1487.09,6869.2,216.49
nlv2b_wr_C6_LNG500_refbrent_j120_adv,2030,1567.09,6965.8,224.97
nlv2b_wr_C6_LNG500_refbrent_j120_adv,2035,1598.24,7062.9,226.29
nlv2b_wr_C6_LNG500_refbrent_j120_adv,2040,1563.7,7215.8,216.7
nlv2b_wr_C6_LNG500_refbrent_j120_adv,2045,1226.6,7365.5,166.53
nlv2b_wr_C6_LNG500_refbrent_j120_adv,2050,1073.14,7549.9,142.14
nlv2s_C1_LSFO250_futbrent,2027,1392.71,6844.8,203.47
nlv2s_C1_LSFO250_futbrent,2030,1343.82,6831.6,196.71
nlv2s_C1_LSFO250_futbrent,2035,1331.13,6757.9,196.97
nlv2s_C1_LSFO250_futbrent,2040,1311.05,6764.5,193.81
nlv2s_C1_LSFO250_futbrent,2045,1287.61,6786.1,189.74
nlv2s_C1_LSFO250_futbrent,2050,1140.78,6866.8,166.13
nlv2s_C1_LSFO250_futbrent_adv,2027,1384.39,6844.8,202.25
nlv2s_C1_LSFO250_futbrent_adv,2030,1335.8,6831.6,195.53
nlv2s_C1_LSFO250_futbrent_adv,2035,1269.24,6757.9,187.82
nlv2s_C1_LSFO250_futbrent_adv,2040,1231.15,6764.5,182.0
nlv2s_C1_LSFO250_futbrent_adv,2045,1138.01,6786.1,167.7
nlv2s_C1_LSFO250_futbrent_adv,2050,974.65,6866.8,141.94
nlv2s_C1_LSFO250_highbrent,2027,1553.5,6844.8,226.96
nlv2s_C1_LSFO250_highbrent,2030,1583.0,6831.6,231.72
nlv2s_C1_LSFO250_highbrent,2035,1533.1,6757.9,226.86
nlv2s_C1_LSFO250_highbrent,2040,1536.35,6764.5,227.12
nlv2s_C1_LSFO250_highbrent,2045,1334.9,6786.1,196.71
nlv2s_C1_LSFO250_highbrent,2050,1190.41,6866.8,173.36
nlv2s_C1_LSFO250_highbrent_adv,2027,1542.09,6844.8,225.29
nlv2s_C1_LSFO250_highbrent_adv,2030,1514.89,6831.6,221.75
nlv2s_C1_LSFO250_highbrent_adv,2035,1453.65,6757.9,215.1
nlv2s_C1_LSFO250_highbrent_adv,2040,1429.88,6764.5,211.38
nlv2s_C1_LSFO250_highbrent_adv,2045,1204.34,6786.1,177.47
nlv2s_C1_LSFO250_highbrent_adv,2050,1044.78,6866.8,152.15
nlv2s_C1_LSFO250_lowbrent,2027,1226.28,6844.8,179.15
nlv2s_C1_LSFO250_lowbrent,2030,1091.31,6831.6,159.74
nlv2s_C1_LSFO250_lowbrent,2035,1042.21,6757.9,154.22
nlv2s_C1_LSFO250_lowbrent,2040,1187.27,6764.5,175.52
nlv2s_C1_LSFO250_lowbrent,2045,1294.14,6786.1,190.7
nlv2s_C1_LSFO250_lowbrent,2050,1146.8,6866.8,167.01
nlv2s_C1_LSFO250_lowbrent_adv,2027,1218.88,6844.8,178.07
nlv2s_C1_LSFO250_lowbrent_adv,2030,1074.58,6831.6,157.3
nlv2s_C1_LSFO250_lowbrent_adv,2035,1021.71,6757.9,151.19
nlv2s_C1_LSFO250_lowbrent_adv,2040,1113.32,6764.5,164.58
nlv2s_C1_LSFO250_lowbrent_adv,2045,1149.89,6786.1,169.45
nlv2s_C1_LSFO250_lowbrent_adv,2050,994.76,6866.8,144.87
nlv2s_C1_LSFO250_refbrent,2027,1472.03,6844.8,215.06
nlv2s_C1_LSFO250_refbrent,2030,1461.64,6831.6,213.95
nlv2s_C1_LSFO250_refbrent,2035,1424.39,6757.9,210.77
nlv2s_C1_LSFO250_refbrent,2040,1417.58,6764.5,209.56
nlv2s_C1_LSFO250_refbrent,2045,1304.57,6786.1,192.24
nlv2s_C1_LSFO250_refbrent,2050,1161.14,6866.8,169.09
nlv2s_C1_LSFO250_refbrent_adv,2027,1472.96,6844.8,215.19
nlv2s_C1_LSFO250_refbrent_adv,2030,1424.84,6831.6,208.57
nlv2s_C1_LSFO250_refbrent_adv,2035,1349.92,6757.9,199.75
nlv2s_C1_LSFO250_refbrent_adv,2040,1333.6,6764.5,197.15
nlv2s_C1_LSFO250_refbrent_adv,2045,1167.5,6786.1,172.04
nlv2s_C1_LSFO250_refbrent_adv,2050,1006.65,6866.8,146.6
nlv2s_C2_LSFO375_futbrent,2027,1393.58,6844.8,203.6
nlv2s_C2_LSFO375_futbrent,2030,1355.49,6831.6,198.42
nlv2s_C2_LSFO375_futbrent,2035,1350.58,6757.9,199.85
nlv2s_C2_LSFO375_futbrent,2040,1342.61,6764.5,198.48
nlv2s_C2_LSFO375_futbrent,2045,1322.02,6786.1,194.81
nlv2s_C2_LSFO375_futbrent,2050,1174.07,6866.8,170.98
nlv2s_C2_LSFO375_futbrent_adv,2027,1389.23,6844.8,202.96
nlv2s_C2_LSFO375_futbrent_adv,2030,1349.63,6831.6,197.56
nlv2s_C2_LSFO375_futbrent_adv,2035,1299.09,6757.9,192.23
nlv2s_C2_LSFO375_futbrent_adv,2040,1258.83,6764.5,186.09
nlv2s_C2_LSFO375_futbrent_adv,2045,1165.64,6786.1,171.77
nlv2s_C2_LSFO375_futbrent_adv,2050,1001.83,6866.8,145.89
nlv2s_C2_LSFO375_highbrent,2027,1552.05,6844.8,226.75
nlv2s_C2_LSFO375_highbrent,2030,1604.91,6831.6,234.92
nlv2s_C2_LSFO375_highbrent,2035,1560.12,6757.9,230.86
nlv2s_C2_LSFO375_highbrent,2040,1562.51,6764.5,230.99
nlv2s_C2_LSFO375_highbrent,2045,1361.64,6786.1,200.65
nlv2s_C2_LSFO375_highbrent,2050,1217.02,6866.8,177.23
nlv2s_C2_LSFO375_highbrent_adv,2027,1541.68,6844.8,225.23
nlv2s_C2_LSFO375_highbrent_adv,2030,1568.95,6831.6,229.66
nlv2s_C2_LSFO375_highbrent_adv,2035,1474.11,6757.9,218.13
nlv2s_C2_LSFO375_highbrent_adv,2040,1449.16,6764.5,214.23
nlv2s_C2_LSFO375_highbrent_adv,2045,1223.97,6786.1,180.37
nlv2s_C2_LSFO375_highbrent_adv,2050,1062.11,6866.8,154.67
nlv2s_C2_LSFO375_lowbrent,2027,1226.21,6844.8,179.14
nlv2s_C2_LSFO375_lowbrent,2030,1108.62,6831.6,162.28
nlv2s_C2_LSFO375_lowbrent,2035,1070.83,6757.9,158.46
nlv2s_C2_LSFO375_lowbrent,2040,1218.22,6764.5,180.09
nlv2s_C2_LSFO375_lowbrent,2045,1325.91,6786.1,195.39
nlv2s_C2_LSFO375_lowbrent,2050,1177.33,6866.8,171.45
nlv2s_C2_LSFO375_lowbrent_adv,2027,1218.19,6844.8,177.97
nlv2s_C2_LSFO375_lowbrent_adv,2030,1093.0,6831.6,159.99
nlv2s_C2_LSFO375_lowbrent_adv,2035,1039.62,6757.9,153.84
nlv2s_C2_LSFO375_lowbrent_adv,2040,1146.17,6764.5,169.44
nlv2s_C2_LSFO375_lowbrent_adv,2045,1183.02,6786.1,174.33
nlv2s_C2_LSFO375_lowbrent_adv,2050,1026.86,6866.8,149.54
nlv2s_C2_LSFO375_refbrent,2027,1475.44,6844.8,215.56
nlv2s_C2_LSFO375_refbrent,2030,1466.04,6831.6,214.6
nlv2s_C2_LSFO375_refbrent,2035,1453.3,6757.9,215.05
nlv2s_C2_LSFO375_refbrent,2040,1445.43,6764.5,213.68
nlv2s_C2_LSFO375_refbrent,2045,1333.52,6786.1,196.51
nlv2s_C2_LSFO375_refbrent,2050,1189.66,6866.8,173.25
nlv2s_C2_LSFO375_refbrent_adv,2027,1473.41,6844.8,215.26
nlv2s_C2_LSFO375_refbrent_adv,2030,1453.1,6831.6,212.7
nlv2s_C2_LSFO375_refbrent_adv,2035,1373.81,6757.9,203.29
nlv2s_C2_LSFO375_refbrent_adv,2040,1355.67,6764.5,200.41
nlv2s_C2_LSFO375_refbrent_adv,2045,1189.4,6786.1,175.27
nlv2s_C2_LSFO375_refbrent_adv,2050,1027.27,6866.8,149.6
nlv2s_C3_LSFO500_futbrent,2027,1408.55,6844.8,205.78
nlv2s_C3_LSFO500_futbrent,2030,1376.77,6831.6,201.53
nlv2s_C3_LSFO500_futbrent,2035,1361.57,6757.9,201.48
nlv2s_C3_LSFO500_futbrent,2040,1376.37,6764.5,203.47
nlv2s_C3_LSFO500_futbrent,2045,1355.56,6786.1,199.76
nlv2s_C3_LSFO500_futbrent,2050,1207.17,6866.8,175.8
nlv2s_C3_LSFO500_futbrent_adv,2027,1391.49,6844.8,203.29
nlv2s_C3_LSFO500_futbrent_adv,2030,1369.27,6831.6,200.43
nlv2s_C3_LSFO500_futbrent_adv,2035,1330.48,6757.9,196.88
nlv2s_C3_LSFO500_futbrent_adv,2040,1289.84,6764.5,190.68
nlv2s_C3_LSFO500_futbrent_adv,2045,1196.81,6786.1,176.36
nlv2s_C3_LSFO500_futbrent_adv,2050,1033.66,6866.8,150.53
nlv2s_C3_LSFO500_highbrent,2027,1552.16,6844.8,226.76
nlv2s_C3_LSFO500_highbrent,2030,1653.74,6831.6,242.07
nlv2s_C3_LSFO500_highbrent,2035,1582.23,6757.9,234.13
nlv2s_C3_LSFO500_highbrent,2040,1584.75,6764.5,234.28
nlv2s_C3_LSFO500_highbrent,2045,1380.67,6786.1,203.46
nlv2s_C3_LSFO500_highbrent,2050,1236.31,6866.8,180.04
nlv2s_C3_LSFO500_highbrent_adv,2027,1541.82,6844.8,225.25
nlv2s_C3_LSFO500_highbrent_adv,2030,1612.39,6831.6,236.02
nlv2s_C3_LSFO500_highbrent_adv,2035,1499.29,6757.9,221.86
nlv2s_C3_LSFO500_highbrent_adv,2040,1474.21,6764.5,217.93
nlv2s_C3_LSFO500_highbrent_adv,2045,1248.31,6786.1,183.95
nlv2s_C3_LSFO500_highbrent_adv,2050,1085.58,6866.8,158.09
nlv2s_C3_LSFO500_lowbrent,2027,1225.86,6844.8,179.09
nlv2s_C3_LSFO500_lowbrent,2030,1136.55,6831.6,166.37
nlv2s_C3_LSFO500_lowbrent,2035,1098.66,6757.9,162.57
nlv2s_C3_LSFO500_lowbrent,2040,1250.4,6764.5,184.85
nlv2s_C3_LSFO500_lowbrent,2045,1356.19,6786.1,199.85
nlv2s_C3_LSFO500_lowbrent,2050,1207.27,6866.8,175.81
nlv2s_C3_LSFO500_lowbrent_adv,2027,1218.41,6844.8,178.0
nlv2s_C3_LSFO500_lowbrent_adv,2030,1113.37,6831.6,162.97
nlv2s_C3_LSFO500_lowbrent_adv,2035,1059.98,6757.9,156.85
nlv2s_C3_LSFO500_lowbrent_adv,2040,1181.76,6764.5,174.7
nlv2s_C3_LSFO500_lowbrent_adv,2045,1221.18,6786.1,179.95
nlv2s_C3_LSFO500_lowbrent_adv,2050,1064.68,6866.8,155.05
nlv2s_C3_LSFO500_refbrent,2027,1471.98,6844.8,215.05
nlv2s_C3_LSFO500_refbrent,2030,1484.25,6831.6,217.26
nlv2s_C3_LSFO500_refbrent,2035,1485.42,6757.9,219.8
nlv2s_C3_LSFO500_refbrent,2040,1477.28,6764.5,218.39
nlv2s_C3_LSFO500_refbrent,2045,1365.03,6786.1,201.15
nlv2s_C3_LSFO500_refbrent,2050,1221.11,6866.8,177.83
nlv2s_C3_LSFO500_refbrent_adv,2027,1472.57,6844.8,215.14
nlv2s_C3_LSFO500_refbrent_adv,2030,1471.51,6831.6,215.4
nlv2s_C3_LSFO500_refbrent_adv,2035,1405.03,6757.9,207.91
nlv2s_C3_LSFO500_refbrent_adv,2040,1386.62,6764.5,204.99
nlv2s_C3_LSFO500_refbrent_adv,2045,1219.74,6786.1,179.74
nlv2s_C3_LSFO500_refbrent_adv,2050,1057.47,6866.8,154.0
nlv2s_C4_NOTHERMAL_futbrent,2027,1391.25,6844.8,203.26
nlv2s_C4_NOTHERMAL_futbrent,2030,1339.77,6831.6,196.11
nlv2s_C4_NOTHERMAL_futbrent,2035,1299.04,6757.9,192.23
nlv2s_C4_NOTHERMAL_futbrent,2040,1278.33,6764.5,188.98
nlv2s_C4_NOTHERMAL_futbrent,2045,1235.14,6786.1,182.01
nlv2s_C4_NOTHERMAL_futbrent,2050,1094.36,6866.8,159.37
nlv2s_C4_NOTHERMAL_futbrent_adv,2027,1385.66,6844.8,202.44
nlv2s_C4_NOTHERMAL_futbrent_adv,2030,1336.12,6831.6,195.58
nlv2s_C4_NOTHERMAL_futbrent_adv,2035,1223.1,6757.9,180.99
nlv2s_C4_NOTHERMAL_futbrent_adv,2040,1192.02,6764.5,176.22
nlv2s_C4_NOTHERMAL_futbrent_adv,2045,1085.34,6786.1,159.94
nlv2s_C4_NOTHERMAL_futbrent_adv,2050,926.75,6866.8,134.96
nlv2s_C4_NOTHERMAL_highbrent,2027,1551.03,6844.8,226.6
nlv2s_C4_NOTHERMAL_highbrent,2030,1523.52,6831.6,223.01
nlv2s_C4_NOTHERMAL_highbrent,2035,1501.62,6757.9,222.2
nlv2s_C4_NOTHERMAL_highbrent,2040,1501.04,6764.5,221.9
nlv2s_C4_NOTHERMAL_highbrent,2045,1308.82,6786.1,192.87
nlv2s_C4_NOTHERMAL_highbrent,2050,1165.61,6866.8,169.75
nlv2s_C4_NOTHERMAL_highbrent_adv,2027,1541.53,6844.8,225.21
nlv2s_C4_NOTHERMAL_highbrent_adv,2030,1449.63,6831.6,212.2
nlv2s_C4_NOTHERMAL_highbrent_adv,2035,1413.8,6757.9,209.21
nlv2s_C4_NOTHERMAL_highbrent_adv,2040,1392.41,6764.5,205.84
nlv2s_C4_NOTHERMAL_highbrent_adv,2045,1165.82,6786.1,171.8
nlv2s_C4_NOTHERMAL_highbrent_adv,2050,1009.95,6866.8,147.08
nlv2s_C4_NOTHERMAL_lowbrent,2027,1226.23,6844.8,179.15
nlv2s_C4_NOTHERMAL_lowbrent,2030,1057.23,6831.6,154.76
nlv2s_C4_NOTHERMAL_lowbrent,2035,1007.07,6757.9,149.02
nlv2s_C4_NOTHERMAL_lowbrent,2040,1136.31,6764.5,167.98
nlv2s_C4_NOTHERMAL_lowbrent,2045,1244.75,6786.1,183.43
nlv2s_C4_NOTHERMAL_lowbrent,2050,1100.86,6866.8,160.32
nlv2s_C4_NOTHERMAL_lowbrent_adv,2027,1219.61,6844.8,178.18
nlv2s_C4_NOTHERMAL_lowbrent_adv,2030,1045.99,6831.6,153.11
nlv2s_C4_NOTHERMAL_lowbrent_adv,2035,991.42,6757.9,146.71
nlv2s_C4_NOTHERMAL_lowbrent_adv,2040,1057.29,6764.5,156.3
nlv2s_C4_NOTHERMAL_lowbrent_adv,2045,1093.27,6786.1,161.1
nlv2s_C4_NOTHERMAL_lowbrent_adv,2050,946.13,6866.8,137.78
nlv2s_C4_NOTHERMAL_refbrent,2027,1474.78,6844.8,215.46
nlv2s_C4_NOTHERMAL_refbrent,2030,1471.46,6831.6,215.39
nlv2s_C4_NOTHERMAL_refbrent,2035,1383.22,6757.9,204.68
nlv2s_C4_NOTHERMAL_refbrent,2040,1386.48,6764.5,204.97
nlv2s_C4_NOTHERMAL_refbrent,2045,1253.88,6786.1,184.77
nlv2s_C4_NOTHERMAL_refbrent,2050,1114.16,6866.8,162.25
nlv2s_C4_NOTHERMAL_refbrent_adv,2027,1472.62,6844.8,215.14
nlv2s_C4_NOTHERMAL_refbrent_adv,2030,1385.79,6831.6,202.85
nlv2s_C4_NOTHERMAL_refbrent_adv,2035,1315.19,6757.9,194.62
nlv2s_C4_NOTHERMAL_refbrent_adv,2040,1295.73,6764.5,191.55
nlv2s_C4_NOTHERMAL_refbrent_adv,2045,1133.93,6786.1,167.1
nlv2s_C4_NOTHERMAL_refbrent_adv,2050,978.87,6866.8,142.55
nlv2s_C5_LNG375_futbrent,2027,1414.95,6844.8,206.72
nlv2s_C5_LNG375_futbrent,2030,1308.72,6831.6,191.57
nlv2s_C5_LNG375_futbrent,2035,1292.31,6757.9,191.23
nlv2s_C5_LNG375_futbrent,2040,1365.56,6764.5,201.87
nlv2s_C5_LNG375_futbrent,2045,1248.49,6786.1,183.98
nlv2s_C5_LNG375_futbrent,2050,1104.22,6866.8,160.81
nlv2s_C5_LNG375_futbrent_adv,2027,1407.17,6844.8,205.58
nlv2s_C5_LNG375_futbrent_adv,2030,1301.25,6831.6,190.48
nlv2s_C5_LNG375_futbrent_adv,2035,1268.38,6757.9,187.69
nlv2s_C5_LNG375_futbrent_adv,2040,1288.98,6764.5,190.55
nlv2s_C5_LNG375_futbrent_adv,2045,1091.23,6786.1,160.8
nlv2s_C5_LNG375_futbrent_adv,2050,936.65,6866.8,136.4
nlv2s_C5_LNG375_futbrent_j120,2027,1414.75,6844.8,206.69
nlv2s_C5_LNG375_futbrent_j120,2030,1339.64,6831.6,196.09
nlv2s_C5_LNG375_futbrent_j120,2035,1322.82,6757.9,195.74
nlv2s_C5_LNG375_futbrent_j120,2040,1397.89,6764.5,206.65
nlv2s_C5_LNG375_futbrent_j120,2045,1248.56,6786.1,183.99
nlv2s_C5_LNG375_futbrent_j120,2050,1104.45,6866.8,160.84
nlv2s_C5_LNG375_futbrent_j120_adv,2027,1407.5,6844.8,205.63
nlv2s_C5_LNG375_futbrent_j120_adv,2030,1332.66,6831.6,195.07
nlv2s_C5_LNG375_futbrent_j120_adv,2035,1300.27,6757.9,192.41
nlv2s_C5_LNG375_futbrent_j120_adv,2040,1318.69,6764.5,194.94
nlv2s_C5_LNG375_futbrent_j120_adv,2045,1091.99,6786.1,160.92
nlv2s_C5_LNG375_futbrent_j120_adv,2050,938.4,6866.8,136.66
nlv2s_C5_LNG375_highbrent,2027,1553.8,6844.8,227.0
nlv2s_C5_LNG375_highbrent,2030,1584.25,6831.6,231.9
nlv2s_C5_LNG375_highbrent,2035,1601.07,6757.9,236.92
nlv2s_C5_LNG375_highbrent,2040,1591.19,6764.5,235.23
nlv2s_C5_LNG375_highbrent,2045,1266.27,6786.1,186.6
nlv2s_C5_LNG375_highbrent,2050,1123.43,6866.8,163.6
nlv2s_C5_LNG375_highbrent_adv,2027,1538.11,6844.8,224.71
nlv2s_C5_LNG375_highbrent_adv,2030,1558.12,6831.6,228.08
nlv2s_C5_LNG375_highbrent_adv,2035,1524.57,6757.9,225.6
nlv2s_C5_LNG375_highbrent_adv,2040,1505.27,6764.5,222.53
nlv2s_C5_LNG375_highbrent_adv,2045,1126.53,6786.1,166.01
nlv2s_C5_LNG375_highbrent_adv,2050,966.26,6866.8,140.71
nlv2s_C5_LNG375_highbrent_j120,2027,1553.35,6844.8,226.94
nlv2s_C5_LNG375_highbrent_j120,2030,1614.74,6831.6,236.36
nlv2s_C5_LNG375_highbrent_j120,2035,1633.64,6757.9,241.74
nlv2s_C5_LNG375_highbrent_j120,2040,1623.15,6764.5,239.95
nlv2s_C5_LNG375_highbrent_j120,2045,1266.58,6786.1,186.64
nlv2s_C5_LNG375_highbrent_j120,2050,1123.75,6866.8,163.65
nlv2s_C5_LNG375_highbrent_j120_adv,2027,1542.25,6844.8,225.32
nlv2s_C5_LNG375_highbrent_j120_adv,2030,1587.77,6831.6,232.42
nlv2s_C5_LNG375_highbrent_j120_adv,2035,1555.03,6757.9,230.1
nlv2s_C5_LNG375_highbrent_j120_adv,2040,1536.26,6764.5,227.11
nlv2s_C5_LNG375_highbrent_j120_adv,2045,1126.45,6786.1,165.99
nlv2s_C5_LNG375_highbrent_j120_adv,2050,965.38,6866.8,140.59
nlv2s_C5_LNG375_lowbrent,2027,1226.99,6844.8,179.26
nlv2s_C5_LNG375_lowbrent,2030,1135.99,6831.6,166.28
nlv2s_C5_LNG375_lowbrent,2035,1098.43,6757.9,162.54
nlv2s_C5_LNG375_lowbrent,2040,1269.04,6764.5,187.6
nlv2s_C5_LNG375_lowbrent,2045,1244.74,6786.1,183.43
nlv2s_C5_LNG375_lowbrent,2050,1099.02,6866.8,160.05
nlv2s_C5_LNG375_lowbrent_adv,2027,1218.56,6844.8,178.03
nlv2s_C5_LNG375_lowbrent_adv,2030,1124.19,6831.6,164.56
nlv2s_C5_LNG375_lowbrent_adv,2035,1086.18,6757.9,160.73
nlv2s_C5_LNG375_lowbrent_adv,2040,1197.61,6764.5,177.04
nlv2s_C5_LNG375_lowbrent_adv,2045,1090.8,6786.1,160.74
nlv2s_C5_LNG375_lowbrent_adv,2050,942.84,6866.8,137.3
nlv2s_C5_LNG375_lowbrent_j120,2027,1227.42,6844.8,179.32
nlv2s_C5_LNG375_lowbrent_j120,2030,1168.39,6831.6,171.03
nlv2s_C5_LNG375_lowbrent_j120,2035,1130.65,6757.9,167.31
nlv2s_C5_LNG375_lowbrent_j120,2040,1300.79,6764.5,192.3
nlv2s_C5_LNG375_lowbrent_j120,2045,1243.95,6786.1,183.31
nlv2s_C5_LNG375_lowbrent_j120,2050,1099.0,6866.8,160.05
nlv2s_C5_LNG375_lowbrent_j120_adv,2027,1218.44,6844.8,178.01
nlv2s_C5_LNG375_lowbrent_j120_adv,2030,1156.26,6831.6,169.25
nlv2s_C5_LNG375_lowbrent_j120_adv,2035,1118.09,6757.9,165.45
nlv2s_C5_LNG375_lowbrent_j120_adv,2040,1229.08,6764.5,181.7
nlv2s_C5_LNG375_lowbrent_j120_adv,2045,1090.41,6786.1,160.68
nlv2s_C5_LNG375_lowbrent_j120_adv,2050,942.31,6866.8,137.23
nlv2s_C5_LNG375_refbrent,2027,1490.98,6844.8,217.83
nlv2s_C5_LNG375_refbrent,2030,1426.58,6831.6,208.82
nlv2s_C5_LNG375_refbrent,2035,1432.59,6757.9,211.99
nlv2s_C5_LNG375_refbrent,2040,1459.26,6764.5,215.72
nlv2s_C5_LNG375_refbrent,2045,1255.93,6786.1,185.08
nlv2s_C5_LNG375_refbrent,2050,1114.34,6866.8,162.28
nlv2s_C5_LNG375_refbrent_adv,2027,1484.19,6844.8,216.83
nlv2s_C5_LNG375_refbrent_adv,2030,1414.68,6831.6,207.08
nlv2s_C5_LNG375_refbrent_adv,2035,1410.78,6757.9,208.76
nlv2s_C5_LNG375_refbrent_adv,2040,1369.85,6764.5,202.51
nlv2s_C5_LNG375_refbrent_adv,2045,1094.21,6786.1,161.24
nlv2s_C5_LNG375_refbrent_adv,2050,937.14,6866.8,136.47
nlv2s_C5_LNG375_refbrent_j120,2027,1491.07,6844.8,217.84
nlv2s_C5_LNG375_refbrent_j120,2030,1458.48,6831.6,213.49
nlv2s_C5_LNG375_refbrent_j120,2035,1463.95,6757.9,216.63
nlv2s_C5_LNG375_refbrent_j120,2040,1490.82,6764.5,220.39
nlv2s_C5_LNG375_refbrent_j120,2045,1255.82,6786.1,185.06
nlv2s_C5_LNG375_refbrent_j120,2050,1114.23,6866.8,162.26
nlv2s_C5_LNG375_refbrent_j120_adv,2027,1482.81,6844.8,216.63
nlv2s_C5_LNG375_refbrent_j120_adv,2030,1445.99,6831.6,211.66
nlv2s_C5_LNG375_refbrent_j120_adv,2035,1444.54,6757.9,213.76
nlv2s_C5_LNG375_refbrent_j120_adv,2040,1402.16,6764.5,207.28
nlv2s_C5_LNG375_refbrent_j120_adv,2045,1093.99,6786.1,161.21
nlv2s_C5_LNG375_refbrent_j120_adv,2050,936.76,6866.8,136.42
nlv2s_C6_STATUSQUO_futbrent,2027,1410.72,6844.8,206.1
nlv2s_C6_STATUSQUO_futbrent,2030,1406.25,6831.6,205.85
nlv2s_C6_STATUSQUO_futbrent,2035,1386.59,6757.9,205.18
nlv2s_C6_STATUSQUO_futbrent,2040,1511.66,6764.5,223.47
nlv2s_C6_STATUSQUO_futbrent,2045,1354.16,6786.1,199.55
nlv2s_C6_STATUSQUO_futbrent,2050,1207.49,6866.8,175.84
nlv2s_C6_STATUSQUO_futbrent_adv,2027,1402.36,6844.8,204.88
nlv2s_C6_STATUSQUO_futbrent_adv,2030,1398.76,6831.6,204.75
nlv2s_C6_STATUSQUO_futbrent_adv,2035,1377.75,6757.9,203.87
nlv2s_C6_STATUSQUO_futbrent_adv,2040,1435.59,6764.5,212.22
nlv2s_C6_STATUSQUO_futbrent_adv,2045,1196.69,6786.1,176.35
nlv2s_C6_STATUSQUO_futbrent_adv,2050,1041.97,6866.8,151.74
nlv2s_C6_STATUSQUO_futbrent_j120,2027,1411.18,6844.8,206.17
nlv2s_C6_STATUSQUO_futbrent_j120,2030,1444.79,6831.6,211.49
nlv2s_C6_STATUSQUO_futbrent_j120,2035,1427.44,6757.9,211.23
nlv2s_C6_STATUSQUO_futbrent_j120,2040,1549.58,6764.5,229.08
nlv2s_C6_STATUSQUO_futbrent_j120,2045,1353.42,6786.1,199.44
nlv2s_C6_STATUSQUO_futbrent_j120,2050,1206.2,6866.8,175.66
nlv2s_C6_STATUSQUO_futbrent_j120_adv,2027,1404.4,6844.8,205.18
nlv2s_C6_STATUSQUO_futbrent_j120_adv,2030,1438.86,6831.6,210.62
nlv2s_C6_STATUSQUO_futbrent_j120_adv,2035,1416.76,6757.9,209.64
nlv2s_C6_STATUSQUO_futbrent_j120_adv,2040,1472.35,6764.5,217.66
nlv2s_C6_STATUSQUO_futbrent_j120_adv,2045,1196.1,6786.1,176.26
nlv2s_C6_STATUSQUO_futbrent_j120_adv,2050,1041.43,6866.8,151.66
nlv2s_C6_STATUSQUO_highbrent,2027,1555.62,6844.8,227.27
nlv2s_C6_STATUSQUO_highbrent,2030,1694.4,6831.6,248.02
nlv2s_C6_STATUSQUO_highbrent,2035,1735.41,6757.9,256.8
nlv2s_C6_STATUSQUO_highbrent,2040,1722.3,6764.5,254.61
nlv2s_C6_STATUSQUO_highbrent,2045,1354.37,6786.1,199.58
nlv2s_C6_STATUSQUO_highbrent,2050,1210.23,6866.8,176.24
nlv2s_C6_STATUSQUO_highbrent_adv,2027,1546.94,6844.8,226.0
nlv2s_C6_STATUSQUO_highbrent_adv,2030,1685.31,6831.6,246.69
nlv2s_C6_STATUSQUO_highbrent_adv,2035,1652.64,6757.9,244.55
nlv2s_C6_STATUSQUO_highbrent_adv,2040,1632.73,6764.5,241.37
nlv2s_C6_STATUSQUO_highbrent_adv,2045,1212.54,6786.1,178.68
nlv2s_C6_STATUSQUO_highbrent_adv,2050,1048.53,6866.8,152.7
nlv2s_C6_STATUSQUO_highbrent_j120,2027,1554.59,6844.8,227.12
nlv2s_C6_STATUSQUO_highbrent_j120,2030,1733.8,6831.6,253.79
nlv2s_C6_STATUSQUO_highbrent_j120,2035,1774.51,6757.9,262.58
nlv2s_C6_STATUSQUO_highbrent_j120,2040,1760.92,6764.5,260.32
nlv2s_C6_STATUSQUO_highbrent_j120,2045,1354.89,6786.1,199.66
nlv2s_C6_STATUSQUO_highbrent_j120,2050,1210.95,6866.8,176.35
nlv2s_C6_STATUSQUO_highbrent_j120_adv,2027,1546.76,6844.8,225.98
nlv2s_C6_STATUSQUO_highbrent_j120_adv,2030,1724.18,6831.6,252.38
nlv2s_C6_STATUSQUO_highbrent_j120_adv,2035,1691.72,6757.9,250.33
nlv2s_C6_STATUSQUO_highbrent_j120_adv,2040,1671.81,6764.5,247.15
nlv2s_C6_STATUSQUO_highbrent_j120_adv,2045,1212.63,6786.1,178.69
nlv2s_C6_STATUSQUO_highbrent_j120_adv,2050,1048.62,6866.8,152.71
nlv2s_C6_STATUSQUO_lowbrent,2027,1228.07,6844.8,179.42
nlv2s_C6_STATUSQUO_lowbrent,2030,1254.54,6831.6,183.64
nlv2s_C6_STATUSQUO_lowbrent,2035,1217.89,6757.9,180.22
nlv2s_C6_STATUSQUO_lowbrent,2040,1411.33,6764.5,208.64
nlv2s_C6_STATUSQUO_lowbrent,2045,1343.37,6786.1,197.96
nlv2s_C6_STATUSQUO_lowbrent,2050,1196.17,6866.8,174.2
nlv2s_C6_STATUSQUO_lowbrent_adv,2027,1218.64,6844.8,178.04
nlv2s_C6_STATUSQUO_lowbrent_adv,2030,1235.78,6831.6,180.89
nlv2s_C6_STATUSQUO_lowbrent_adv,2035,1200.23,6757.9,177.6
nlv2s_C6_STATUSQUO_lowbrent_adv,2040,1338.01,6764.5,197.8
nlv2s_C6_STATUSQUO_lowbrent_adv,2045,1193.88,6786.1,175.93
nlv2s_C6_STATUSQUO_lowbrent_adv,2050,1040.13,6866.8,151.47
nlv2s_C6_STATUSQUO_lowbrent_j120,2027,1228.65,6844.8,179.5
nlv2s_C6_STATUSQUO_lowbrent_j120,2030,1294.23,6831.6,189.45
nlv2s_C6_STATUSQUO_lowbrent_j120,2035,1257.55,6757.9,186.08
nlv2s_C6_STATUSQUO_lowbrent_j120,2040,1449.26,6764.5,214.25
nlv2s_C6_STATUSQUO_lowbrent_j120,2045,1342.35,6786.1,197.81
nlv2s_C6_STATUSQUO_lowbrent_j120,2050,1194.75,6866.8,173.99
nlv2s_C6_STATUSQUO_lowbrent_j120_adv,2027,1218.37,6844.8,178.0
nlv2s_C6_STATUSQUO_lowbrent_j120_adv,2030,1275.44,6831.6,186.7
nlv2s_C6_STATUSQUO_lowbrent_j120_adv,2035,1241.6,6757.9,183.73
nlv2s_C6_STATUSQUO_lowbrent_j120_adv,2040,1376.56,6764.5,203.5
nlv2s_C6_STATUSQUO_lowbrent_j120_adv,2045,1193.15,6786.1,175.82
nlv2s_C6_STATUSQUO_lowbrent_j120_adv,2050,1038.83,6866.8,151.28
nlv2s_C6_STATUSQUO_refbrent,2027,1496.58,6844.8,218.64
nlv2s_C6_STATUSQUO_refbrent,2030,1525.71,6831.6,223.33
nlv2s_C6_STATUSQUO_refbrent,2035,1541.17,6757.9,228.05
nlv2s_C6_STATUSQUO_refbrent,2040,1602.25,6764.5,236.86
nlv2s_C6_STATUSQUO_refbrent,2045,1358.13,6786.1,200.13
nlv2s_C6_STATUSQUO_refbrent,2050,1214.26,6866.8,176.83
nlv2s_C6_STATUSQUO_refbrent_adv,2027,1493.85,6844.8,218.25
nlv2s_C6_STATUSQUO_refbrent_adv,2030,1519.13,6831.6,222.37
nlv2s_C6_STATUSQUO_refbrent_adv,2035,1545.36,6757.9,228.67
nlv2s_C6_STATUSQUO_refbrent_adv,2040,1502.76,6764.5,222.15
nlv2s_C6_STATUSQUO_refbrent_adv,2045,1185.85,6786.1,174.75
nlv2s_C6_STATUSQUO_refbrent_adv,2050,1025.95,6866.8,149.41
nlv2s_C6_STATUSQUO_refbrent_j120,2027,1510.16,6844.8,220.63
nlv2s_C6_STATUSQUO_refbrent_j120,2030,1563.57,6831.6,228.87
nlv2s_C6_STATUSQUO_refbrent_j120,2035,1572.84,6757.9,232.74
nlv2s_C6_STATUSQUO_refbrent_j120,2040,1640.69,6764.5,242.55
nlv2s_C6_STATUSQUO_refbrent_j120,2045,1357.25,6786.1,200.01
nlv2s_C6_STATUSQUO_refbrent_j120,2050,1213.49,6866.8,176.72
nlv2s_C6_STATUSQUO_refbrent_j120_adv,2027,1493.03,6844.8,218.13
nlv2s_C6_STATUSQUO_refbrent_j120_adv,2030,1559.14,6831.6,228.22
nlv2s_C6_STATUSQUO_refbrent_j120_adv,2035,1583.3,6757.9,234.29
nlv2s_C6_STATUSQUO_refbrent_j120_adv,2040,1541.97,6764.5,227.95
nlv2s_C6_STATUSQUO_refbrent_j120_adv,2045,1186.32,6786.1,174.82
nlv2s_C6_STATUSQUO_refbrent_j120_adv,2050,1026.5,6866.8,149.49
nlv2s_be_pv15_C1_LSFO250_refbrent,2027,1557.08,6844.8,227.48
nlv2s_be_pv15_C1_LSFO250_refbrent,2030,1525.9,6831.6,223.36
nlv2s_be_pv15_C1_LSFO250_refbrent,2035,1512.92,6757.9,223.87
nlv2s_be_pv15_C1_LSFO250_refbrent,2040,1507.68,6764.5,222.88
nlv2s_be_pv15_C1_LSFO250_refbrent,2045,1455.92,6786.1,214.55
nlv2s_be_pv15_C1_LSFO250_refbrent,2050,1325.75,6866.8,193.07
nlv2s_be_pv15_C1_LSFO250_refbrent_adv,2027,1582.48,6844.8,231.19
nlv2s_be_pv15_C1_LSFO250_refbrent_adv,2030,1522.3,6831.6,222.83
nlv2s_be_pv15_C1_LSFO250_refbrent_adv,2035,1416.04,6757.9,209.54
nlv2s_be_pv15_C1_LSFO250_refbrent_adv,2040,1399.11,6764.5,206.83
nlv2s_be_pv15_C1_LSFO250_refbrent_adv,2045,1272.06,6786.1,187.45
nlv2s_be_pv15_C1_LSFO250_refbrent_adv,2050,1119.6,6866.8,163.05
nlv2s_be_pv15_C4_NOTHERMAL_futbrent,2027,1489.11,6844.8,217.55
nlv2s_be_pv15_C4_NOTHERMAL_futbrent,2030,1393.65,6831.6,204.0
nlv2s_be_pv15_C4_NOTHERMAL_futbrent,2035,1357.71,6757.9,200.91
nlv2s_be_pv15_C4_NOTHERMAL_futbrent,2040,1360.08,6764.5,201.06
nlv2s_be_pv15_C4_NOTHERMAL_futbrent,2045,1388.38,6786.1,204.59
nlv2s_be_pv15_C4_NOTHERMAL_futbrent,2050,1255.7,6866.8,182.87
nlv2s_be_pv15_C4_NOTHERMAL_highbrent,2027,1628.06,6844.8,237.85
nlv2s_be_pv15_C4_NOTHERMAL_highbrent,2030,1686.88,6831.6,246.92
nlv2s_be_pv15_C4_NOTHERMAL_highbrent,2035,1610.31,6757.9,238.28
nlv2s_be_pv15_C4_NOTHERMAL_highbrent,2040,1629.03,6764.5,240.82
nlv2s_be_pv15_C4_NOTHERMAL_highbrent,2045,1463.35,6786.1,215.64
nlv2s_be_pv15_C4_NOTHERMAL_highbrent,2050,1334.07,6866.8,194.28
nlv2s_be_pv15_C4_NOTHERMAL_lowbrent,2027,1266.02,6844.8,184.96
nlv2s_be_pv15_C4_NOTHERMAL_lowbrent,2030,1100.37,6831.6,161.07
nlv2s_be_pv15_C4_NOTHERMAL_lowbrent,2035,1040.95,6757.9,154.03
nlv2s_be_pv15_C4_NOTHERMAL_lowbrent,2040,1218.31,6764.5,180.1
nlv2s_be_pv15_C4_NOTHERMAL_lowbrent,2045,1388.68,6786.1,204.64
nlv2s_be_pv15_C4_NOTHERMAL_lowbrent,2050,1257.99,6866.8,183.2
nlv2s_be_pv15_C4_NOTHERMAL_refbrent,2027,1556.91,6844.8,227.46
nlv2s_be_pv15_C4_NOTHERMAL_refbrent,2030,1543.54,6831.6,225.94
nlv2s_be_pv15_C4_NOTHERMAL_refbrent,2035,1481.62,6757.9,219.24
nlv2s_be_pv15_C4_NOTHERMAL_refbrent,2040,1488.4,6764.5,220.03
nlv2s_be_pv15_C4_NOTHERMAL_refbrent,2045,1409.21,6786.1,207.66
nlv2s_be_pv15_C4_NOTHERMAL_refbrent,2050,1282.73,6866.8,186.8
nlv2s_be_pv15_C4_NOTHERMAL_refbrent_adv,2027,1584.27,6844.8,231.46
nlv2s_be_pv15_C4_NOTHERMAL_refbrent_adv,2030,1528.39,6831.6,223.72
nlv2s_be_pv15_C4_NOTHERMAL_refbrent_adv,2035,1374.19,6757.9,203.34
nlv2s_be_pv15_C4_NOTHERMAL_refbrent_adv,2040,1363.81,6764.5,201.61
nlv2s_be_pv15_C4_NOTHERMAL_refbrent_adv,2045,1231.49,6786.1,181.47
nlv2s_be_pv15_C4_NOTHERMAL_refbrent_adv,2050,1083.03,6866.8,157.72
nlv2s_be_pv15_C6_STATUSQUO_futbrent,2027,1488.34,6844.8,217.44
nlv2s_be_pv15_C6_STATUSQUO_futbrent,2030,1444.95,6831.6,211.51
nlv2s_be_pv15_C6_STATUSQUO_futbrent,2035,1417.43,6757.9,209.74
nlv2s_be_pv15_C6_STATUSQUO_futbrent,2040,1588.94,6764.5,234.9
nlv2s_be_pv15_C6_STATUSQUO_futbrent,2045,1503.26,6786.1,221.52
nlv2s_be_pv15_C6_STATUSQUO_futbrent,2050,1365.41,6866.8,198.84
nlv2s_be_pv15_C6_STATUSQUO_highbrent,2027,1635.79,6844.8,238.98
nlv2s_be_pv15_C6_STATUSQUO_highbrent,2030,1759.2,6831.6,257.51
nlv2s_be_pv15_C6_STATUSQUO_highbrent,2035,1818.85,6757.9,269.14
nlv2s_be_pv15_C6_STATUSQUO_highbrent,2040,1814.93,6764.5,268.3
nlv2s_be_pv15_C6_STATUSQUO_highbrent,2045,1518.35,6786.1,223.74
nlv2s_be_pv15_C6_STATUSQUO_highbrent,2050,1387.68,6866.8,202.09
nlv2s_be_pv15_C6_STATUSQUO_lowbrent,2027,1266.17,6844.8,184.98
nlv2s_be_pv15_C6_STATUSQUO_lowbrent,2030,1296.39,6831.6,189.76
nlv2s_be_pv15_C6_STATUSQUO_lowbrent,2035,1259.08,6757.9,186.31
nlv2s_be_pv15_C6_STATUSQUO_lowbrent,2040,1507.79,6764.5,222.9
nlv2s_be_pv15_C6_STATUSQUO_lowbrent,2045,1469.85,6786.1,216.6
nlv2s_be_pv15_C6_STATUSQUO_lowbrent,2050,1336.15,6866.8,194.58
nlv2s_be_pv15_C6_STATUSQUO_refbrent,2027,1567.87,6844.8,229.06
nlv2s_be_pv15_C6_STATUSQUO_refbrent,2030,1568.44,6831.6,229.59
nlv2s_be_pv15_C6_STATUSQUO_refbrent,2035,1572.32,6757.9,232.66
nlv2s_be_pv15_C6_STATUSQUO_refbrent,2040,1688.65,6764.5,249.64
nlv2s_be_pv15_C6_STATUSQUO_refbrent,2045,1525.48,6786.1,224.8
nlv2s_be_pv15_C6_STATUSQUO_refbrent,2050,1391.18,6866.8,202.6
nlv2s_be_pv15_lngconv_heco_futbrent,2027,1488.05,6844.8,217.4
nlv2s_be_pv15_lngconv_heco_futbrent,2030,1216.22,6831.6,178.03
nlv2s_be_pv15_lngconv_heco_futbrent,2035,1191.99,6757.9,176.38
nlv2s_be_pv15_lngconv_heco_futbrent,2040,1314.47,6764.5,194.32
nlv2s_be_pv15_lngconv_heco_futbrent,2045,1406.04,6786.1,207.2
nlv2s_be_pv15_lngconv_heco_futbrent,2050,1272.71,6866.8,185.34
nlv2s_be_pv15_lngconv_heco_highbrent,2027,1629.08,6844.8,238.0
nlv2s_be_pv15_lngconv_heco_highbrent,2030,1606.73,6831.6,235.19
nlv2s_be_pv15_lngconv_heco_highbrent,2035,1563.41,6757.9,231.35
nlv2s_be_pv15_lngconv_heco_highbrent,2040,1565.59,6764.5,231.44
nlv2s_be_pv15_lngconv_heco_highbrent,2045,1427.12,6786.1,210.3
nlv2s_be_pv15_lngconv_heco_highbrent,2050,1298.2,6866.8,189.05
nlv2s_be_pv15_lngconv_heco_lowbrent,2027,1265.44,6844.8,184.88
nlv2s_be_pv15_lngconv_heco_lowbrent,2030,1045.06,6831.6,152.97
nlv2s_be_pv15_lngconv_heco_lowbrent,2035,1006.52,6757.9,148.94
nlv2s_be_pv15_lngconv_heco_lowbrent,2040,1219.31,6764.5,180.25
nlv2s_be_pv15_lngconv_heco_lowbrent,2045,1390.28,6786.1,204.87
nlv2s_be_pv15_lngconv_heco_lowbrent,2050,1257.41,6866.8,183.12
nlv2s_be_pv15_lngconv_heco_refbrent,2027,1554.44,6844.8,227.1
nlv2s_be_pv15_lngconv_heco_refbrent,2030,1370.48,6831.6,200.61
nlv2s_be_pv15_lngconv_heco_refbrent,2035,1404.4,6757.9,207.82
nlv2s_be_pv15_lngconv_heco_refbrent,2040,1416.97,6764.5,209.47
nlv2s_be_pv15_lngconv_heco_refbrent,2045,1409.51,6786.1,207.71
nlv2s_be_pv15_lngconv_heco_refbrent,2050,1282.88,6866.8,186.82
nlv2s_be_pv15_wb_C6_LNG500_futbrent,2027,1488.81,6844.8,217.51
nlv2s_be_pv15_wb_C6_LNG500_futbrent,2030,1352.95,6831.6,198.04
nlv2s_be_pv15_wb_C6_LNG500_futbrent,2035,1328.48,6757.9,196.58
nlv2s_be_pv15_wb_C6_LNG500_futbrent,2040,1493.91,6764.5,220.85
nlv2s_be_pv15_wb_C6_LNG500_futbrent,2045,1407.62,6786.1,207.43
nlv2s_be_pv15_wb_C6_LNG500_futbrent,2050,1273.46,6866.8,185.45
nlv2s_be_pv15_wb_C6_LNG500_highbrent,2027,1635.23,6844.8,238.9
nlv2s_be_pv15_wb_C6_LNG500_highbrent,2030,1667.81,6831.6,244.13
nlv2s_be_pv15_wb_C6_LNG500_highbrent,2035,1723.88,6757.9,255.09
nlv2s_be_pv15_wb_C6_LNG500_highbrent,2040,1721.03,6764.5,254.42
nlv2s_be_pv15_wb_C6_LNG500_highbrent,2045,1426.2,6786.1,210.17
nlv2s_be_pv15_wb_C6_LNG500_highbrent,2050,1296.05,6866.8,188.74
nlv2s_be_pv15_wb_C6_LNG500_lowbrent,2027,1265.75,6844.8,184.92
nlv2s_be_pv15_wb_C6_LNG500_lowbrent,2030,1202.81,6831.6,176.07
nlv2s_be_pv15_wb_C6_LNG500_lowbrent,2035,1166.05,6757.9,172.55
nlv2s_be_pv15_wb_C6_LNG500_lowbrent,2040,1408.41,6764.5,208.21
nlv2s_be_pv15_wb_C6_LNG500_lowbrent,2045,1378.56,6786.1,203.15
nlv2s_be_pv15_wb_C6_LNG500_lowbrent,2050,1248.7,6866.8,181.85
nlv2s_be_pv15_wb_C6_LNG500_refbrent,2027,1557.75,6844.8,227.58
nlv2s_be_pv15_wb_C6_LNG500_refbrent,2030,1479.05,6831.6,216.5
nlv2s_be_pv15_wb_C6_LNG500_refbrent,2035,1485.19,6757.9,219.77
nlv2s_be_pv15_wb_C6_LNG500_refbrent,2040,1593.48,6764.5,235.57
nlv2s_be_pv15_wb_C6_LNG500_refbrent,2045,1432.35,6786.1,211.07
nlv2s_be_pv15_wb_C6_LNG500_refbrent,2050,1299.64,6866.8,189.26
nlv2s_be_pv15_wb_C6_LNG500_refbrent_j120,2027,1561.03,6844.8,228.06
nlv2s_be_pv15_wb_C6_LNG500_refbrent_j120,2030,1517.93,6831.6,222.19
nlv2s_be_pv15_wb_C6_LNG500_refbrent_j120,2035,1524.75,6757.9,225.62
nlv2s_be_pv15_wb_C6_LNG500_refbrent_j120,2040,1632.27,6764.5,241.3
nlv2s_be_pv15_wb_C6_LNG500_refbrent_j120,2045,1431.15,6786.1,210.9
nlv2s_be_pv15_wb_C6_LNG500_refbrent_j120,2050,1298.74,6866.8,189.13
nlv2s_be_pv17_C1_LSFO250_refbrent,2027,1615.81,6844.8,236.06
nlv2s_be_pv17_C1_LSFO250_refbrent,2030,1546.07,6831.6,226.31
nlv2s_be_pv17_C1_LSFO250_refbrent,2035,1525.05,6757.9,225.67
nlv2s_be_pv17_C1_LSFO250_refbrent,2040,1527.99,6764.5,225.88
nlv2s_be_pv17_C1_LSFO250_refbrent,2045,1500.98,6786.1,221.19
nlv2s_be_pv17_C1_LSFO250_refbrent,2050,1373.26,6866.8,199.99
nlv2s_be_pv17_C1_LSFO250_refbrent_adv,2027,1612.55,6844.8,235.59
nlv2s_be_pv17_C1_LSFO250_refbrent_adv,2030,1531.76,6831.6,224.22
nlv2s_be_pv17_C1_LSFO250_refbrent_adv,2035,1442.69,6757.9,213.48
nlv2s_be_pv17_C1_LSFO250_refbrent_adv,2040,1426.57,6764.5,210.89
nlv2s_be_pv17_C1_LSFO250_refbrent_adv,2045,1320.38,6786.1,194.57
nlv2s_be_pv17_C1_LSFO250_refbrent_adv,2050,1172.13,6866.8,170.7
nlv2s_be_pv17_C4_NOTHERMAL_futbrent,2027,1494.87,6844.8,218.39
nlv2s_be_pv17_C4_NOTHERMAL_futbrent,2030,1407.77,6831.6,206.07
nlv2s_be_pv17_C4_NOTHERMAL_futbrent,2035,1384.78,6757.9,204.91
nlv2s_be_pv17_C4_NOTHERMAL_futbrent,2040,1389.85,6764.5,205.46
nlv2s_be_pv17_C4_NOTHERMAL_futbrent,2045,1440.77,6786.1,212.31
nlv2s_be_pv17_C4_NOTHERMAL_futbrent,2050,1313.82,6866.8,191.33
nlv2s_be_pv17_C4_NOTHERMAL_highbrent,2027,1662.46,6844.8,242.88
nlv2s_be_pv17_C4_NOTHERMAL_highbrent,2030,1754.22,6831.6,256.78
nlv2s_be_pv17_C4_NOTHERMAL_highbrent,2035,1650.53,6757.9,244.24
nlv2s_be_pv17_C4_NOTHERMAL_highbrent,2040,1646.24,6764.5,243.37
nlv2s_be_pv17_C4_NOTHERMAL_highbrent,2045,1513.61,6786.1,223.05
nlv2s_be_pv17_C4_NOTHERMAL_highbrent,2050,1386.59,6866.8,201.93
nlv2s_be_pv17_C4_NOTHERMAL_lowbrent,2027,1272.77,6844.8,185.95
nlv2s_be_pv17_C4_NOTHERMAL_lowbrent,2030,1114.68,6831.6,163.16
nlv2s_be_pv17_C4_NOTHERMAL_lowbrent,2035,1055.77,6757.9,156.23
nlv2s_be_pv17_C4_NOTHERMAL_lowbrent,2040,1244.41,6764.5,183.96
nlv2s_be_pv17_C4_NOTHERMAL_lowbrent,2045,1434.73,6786.1,211.42
nlv2s_be_pv17_C4_NOTHERMAL_lowbrent,2050,1307.25,6866.8,190.37
nlv2s_be_pv17_C4_NOTHERMAL_refbrent,2027,1616.02,6844.8,236.09
nlv2s_be_pv17_C4_NOTHERMAL_refbrent,2030,1570.25,6831.6,229.85
nlv2s_be_pv17_C4_NOTHERMAL_refbrent,2035,1503.42,6757.9,222.47
nlv2s_be_pv17_C4_NOTHERMAL_refbrent,2040,1506.37,6764.5,222.69
nlv2s_be_pv17_C4_NOTHERMAL_refbrent,2045,1463.0,6786.1,215.59
nlv2s_be_pv17_C4_NOTHERMAL_refbrent,2050,1336.49,6866.8,194.63
nlv2s_be_pv17_C4_NOTHERMAL_refbrent_adv,2027,1610.84,6844.8,235.34
nlv2s_be_pv17_C4_NOTHERMAL_refbrent_adv,2030,1558.23,6831.6,228.09
nlv2s_be_pv17_C4_NOTHERMAL_refbrent_adv,2035,1401.38,6757.9,207.37
nlv2s_be_pv17_C4_NOTHERMAL_refbrent_adv,2040,1391.41,6764.5,205.69
nlv2s_be_pv17_C4_NOTHERMAL_refbrent_adv,2045,1273.74,6786.1,187.7
nlv2s_be_pv17_C4_NOTHERMAL_refbrent_adv,2050,1131.33,6866.8,164.75
nlv2s_be_pv17_C6_STATUSQUO_futbrent,2027,1496.01,6844.8,218.56
nlv2s_be_pv17_C6_STATUSQUO_futbrent,2030,1459.76,6831.6,213.68
nlv2s_be_pv17_C6_STATUSQUO_futbrent,2035,1431.77,6757.9,211.87
nlv2s_be_pv17_C6_STATUSQUO_futbrent,2040,1611.76,6764.5,238.27
nlv2s_be_pv17_C6_STATUSQUO_futbrent,2045,1555.04,6786.1,229.15
nlv2s_be_pv17_C6_STATUSQUO_futbrent,2050,1420.58,6866.8,206.88
nlv2s_be_pv17_C6_STATUSQUO_highbrent,2027,1669.25,6844.8,243.87
nlv2s_be_pv17_C6_STATUSQUO_highbrent,2030,1782.15,6831.6,260.87
nlv2s_be_pv17_C6_STATUSQUO_highbrent,2035,1825.23,6757.9,270.09
nlv2s_be_pv17_C6_STATUSQUO_highbrent,2040,1837.72,6764.5,271.67
nlv2s_be_pv17_C6_STATUSQUO_highbrent,2045,1588.01,6786.1,234.01
nlv2s_be_pv17_C6_STATUSQUO_highbrent,2050,1457.34,6866.8,212.23
nlv2s_be_pv17_C6_STATUSQUO_lowbrent,2027,1272.22,6844.8,185.87
nlv2s_be_pv17_C6_STATUSQUO_lowbrent,2030,1310.08,6831.6,191.77
nlv2s_be_pv17_C6_STATUSQUO_lowbrent,2035,1272.77,6757.9,188.34
nlv2s_be_pv17_C6_STATUSQUO_lowbrent,2040,1526.79,6764.5,225.71
nlv2s_be_pv17_C6_STATUSQUO_lowbrent,2045,1517.17,6786.1,223.57
nlv2s_be_pv17_C6_STATUSQUO_lowbrent,2050,1385.94,6866.8,201.83
nlv2s_be_pv17_C6_STATUSQUO_refbrent,2027,1617.39,6844.8,236.29
nlv2s_be_pv17_C6_STATUSQUO_refbrent,2030,1577.0,6831.6,230.84
nlv2s_be_pv17_C6_STATUSQUO_refbrent,2035,1584.97,6757.9,234.53
nlv2s_be_pv17_C6_STATUSQUO_refbrent,2040,1707.33,6764.5,252.4
nlv2s_be_pv17_C6_STATUSQUO_refbrent,2045,1576.21,6786.1,232.27
nlv2s_be_pv17_C6_STATUSQUO_refbrent,2050,1444.14,6866.8,210.31
nlv2s_be_pv17_lngconv_heco_futbrent,2027,1494.89,6844.8,218.4
nlv2s_be_pv17_lngconv_heco_futbrent,2030,1229.99,6831.6,180.04
nlv2s_be_pv17_lngconv_heco_futbrent,2035,1207.45,6757.9,178.67
nlv2s_be_pv17_lngconv_heco_futbrent,2040,1342.56,6764.5,198.47
nlv2s_be_pv17_lngconv_heco_futbrent,2045,1457.42,6786.1,214.77
nlv2s_be_pv17_lngconv_heco_futbrent,2050,1327.55,6866.8,193.33
nlv2s_be_pv17_lngconv_heco_highbrent,2027,1662.47,6844.8,242.88
nlv2s_be_pv17_lngconv_heco_highbrent,2030,1632.09,6831.6,238.9
nlv2s_be_pv17_lngconv_heco_highbrent,2035,1596.02,6757.9,236.17
nlv2s_be_pv17_lngconv_heco_highbrent,2040,1593.96,6764.5,235.64
nlv2s_be_pv17_lngconv_heco_highbrent,2045,1492.11,6786.1,219.88
nlv2s_be_pv17_lngconv_heco_highbrent,2050,1365.07,6866.8,198.79
nlv2s_be_pv17_lngconv_heco_lowbrent,2027,1272.23,6844.8,185.87
nlv2s_be_pv17_lngconv_heco_lowbrent,2030,1059.38,6831.6,155.07
nlv2s_be_pv17_lngconv_heco_lowbrent,2035,1021.19,6757.9,151.11
nlv2s_be_pv17_lngconv_heco_lowbrent,2040,1245.26,6764.5,184.09
nlv2s_be_pv17_lngconv_heco_lowbrent,2045,1434.4,6786.1,211.37
nlv2s_be_pv17_lngconv_heco_lowbrent,2050,1307.1,6866.8,190.35
nlv2s_be_pv17_lngconv_heco_refbrent,2027,1615.92,6844.8,236.08
nlv2s_be_pv17_lngconv_heco_refbrent,2030,1382.56,6831.6,202.38
nlv2s_be_pv17_lngconv_heco_refbrent,2035,1407.62,6757.9,208.29
nlv2s_be_pv17_lngconv_heco_refbrent,2040,1436.24,6764.5,212.32
nlv2s_be_pv17_lngconv_heco_refbrent,2045,1466.95,6786.1,216.17
nlv2s_be_pv17_lngconv_heco_refbrent,2050,1340.52,6866.8,195.22
nlv2s_be_pv17_wb_C6_LNG500_futbrent,2027,1494.95,6844.8,218.41
nlv2s_be_pv17_wb_C6_LNG500_futbrent,2030,1367.55,6831.6,200.18
nlv2s_be_pv17_wb_C6_LNG500_futbrent,2035,1343.32,6757.9,198.78
nlv2s_be_pv17_wb_C6_LNG500_futbrent,2040,1518.34,6764.5,224.46
nlv2s_be_pv17_wb_C6_LNG500_futbrent,2045,1459.06,6786.1,215.01
nlv2s_be_pv17_wb_C6_LNG500_futbrent,2050,1327.61,6866.8,193.34
nlv2s_be_pv17_wb_C6_LNG500_highbrent,2027,1669.52,6844.8,243.91
nlv2s_be_pv17_wb_C6_LNG500_highbrent,2030,1691.49,6831.6,247.6
nlv2s_be_pv17_wb_C6_LNG500_highbrent,2035,1734.37,6757.9,256.64
nlv2s_be_pv17_wb_C6_LNG500_highbrent,2040,1743.4,6764.5,257.73
nlv2s_be_pv17_wb_C6_LNG500_highbrent,2045,1491.29,6786.1,219.76
nlv2s_be_pv17_wb_C6_LNG500_highbrent,2050,1362.31,6866.8,198.39
nlv2s_be_pv17_wb_C6_LNG500_lowbrent,2027,1273.97,6844.8,186.12
nlv2s_be_pv17_wb_C6_LNG500_lowbrent,2030,1217.6,6831.6,178.23
nlv2s_be_pv17_wb_C6_LNG500_lowbrent,2035,1180.7,6757.9,174.71
nlv2s_be_pv17_wb_C6_LNG500_lowbrent,2040,1430.44,6764.5,211.46
nlv2s_be_pv17_wb_C6_LNG500_lowbrent,2045,1424.73,6786.1,209.95
nlv2s_be_pv17_wb_C6_LNG500_lowbrent,2050,1298.75,6866.8,189.14
nlv2s_be_pv17_wb_C6_LNG500_refbrent,2027,1616.94,6844.8,236.23
nlv2s_be_pv17_wb_C6_LNG500_refbrent,2030,1487.37,6831.6,217.72
nlv2s_be_pv17_wb_C6_LNG500_refbrent,2035,1495.57,6757.9,221.31
nlv2s_be_pv17_wb_C6_LNG500_refbrent,2040,1613.13,6764.5,238.47
nlv2s_be_pv17_wb_C6_LNG500_refbrent,2045,1479.17,6786.1,217.97
nlv2s_be_pv17_wb_C6_LNG500_refbrent,2050,1351.62,6866.8,196.83
nlv2s_be_pv17_wb_C6_LNG500_refbrent_j120,2027,1617.11,6844.8,236.25
nlv2s_be_pv17_wb_C6_LNG500_refbrent_j120,2030,1525.57,6831.6,223.31
nlv2s_be_pv17_wb_C6_LNG500_refbrent_j120,2035,1537.35,6757.9,227.49
nlv2s_be_pv17_wb_C6_LNG500_refbrent_j120,2040,1651.76,6764.5,244.18
nlv2s_be_pv17_wb_C6_LNG500_refbrent_j120,2045,1478.19,6786.1,217.83
nlv2s_be_pv17_wb_C6_LNG500_refbrent_j120,2050,1350.24,6866.8,196.63
nlv2s_egs_high_lng_forced_refbrent,2027,1522.26,6844.8,222.4
nlv2s_egs_high_lng_forced_refbrent,2030,1440.42,6831.6,210.85
nlv2s_egs_high_lng_forced_refbrent,2035,1457.85,6757.9,215.72
nlv2s_egs_high_lng_forced_refbrent,2040,1525.39,6764.5,225.5
nlv2s_egs_high_lng_forced_refbrent,2045,1291.72,6786.1,190.35
nlv2s_egs_high_lng_forced_refbrent,2050,1151.09,6866.8,167.63
nlv2s_egs_high_lng_forced_refbrent_adv,2027,1512.54,6844.8,220.98
nlv2s_egs_high_lng_forced_refbrent_adv,2030,1422.98,6831.6,208.29
nlv2s_egs_high_lng_forced_refbrent_adv,2035,1449.63,6757.9,214.51
nlv2s_egs_high_lng_forced_refbrent_adv,2040,1413.04,6764.5,208.89
nlv2s_egs_high_lng_forced_refbrent_adv,2045,1110.83,6786.1,163.69
nlv2s_egs_high_lng_forced_refbrent_adv,2050,953.68,6866.8,138.88
nlv2s_egs_high_lng_forced_refbrent_j120_adv,2027,1512.15,6844.8,220.92
nlv2s_egs_high_lng_forced_refbrent_j120_adv,2030,1462.22,6831.6,214.04
nlv2s_egs_high_lng_forced_refbrent_j120_adv,2035,1489.75,6757.9,220.44
nlv2s_egs_high_lng_forced_refbrent_j120_adv,2040,1452.78,6764.5,214.77
nlv2s_egs_high_lng_forced_refbrent_j120_adv,2045,1110.42,6786.1,163.63
nlv2s_egs_high_lng_forced_refbrent_j120_adv,2050,953.18,6866.8,138.81
nlv2s_egs_high_no_lng_futbrent_adv,2027,1411.87,6844.8,206.27
nlv2s_egs_high_no_lng_futbrent_adv,2030,1343.4,6831.6,196.64
nlv2s_egs_high_no_lng_futbrent_adv,2035,1223.72,6757.9,181.08
nlv2s_egs_high_no_lng_futbrent_adv,2040,1193.39,6764.5,176.42
nlv2s_egs_high_no_lng_futbrent_adv,2045,1096.32,6786.1,161.55
nlv2s_egs_high_no_lng_futbrent_adv,2050,941.03,6866.8,137.04
nlv2s_egs_high_no_lng_highbrent_adv,2027,1563.6,6844.8,228.44
nlv2s_egs_high_no_lng_highbrent_adv,2030,1469.72,6831.6,215.14
nlv2s_egs_high_no_lng_highbrent_adv,2035,1434.24,6757.9,212.23
nlv2s_egs_high_no_lng_highbrent_adv,2040,1413.62,6764.5,208.98
nlv2s_egs_high_no_lng_highbrent_adv,2045,1187.01,6786.1,174.92
nlv2s_egs_high_no_lng_highbrent_adv,2050,1031.48,6866.8,150.21
nlv2s_egs_high_no_lng_lowbrent_adv,2027,1218.54,6844.8,178.02
nlv2s_egs_high_no_lng_lowbrent_adv,2030,1036.82,6831.6,151.77
nlv2s_egs_high_no_lng_lowbrent_adv,2035,983.54,6757.9,145.54
nlv2s_egs_high_no_lng_lowbrent_adv,2040,1062.85,6764.5,157.12
nlv2s_egs_high_no_lng_lowbrent_adv,2045,1106.97,6786.1,163.12
nlv2s_egs_high_no_lng_lowbrent_adv,2050,962.96,6866.8,140.23
nlv2s_egs_high_no_lng_refbrent_adv,2027,1512.16,6844.8,220.92
nlv2s_egs_high_no_lng_refbrent_adv,2030,1418.01,6831.6,207.57
nlv2s_egs_high_no_lng_refbrent_adv,2035,1317.56,6757.9,194.97
nlv2s_egs_high_no_lng_refbrent_adv,2040,1299.55,6764.5,192.11
nlv2s_egs_high_no_lng_refbrent_adv,2045,1147.49,6786.1,169.1
nlv2s_egs_high_no_lng_refbrent_adv,2050,992.35,6866.8,144.51
nlv2s_egs_low_lng_forced_refbrent,2027,1473.66,6844.8,215.3
nlv2s_egs_low_lng_forced_refbrent,2030,1419.98,6831.6,207.86
nlv2s_egs_low_lng_forced_refbrent,2035,1441.19,6757.9,213.26
nlv2s_egs_low_lng_forced_refbrent,2040,1488.46,6764.5,220.04
nlv2s_egs_low_lng_forced_refbrent,2045,1244.43,6786.1,183.38
nlv2s_egs_low_lng_forced_refbrent,2050,1102.75,6866.8,160.59
nlv2s_egs_low_lng_forced_refbrent_adv,2027,1469.97,6844.8,214.76
nlv2s_egs_low_lng_forced_refbrent_adv,2030,1411.05,6831.6,206.55
nlv2s_egs_low_lng_forced_refbrent_adv,2035,1434.44,6757.9,212.26
nlv2s_egs_low_lng_forced_refbrent_adv,2040,1393.14,6764.5,205.95
nlv2s_egs_low_lng_forced_refbrent_adv,2045,1075.95,6786.1,158.55
nlv2s_egs_low_lng_forced_refbrent_adv,2050,918.73,6866.8,133.79
nlv2s_egs_low_lng_forced_refbrent_j120,2027,1473.66,6844.8,215.3
nlv2s_egs_low_lng_forced_refbrent_j120,2030,1458.87,6831.6,213.55
nlv2s_egs_low_lng_forced_refbrent_j120,2035,1478.04,6757.9,218.71
nlv2s_egs_low_lng_forced_refbrent_j120,2040,1528.68,6764.5,225.99
nlv2s_egs_low_lng_forced_refbrent_j120,2045,1245.35,6786.1,183.52
nlv2s_egs_low_lng_forced_refbrent_j120,2050,1103.44,6866.8,160.69
nlv2s_egs_low_lng_forced_refbrent_j120_adv,2027,1470.29,6844.8,214.8
nlv2s_egs_low_lng_forced_refbrent_j120_adv,2030,1450.04,6831.6,212.26
nlv2s_egs_low_lng_forced_refbrent_j120_adv,2035,1472.53,6757.9,217.9
nlv2s_egs_low_lng_forced_refbrent_j120_adv,2040,1432.19,6764.5,211.72
nlv2s_egs_low_lng_forced_refbrent_j120_adv,2045,1076.0,6786.1,158.56
nlv2s_egs_low_lng_forced_refbrent_j120_adv,2050,918.78,6866.8,133.8
nlv2s_egs_low_no_lng_futbrent_adv,2027,1368.07,6844.8,199.87
nlv2s_egs_low_no_lng_futbrent_adv,2030,1319.74,6831.6,193.18
nlv2s_egs_low_no_lng_futbrent_adv,2035,1207.23,6757.9,178.64
nlv2s_egs_low_no_lng_futbrent_adv,2040,1174.8,6764.5,173.67
nlv2s_egs_low_no_lng_futbrent_adv,2045,1068.75,6786.1,157.49
nlv2s_egs_low_no_lng_futbrent_adv,2050,909.76,6866.8,132.49
nlv2s_egs_low_no_lng_highbrent,2027,1534.39,6844.8,224.17
nlv2s_egs_low_no_lng_highbrent,2030,1506.6,6831.6,220.53
nlv2s_egs_low_no_lng_highbrent,2035,1484.98,6757.9,219.74
nlv2s_egs_low_no_lng_highbrent,2040,1486.24,6764.5,219.71
nlv2s_egs_low_no_lng_highbrent,2045,1291.06,6786.1,190.25
nlv2s_egs_low_no_lng_highbrent,2050,1147.64,6866.8,167.13
nlv2s_egs_low_no_lng_highbrent_adv,2027,1525.15,6844.8,222.82
nlv2s_egs_low_no_lng_highbrent_adv,2030,1432.34,6831.6,209.66
nlv2s_egs_low_no_lng_highbrent_adv,2035,1396.65,6757.9,206.67
nlv2s_egs_low_no_lng_highbrent_adv,2040,1376.03,6764.5,203.42
nlv2s_egs_low_no_lng_highbrent_adv,2045,1149.41,6786.1,169.38
nlv2s_egs_low_no_lng_highbrent_adv,2050,994.16,6866.8,144.78
nlv2s_egs_low_no_lng_lowbrent_adv,2027,1219.0,6844.8,178.09
nlv2s_egs_low_no_lng_lowbrent_adv,2030,1039.11,6831.6,152.1
nlv2s_egs_low_no_lng_lowbrent_adv,2035,977.19,6757.9,144.6
nlv2s_egs_low_no_lng_lowbrent_adv,2040,1033.93,6764.5,152.85
nlv2s_egs_low_no_lng_lowbrent_adv,2045,1066.25,6786.1,157.12
nlv2s_egs_low_no_lng_lowbrent_adv,2050,916.91,6866.8,133.53
nlv2s_egs_low_no_lng_refbrent,2027,1454.13,6844.8,212.44
nlv2s_egs_low_no_lng_refbrent,2030,1454.4,6831.6,212.89
nlv2s_egs_low_no_lng_refbrent,2035,1368.62,6757.9,202.52
nlv2s_egs_low_no_lng_refbrent,2040,1370.94,6764.5,202.67
nlv2s_egs_low_no_lng_refbrent,2045,1237.82,6786.1,182.41
nlv2s_egs_low_no_lng_refbrent,2050,1098.07,6866.8,159.91
nlv2s_egs_low_no_lng_refbrent_adv,2027,1456.12,6844.8,212.73
nlv2s_egs_low_no_lng_refbrent_adv,2030,1367.14,6831.6,200.12
nlv2s_egs_low_no_lng_refbrent_adv,2035,1299.27,6757.9,192.26
nlv2s_egs_low_no_lng_refbrent_adv,2040,1279.43,6764.5,189.14
nlv2s_egs_low_no_lng_refbrent_adv,2045,1117.82,6786.1,164.72
nlv2s_egs_low_no_lng_refbrent_adv,2050,962.81,6866.8,140.21
nlv2s_egs_none_lng_forced_refbrent,2027,1519.97,6844.8,222.06
nlv2s_egs_none_lng_forced_refbrent,2030,1436.44,6831.6,210.26
nlv2s_egs_none_lng_forced_refbrent,2035,1453.28,6757.9,215.05
nlv2s_egs_none_lng_forced_refbrent,2040,1527.46,6764.5,225.81
nlv2s_egs_none_lng_forced_refbrent,2045,1298.43,6786.1,191.34
nlv2s_egs_none_lng_forced_refbrent,2050,1158.37,6866.8,168.69
nlv2s_egs_none_lng_forced_refbrent_adv,2027,1512.08,6844.8,220.91
nlv2s_egs_none_lng_forced_refbrent_adv,2030,1422.32,6831.6,208.2
nlv2s_egs_none_lng_forced_refbrent_adv,2035,1446.7,6757.9,214.08
nlv2s_egs_none_lng_forced_refbrent_adv,2040,1413.65,6764.5,208.98
nlv2s_egs_none_lng_forced_refbrent_adv,2045,1111.88,6786.1,163.85
nlv2s_egs_none_lng_forced_refbrent_adv,2050,955.17,6866.8,139.1
nlv2s_egs_none_lng_forced_refbrent_j120,2027,1522.78,6844.8,222.47
nlv2s_egs_none_lng_forced_refbrent_j120,2030,1474.94,6831.6,215.9
nlv2s_egs_none_lng_forced_refbrent_j120,2035,1491.69,6757.9,220.73
nlv2s_egs_none_lng_forced_refbrent_j120,2040,1567.43,6764.5,231.71
nlv2s_egs_none_lng_forced_refbrent_j120,2045,1299.19,6786.1,191.45
nlv2s_egs_none_lng_forced_refbrent_j120,2050,1157.72,6866.8,168.6
nlv2s_egs_none_lng_forced_refbrent_j120_adv,2027,1513.07,6844.8,221.05
nlv2s_egs_none_lng_forced_refbrent_j120_adv,2030,1461.67,6831.6,213.96
nlv2s_egs_none_lng_forced_refbrent_j120_adv,2035,1488.65,6757.9,220.28
nlv2s_egs_none_lng_forced_refbrent_j120_adv,2040,1452.0,6764.5,214.65
nlv2s_egs_none_lng_forced_refbrent_j120_adv,2045,1110.93,6786.1,163.71
nlv2s_egs_none_lng_forced_refbrent_j120_adv,2050,953.88,6866.8,138.91
nlv2s_egs_none_no_lng_refbrent,2027,1510.67,6844.8,220.7
nlv2s_egs_none_no_lng_refbrent,2030,1509.22,6831.6,220.92
nlv2s_egs_none_no_lng_refbrent,2035,1401.88,6757.9,207.44
nlv2s_egs_none_no_lng_refbrent,2040,1408.49,6764.5,208.22
nlv2s_egs_none_no_lng_refbrent,2045,1285.73,6786.1,189.47
nlv2s_egs_none_no_lng_refbrent,2050,1148.16,6866.8,167.21
nlv2s_egs_none_no_lng_refbrent_adv,2027,1511.77,6844.8,220.86
nlv2s_egs_none_no_lng_refbrent_adv,2030,1417.62,6831.6,207.51
nlv2s_egs_none_no_lng_refbrent_adv,2035,1317.71,6757.9,194.99
nlv2s_egs_none_no_lng_refbrent_adv,2040,1300.0,6764.5,192.18
nlv2s_egs_none_no_lng_refbrent_adv,2045,1147.56,6786.1,169.11
nlv2s_egs_none_no_lng_refbrent_adv,2050,992.45,6866.8,144.53
nlv2s_egs_ref_lng_forced_refbrent,2027,1490.72,6844.8,217.79
nlv2s_egs_ref_lng_forced_refbrent,2030,1437.08,6831.6,210.36
nlv2s_egs_ref_lng_forced_refbrent,2035,1455.77,6757.9,215.42
nlv2s_egs_ref_lng_forced_refbrent,2040,1505.52,6764.5,222.56
nlv2s_egs_ref_lng_forced_refbrent,2045,1261.73,6786.1,185.93
nlv2s_egs_ref_lng_forced_refbrent,2050,1119.76,6866.8,163.07
nlv2s_egs_ref_lng_forced_refbrent_adv,2027,1486.67,6844.8,217.2
nlv2s_egs_ref_lng_forced_refbrent_adv,2030,1427.9,6831.6,209.01
nlv2s_egs_ref_lng_forced_refbrent_adv,2035,1450.12,6757.9,214.58
nlv2s_egs_ref_lng_forced_refbrent_adv,2040,1411.17,6764.5,208.62
nlv2s_egs_ref_lng_forced_refbrent_adv,2045,1093.2,6786.1,161.09
nlv2s_egs_ref_lng_forced_refbrent_adv,2050,936.13,6866.8,136.33
nlv2s_egs_ref_lng_forced_refbrent_j120,2027,1492.08,6844.8,217.99
nlv2s_egs_ref_lng_forced_refbrent_j120,2030,1475.81,6831.6,216.03
nlv2s_egs_ref_lng_forced_refbrent_j120,2035,1493.75,6757.9,221.04
nlv2s_egs_ref_lng_forced_refbrent_j120,2040,1544.44,6764.5,228.32
nlv2s_egs_ref_lng_forced_refbrent_j120,2045,1261.65,6786.1,185.92
nlv2s_egs_ref_lng_forced_refbrent_j120,2050,1119.84,6866.8,163.08
nlv2s_egs_ref_lng_forced_refbrent_j120_adv,2027,1487.95,6844.8,217.38
nlv2s_egs_ref_lng_forced_refbrent_j120_adv,2030,1467.57,6831.6,214.82
nlv2s_egs_ref_lng_forced_refbrent_j120_adv,2035,1489.85,6757.9,220.46
nlv2s_egs_ref_lng_forced_refbrent_j120_adv,2040,1449.1,6764.5,214.22
nlv2s_egs_ref_lng_forced_refbrent_j120_adv,2045,1093.35,6786.1,161.12
nlv2s_egs_ref_lng_forced_refbrent_j120_adv,2050,935.37,6866.8,136.22
nlv2s_egs_ref_no_lng_refbrent,2027,1475.93,6844.8,215.63
nlv2s_egs_ref_no_lng_refbrent,2030,1469.93,6831.6,215.17
nlv2s_egs_ref_no_lng_refbrent,2035,1382.17,6757.9,204.53
nlv2s_egs_ref_no_lng_refbrent,2040,1387.72,6764.5,205.15
nlv2s_egs_ref_no_lng_refbrent,2045,1254.57,6786.1,184.87
nlv2s_egs_ref_no_lng_refbrent,2050,1114.73,6866.8,162.34
nlv2s_egs_ref_no_lng_refbrent_adv,2027,1472.73,6844.8,215.16
nlv2s_egs_ref_no_lng_refbrent_adv,2030,1386.63,6831.6,202.97
nlv2s_egs_ref_no_lng_refbrent_adv,2035,1315.18,6757.9,194.61
nlv2s_egs_ref_no_lng_refbrent_adv,2040,1295.49,6764.5,191.51
nlv2s_egs_ref_no_lng_refbrent_adv,2045,1133.48,6786.1,167.03
nlv2s_egs_ref_no_lng_refbrent_adv,2050,978.44,6866.8,142.49
nlv2s_lc_C1_LSFO250_futbrent,2027,1423.99,6844.8,208.04
nlv2s_lc_C1_LSFO250_futbrent,2030,1374.73,6831.6,201.23
nlv2s_lc_C1_LSFO250_futbrent,2035,1360.82,6757.9,201.37
nlv2s_lc_C1_LSFO250_futbrent,2040,1338.06,6764.5,197.81
nlv2s_lc_C1_LSFO250_futbrent,2045,1302.86,6786.1,191.99
nlv2s_lc_C1_LSFO250_futbrent,2050,1121.72,6866.8,163.35
nlv2s_lc_C1_LSFO250_futbrent_adv,2027,1419.11,6844.8,207.33
nlv2s_lc_C1_LSFO250_futbrent_adv,2030,1368.65,6831.6,200.34
nlv2s_lc_C1_LSFO250_futbrent_adv,2035,1299.79,6757.9,192.34
nlv2s_lc_C1_LSFO250_futbrent_adv,2040,1261.75,6764.5,186.53
nlv2s_lc_C1_LSFO250_futbrent_adv,2045,1155.73,6786.1,170.31
nlv2s_lc_C1_LSFO250_futbrent_adv,2050,955.9,6866.8,139.21
nlv2s_lc_C1_LSFO250_highbrent,2027,1584.75,6844.8,231.53
nlv2s_lc_C1_LSFO250_highbrent,2030,1600.28,6831.6,234.25
nlv2s_lc_C1_LSFO250_highbrent,2035,1564.32,6757.9,231.48
nlv2s_lc_C1_LSFO250_highbrent,2040,1565.67,6764.5,231.46
nlv2s_lc_C1_LSFO250_highbrent,2045,1353.33,6786.1,199.43
nlv2s_lc_C1_LSFO250_highbrent,2050,1173.87,6866.8,170.95
nlv2s_lc_C1_LSFO250_highbrent_adv,2027,1579.37,6844.8,230.74
nlv2s_lc_C1_LSFO250_highbrent_adv,2030,1539.53,6831.6,225.35
nlv2s_lc_C1_LSFO250_highbrent_adv,2035,1485.04,6757.9,219.75
nlv2s_lc_C1_LSFO250_highbrent_adv,2040,1459.4,6764.5,215.74
nlv2s_lc_C1_LSFO250_highbrent_adv,2045,1222.18,6786.1,180.1
nlv2s_lc_C1_LSFO250_highbrent_adv,2050,1025.53,6866.8,149.35
nlv2s_lc_C1_LSFO250_lowbrent,2027,1256.47,6844.8,183.57
nlv2s_lc_C1_LSFO250_lowbrent,2030,1119.41,6831.6,163.86
nlv2s_lc_C1_LSFO250_lowbrent,2035,1074.25,6757.9,158.96
nlv2s_lc_C1_LSFO250_lowbrent,2040,1216.61,6764.5,179.85
nlv2s_lc_C1_LSFO250_lowbrent,2045,1310.68,6786.1,193.14
nlv2s_lc_C1_LSFO250_lowbrent,2050,1128.97,6866.8,164.41
nlv2s_lc_C1_LSFO250_lowbrent_adv,2027,1251.45,6844.8,182.83
nlv2s_lc_C1_LSFO250_lowbrent_adv,2030,1108.06,6831.6,162.2
nlv2s_lc_C1_LSFO250_lowbrent_adv,2035,1054.84,6757.9,156.09
nlv2s_lc_C1_LSFO250_lowbrent_adv,2040,1142.75,6764.5,168.93
nlv2s_lc_C1_LSFO250_lowbrent_adv,2045,1165.88,6786.1,171.8
nlv2s_lc_C1_LSFO250_lowbrent_adv,2050,974.47,6866.8,141.91
nlv2s_lc_C1_LSFO250_refbrent,2027,1506.0,6844.8,220.02
nlv2s_lc_C1_LSFO250_refbrent,2030,1492.86,6831.6,218.52
nlv2s_lc_C1_LSFO250_refbrent,2035,1453.4,6757.9,215.07
nlv2s_lc_C1_LSFO250_refbrent,2040,1444.55,6764.5,213.55
nlv2s_lc_C1_LSFO250_refbrent,2045,1318.58,6786.1,194.31
nlv2s_lc_C1_LSFO250_refbrent,2050,1139.5,6866.8,165.94
nlv2s_lc_C1_LSFO250_refbrent_adv,2027,1510.09,6844.8,220.62
nlv2s_lc_C1_LSFO250_refbrent_adv,2030,1461.62,6831.6,213.95
nlv2s_lc_C1_LSFO250_refbrent_adv,2035,1378.35,6757.9,203.96
nlv2s_lc_C1_LSFO250_refbrent_adv,2040,1360.61,6764.5,201.14
nlv2s_lc_C1_LSFO250_refbrent_adv,2045,1181.67,6786.1,174.13
nlv2s_lc_C1_LSFO250_refbrent_adv,2050,984.64,6866.8,143.39
nlv2s_lc_C2_LSFO375_futbrent,2027,1425.65,6844.8,208.28
nlv2s_lc_C2_LSFO375_futbrent,2030,1387.15,6831.6,203.05
nlv2s_lc_C2_LSFO375_futbrent,2035,1375.06,6757.9,203.47
nlv2s_lc_C2_LSFO375_futbrent,2040,1372.14,6764.5,202.85
nlv2s_lc_C2_LSFO375_futbrent,2045,1339.1,6786.1,197.33
nlv2s_lc_C2_LSFO375_futbrent,2050,1156.52,6866.8,168.42
nlv2s_lc_C2_LSFO375_futbrent_adv,2027,1419.79,6844.8,207.43
nlv2s_lc_C2_LSFO375_futbrent_adv,2030,1382.25,6831.6,202.33
nlv2s_lc_C2_LSFO375_futbrent_adv,2035,1331.33,6757.9,197.0
nlv2s_lc_C2_LSFO375_futbrent_adv,2040,1290.19,6764.5,190.73
nlv2s_lc_C2_LSFO375_futbrent_adv,2045,1184.26,6786.1,174.51
nlv2s_lc_C2_LSFO375_futbrent_adv,2050,983.98,6866.8,143.29
nlv2s_lc_C2_LSFO375_highbrent,2027,1586.31,6844.8,231.75
nlv2s_lc_C2_LSFO375_highbrent,2030,1636.1,6831.6,239.49
nlv2s_lc_C2_LSFO375_highbrent,2035,1587.21,6757.9,234.87
nlv2s_lc_C2_LSFO375_highbrent,2040,1588.43,6764.5,234.82
nlv2s_lc_C2_LSFO375_highbrent,2045,1374.39,6786.1,202.53
nlv2s_lc_C2_LSFO375_highbrent,2050,1194.95,6866.8,174.02
nlv2s_lc_C2_LSFO375_highbrent_adv,2027,1582.15,6844.8,231.15
nlv2s_lc_C2_LSFO375_highbrent_adv,2030,1597.24,6831.6,233.8
nlv2s_lc_C2_LSFO375_highbrent_adv,2035,1503.11,6757.9,222.42
nlv2s_lc_C2_LSFO375_highbrent_adv,2040,1478.15,6764.5,218.52
nlv2s_lc_C2_LSFO375_highbrent_adv,2045,1240.19,6786.1,182.75
nlv2s_lc_C2_LSFO375_highbrent_adv,2050,1040.46,6866.8,151.52
nlv2s_lc_C2_LSFO375_lowbrent,2027,1257.4,6844.8,183.7
nlv2s_lc_C2_LSFO375_lowbrent,2030,1138.14,6831.6,166.6
nlv2s_lc_C2_LSFO375_lowbrent,2035,1100.51,6757.9,162.85
nlv2s_lc_C2_LSFO375_lowbrent,2040,1247.7,6764.5,184.45
nlv2s_lc_C2_LSFO375_lowbrent,2045,1340.41,6786.1,197.52
nlv2s_lc_C2_LSFO375_lowbrent,2050,1159.13,6866.8,168.8
nlv2s_lc_C2_LSFO375_lowbrent_adv,2027,1251.72,6844.8,182.87
nlv2s_lc_C2_LSFO375_lowbrent_adv,2030,1122.89,6831.6,164.37
nlv2s_lc_C2_LSFO375_lowbrent_adv,2035,1069.55,6757.9,158.27
nlv2s_lc_C2_LSFO375_lowbrent_adv,2040,1178.27,6764.5,174.19
nlv2s_lc_C2_LSFO375_lowbrent_adv,2045,1202.45,6786.1,177.19
nlv2s_lc_C2_LSFO375_lowbrent_adv,2050,1010.17,6866.8,147.11
nlv2s_lc_C2_LSFO375_refbrent,2027,1506.09,6844.8,220.03
nlv2s_lc_C2_LSFO375_refbrent,2030,1497.42,6831.6,219.19
nlv2s_lc_C2_LSFO375_refbrent,2035,1483.2,6757.9,219.48
nlv2s_lc_C2_LSFO375_refbrent,2040,1472.76,6764.5,217.72
nlv2s_lc_C2_LSFO375_refbrent,2045,1348.6,6786.1,198.73
nlv2s_lc_C2_LSFO375_refbrent,2050,1168.97,6866.8,170.23
nlv2s_lc_C2_LSFO375_refbrent_adv,2027,1507.5,6844.8,220.24
nlv2s_lc_C2_LSFO375_refbrent_adv,2030,1490.26,6831.6,218.14
nlv2s_lc_C2_LSFO375_refbrent_adv,2035,1405.36,6757.9,207.96
nlv2s_lc_C2_LSFO375_refbrent_adv,2040,1383.55,6764.5,204.53
nlv2s_lc_C2_LSFO375_refbrent_adv,2045,1203.27,6786.1,177.31
nlv2s_lc_C2_LSFO375_refbrent_adv,2050,1004.41,6866.8,146.27
nlv2s_lc_C3_LSFO500_futbrent,2027,1436.67,6844.8,209.89
nlv2s_lc_C3_LSFO500_futbrent,2030,1408.4,6831.6,206.16
nlv2s_lc_C3_LSFO500_futbrent,2035,1389.27,6757.9,205.58
nlv2s_lc_C3_LSFO500_futbrent,2040,1405.42,6764.5,207.77
nlv2s_lc_C3_LSFO500_futbrent,2045,1372.13,6786.1,202.2
nlv2s_lc_C3_LSFO500_futbrent,2050,1189.99,6866.8,173.3
nlv2s_lc_C3_LSFO500_futbrent_adv,2027,1429.05,6844.8,208.78
nlv2s_lc_C3_LSFO500_futbrent_adv,2030,1402.35,6831.6,205.27
nlv2s_lc_C3_LSFO500_futbrent_adv,2035,1361.68,6757.9,201.49
nlv2s_lc_C3_LSFO500_futbrent_adv,2040,1319.11,6764.5,195.01
nlv2s_lc_C3_LSFO500_futbrent_adv,2045,1212.89,6786.1,178.73
nlv2s_lc_C3_LSFO500_futbrent_adv,2050,1011.91,6866.8,147.36
nlv2s_lc_C3_LSFO500_highbrent,2027,1583.32,6844.8,231.32
nlv2s_lc_C3_LSFO500_highbrent,2030,1676.97,6831.6,245.47
nlv2s_lc_C3_LSFO500_highbrent,2035,1607.78,6757.9,237.91
nlv2s_lc_C3_LSFO500_highbrent,2040,1616.83,6764.5,239.02
nlv2s_lc_C3_LSFO500_highbrent,2045,1398.72,6786.1,206.12
nlv2s_lc_C3_LSFO500_highbrent,2050,1219.28,6866.8,177.56
nlv2s_lc_C3_LSFO500_highbrent_adv,2027,1583.18,6844.8,231.3
nlv2s_lc_C3_LSFO500_highbrent_adv,2030,1643.02,6831.6,240.5
nlv2s_lc_C3_LSFO500_highbrent_adv,2035,1528.49,6757.9,226.18
nlv2s_lc_C3_LSFO500_highbrent_adv,2040,1502.79,6764.5,222.16
nlv2s_lc_C3_LSFO500_highbrent_adv,2045,1262.89,6786.1,186.1
nlv2s_lc_C3_LSFO500_highbrent_adv,2050,1063.12,6866.8,154.82
nlv2s_lc_C3_LSFO500_lowbrent,2027,1256.53,6844.8,183.57
nlv2s_lc_C3_LSFO500_lowbrent,2030,1164.15,6831.6,170.41
nlv2s_lc_C3_LSFO500_lowbrent,2035,1131.88,6757.9,167.49
nlv2s_lc_C3_LSFO500_lowbrent,2040,1279.8,6764.5,189.19
nlv2s_lc_C3_LSFO500_lowbrent,2045,1371.41,6786.1,202.09
nlv2s_lc_C3_LSFO500_lowbrent,2050,1190.07,6866.8,173.31
nlv2s_lc_C3_LSFO500_lowbrent_adv,2027,1251.21,6844.8,182.8
nlv2s_lc_C3_LSFO500_lowbrent_adv,2030,1145.83,6831.6,167.72
nlv2s_lc_C3_LSFO500_lowbrent_adv,2035,1092.36,6757.9,161.64
nlv2s_lc_C3_LSFO500_lowbrent_adv,2040,1211.63,6764.5,179.12
nlv2s_lc_C3_LSFO500_lowbrent_adv,2045,1238.84,6786.1,182.56
nlv2s_lc_C3_LSFO500_lowbrent_adv,2050,1044.23,6866.8,152.07
nlv2s_lc_C3_LSFO500_refbrent,2027,1507.3,6844.8,220.21
nlv2s_lc_C3_LSFO500_refbrent,2030,1516.46,6831.6,221.98
nlv2s_lc_C3_LSFO500_refbrent,2035,1513.16,6757.9,223.91
nlv2s_lc_C3_LSFO500_refbrent,2040,1503.42,6764.5,222.25
nlv2s_lc_C3_LSFO500_refbrent,2045,1378.64,6786.1,203.16
nlv2s_lc_C3_LSFO500_refbrent,2050,1199.29,6866.8,174.65
nlv2s_lc_C3_LSFO500_refbrent_adv,2027,1500.2,6844.8,219.17
nlv2s_lc_C3_LSFO500_refbrent_adv,2030,1510.11,6831.6,221.05
nlv2s_lc_C3_LSFO500_refbrent_adv,2035,1438.21,6757.9,212.82
nlv2s_lc_C3_LSFO500_refbrent_adv,2040,1416.61,6764.5,209.42
nlv2s_lc_C3_LSFO500_refbrent_adv,2045,1235.6,6786.1,182.08
nlv2s_lc_C3_LSFO500_refbrent_adv,2050,1036.26,6866.8,150.91
nlv2s_lc_C4_NOTHERMAL_futbrent,2027,1423.76,6844.8,208.01
nlv2s_lc_C4_NOTHERMAL_futbrent,2030,1371.99,6831.6,200.83
nlv2s_lc_C4_NOTHERMAL_futbrent,2035,1327.2,6757.9,196.39
nlv2s_lc_C4_NOTHERMAL_futbrent,2040,1304.85,6764.5,192.9
nlv2s_lc_C4_NOTHERMAL_futbrent,2045,1249.0,6786.1,184.05
nlv2s_lc_C4_NOTHERMAL_futbrent,2050,1072.64,6866.8,156.21
nlv2s_lc_C4_NOTHERMAL_futbrent_adv,2027,1418.68,6844.8,207.26
nlv2s_lc_C4_NOTHERMAL_futbrent_adv,2030,1369.59,6831.6,200.48
nlv2s_lc_C4_NOTHERMAL_futbrent_adv,2035,1253.67,6757.9,185.51
nlv2s_lc_C4_NOTHERMAL_futbrent_adv,2040,1222.53,6764.5,180.73
nlv2s_lc_C4_NOTHERMAL_futbrent_adv,2045,1102.17,6786.1,162.42
nlv2s_lc_C4_NOTHERMAL_futbrent_adv,2050,905.94,6866.8,131.93
nlv2s_lc_C4_NOTHERMAL_highbrent,2027,1582.6,6844.8,231.21
nlv2s_lc_C4_NOTHERMAL_highbrent,2030,1547.28,6831.6,226.49
nlv2s_lc_C4_NOTHERMAL_highbrent,2035,1530.44,6757.9,226.47
nlv2s_lc_C4_NOTHERMAL_highbrent,2040,1530.82,6764.5,226.3
nlv2s_lc_C4_NOTHERMAL_highbrent,2045,1319.81,6786.1,194.49
nlv2s_lc_C4_NOTHERMAL_highbrent,2050,1142.72,6866.8,166.41
nlv2s_lc_C4_NOTHERMAL_highbrent_adv,2027,1578.58,6844.8,230.62
nlv2s_lc_C4_NOTHERMAL_highbrent_adv,2030,1470.0,6831.6,215.18
nlv2s_lc_C4_NOTHERMAL_highbrent_adv,2035,1443.21,6757.9,213.56
nlv2s_lc_C4_NOTHERMAL_highbrent_adv,2040,1422.87,6764.5,210.34
nlv2s_lc_C4_NOTHERMAL_highbrent_adv,2045,1184.32,6786.1,174.52
nlv2s_lc_C4_NOTHERMAL_highbrent_adv,2050,992.62,6866.8,144.55
nlv2s_lc_C4_NOTHERMAL_lowbrent,2027,1256.97,6844.8,183.64
nlv2s_lc_C4_NOTHERMAL_lowbrent,2030,1088.42,6831.6,159.32
nlv2s_lc_C4_NOTHERMAL_lowbrent,2035,1038.2,6757.9,153.63
nlv2s_lc_C4_NOTHERMAL_lowbrent,2040,1163.9,6764.5,172.06
nlv2s_lc_C4_NOTHERMAL_lowbrent,2045,1261.47,6786.1,185.89
nlv2s_lc_C4_NOTHERMAL_lowbrent,2050,1080.71,6866.8,157.38
nlv2s_lc_C4_NOTHERMAL_lowbrent_adv,2027,1251.59,6844.8,182.85
nlv2s_lc_C4_NOTHERMAL_lowbrent_adv,2030,1076.97,6831.6,157.65
nlv2s_lc_C4_NOTHERMAL_lowbrent_adv,2035,1018.6,6757.9,150.73
nlv2s_lc_C4_NOTHERMAL_lowbrent_adv,2040,1089.7,6764.5,161.09
nlv2s_lc_C4_NOTHERMAL_lowbrent_adv,2045,1113.59,6786.1,164.1
nlv2s_lc_C4_NOTHERMAL_lowbrent_adv,2050,930.16,6866.8,135.46
nlv2s_lc_C4_NOTHERMAL_refbrent,2027,1505.99,6844.8,220.02
nlv2s_lc_C4_NOTHERMAL_refbrent,2030,1500.84,6831.6,219.69
nlv2s_lc_C4_NOTHERMAL_refbrent,2035,1411.24,6757.9,208.83
nlv2s_lc_C4_NOTHERMAL_refbrent,2040,1414.5,6764.5,209.11
nlv2s_lc_C4_NOTHERMAL_refbrent,2045,1267.47,6786.1,186.78
nlv2s_lc_C4_NOTHERMAL_refbrent,2050,1092.23,6866.8,159.06
nlv2s_lc_C4_NOTHERMAL_refbrent_adv,2027,1506.08,6844.8,220.03
nlv2s_lc_C4_NOTHERMAL_refbrent_adv,2030,1421.51,6831.6,208.08
nlv2s_lc_C4_NOTHERMAL_refbrent_adv,2035,1343.85,6757.9,198.86
nlv2s_lc_C4_NOTHERMAL_refbrent_adv,2040,1323.39,6764.5,195.64
nlv2s_lc_C4_NOTHERMAL_refbrent_adv,2045,1148.11,6786.1,169.19
nlv2s_lc_C4_NOTHERMAL_refbrent_adv,2050,955.23,6866.8,139.11
nlv2s_lc_C5_LNG375_futbrent,2027,1445.24,6844.8,211.14
nlv2s_lc_C5_LNG375_futbrent,2030,1339.38,6831.6,196.06
nlv2s_lc_C5_LNG375_futbrent,2035,1322.05,6757.9,195.63
nlv2s_lc_C5_LNG375_futbrent,2040,1393.8,6764.5,206.05
nlv2s_lc_C5_LNG375_futbrent,2045,1262.59,6786.1,186.06
nlv2s_lc_C5_LNG375_futbrent,2050,1084.25,6866.8,157.9
nlv2s_lc_C5_LNG375_futbrent_adv,2027,1440.65,6844.8,210.47
nlv2s_lc_C5_LNG375_futbrent_adv,2030,1333.85,6831.6,195.25
nlv2s_lc_C5_LNG375_futbrent_adv,2035,1300.12,6757.9,192.39
nlv2s_lc_C5_LNG375_futbrent_adv,2040,1317.95,6764.5,194.83
nlv2s_lc_C5_LNG375_futbrent_adv,2045,1109.3,6786.1,163.47
nlv2s_lc_C5_LNG375_futbrent_adv,2050,918.0,6866.8,133.69
nlv2s_lc_C5_LNG375_futbrent_j120,2027,1444.53,6844.8,211.04
nlv2s_lc_C5_LNG375_futbrent_j120,2030,1371.17,6831.6,200.71
nlv2s_lc_C5_LNG375_futbrent_j120,2035,1353.23,6757.9,200.24
nlv2s_lc_C5_LNG375_futbrent_j120,2040,1425.32,6764.5,210.71
nlv2s_lc_C5_LNG375_futbrent_j120,2045,1262.73,6786.1,186.08
nlv2s_lc_C5_LNG375_futbrent_j120,2050,1084.89,6866.8,157.99
nlv2s_lc_C5_LNG375_futbrent_j120_adv,2027,1440.67,6844.8,210.48
nlv2s_lc_C5_LNG375_futbrent_j120_adv,2030,1365.47,6831.6,199.88
nlv2s_lc_C5_LNG375_futbrent_j120_adv,2035,1333.11,6757.9,197.27
nlv2s_lc_C5_LNG375_futbrent_j120_adv,2040,1349.17,6764.5,199.45
nlv2s_lc_C5_LNG375_futbrent_j120_adv,2045,1108.71,6786.1,163.38
nlv2s_lc_C5_LNG375_futbrent_j120_adv,2050,917.25,6866.8,133.58
nlv2s_lc_C5_LNG375_highbrent,2027,1584.1,6844.8,231.43
nlv2s_lc_C5_LNG375_highbrent,2030,1614.44,6831.6,236.32
nlv2s_lc_C5_LNG375_highbrent,2035,1630.02,6757.9,241.2
nlv2s_lc_C5_LNG375_highbrent,2040,1618.88,6764.5,239.32
nlv2s_lc_C5_LNG375_highbrent,2045,1277.99,6786.1,188.33
nlv2s_lc_C5_LNG375_highbrent,2050,1101.2,6866.8,160.37
nlv2s_lc_C5_LNG375_highbrent_adv,2027,1572.88,6844.8,229.79
nlv2s_lc_C5_LNG375_highbrent_adv,2030,1591.8,6831.6,233.01
nlv2s_lc_C5_LNG375_highbrent_adv,2035,1553.51,6757.9,229.88
nlv2s_lc_C5_LNG375_highbrent_adv,2040,1533.76,6764.5,226.74
nlv2s_lc_C5_LNG375_highbrent_adv,2045,1140.79,6786.1,168.11
nlv2s_lc_C5_LNG375_highbrent_adv,2050,943.73,6866.8,137.43
nlv2s_lc_C5_LNG375_highbrent_j120,2027,1584.82,6844.8,231.54
nlv2s_lc_C5_LNG375_highbrent_j120,2030,1646.18,6831.6,240.97
nlv2s_lc_C5_LNG375_highbrent_j120,2035,1661.4,6757.9,245.85
nlv2s_lc_C5_LNG375_highbrent_j120,2040,1650.63,6764.5,244.01
nlv2s_lc_C5_LNG375_highbrent_j120,2045,1277.76,6786.1,188.29
nlv2s_lc_C5_LNG375_highbrent_j120,2050,1100.76,6866.8,160.3
nlv2s_lc_C5_LNG375_highbrent_j120_adv,2027,1573.5,6844.8,229.88
nlv2s_lc_C5_LNG375_highbrent_j120_adv,2030,1621.18,6831.6,237.31
nlv2s_lc_C5_LNG375_highbrent_j120_adv,2035,1585.95,6757.9,234.68
nlv2s_lc_C5_LNG375_highbrent_j120_adv,2040,1566.96,6764.5,231.65
nlv2s_lc_C5_LNG375_highbrent_j120_adv,2045,1140.19,6786.1,168.02
nlv2s_lc_C5_LNG375_highbrent_j120_adv,2050,943.69,6866.8,137.43
nlv2s_lc_C5_LNG375_lowbrent,2027,1257.73,6844.8,183.75
nlv2s_lc_C5_LNG375_lowbrent,2030,1167.18,6831.6,170.85
nlv2s_lc_C5_LNG375_lowbrent,2035,1129.78,6757.9,167.18
nlv2s_lc_C5_LNG375_lowbrent,2040,1296.82,6764.5,191.71
nlv2s_lc_C5_LNG375_lowbrent,2045,1260.41,6786.1,185.73
nlv2s_lc_C5_LNG375_lowbrent,2050,1079.0,6866.8,157.13
nlv2s_lc_C5_LNG375_lowbrent_adv,2027,1252.56,6844.8,182.99
nlv2s_lc_C5_LNG375_lowbrent_adv,2030,1151.67,6831.6,168.58
nlv2s_lc_C5_LNG375_lowbrent_adv,2035,1115.09,6757.9,165.01
nlv2s_lc_C5_LNG375_lowbrent_adv,2040,1230.02,6764.5,181.84
nlv2s_lc_C5_LNG375_lowbrent_adv,2045,1112.22,6786.1,163.9
nlv2s_lc_C5_LNG375_lowbrent_adv,2050,928.23,6866.8,135.18
nlv2s_lc_C5_LNG375_lowbrent_j120,2027,1258.43,6844.8,183.85
nlv2s_lc_C5_LNG375_lowbrent_j120,2030,1198.51,6831.6,175.44
nlv2s_lc_C5_LNG375_lowbrent_j120,2035,1160.61,6757.9,171.74
nlv2s_lc_C5_LNG375_lowbrent_j120,2040,1328.92,6764.5,196.46
nlv2s_lc_C5_LNG375_lowbrent_j120,2045,1260.31,6786.1,185.72
nlv2s_lc_C5_LNG375_lowbrent_j120,2050,1078.94,6866.8,157.12
nlv2s_lc_C5_LNG375_lowbrent_j120_adv,2027,1251.45,6844.8,182.83
nlv2s_lc_C5_LNG375_lowbrent_j120_adv,2030,1183.73,6831.6,173.27
nlv2s_lc_C5_LNG375_lowbrent_j120_adv,2035,1146.78,6757.9,169.69
nlv2s_lc_C5_LNG375_lowbrent_j120_adv,2040,1262.31,6764.5,186.61
nlv2s_lc_C5_LNG375_lowbrent_j120_adv,2045,1112.87,6786.1,163.99
nlv2s_lc_C5_LNG375_lowbrent_j120_adv,2050,927.13,6866.8,135.02
nlv2s_lc_C5_LNG375_refbrent,2027,1523.03,6844.8,222.51
nlv2s_lc_C5_LNG375_refbrent,2030,1457.5,6831.6,213.35
nlv2s_lc_C5_LNG375_refbrent,2035,1459.04,6757.9,215.9
nlv2s_lc_C5_LNG375_refbrent,2040,1488.6,6764.5,220.06
nlv2s_lc_C5_LNG375_refbrent,2045,1269.39,6786.1,187.06
nlv2s_lc_C5_LNG375_refbrent,2050,1092.63,6866.8,159.12
nlv2s_lc_C5_LNG375_refbrent_adv,2027,1517.71,6844.8,221.73
nlv2s_lc_C5_LNG375_refbrent_adv,2030,1448.31,6831.6,212.0
nlv2s_lc_C5_LNG375_refbrent_adv,2035,1442.05,6757.9,213.39
nlv2s_lc_C5_LNG375_refbrent_adv,2040,1400.86,6764.5,207.09
nlv2s_lc_C5_LNG375_refbrent_adv,2045,1109.54,6786.1,163.5
nlv2s_lc_C5_LNG375_refbrent_adv,2050,914.89,6866.8,133.23
nlv2s_lc_C5_LNG375_refbrent_j120,2027,1523.64,6844.8,222.6
nlv2s_lc_C5_LNG375_refbrent_j120,2030,1488.12,6831.6,217.83
nlv2s_lc_C5_LNG375_refbrent_j120,2035,1494.01,6757.9,221.08
nlv2s_lc_C5_LNG375_refbrent_j120,2040,1518.99,6764.5,224.55
nlv2s_lc_C5_LNG375_refbrent_j120,2045,1268.36,6786.1,186.91
nlv2s_lc_C5_LNG375_refbrent_j120,2050,1091.84,6866.8,159.0
nlv2s_lc_C5_LNG375_refbrent_j120_adv,2027,1515.04,6844.8,221.34
nlv2s_lc_C5_LNG375_refbrent_j120_adv,2030,1479.01,6831.6,216.5
nlv2s_lc_C5_LNG375_refbrent_j120_adv,2035,1474.91,6757.9,218.25
nlv2s_lc_C5_LNG375_refbrent_j120_adv,2040,1433.71,6764.5,211.95
nlv2s_lc_C5_LNG375_refbrent_j120_adv,2045,1110.51,6786.1,163.65
nlv2s_lc_C5_LNG375_refbrent_j120_adv,2050,915.98,6866.8,133.39
nlv2s_lc_C6_STATUSQUO_futbrent,2027,1440.47,6844.8,210.45
nlv2s_lc_C6_STATUSQUO_futbrent,2030,1435.17,6831.6,210.08
nlv2s_lc_C6_STATUSQUO_futbrent,2035,1418.45,6757.9,209.89
nlv2s_lc_C6_STATUSQUO_futbrent,2040,1538.45,6764.5,227.43
nlv2s_lc_C6_STATUSQUO_futbrent,2045,1366.82,6786.1,201.42
nlv2s_lc_C6_STATUSQUO_futbrent,2050,1185.74,6866.8,172.68
nlv2s_lc_C6_STATUSQUO_futbrent_adv,2027,1435.99,6844.8,209.79
nlv2s_lc_C6_STATUSQUO_futbrent_adv,2030,1430.3,6831.6,209.37
nlv2s_lc_C6_STATUSQUO_futbrent_adv,2035,1409.57,6757.9,208.58
nlv2s_lc_C6_STATUSQUO_futbrent_adv,2040,1464.12,6764.5,216.44
nlv2s_lc_C6_STATUSQUO_futbrent_adv,2045,1214.51,6786.1,178.97
nlv2s_lc_C6_STATUSQUO_futbrent_adv,2050,1023.12,6866.8,149.0
nlv2s_lc_C6_STATUSQUO_futbrent_j120,2027,1441.19,6844.8,210.55
nlv2s_lc_C6_STATUSQUO_futbrent_j120,2030,1474.39,6831.6,215.82
nlv2s_lc_C6_STATUSQUO_futbrent_j120,2035,1457.21,6757.9,215.63
nlv2s_lc_C6_STATUSQUO_futbrent_j120,2040,1578.8,6764.5,233.4
nlv2s_lc_C6_STATUSQUO_futbrent_j120,2045,1367.74,6786.1,201.55
nlv2s_lc_C6_STATUSQUO_futbrent_j120,2050,1186.7,6866.8,172.82
nlv2s_lc_C6_STATUSQUO_futbrent_j120_adv,2027,1434.03,6844.8,209.51
nlv2s_lc_C6_STATUSQUO_futbrent_j120_adv,2030,1468.53,6831.6,214.96
nlv2s_lc_C6_STATUSQUO_futbrent_j120_adv,2035,1448.87,6757.9,214.4
nlv2s_lc_C6_STATUSQUO_futbrent_j120_adv,2040,1504.36,6764.5,222.39
nlv2s_lc_C6_STATUSQUO_futbrent_j120_adv,2045,1215.34,6786.1,179.09
nlv2s_lc_C6_STATUSQUO_futbrent_j120_adv,2050,1024.17,6866.8,149.15
nlv2s_lc_C6_STATUSQUO_highbrent,2027,1584.68,6844.8,231.52
nlv2s_lc_C6_STATUSQUO_highbrent,2030,1726.63,6831.6,252.74
nlv2s_lc_C6_STATUSQUO_highbrent,2035,1762.96,6757.9,260.87
nlv2s_lc_C6_STATUSQUO_highbrent,2040,1749.36,6764.5,258.61
nlv2s_lc_C6_STATUSQUO_highbrent,2045,1366.37,6786.1,201.35
nlv2s_lc_C6_STATUSQUO_highbrent,2050,1187.99,6866.8,173.01
nlv2s_lc_C6_STATUSQUO_highbrent_adv,2027,1585.12,6844.8,231.58
nlv2s_lc_C6_STATUSQUO_highbrent_adv,2030,1722.25,6831.6,252.1
nlv2s_lc_C6_STATUSQUO_highbrent_adv,2035,1680.14,6757.9,248.62
nlv2s_lc_C6_STATUSQUO_highbrent_adv,2040,1660.1,6764.5,245.41
nlv2s_lc_C6_STATUSQUO_highbrent_adv,2045,1223.63,6786.1,180.31
nlv2s_lc_C6_STATUSQUO_highbrent_adv,2050,1023.93,6866.8,149.11
nlv2s_lc_C6_STATUSQUO_highbrent_j120,2027,1587.43,6844.8,231.92
nlv2s_lc_C6_STATUSQUO_highbrent_j120,2030,1765.47,6831.6,258.43
nlv2s_lc_C6_STATUSQUO_highbrent_j120,2035,1803.36,6757.9,266.85
nlv2s_lc_C6_STATUSQUO_highbrent_j120,2040,1787.59,6764.5,264.26
nlv2s_lc_C6_STATUSQUO_highbrent_j120,2045,1365.36,6786.1,201.2
nlv2s_lc_C6_STATUSQUO_highbrent_j120,2050,1186.81,6866.8,172.83
nlv2s_lc_C6_STATUSQUO_highbrent_j120_adv,2027,1585.42,6844.8,231.62
nlv2s_lc_C6_STATUSQUO_highbrent_j120_adv,2030,1760.87,6831.6,257.75
nlv2s_lc_C6_STATUSQUO_highbrent_j120_adv,2035,1718.98,6757.9,254.36
nlv2s_lc_C6_STATUSQUO_highbrent_j120_adv,2040,1699.16,6764.5,251.19
nlv2s_lc_C6_STATUSQUO_highbrent_j120_adv,2045,1223.62,6786.1,180.31
nlv2s_lc_C6_STATUSQUO_highbrent_j120_adv,2050,1023.92,6866.8,149.11
nlv2s_lc_C6_STATUSQUO_lowbrent,2027,1258.58,6844.8,183.87
nlv2s_lc_C6_STATUSQUO_lowbrent,2030,1280.69,6831.6,187.47
nlv2s_lc_C6_STATUSQUO_lowbrent,2035,1245.12,6757.9,184.25
nlv2s_lc_C6_STATUSQUO_lowbrent,2040,1441.22,6764.5,213.06
nlv2s_lc_C6_STATUSQUO_lowbrent,2045,1363.7,6786.1,200.96
nlv2s_lc_C6_STATUSQUO_lowbrent,2050,1179.77,6866.8,171.81
nlv2s_lc_C6_STATUSQUO_lowbrent_adv,2027,1253.41,6844.8,183.12
nlv2s_lc_C6_STATUSQUO_lowbrent_adv,2030,1269.07,6831.6,185.77
nlv2s_lc_C6_STATUSQUO_lowbrent_adv,2035,1232.87,6757.9,182.43
nlv2s_lc_C6_STATUSQUO_lowbrent_adv,2040,1369.11,6764.5,202.4
nlv2s_lc_C6_STATUSQUO_lowbrent_adv,2045,1210.14,6786.1,178.33
nlv2s_lc_C6_STATUSQUO_lowbrent_adv,2050,1018.74,6866.8,148.36
nlv2s_lc_C6_STATUSQUO_lowbrent_j120,2027,1257.69,6844.8,183.74
nlv2s_lc_C6_STATUSQUO_lowbrent_j120,2030,1322.03,6831.6,193.52
nlv2s_lc_C6_STATUSQUO_lowbrent_j120,2035,1285.31,6757.9,190.19
nlv2s_lc_C6_STATUSQUO_lowbrent_j120,2040,1479.14,6764.5,218.66
nlv2s_lc_C6_STATUSQUO_lowbrent_j120,2045,1362.45,6786.1,200.77
nlv2s_lc_C6_STATUSQUO_lowbrent_j120,2050,1178.89,6866.8,171.68
nlv2s_lc_C6_STATUSQUO_lowbrent_j120_adv,2027,1254.62,6844.8,183.29
nlv2s_lc_C6_STATUSQUO_lowbrent_j120_adv,2030,1307.24,6831.6,191.35
nlv2s_lc_C6_STATUSQUO_lowbrent_j120_adv,2035,1272.26,6757.9,188.26
nlv2s_lc_C6_STATUSQUO_lowbrent_j120_adv,2040,1407.85,6764.5,208.12
nlv2s_lc_C6_STATUSQUO_lowbrent_j120_adv,2045,1209.93,6786.1,178.3
nlv2s_lc_C6_STATUSQUO_lowbrent_j120_adv,2050,1018.22,6866.8,148.28
nlv2s_lc_C6_STATUSQUO_refbrent,2027,1530.06,6844.8,223.54
nlv2s_lc_C6_STATUSQUO_refbrent,2030,1555.68,6831.6,227.72
nlv2s_lc_C6_STATUSQUO_refbrent,2035,1571.81,6757.9,232.59
nlv2s_lc_C6_STATUSQUO_refbrent,2040,1629.46,6764.5,240.89
nlv2s_lc_C6_STATUSQUO_refbrent,2045,1369.71,6786.1,201.84
nlv2s_lc_C6_STATUSQUO_refbrent,2050,1190.77,6866.8,173.41
nlv2s_lc_C6_STATUSQUO_refbrent_adv,2027,1525.46,6844.8,222.86
nlv2s_lc_C6_STATUSQUO_refbrent_adv,2030,1550.7,6831.6,226.99
nlv2s_lc_C6_STATUSQUO_refbrent_adv,2035,1577.38,6757.9,233.41
nlv2s_lc_C6_STATUSQUO_refbrent_adv,2040,1535.3,6764.5,226.97
nlv2s_lc_C6_STATUSQUO_refbrent_adv,2045,1201.89,6786.1,177.11
nlv2s_lc_C6_STATUSQUO_refbrent_adv,2050,1004.45,6866.8,146.28
nlv2s_lc_C6_STATUSQUO_refbrent_j120,2027,1531.5,6844.8,223.75
nlv2s_lc_C6_STATUSQUO_refbrent_j120,2030,1594.77,6831.6,233.44
nlv2s_lc_C6_STATUSQUO_refbrent_j120,2035,1606.83,6757.9,237.77
nlv2s_lc_C6_STATUSQUO_refbrent_j120,2040,1670.53,6764.5,246.96
nlv2s_lc_C6_STATUSQUO_refbrent_j120,2045,1370.53,6786.1,201.96
nlv2s_lc_C6_STATUSQUO_refbrent_j120,2050,1191.56,6866.8,173.52
nlv2s_lc_C6_STATUSQUO_refbrent_j120_adv,2027,1523.32,6844.8,222.55
nlv2s_lc_C6_STATUSQUO_refbrent_j120_adv,2030,1590.14,6831.6,232.76
nlv2s_lc_C6_STATUSQUO_refbrent_j120_adv,2035,1615.81,6757.9,239.1
nlv2s_lc_C6_STATUSQUO_refbrent_j120_adv,2040,1575.08,6764.5,232.85
nlv2s_lc_C6_STATUSQUO_refbrent_j120_adv,2045,1202.54,6786.1,177.21
nlv2s_lc_C6_STATUSQUO_refbrent_j120_adv,2050,1005.17,6866.8,146.38
nlv2s_lngconv_heco_futbrent,2027,1403.49,6844.8,205.04
nlv2s_lngconv_heco_futbrent,2030,1178.71,6831.6,172.54
nlv2s_lngconv_heco_futbrent,2035,1157.9,6757.9,171.34
nlv2s_lngconv_heco_futbrent,2040,1237.79,6764.5,182.98
nlv2s_lngconv_heco_futbrent,2045,1257.73,6786.1,185.34
nlv2s_lngconv_heco_futbrent,2050,1113.51,6866.8,162.16
nlv2s_lngconv_heco_highbrent,2027,1553.89,6844.8,227.02
nlv2s_lngconv_heco_highbrent,2030,1522.59,6831.6,222.87
nlv2s_lngconv_heco_highbrent,2035,1458.16,6757.9,215.77
nlv2s_lngconv_heco_highbrent,2040,1461.84,6764.5,216.11
nlv2s_lngconv_heco_highbrent,2045,1267.57,6786.1,186.79
nlv2s_lngconv_heco_highbrent,2050,1124.99,6866.8,163.83
nlv2s_lngconv_heco_lowbrent,2027,1225.58,6844.8,179.05
nlv2s_lngconv_heco_lowbrent,2030,1005.34,6831.6,147.16
nlv2s_lngconv_heco_lowbrent,2035,971.92,6757.9,143.82
nlv2s_lngconv_heco_lowbrent,2040,1135.34,6764.5,167.84
nlv2s_lngconv_heco_lowbrent,2045,1244.19,6786.1,183.35
nlv2s_lngconv_heco_lowbrent,2050,1099.64,6866.8,160.14
nlv2s_lngconv_heco_refbrent,2027,1488.38,6844.8,217.45
nlv2s_lngconv_heco_refbrent,2030,1320.62,6831.6,193.31
nlv2s_lngconv_heco_refbrent,2035,1332.5,6757.9,197.18
nlv2s_lngconv_heco_refbrent,2040,1318.63,6764.5,194.94
nlv2s_lngconv_heco_refbrent,2045,1245.36,6786.1,183.52
nlv2s_lngconv_heco_refbrent,2050,1105.42,6866.8,160.98
nlv2s_lngconv_noplant_refbrent,2027,1475.61,6844.8,215.58
nlv2s_lngconv_noplant_refbrent,2030,1429.87,6831.6,209.3
nlv2s_lngconv_noplant_refbrent,2035,1361.64,6757.9,201.49
nlv2s_lngconv_noplant_refbrent,2040,1347.46,6764.5,199.2
nlv2s_lngconv_noplant_refbrent,2045,1250.49,6786.1,184.27
nlv2s_lngconv_noplant_refbrent,2050,1110.67,6866.8,161.74
nlv2s_lngconv_opt_refbrent,2027,1474.98,6844.8,215.49
nlv2s_lngconv_opt_refbrent,2030,1429.57,6831.6,209.26
nlv2s_lngconv_opt_refbrent,2035,1361.1,6757.9,201.41
nlv2s_lngconv_opt_refbrent,2040,1347.81,6764.5,199.25
nlv2s_lngconv_opt_refbrent,2045,1251.39,6786.1,184.41
nlv2s_lngconv_opt_refbrent,2050,1111.47,6866.8,161.86
nlv2s_lngconv_wjera_refbrent,2027,1512.92,6844.8,221.03
nlv2s_lngconv_wjera_refbrent,2030,1389.17,6831.6,203.34
nlv2s_lngconv_wjera_refbrent,2035,1412.87,6757.9,209.07
nlv2s_lngconv_wjera_refbrent,2040,1461.98,6764.5,216.13
nlv2s_lngconv_wjera_refbrent,2045,1257.71,6786.1,185.34
nlv2s_lngconv_wjera_refbrent,2050,1116.22,6866.8,162.55
nlv2s_norps_LNG500_refbrent,2027,1489.57,6844.8,217.62
nlv2s_norps_LNG500_refbrent,2030,1424.05,6831.6,208.45
nlv2s_norps_LNG500_refbrent,2035,1427.19,6757.9,211.19
nlv2s_norps_LNG500_refbrent,2040,1419.56,6764.5,209.85
nlv2s_norps_LNG500_refbrent,2045,1195.93,6786.1,176.23
nlv2s_norps_LNG500_refbrent,2050,1058.97,6866.8,154.22
nlv2s_norps_LNG500_refbrent_j120,2027,1489.52,6844.8,217.61
nlv2s_norps_LNG500_refbrent_j120,2030,1460.76,6831.6,213.82
nlv2s_norps_LNG500_refbrent_j120,2035,1463.86,6757.9,216.61
nlv2s_norps_LNG500_refbrent_j120,2040,1456.65,6764.5,215.34
nlv2s_norps_LNG500_refbrent_j120,2045,1222.37,6786.1,180.13
nlv2s_norps_LNG500_refbrent_j120,2050,1082.26,6866.8,157.61
nlv2s_norps_LNGOPT_refbrent,2027,1490.27,6844.8,217.72
nlv2s_norps_LNGOPT_refbrent,2030,1414.22,6831.6,207.01
nlv2s_norps_LNGOPT_refbrent,2035,1412.95,6757.9,209.08
nlv2s_norps_LNGOPT_refbrent,2040,1406.73,6764.5,207.96
nlv2s_norps_LNGOPT_refbrent,2045,1191.94,6786.1,175.64
nlv2s_norps_LNGOPT_refbrent,2050,1052.84,6866.8,153.32
nlv2s_norps_NOTHERMAL_refbrent,2027,1472.5,6844.8,215.13
nlv2s_norps_NOTHERMAL_refbrent,2030,1470.33,6831.6,215.22
nlv2s_norps_NOTHERMAL_refbrent,2035,1385.7,6757.9,205.05
nlv2s_norps_NOTHERMAL_refbrent,2040,1386.89,6764.5,205.03
nlv2s_norps_NOTHERMAL_refbrent,2045,1209.83,6786.1,178.28
nlv2s_norps_NOTHERMAL_refbrent,2050,1066.14,6866.8,155.26
nlv2s_plan_hseo_lng_hybrid_refbrent,2027,1494.85,6844.8,218.39
nlv2s_plan_hseo_lng_hybrid_refbrent,2030,1380.83,6831.6,202.12
nlv2s_plan_hseo_lng_hybrid_refbrent,2035,1461.6,6757.9,216.28
nlv2s_plan_hseo_lng_hybrid_refbrent,2040,1452.64,6764.5,214.75
nlv2s_plan_hseo_lng_hybrid_refbrent,2045,1776.38,6786.1,261.77
nlv2s_plan_hseo_lng_hybrid_refbrent,2050,1703.9,6866.8,248.14
nlv2s_plan_hseo_lng_pv15_hybrid_refbrent,2027,1572.58,6844.8,229.75
nlv2s_plan_hseo_lng_pv15_hybrid_refbrent,2030,1433.99,6831.6,209.91
nlv2s_plan_hseo_lng_pv15_hybrid_refbrent,2035,1514.84,6757.9,224.16
nlv2s_plan_hseo_lng_pv15_hybrid_refbrent,2040,1501.76,6764.5,222.01
nlv2s_plan_hseo_lng_pv15_hybrid_refbrent,2045,1833.19,6786.1,270.14
nlv2s_plan_hseo_lng_pv15_hybrid_refbrent,2050,1766.54,6866.8,257.26
nlv2s_plan_hseo_lng_pv17_hybrid_refbrent,2027,1621.33,6844.8,236.87
nlv2s_plan_hseo_lng_pv17_hybrid_refbrent,2030,1446.74,6831.6,211.77
nlv2s_plan_hseo_lng_pv17_hybrid_refbrent,2035,1529.84,6757.9,226.38
nlv2s_plan_hseo_lng_pv17_hybrid_refbrent,2040,1513.83,6764.5,223.79
nlv2s_plan_hseo_lng_pv17_hybrid_refbrent,2045,1848.41,6786.1,272.38
nlv2s_plan_hseo_lng_pv17_hybrid_refbrent,2050,1784.2,6866.8,259.83
nlv2s_plan_hseo_oil_hybrid_refbrent,2027,1495.36,6844.8,218.47
nlv2s_plan_hseo_oil_hybrid_refbrent,2030,1502.46,6831.6,219.93
nlv2s_plan_hseo_oil_hybrid_refbrent,2035,1531.34,6757.9,226.6
nlv2s_plan_hseo_oil_hybrid_refbrent,2040,1513.06,6764.5,223.68
nlv2s_plan_hseo_oil_hybrid_refbrent,2045,1737.87,6786.1,256.09
nlv2s_plan_hseo_oil_hybrid_refbrent,2050,1672.8,6866.8,243.61
nlv2s_plan_hseo_oil_pv15_hybrid_refbrent,2027,1573.74,6844.8,229.92
nlv2s_plan_hseo_oil_pv15_hybrid_refbrent,2030,1555.37,6831.6,227.67
nlv2s_plan_hseo_oil_pv15_hybrid_refbrent,2035,1584.93,6757.9,234.53
nlv2s_plan_hseo_oil_pv15_hybrid_refbrent,2040,1569.54,6764.5,232.03
nlv2s_plan_hseo_oil_pv15_hybrid_refbrent,2045,1802.16,6786.1,265.57
nlv2s_plan_hseo_oil_pv15_hybrid_refbrent,2050,1742.07,6866.8,253.69
nlv2s_plan_hseo_oil_pv17_hybrid_refbrent,2027,1621.91,6844.8,236.95
nlv2s_plan_hseo_oil_pv17_hybrid_refbrent,2030,1568.59,6831.6,229.61
nlv2s_plan_hseo_oil_pv17_hybrid_refbrent,2035,1601.57,6757.9,236.99
nlv2s_plan_hseo_oil_pv17_hybrid_refbrent,2040,1587.1,6764.5,234.62
nlv2s_plan_hseo_oil_pv17_hybrid_refbrent,2045,1823.14,6786.1,268.66
nlv2s_plan_hseo_oil_pv17_hybrid_refbrent,2050,1765.58,6866.8,257.12
nlv2s_wb_C5_LNG375_refbrent,2027,1489.85,6844.8,217.66
nlv2s_wb_C5_LNG375_refbrent,2030,1426.21,6831.6,208.77
nlv2s_wb_C5_LNG375_refbrent,2035,1433.03,6757.9,212.05
nlv2s_wb_C5_LNG375_refbrent,2040,1459.51,6764.5,215.76
nlv2s_wb_C5_LNG375_refbrent,2045,1255.91,6786.1,185.07
nlv2s_wb_C5_LNG375_refbrent,2050,1114.5,6866.8,162.3
nlv2s_wb_C5_LNG375_refbrent_adv,2027,1484.12,6844.8,216.82
nlv2s_wb_C5_LNG375_refbrent_adv,2030,1414.85,6831.6,207.1
nlv2s_wb_C5_LNG375_refbrent_adv,2035,1411.2,6757.9,208.82
nlv2s_wb_C5_LNG375_refbrent_adv,2040,1369.72,6764.5,202.49
nlv2s_wb_C5_LNG375_refbrent_adv,2045,1093.86,6786.1,161.19
nlv2s_wb_C5_LNG375_refbrent_adv,2050,936.84,6866.8,136.43
nlv2s_wb_C5_LNG375_refbrent_j120,2027,1492.0,6844.8,217.97
nlv2s_wb_C5_LNG375_refbrent_j120,2030,1458.18,6831.6,213.45
nlv2s_wb_C5_LNG375_refbrent_j120,2035,1464.49,6757.9,216.71
nlv2s_wb_C5_LNG375_refbrent_j120,2040,1490.31,6764.5,220.31
nlv2s_wb_C5_LNG375_refbrent_j120,2045,1255.42,6786.1,185.0
nlv2s_wb_C5_LNG375_refbrent_j120,2050,1114.01,6866.8,162.23
nlv2s_wb_C5_LNG375_refbrent_j120_adv,2027,1480.53,6844.8,216.3
nlv2s_wb_C5_LNG375_refbrent_j120_adv,2030,1445.73,6831.6,211.62
nlv2s_wb_C5_LNG375_refbrent_j120_adv,2035,1443.14,6757.9,213.55
nlv2s_wb_C5_LNG375_refbrent_j120_adv,2040,1403.28,6764.5,207.45
nlv2s_wb_C5_LNG375_refbrent_j120_adv,2045,1095.76,6786.1,161.47
nlv2s_wb_C5_LNG375_refbrent_j120_adv,2050,939.29,6866.8,136.79
nlv2s_wb_C6_LNG500_futbrent,2027,1410.97,6844.8,206.14
nlv2s_wb_C6_LNG500_futbrent,2030,1314.41,6831.6,192.4
nlv2s_wb_C6_LNG500_futbrent,2035,1299.92,6757.9,192.36
nlv2s_wb_C6_LNG500_futbrent,2040,1414.93,6764.5,209.17
nlv2s_wb_C6_LNG500_futbrent,2045,1257.97,6786.1,185.38
nlv2s_wb_C6_LNG500_futbrent,2050,1113.93,6866.8,162.22
nlv2s_wb_C6_LNG500_futbrent_adv,2027,1403.71,6844.8,205.08
nlv2s_wb_C6_LNG500_futbrent_adv,2030,1307.04,6831.6,191.32
nlv2s_wb_C6_LNG500_futbrent_adv,2035,1287.52,6757.9,190.52
nlv2s_wb_C6_LNG500_futbrent_adv,2040,1337.52,6764.5,197.73
nlv2s_wb_C6_LNG500_futbrent_adv,2045,1101.44,6786.1,162.31
nlv2s_wb_C6_LNG500_futbrent_adv,2050,950.31,6866.8,138.39
nlv2s_wb_C6_LNG500_futbrent_j120,2027,1409.44,6844.8,205.91
nlv2s_wb_C6_LNG500_futbrent_j120,2030,1353.67,6831.6,198.15
nlv2s_wb_C6_LNG500_futbrent_j120,2035,1338.88,6757.9,198.12
nlv2s_wb_C6_LNG500_futbrent_j120,2040,1454.94,6764.5,215.09
nlv2s_wb_C6_LNG500_futbrent_j120,2045,1258.27,6786.1,185.42
nlv2s_wb_C6_LNG500_futbrent_j120,2050,1113.63,6866.8,162.18
nlv2s_wb_C6_LNG500_futbrent_j120_adv,2027,1405.61,6844.8,205.35
nlv2s_wb_C6_LNG500_futbrent_j120_adv,2030,1346.8,6831.6,197.14
nlv2s_wb_C6_LNG500_futbrent_j120_adv,2035,1325.48,6757.9,196.14
nlv2s_wb_C6_LNG500_futbrent_j120_adv,2040,1378.19,6764.5,203.74
nlv2s_wb_C6_LNG500_futbrent_j120_adv,2045,1100.21,6786.1,162.13
nlv2s_wb_C6_LNG500_futbrent_j120_adv,2050,948.03,6866.8,138.06
nlv2s_wb_C6_LNG500_highbrent,2027,1554.0,6844.8,227.03
nlv2s_wb_C6_LNG500_highbrent,2030,1603.34,6831.6,234.7
nlv2s_wb_C6_LNG500_highbrent,2035,1638.19,6757.9,242.41
nlv2s_wb_C6_LNG500_highbrent,2040,1629.79,6764.5,240.93
nlv2s_wb_C6_LNG500_highbrent,2045,1261.37,6786.1,185.88
nlv2s_wb_C6_LNG500_highbrent,2050,1118.78,6866.8,162.93
nlv2s_wb_C6_LNG500_highbrent_adv,2027,1543.58,6844.8,225.51
nlv2s_wb_C6_LNG500_highbrent_adv,2030,1593.67,6831.6,233.28
nlv2s_wb_C6_LNG500_highbrent_adv,2035,1558.68,6757.9,230.64
nlv2s_wb_C6_LNG500_highbrent_adv,2040,1538.77,6764.5,227.48
nlv2s_wb_C6_LNG500_highbrent_adv,2045,1118.3,6786.1,164.79
nlv2s_wb_C6_LNG500_highbrent_adv,2050,956.13,6866.8,139.24
nlv2s_wb_C6_LNG500_highbrent_j120,2027,1555.95,6844.8,227.32
nlv2s_wb_C6_LNG500_highbrent_j120,2030,1642.71,6831.6,240.46
nlv2s_wb_C6_LNG500_highbrent_j120,2035,1677.24,6757.9,248.19
nlv2s_wb_C6_LNG500_highbrent_j120,2040,1666.08,6764.5,246.3
nlv2s_wb_C6_LNG500_highbrent_j120,2045,1261.25,6786.1,185.86
nlv2s_wb_C6_LNG500_highbrent_j120,2050,1118.13,6866.8,162.83
nlv2s_wb_C6_LNG500_highbrent_j120_adv,2027,1543.76,6844.8,225.54
nlv2s_wb_C6_LNG500_highbrent_j120_adv,2030,1632.73,6831.6,239.0
nlv2s_wb_C6_LNG500_highbrent_j120_adv,2035,1597.73,6757.9,236.42
nlv2s_wb_C6_LNG500_highbrent_j120_adv,2040,1577.83,6764.5,233.25
nlv2s_wb_C6_LNG500_highbrent_j120_adv,2045,1118.3,6786.1,164.79
nlv2s_wb_C6_LNG500_highbrent_j120_adv,2050,956.14,6866.8,139.24
nlv2s_wb_C6_LNG500_lowbrent,2027,1226.89,6844.8,179.24
nlv2s_wb_C6_LNG500_lowbrent,2030,1164.64,6831.6,170.48
nlv2s_wb_C6_LNG500_lowbrent,2035,1128.31,6757.9,166.96
nlv2s_wb_C6_LNG500_lowbrent,2040,1312.68,6764.5,194.05
nlv2s_wb_C6_LNG500_lowbrent,2045,1247.1,6786.1,183.77
nlv2s_wb_C6_LNG500_lowbrent,2050,1101.87,6866.8,160.46
nlv2s_wb_C6_LNG500_lowbrent_adv,2027,1218.51,6844.8,178.02
nlv2s_wb_C6_LNG500_lowbrent_adv,2030,1144.81,6831.6,167.58
nlv2s_wb_C6_LNG500_lowbrent_adv,2035,1109.26,6757.9,164.14
nlv2s_wb_C6_LNG500_lowbrent_adv,2040,1242.98,6764.5,183.75
nlv2s_wb_C6_LNG500_lowbrent_adv,2045,1098.01,6786.1,161.8
nlv2s_wb_C6_LNG500_lowbrent_adv,2050,952.0,6866.8,138.64
nlv2s_wb_C6_LNG500_lowbrent_j120,2027,1226.18,6844.8,179.14
nlv2s_wb_C6_LNG500_lowbrent_j120,2030,1203.35,6831.6,176.14
nlv2s_wb_C6_LNG500_lowbrent_j120,2035,1166.93,6757.9,172.68
nlv2s_wb_C6_LNG500_lowbrent_j120,2040,1351.94,6764.5,199.86
nlv2s_wb_C6_LNG500_lowbrent_j120,2045,1247.28,6786.1,183.8
nlv2s_wb_C6_LNG500_lowbrent_j120,2050,1101.89,6866.8,160.47
nlv2s_wb_C6_LNG500_lowbrent_j120_adv,2027,1218.35,6844.8,178.0
nlv2s_wb_C6_LNG500_lowbrent_j120_adv,2030,1183.64,6831.6,173.26
nlv2s_wb_C6_LNG500_lowbrent_j120_adv,2035,1148.17,6757.9,169.9
nlv2s_wb_C6_LNG500_lowbrent_j120_adv,2040,1282.2,6764.5,189.55
nlv2s_wb_C6_LNG500_lowbrent_j120_adv,2045,1098.99,6786.1,161.95
nlv2s_wb_C6_LNG500_lowbrent_j120_adv,2050,952.44,6866.8,138.7
nlv2s_wb_C6_LNG500_refbrent,2027,1494.47,6844.8,218.34
nlv2s_wb_C6_LNG500_refbrent,2030,1436.38,6831.6,210.26
nlv2s_wb_C6_LNG500_refbrent,2035,1454.22,6757.9,215.19
nlv2s_wb_C6_LNG500_refbrent,2040,1505.35,6764.5,222.54
nlv2s_wb_C6_LNG500_refbrent,2045,1261.53,6786.1,185.9
nlv2s_wb_C6_LNG500_refbrent,2050,1119.81,6866.8,163.08
nlv2s_wb_C6_LNG500_refbrent_adv,2027,1492.35,6844.8,218.03
nlv2s_wb_C6_LNG500_refbrent_adv,2030,1427.87,6831.6,209.01
nlv2s_wb_C6_LNG500_refbrent_adv,2035,1447.23,6757.9,214.15
nlv2s_wb_C6_LNG500_refbrent_adv,2040,1410.09,6764.5,208.46
nlv2s_wb_C6_LNG500_refbrent_adv,2045,1093.1,6786.1,161.08
nlv2s_wb_C6_LNG500_refbrent_adv,2050,936.33,6866.8,136.36
nlv2s_wb_C6_LNG500_refbrent_j120,2027,1491.05,6844.8,217.84
nlv2s_wb_C6_LNG500_refbrent_j120,2030,1475.35,6831.6,215.96
nlv2s_wb_C6_LNG500_refbrent_j120,2035,1493.67,6757.9,221.02
nlv2s_wb_C6_LNG500_refbrent_j120,2040,1544.35,6764.5,228.3
nlv2s_wb_C6_LNG500_refbrent_j120,2045,1262.05,6786.1,185.98
nlv2s_wb_C6_LNG500_refbrent_j120,2050,1119.93,6866.8,163.09
nlv2s_wb_C6_LNG500_refbrent_j120_adv,2027,1491.45,6844.8,217.9
nlv2s_wb_C6_LNG500_refbrent_j120_adv,2030,1467.71,6831.6,214.84
nlv2s_wb_C6_LNG500_refbrent_j120_adv,2035,1488.8,6757.9,220.3
nlv2s_wb_C6_LNG500_refbrent_j120_adv,2040,1447.8,6764.5,214.03
nlv2s_wb_C6_LNG500_refbrent_j120_adv,2045,1092.59,6786.1,161.01
nlv2s_wb_C6_LNG500_refbrent_j120_adv,2050,934.77,6866.8,136.13
nlv2s_wr_C1_LSFO250_futbrent,2027,1393.22,6844.8,203.54
nlv2s_wr_C1_LSFO250_futbrent,2030,1428.98,6831.6,209.17
nlv2s_wr_C1_LSFO250_futbrent,2035,1420.85,6757.9,210.25
nlv2s_wr_C1_LSFO250_futbrent,2040,1405.84,6764.5,207.83
nlv2s_wr_C1_LSFO250_futbrent,2045,1384.26,6786.1,203.99
nlv2s_wr_C1_LSFO250_futbrent,2050,1236.67,6866.8,180.09
nlv2s_wr_C1_LSFO250_futbrent_adv,2027,1387.76,6844.8,202.75
nlv2s_wr_C1_LSFO250_futbrent_adv,2030,1420.67,6831.6,207.96
nlv2s_wr_C1_LSFO250_futbrent_adv,2035,1362.96,6757.9,201.68
nlv2s_wr_C1_LSFO250_futbrent_adv,2040,1325.01,6764.5,195.88
nlv2s_wr_C1_LSFO250_futbrent_adv,2045,1232.75,6786.1,181.66
nlv2s_wr_C1_LSFO250_futbrent_adv,2050,1068.78,6866.8,155.64
nlv2s_wr_C1_LSFO250_highbrent,2027,1553.69,6844.8,226.99
nlv2s_wr_C1_LSFO250_highbrent,2030,1687.44,6831.6,247.01
nlv2s_wr_C1_LSFO250_highbrent,2035,1622.93,6757.9,240.15
nlv2s_wr_C1_LSFO250_highbrent,2040,1626.93,6764.5,240.51
nlv2s_wr_C1_LSFO250_highbrent,2045,1423.31,6786.1,209.74
nlv2s_wr_C1_LSFO250_highbrent,2050,1278.63,6866.8,186.2
nlv2s_wr_C1_LSFO250_highbrent_adv,2027,1541.93,6844.8,225.27
nlv2s_wr_C1_LSFO250_highbrent_adv,2030,1609.74,6831.6,235.63
nlv2s_wr_C1_LSFO250_highbrent_adv,2035,1547.9,6757.9,229.05
nlv2s_wr_C1_LSFO250_highbrent_adv,2040,1523.8,6764.5,225.27
nlv2s_wr_C1_LSFO250_highbrent_adv,2045,1298.54,6786.1,191.35
nlv2s_wr_C1_LSFO250_highbrent_adv,2050,1139.06,6866.8,165.88
nlv2s_wr_C1_LSFO250_lowbrent,2027,1226.18,6844.8,179.14
nlv2s_wr_C1_LSFO250_lowbrent,2030,1178.05,6831.6,172.44
nlv2s_wr_C1_LSFO250_lowbrent,2035,1133.82,6757.9,167.78
nlv2s_wr_C1_LSFO250_lowbrent,2040,1281.2,6764.5,189.4
nlv2s_wr_C1_LSFO250_lowbrent,2045,1390.32,6786.1,204.88
nlv2s_wr_C1_LSFO250_lowbrent,2050,1241.92,6866.8,180.86
nlv2s_wr_C1_LSFO250_lowbrent_adv,2027,1218.85,6844.8,178.07
nlv2s_wr_C1_LSFO250_lowbrent_adv,2030,1159.82,6831.6,169.77
nlv2s_wr_C1_LSFO250_lowbrent_adv,2035,1104.87,6757.9,163.49
nlv2s_wr_C1_LSFO250_lowbrent_adv,2040,1209.61,6764.5,178.82
nlv2s_wr_C1_LSFO250_lowbrent_adv,2045,1249.23,6786.1,184.09
nlv2s_wr_C1_LSFO250_lowbrent_adv,2050,1092.57,6866.8,159.11
nlv2s_wr_C1_LSFO250_refbrent,2027,1471.26,6844.8,214.95
nlv2s_wr_C1_LSFO250_refbrent,2030,1541.92,6831.6,225.7
nlv2s_wr_C1_LSFO250_refbrent,2035,1518.78,6757.9,224.74
nlv2s_wr_C1_LSFO250_refbrent,2040,1512.4,6764.5,223.58
nlv2s_wr_C1_LSFO250_refbrent,2045,1399.49,6786.1,206.23
nlv2s_wr_C1_LSFO250_refbrent,2050,1256.02,6866.8,182.91
nlv2s_wr_C1_LSFO250_refbrent_adv,2027,1474.21,6844.8,215.38
nlv2s_wr_C1_LSFO250_refbrent_adv,2030,1525.81,6831.6,223.35
nlv2s_wr_C1_LSFO250_refbrent_adv,2035,1442.3,6757.9,213.42
nlv2s_wr_C1_LSFO250_refbrent_adv,2040,1419.74,6764.5,209.88
nlv2s_wr_C1_LSFO250_refbrent_adv,2045,1254.38,6786.1,184.85
nlv2s_wr_C1_LSFO250_refbrent_adv,2050,1092.28,6866.8,159.07
nlv2s_wr_C4_NOTHERMAL_futbrent,2027,1391.47,6844.8,203.29
nlv2s_wr_C4_NOTHERMAL_futbrent,2030,1418.24,6831.6,207.6
nlv2s_wr_C4_NOTHERMAL_futbrent,2035,1384.43,6757.9,204.86
nlv2s_wr_C4_NOTHERMAL_futbrent,2040,1368.29,6764.5,202.28
nlv2s_wr_C4_NOTHERMAL_futbrent,2045,1330.99,6786.1,196.14
nlv2s_wr_C4_NOTHERMAL_futbrent,2050,1187.18,6866.8,172.89
nlv2s_wr_C4_NOTHERMAL_futbrent_adv,2027,1384.83,6844.8,202.32
nlv2s_wr_C4_NOTHERMAL_futbrent_adv,2030,1409.04,6831.6,206.25
nlv2s_wr_C4_NOTHERMAL_futbrent_adv,2035,1318.16,6757.9,195.05
nlv2s_wr_C4_NOTHERMAL_futbrent_adv,2040,1285.68,6764.5,190.06
nlv2s_wr_C4_NOTHERMAL_futbrent_adv,2045,1180.98,6786.1,174.03
nlv2s_wr_C4_NOTHERMAL_futbrent_adv,2050,1018.47,6866.8,148.32
nlv2s_wr_C4_NOTHERMAL_highbrent,2027,1554.25,6844.8,227.07
nlv2s_wr_C4_NOTHERMAL_highbrent,2030,1621.8,6831.6,237.4
nlv2s_wr_C4_NOTHERMAL_highbrent,2035,1592.68,6757.9,235.68
nlv2s_wr_C4_NOTHERMAL_highbrent,2040,1593.42,6764.5,235.56
nlv2s_wr_C4_NOTHERMAL_highbrent,2045,1399.13,6786.1,206.18
nlv2s_wr_C4_NOTHERMAL_highbrent,2050,1254.4,6866.8,182.68
nlv2s_wr_C4_NOTHERMAL_highbrent_adv,2027,1545.76,6844.8,225.83
nlv2s_wr_C4_NOTHERMAL_highbrent_adv,2030,1540.7,6831.6,225.53
nlv2s_wr_C4_NOTHERMAL_highbrent_adv,2035,1509.23,6757.9,223.33
nlv2s_wr_C4_NOTHERMAL_highbrent_adv,2040,1484.87,6764.5,219.51
nlv2s_wr_C4_NOTHERMAL_highbrent_adv,2045,1259.64,6786.1,185.62
nlv2s_wr_C4_NOTHERMAL_highbrent_adv,2050,1102.26,6866.8,160.52
nlv2s_wr_C4_NOTHERMAL_lowbrent,2027,1226.12,6844.8,179.13
nlv2s_wr_C4_NOTHERMAL_lowbrent,2030,1137.38,6831.6,166.49
nlv2s_wr_C4_NOTHERMAL_lowbrent,2035,1090.62,6757.9,161.38
nlv2s_wr_C4_NOTHERMAL_lowbrent,2040,1225.97,6764.5,181.24
nlv2s_wr_C4_NOTHERMAL_lowbrent,2045,1339.78,6786.1,197.43
nlv2s_wr_C4_NOTHERMAL_lowbrent,2050,1191.75,6866.8,173.55
nlv2s_wr_C4_NOTHERMAL_lowbrent_adv,2027,1218.75,6844.8,178.05
nlv2s_wr_C4_NOTHERMAL_lowbrent_adv,2030,1125.1,6831.6,164.69
nlv2s_wr_C4_NOTHERMAL_lowbrent_adv,2035,1065.86,6757.9,157.72
nlv2s_wr_C4_NOTHERMAL_lowbrent_adv,2040,1150.89,6764.5,170.14
nlv2s_wr_C4_NOTHERMAL_lowbrent_adv,2045,1192.27,6786.1,175.69
nlv2s_wr_C4_NOTHERMAL_lowbrent_adv,2050,1038.43,6866.8,151.23
nlv2s_wr_C4_NOTHERMAL_refbrent,2027,1473.48,6844.8,215.27
nlv2s_wr_C4_NOTHERMAL_refbrent,2030,1548.93,6831.6,226.73
nlv2s_wr_C4_NOTHERMAL_refbrent,2035,1477.31,6757.9,218.6
nlv2s_wr_C4_NOTHERMAL_refbrent,2040,1476.81,6764.5,218.32
nlv2s_wr_C4_NOTHERMAL_refbrent,2045,1345.46,6786.1,198.27
nlv2s_wr_C4_NOTHERMAL_refbrent,2050,1203.6,6866.8,175.28
nlv2s_wr_C4_NOTHERMAL_refbrent_adv,2027,1473.61,6844.8,215.29
nlv2s_wr_C4_NOTHERMAL_refbrent_adv,2030,1506.3,6831.6,220.49
nlv2s_wr_C4_NOTHERMAL_refbrent_adv,2035,1395.46,6757.9,206.49
nlv2s_wr_C4_NOTHERMAL_refbrent_adv,2040,1374.49,6764.5,203.19
nlv2s_wr_C4_NOTHERMAL_refbrent_adv,2045,1213.27,6786.1,178.79
nlv2s_wr_C4_NOTHERMAL_refbrent_adv,2050,1053.74,6866.8,153.45
nlv2s_wr_C5_LNG375_refbrent,2027,1491.81,6844.8,217.95
nlv2s_wr_C5_LNG375_refbrent,2030,1514.3,6831.6,221.66
nlv2s_wr_C5_LNG375_refbrent,2035,1517.49,6757.9,224.55
nlv2s_wr_C5_LNG375_refbrent,2040,1556.83,6764.5,230.15
nlv2s_wr_C5_LNG375_refbrent,2045,1353.14,6786.1,199.4
nlv2s_wr_C5_LNG375_refbrent,2050,1209.64,6866.8,176.16
nlv2s_wr_C5_LNG375_refbrent_adv,2027,1487.36,6844.8,217.3
nlv2s_wr_C5_LNG375_refbrent_adv,2030,1506.13,6831.6,220.47
nlv2s_wr_C5_LNG375_refbrent_adv,2035,1503.03,6757.9,222.41
nlv2s_wr_C5_LNG375_refbrent_adv,2040,1463.81,6764.5,216.4
nlv2s_wr_C5_LNG375_refbrent_adv,2045,1187.36,6786.1,174.97
nlv2s_wr_C5_LNG375_refbrent_adv,2050,1027.6,6866.8,149.65
nlv2s_wr_C5_LNG375_refbrent_j120,2027,1490.54,6844.8,217.76
nlv2s_wr_C5_LNG375_refbrent_j120,2030,1545.87,6831.6,226.28
nlv2s_wr_C5_LNG375_refbrent_j120,2035,1548.57,6757.9,229.15
nlv2s_wr_C5_LNG375_refbrent_j120,2040,1588.94,6764.5,234.89
nlv2s_wr_C5_LNG375_refbrent_j120,2045,1353.23,6786.1,199.41
nlv2s_wr_C5_LNG375_refbrent_j120,2050,1210.06,6866.8,176.22
nlv2s_wr_C5_LNG375_refbrent_j120_adv,2027,1484.14,6844.8,216.83
nlv2s_wr_C5_LNG375_refbrent_j120_adv,2030,1536.79,6831.6,224.95
nlv2s_wr_C5_LNG375_refbrent_j120_adv,2035,1535.69,6757.9,227.24
nlv2s_wr_C5_LNG375_refbrent_j120_adv,2040,1496.18,6764.5,221.18
nlv2s_wr_C5_LNG375_refbrent_j120_adv,2045,1188.63,6786.1,175.16
nlv2s_wr_C5_LNG375_refbrent_j120_adv,2050,1029.03,6866.8,149.86
nlv2s_wr_C6_LNG500_refbrent,2027,1499.21,6844.8,219.03
nlv2s_wr_C6_LNG500_refbrent,2030,1525.1,6831.6,223.24
nlv2s_wr_C6_LNG500_refbrent,2035,1534.95,6757.9,227.13
nlv2s_wr_C6_LNG500_refbrent,2040,1604.27,6764.5,237.16
nlv2s_wr_C6_LNG500_refbrent,2045,1360.21,6786.1,200.44
nlv2s_wr_C6_LNG500_refbrent,2050,1216.7,6866.8,177.19
nlv2s_wr_C6_LNG500_refbrent_adv,2027,1491.16,6844.8,217.85
nlv2s_wr_C6_LNG500_refbrent_adv,2030,1518.26,6831.6,222.24
nlv2s_wr_C6_LNG500_refbrent_adv,2035,1544.32,6757.9,228.52
nlv2s_wr_C6_LNG500_refbrent_adv,2040,1504.32,6764.5,222.39
nlv2s_wr_C6_LNG500_refbrent_adv,2045,1186.61,6786.1,174.86
nlv2s_wr_C6_LNG500_refbrent_adv,2050,1026.82,6866.8,149.53
nlv2s_wr_C6_LNG500_refbrent_j120,2027,1500.06,6844.8,219.15
nlv2s_wr_C6_LNG500_refbrent_j120,2030,1563.32,6831.6,228.84
nlv2s_wr_C6_LNG500_refbrent_j120,2035,1577.04,6757.9,233.36
nlv2s_wr_C6_LNG500_refbrent_j120,2040,1641.63,6764.5,242.68
nlv2s_wr_C6_LNG500_refbrent_j120,2045,1358.64,6786.1,200.21
nlv2s_wr_C6_LNG500_refbrent_j120,2050,1214.94,6866.8,176.93
nlv2s_wr_C6_LNG500_refbrent_j120_adv,2027,1492.23,6844.8,218.01
nlv2s_wr_C6_LNG500_refbrent_j120_adv,2030,1557.45,6831.6,227.98
nlv2s_wr_C6_LNG500_refbrent_j120_adv,2035,1583.11,6757.9,234.26
nlv2s_wr_C6_LNG500_refbrent_j120_adv,2040,1543.62,6764.5,228.2
nlv2s_wr_C6_LNG500_refbrent_j120_adv,2045,1186.32,6786.1,174.82
nlv2s_wr_C6_LNG500_refbrent_j120_adv,2050,1026.58,6866.8,149.5
