scenario,day,hour,series,mw
nlv2b_C4_NOTHERMAL_refbrent,2035-08-18,0,Geothermal,93.1
nlv2b_C4_NOTHERMAL_refbrent,2035-08-18,0,Waste-to-energy,42.8
nlv2b_C4_NOTHERMAL_refbrent,2035-08-18,0,Thermal (oil/LNG),103.1
nlv2b_C4_NOTHERMAL_refbrent,2035-08-18,0,Wind,46.2
nlv2b_C4_NOTHERMAL_refbrent,2035-08-18,0,Utility solar,0.0
nlv2b_C4_NOTHERMAL_refbrent,2035-08-18,0,Rooftop solar,0.0
nlv2b_C4_NOTHERMAL_refbrent,2035-08-18,0,Battery discharge (net),417.4
nlv2b_C4_NOTHERMAL_refbrent,2035-08-18,0,Battery charging (net),0.0
nlv2b_C4_NOTHERMAL_refbrent,2035-08-18,0,Curtailed solar & wind,0.0
nlv2b_C4_NOTHERMAL_refbrent,2035-08-18,0,EV charging,-8.8
nlv2b_C4_NOTHERMAL_refbrent,2035-08-18,0,Hydrogen production,-0.0
nlv2b_C4_NOTHERMAL_refbrent,2035-08-18,0,Demand,693.8
nlv2b_C4_NOTHERMAL_refbrent,2035-08-18,2,Geothermal,93.1
nlv2b_C4_NOTHERMAL_refbrent,2035-08-18,2,Waste-to-energy,42.8
nlv2b_C4_NOTHERMAL_refbrent,2035-08-18,2,Thermal (oil/LNG),103.1
nlv2b_C4_NOTHERMAL_refbrent,2035-08-18,2,Wind,42.4
nlv2b_C4_NOTHERMAL_refbrent,2035-08-18,2,Utility solar,0.0
nlv2b_C4_NOTHERMAL_refbrent,2035-08-18,2,Rooftop solar,0.0
nlv2b_C4_NOTHERMAL_refbrent,2035-08-18,2,Battery discharge (net),364.4
nlv2b_C4_NOTHERMAL_refbrent,2035-08-18,2,Battery charging (net),0.0
nlv2b_C4_NOTHERMAL_refbrent,2035-08-18,2,Curtailed solar & wind,0.0
nlv2b_C4_NOTHERMAL_refbrent,2035-08-18,2,EV charging,-6.4
nlv2b_C4_NOTHERMAL_refbrent,2035-08-18,2,Hydrogen production,-0.0
nlv2b_C4_NOTHERMAL_refbrent,2035-08-18,2,Demand,639.5
nlv2b_C4_NOTHERMAL_refbrent,2035-08-18,4,Geothermal,93.1
nlv2b_C4_NOTHERMAL_refbrent,2035-08-18,4,Waste-to-energy,42.8
nlv2b_C4_NOTHERMAL_refbrent,2035-08-18,4,Thermal (oil/LNG),103.1
nlv2b_C4_NOTHERMAL_refbrent,2035-08-18,4,Wind,18.4
nlv2b_C4_NOTHERMAL_refbrent,2035-08-18,4,Utility solar,0.0
nlv2b_C4_NOTHERMAL_refbrent,2035-08-18,4,Rooftop solar,0.0
nlv2b_C4_NOTHERMAL_refbrent,2035-08-18,4,Battery discharge (net),458.5
nlv2b_C4_NOTHERMAL_refbrent,2035-08-18,4,Battery charging (net),0.0
nlv2b_C4_NOTHERMAL_refbrent,2035-08-18,4,Curtailed solar & wind,0.0
nlv2b_C4_NOTHERMAL_refbrent,2035-08-18,4,EV charging,-6.4
nlv2b_C4_NOTHERMAL_refbrent,2035-08-18,4,Hydrogen production,-0.0
nlv2b_C4_NOTHERMAL_refbrent,2035-08-18,4,Demand,709.5
nlv2b_C4_NOTHERMAL_refbrent,2035-08-18,6,Geothermal,93.1
nlv2b_C4_NOTHERMAL_refbrent,2035-08-18,6,Waste-to-energy,42.8
nlv2b_C4_NOTHERMAL_refbrent,2035-08-18,6,Thermal (oil/LNG),103.1
nlv2b_C4_NOTHERMAL_refbrent,2035-08-18,6,Wind,27.0
nlv2b_C4_NOTHERMAL_refbrent,2035-08-18,6,Utility solar,49.2
nlv2b_C4_NOTHERMAL_refbrent,2035-08-18,6,Rooftop solar,0.0
nlv2b_C4_NOTHERMAL_refbrent,2035-08-18,6,Battery discharge (net),667.7
nlv2b_C4_NOTHERMAL_refbrent,2035-08-18,6,Battery charging (net),0.0
nlv2b_C4_NOTHERMAL_refbrent,2035-08-18,6,Curtailed solar & wind,0.0
nlv2b_C4_NOTHERMAL_refbrent,2035-08-18,6,EV charging,-7.8
nlv2b_C4_NOTHERMAL_refbrent,2035-08-18,6,Hydrogen production,-0.0
nlv2b_C4_NOTHERMAL_refbrent,2035-08-18,6,Demand,975.1
nlv2b_C4_NOTHERMAL_refbrent,2035-08-18,8,Geothermal,93.1
nlv2b_C4_NOTHERMAL_refbrent,2035-08-18,8,Waste-to-energy,42.8
nlv2b_C4_NOTHERMAL_refbrent,2035-08-18,8,Thermal (oil/LNG),103.1
nlv2b_C4_NOTHERMAL_refbrent,2035-08-18,8,Wind,23.8
nlv2b_C4_NOTHERMAL_refbrent,2035-08-18,8,Utility solar,1557.8
nlv2b_C4_NOTHERMAL_refbrent,2035-08-18,8,Rooftop solar,0.0
nlv2b_C4_NOTHERMAL_refbrent,2035-08-18,8,Battery discharge (net),0.0
nlv2b_C4_NOTHERMAL_refbrent,2035-08-18,8,Battery charging (net),-646.7
nlv2b_C4_NOTHERMAL_refbrent,2035-08-18,8,Curtailed solar & wind,497.9
nlv2b_C4_NOTHERMAL_refbrent,2035-08-18,8,EV charging,-262.7
nlv2b_C4_NOTHERMAL_refbrent,2035-08-18,8,Hydrogen production,-0.0
nlv2b_C4_NOTHERMAL_refbrent,2035-08-18,8,Demand,911.2
nlv2b_C4_NOTHERMAL_refbrent,2035-08-18,10,Geothermal,93.1
nlv2b_C4_NOTHERMAL_refbrent,2035-08-18,10,Waste-to-energy,42.8
nlv2b_C4_NOTHERMAL_refbrent,2035-08-18,10,Thermal (oil/LNG),103.1
nlv2b_C4_NOTHERMAL_refbrent,2035-08-18,10,Wind,19.0
nlv2b_C4_NOTHERMAL_refbrent,2035-08-18,10,Utility solar,1661.6
nlv2b_C4_NOTHERMAL_refbrent,2035-08-18,10,Rooftop solar,0.0
nlv2b_C4_NOTHERMAL_refbrent,2035-08-18,10,Battery discharge (net),0.0
nlv2b_C4_NOTHERMAL_refbrent,2035-08-18,10,Battery charging (net),-1006.7
nlv2b_C4_NOTHERMAL_refbrent,2035-08-18,10,Curtailed solar & wind,10.7
nlv2b_C4_NOTHERMAL_refbrent,2035-08-18,10,EV charging,-20.4
nlv2b_C4_NOTHERMAL_refbrent,2035-08-18,10,Hydrogen production,-0.0
nlv2b_C4_NOTHERMAL_refbrent,2035-08-18,10,Demand,892.6
nlv2b_C4_NOTHERMAL_refbrent,2035-08-18,12,Geothermal,93.1
nlv2b_C4_NOTHERMAL_refbrent,2035-08-18,12,Waste-to-energy,42.8
nlv2b_C4_NOTHERMAL_refbrent,2035-08-18,12,Thermal (oil/LNG),103.1
nlv2b_C4_NOTHERMAL_refbrent,2035-08-18,12,Wind,19.2
nlv2b_C4_NOTHERMAL_refbrent,2035-08-18,12,Utility solar,1691.2
nlv2b_C4_NOTHERMAL_refbrent,2035-08-18,12,Rooftop solar,0.0
nlv2b_C4_NOTHERMAL_refbrent,2035-08-18,12,Battery discharge (net),0.0
nlv2b_C4_NOTHERMAL_refbrent,2035-08-18,12,Battery charging (net),-1163.0
nlv2b_C4_NOTHERMAL_refbrent,2035-08-18,12,Curtailed solar & wind,292.0
nlv2b_C4_NOTHERMAL_refbrent,2035-08-18,12,EV charging,-23.4
nlv2b_C4_NOTHERMAL_refbrent,2035-08-18,12,Hydrogen production,-0.0
nlv2b_C4_NOTHERMAL_refbrent,2035-08-18,12,Demand,763.0
nlv2b_C4_NOTHERMAL_refbrent,2035-08-18,14,Geothermal,93.1
nlv2b_C4_NOTHERMAL_refbrent,2035-08-18,14,Waste-to-energy,42.8
nlv2b_C4_NOTHERMAL_refbrent,2035-08-18,14,Thermal (oil/LNG),103.1
nlv2b_C4_NOTHERMAL_refbrent,2035-08-18,14,Wind,16.8
nlv2b_C4_NOTHERMAL_refbrent,2035-08-18,14,Utility solar,1567.4
nlv2b_C4_NOTHERMAL_refbrent,2035-08-18,14,Rooftop solar,0.0
nlv2b_C4_NOTHERMAL_refbrent,2035-08-18,14,Battery discharge (net),0.0
nlv2b_C4_NOTHERMAL_refbrent,2035-08-18,14,Battery charging (net),-954.0
nlv2b_C4_NOTHERMAL_refbrent,2035-08-18,14,Curtailed solar & wind,470.6
nlv2b_C4_NOTHERMAL_refbrent,2035-08-18,14,EV charging,-28.5
nlv2b_C4_NOTHERMAL_refbrent,2035-08-18,14,Hydrogen production,-0.0
nlv2b_C4_NOTHERMAL_refbrent,2035-08-18,14,Demand,840.7
nlv2b_C4_NOTHERMAL_refbrent,2035-08-18,16,Geothermal,93.1
nlv2b_C4_NOTHERMAL_refbrent,2035-08-18,16,Waste-to-energy,42.8
nlv2b_C4_NOTHERMAL_refbrent,2035-08-18,16,Thermal (oil/LNG),103.1
nlv2b_C4_NOTHERMAL_refbrent,2035-08-18,16,Wind,25.5
nlv2b_C4_NOTHERMAL_refbrent,2035-08-18,16,Utility solar,1698.0
nlv2b_C4_NOTHERMAL_refbrent,2035-08-18,16,Rooftop solar,0.0
nlv2b_C4_NOTHERMAL_refbrent,2035-08-18,16,Battery discharge (net),0.0
nlv2b_C4_NOTHERMAL_refbrent,2035-08-18,16,Battery charging (net),-883.1
nlv2b_C4_NOTHERMAL_refbrent,2035-08-18,16,Curtailed solar & wind,8.7
nlv2b_C4_NOTHERMAL_refbrent,2035-08-18,16,EV charging,-30.7
nlv2b_C4_NOTHERMAL_refbrent,2035-08-18,16,Hydrogen production,-0.0
nlv2b_C4_NOTHERMAL_refbrent,2035-08-18,16,Demand,1048.7
nlv2b_C4_NOTHERMAL_refbrent,2035-08-18,18,Geothermal,93.1
nlv2b_C4_NOTHERMAL_refbrent,2035-08-18,18,Waste-to-energy,42.8
nlv2b_C4_NOTHERMAL_refbrent,2035-08-18,18,Thermal (oil/LNG),103.1
nlv2b_C4_NOTHERMAL_refbrent,2035-08-18,18,Wind,43.8
nlv2b_C4_NOTHERMAL_refbrent,2035-08-18,18,Utility solar,158.3
nlv2b_C4_NOTHERMAL_refbrent,2035-08-18,18,Rooftop solar,0.0
nlv2b_C4_NOTHERMAL_refbrent,2035-08-18,18,Battery discharge (net),769.2
nlv2b_C4_NOTHERMAL_refbrent,2035-08-18,18,Battery charging (net),0.0
nlv2b_C4_NOTHERMAL_refbrent,2035-08-18,18,Curtailed solar & wind,0.0
nlv2b_C4_NOTHERMAL_refbrent,2035-08-18,18,EV charging,-49.4
nlv2b_C4_NOTHERMAL_refbrent,2035-08-18,18,Hydrogen production,-0.0
nlv2b_C4_NOTHERMAL_refbrent,2035-08-18,18,Demand,1160.9
nlv2b_C4_NOTHERMAL_refbrent,2035-08-18,20,Geothermal,93.1
nlv2b_C4_NOTHERMAL_refbrent,2035-08-18,20,Waste-to-energy,42.8
nlv2b_C4_NOTHERMAL_refbrent,2035-08-18,20,Thermal (oil/LNG),103.1
nlv2b_C4_NOTHERMAL_refbrent,2035-08-18,20,Wind,29.6
nlv2b_C4_NOTHERMAL_refbrent,2035-08-18,20,Utility solar,0.0
nlv2b_C4_NOTHERMAL_refbrent,2035-08-18,20,Rooftop solar,0.0
nlv2b_C4_NOTHERMAL_refbrent,2035-08-18,20,Battery discharge (net),890.9
nlv2b_C4_NOTHERMAL_refbrent,2035-08-18,20,Battery charging (net),0.0
nlv2b_C4_NOTHERMAL_refbrent,2035-08-18,20,Curtailed solar & wind,0.0
nlv2b_C4_NOTHERMAL_refbrent,2035-08-18,20,EV charging,-45.8
nlv2b_C4_NOTHERMAL_refbrent,2035-08-18,20,Hydrogen production,-0.0
nlv2b_C4_NOTHERMAL_refbrent,2035-08-18,20,Demand,1113.7
nlv2b_C4_NOTHERMAL_refbrent,2035-08-18,22,Geothermal,93.1
nlv2b_C4_NOTHERMAL_refbrent,2035-08-18,22,Waste-to-energy,42.8
nlv2b_C4_NOTHERMAL_refbrent,2035-08-18,22,Thermal (oil/LNG),103.1
nlv2b_C4_NOTHERMAL_refbrent,2035-08-18,22,Wind,28.7
nlv2b_C4_NOTHERMAL_refbrent,2035-08-18,22,Utility solar,0.0
nlv2b_C4_NOTHERMAL_refbrent,2035-08-18,22,Rooftop solar,0.0
nlv2b_C4_NOTHERMAL_refbrent,2035-08-18,22,Battery discharge (net),598.9
nlv2b_C4_NOTHERMAL_refbrent,2035-08-18,22,Battery charging (net),0.0
nlv2b_C4_NOTHERMAL_refbrent,2035-08-18,22,Curtailed solar & wind,0.0
nlv2b_C4_NOTHERMAL_refbrent,2035-08-18,22,EV charging,-11.5
nlv2b_C4_NOTHERMAL_refbrent,2035-08-18,22,Hydrogen production,-0.0
nlv2b_C4_NOTHERMAL_refbrent,2035-08-18,22,Demand,855.1
nlv2b_C4_NOTHERMAL_refbrent,2035-11-22,0,Geothermal,93.1
nlv2b_C4_NOTHERMAL_refbrent,2035-11-22,0,Waste-to-energy,42.8
nlv2b_C4_NOTHERMAL_refbrent,2035-11-22,0,Thermal (oil/LNG),500.6
nlv2b_C4_NOTHERMAL_refbrent,2035-11-22,0,Wind,16.9
nlv2b_C4_NOTHERMAL_refbrent,2035-11-22,0,Utility solar,0.0
nlv2b_C4_NOTHERMAL_refbrent,2035-11-22,0,Rooftop solar,0.0
nlv2b_C4_NOTHERMAL_refbrent,2035-11-22,0,Battery discharge (net),0.0
nlv2b_C4_NOTHERMAL_refbrent,2035-11-22,0,Battery charging (net),0.0
nlv2b_C4_NOTHERMAL_refbrent,2035-11-22,0,Curtailed solar & wind,0.0
nlv2b_C4_NOTHERMAL_refbrent,2035-11-22,0,EV charging,-11.4
nlv2b_C4_NOTHERMAL_refbrent,2035-11-22,0,Hydrogen production,-0.0
nlv2b_C4_NOTHERMAL_refbrent,2035-11-22,0,Demand,642.1
nlv2b_C4_NOTHERMAL_refbrent,2035-11-22,2,Geothermal,93.1
nlv2b_C4_NOTHERMAL_refbrent,2035-11-22,2,Waste-to-energy,42.8
nlv2b_C4_NOTHERMAL_refbrent,2035-11-22,2,Thermal (oil/LNG),501.5
nlv2b_C4_NOTHERMAL_refbrent,2035-11-22,2,Wind,1.8
nlv2b_C4_NOTHERMAL_refbrent,2035-11-22,2,Utility solar,0.0
nlv2b_C4_NOTHERMAL_refbrent,2035-11-22,2,Rooftop solar,0.0
nlv2b_C4_NOTHERMAL_refbrent,2035-11-22,2,Battery discharge (net),0.0
nlv2b_C4_NOTHERMAL_refbrent,2035-11-22,2,Battery charging (net),-65.0
nlv2b_C4_NOTHERMAL_refbrent,2035-11-22,2,Curtailed solar & wind,0.0
nlv2b_C4_NOTHERMAL_refbrent,2035-11-22,2,EV charging,-6.4
nlv2b_C4_NOTHERMAL_refbrent,2035-11-22,2,Hydrogen production,-0.0
nlv2b_C4_NOTHERMAL_refbrent,2035-11-22,2,Demand,567.9
nlv2b_C4_NOTHERMAL_refbrent,2035-11-22,4,Geothermal,93.1
nlv2b_C4_NOTHERMAL_refbrent,2035-11-22,4,Waste-to-energy,42.8
nlv2b_C4_NOTHERMAL_refbrent,2035-11-22,4,Thermal (oil/LNG),489.7
nlv2b_C4_NOTHERMAL_refbrent,2035-11-22,4,Wind,0.0
nlv2b_C4_NOTHERMAL_refbrent,2035-11-22,4,Utility solar,0.0
nlv2b_C4_NOTHERMAL_refbrent,2035-11-22,4,Rooftop solar,0.0
nlv2b_C4_NOTHERMAL_refbrent,2035-11-22,4,Battery discharge (net),0.0
nlv2b_C4_NOTHERMAL_refbrent,2035-11-22,4,Battery charging (net),0.0
nlv2b_C4_NOTHERMAL_refbrent,2035-11-22,4,Curtailed solar & wind,0.0
nlv2b_C4_NOTHERMAL_refbrent,2035-11-22,4,EV charging,-31.9
nlv2b_C4_NOTHERMAL_refbrent,2035-11-22,4,Hydrogen production,-0.0
nlv2b_C4_NOTHERMAL_refbrent,2035-11-22,4,Demand,593.6
nlv2b_C4_NOTHERMAL_refbrent,2035-11-22,6,Geothermal,93.1
nlv2b_C4_NOTHERMAL_refbrent,2035-11-22,6,Waste-to-energy,42.8
nlv2b_C4_NOTHERMAL_refbrent,2035-11-22,6,Thermal (oil/LNG),545.5
nlv2b_C4_NOTHERMAL_refbrent,2035-11-22,6,Wind,1.3
nlv2b_C4_NOTHERMAL_refbrent,2035-11-22,6,Utility solar,0.0
nlv2b_C4_NOTHERMAL_refbrent,2035-11-22,6,Rooftop solar,0.0
nlv2b_C4_NOTHERMAL_refbrent,2035-11-22,6,Battery discharge (net),66.2
nlv2b_C4_NOTHERMAL_refbrent,2035-11-22,6,Battery charging (net),0.0
nlv2b_C4_NOTHERMAL_refbrent,2035-11-22,6,Curtailed solar & wind,0.0
nlv2b_C4_NOTHERMAL_refbrent,2035-11-22,6,EV charging,-7.8
nlv2b_C4_NOTHERMAL_refbrent,2035-11-22,6,Hydrogen production,-0.0
nlv2b_C4_NOTHERMAL_refbrent,2035-11-22,6,Demand,741.2
nlv2b_C4_NOTHERMAL_refbrent,2035-11-22,8,Geothermal,93.1
nlv2b_C4_NOTHERMAL_refbrent,2035-11-22,8,Waste-to-energy,42.8
nlv2b_C4_NOTHERMAL_refbrent,2035-11-22,8,Thermal (oil/LNG),545.5
nlv2b_C4_NOTHERMAL_refbrent,2035-11-22,8,Wind,7.7
nlv2b_C4_NOTHERMAL_refbrent,2035-11-22,8,Utility solar,63.0
nlv2b_C4_NOTHERMAL_refbrent,2035-11-22,8,Rooftop solar,0.0
nlv2b_C4_NOTHERMAL_refbrent,2035-11-22,8,Battery discharge (net),63.0
nlv2b_C4_NOTHERMAL_refbrent,2035-11-22,8,Battery charging (net),0.0
nlv2b_C4_NOTHERMAL_refbrent,2035-11-22,8,Curtailed solar & wind,0.0
nlv2b_C4_NOTHERMAL_refbrent,2035-11-22,8,EV charging,-11.9
nlv2b_C4_NOTHERMAL_refbrent,2035-11-22,8,Hydrogen production,-0.0
nlv2b_C4_NOTHERMAL_refbrent,2035-11-22,8,Demand,803.3
nlv2b_C4_NOTHERMAL_refbrent,2035-11-22,10,Geothermal,93.1
nlv2b_C4_NOTHERMAL_refbrent,2035-11-22,10,Waste-to-energy,42.8
nlv2b_C4_NOTHERMAL_refbrent,2035-11-22,10,Thermal (oil/LNG),489.7
nlv2b_C4_NOTHERMAL_refbrent,2035-11-22,10,Wind,3.1
nlv2b_C4_NOTHERMAL_refbrent,2035-11-22,10,Utility solar,230.6
nlv2b_C4_NOTHERMAL_refbrent,2035-11-22,10,Rooftop solar,0.0
nlv2b_C4_NOTHERMAL_refbrent,2035-11-22,10,Battery discharge (net),0.0
nlv2b_C4_NOTHERMAL_refbrent,2035-11-22,10,Battery charging (net),-118.3
nlv2b_C4_NOTHERMAL_refbrent,2035-11-22,10,Curtailed solar & wind,0.0
nlv2b_C4_NOTHERMAL_refbrent,2035-11-22,10,EV charging,-39.4
nlv2b_C4_NOTHERMAL_refbrent,2035-11-22,10,Hydrogen production,-0.0
nlv2b_C4_NOTHERMAL_refbrent,2035-11-22,10,Demand,701.5
nlv2b_C4_NOTHERMAL_refbrent,2035-11-22,12,Geothermal,93.1
nlv2b_C4_NOTHERMAL_refbrent,2035-11-22,12,Waste-to-energy,42.8
nlv2b_C4_NOTHERMAL_refbrent,2035-11-22,12,Thermal (oil/LNG),489.7
nlv2b_C4_NOTHERMAL_refbrent,2035-11-22,12,Wind,3.1
nlv2b_C4_NOTHERMAL_refbrent,2035-11-22,12,Utility solar,447.3
nlv2b_C4_NOTHERMAL_refbrent,2035-11-22,12,Rooftop solar,0.0
nlv2b_C4_NOTHERMAL_refbrent,2035-11-22,12,Battery discharge (net),0.0
nlv2b_C4_NOTHERMAL_refbrent,2035-11-22,12,Battery charging (net),-232.8
nlv2b_C4_NOTHERMAL_refbrent,2035-11-22,12,Curtailed solar & wind,0.0
nlv2b_C4_NOTHERMAL_refbrent,2035-11-22,12,EV charging,-227.1
nlv2b_C4_NOTHERMAL_refbrent,2035-11-22,12,Hydrogen production,-0.0
nlv2b_C4_NOTHERMAL_refbrent,2035-11-22,12,Demand,616.2
nlv2b_C4_NOTHERMAL_refbrent,2035-11-22,14,Geothermal,93.1
nlv2b_C4_NOTHERMAL_refbrent,2035-11-22,14,Waste-to-energy,42.8
nlv2b_C4_NOTHERMAL_refbrent,2035-11-22,14,Thermal (oil/LNG),489.7
nlv2b_C4_NOTHERMAL_refbrent,2035-11-22,14,Wind,8.5
nlv2b_C4_NOTHERMAL_refbrent,2035-11-22,14,Utility solar,421.7
nlv2b_C4_NOTHERMAL_refbrent,2035-11-22,14,Rooftop solar,0.0
nlv2b_C4_NOTHERMAL_refbrent,2035-11-22,14,Battery discharge (net),0.0
nlv2b_C4_NOTHERMAL_refbrent,2035-11-22,14,Battery charging (net),-412.5
nlv2b_C4_NOTHERMAL_refbrent,2035-11-22,14,Curtailed solar & wind,0.0
nlv2b_C4_NOTHERMAL_refbrent,2035-11-22,14,EV charging,-28.5
nlv2b_C4_NOTHERMAL_refbrent,2035-11-22,14,Hydrogen production,-0.0
nlv2b_C4_NOTHERMAL_refbrent,2035-11-22,14,Demand,614.8
nlv2b_C4_NOTHERMAL_refbrent,2035-11-22,16,Geothermal,93.1
nlv2b_C4_NOTHERMAL_refbrent,2035-11-22,16,Waste-to-energy,42.8
nlv2b_C4_NOTHERMAL_refbrent,2035-11-22,16,Thermal (oil/LNG),489.7
nlv2b_C4_NOTHERMAL_refbrent,2035-11-22,16,Wind,15.5
nlv2b_C4_NOTHERMAL_refbrent,2035-11-22,16,Utility solar,324.9
nlv2b_C4_NOTHERMAL_refbrent,2035-11-22,16,Rooftop solar,0.0
nlv2b_C4_NOTHERMAL_refbrent,2035-11-22,16,Battery discharge (net),0.0
nlv2b_C4_NOTHERMAL_refbrent,2035-11-22,16,Battery charging (net),-61.2
nlv2b_C4_NOTHERMAL_refbrent,2035-11-22,16,Curtailed solar & wind,0.0
nlv2b_C4_NOTHERMAL_refbrent,2035-11-22,16,EV charging,-30.7
nlv2b_C4_NOTHERMAL_refbrent,2035-11-22,16,Hydrogen production,-0.0
nlv2b_C4_NOTHERMAL_refbrent,2035-11-22,16,Demand,874.2
nlv2b_C4_NOTHERMAL_refbrent,2035-11-22,18,Geothermal,93.1
nlv2b_C4_NOTHERMAL_refbrent,2035-11-22,18,Waste-to-energy,42.8
nlv2b_C4_NOTHERMAL_refbrent,2035-11-22,18,Thermal (oil/LNG),545.5
nlv2b_C4_NOTHERMAL_refbrent,2035-11-22,18,Wind,30.6
nlv2b_C4_NOTHERMAL_refbrent,2035-11-22,18,Utility solar,0.0
nlv2b_C4_NOTHERMAL_refbrent,2035-11-22,18,Rooftop solar,0.0
nlv2b_C4_NOTHERMAL_refbrent,2035-11-22,18,Battery discharge (net),377.5
nlv2b_C4_NOTHERMAL_refbrent,2035-11-22,18,Battery charging (net),0.0
nlv2b_C4_NOTHERMAL_refbrent,2035-11-22,18,Curtailed solar & wind,0.0
nlv2b_C4_NOTHERMAL_refbrent,2035-11-22,18,EV charging,-49.4
nlv2b_C4_NOTHERMAL_refbrent,2035-11-22,18,Hydrogen production,-0.0
nlv2b_C4_NOTHERMAL_refbrent,2035-11-22,18,Demand,1040.1
nlv2b_C4_NOTHERMAL_refbrent,2035-11-22,20,Geothermal,93.1
nlv2b_C4_NOTHERMAL_refbrent,2035-11-22,20,Waste-to-energy,42.8
nlv2b_C4_NOTHERMAL_refbrent,2035-11-22,20,Thermal (oil/LNG),545.5
nlv2b_C4_NOTHERMAL_refbrent,2035-11-22,20,Wind,37.5
nlv2b_C4_NOTHERMAL_refbrent,2035-11-22,20,Utility solar,0.0
nlv2b_C4_NOTHERMAL_refbrent,2035-11-22,20,Rooftop solar,0.0
nlv2b_C4_NOTHERMAL_refbrent,2035-11-22,20,Battery discharge (net),217.5
nlv2b_C4_NOTHERMAL_refbrent,2035-11-22,20,Battery charging (net),0.0
nlv2b_C4_NOTHERMAL_refbrent,2035-11-22,20,Curtailed solar & wind,0.0
nlv2b_C4_NOTHERMAL_refbrent,2035-11-22,20,EV charging,-45.8
nlv2b_C4_NOTHERMAL_refbrent,2035-11-22,20,Hydrogen production,-0.0
nlv2b_C4_NOTHERMAL_refbrent,2035-11-22,20,Demand,890.6
nlv2b_C4_NOTHERMAL_refbrent,2035-11-22,22,Geothermal,93.1
nlv2b_C4_NOTHERMAL_refbrent,2035-11-22,22,Waste-to-energy,42.8
nlv2b_C4_NOTHERMAL_refbrent,2035-11-22,22,Thermal (oil/LNG),545.5
nlv2b_C4_NOTHERMAL_refbrent,2035-11-22,22,Wind,3.0
nlv2b_C4_NOTHERMAL_refbrent,2035-11-22,22,Utility solar,0.0
nlv2b_C4_NOTHERMAL_refbrent,2035-11-22,22,Rooftop solar,0.0
nlv2b_C4_NOTHERMAL_refbrent,2035-11-22,22,Battery discharge (net),76.4
nlv2b_C4_NOTHERMAL_refbrent,2035-11-22,22,Battery charging (net),0.0
nlv2b_C4_NOTHERMAL_refbrent,2035-11-22,22,Curtailed solar & wind,0.0
nlv2b_C4_NOTHERMAL_refbrent,2035-11-22,22,EV charging,-11.5
nlv2b_C4_NOTHERMAL_refbrent,2035-11-22,22,Hydrogen production,-0.0
nlv2b_C4_NOTHERMAL_refbrent,2035-11-22,22,Demand,749.4
nlv2b_C1_LSFO250_refbrent,2035-08-18,0,Geothermal,93.1
nlv2b_C1_LSFO250_refbrent,2035-08-18,0,Waste-to-energy,42.8
nlv2b_C1_LSFO250_refbrent,2035-08-18,0,Thermal (oil/LNG),216.5
nlv2b_C1_LSFO250_refbrent,2035-08-18,0,Wind,46.2
nlv2b_C1_LSFO250_refbrent,2035-08-18,0,Utility solar,0.0
nlv2b_C1_LSFO250_refbrent,2035-08-18,0,Rooftop solar,0.0
nlv2b_C1_LSFO250_refbrent,2035-08-18,0,Battery discharge (net),304.0
nlv2b_C1_LSFO250_refbrent,2035-08-18,0,Battery charging (net),0.0
nlv2b_C1_LSFO250_refbrent,2035-08-18,0,Curtailed solar & wind,0.0
nlv2b_C1_LSFO250_refbrent,2035-08-18,0,EV charging,-8.8
nlv2b_C1_LSFO250_refbrent,2035-08-18,0,Hydrogen production,-0.0
nlv2b_C1_LSFO250_refbrent,2035-08-18,0,Demand,693.8
nlv2b_C1_LSFO250_refbrent,2035-08-18,2,Geothermal,93.1
nlv2b_C1_LSFO250_refbrent,2035-08-18,2,Waste-to-energy,42.8
nlv2b_C1_LSFO250_refbrent,2035-08-18,2,Thermal (oil/LNG),113.1
nlv2b_C1_LSFO250_refbrent,2035-08-18,2,Wind,42.4
nlv2b_C1_LSFO250_refbrent,2035-08-18,2,Utility solar,0.0
nlv2b_C1_LSFO250_refbrent,2035-08-18,2,Rooftop solar,0.0
nlv2b_C1_LSFO250_refbrent,2035-08-18,2,Battery discharge (net),354.4
nlv2b_C1_LSFO250_refbrent,2035-08-18,2,Battery charging (net),0.0
nlv2b_C1_LSFO250_refbrent,2035-08-18,2,Curtailed solar & wind,0.0
nlv2b_C1_LSFO250_refbrent,2035-08-18,2,EV charging,-6.4
nlv2b_C1_LSFO250_refbrent,2035-08-18,2,Hydrogen production,-0.0
nlv2b_C1_LSFO250_refbrent,2035-08-18,2,Demand,639.5
nlv2b_C1_LSFO250_refbrent,2035-08-18,4,Geothermal,93.1
nlv2b_C1_LSFO250_refbrent,2035-08-18,4,Waste-to-energy,42.8
nlv2b_C1_LSFO250_refbrent,2035-08-18,4,Thermal (oil/LNG),113.1
nlv2b_C1_LSFO250_refbrent,2035-08-18,4,Wind,18.4
nlv2b_C1_LSFO250_refbrent,2035-08-18,4,Utility solar,0.0
nlv2b_C1_LSFO250_refbrent,2035-08-18,4,Rooftop solar,0.0
nlv2b_C1_LSFO250_refbrent,2035-08-18,4,Battery discharge (net),448.5
nlv2b_C1_LSFO250_refbrent,2035-08-18,4,Battery charging (net),0.0
nlv2b_C1_LSFO250_refbrent,2035-08-18,4,Curtailed solar & wind,0.0
nlv2b_C1_LSFO250_refbrent,2035-08-18,4,EV charging,-6.4
nlv2b_C1_LSFO250_refbrent,2035-08-18,4,Hydrogen production,-0.0
nlv2b_C1_LSFO250_refbrent,2035-08-18,4,Demand,709.5
nlv2b_C1_LSFO250_refbrent,2035-08-18,6,Geothermal,93.1
nlv2b_C1_LSFO250_refbrent,2035-08-18,6,Waste-to-energy,42.8
nlv2b_C1_LSFO250_refbrent,2035-08-18,6,Thermal (oil/LNG),113.1
nlv2b_C1_LSFO250_refbrent,2035-08-18,6,Wind,27.0
nlv2b_C1_LSFO250_refbrent,2035-08-18,6,Utility solar,40.9
nlv2b_C1_LSFO250_refbrent,2035-08-18,6,Rooftop solar,0.0
nlv2b_C1_LSFO250_refbrent,2035-08-18,6,Battery discharge (net),666.0
nlv2b_C1_LSFO250_refbrent,2035-08-18,6,Battery charging (net),0.0
nlv2b_C1_LSFO250_refbrent,2035-08-18,6,Curtailed solar & wind,0.0
nlv2b_C1_LSFO250_refbrent,2035-08-18,6,EV charging,-7.8
nlv2b_C1_LSFO250_refbrent,2035-08-18,6,Hydrogen production,-0.0
nlv2b_C1_LSFO250_refbrent,2035-08-18,6,Demand,975.1
nlv2b_C1_LSFO250_refbrent,2035-08-18,8,Geothermal,93.1
nlv2b_C1_LSFO250_refbrent,2035-08-18,8,Waste-to-energy,42.8
nlv2b_C1_LSFO250_refbrent,2035-08-18,8,Thermal (oil/LNG),103.1
nlv2b_C1_LSFO250_refbrent,2035-08-18,8,Wind,23.8
nlv2b_C1_LSFO250_refbrent,2035-08-18,8,Utility solar,1770.2
nlv2b_C1_LSFO250_refbrent,2035-08-18,8,Rooftop solar,0.0
nlv2b_C1_LSFO250_refbrent,2035-08-18,8,Battery discharge (net),0.0
nlv2b_C1_LSFO250_refbrent,2035-08-18,8,Battery charging (net),-908.8
nlv2b_C1_LSFO250_refbrent,2035-08-18,8,Curtailed solar & wind,0.0
nlv2b_C1_LSFO250_refbrent,2035-08-18,8,EV charging,-212.9
nlv2b_C1_LSFO250_refbrent,2035-08-18,8,Hydrogen production,-0.0
nlv2b_C1_LSFO250_refbrent,2035-08-18,8,Demand,911.2
nlv2b_C1_LSFO250_refbrent,2035-08-18,10,Geothermal,93.1
nlv2b_C1_LSFO250_refbrent,2035-08-18,10,Waste-to-energy,42.8
nlv2b_C1_LSFO250_refbrent,2035-08-18,10,Thermal (oil/LNG),103.1
nlv2b_C1_LSFO250_refbrent,2035-08-18,10,Wind,29.7
nlv2b_C1_LSFO250_refbrent,2035-08-18,10,Utility solar,1449.0
nlv2b_C1_LSFO250_refbrent,2035-08-18,10,Rooftop solar,0.0
nlv2b_C1_LSFO250_refbrent,2035-08-18,10,Battery discharge (net),0.0
nlv2b_C1_LSFO250_refbrent,2035-08-18,10,Battery charging (net),-804.8
nlv2b_C1_LSFO250_refbrent,2035-08-18,10,Curtailed solar & wind,0.0
nlv2b_C1_LSFO250_refbrent,2035-08-18,10,EV charging,-20.4
nlv2b_C1_LSFO250_refbrent,2035-08-18,10,Hydrogen production,-0.0
nlv2b_C1_LSFO250_refbrent,2035-08-18,10,Demand,892.6
nlv2b_C1_LSFO250_refbrent,2035-08-18,12,Geothermal,93.1
nlv2b_C1_LSFO250_refbrent,2035-08-18,12,Waste-to-energy,42.8
nlv2b_C1_LSFO250_refbrent,2035-08-18,12,Thermal (oil/LNG),103.1
nlv2b_C1_LSFO250_refbrent,2035-08-18,12,Wind,28.8
nlv2b_C1_LSFO250_refbrent,2035-08-18,12,Utility solar,1446.8
nlv2b_C1_LSFO250_refbrent,2035-08-18,12,Rooftop solar,0.0
nlv2b_C1_LSFO250_refbrent,2035-08-18,12,Battery discharge (net),0.0
nlv2b_C1_LSFO250_refbrent,2035-08-18,12,Battery charging (net),-908.8
nlv2b_C1_LSFO250_refbrent,2035-08-18,12,Curtailed solar & wind,210.4
nlv2b_C1_LSFO250_refbrent,2035-08-18,12,EV charging,-42.9
nlv2b_C1_LSFO250_refbrent,2035-08-18,12,Hydrogen production,-0.0
nlv2b_C1_LSFO250_refbrent,2035-08-18,12,Demand,763.0
nlv2b_C1_LSFO250_refbrent,2035-08-18,14,Geothermal,93.1
nlv2b_C1_LSFO250_refbrent,2035-08-18,14,Waste-to-energy,42.8
nlv2b_C1_LSFO250_refbrent,2035-08-18,14,Thermal (oil/LNG),103.1
nlv2b_C1_LSFO250_refbrent,2035-08-18,14,Wind,26.1
nlv2b_C1_LSFO250_refbrent,2035-08-18,14,Utility solar,1504.0
nlv2b_C1_LSFO250_refbrent,2035-08-18,14,Rooftop solar,0.0
nlv2b_C1_LSFO250_refbrent,2035-08-18,14,Battery discharge (net),0.0
nlv2b_C1_LSFO250_refbrent,2035-08-18,14,Battery charging (net),-869.7
nlv2b_C1_LSFO250_refbrent,2035-08-18,14,Curtailed solar & wind,252.8
nlv2b_C1_LSFO250_refbrent,2035-08-18,14,EV charging,-58.7
nlv2b_C1_LSFO250_refbrent,2035-08-18,14,Hydrogen production,-0.0
nlv2b_C1_LSFO250_refbrent,2035-08-18,14,Demand,840.7
nlv2b_C1_LSFO250_refbrent,2035-08-18,16,Geothermal,93.1
nlv2b_C1_LSFO250_refbrent,2035-08-18,16,Waste-to-energy,42.8
nlv2b_C1_LSFO250_refbrent,2035-08-18,16,Thermal (oil/LNG),103.1
nlv2b_C1_LSFO250_refbrent,2035-08-18,16,Wind,34.2
nlv2b_C1_LSFO250_refbrent,2035-08-18,16,Utility solar,1473.0
nlv2b_C1_LSFO250_refbrent,2035-08-18,16,Rooftop solar,0.0
nlv2b_C1_LSFO250_refbrent,2035-08-18,16,Battery discharge (net),0.0
nlv2b_C1_LSFO250_refbrent,2035-08-18,16,Battery charging (net),-666.9
nlv2b_C1_LSFO250_refbrent,2035-08-18,16,Curtailed solar & wind,0.0
nlv2b_C1_LSFO250_refbrent,2035-08-18,16,EV charging,-30.7
nlv2b_C1_LSFO250_refbrent,2035-08-18,16,Hydrogen production,-0.0
nlv2b_C1_LSFO250_refbrent,2035-08-18,16,Demand,1048.7
nlv2b_C1_LSFO250_refbrent,2035-08-18,18,Geothermal,93.1
nlv2b_C1_LSFO250_refbrent,2035-08-18,18,Waste-to-energy,42.8
nlv2b_C1_LSFO250_refbrent,2035-08-18,18,Thermal (oil/LNG),219.3
nlv2b_C1_LSFO250_refbrent,2035-08-18,18,Wind,43.8
nlv2b_C1_LSFO250_refbrent,2035-08-18,18,Utility solar,135.8
nlv2b_C1_LSFO250_refbrent,2035-08-18,18,Rooftop solar,0.0
nlv2b_C1_LSFO250_refbrent,2035-08-18,18,Battery discharge (net),675.6
nlv2b_C1_LSFO250_refbrent,2035-08-18,18,Battery charging (net),0.0
nlv2b_C1_LSFO250_refbrent,2035-08-18,18,Curtailed solar & wind,0.0
nlv2b_C1_LSFO250_refbrent,2035-08-18,18,EV charging,-49.4
nlv2b_C1_LSFO250_refbrent,2035-08-18,18,Hydrogen production,-0.0
nlv2b_C1_LSFO250_refbrent,2035-08-18,18,Demand,1160.9
nlv2b_C1_LSFO250_refbrent,2035-08-18,20,Geothermal,93.1
nlv2b_C1_LSFO250_refbrent,2035-08-18,20,Waste-to-energy,42.8
nlv2b_C1_LSFO250_refbrent,2035-08-18,20,Thermal (oil/LNG),210.2
nlv2b_C1_LSFO250_refbrent,2035-08-18,20,Wind,29.6
nlv2b_C1_LSFO250_refbrent,2035-08-18,20,Utility solar,0.0
nlv2b_C1_LSFO250_refbrent,2035-08-18,20,Rooftop solar,0.0
nlv2b_C1_LSFO250_refbrent,2035-08-18,20,Battery discharge (net),783.8
nlv2b_C1_LSFO250_refbrent,2035-08-18,20,Battery charging (net),0.0
nlv2b_C1_LSFO250_refbrent,2035-08-18,20,Curtailed solar & wind,0.0
nlv2b_C1_LSFO250_refbrent,2035-08-18,20,EV charging,-45.8
nlv2b_C1_LSFO250_refbrent,2035-08-18,20,Hydrogen production,-0.0
nlv2b_C1_LSFO250_refbrent,2035-08-18,20,Demand,1113.7
nlv2b_C1_LSFO250_refbrent,2035-08-18,22,Geothermal,93.1
nlv2b_C1_LSFO250_refbrent,2035-08-18,22,Waste-to-energy,42.8
nlv2b_C1_LSFO250_refbrent,2035-08-18,22,Thermal (oil/LNG),195.1
nlv2b_C1_LSFO250_refbrent,2035-08-18,22,Wind,28.7
nlv2b_C1_LSFO250_refbrent,2035-08-18,22,Utility solar,0.0
nlv2b_C1_LSFO250_refbrent,2035-08-18,22,Rooftop solar,0.0
nlv2b_C1_LSFO250_refbrent,2035-08-18,22,Battery discharge (net),506.9
nlv2b_C1_LSFO250_refbrent,2035-08-18,22,Battery charging (net),0.0
nlv2b_C1_LSFO250_refbrent,2035-08-18,22,Curtailed solar & wind,0.0
nlv2b_C1_LSFO250_refbrent,2035-08-18,22,EV charging,-11.5
nlv2b_C1_LSFO250_refbrent,2035-08-18,22,Hydrogen production,-0.0
nlv2b_C1_LSFO250_refbrent,2035-08-18,22,Demand,855.1
nlv2b_C1_LSFO250_refbrent,2035-11-22,0,Geothermal,93.1
nlv2b_C1_LSFO250_refbrent,2035-11-22,0,Waste-to-energy,42.8
nlv2b_C1_LSFO250_refbrent,2035-11-22,0,Thermal (oil/LNG),524.0
nlv2b_C1_LSFO250_refbrent,2035-11-22,0,Wind,16.9
nlv2b_C1_LSFO250_refbrent,2035-11-22,0,Utility solar,0.0
nlv2b_C1_LSFO250_refbrent,2035-11-22,0,Rooftop solar,0.0
nlv2b_C1_LSFO250_refbrent,2035-11-22,0,Battery discharge (net),0.0
nlv2b_C1_LSFO250_refbrent,2035-11-22,0,Battery charging (net),-25.9
nlv2b_C1_LSFO250_refbrent,2035-11-22,0,Curtailed solar & wind,0.0
nlv2b_C1_LSFO250_refbrent,2035-11-22,0,EV charging,-8.8
nlv2b_C1_LSFO250_refbrent,2035-11-22,0,Hydrogen production,-0.0
nlv2b_C1_LSFO250_refbrent,2035-11-22,0,Demand,642.1
nlv2b_C1_LSFO250_refbrent,2035-11-22,2,Geothermal,93.1
nlv2b_C1_LSFO250_refbrent,2035-11-22,2,Waste-to-energy,42.8
nlv2b_C1_LSFO250_refbrent,2035-11-22,2,Thermal (oil/LNG),524.0
nlv2b_C1_LSFO250_refbrent,2035-11-22,2,Wind,1.8
nlv2b_C1_LSFO250_refbrent,2035-11-22,2,Utility solar,0.0
nlv2b_C1_LSFO250_refbrent,2035-11-22,2,Rooftop solar,0.0
nlv2b_C1_LSFO250_refbrent,2035-11-22,2,Battery discharge (net),0.0
nlv2b_C1_LSFO250_refbrent,2035-11-22,2,Battery charging (net),-87.5
nlv2b_C1_LSFO250_refbrent,2035-11-22,2,Curtailed solar & wind,0.0
nlv2b_C1_LSFO250_refbrent,2035-11-22,2,EV charging,-6.4
nlv2b_C1_LSFO250_refbrent,2035-11-22,2,Hydrogen production,-0.0
nlv2b_C1_LSFO250_refbrent,2035-11-22,2,Demand,567.9
nlv2b_C1_LSFO250_refbrent,2035-11-22,4,Geothermal,93.1
nlv2b_C1_LSFO250_refbrent,2035-11-22,4,Waste-to-energy,42.8
nlv2b_C1_LSFO250_refbrent,2035-11-22,4,Thermal (oil/LNG),524.0
nlv2b_C1_LSFO250_refbrent,2035-11-22,4,Wind,0.0
nlv2b_C1_LSFO250_refbrent,2035-11-22,4,Utility solar,0.0
nlv2b_C1_LSFO250_refbrent,2035-11-22,4,Rooftop solar,0.0
nlv2b_C1_LSFO250_refbrent,2035-11-22,4,Battery discharge (net),0.0
nlv2b_C1_LSFO250_refbrent,2035-11-22,4,Battery charging (net),-59.8
nlv2b_C1_LSFO250_refbrent,2035-11-22,4,Curtailed solar & wind,0.0
nlv2b_C1_LSFO250_refbrent,2035-11-22,4,EV charging,-6.4
nlv2b_C1_LSFO250_refbrent,2035-11-22,4,Hydrogen production,-0.0
nlv2b_C1_LSFO250_refbrent,2035-11-22,4,Demand,593.6
nlv2b_C1_LSFO250_refbrent,2035-11-22,6,Geothermal,93.1
nlv2b_C1_LSFO250_refbrent,2035-11-22,6,Waste-to-energy,42.8
nlv2b_C1_LSFO250_refbrent,2035-11-22,6,Thermal (oil/LNG),535.9
nlv2b_C1_LSFO250_refbrent,2035-11-22,6,Wind,1.3
nlv2b_C1_LSFO250_refbrent,2035-11-22,6,Utility solar,0.0
nlv2b_C1_LSFO250_refbrent,2035-11-22,6,Rooftop solar,0.0
nlv2b_C1_LSFO250_refbrent,2035-11-22,6,Battery discharge (net),75.8
nlv2b_C1_LSFO250_refbrent,2035-11-22,6,Battery charging (net),0.0
nlv2b_C1_LSFO250_refbrent,2035-11-22,6,Curtailed solar & wind,0.0
nlv2b_C1_LSFO250_refbrent,2035-11-22,6,EV charging,-7.8
nlv2b_C1_LSFO250_refbrent,2035-11-22,6,Hydrogen production,-0.0
nlv2b_C1_LSFO250_refbrent,2035-11-22,6,Demand,741.2
nlv2b_C1_LSFO250_refbrent,2035-11-22,8,Geothermal,93.1
nlv2b_C1_LSFO250_refbrent,2035-11-22,8,Waste-to-energy,42.8
nlv2b_C1_LSFO250_refbrent,2035-11-22,8,Thermal (oil/LNG),543.0
nlv2b_C1_LSFO250_refbrent,2035-11-22,8,Wind,7.7
nlv2b_C1_LSFO250_refbrent,2035-11-22,8,Utility solar,48.5
nlv2b_C1_LSFO250_refbrent,2035-11-22,8,Rooftop solar,0.0
nlv2b_C1_LSFO250_refbrent,2035-11-22,8,Battery discharge (net),80.0
nlv2b_C1_LSFO250_refbrent,2035-11-22,8,Battery charging (net),0.0
nlv2b_C1_LSFO250_refbrent,2035-11-22,8,Curtailed solar & wind,0.0
nlv2b_C1_LSFO250_refbrent,2035-11-22,8,EV charging,-11.9
nlv2b_C1_LSFO250_refbrent,2035-11-22,8,Hydrogen production,-0.0
nlv2b_C1_LSFO250_refbrent,2035-11-22,8,Demand,803.3
nlv2b_C1_LSFO250_refbrent,2035-11-22,10,Geothermal,93.1
nlv2b_C1_LSFO250_refbrent,2035-11-22,10,Waste-to-energy,42.8
nlv2b_C1_LSFO250_refbrent,2035-11-22,10,Thermal (oil/LNG),524.0
nlv2b_C1_LSFO250_refbrent,2035-11-22,10,Wind,3.1
nlv2b_C1_LSFO250_refbrent,2035-11-22,10,Utility solar,198.6
nlv2b_C1_LSFO250_refbrent,2035-11-22,10,Rooftop solar,0.0
nlv2b_C1_LSFO250_refbrent,2035-11-22,10,Battery discharge (net),0.0
nlv2b_C1_LSFO250_refbrent,2035-11-22,10,Battery charging (net),-139.6
nlv2b_C1_LSFO250_refbrent,2035-11-22,10,Curtailed solar & wind,0.0
nlv2b_C1_LSFO250_refbrent,2035-11-22,10,EV charging,-20.4
nlv2b_C1_LSFO250_refbrent,2035-11-22,10,Hydrogen production,-0.0
nlv2b_C1_LSFO250_refbrent,2035-11-22,10,Demand,701.5
nlv2b_C1_LSFO250_refbrent,2035-11-22,12,Geothermal,93.1
nlv2b_C1_LSFO250_refbrent,2035-11-22,12,Waste-to-energy,42.8
nlv2b_C1_LSFO250_refbrent,2035-11-22,12,Thermal (oil/LNG),524.0
nlv2b_C1_LSFO250_refbrent,2035-11-22,12,Wind,3.1
nlv2b_C1_LSFO250_refbrent,2035-11-22,12,Utility solar,386.0
nlv2b_C1_LSFO250_refbrent,2035-11-22,12,Rooftop solar,0.0
nlv2b_C1_LSFO250_refbrent,2035-11-22,12,Battery discharge (net),0.0
nlv2b_C1_LSFO250_refbrent,2035-11-22,12,Battery charging (net),-351.4
nlv2b_C1_LSFO250_refbrent,2035-11-22,12,Curtailed solar & wind,0.0
nlv2b_C1_LSFO250_refbrent,2035-11-22,12,EV charging,-81.4
nlv2b_C1_LSFO250_refbrent,2035-11-22,12,Hydrogen production,-0.0
nlv2b_C1_LSFO250_refbrent,2035-11-22,12,Demand,616.2
nlv2b_C1_LSFO250_refbrent,2035-11-22,14,Geothermal,93.1
nlv2b_C1_LSFO250_refbrent,2035-11-22,14,Waste-to-energy,42.8
nlv2b_C1_LSFO250_refbrent,2035-11-22,14,Thermal (oil/LNG),524.0
nlv2b_C1_LSFO250_refbrent,2035-11-22,14,Wind,8.5
nlv2b_C1_LSFO250_refbrent,2035-11-22,14,Utility solar,367.3
nlv2b_C1_LSFO250_refbrent,2035-11-22,14,Rooftop solar,0.0
nlv2b_C1_LSFO250_refbrent,2035-11-22,14,Battery discharge (net),0.0
nlv2b_C1_LSFO250_refbrent,2035-11-22,14,Battery charging (net),-199.6
nlv2b_C1_LSFO250_refbrent,2035-11-22,14,Curtailed solar & wind,0.0
nlv2b_C1_LSFO250_refbrent,2035-11-22,14,EV charging,-221.3
nlv2b_C1_LSFO250_refbrent,2035-11-22,14,Hydrogen production,-0.0
nlv2b_C1_LSFO250_refbrent,2035-11-22,14,Demand,614.8
nlv2b_C1_LSFO250_refbrent,2035-11-22,16,Geothermal,93.1
nlv2b_C1_LSFO250_refbrent,2035-11-22,16,Waste-to-energy,42.8
nlv2b_C1_LSFO250_refbrent,2035-11-22,16,Thermal (oil/LNG),524.0
nlv2b_C1_LSFO250_refbrent,2035-11-22,16,Wind,15.5
nlv2b_C1_LSFO250_refbrent,2035-11-22,16,Utility solar,292.4
nlv2b_C1_LSFO250_refbrent,2035-11-22,16,Rooftop solar,0.0
nlv2b_C1_LSFO250_refbrent,2035-11-22,16,Battery discharge (net),0.0
nlv2b_C1_LSFO250_refbrent,2035-11-22,16,Battery charging (net),-62.9
nlv2b_C1_LSFO250_refbrent,2035-11-22,16,Curtailed solar & wind,0.0
nlv2b_C1_LSFO250_refbrent,2035-11-22,16,EV charging,-30.7
nlv2b_C1_LSFO250_refbrent,2035-11-22,16,Hydrogen production,-0.0
nlv2b_C1_LSFO250_refbrent,2035-11-22,16,Demand,874.2
nlv2b_C1_LSFO250_refbrent,2035-11-22,18,Geothermal,93.1
nlv2b_C1_LSFO250_refbrent,2035-11-22,18,Waste-to-energy,42.8
nlv2b_C1_LSFO250_refbrent,2035-11-22,18,Thermal (oil/LNG),535.9
nlv2b_C1_LSFO250_refbrent,2035-11-22,18,Wind,30.6
nlv2b_C1_LSFO250_refbrent,2035-11-22,18,Utility solar,0.0
nlv2b_C1_LSFO250_refbrent,2035-11-22,18,Rooftop solar,0.0
nlv2b_C1_LSFO250_refbrent,2035-11-22,18,Battery discharge (net),387.2
nlv2b_C1_LSFO250_refbrent,2035-11-22,18,Battery charging (net),0.0
nlv2b_C1_LSFO250_refbrent,2035-11-22,18,Curtailed solar & wind,0.0
nlv2b_C1_LSFO250_refbrent,2035-11-22,18,EV charging,-49.4
nlv2b_C1_LSFO250_refbrent,2035-11-22,18,Hydrogen production,-0.0
nlv2b_C1_LSFO250_refbrent,2035-11-22,18,Demand,1040.1
nlv2b_C1_LSFO250_refbrent,2035-11-22,20,Geothermal,93.1
nlv2b_C1_LSFO250_refbrent,2035-11-22,20,Waste-to-energy,42.8
nlv2b_C1_LSFO250_refbrent,2035-11-22,20,Thermal (oil/LNG),547.7
nlv2b_C1_LSFO250_refbrent,2035-11-22,20,Wind,37.5
nlv2b_C1_LSFO250_refbrent,2035-11-22,20,Utility solar,0.0
nlv2b_C1_LSFO250_refbrent,2035-11-22,20,Rooftop solar,0.0
nlv2b_C1_LSFO250_refbrent,2035-11-22,20,Battery discharge (net),215.3
nlv2b_C1_LSFO250_refbrent,2035-11-22,20,Battery charging (net),0.0
nlv2b_C1_LSFO250_refbrent,2035-11-22,20,Curtailed solar & wind,0.0
nlv2b_C1_LSFO250_refbrent,2035-11-22,20,EV charging,-45.8
nlv2b_C1_LSFO250_refbrent,2035-11-22,20,Hydrogen production,-0.0
nlv2b_C1_LSFO250_refbrent,2035-11-22,20,Demand,890.6
nlv2b_C1_LSFO250_refbrent,2035-11-22,22,Geothermal,93.1
nlv2b_C1_LSFO250_refbrent,2035-11-22,22,Waste-to-energy,42.8
nlv2b_C1_LSFO250_refbrent,2035-11-22,22,Thermal (oil/LNG),546.2
nlv2b_C1_LSFO250_refbrent,2035-11-22,22,Wind,3.0
nlv2b_C1_LSFO250_refbrent,2035-11-22,22,Utility solar,0.0
nlv2b_C1_LSFO250_refbrent,2035-11-22,22,Rooftop solar,0.0
nlv2b_C1_LSFO250_refbrent,2035-11-22,22,Battery discharge (net),75.8
nlv2b_C1_LSFO250_refbrent,2035-11-22,22,Battery charging (net),0.0
nlv2b_C1_LSFO250_refbrent,2035-11-22,22,Curtailed solar & wind,0.0
nlv2b_C1_LSFO250_refbrent,2035-11-22,22,EV charging,-11.5
nlv2b_C1_LSFO250_refbrent,2035-11-22,22,Hydrogen production,-0.0
nlv2b_C1_LSFO250_refbrent,2035-11-22,22,Demand,749.4
nlv2b_wb_C6_LNG500_refbrent,2035-08-18,0,Geothermal,93.1
nlv2b_wb_C6_LNG500_refbrent,2035-08-18,0,Waste-to-energy,42.8
nlv2b_wb_C6_LNG500_refbrent,2035-08-18,0,Thermal (oil/LNG),423.3
nlv2b_wb_C6_LNG500_refbrent,2035-08-18,0,Wind,46.2
nlv2b_wb_C6_LNG500_refbrent,2035-08-18,0,Utility solar,0.0
nlv2b_wb_C6_LNG500_refbrent,2035-08-18,0,Rooftop solar,0.0
nlv2b_wb_C6_LNG500_refbrent,2035-08-18,0,Battery discharge (net),97.2
nlv2b_wb_C6_LNG500_refbrent,2035-08-18,0,Battery charging (net),0.0
nlv2b_wb_C6_LNG500_refbrent,2035-08-18,0,Curtailed solar & wind,0.0
nlv2b_wb_C6_LNG500_refbrent,2035-08-18,0,EV charging,-8.8
nlv2b_wb_C6_LNG500_refbrent,2035-08-18,0,Hydrogen production,-0.0
nlv2b_wb_C6_LNG500_refbrent,2035-08-18,0,Demand,693.8
nlv2b_wb_C6_LNG500_refbrent,2035-08-18,2,Geothermal,93.1
nlv2b_wb_C6_LNG500_refbrent,2035-08-18,2,Waste-to-energy,42.8
nlv2b_wb_C6_LNG500_refbrent,2035-08-18,2,Thermal (oil/LNG),228.1
nlv2b_wb_C6_LNG500_refbrent,2035-08-18,2,Wind,42.4
nlv2b_wb_C6_LNG500_refbrent,2035-08-18,2,Utility solar,0.0
nlv2b_wb_C6_LNG500_refbrent,2035-08-18,2,Rooftop solar,0.0
nlv2b_wb_C6_LNG500_refbrent,2035-08-18,2,Battery discharge (net),239.4
nlv2b_wb_C6_LNG500_refbrent,2035-08-18,2,Battery charging (net),0.0
nlv2b_wb_C6_LNG500_refbrent,2035-08-18,2,Curtailed solar & wind,0.0
nlv2b_wb_C6_LNG500_refbrent,2035-08-18,2,EV charging,-6.4
nlv2b_wb_C6_LNG500_refbrent,2035-08-18,2,Hydrogen production,-0.0
nlv2b_wb_C6_LNG500_refbrent,2035-08-18,2,Demand,639.5
nlv2b_wb_C6_LNG500_refbrent,2035-08-18,4,Geothermal,93.1
nlv2b_wb_C6_LNG500_refbrent,2035-08-18,4,Waste-to-energy,42.8
nlv2b_wb_C6_LNG500_refbrent,2035-08-18,4,Thermal (oil/LNG),478.1
nlv2b_wb_C6_LNG500_refbrent,2035-08-18,4,Wind,18.4
nlv2b_wb_C6_LNG500_refbrent,2035-08-18,4,Utility solar,0.0
nlv2b_wb_C6_LNG500_refbrent,2035-08-18,4,Rooftop solar,0.0
nlv2b_wb_C6_LNG500_refbrent,2035-08-18,4,Battery discharge (net),83.5
nlv2b_wb_C6_LNG500_refbrent,2035-08-18,4,Battery charging (net),0.0
nlv2b_wb_C6_LNG500_refbrent,2035-08-18,4,Curtailed solar & wind,0.0
nlv2b_wb_C6_LNG500_refbrent,2035-08-18,4,EV charging,-6.4
nlv2b_wb_C6_LNG500_refbrent,2035-08-18,4,Hydrogen production,-0.0
nlv2b_wb_C6_LNG500_refbrent,2035-08-18,4,Demand,709.5
nlv2b_wb_C6_LNG500_refbrent,2035-08-18,6,Geothermal,93.1
nlv2b_wb_C6_LNG500_refbrent,2035-08-18,6,Waste-to-energy,42.8
nlv2b_wb_C6_LNG500_refbrent,2035-08-18,6,Thermal (oil/LNG),603.1
nlv2b_wb_C6_LNG500_refbrent,2035-08-18,6,Wind,27.0
nlv2b_wb_C6_LNG500_refbrent,2035-08-18,6,Utility solar,24.4
nlv2b_wb_C6_LNG500_refbrent,2035-08-18,6,Rooftop solar,0.0
nlv2b_wb_C6_LNG500_refbrent,2035-08-18,6,Battery discharge (net),192.5
nlv2b_wb_C6_LNG500_refbrent,2035-08-18,6,Battery charging (net),0.0
nlv2b_wb_C6_LNG500_refbrent,2035-08-18,6,Curtailed solar & wind,0.0
nlv2b_wb_C6_LNG500_refbrent,2035-08-18,6,EV charging,-7.8
nlv2b_wb_C6_LNG500_refbrent,2035-08-18,6,Hydrogen production,-0.0
nlv2b_wb_C6_LNG500_refbrent,2035-08-18,6,Demand,975.1
nlv2b_wb_C6_LNG500_refbrent,2035-08-18,8,Geothermal,93.1
nlv2b_wb_C6_LNG500_refbrent,2035-08-18,8,Waste-to-energy,42.8
nlv2b_wb_C6_LNG500_refbrent,2035-08-18,8,Thermal (oil/LNG),103.1
nlv2b_wb_C6_LNG500_refbrent,2035-08-18,8,Wind,23.8
nlv2b_wb_C6_LNG500_refbrent,2035-08-18,8,Utility solar,1086.6
nlv2b_wb_C6_LNG500_refbrent,2035-08-18,8,Rooftop solar,0.0
nlv2b_wb_C6_LNG500_refbrent,2035-08-18,8,Battery discharge (net),0.0
nlv2b_wb_C6_LNG500_refbrent,2035-08-18,8,Battery charging (net),-268.1
nlv2b_wb_C6_LNG500_refbrent,2035-08-18,8,Curtailed solar & wind,0.0
nlv2b_wb_C6_LNG500_refbrent,2035-08-18,8,EV charging,-170.1
nlv2b_wb_C6_LNG500_refbrent,2035-08-18,8,Hydrogen production,-0.0
nlv2b_wb_C6_LNG500_refbrent,2035-08-18,8,Demand,911.2
nlv2b_wb_C6_LNG500_refbrent,2035-08-18,10,Geothermal,93.1
nlv2b_wb_C6_LNG500_refbrent,2035-08-18,10,Waste-to-energy,42.8
nlv2b_wb_C6_LNG500_refbrent,2035-08-18,10,Thermal (oil/LNG),103.1
nlv2b_wb_C6_LNG500_refbrent,2035-08-18,10,Wind,29.7
nlv2b_wb_C6_LNG500_refbrent,2035-08-18,10,Utility solar,930.3
nlv2b_wb_C6_LNG500_refbrent,2035-08-18,10,Rooftop solar,0.0
nlv2b_wb_C6_LNG500_refbrent,2035-08-18,10,Battery discharge (net),0.0
nlv2b_wb_C6_LNG500_refbrent,2035-08-18,10,Battery charging (net),-200.6
nlv2b_wb_C6_LNG500_refbrent,2035-08-18,10,Curtailed solar & wind,0.0
nlv2b_wb_C6_LNG500_refbrent,2035-08-18,10,EV charging,-105.8
nlv2b_wb_C6_LNG500_refbrent,2035-08-18,10,Hydrogen production,-0.0
nlv2b_wb_C6_LNG500_refbrent,2035-08-18,10,Demand,892.6
nlv2b_wb_C6_LNG500_refbrent,2035-08-18,12,Geothermal,93.1
nlv2b_wb_C6_LNG500_refbrent,2035-08-18,12,Waste-to-energy,42.8
nlv2b_wb_C6_LNG500_refbrent,2035-08-18,12,Thermal (oil/LNG),103.1
nlv2b_wb_C6_LNG500_refbrent,2035-08-18,12,Wind,28.8
nlv2b_wb_C6_LNG500_refbrent,2035-08-18,12,Utility solar,1040.1
nlv2b_wb_C6_LNG500_refbrent,2035-08-18,12,Rooftop solar,0.0
nlv2b_wb_C6_LNG500_refbrent,2035-08-18,12,Battery discharge (net),0.0
nlv2b_wb_C6_LNG500_refbrent,2035-08-18,12,Battery charging (net),-514.4
nlv2b_wb_C6_LNG500_refbrent,2035-08-18,12,Curtailed solar & wind,0.0
nlv2b_wb_C6_LNG500_refbrent,2035-08-18,12,EV charging,-30.5
nlv2b_wb_C6_LNG500_refbrent,2035-08-18,12,Hydrogen production,-0.0
nlv2b_wb_C6_LNG500_refbrent,2035-08-18,12,Demand,763.0
nlv2b_wb_C6_LNG500_refbrent,2035-08-18,14,Geothermal,93.1
nlv2b_wb_C6_LNG500_refbrent,2035-08-18,14,Waste-to-energy,42.8
nlv2b_wb_C6_LNG500_refbrent,2035-08-18,14,Thermal (oil/LNG),103.1
nlv2b_wb_C6_LNG500_refbrent,2035-08-18,14,Wind,26.1
nlv2b_wb_C6_LNG500_refbrent,2035-08-18,14,Utility solar,1089.9
nlv2b_wb_C6_LNG500_refbrent,2035-08-18,14,Rooftop solar,0.0
nlv2b_wb_C6_LNG500_refbrent,2035-08-18,14,Battery discharge (net),0.0
nlv2b_wb_C6_LNG500_refbrent,2035-08-18,14,Battery charging (net),-485.8
nlv2b_wb_C6_LNG500_refbrent,2035-08-18,14,Curtailed solar & wind,0.0
nlv2b_wb_C6_LNG500_refbrent,2035-08-18,14,EV charging,-28.5
nlv2b_wb_C6_LNG500_refbrent,2035-08-18,14,Hydrogen production,-0.0
nlv2b_wb_C6_LNG500_refbrent,2035-08-18,14,Demand,840.7
nlv2b_wb_C6_LNG500_refbrent,2035-08-18,16,Geothermal,93.1
nlv2b_wb_C6_LNG500_refbrent,2035-08-18,16,Waste-to-energy,42.8
nlv2b_wb_C6_LNG500_refbrent,2035-08-18,16,Thermal (oil/LNG),103.1
nlv2b_wb_C6_LNG500_refbrent,2035-08-18,16,Wind,34.2
nlv2b_wb_C6_LNG500_refbrent,2035-08-18,16,Utility solar,947.2
nlv2b_wb_C6_LNG500_refbrent,2035-08-18,16,Rooftop solar,0.0
nlv2b_wb_C6_LNG500_refbrent,2035-08-18,16,Battery discharge (net),0.0
nlv2b_wb_C6_LNG500_refbrent,2035-08-18,16,Battery charging (net),-141.1
nlv2b_wb_C6_LNG500_refbrent,2035-08-18,16,Curtailed solar & wind,0.0
nlv2b_wb_C6_LNG500_refbrent,2035-08-18,16,EV charging,-30.7
nlv2b_wb_C6_LNG500_refbrent,2035-08-18,16,Hydrogen production,-0.0
nlv2b_wb_C6_LNG500_refbrent,2035-08-18,16,Demand,1048.7
nlv2b_wb_C6_LNG500_refbrent,2035-08-18,18,Geothermal,93.1
nlv2b_wb_C6_LNG500_refbrent,2035-08-18,18,Waste-to-energy,42.8
nlv2b_wb_C6_LNG500_refbrent,2035-08-18,18,Thermal (oil/LNG),606.9
nlv2b_wb_C6_LNG500_refbrent,2035-08-18,18,Wind,43.8
nlv2b_wb_C6_LNG500_refbrent,2035-08-18,18,Utility solar,77.2
nlv2b_wb_C6_LNG500_refbrent,2035-08-18,18,Rooftop solar,0.0
nlv2b_wb_C6_LNG500_refbrent,2035-08-18,18,Battery discharge (net),346.5
nlv2b_wb_C6_LNG500_refbrent,2035-08-18,18,Battery charging (net),0.0
nlv2b_wb_C6_LNG500_refbrent,2035-08-18,18,Curtailed solar & wind,0.0
nlv2b_wb_C6_LNG500_refbrent,2035-08-18,18,EV charging,-49.4
nlv2b_wb_C6_LNG500_refbrent,2035-08-18,18,Hydrogen production,-0.0
nlv2b_wb_C6_LNG500_refbrent,2035-08-18,18,Demand,1160.9
nlv2b_wb_C6_LNG500_refbrent,2035-08-18,20,Geothermal,93.1
nlv2b_wb_C6_LNG500_refbrent,2035-08-18,20,Waste-to-energy,42.8
nlv2b_wb_C6_LNG500_refbrent,2035-08-18,20,Thermal (oil/LNG),603.1
nlv2b_wb_C6_LNG500_refbrent,2035-08-18,20,Wind,29.6
nlv2b_wb_C6_LNG500_refbrent,2035-08-18,20,Utility solar,0.0
nlv2b_wb_C6_LNG500_refbrent,2035-08-18,20,Rooftop solar,0.0
nlv2b_wb_C6_LNG500_refbrent,2035-08-18,20,Battery discharge (net),390.9
nlv2b_wb_C6_LNG500_refbrent,2035-08-18,20,Battery charging (net),0.0
nlv2b_wb_C6_LNG500_refbrent,2035-08-18,20,Curtailed solar & wind,0.0
nlv2b_wb_C6_LNG500_refbrent,2035-08-18,20,EV charging,-45.8
nlv2b_wb_C6_LNG500_refbrent,2035-08-18,20,Hydrogen production,-0.0
nlv2b_wb_C6_LNG500_refbrent,2035-08-18,20,Demand,1113.7
nlv2b_wb_C6_LNG500_refbrent,2035-08-18,22,Geothermal,93.1
nlv2b_wb_C6_LNG500_refbrent,2035-08-18,22,Waste-to-energy,42.8
nlv2b_wb_C6_LNG500_refbrent,2035-08-18,22,Thermal (oil/LNG),603.1
nlv2b_wb_C6_LNG500_refbrent,2035-08-18,22,Wind,28.7
nlv2b_wb_C6_LNG500_refbrent,2035-08-18,22,Utility solar,0.0
nlv2b_wb_C6_LNG500_refbrent,2035-08-18,22,Rooftop solar,0.0
nlv2b_wb_C6_LNG500_refbrent,2035-08-18,22,Battery discharge (net),98.9
nlv2b_wb_C6_LNG500_refbrent,2035-08-18,22,Battery charging (net),0.0
nlv2b_wb_C6_LNG500_refbrent,2035-08-18,22,Curtailed solar & wind,0.0
nlv2b_wb_C6_LNG500_refbrent,2035-08-18,22,EV charging,-11.5
nlv2b_wb_C6_LNG500_refbrent,2035-08-18,22,Hydrogen production,-0.0
nlv2b_wb_C6_LNG500_refbrent,2035-08-18,22,Demand,855.1
nlv2b_wb_C6_LNG500_refbrent,2035-11-22,0,Geothermal,93.1
nlv2b_wb_C6_LNG500_refbrent,2035-11-22,0,Waste-to-energy,42.8
nlv2b_wb_C6_LNG500_refbrent,2035-11-22,0,Thermal (oil/LNG),603.1
nlv2b_wb_C6_LNG500_refbrent,2035-11-22,0,Wind,16.9
nlv2b_wb_C6_LNG500_refbrent,2035-11-22,0,Utility solar,0.0
nlv2b_wb_C6_LNG500_refbrent,2035-11-22,0,Rooftop solar,0.0
nlv2b_wb_C6_LNG500_refbrent,2035-11-22,0,Battery discharge (net),0.0
nlv2b_wb_C6_LNG500_refbrent,2035-11-22,0,Battery charging (net),0.0
nlv2b_wb_C6_LNG500_refbrent,2035-11-22,0,Curtailed solar & wind,0.0
nlv2b_wb_C6_LNG500_refbrent,2035-11-22,0,EV charging,-113.8
nlv2b_wb_C6_LNG500_refbrent,2035-11-22,0,Hydrogen production,-0.0
nlv2b_wb_C6_LNG500_refbrent,2035-11-22,0,Demand,642.1
nlv2b_wb_C6_LNG500_refbrent,2035-11-22,2,Geothermal,93.1
nlv2b_wb_C6_LNG500_refbrent,2035-11-22,2,Waste-to-energy,42.8
nlv2b_wb_C6_LNG500_refbrent,2035-11-22,2,Thermal (oil/LNG),478.1
nlv2b_wb_C6_LNG500_refbrent,2035-11-22,2,Wind,1.8
nlv2b_wb_C6_LNG500_refbrent,2035-11-22,2,Utility solar,0.0
nlv2b_wb_C6_LNG500_refbrent,2035-11-22,2,Rooftop solar,0.0
nlv2b_wb_C6_LNG500_refbrent,2035-11-22,2,Battery discharge (net),0.0
nlv2b_wb_C6_LNG500_refbrent,2035-11-22,2,Battery charging (net),0.0
nlv2b_wb_C6_LNG500_refbrent,2035-11-22,2,Curtailed solar & wind,0.0
nlv2b_wb_C6_LNG500_refbrent,2035-11-22,2,EV charging,-48.0
nlv2b_wb_C6_LNG500_refbrent,2035-11-22,2,Hydrogen production,-0.0
nlv2b_wb_C6_LNG500_refbrent,2035-11-22,2,Demand,567.9
nlv2b_wb_C6_LNG500_refbrent,2035-11-22,4,Geothermal,93.1
nlv2b_wb_C6_LNG500_refbrent,2035-11-22,4,Waste-to-energy,42.8
nlv2b_wb_C6_LNG500_refbrent,2035-11-22,4,Thermal (oil/LNG),603.5
nlv2b_wb_C6_LNG500_refbrent,2035-11-22,4,Wind,0.0
nlv2b_wb_C6_LNG500_refbrent,2035-11-22,4,Utility solar,0.0
nlv2b_wb_C6_LNG500_refbrent,2035-11-22,4,Rooftop solar,0.0
nlv2b_wb_C6_LNG500_refbrent,2035-11-22,4,Battery discharge (net),0.0
nlv2b_wb_C6_LNG500_refbrent,2035-11-22,4,Battery charging (net),-35.1
nlv2b_wb_C6_LNG500_refbrent,2035-11-22,4,Curtailed solar & wind,0.0
nlv2b_wb_C6_LNG500_refbrent,2035-11-22,4,EV charging,-110.6
nlv2b_wb_C6_LNG500_refbrent,2035-11-22,4,Hydrogen production,-0.0
nlv2b_wb_C6_LNG500_refbrent,2035-11-22,4,Demand,593.6
nlv2b_wb_C6_LNG500_refbrent,2035-11-22,6,Geothermal,93.1
nlv2b_wb_C6_LNG500_refbrent,2035-11-22,6,Waste-to-energy,42.8
nlv2b_wb_C6_LNG500_refbrent,2035-11-22,6,Thermal (oil/LNG),611.7
nlv2b_wb_C6_LNG500_refbrent,2035-11-22,6,Wind,1.3
nlv2b_wb_C6_LNG500_refbrent,2035-11-22,6,Utility solar,0.0
nlv2b_wb_C6_LNG500_refbrent,2035-11-22,6,Rooftop solar,0.0
nlv2b_wb_C6_LNG500_refbrent,2035-11-22,6,Battery discharge (net),0.0
nlv2b_wb_C6_LNG500_refbrent,2035-11-22,6,Battery charging (net),0.0
nlv2b_wb_C6_LNG500_refbrent,2035-11-22,6,Curtailed solar & wind,0.0
nlv2b_wb_C6_LNG500_refbrent,2035-11-22,6,EV charging,-7.8
nlv2b_wb_C6_LNG500_refbrent,2035-11-22,6,Hydrogen production,-0.0
nlv2b_wb_C6_LNG500_refbrent,2035-11-22,6,Demand,741.2
nlv2b_wb_C6_LNG500_refbrent,2035-11-22,8,Geothermal,93.1
nlv2b_wb_C6_LNG500_refbrent,2035-11-22,8,Waste-to-energy,42.8
nlv2b_wb_C6_LNG500_refbrent,2035-11-22,8,Thermal (oil/LNG),613.1
nlv2b_wb_C6_LNG500_refbrent,2035-11-22,8,Wind,7.7
nlv2b_wb_C6_LNG500_refbrent,2035-11-22,8,Utility solar,27.6
nlv2b_wb_C6_LNG500_refbrent,2035-11-22,8,Rooftop solar,0.0
nlv2b_wb_C6_LNG500_refbrent,2035-11-22,8,Battery discharge (net),30.8
nlv2b_wb_C6_LNG500_refbrent,2035-11-22,8,Battery charging (net),0.0
nlv2b_wb_C6_LNG500_refbrent,2035-11-22,8,Curtailed solar & wind,0.0
nlv2b_wb_C6_LNG500_refbrent,2035-11-22,8,EV charging,-11.9
nlv2b_wb_C6_LNG500_refbrent,2035-11-22,8,Hydrogen production,-0.0
nlv2b_wb_C6_LNG500_refbrent,2035-11-22,8,Demand,803.3
nlv2b_wb_C6_LNG500_refbrent,2035-11-22,10,Geothermal,93.1
nlv2b_wb_C6_LNG500_refbrent,2035-11-22,10,Waste-to-energy,42.8
nlv2b_wb_C6_LNG500_refbrent,2035-11-22,10,Thermal (oil/LNG),607.7
nlv2b_wb_C6_LNG500_refbrent,2035-11-22,10,Wind,3.1
nlv2b_wb_C6_LNG500_refbrent,2035-11-22,10,Utility solar,139.0
nlv2b_wb_C6_LNG500_refbrent,2035-11-22,10,Rooftop solar,0.0
nlv2b_wb_C6_LNG500_refbrent,2035-11-22,10,Battery discharge (net),0.0
nlv2b_wb_C6_LNG500_refbrent,2035-11-22,10,Battery charging (net),-163.8
nlv2b_wb_C6_LNG500_refbrent,2035-11-22,10,Curtailed solar & wind,0.0
nlv2b_wb_C6_LNG500_refbrent,2035-11-22,10,EV charging,-20.4
nlv2b_wb_C6_LNG500_refbrent,2035-11-22,10,Hydrogen production,-0.0
nlv2b_wb_C6_LNG500_refbrent,2035-11-22,10,Demand,701.5
nlv2b_wb_C6_LNG500_refbrent,2035-11-22,12,Geothermal,93.1
nlv2b_wb_C6_LNG500_refbrent,2035-11-22,12,Waste-to-energy,42.8
nlv2b_wb_C6_LNG500_refbrent,2035-11-22,12,Thermal (oil/LNG),353.1
nlv2b_wb_C6_LNG500_refbrent,2035-11-22,12,Wind,3.1
nlv2b_wb_C6_LNG500_refbrent,2035-11-22,12,Utility solar,255.9
nlv2b_wb_C6_LNG500_refbrent,2035-11-22,12,Rooftop solar,0.0
nlv2b_wb_C6_LNG500_refbrent,2035-11-22,12,Battery discharge (net),0.0
nlv2b_wb_C6_LNG500_refbrent,2035-11-22,12,Battery charging (net),-108.5
nlv2b_wb_C6_LNG500_refbrent,2035-11-22,12,Curtailed solar & wind,0.0
nlv2b_wb_C6_LNG500_refbrent,2035-11-22,12,EV charging,-23.4
nlv2b_wb_C6_LNG500_refbrent,2035-11-22,12,Hydrogen production,-0.0
nlv2b_wb_C6_LNG500_refbrent,2035-11-22,12,Demand,616.2
nlv2b_wb_C6_LNG500_refbrent,2035-11-22,14,Geothermal,93.1
nlv2b_wb_C6_LNG500_refbrent,2035-11-22,14,Waste-to-energy,42.8
nlv2b_wb_C6_LNG500_refbrent,2035-11-22,14,Thermal (oil/LNG),478.1
nlv2b_wb_C6_LNG500_refbrent,2035-11-22,14,Wind,8.5
nlv2b_wb_C6_LNG500_refbrent,2035-11-22,14,Utility solar,216.3
nlv2b_wb_C6_LNG500_refbrent,2035-11-22,14,Rooftop solar,0.0
nlv2b_wb_C6_LNG500_refbrent,2035-11-22,14,Battery discharge (net),0.0
nlv2b_wb_C6_LNG500_refbrent,2035-11-22,14,Battery charging (net),-195.5
nlv2b_wb_C6_LNG500_refbrent,2035-11-22,14,Curtailed solar & wind,0.0
nlv2b_wb_C6_LNG500_refbrent,2035-11-22,14,EV charging,-28.5
nlv2b_wb_C6_LNG500_refbrent,2035-11-22,14,Hydrogen production,-0.0
nlv2b_wb_C6_LNG500_refbrent,2035-11-22,14,Demand,614.8
nlv2b_wb_C6_LNG500_refbrent,2035-11-22,16,Geothermal,93.1
nlv2b_wb_C6_LNG500_refbrent,2035-11-22,16,Waste-to-energy,42.8
nlv2b_wb_C6_LNG500_refbrent,2035-11-22,16,Thermal (oil/LNG),607.7
nlv2b_wb_C6_LNG500_refbrent,2035-11-22,16,Wind,15.5
nlv2b_wb_C6_LNG500_refbrent,2035-11-22,16,Utility solar,197.8
nlv2b_wb_C6_LNG500_refbrent,2035-11-22,16,Rooftop solar,0.0
nlv2b_wb_C6_LNG500_refbrent,2035-11-22,16,Battery discharge (net),0.0
nlv2b_wb_C6_LNG500_refbrent,2035-11-22,16,Battery charging (net),-52.1
nlv2b_wb_C6_LNG500_refbrent,2035-11-22,16,Curtailed solar & wind,0.0
nlv2b_wb_C6_LNG500_refbrent,2035-11-22,16,EV charging,-30.7
nlv2b_wb_C6_LNG500_refbrent,2035-11-22,16,Hydrogen production,-0.0
nlv2b_wb_C6_LNG500_refbrent,2035-11-22,16,Demand,874.2
nlv2b_wb_C6_LNG500_refbrent,2035-11-22,18,Geothermal,93.1
nlv2b_wb_C6_LNG500_refbrent,2035-11-22,18,Waste-to-energy,42.8
nlv2b_wb_C6_LNG500_refbrent,2035-11-22,18,Thermal (oil/LNG),613.1
nlv2b_wb_C6_LNG500_refbrent,2035-11-22,18,Wind,30.6
nlv2b_wb_C6_LNG500_refbrent,2035-11-22,18,Utility solar,0.0
nlv2b_wb_C6_LNG500_refbrent,2035-11-22,18,Rooftop solar,0.0
nlv2b_wb_C6_LNG500_refbrent,2035-11-22,18,Battery discharge (net),309.9
nlv2b_wb_C6_LNG500_refbrent,2035-11-22,18,Battery charging (net),0.0
nlv2b_wb_C6_LNG500_refbrent,2035-11-22,18,Curtailed solar & wind,0.0
nlv2b_wb_C6_LNG500_refbrent,2035-11-22,18,EV charging,-49.4
nlv2b_wb_C6_LNG500_refbrent,2035-11-22,18,Hydrogen production,-0.0
nlv2b_wb_C6_LNG500_refbrent,2035-11-22,18,Demand,1040.1
nlv2b_wb_C6_LNG500_refbrent,2035-11-22,20,Geothermal,93.1
nlv2b_wb_C6_LNG500_refbrent,2035-11-22,20,Waste-to-energy,42.8
nlv2b_wb_C6_LNG500_refbrent,2035-11-22,20,Thermal (oil/LNG),613.1
nlv2b_wb_C6_LNG500_refbrent,2035-11-22,20,Wind,37.5
nlv2b_wb_C6_LNG500_refbrent,2035-11-22,20,Utility solar,0.0
nlv2b_wb_C6_LNG500_refbrent,2035-11-22,20,Rooftop solar,0.0
nlv2b_wb_C6_LNG500_refbrent,2035-11-22,20,Battery discharge (net),149.9
nlv2b_wb_C6_LNG500_refbrent,2035-11-22,20,Battery charging (net),0.0
nlv2b_wb_C6_LNG500_refbrent,2035-11-22,20,Curtailed solar & wind,0.0
nlv2b_wb_C6_LNG500_refbrent,2035-11-22,20,EV charging,-45.8
nlv2b_wb_C6_LNG500_refbrent,2035-11-22,20,Hydrogen production,-0.0
nlv2b_wb_C6_LNG500_refbrent,2035-11-22,20,Demand,890.6
nlv2b_wb_C6_LNG500_refbrent,2035-11-22,22,Geothermal,93.1
nlv2b_wb_C6_LNG500_refbrent,2035-11-22,22,Waste-to-energy,42.8
nlv2b_wb_C6_LNG500_refbrent,2035-11-22,22,Thermal (oil/LNG),613.1
nlv2b_wb_C6_LNG500_refbrent,2035-11-22,22,Wind,3.0
nlv2b_wb_C6_LNG500_refbrent,2035-11-22,22,Utility solar,0.0
nlv2b_wb_C6_LNG500_refbrent,2035-11-22,22,Rooftop solar,0.0
nlv2b_wb_C6_LNG500_refbrent,2035-11-22,22,Battery discharge (net),8.8
nlv2b_wb_C6_LNG500_refbrent,2035-11-22,22,Battery charging (net),0.0
nlv2b_wb_C6_LNG500_refbrent,2035-11-22,22,Curtailed solar & wind,0.0
nlv2b_wb_C6_LNG500_refbrent,2035-11-22,22,EV charging,-11.5
nlv2b_wb_C6_LNG500_refbrent,2035-11-22,22,Hydrogen production,-0.0
nlv2b_wb_C6_LNG500_refbrent,2035-11-22,22,Demand,749.4
nlv2b_wr_C4_NOTHERMAL_refbrent,2035-08-18,0,Geothermal,93.1
nlv2b_wr_C4_NOTHERMAL_refbrent,2035-08-18,0,Waste-to-energy,42.8
nlv2b_wr_C4_NOTHERMAL_refbrent,2035-08-18,0,Thermal (oil/LNG),103.1
nlv2b_wr_C4_NOTHERMAL_refbrent,2035-08-18,0,Wind,46.2
nlv2b_wr_C4_NOTHERMAL_refbrent,2035-08-18,0,Utility solar,0.0
nlv2b_wr_C4_NOTHERMAL_refbrent,2035-08-18,0,Rooftop solar,0.0
nlv2b_wr_C4_NOTHERMAL_refbrent,2035-08-18,0,Battery discharge (net),417.4
nlv2b_wr_C4_NOTHERMAL_refbrent,2035-08-18,0,Battery charging (net),0.0
nlv2b_wr_C4_NOTHERMAL_refbrent,2035-08-18,0,Curtailed solar & wind,0.0
nlv2b_wr_C4_NOTHERMAL_refbrent,2035-08-18,0,EV charging,-8.8
nlv2b_wr_C4_NOTHERMAL_refbrent,2035-08-18,0,Hydrogen production,-0.0
nlv2b_wr_C4_NOTHERMAL_refbrent,2035-08-18,0,Demand,693.8
nlv2b_wr_C4_NOTHERMAL_refbrent,2035-08-18,2,Geothermal,93.1
nlv2b_wr_C4_NOTHERMAL_refbrent,2035-08-18,2,Waste-to-energy,42.8
nlv2b_wr_C4_NOTHERMAL_refbrent,2035-08-18,2,Thermal (oil/LNG),103.1
nlv2b_wr_C4_NOTHERMAL_refbrent,2035-08-18,2,Wind,42.4
nlv2b_wr_C4_NOTHERMAL_refbrent,2035-08-18,2,Utility solar,0.0
nlv2b_wr_C4_NOTHERMAL_refbrent,2035-08-18,2,Rooftop solar,0.0
nlv2b_wr_C4_NOTHERMAL_refbrent,2035-08-18,2,Battery discharge (net),364.4
nlv2b_wr_C4_NOTHERMAL_refbrent,2035-08-18,2,Battery charging (net),0.0
nlv2b_wr_C4_NOTHERMAL_refbrent,2035-08-18,2,Curtailed solar & wind,0.0
nlv2b_wr_C4_NOTHERMAL_refbrent,2035-08-18,2,EV charging,-6.4
nlv2b_wr_C4_NOTHERMAL_refbrent,2035-08-18,2,Hydrogen production,-0.0
nlv2b_wr_C4_NOTHERMAL_refbrent,2035-08-18,2,Demand,639.5
nlv2b_wr_C4_NOTHERMAL_refbrent,2035-08-18,4,Geothermal,93.1
nlv2b_wr_C4_NOTHERMAL_refbrent,2035-08-18,4,Waste-to-energy,42.8
nlv2b_wr_C4_NOTHERMAL_refbrent,2035-08-18,4,Thermal (oil/LNG),103.1
nlv2b_wr_C4_NOTHERMAL_refbrent,2035-08-18,4,Wind,18.4
nlv2b_wr_C4_NOTHERMAL_refbrent,2035-08-18,4,Utility solar,0.0
nlv2b_wr_C4_NOTHERMAL_refbrent,2035-08-18,4,Rooftop solar,0.0
nlv2b_wr_C4_NOTHERMAL_refbrent,2035-08-18,4,Battery discharge (net),458.5
nlv2b_wr_C4_NOTHERMAL_refbrent,2035-08-18,4,Battery charging (net),0.0
nlv2b_wr_C4_NOTHERMAL_refbrent,2035-08-18,4,Curtailed solar & wind,0.0
nlv2b_wr_C4_NOTHERMAL_refbrent,2035-08-18,4,EV charging,-6.4
nlv2b_wr_C4_NOTHERMAL_refbrent,2035-08-18,4,Hydrogen production,-0.0
nlv2b_wr_C4_NOTHERMAL_refbrent,2035-08-18,4,Demand,709.5
nlv2b_wr_C4_NOTHERMAL_refbrent,2035-08-18,6,Geothermal,93.1
nlv2b_wr_C4_NOTHERMAL_refbrent,2035-08-18,6,Waste-to-energy,42.8
nlv2b_wr_C4_NOTHERMAL_refbrent,2035-08-18,6,Thermal (oil/LNG),103.1
nlv2b_wr_C4_NOTHERMAL_refbrent,2035-08-18,6,Wind,18.2
nlv2b_wr_C4_NOTHERMAL_refbrent,2035-08-18,6,Utility solar,47.3
nlv2b_wr_C4_NOTHERMAL_refbrent,2035-08-18,6,Rooftop solar,0.0
nlv2b_wr_C4_NOTHERMAL_refbrent,2035-08-18,6,Battery discharge (net),678.4
nlv2b_wr_C4_NOTHERMAL_refbrent,2035-08-18,6,Battery charging (net),0.0
nlv2b_wr_C4_NOTHERMAL_refbrent,2035-08-18,6,Curtailed solar & wind,8.8
nlv2b_wr_C4_NOTHERMAL_refbrent,2035-08-18,6,EV charging,-7.8
nlv2b_wr_C4_NOTHERMAL_refbrent,2035-08-18,6,Hydrogen production,-0.0
nlv2b_wr_C4_NOTHERMAL_refbrent,2035-08-18,6,Demand,975.1
nlv2b_wr_C4_NOTHERMAL_refbrent,2035-08-18,8,Geothermal,93.1
nlv2b_wr_C4_NOTHERMAL_refbrent,2035-08-18,8,Waste-to-energy,42.8
nlv2b_wr_C4_NOTHERMAL_refbrent,2035-08-18,8,Thermal (oil/LNG),103.1
nlv2b_wr_C4_NOTHERMAL_refbrent,2035-08-18,8,Wind,1.6
nlv2b_wr_C4_NOTHERMAL_refbrent,2035-08-18,8,Utility solar,1551.0
nlv2b_wr_C4_NOTHERMAL_refbrent,2035-08-18,8,Rooftop solar,0.0
nlv2b_wr_C4_NOTHERMAL_refbrent,2035-08-18,8,Battery discharge (net),0.0
nlv2b_wr_C4_NOTHERMAL_refbrent,2035-08-18,8,Battery charging (net),-868.5
nlv2b_wr_C4_NOTHERMAL_refbrent,2035-08-18,8,Curtailed solar & wind,456.5
nlv2b_wr_C4_NOTHERMAL_refbrent,2035-08-18,8,EV charging,-11.9
nlv2b_wr_C4_NOTHERMAL_refbrent,2035-08-18,8,Hydrogen production,-0.0
nlv2b_wr_C4_NOTHERMAL_refbrent,2035-08-18,8,Demand,911.2
nlv2b_wr_C4_NOTHERMAL_refbrent,2035-08-18,10,Geothermal,93.1
nlv2b_wr_C4_NOTHERMAL_refbrent,2035-08-18,10,Waste-to-energy,42.8
nlv2b_wr_C4_NOTHERMAL_refbrent,2035-08-18,10,Thermal (oil/LNG),103.1
nlv2b_wr_C4_NOTHERMAL_refbrent,2035-08-18,10,Wind,29.7
nlv2b_wr_C4_NOTHERMAL_refbrent,2035-08-18,10,Utility solar,1419.8
nlv2b_wr_C4_NOTHERMAL_refbrent,2035-08-18,10,Rooftop solar,0.0
nlv2b_wr_C4_NOTHERMAL_refbrent,2035-08-18,10,Battery discharge (net),0.0
nlv2b_wr_C4_NOTHERMAL_refbrent,2035-08-18,10,Battery charging (net),-775.5
nlv2b_wr_C4_NOTHERMAL_refbrent,2035-08-18,10,Curtailed solar & wind,207.5
nlv2b_wr_C4_NOTHERMAL_refbrent,2035-08-18,10,EV charging,-20.4
nlv2b_wr_C4_NOTHERMAL_refbrent,2035-08-18,10,Hydrogen production,-0.0
nlv2b_wr_C4_NOTHERMAL_refbrent,2035-08-18,10,Demand,892.6
nlv2b_wr_C4_NOTHERMAL_refbrent,2035-08-18,12,Geothermal,93.1
nlv2b_wr_C4_NOTHERMAL_refbrent,2035-08-18,12,Waste-to-energy,42.8
nlv2b_wr_C4_NOTHERMAL_refbrent,2035-08-18,12,Thermal (oil/LNG),103.1
nlv2b_wr_C4_NOTHERMAL_refbrent,2035-08-18,12,Wind,19.2
nlv2b_wr_C4_NOTHERMAL_refbrent,2035-08-18,12,Utility solar,1782.7
nlv2b_wr_C4_NOTHERMAL_refbrent,2035-08-18,12,Rooftop solar,0.0
nlv2b_wr_C4_NOTHERMAL_refbrent,2035-08-18,12,Battery discharge (net),0.0
nlv2b_wr_C4_NOTHERMAL_refbrent,2035-08-18,12,Battery charging (net),-1093.6
nlv2b_wr_C4_NOTHERMAL_refbrent,2035-08-18,12,Curtailed solar & wind,125.3
nlv2b_wr_C4_NOTHERMAL_refbrent,2035-08-18,12,EV charging,-184.3
nlv2b_wr_C4_NOTHERMAL_refbrent,2035-08-18,12,Hydrogen production,-0.0
nlv2b_wr_C4_NOTHERMAL_refbrent,2035-08-18,12,Demand,763.0
nlv2b_wr_C4_NOTHERMAL_refbrent,2035-08-18,14,Geothermal,93.1
nlv2b_wr_C4_NOTHERMAL_refbrent,2035-08-18,14,Waste-to-energy,42.8
nlv2b_wr_C4_NOTHERMAL_refbrent,2035-08-18,14,Thermal (oil/LNG),103.1
nlv2b_wr_C4_NOTHERMAL_refbrent,2035-08-18,14,Wind,16.8
nlv2b_wr_C4_NOTHERMAL_refbrent,2035-08-18,14,Utility solar,1796.9
nlv2b_wr_C4_NOTHERMAL_refbrent,2035-08-18,14,Rooftop solar,0.0
nlv2b_wr_C4_NOTHERMAL_refbrent,2035-08-18,14,Battery discharge (net),0.0
nlv2b_wr_C4_NOTHERMAL_refbrent,2035-08-18,14,Battery charging (net),-1093.6
nlv2b_wr_C4_NOTHERMAL_refbrent,2035-08-18,14,Curtailed solar & wind,160.3
nlv2b_wr_C4_NOTHERMAL_refbrent,2035-08-18,14,EV charging,-118.4
nlv2b_wr_C4_NOTHERMAL_refbrent,2035-08-18,14,Hydrogen production,-0.0
nlv2b_wr_C4_NOTHERMAL_refbrent,2035-08-18,14,Demand,840.7
nlv2b_wr_C4_NOTHERMAL_refbrent,2035-08-18,16,Geothermal,93.1
nlv2b_wr_C4_NOTHERMAL_refbrent,2035-08-18,16,Waste-to-energy,42.8
nlv2b_wr_C4_NOTHERMAL_refbrent,2035-08-18,16,Thermal (oil/LNG),103.1
nlv2b_wr_C4_NOTHERMAL_refbrent,2035-08-18,16,Wind,34.2
nlv2b_wr_C4_NOTHERMAL_refbrent,2035-08-18,16,Utility solar,1634.3
nlv2b_wr_C4_NOTHERMAL_refbrent,2035-08-18,16,Rooftop solar,0.0
nlv2b_wr_C4_NOTHERMAL_refbrent,2035-08-18,16,Battery discharge (net),0.0
nlv2b_wr_C4_NOTHERMAL_refbrent,2035-08-18,16,Battery charging (net),-828.2
nlv2b_wr_C4_NOTHERMAL_refbrent,2035-08-18,16,Curtailed solar & wind,4.2
nlv2b_wr_C4_NOTHERMAL_refbrent,2035-08-18,16,EV charging,-30.7
nlv2b_wr_C4_NOTHERMAL_refbrent,2035-08-18,16,Hydrogen production,-0.0
nlv2b_wr_C4_NOTHERMAL_refbrent,2035-08-18,16,Demand,1048.7
nlv2b_wr_C4_NOTHERMAL_refbrent,2035-08-18,18,Geothermal,93.1
nlv2b_wr_C4_NOTHERMAL_refbrent,2035-08-18,18,Waste-to-energy,42.8
nlv2b_wr_C4_NOTHERMAL_refbrent,2035-08-18,18,Thermal (oil/LNG),103.1
nlv2b_wr_C4_NOTHERMAL_refbrent,2035-08-18,18,Wind,43.8
nlv2b_wr_C4_NOTHERMAL_refbrent,2035-08-18,18,Utility solar,153.6
nlv2b_wr_C4_NOTHERMAL_refbrent,2035-08-18,18,Rooftop solar,0.0
nlv2b_wr_C4_NOTHERMAL_refbrent,2035-08-18,18,Battery discharge (net),773.9
nlv2b_wr_C4_NOTHERMAL_refbrent,2035-08-18,18,Battery charging (net),0.0
nlv2b_wr_C4_NOTHERMAL_refbrent,2035-08-18,18,Curtailed solar & wind,0.0
nlv2b_wr_C4_NOTHERMAL_refbrent,2035-08-18,18,EV charging,-49.4
nlv2b_wr_C4_NOTHERMAL_refbrent,2035-08-18,18,Hydrogen production,-0.0
nlv2b_wr_C4_NOTHERMAL_refbrent,2035-08-18,18,Demand,1160.9
nlv2b_wr_C4_NOTHERMAL_refbrent,2035-08-18,20,Geothermal,93.1
nlv2b_wr_C4_NOTHERMAL_refbrent,2035-08-18,20,Waste-to-energy,42.8
nlv2b_wr_C4_NOTHERMAL_refbrent,2035-08-18,20,Thermal (oil/LNG),103.1
nlv2b_wr_C4_NOTHERMAL_refbrent,2035-08-18,20,Wind,29.6
nlv2b_wr_C4_NOTHERMAL_refbrent,2035-08-18,20,Utility solar,0.0
nlv2b_wr_C4_NOTHERMAL_refbrent,2035-08-18,20,Rooftop solar,0.0
nlv2b_wr_C4_NOTHERMAL_refbrent,2035-08-18,20,Battery discharge (net),890.9
nlv2b_wr_C4_NOTHERMAL_refbrent,2035-08-18,20,Battery charging (net),0.0
nlv2b_wr_C4_NOTHERMAL_refbrent,2035-08-18,20,Curtailed solar & wind,0.0
nlv2b_wr_C4_NOTHERMAL_refbrent,2035-08-18,20,EV charging,-45.8
nlv2b_wr_C4_NOTHERMAL_refbrent,2035-08-18,20,Hydrogen production,-0.0
nlv2b_wr_C4_NOTHERMAL_refbrent,2035-08-18,20,Demand,1113.7
nlv2b_wr_C4_NOTHERMAL_refbrent,2035-08-18,22,Geothermal,93.1
nlv2b_wr_C4_NOTHERMAL_refbrent,2035-08-18,22,Waste-to-energy,42.8
nlv2b_wr_C4_NOTHERMAL_refbrent,2035-08-18,22,Thermal (oil/LNG),103.1
nlv2b_wr_C4_NOTHERMAL_refbrent,2035-08-18,22,Wind,17.6
nlv2b_wr_C4_NOTHERMAL_refbrent,2035-08-18,22,Utility solar,0.0
nlv2b_wr_C4_NOTHERMAL_refbrent,2035-08-18,22,Rooftop solar,0.0
nlv2b_wr_C4_NOTHERMAL_refbrent,2035-08-18,22,Battery discharge (net),609.9
nlv2b_wr_C4_NOTHERMAL_refbrent,2035-08-18,22,Battery charging (net),0.0
nlv2b_wr_C4_NOTHERMAL_refbrent,2035-08-18,22,Curtailed solar & wind,11.0
nlv2b_wr_C4_NOTHERMAL_refbrent,2035-08-18,22,EV charging,-11.5
nlv2b_wr_C4_NOTHERMAL_refbrent,2035-08-18,22,Hydrogen production,-0.0
nlv2b_wr_C4_NOTHERMAL_refbrent,2035-08-18,22,Demand,855.1
nlv2b_wr_C4_NOTHERMAL_refbrent,2035-11-22,0,Geothermal,93.1
nlv2b_wr_C4_NOTHERMAL_refbrent,2035-11-22,0,Waste-to-energy,42.8
nlv2b_wr_C4_NOTHERMAL_refbrent,2035-11-22,0,Thermal (oil/LNG),499.7
nlv2b_wr_C4_NOTHERMAL_refbrent,2035-11-22,0,Wind,16.9
nlv2b_wr_C4_NOTHERMAL_refbrent,2035-11-22,0,Utility solar,0.0
nlv2b_wr_C4_NOTHERMAL_refbrent,2035-11-22,0,Rooftop solar,0.0
nlv2b_wr_C4_NOTHERMAL_refbrent,2035-11-22,0,Battery discharge (net),0.0
nlv2b_wr_C4_NOTHERMAL_refbrent,2035-11-22,0,Battery charging (net),0.0
nlv2b_wr_C4_NOTHERMAL_refbrent,2035-11-22,0,Curtailed solar & wind,0.0
nlv2b_wr_C4_NOTHERMAL_refbrent,2035-11-22,0,EV charging,-10.4
nlv2b_wr_C4_NOTHERMAL_refbrent,2035-11-22,0,Hydrogen production,-0.0
nlv2b_wr_C4_NOTHERMAL_refbrent,2035-11-22,0,Demand,642.1
nlv2b_wr_C4_NOTHERMAL_refbrent,2035-11-22,2,Geothermal,93.1
nlv2b_wr_C4_NOTHERMAL_refbrent,2035-11-22,2,Waste-to-energy,42.8
nlv2b_wr_C4_NOTHERMAL_refbrent,2035-11-22,2,Thermal (oil/LNG),499.7
nlv2b_wr_C4_NOTHERMAL_refbrent,2035-11-22,2,Wind,1.8
nlv2b_wr_C4_NOTHERMAL_refbrent,2035-11-22,2,Utility solar,0.0
nlv2b_wr_C4_NOTHERMAL_refbrent,2035-11-22,2,Rooftop solar,0.0
nlv2b_wr_C4_NOTHERMAL_refbrent,2035-11-22,2,Battery discharge (net),0.0
nlv2b_wr_C4_NOTHERMAL_refbrent,2035-11-22,2,Battery charging (net),0.0
nlv2b_wr_C4_NOTHERMAL_refbrent,2035-11-22,2,Curtailed solar & wind,0.0
nlv2b_wr_C4_NOTHERMAL_refbrent,2035-11-22,2,EV charging,-69.6
nlv2b_wr_C4_NOTHERMAL_refbrent,2035-11-22,2,Hydrogen production,-0.0
nlv2b_wr_C4_NOTHERMAL_refbrent,2035-11-22,2,Demand,567.9
nlv2b_wr_C4_NOTHERMAL_refbrent,2035-11-22,4,Geothermal,93.1
nlv2b_wr_C4_NOTHERMAL_refbrent,2035-11-22,4,Waste-to-energy,42.8
nlv2b_wr_C4_NOTHERMAL_refbrent,2035-11-22,4,Thermal (oil/LNG),499.7
nlv2b_wr_C4_NOTHERMAL_refbrent,2035-11-22,4,Wind,0.0
nlv2b_wr_C4_NOTHERMAL_refbrent,2035-11-22,4,Utility solar,0.0
nlv2b_wr_C4_NOTHERMAL_refbrent,2035-11-22,4,Rooftop solar,0.0
nlv2b_wr_C4_NOTHERMAL_refbrent,2035-11-22,4,Battery discharge (net),0.0
nlv2b_wr_C4_NOTHERMAL_refbrent,2035-11-22,4,Battery charging (net),0.0
nlv2b_wr_C4_NOTHERMAL_refbrent,2035-11-22,4,Curtailed solar & wind,0.0
nlv2b_wr_C4_NOTHERMAL_refbrent,2035-11-22,4,EV charging,-42.0
nlv2b_wr_C4_NOTHERMAL_refbrent,2035-11-22,4,Hydrogen production,-0.0
nlv2b_wr_C4_NOTHERMAL_refbrent,2035-11-22,4,Demand,593.6
nlv2b_wr_C4_NOTHERMAL_refbrent,2035-11-22,6,Geothermal,93.1
nlv2b_wr_C4_NOTHERMAL_refbrent,2035-11-22,6,Waste-to-energy,42.8
nlv2b_wr_C4_NOTHERMAL_refbrent,2035-11-22,6,Thermal (oil/LNG),623.2
nlv2b_wr_C4_NOTHERMAL_refbrent,2035-11-22,6,Wind,1.3
nlv2b_wr_C4_NOTHERMAL_refbrent,2035-11-22,6,Utility solar,0.0
nlv2b_wr_C4_NOTHERMAL_refbrent,2035-11-22,6,Rooftop solar,0.0
nlv2b_wr_C4_NOTHERMAL_refbrent,2035-11-22,6,Battery discharge (net),0.0
nlv2b_wr_C4_NOTHERMAL_refbrent,2035-11-22,6,Battery charging (net),0.0
nlv2b_wr_C4_NOTHERMAL_refbrent,2035-11-22,6,Curtailed solar & wind,0.0
nlv2b_wr_C4_NOTHERMAL_refbrent,2035-11-22,6,EV charging,-19.2
nlv2b_wr_C4_NOTHERMAL_refbrent,2035-11-22,6,Hydrogen production,-0.0
nlv2b_wr_C4_NOTHERMAL_refbrent,2035-11-22,6,Demand,741.2
nlv2b_wr_C4_NOTHERMAL_refbrent,2035-11-22,8,Geothermal,93.1
nlv2b_wr_C4_NOTHERMAL_refbrent,2035-11-22,8,Waste-to-energy,42.8
nlv2b_wr_C4_NOTHERMAL_refbrent,2035-11-22,8,Thermal (oil/LNG),623.2
nlv2b_wr_C4_NOTHERMAL_refbrent,2035-11-22,8,Wind,7.7
nlv2b_wr_C4_NOTHERMAL_refbrent,2035-11-22,8,Utility solar,63.7
nlv2b_wr_C4_NOTHERMAL_refbrent,2035-11-22,8,Rooftop solar,0.0
nlv2b_wr_C4_NOTHERMAL_refbrent,2035-11-22,8,Battery discharge (net),0.0
nlv2b_wr_C4_NOTHERMAL_refbrent,2035-11-22,8,Battery charging (net),0.0
nlv2b_wr_C4_NOTHERMAL_refbrent,2035-11-22,8,Curtailed solar & wind,0.0
nlv2b_wr_C4_NOTHERMAL_refbrent,2035-11-22,8,EV charging,-27.2
nlv2b_wr_C4_NOTHERMAL_refbrent,2035-11-22,8,Hydrogen production,-0.0
nlv2b_wr_C4_NOTHERMAL_refbrent,2035-11-22,8,Demand,803.3
nlv2b_wr_C4_NOTHERMAL_refbrent,2035-11-22,10,Geothermal,93.1
nlv2b_wr_C4_NOTHERMAL_refbrent,2035-11-22,10,Waste-to-energy,42.8
nlv2b_wr_C4_NOTHERMAL_refbrent,2035-11-22,10,Thermal (oil/LNG),368.8
nlv2b_wr_C4_NOTHERMAL_refbrent,2035-11-22,10,Wind,3.1
nlv2b_wr_C4_NOTHERMAL_refbrent,2035-11-22,10,Utility solar,224.2
nlv2b_wr_C4_NOTHERMAL_refbrent,2035-11-22,10,Rooftop solar,0.0
nlv2b_wr_C4_NOTHERMAL_refbrent,2035-11-22,10,Battery discharge (net),0.0
nlv2b_wr_C4_NOTHERMAL_refbrent,2035-11-22,10,Battery charging (net),0.0
nlv2b_wr_C4_NOTHERMAL_refbrent,2035-11-22,10,Curtailed solar & wind,0.0
nlv2b_wr_C4_NOTHERMAL_refbrent,2035-11-22,10,EV charging,-30.4
nlv2b_wr_C4_NOTHERMAL_refbrent,2035-11-22,10,Hydrogen production,-0.0
nlv2b_wr_C4_NOTHERMAL_refbrent,2035-11-22,10,Demand,701.5
nlv2b_wr_C4_NOTHERMAL_refbrent,2035-11-22,12,Geothermal,93.1
nlv2b_wr_C4_NOTHERMAL_refbrent,2035-11-22,12,Waste-to-energy,42.8
nlv2b_wr_C4_NOTHERMAL_refbrent,2035-11-22,12,Thermal (oil/LNG),376.2
nlv2b_wr_C4_NOTHERMAL_refbrent,2035-11-22,12,Wind,3.1
nlv2b_wr_C4_NOTHERMAL_refbrent,2035-11-22,12,Utility solar,431.3
nlv2b_wr_C4_NOTHERMAL_refbrent,2035-11-22,12,Rooftop solar,0.0
nlv2b_wr_C4_NOTHERMAL_refbrent,2035-11-22,12,Battery discharge (net),0.0
nlv2b_wr_C4_NOTHERMAL_refbrent,2035-11-22,12,Battery charging (net),-237.7
nlv2b_wr_C4_NOTHERMAL_refbrent,2035-11-22,12,Curtailed solar & wind,0.0
nlv2b_wr_C4_NOTHERMAL_refbrent,2035-11-22,12,EV charging,-92.6
nlv2b_wr_C4_NOTHERMAL_refbrent,2035-11-22,12,Hydrogen production,-0.0
nlv2b_wr_C4_NOTHERMAL_refbrent,2035-11-22,12,Demand,616.2
nlv2b_wr_C4_NOTHERMAL_refbrent,2035-11-22,14,Geothermal,93.1
nlv2b_wr_C4_NOTHERMAL_refbrent,2035-11-22,14,Waste-to-energy,42.8
nlv2b_wr_C4_NOTHERMAL_refbrent,2035-11-22,14,Thermal (oil/LNG),376.2
nlv2b_wr_C4_NOTHERMAL_refbrent,2035-11-22,14,Wind,8.5
nlv2b_wr_C4_NOTHERMAL_refbrent,2035-11-22,14,Utility solar,413.7
nlv2b_wr_C4_NOTHERMAL_refbrent,2035-11-22,14,Rooftop solar,0.0
nlv2b_wr_C4_NOTHERMAL_refbrent,2035-11-22,14,Battery discharge (net),0.0
nlv2b_wr_C4_NOTHERMAL_refbrent,2035-11-22,14,Battery charging (net),-247.9
nlv2b_wr_C4_NOTHERMAL_refbrent,2035-11-22,14,Curtailed solar & wind,0.0
nlv2b_wr_C4_NOTHERMAL_refbrent,2035-11-22,14,EV charging,-71.6
nlv2b_wr_C4_NOTHERMAL_refbrent,2035-11-22,14,Hydrogen production,-0.0
nlv2b_wr_C4_NOTHERMAL_refbrent,2035-11-22,14,Demand,614.8
nlv2b_wr_C4_NOTHERMAL_refbrent,2035-11-22,16,Geothermal,93.1
nlv2b_wr_C4_NOTHERMAL_refbrent,2035-11-22,16,Waste-to-energy,42.8
nlv2b_wr_C4_NOTHERMAL_refbrent,2035-11-22,16,Thermal (oil/LNG),439.5
nlv2b_wr_C4_NOTHERMAL_refbrent,2035-11-22,16,Wind,15.5
nlv2b_wr_C4_NOTHERMAL_refbrent,2035-11-22,16,Utility solar,316.8
nlv2b_wr_C4_NOTHERMAL_refbrent,2035-11-22,16,Rooftop solar,0.0
nlv2b_wr_C4_NOTHERMAL_refbrent,2035-11-22,16,Battery discharge (net),0.0
nlv2b_wr_C4_NOTHERMAL_refbrent,2035-11-22,16,Battery charging (net),-3.0
nlv2b_wr_C4_NOTHERMAL_refbrent,2035-11-22,16,Curtailed solar & wind,0.0
nlv2b_wr_C4_NOTHERMAL_refbrent,2035-11-22,16,EV charging,-30.7
nlv2b_wr_C4_NOTHERMAL_refbrent,2035-11-22,16,Hydrogen production,-0.0
nlv2b_wr_C4_NOTHERMAL_refbrent,2035-11-22,16,Demand,874.2
nlv2b_wr_C4_NOTHERMAL_refbrent,2035-11-22,18,Geothermal,93.1
nlv2b_wr_C4_NOTHERMAL_refbrent,2035-11-22,18,Waste-to-energy,42.8
nlv2b_wr_C4_NOTHERMAL_refbrent,2035-11-22,18,Thermal (oil/LNG),623.2
nlv2b_wr_C4_NOTHERMAL_refbrent,2035-11-22,18,Wind,30.6
nlv2b_wr_C4_NOTHERMAL_refbrent,2035-11-22,18,Utility solar,0.0
nlv2b_wr_C4_NOTHERMAL_refbrent,2035-11-22,18,Rooftop solar,0.0
nlv2b_wr_C4_NOTHERMAL_refbrent,2035-11-22,18,Battery discharge (net),299.9
nlv2b_wr_C4_NOTHERMAL_refbrent,2035-11-22,18,Battery charging (net),0.0
nlv2b_wr_C4_NOTHERMAL_refbrent,2035-11-22,18,Curtailed solar & wind,0.0
nlv2b_wr_C4_NOTHERMAL_refbrent,2035-11-22,18,EV charging,-49.4
nlv2b_wr_C4_NOTHERMAL_refbrent,2035-11-22,18,Hydrogen production,-0.0
nlv2b_wr_C4_NOTHERMAL_refbrent,2035-11-22,18,Demand,1040.1
nlv2b_wr_C4_NOTHERMAL_refbrent,2035-11-22,20,Geothermal,93.1
nlv2b_wr_C4_NOTHERMAL_refbrent,2035-11-22,20,Waste-to-energy,42.8
nlv2b_wr_C4_NOTHERMAL_refbrent,2035-11-22,20,Thermal (oil/LNG),623.2
nlv2b_wr_C4_NOTHERMAL_refbrent,2035-11-22,20,Wind,37.5
nlv2b_wr_C4_NOTHERMAL_refbrent,2035-11-22,20,Utility solar,0.0
nlv2b_wr_C4_NOTHERMAL_refbrent,2035-11-22,20,Rooftop solar,0.0
nlv2b_wr_C4_NOTHERMAL_refbrent,2035-11-22,20,Battery discharge (net),139.9
nlv2b_wr_C4_NOTHERMAL_refbrent,2035-11-22,20,Battery charging (net),0.0
nlv2b_wr_C4_NOTHERMAL_refbrent,2035-11-22,20,Curtailed solar & wind,0.0
nlv2b_wr_C4_NOTHERMAL_refbrent,2035-11-22,20,EV charging,-45.8
nlv2b_wr_C4_NOTHERMAL_refbrent,2035-11-22,20,Hydrogen production,-0.0
nlv2b_wr_C4_NOTHERMAL_refbrent,2035-11-22,20,Demand,890.6
nlv2b_wr_C4_NOTHERMAL_refbrent,2035-11-22,22,Geothermal,93.1
nlv2b_wr_C4_NOTHERMAL_refbrent,2035-11-22,22,Waste-to-energy,42.8
nlv2b_wr_C4_NOTHERMAL_refbrent,2035-11-22,22,Thermal (oil/LNG),623.2
nlv2b_wr_C4_NOTHERMAL_refbrent,2035-11-22,22,Wind,3.0
nlv2b_wr_C4_NOTHERMAL_refbrent,2035-11-22,22,Utility solar,0.0
nlv2b_wr_C4_NOTHERMAL_refbrent,2035-11-22,22,Rooftop solar,0.0
nlv2b_wr_C4_NOTHERMAL_refbrent,2035-11-22,22,Battery discharge (net),0.0
nlv2b_wr_C4_NOTHERMAL_refbrent,2035-11-22,22,Battery charging (net),0.0
nlv2b_wr_C4_NOTHERMAL_refbrent,2035-11-22,22,Curtailed solar & wind,0.0
nlv2b_wr_C4_NOTHERMAL_refbrent,2035-11-22,22,EV charging,-12.7
nlv2b_wr_C4_NOTHERMAL_refbrent,2035-11-22,22,Hydrogen production,-0.0
nlv2b_wr_C4_NOTHERMAL_refbrent,2035-11-22,22,Demand,749.4
nlv2b_C5_LNG375_refbrent,2035-08-18,0,Geothermal,93.1
nlv2b_C5_LNG375_refbrent,2035-08-18,0,Waste-to-energy,42.8
nlv2b_C5_LNG375_refbrent,2035-08-18,0,Thermal (oil/LNG),478.1
nlv2b_C5_LNG375_refbrent,2035-08-18,0,Wind,46.2
nlv2b_C5_LNG375_refbrent,2035-08-18,0,Utility solar,0.0
nlv2b_C5_LNG375_refbrent,2035-08-18,0,Rooftop solar,0.0
nlv2b_C5_LNG375_refbrent,2035-08-18,0,Battery discharge (net),42.4
nlv2b_C5_LNG375_refbrent,2035-08-18,0,Battery charging (net),0.0
nlv2b_C5_LNG375_refbrent,2035-08-18,0,Curtailed solar & wind,0.0
nlv2b_C5_LNG375_refbrent,2035-08-18,0,EV charging,-8.8
nlv2b_C5_LNG375_refbrent,2035-08-18,0,Hydrogen production,-0.0
nlv2b_C5_LNG375_refbrent,2035-08-18,0,Demand,693.8
nlv2b_C5_LNG375_refbrent,2035-08-18,2,Geothermal,93.1
nlv2b_C5_LNG375_refbrent,2035-08-18,2,Waste-to-energy,42.8
nlv2b_C5_LNG375_refbrent,2035-08-18,2,Thermal (oil/LNG),228.1
nlv2b_C5_LNG375_refbrent,2035-08-18,2,Wind,42.4
nlv2b_C5_LNG375_refbrent,2035-08-18,2,Utility solar,0.0
nlv2b_C5_LNG375_refbrent,2035-08-18,2,Rooftop solar,0.0
nlv2b_C5_LNG375_refbrent,2035-08-18,2,Battery discharge (net),239.4
nlv2b_C5_LNG375_refbrent,2035-08-18,2,Battery charging (net),0.0
nlv2b_C5_LNG375_refbrent,2035-08-18,2,Curtailed solar & wind,0.0
nlv2b_C5_LNG375_refbrent,2035-08-18,2,EV charging,-6.4
nlv2b_C5_LNG375_refbrent,2035-08-18,2,Hydrogen production,-0.0
nlv2b_C5_LNG375_refbrent,2035-08-18,2,Demand,639.5
nlv2b_C5_LNG375_refbrent,2035-08-18,4,Geothermal,93.1
nlv2b_C5_LNG375_refbrent,2035-08-18,4,Waste-to-energy,42.8
nlv2b_C5_LNG375_refbrent,2035-08-18,4,Thermal (oil/LNG),478.1
nlv2b_C5_LNG375_refbrent,2035-08-18,4,Wind,18.4
nlv2b_C5_LNG375_refbrent,2035-08-18,4,Utility solar,0.0
nlv2b_C5_LNG375_refbrent,2035-08-18,4,Rooftop solar,0.0
nlv2b_C5_LNG375_refbrent,2035-08-18,4,Battery discharge (net),83.5
nlv2b_C5_LNG375_refbrent,2035-08-18,4,Battery charging (net),0.0
nlv2b_C5_LNG375_refbrent,2035-08-18,4,Curtailed solar & wind,0.0
nlv2b_C5_LNG375_refbrent,2035-08-18,4,EV charging,-6.4
nlv2b_C5_LNG375_refbrent,2035-08-18,4,Hydrogen production,-0.0
nlv2b_C5_LNG375_refbrent,2035-08-18,4,Demand,709.5
nlv2b_C5_LNG375_refbrent,2035-08-18,6,Geothermal,93.1
nlv2b_C5_LNG375_refbrent,2035-08-18,6,Waste-to-energy,42.8
nlv2b_C5_LNG375_refbrent,2035-08-18,6,Thermal (oil/LNG),478.1
nlv2b_C5_LNG375_refbrent,2035-08-18,6,Wind,27.0
nlv2b_C5_LNG375_refbrent,2035-08-18,6,Utility solar,27.3
nlv2b_C5_LNG375_refbrent,2035-08-18,6,Rooftop solar,0.0
nlv2b_C5_LNG375_refbrent,2035-08-18,6,Battery discharge (net),314.6
nlv2b_C5_LNG375_refbrent,2035-08-18,6,Battery charging (net),0.0
nlv2b_C5_LNG375_refbrent,2035-08-18,6,Curtailed solar & wind,0.0
nlv2b_C5_LNG375_refbrent,2035-08-18,6,EV charging,-7.8
nlv2b_C5_LNG375_refbrent,2035-08-18,6,Hydrogen production,-0.0
nlv2b_C5_LNG375_refbrent,2035-08-18,6,Demand,975.1
nlv2b_C5_LNG375_refbrent,2035-08-18,8,Geothermal,93.1
nlv2b_C5_LNG375_refbrent,2035-08-18,8,Waste-to-energy,42.8
nlv2b_C5_LNG375_refbrent,2035-08-18,8,Thermal (oil/LNG),103.1
nlv2b_C5_LNG375_refbrent,2035-08-18,8,Wind,23.8
nlv2b_C5_LNG375_refbrent,2035-08-18,8,Utility solar,1218.8
nlv2b_C5_LNG375_refbrent,2035-08-18,8,Rooftop solar,0.0
nlv2b_C5_LNG375_refbrent,2035-08-18,8,Battery discharge (net),0.0
nlv2b_C5_LNG375_refbrent,2035-08-18,8,Battery charging (net),-334.8
nlv2b_C5_LNG375_refbrent,2035-08-18,8,Curtailed solar & wind,0.0
nlv2b_C5_LNG375_refbrent,2035-08-18,8,EV charging,-235.5
nlv2b_C5_LNG375_refbrent,2035-08-18,8,Hydrogen production,-0.0
nlv2b_C5_LNG375_refbrent,2035-08-18,8,Demand,911.2
nlv2b_C5_LNG375_refbrent,2035-08-18,10,Geothermal,93.1
nlv2b_C5_LNG375_refbrent,2035-08-18,10,Waste-to-energy,42.8
nlv2b_C5_LNG375_refbrent,2035-08-18,10,Thermal (oil/LNG),103.1
nlv2b_C5_LNG375_refbrent,2035-08-18,10,Wind,29.7
nlv2b_C5_LNG375_refbrent,2035-08-18,10,Utility solar,1022.6
nlv2b_C5_LNG375_refbrent,2035-08-18,10,Rooftop solar,0.0
nlv2b_C5_LNG375_refbrent,2035-08-18,10,Battery discharge (net),0.0
nlv2b_C5_LNG375_refbrent,2035-08-18,10,Battery charging (net),-378.3
nlv2b_C5_LNG375_refbrent,2035-08-18,10,Curtailed solar & wind,0.0
nlv2b_C5_LNG375_refbrent,2035-08-18,10,EV charging,-20.4
nlv2b_C5_LNG375_refbrent,2035-08-18,10,Hydrogen production,-0.0
nlv2b_C5_LNG375_refbrent,2035-08-18,10,Demand,892.6
nlv2b_C5_LNG375_refbrent,2035-08-18,12,Geothermal,93.1
nlv2b_C5_LNG375_refbrent,2035-08-18,12,Waste-to-energy,42.8
nlv2b_C5_LNG375_refbrent,2035-08-18,12,Thermal (oil/LNG),103.1
nlv2b_C5_LNG375_refbrent,2035-08-18,12,Wind,28.8
nlv2b_C5_LNG375_refbrent,2035-08-18,12,Utility solar,1138.6
nlv2b_C5_LNG375_refbrent,2035-08-18,12,Rooftop solar,0.0
nlv2b_C5_LNG375_refbrent,2035-08-18,12,Battery discharge (net),0.0
nlv2b_C5_LNG375_refbrent,2035-08-18,12,Battery charging (net),-620.0
nlv2b_C5_LNG375_refbrent,2035-08-18,12,Curtailed solar & wind,0.0
nlv2b_C5_LNG375_refbrent,2035-08-18,12,EV charging,-23.4
nlv2b_C5_LNG375_refbrent,2035-08-18,12,Hydrogen production,-0.0
nlv2b_C5_LNG375_refbrent,2035-08-18,12,Demand,763.0
nlv2b_C5_LNG375_refbrent,2035-08-18,14,Geothermal,93.1
nlv2b_C5_LNG375_refbrent,2035-08-18,14,Waste-to-energy,42.8
nlv2b_C5_LNG375_refbrent,2035-08-18,14,Thermal (oil/LNG),103.1
nlv2b_C5_LNG375_refbrent,2035-08-18,14,Wind,26.1
nlv2b_C5_LNG375_refbrent,2035-08-18,14,Utility solar,1225.4
nlv2b_C5_LNG375_refbrent,2035-08-18,14,Rooftop solar,0.0
nlv2b_C5_LNG375_refbrent,2035-08-18,14,Battery discharge (net),0.0
nlv2b_C5_LNG375_refbrent,2035-08-18,14,Battery charging (net),-621.3
nlv2b_C5_LNG375_refbrent,2035-08-18,14,Curtailed solar & wind,0.0
nlv2b_C5_LNG375_refbrent,2035-08-18,14,EV charging,-28.5
nlv2b_C5_LNG375_refbrent,2035-08-18,14,Hydrogen production,-0.0
nlv2b_C5_LNG375_refbrent,2035-08-18,14,Demand,840.7
nlv2b_C5_LNG375_refbrent,2035-08-18,16,Geothermal,93.1
nlv2b_C5_LNG375_refbrent,2035-08-18,16,Waste-to-energy,42.8
nlv2b_C5_LNG375_refbrent,2035-08-18,16,Thermal (oil/LNG),103.1
nlv2b_C5_LNG375_refbrent,2035-08-18,16,Wind,34.2
nlv2b_C5_LNG375_refbrent,2035-08-18,16,Utility solar,1030.2
nlv2b_C5_LNG375_refbrent,2035-08-18,16,Rooftop solar,0.0
nlv2b_C5_LNG375_refbrent,2035-08-18,16,Battery discharge (net),0.0
nlv2b_C5_LNG375_refbrent,2035-08-18,16,Battery charging (net),-196.9
nlv2b_C5_LNG375_refbrent,2035-08-18,16,Curtailed solar & wind,0.0
nlv2b_C5_LNG375_refbrent,2035-08-18,16,EV charging,-57.8
nlv2b_C5_LNG375_refbrent,2035-08-18,16,Hydrogen production,-0.0
nlv2b_C5_LNG375_refbrent,2035-08-18,16,Demand,1048.7
nlv2b_C5_LNG375_refbrent,2035-08-18,18,Geothermal,93.1
nlv2b_C5_LNG375_refbrent,2035-08-18,18,Waste-to-energy,42.8
nlv2b_C5_LNG375_refbrent,2035-08-18,18,Thermal (oil/LNG),481.9
nlv2b_C5_LNG375_refbrent,2035-08-18,18,Wind,43.8
nlv2b_C5_LNG375_refbrent,2035-08-18,18,Utility solar,91.0
nlv2b_C5_LNG375_refbrent,2035-08-18,18,Rooftop solar,0.0
nlv2b_C5_LNG375_refbrent,2035-08-18,18,Battery discharge (net),457.7
nlv2b_C5_LNG375_refbrent,2035-08-18,18,Battery charging (net),0.0
nlv2b_C5_LNG375_refbrent,2035-08-18,18,Curtailed solar & wind,0.0
nlv2b_C5_LNG375_refbrent,2035-08-18,18,EV charging,-49.4
nlv2b_C5_LNG375_refbrent,2035-08-18,18,Hydrogen production,-0.0
nlv2b_C5_LNG375_refbrent,2035-08-18,18,Demand,1160.9
nlv2b_C5_LNG375_refbrent,2035-08-18,20,Geothermal,93.1
nlv2b_C5_LNG375_refbrent,2035-08-18,20,Waste-to-energy,42.8
nlv2b_C5_LNG375_refbrent,2035-08-18,20,Thermal (oil/LNG),478.1
nlv2b_C5_LNG375_refbrent,2035-08-18,20,Wind,29.6
nlv2b_C5_LNG375_refbrent,2035-08-18,20,Utility solar,0.0
nlv2b_C5_LNG375_refbrent,2035-08-18,20,Rooftop solar,0.0
nlv2b_C5_LNG375_refbrent,2035-08-18,20,Battery discharge (net),515.9
nlv2b_C5_LNG375_refbrent,2035-08-18,20,Battery charging (net),0.0
nlv2b_C5_LNG375_refbrent,2035-08-18,20,Curtailed solar & wind,0.0
nlv2b_C5_LNG375_refbrent,2035-08-18,20,EV charging,-45.8
nlv2b_C5_LNG375_refbrent,2035-08-18,20,Hydrogen production,-0.0
nlv2b_C5_LNG375_refbrent,2035-08-18,20,Demand,1113.7
nlv2b_C5_LNG375_refbrent,2035-08-18,22,Geothermal,93.1
nlv2b_C5_LNG375_refbrent,2035-08-18,22,Waste-to-energy,42.8
nlv2b_C5_LNG375_refbrent,2035-08-18,22,Thermal (oil/LNG),419.5
nlv2b_C5_LNG375_refbrent,2035-08-18,22,Wind,28.7
nlv2b_C5_LNG375_refbrent,2035-08-18,22,Utility solar,0.0
nlv2b_C5_LNG375_refbrent,2035-08-18,22,Rooftop solar,0.0
nlv2b_C5_LNG375_refbrent,2035-08-18,22,Battery discharge (net),282.5
nlv2b_C5_LNG375_refbrent,2035-08-18,22,Battery charging (net),0.0
nlv2b_C5_LNG375_refbrent,2035-08-18,22,Curtailed solar & wind,0.0
nlv2b_C5_LNG375_refbrent,2035-08-18,22,EV charging,-11.5
nlv2b_C5_LNG375_refbrent,2035-08-18,22,Hydrogen production,-0.0
nlv2b_C5_LNG375_refbrent,2035-08-18,22,Demand,855.1
nlv2b_C5_LNG375_refbrent,2035-11-22,0,Geothermal,93.1
nlv2b_C5_LNG375_refbrent,2035-11-22,0,Waste-to-energy,42.8
nlv2b_C5_LNG375_refbrent,2035-11-22,0,Thermal (oil/LNG),573.1
nlv2b_C5_LNG375_refbrent,2035-11-22,0,Wind,16.9
nlv2b_C5_LNG375_refbrent,2035-11-22,0,Utility solar,0.0
nlv2b_C5_LNG375_refbrent,2035-11-22,0,Rooftop solar,0.0
nlv2b_C5_LNG375_refbrent,2035-11-22,0,Battery discharge (net),0.0
nlv2b_C5_LNG375_refbrent,2035-11-22,0,Battery charging (net),-75.0
nlv2b_C5_LNG375_refbrent,2035-11-22,0,Curtailed solar & wind,0.0
nlv2b_C5_LNG375_refbrent,2035-11-22,0,EV charging,-8.8
nlv2b_C5_LNG375_refbrent,2035-11-22,0,Hydrogen production,-0.0
nlv2b_C5_LNG375_refbrent,2035-11-22,0,Demand,642.1
nlv2b_C5_LNG375_refbrent,2035-11-22,2,Geothermal,93.1
nlv2b_C5_LNG375_refbrent,2035-11-22,2,Waste-to-energy,42.8
nlv2b_C5_LNG375_refbrent,2035-11-22,2,Thermal (oil/LNG),573.1
nlv2b_C5_LNG375_refbrent,2035-11-22,2,Wind,1.8
nlv2b_C5_LNG375_refbrent,2035-11-22,2,Utility solar,0.0
nlv2b_C5_LNG375_refbrent,2035-11-22,2,Rooftop solar,0.0
nlv2b_C5_LNG375_refbrent,2035-11-22,2,Battery discharge (net),0.0
nlv2b_C5_LNG375_refbrent,2035-11-22,2,Battery charging (net),-136.6
nlv2b_C5_LNG375_refbrent,2035-11-22,2,Curtailed solar & wind,0.0
nlv2b_C5_LNG375_refbrent,2035-11-22,2,EV charging,-6.4
nlv2b_C5_LNG375_refbrent,2035-11-22,2,Hydrogen production,-0.0
nlv2b_C5_LNG375_refbrent,2035-11-22,2,Demand,567.9
nlv2b_C5_LNG375_refbrent,2035-11-22,4,Geothermal,93.1
nlv2b_C5_LNG375_refbrent,2035-11-22,4,Waste-to-energy,42.8
nlv2b_C5_LNG375_refbrent,2035-11-22,4,Thermal (oil/LNG),488.1
nlv2b_C5_LNG375_refbrent,2035-11-22,4,Wind,0.0
nlv2b_C5_LNG375_refbrent,2035-11-22,4,Utility solar,0.0
nlv2b_C5_LNG375_refbrent,2035-11-22,4,Rooftop solar,0.0
nlv2b_C5_LNG375_refbrent,2035-11-22,4,Battery discharge (net),0.0
nlv2b_C5_LNG375_refbrent,2035-11-22,4,Battery charging (net),-24.0
nlv2b_C5_LNG375_refbrent,2035-11-22,4,Curtailed solar & wind,0.0
nlv2b_C5_LNG375_refbrent,2035-11-22,4,EV charging,-6.4
nlv2b_C5_LNG375_refbrent,2035-11-22,4,Hydrogen production,-0.0
nlv2b_C5_LNG375_refbrent,2035-11-22,4,Demand,593.6
nlv2b_C5_LNG375_refbrent,2035-11-22,6,Geothermal,93.1
nlv2b_C5_LNG375_refbrent,2035-11-22,6,Waste-to-energy,42.8
nlv2b_C5_LNG375_refbrent,2035-11-22,6,Thermal (oil/LNG),488.1
nlv2b_C5_LNG375_refbrent,2035-11-22,6,Wind,1.3
nlv2b_C5_LNG375_refbrent,2035-11-22,6,Utility solar,0.0
nlv2b_C5_LNG375_refbrent,2035-11-22,6,Rooftop solar,0.0
nlv2b_C5_LNG375_refbrent,2035-11-22,6,Battery discharge (net),123.6
nlv2b_C5_LNG375_refbrent,2035-11-22,6,Battery charging (net),0.0
nlv2b_C5_LNG375_refbrent,2035-11-22,6,Curtailed solar & wind,0.0
nlv2b_C5_LNG375_refbrent,2035-11-22,6,EV charging,-7.8
nlv2b_C5_LNG375_refbrent,2035-11-22,6,Hydrogen production,-0.0
nlv2b_C5_LNG375_refbrent,2035-11-22,6,Demand,741.2
nlv2b_C5_LNG375_refbrent,2035-11-22,8,Geothermal,93.1
nlv2b_C5_LNG375_refbrent,2035-11-22,8,Waste-to-energy,42.8
nlv2b_C5_LNG375_refbrent,2035-11-22,8,Thermal (oil/LNG),488.1
nlv2b_C5_LNG375_refbrent,2035-11-22,8,Wind,7.7
nlv2b_C5_LNG375_refbrent,2035-11-22,8,Utility solar,30.7
nlv2b_C5_LNG375_refbrent,2035-11-22,8,Rooftop solar,0.0
nlv2b_C5_LNG375_refbrent,2035-11-22,8,Battery discharge (net),152.7
nlv2b_C5_LNG375_refbrent,2035-11-22,8,Battery charging (net),0.0
nlv2b_C5_LNG375_refbrent,2035-11-22,8,Curtailed solar & wind,0.0
nlv2b_C5_LNG375_refbrent,2035-11-22,8,EV charging,-11.9
nlv2b_C5_LNG375_refbrent,2035-11-22,8,Hydrogen production,-0.0
nlv2b_C5_LNG375_refbrent,2035-11-22,8,Demand,803.3
nlv2b_C5_LNG375_refbrent,2035-11-22,10,Geothermal,93.1
nlv2b_C5_LNG375_refbrent,2035-11-22,10,Waste-to-energy,42.8
nlv2b_C5_LNG375_refbrent,2035-11-22,10,Thermal (oil/LNG),573.1
nlv2b_C5_LNG375_refbrent,2035-11-22,10,Wind,3.1
nlv2b_C5_LNG375_refbrent,2035-11-22,10,Utility solar,143.3
nlv2b_C5_LNG375_refbrent,2035-11-22,10,Rooftop solar,0.0
nlv2b_C5_LNG375_refbrent,2035-11-22,10,Battery discharge (net),0.0
nlv2b_C5_LNG375_refbrent,2035-11-22,10,Battery charging (net),-56.8
nlv2b_C5_LNG375_refbrent,2035-11-22,10,Curtailed solar & wind,0.0
nlv2b_C5_LNG375_refbrent,2035-11-22,10,EV charging,-97.1
nlv2b_C5_LNG375_refbrent,2035-11-22,10,Hydrogen production,-0.0
nlv2b_C5_LNG375_refbrent,2035-11-22,10,Demand,701.5
nlv2b_C5_LNG375_refbrent,2035-11-22,12,Geothermal,93.1
nlv2b_C5_LNG375_refbrent,2035-11-22,12,Waste-to-energy,42.8
nlv2b_C5_LNG375_refbrent,2035-11-22,12,Thermal (oil/LNG),573.1
nlv2b_C5_LNG375_refbrent,2035-11-22,12,Wind,3.1
nlv2b_C5_LNG375_refbrent,2035-11-22,12,Utility solar,273.2
nlv2b_C5_LNG375_refbrent,2035-11-22,12,Rooftop solar,0.0
nlv2b_C5_LNG375_refbrent,2035-11-22,12,Battery discharge (net),0.0
nlv2b_C5_LNG375_refbrent,2035-11-22,12,Battery charging (net),-171.7
nlv2b_C5_LNG375_refbrent,2035-11-22,12,Curtailed solar & wind,0.0
nlv2b_C5_LNG375_refbrent,2035-11-22,12,EV charging,-197.4
nlv2b_C5_LNG375_refbrent,2035-11-22,12,Hydrogen production,-0.0
nlv2b_C5_LNG375_refbrent,2035-11-22,12,Demand,616.2
nlv2b_C5_LNG375_refbrent,2035-11-22,14,Geothermal,93.1
nlv2b_C5_LNG375_refbrent,2035-11-22,14,Waste-to-energy,42.8
nlv2b_C5_LNG375_refbrent,2035-11-22,14,Thermal (oil/LNG),573.1
nlv2b_C5_LNG375_refbrent,2035-11-22,14,Wind,8.5
nlv2b_C5_LNG375_refbrent,2035-11-22,14,Utility solar,250.7
nlv2b_C5_LNG375_refbrent,2035-11-22,14,Rooftop solar,0.0
nlv2b_C5_LNG375_refbrent,2035-11-22,14,Battery discharge (net),0.0
nlv2b_C5_LNG375_refbrent,2035-11-22,14,Battery charging (net),-325.0
nlv2b_C5_LNG375_refbrent,2035-11-22,14,Curtailed solar & wind,0.0
nlv2b_C5_LNG375_refbrent,2035-11-22,14,EV charging,-28.5
nlv2b_C5_LNG375_refbrent,2035-11-22,14,Hydrogen production,-0.0
nlv2b_C5_LNG375_refbrent,2035-11-22,14,Demand,614.8
nlv2b_C5_LNG375_refbrent,2035-11-22,16,Geothermal,93.1
nlv2b_C5_LNG375_refbrent,2035-11-22,16,Waste-to-energy,42.8
nlv2b_C5_LNG375_refbrent,2035-11-22,16,Thermal (oil/LNG),573.1
nlv2b_C5_LNG375_refbrent,2035-11-22,16,Wind,15.5
nlv2b_C5_LNG375_refbrent,2035-11-22,16,Utility solar,211.1
nlv2b_C5_LNG375_refbrent,2035-11-22,16,Rooftop solar,0.0
nlv2b_C5_LNG375_refbrent,2035-11-22,16,Battery discharge (net),0.0
nlv2b_C5_LNG375_refbrent,2035-11-22,16,Battery charging (net),-30.8
nlv2b_C5_LNG375_refbrent,2035-11-22,16,Curtailed solar & wind,0.0
nlv2b_C5_LNG375_refbrent,2035-11-22,16,EV charging,-30.7
nlv2b_C5_LNG375_refbrent,2035-11-22,16,Hydrogen production,-0.0
nlv2b_C5_LNG375_refbrent,2035-11-22,16,Demand,874.2
nlv2b_C5_LNG375_refbrent,2035-11-22,18,Geothermal,93.1
nlv2b_C5_LNG375_refbrent,2035-11-22,18,Waste-to-energy,42.8
nlv2b_C5_LNG375_refbrent,2035-11-22,18,Thermal (oil/LNG),623.1
nlv2b_C5_LNG375_refbrent,2035-11-22,18,Wind,30.6
nlv2b_C5_LNG375_refbrent,2035-11-22,18,Utility solar,0.0
nlv2b_C5_LNG375_refbrent,2035-11-22,18,Rooftop solar,0.0
nlv2b_C5_LNG375_refbrent,2035-11-22,18,Battery discharge (net),299.9
nlv2b_C5_LNG375_refbrent,2035-11-22,18,Battery charging (net),0.0
nlv2b_C5_LNG375_refbrent,2035-11-22,18,Curtailed solar & wind,0.0
nlv2b_C5_LNG375_refbrent,2035-11-22,18,EV charging,-49.4
nlv2b_C5_LNG375_refbrent,2035-11-22,18,Hydrogen production,-0.0
nlv2b_C5_LNG375_refbrent,2035-11-22,18,Demand,1040.1
nlv2b_C5_LNG375_refbrent,2035-11-22,20,Geothermal,93.1
nlv2b_C5_LNG375_refbrent,2035-11-22,20,Waste-to-energy,42.8
nlv2b_C5_LNG375_refbrent,2035-11-22,20,Thermal (oil/LNG),623.1
nlv2b_C5_LNG375_refbrent,2035-11-22,20,Wind,37.5
nlv2b_C5_LNG375_refbrent,2035-11-22,20,Utility solar,0.0
nlv2b_C5_LNG375_refbrent,2035-11-22,20,Rooftop solar,0.0
nlv2b_C5_LNG375_refbrent,2035-11-22,20,Battery discharge (net),139.9
nlv2b_C5_LNG375_refbrent,2035-11-22,20,Battery charging (net),0.0
nlv2b_C5_LNG375_refbrent,2035-11-22,20,Curtailed solar & wind,0.0
nlv2b_C5_LNG375_refbrent,2035-11-22,20,EV charging,-45.8
nlv2b_C5_LNG375_refbrent,2035-11-22,20,Hydrogen production,-0.0
nlv2b_C5_LNG375_refbrent,2035-11-22,20,Demand,890.6
nlv2b_C5_LNG375_refbrent,2035-11-22,22,Geothermal,93.1
nlv2b_C5_LNG375_refbrent,2035-11-22,22,Waste-to-energy,42.8
nlv2b_C5_LNG375_refbrent,2035-11-22,22,Thermal (oil/LNG),600.3
nlv2b_C5_LNG375_refbrent,2035-11-22,22,Wind,3.0
nlv2b_C5_LNG375_refbrent,2035-11-22,22,Utility solar,0.0
nlv2b_C5_LNG375_refbrent,2035-11-22,22,Rooftop solar,0.0
nlv2b_C5_LNG375_refbrent,2035-11-22,22,Battery discharge (net),21.7
nlv2b_C5_LNG375_refbrent,2035-11-22,22,Battery charging (net),0.0
nlv2b_C5_LNG375_refbrent,2035-11-22,22,Curtailed solar & wind,0.0
nlv2b_C5_LNG375_refbrent,2035-11-22,22,EV charging,-11.5
nlv2b_C5_LNG375_refbrent,2035-11-22,22,Hydrogen production,-0.0
nlv2b_C5_LNG375_refbrent,2035-11-22,22,Demand,749.4
nlv2b_C6_STATUSQUO_refbrent,2035-08-18,0,Geothermal,93.1
nlv2b_C6_STATUSQUO_refbrent,2035-08-18,0,Waste-to-energy,42.8
nlv2b_C6_STATUSQUO_refbrent,2035-08-18,0,Thermal (oil/LNG),478.1
nlv2b_C6_STATUSQUO_refbrent,2035-08-18,0,Wind,46.2
nlv2b_C6_STATUSQUO_refbrent,2035-08-18,0,Utility solar,0.0
nlv2b_C6_STATUSQUO_refbrent,2035-08-18,0,Rooftop solar,0.0
nlv2b_C6_STATUSQUO_refbrent,2035-08-18,0,Battery discharge (net),42.4
nlv2b_C6_STATUSQUO_refbrent,2035-08-18,0,Battery charging (net),0.0
nlv2b_C6_STATUSQUO_refbrent,2035-08-18,0,Curtailed solar & wind,0.0
nlv2b_C6_STATUSQUO_refbrent,2035-08-18,0,EV charging,-8.8
nlv2b_C6_STATUSQUO_refbrent,2035-08-18,0,Hydrogen production,-0.0
nlv2b_C6_STATUSQUO_refbrent,2035-08-18,0,Demand,693.8
nlv2b_C6_STATUSQUO_refbrent,2035-08-18,2,Geothermal,93.1
nlv2b_C6_STATUSQUO_refbrent,2035-08-18,2,Waste-to-energy,42.8
nlv2b_C6_STATUSQUO_refbrent,2035-08-18,2,Thermal (oil/LNG),472.8
nlv2b_C6_STATUSQUO_refbrent,2035-08-18,2,Wind,42.4
nlv2b_C6_STATUSQUO_refbrent,2035-08-18,2,Utility solar,0.0
nlv2b_C6_STATUSQUO_refbrent,2035-08-18,2,Rooftop solar,0.0
nlv2b_C6_STATUSQUO_refbrent,2035-08-18,2,Battery discharge (net),0.0
nlv2b_C6_STATUSQUO_refbrent,2035-08-18,2,Battery charging (net),0.0
nlv2b_C6_STATUSQUO_refbrent,2035-08-18,2,Curtailed solar & wind,0.0
nlv2b_C6_STATUSQUO_refbrent,2035-08-18,2,EV charging,-11.6
nlv2b_C6_STATUSQUO_refbrent,2035-08-18,2,Hydrogen production,-0.0
nlv2b_C6_STATUSQUO_refbrent,2035-08-18,2,Demand,639.5
nlv2b_C6_STATUSQUO_refbrent,2035-08-18,4,Geothermal,93.1
nlv2b_C6_STATUSQUO_refbrent,2035-08-18,4,Waste-to-energy,42.8
nlv2b_C6_STATUSQUO_refbrent,2035-08-18,4,Thermal (oil/LNG),478.1
nlv2b_C6_STATUSQUO_refbrent,2035-08-18,4,Wind,18.4
nlv2b_C6_STATUSQUO_refbrent,2035-08-18,4,Utility solar,0.0
nlv2b_C6_STATUSQUO_refbrent,2035-08-18,4,Rooftop solar,0.0
nlv2b_C6_STATUSQUO_refbrent,2035-08-18,4,Battery discharge (net),83.5
nlv2b_C6_STATUSQUO_refbrent,2035-08-18,4,Battery charging (net),0.0
nlv2b_C6_STATUSQUO_refbrent,2035-08-18,4,Curtailed solar & wind,0.0
nlv2b_C6_STATUSQUO_refbrent,2035-08-18,4,EV charging,-6.4
nlv2b_C6_STATUSQUO_refbrent,2035-08-18,4,Hydrogen production,-0.0
nlv2b_C6_STATUSQUO_refbrent,2035-08-18,4,Demand,709.5
nlv2b_C6_STATUSQUO_refbrent,2035-08-18,6,Geothermal,93.1
nlv2b_C6_STATUSQUO_refbrent,2035-08-18,6,Waste-to-energy,42.8
nlv2b_C6_STATUSQUO_refbrent,2035-08-18,6,Thermal (oil/LNG),603.1
nlv2b_C6_STATUSQUO_refbrent,2035-08-18,6,Wind,27.0
nlv2b_C6_STATUSQUO_refbrent,2035-08-18,6,Utility solar,22.7
nlv2b_C6_STATUSQUO_refbrent,2035-08-18,6,Rooftop solar,0.0
nlv2b_C6_STATUSQUO_refbrent,2035-08-18,6,Battery discharge (net),194.2
nlv2b_C6_STATUSQUO_refbrent,2035-08-18,6,Battery charging (net),0.0
nlv2b_C6_STATUSQUO_refbrent,2035-08-18,6,Curtailed solar & wind,0.0
nlv2b_C6_STATUSQUO_refbrent,2035-08-18,6,EV charging,-7.8
nlv2b_C6_STATUSQUO_refbrent,2035-08-18,6,Hydrogen production,-0.0
nlv2b_C6_STATUSQUO_refbrent,2035-08-18,6,Demand,975.1
nlv2b_C6_STATUSQUO_refbrent,2035-08-18,8,Geothermal,93.1
nlv2b_C6_STATUSQUO_refbrent,2035-08-18,8,Waste-to-energy,42.8
nlv2b_C6_STATUSQUO_refbrent,2035-08-18,8,Thermal (oil/LNG),103.1
nlv2b_C6_STATUSQUO_refbrent,2035-08-18,8,Wind,23.8
nlv2b_C6_STATUSQUO_refbrent,2035-08-18,8,Utility solar,1010.3
nlv2b_C6_STATUSQUO_refbrent,2035-08-18,8,Rooftop solar,0.0
nlv2b_C6_STATUSQUO_refbrent,2035-08-18,8,Battery discharge (net),0.0
nlv2b_C6_STATUSQUO_refbrent,2035-08-18,8,Battery charging (net),-165.2
nlv2b_C6_STATUSQUO_refbrent,2035-08-18,8,Curtailed solar & wind,0.0
nlv2b_C6_STATUSQUO_refbrent,2035-08-18,8,EV charging,-196.6
nlv2b_C6_STATUSQUO_refbrent,2035-08-18,8,Hydrogen production,-0.0
nlv2b_C6_STATUSQUO_refbrent,2035-08-18,8,Demand,911.2
nlv2b_C6_STATUSQUO_refbrent,2035-08-18,10,Geothermal,93.1
nlv2b_C6_STATUSQUO_refbrent,2035-08-18,10,Waste-to-energy,42.8
nlv2b_C6_STATUSQUO_refbrent,2035-08-18,10,Thermal (oil/LNG),103.1
nlv2b_C6_STATUSQUO_refbrent,2035-08-18,10,Wind,29.7
nlv2b_C6_STATUSQUO_refbrent,2035-08-18,10,Utility solar,873.8
nlv2b_C6_STATUSQUO_refbrent,2035-08-18,10,Rooftop solar,0.0
nlv2b_C6_STATUSQUO_refbrent,2035-08-18,10,Battery discharge (net),0.0
nlv2b_C6_STATUSQUO_refbrent,2035-08-18,10,Battery charging (net),-184.8
nlv2b_C6_STATUSQUO_refbrent,2035-08-18,10,Curtailed solar & wind,0.0
nlv2b_C6_STATUSQUO_refbrent,2035-08-18,10,EV charging,-65.2
nlv2b_C6_STATUSQUO_refbrent,2035-08-18,10,Hydrogen production,-0.0
nlv2b_C6_STATUSQUO_refbrent,2035-08-18,10,Demand,892.6
nlv2b_C6_STATUSQUO_refbrent,2035-08-18,12,Geothermal,93.1
nlv2b_C6_STATUSQUO_refbrent,2035-08-18,12,Waste-to-energy,42.8
nlv2b_C6_STATUSQUO_refbrent,2035-08-18,12,Thermal (oil/LNG),103.1
nlv2b_C6_STATUSQUO_refbrent,2035-08-18,12,Wind,28.8
nlv2b_C6_STATUSQUO_refbrent,2035-08-18,12,Utility solar,975.4
nlv2b_C6_STATUSQUO_refbrent,2035-08-18,12,Rooftop solar,0.0
nlv2b_C6_STATUSQUO_refbrent,2035-08-18,12,Battery discharge (net),0.0
nlv2b_C6_STATUSQUO_refbrent,2035-08-18,12,Battery charging (net),-440.9
nlv2b_C6_STATUSQUO_refbrent,2035-08-18,12,Curtailed solar & wind,0.0
nlv2b_C6_STATUSQUO_refbrent,2035-08-18,12,EV charging,-39.3
nlv2b_C6_STATUSQUO_refbrent,2035-08-18,12,Hydrogen production,-0.0
nlv2b_C6_STATUSQUO_refbrent,2035-08-18,12,Demand,763.0
nlv2b_C6_STATUSQUO_refbrent,2035-08-18,14,Geothermal,93.1
nlv2b_C6_STATUSQUO_refbrent,2035-08-18,14,Waste-to-energy,42.8
nlv2b_C6_STATUSQUO_refbrent,2035-08-18,14,Thermal (oil/LNG),103.1
nlv2b_C6_STATUSQUO_refbrent,2035-08-18,14,Wind,26.1
nlv2b_C6_STATUSQUO_refbrent,2035-08-18,14,Utility solar,1008.3
nlv2b_C6_STATUSQUO_refbrent,2035-08-18,14,Rooftop solar,0.0
nlv2b_C6_STATUSQUO_refbrent,2035-08-18,14,Battery discharge (net),0.0
nlv2b_C6_STATUSQUO_refbrent,2035-08-18,14,Battery charging (net),-404.1
nlv2b_C6_STATUSQUO_refbrent,2035-08-18,14,Curtailed solar & wind,0.0
nlv2b_C6_STATUSQUO_refbrent,2035-08-18,14,EV charging,-28.5
nlv2b_C6_STATUSQUO_refbrent,2035-08-18,14,Hydrogen production,-0.0
nlv2b_C6_STATUSQUO_refbrent,2035-08-18,14,Demand,840.7
nlv2b_C6_STATUSQUO_refbrent,2035-08-18,16,Geothermal,93.1
nlv2b_C6_STATUSQUO_refbrent,2035-08-18,16,Waste-to-energy,42.8
nlv2b_C6_STATUSQUO_refbrent,2035-08-18,16,Thermal (oil/LNG),103.1
nlv2b_C6_STATUSQUO_refbrent,2035-08-18,16,Wind,34.2
nlv2b_C6_STATUSQUO_refbrent,2035-08-18,16,Utility solar,874.4
nlv2b_C6_STATUSQUO_refbrent,2035-08-18,16,Rooftop solar,0.0
nlv2b_C6_STATUSQUO_refbrent,2035-08-18,16,Battery discharge (net),0.0
nlv2b_C6_STATUSQUO_refbrent,2035-08-18,16,Battery charging (net),-68.3
nlv2b_C6_STATUSQUO_refbrent,2035-08-18,16,Curtailed solar & wind,0.0
nlv2b_C6_STATUSQUO_refbrent,2035-08-18,16,EV charging,-30.7
nlv2b_C6_STATUSQUO_refbrent,2035-08-18,16,Hydrogen production,-0.0
nlv2b_C6_STATUSQUO_refbrent,2035-08-18,16,Demand,1048.7
nlv2b_C6_STATUSQUO_refbrent,2035-08-18,18,Geothermal,93.1
nlv2b_C6_STATUSQUO_refbrent,2035-08-18,18,Waste-to-energy,42.8
nlv2b_C6_STATUSQUO_refbrent,2035-08-18,18,Thermal (oil/LNG),622.7
nlv2b_C6_STATUSQUO_refbrent,2035-08-18,18,Wind,43.8
nlv2b_C6_STATUSQUO_refbrent,2035-08-18,18,Utility solar,71.1
nlv2b_C6_STATUSQUO_refbrent,2035-08-18,18,Rooftop solar,0.0
nlv2b_C6_STATUSQUO_refbrent,2035-08-18,18,Battery discharge (net),336.9
nlv2b_C6_STATUSQUO_refbrent,2035-08-18,18,Battery charging (net),0.0
nlv2b_C6_STATUSQUO_refbrent,2035-08-18,18,Curtailed solar & wind,0.0
nlv2b_C6_STATUSQUO_refbrent,2035-08-18,18,EV charging,-49.4
nlv2b_C6_STATUSQUO_refbrent,2035-08-18,18,Hydrogen production,-0.0
nlv2b_C6_STATUSQUO_refbrent,2035-08-18,18,Demand,1160.9
nlv2b_C6_STATUSQUO_refbrent,2035-08-18,20,Geothermal,93.1
nlv2b_C6_STATUSQUO_refbrent,2035-08-18,20,Waste-to-energy,42.8
nlv2b_C6_STATUSQUO_refbrent,2035-08-18,20,Thermal (oil/LNG),612.9
nlv2b_C6_STATUSQUO_refbrent,2035-08-18,20,Wind,29.6
nlv2b_C6_STATUSQUO_refbrent,2035-08-18,20,Utility solar,0.0
nlv2b_C6_STATUSQUO_refbrent,2035-08-18,20,Rooftop solar,0.0
nlv2b_C6_STATUSQUO_refbrent,2035-08-18,20,Battery discharge (net),381.1
nlv2b_C6_STATUSQUO_refbrent,2035-08-18,20,Battery charging (net),0.0
nlv2b_C6_STATUSQUO_refbrent,2035-08-18,20,Curtailed solar & wind,0.0
nlv2b_C6_STATUSQUO_refbrent,2035-08-18,20,EV charging,-45.8
nlv2b_C6_STATUSQUO_refbrent,2035-08-18,20,Hydrogen production,-0.0
nlv2b_C6_STATUSQUO_refbrent,2035-08-18,20,Demand,1113.7
nlv2b_C6_STATUSQUO_refbrent,2035-08-18,22,Geothermal,93.1
nlv2b_C6_STATUSQUO_refbrent,2035-08-18,22,Waste-to-energy,42.8
nlv2b_C6_STATUSQUO_refbrent,2035-08-18,22,Thermal (oil/LNG),603.1
nlv2b_C6_STATUSQUO_refbrent,2035-08-18,22,Wind,28.7
nlv2b_C6_STATUSQUO_refbrent,2035-08-18,22,Utility solar,0.0
nlv2b_C6_STATUSQUO_refbrent,2035-08-18,22,Rooftop solar,0.0
nlv2b_C6_STATUSQUO_refbrent,2035-08-18,22,Battery discharge (net),98.9
nlv2b_C6_STATUSQUO_refbrent,2035-08-18,22,Battery charging (net),0.0
nlv2b_C6_STATUSQUO_refbrent,2035-08-18,22,Curtailed solar & wind,0.0
nlv2b_C6_STATUSQUO_refbrent,2035-08-18,22,EV charging,-11.5
nlv2b_C6_STATUSQUO_refbrent,2035-08-18,22,Hydrogen production,-0.0
nlv2b_C6_STATUSQUO_refbrent,2035-08-18,22,Demand,855.1
nlv2b_C6_STATUSQUO_refbrent,2035-11-22,0,Geothermal,93.1
nlv2b_C6_STATUSQUO_refbrent,2035-11-22,0,Waste-to-energy,42.8
nlv2b_C6_STATUSQUO_refbrent,2035-11-22,0,Thermal (oil/LNG),603.1
nlv2b_C6_STATUSQUO_refbrent,2035-11-22,0,Wind,16.9
nlv2b_C6_STATUSQUO_refbrent,2035-11-22,0,Utility solar,0.0
nlv2b_C6_STATUSQUO_refbrent,2035-11-22,0,Rooftop solar,0.0
nlv2b_C6_STATUSQUO_refbrent,2035-11-22,0,Battery discharge (net),0.0
nlv2b_C6_STATUSQUO_refbrent,2035-11-22,0,Battery charging (net),-71.0
nlv2b_C6_STATUSQUO_refbrent,2035-11-22,0,Curtailed solar & wind,0.0
nlv2b_C6_STATUSQUO_refbrent,2035-11-22,0,EV charging,-42.9
nlv2b_C6_STATUSQUO_refbrent,2035-11-22,0,Hydrogen production,-0.0
nlv2b_C6_STATUSQUO_refbrent,2035-11-22,0,Demand,642.1
nlv2b_C6_STATUSQUO_refbrent,2035-11-22,2,Geothermal,93.1
nlv2b_C6_STATUSQUO_refbrent,2035-11-22,2,Waste-to-energy,42.8
nlv2b_C6_STATUSQUO_refbrent,2035-11-22,2,Thermal (oil/LNG),603.1
nlv2b_C6_STATUSQUO_refbrent,2035-11-22,2,Wind,1.8
nlv2b_C6_STATUSQUO_refbrent,2035-11-22,2,Utility solar,0.0
nlv2b_C6_STATUSQUO_refbrent,2035-11-22,2,Rooftop solar,0.0
nlv2b_C6_STATUSQUO_refbrent,2035-11-22,2,Battery discharge (net),0.0
nlv2b_C6_STATUSQUO_refbrent,2035-11-22,2,Battery charging (net),0.0
nlv2b_C6_STATUSQUO_refbrent,2035-11-22,2,Curtailed solar & wind,0.0
nlv2b_C6_STATUSQUO_refbrent,2035-11-22,2,EV charging,-173.0
nlv2b_C6_STATUSQUO_refbrent,2035-11-22,2,Hydrogen production,-0.0
nlv2b_C6_STATUSQUO_refbrent,2035-11-22,2,Demand,567.9
nlv2b_C6_STATUSQUO_refbrent,2035-11-22,4,Geothermal,93.1
nlv2b_C6_STATUSQUO_refbrent,2035-11-22,4,Waste-to-energy,42.8
nlv2b_C6_STATUSQUO_refbrent,2035-11-22,4,Thermal (oil/LNG),478.1
nlv2b_C6_STATUSQUO_refbrent,2035-11-22,4,Wind,0.0
nlv2b_C6_STATUSQUO_refbrent,2035-11-22,4,Utility solar,0.0
nlv2b_C6_STATUSQUO_refbrent,2035-11-22,4,Rooftop solar,0.0
nlv2b_C6_STATUSQUO_refbrent,2035-11-22,4,Battery discharge (net),0.0
nlv2b_C6_STATUSQUO_refbrent,2035-11-22,4,Battery charging (net),0.0
nlv2b_C6_STATUSQUO_refbrent,2035-11-22,4,Curtailed solar & wind,0.0
nlv2b_C6_STATUSQUO_refbrent,2035-11-22,4,EV charging,-20.4
nlv2b_C6_STATUSQUO_refbrent,2035-11-22,4,Hydrogen production,-0.0
nlv2b_C6_STATUSQUO_refbrent,2035-11-22,4,Demand,593.6
nlv2b_C6_STATUSQUO_refbrent,2035-11-22,6,Geothermal,93.1
nlv2b_C6_STATUSQUO_refbrent,2035-11-22,6,Waste-to-energy,42.8
nlv2b_C6_STATUSQUO_refbrent,2035-11-22,6,Thermal (oil/LNG),603.1
nlv2b_C6_STATUSQUO_refbrent,2035-11-22,6,Wind,1.3
nlv2b_C6_STATUSQUO_refbrent,2035-11-22,6,Utility solar,0.0
nlv2b_C6_STATUSQUO_refbrent,2035-11-22,6,Rooftop solar,0.0
nlv2b_C6_STATUSQUO_refbrent,2035-11-22,6,Battery discharge (net),8.6
nlv2b_C6_STATUSQUO_refbrent,2035-11-22,6,Battery charging (net),0.0
nlv2b_C6_STATUSQUO_refbrent,2035-11-22,6,Curtailed solar & wind,0.0
nlv2b_C6_STATUSQUO_refbrent,2035-11-22,6,EV charging,-7.8
nlv2b_C6_STATUSQUO_refbrent,2035-11-22,6,Hydrogen production,-0.0
nlv2b_C6_STATUSQUO_refbrent,2035-11-22,6,Demand,741.2
nlv2b_C6_STATUSQUO_refbrent,2035-11-22,8,Geothermal,93.1
nlv2b_C6_STATUSQUO_refbrent,2035-11-22,8,Waste-to-energy,42.8
nlv2b_C6_STATUSQUO_refbrent,2035-11-22,8,Thermal (oil/LNG),603.1
nlv2b_C6_STATUSQUO_refbrent,2035-11-22,8,Wind,7.7
nlv2b_C6_STATUSQUO_refbrent,2035-11-22,8,Utility solar,25.3
nlv2b_C6_STATUSQUO_refbrent,2035-11-22,8,Rooftop solar,0.0
nlv2b_C6_STATUSQUO_refbrent,2035-11-22,8,Battery discharge (net),43.2
nlv2b_C6_STATUSQUO_refbrent,2035-11-22,8,Battery charging (net),0.0
nlv2b_C6_STATUSQUO_refbrent,2035-11-22,8,Curtailed solar & wind,0.0
nlv2b_C6_STATUSQUO_refbrent,2035-11-22,8,EV charging,-11.9
nlv2b_C6_STATUSQUO_refbrent,2035-11-22,8,Hydrogen production,-0.0
nlv2b_C6_STATUSQUO_refbrent,2035-11-22,8,Demand,803.3
nlv2b_C6_STATUSQUO_refbrent,2035-11-22,10,Geothermal,93.1
nlv2b_C6_STATUSQUO_refbrent,2035-11-22,10,Waste-to-energy,42.8
nlv2b_C6_STATUSQUO_refbrent,2035-11-22,10,Thermal (oil/LNG),580.3
nlv2b_C6_STATUSQUO_refbrent,2035-11-22,10,Wind,3.1
nlv2b_C6_STATUSQUO_refbrent,2035-11-22,10,Utility solar,135.0
nlv2b_C6_STATUSQUO_refbrent,2035-11-22,10,Rooftop solar,0.0
nlv2b_C6_STATUSQUO_refbrent,2035-11-22,10,Battery discharge (net),0.0
nlv2b_C6_STATUSQUO_refbrent,2035-11-22,10,Battery charging (net),-132.4
nlv2b_C6_STATUSQUO_refbrent,2035-11-22,10,Curtailed solar & wind,0.0
nlv2b_C6_STATUSQUO_refbrent,2035-11-22,10,EV charging,-20.4
nlv2b_C6_STATUSQUO_refbrent,2035-11-22,10,Hydrogen production,-0.0
nlv2b_C6_STATUSQUO_refbrent,2035-11-22,10,Demand,701.5
nlv2b_C6_STATUSQUO_refbrent,2035-11-22,12,Geothermal,93.1
nlv2b_C6_STATUSQUO_refbrent,2035-11-22,12,Waste-to-energy,42.8
nlv2b_C6_STATUSQUO_refbrent,2035-11-22,12,Thermal (oil/LNG),478.1
nlv2b_C6_STATUSQUO_refbrent,2035-11-22,12,Wind,3.1
nlv2b_C6_STATUSQUO_refbrent,2035-11-22,12,Utility solar,242.8
nlv2b_C6_STATUSQUO_refbrent,2035-11-22,12,Rooftop solar,0.0
nlv2b_C6_STATUSQUO_refbrent,2035-11-22,12,Battery discharge (net),0.0
nlv2b_C6_STATUSQUO_refbrent,2035-11-22,12,Battery charging (net),-184.2
nlv2b_C6_STATUSQUO_refbrent,2035-11-22,12,Curtailed solar & wind,0.0
nlv2b_C6_STATUSQUO_refbrent,2035-11-22,12,EV charging,-59.5
nlv2b_C6_STATUSQUO_refbrent,2035-11-22,12,Hydrogen production,-0.0
nlv2b_C6_STATUSQUO_refbrent,2035-11-22,12,Demand,616.2
nlv2b_C6_STATUSQUO_refbrent,2035-11-22,14,Geothermal,93.1
nlv2b_C6_STATUSQUO_refbrent,2035-11-22,14,Waste-to-energy,42.8
nlv2b_C6_STATUSQUO_refbrent,2035-11-22,14,Thermal (oil/LNG),478.1
nlv2b_C6_STATUSQUO_refbrent,2035-11-22,14,Wind,8.5
nlv2b_C6_STATUSQUO_refbrent,2035-11-22,14,Utility solar,205.8
nlv2b_C6_STATUSQUO_refbrent,2035-11-22,14,Rooftop solar,0.0
nlv2b_C6_STATUSQUO_refbrent,2035-11-22,14,Battery discharge (net),0.0
nlv2b_C6_STATUSQUO_refbrent,2035-11-22,14,Battery charging (net),-185.0
nlv2b_C6_STATUSQUO_refbrent,2035-11-22,14,Curtailed solar & wind,0.0
nlv2b_C6_STATUSQUO_refbrent,2035-11-22,14,EV charging,-28.5
nlv2b_C6_STATUSQUO_refbrent,2035-11-22,14,Hydrogen production,-0.0
nlv2b_C6_STATUSQUO_refbrent,2035-11-22,14,Demand,614.8
nlv2b_C6_STATUSQUO_refbrent,2035-11-22,16,Geothermal,93.1
nlv2b_C6_STATUSQUO_refbrent,2035-11-22,16,Waste-to-energy,42.8
nlv2b_C6_STATUSQUO_refbrent,2035-11-22,16,Thermal (oil/LNG),603.1
nlv2b_C6_STATUSQUO_refbrent,2035-11-22,16,Wind,15.5
nlv2b_C6_STATUSQUO_refbrent,2035-11-22,16,Utility solar,189.3
nlv2b_C6_STATUSQUO_refbrent,2035-11-22,16,Rooftop solar,0.0
nlv2b_C6_STATUSQUO_refbrent,2035-11-22,16,Battery discharge (net),0.0
nlv2b_C6_STATUSQUO_refbrent,2035-11-22,16,Battery charging (net),-39.1
nlv2b_C6_STATUSQUO_refbrent,2035-11-22,16,Curtailed solar & wind,0.0
nlv2b_C6_STATUSQUO_refbrent,2035-11-22,16,EV charging,-30.7
nlv2b_C6_STATUSQUO_refbrent,2035-11-22,16,Hydrogen production,-0.0
nlv2b_C6_STATUSQUO_refbrent,2035-11-22,16,Demand,874.2
nlv2b_C6_STATUSQUO_refbrent,2035-11-22,18,Geothermal,93.1
nlv2b_C6_STATUSQUO_refbrent,2035-11-22,18,Waste-to-energy,42.8
nlv2b_C6_STATUSQUO_refbrent,2035-11-22,18,Thermal (oil/LNG),603.1
nlv2b_C6_STATUSQUO_refbrent,2035-11-22,18,Wind,30.6
nlv2b_C6_STATUSQUO_refbrent,2035-11-22,18,Utility solar,0.0
nlv2b_C6_STATUSQUO_refbrent,2035-11-22,18,Rooftop solar,0.0
nlv2b_C6_STATUSQUO_refbrent,2035-11-22,18,Battery discharge (net),319.9
nlv2b_C6_STATUSQUO_refbrent,2035-11-22,18,Battery charging (net),0.0
nlv2b_C6_STATUSQUO_refbrent,2035-11-22,18,Curtailed solar & wind,0.0
nlv2b_C6_STATUSQUO_refbrent,2035-11-22,18,EV charging,-49.4
nlv2b_C6_STATUSQUO_refbrent,2035-11-22,18,Hydrogen production,-0.0
nlv2b_C6_STATUSQUO_refbrent,2035-11-22,18,Demand,1040.1
nlv2b_C6_STATUSQUO_refbrent,2035-11-22,20,Geothermal,93.1
nlv2b_C6_STATUSQUO_refbrent,2035-11-22,20,Waste-to-energy,42.8
nlv2b_C6_STATUSQUO_refbrent,2035-11-22,20,Thermal (oil/LNG),603.1
nlv2b_C6_STATUSQUO_refbrent,2035-11-22,20,Wind,37.5
nlv2b_C6_STATUSQUO_refbrent,2035-11-22,20,Utility solar,0.0
nlv2b_C6_STATUSQUO_refbrent,2035-11-22,20,Rooftop solar,0.0
nlv2b_C6_STATUSQUO_refbrent,2035-11-22,20,Battery discharge (net),159.9
nlv2b_C6_STATUSQUO_refbrent,2035-11-22,20,Battery charging (net),0.0
nlv2b_C6_STATUSQUO_refbrent,2035-11-22,20,Curtailed solar & wind,0.0
nlv2b_C6_STATUSQUO_refbrent,2035-11-22,20,EV charging,-45.8
nlv2b_C6_STATUSQUO_refbrent,2035-11-22,20,Hydrogen production,-0.0
nlv2b_C6_STATUSQUO_refbrent,2035-11-22,20,Demand,890.6
nlv2b_C6_STATUSQUO_refbrent,2035-11-22,22,Geothermal,93.1
nlv2b_C6_STATUSQUO_refbrent,2035-11-22,22,Waste-to-energy,42.8
nlv2b_C6_STATUSQUO_refbrent,2035-11-22,22,Thermal (oil/LNG),603.1
nlv2b_C6_STATUSQUO_refbrent,2035-11-22,22,Wind,3.0
nlv2b_C6_STATUSQUO_refbrent,2035-11-22,22,Utility solar,0.0
nlv2b_C6_STATUSQUO_refbrent,2035-11-22,22,Rooftop solar,0.0
nlv2b_C6_STATUSQUO_refbrent,2035-11-22,22,Battery discharge (net),18.8
nlv2b_C6_STATUSQUO_refbrent,2035-11-22,22,Battery charging (net),0.0
nlv2b_C6_STATUSQUO_refbrent,2035-11-22,22,Curtailed solar & wind,0.0
nlv2b_C6_STATUSQUO_refbrent,2035-11-22,22,EV charging,-11.5
nlv2b_C6_STATUSQUO_refbrent,2035-11-22,22,Hydrogen production,-0.0
nlv2b_C6_STATUSQUO_refbrent,2035-11-22,22,Demand,749.4
nlv2b_lngconv_heco_refbrent,2035-08-18,0,Geothermal,93.1
nlv2b_lngconv_heco_refbrent,2035-08-18,0,Waste-to-energy,42.8
nlv2b_lngconv_heco_refbrent,2035-08-18,0,Thermal (oil/LNG),198.1
nlv2b_lngconv_heco_refbrent,2035-08-18,0,Wind,46.2
nlv2b_lngconv_heco_refbrent,2035-08-18,0,Utility solar,0.0
nlv2b_lngconv_heco_refbrent,2035-08-18,0,Rooftop solar,0.0
nlv2b_lngconv_heco_refbrent,2035-08-18,0,Battery discharge (net),322.4
nlv2b_lngconv_heco_refbrent,2035-08-18,0,Battery charging (net),0.0
nlv2b_lngconv_heco_refbrent,2035-08-18,0,Curtailed solar & wind,0.0
nlv2b_lngconv_heco_refbrent,2035-08-18,0,EV charging,-8.8
nlv2b_lngconv_heco_refbrent,2035-08-18,0,Hydrogen production,-0.0
nlv2b_lngconv_heco_refbrent,2035-08-18,0,Demand,693.8
nlv2b_lngconv_heco_refbrent,2035-08-18,2,Geothermal,93.1
nlv2b_lngconv_heco_refbrent,2035-08-18,2,Waste-to-energy,42.8
nlv2b_lngconv_heco_refbrent,2035-08-18,2,Thermal (oil/LNG),198.1
nlv2b_lngconv_heco_refbrent,2035-08-18,2,Wind,42.4
nlv2b_lngconv_heco_refbrent,2035-08-18,2,Utility solar,0.0
nlv2b_lngconv_heco_refbrent,2035-08-18,2,Rooftop solar,0.0
nlv2b_lngconv_heco_refbrent,2035-08-18,2,Battery discharge (net),269.4
nlv2b_lngconv_heco_refbrent,2035-08-18,2,Battery charging (net),0.0
nlv2b_lngconv_heco_refbrent,2035-08-18,2,Curtailed solar & wind,0.0
nlv2b_lngconv_heco_refbrent,2035-08-18,2,EV charging,-6.4
nlv2b_lngconv_heco_refbrent,2035-08-18,2,Hydrogen production,-0.0
nlv2b_lngconv_heco_refbrent,2035-08-18,2,Demand,639.5
nlv2b_lngconv_heco_refbrent,2035-08-18,4,Geothermal,93.1
nlv2b_lngconv_heco_refbrent,2035-08-18,4,Waste-to-energy,42.8
nlv2b_lngconv_heco_refbrent,2035-08-18,4,Thermal (oil/LNG),198.1
nlv2b_lngconv_heco_refbrent,2035-08-18,4,Wind,18.4
nlv2b_lngconv_heco_refbrent,2035-08-18,4,Utility solar,0.0
nlv2b_lngconv_heco_refbrent,2035-08-18,4,Rooftop solar,0.0
nlv2b_lngconv_heco_refbrent,2035-08-18,4,Battery discharge (net),363.5
nlv2b_lngconv_heco_refbrent,2035-08-18,4,Battery charging (net),0.0
nlv2b_lngconv_heco_refbrent,2035-08-18,4,Curtailed solar & wind,0.0
nlv2b_lngconv_heco_refbrent,2035-08-18,4,EV charging,-6.4
nlv2b_lngconv_heco_refbrent,2035-08-18,4,Hydrogen production,-0.0
nlv2b_lngconv_heco_refbrent,2035-08-18,4,Demand,709.5
nlv2b_lngconv_heco_refbrent,2035-08-18,6,Geothermal,93.1
nlv2b_lngconv_heco_refbrent,2035-08-18,6,Waste-to-energy,42.8
nlv2b_lngconv_heco_refbrent,2035-08-18,6,Thermal (oil/LNG),198.1
nlv2b_lngconv_heco_refbrent,2035-08-18,6,Wind,27.0
nlv2b_lngconv_heco_refbrent,2035-08-18,6,Utility solar,36.5
nlv2b_lngconv_heco_refbrent,2035-08-18,6,Rooftop solar,0.0
nlv2b_lngconv_heco_refbrent,2035-08-18,6,Battery discharge (net),585.4
nlv2b_lngconv_heco_refbrent,2035-08-18,6,Battery charging (net),0.0
nlv2b_lngconv_heco_refbrent,2035-08-18,6,Curtailed solar & wind,0.0
nlv2b_lngconv_heco_refbrent,2035-08-18,6,EV charging,-7.8
nlv2b_lngconv_heco_refbrent,2035-08-18,6,Hydrogen production,-0.0
nlv2b_lngconv_heco_refbrent,2035-08-18,6,Demand,975.1
nlv2b_lngconv_heco_refbrent,2035-08-18,8,Geothermal,93.1
nlv2b_lngconv_heco_refbrent,2035-08-18,8,Waste-to-energy,42.8
nlv2b_lngconv_heco_refbrent,2035-08-18,8,Thermal (oil/LNG),103.1
nlv2b_lngconv_heco_refbrent,2035-08-18,8,Wind,23.8
nlv2b_lngconv_heco_refbrent,2035-08-18,8,Utility solar,1616.7
nlv2b_lngconv_heco_refbrent,2035-08-18,8,Rooftop solar,0.0
nlv2b_lngconv_heco_refbrent,2035-08-18,8,Battery discharge (net),0.0
nlv2b_lngconv_heco_refbrent,2035-08-18,8,Battery charging (net),-897.6
nlv2b_lngconv_heco_refbrent,2035-08-18,8,Curtailed solar & wind,0.0
nlv2b_lngconv_heco_refbrent,2035-08-18,8,EV charging,-70.7
nlv2b_lngconv_heco_refbrent,2035-08-18,8,Hydrogen production,-0.0
nlv2b_lngconv_heco_refbrent,2035-08-18,8,Demand,911.2
nlv2b_lngconv_heco_refbrent,2035-08-18,10,Geothermal,93.1
nlv2b_lngconv_heco_refbrent,2035-08-18,10,Waste-to-energy,42.8
nlv2b_lngconv_heco_refbrent,2035-08-18,10,Thermal (oil/LNG),113.1
nlv2b_lngconv_heco_refbrent,2035-08-18,10,Wind,29.7
nlv2b_lngconv_heco_refbrent,2035-08-18,10,Utility solar,1304.9
nlv2b_lngconv_heco_refbrent,2035-08-18,10,Rooftop solar,0.0
nlv2b_lngconv_heco_refbrent,2035-08-18,10,Battery discharge (net),0.0
nlv2b_lngconv_heco_refbrent,2035-08-18,10,Battery charging (net),-670.6
nlv2b_lngconv_heco_refbrent,2035-08-18,10,Curtailed solar & wind,0.0
nlv2b_lngconv_heco_refbrent,2035-08-18,10,EV charging,-20.4
nlv2b_lngconv_heco_refbrent,2035-08-18,10,Hydrogen production,-0.0
nlv2b_lngconv_heco_refbrent,2035-08-18,10,Demand,892.6
nlv2b_lngconv_heco_refbrent,2035-08-18,12,Geothermal,93.1
nlv2b_lngconv_heco_refbrent,2035-08-18,12,Waste-to-energy,42.8
nlv2b_lngconv_heco_refbrent,2035-08-18,12,Thermal (oil/LNG),106.5
nlv2b_lngconv_heco_refbrent,2035-08-18,12,Wind,28.8
nlv2b_lngconv_heco_refbrent,2035-08-18,12,Utility solar,1482.5
nlv2b_lngconv_heco_refbrent,2035-08-18,12,Rooftop solar,0.0
nlv2b_lngconv_heco_refbrent,2035-08-18,12,Battery discharge (net),0.0
nlv2b_lngconv_heco_refbrent,2035-08-18,12,Battery charging (net),-897.6
nlv2b_lngconv_heco_refbrent,2035-08-18,12,Curtailed solar & wind,0.0
nlv2b_lngconv_heco_refbrent,2035-08-18,12,EV charging,-93.1
nlv2b_lngconv_heco_refbrent,2035-08-18,12,Hydrogen production,-0.0
nlv2b_lngconv_heco_refbrent,2035-08-18,12,Demand,763.0
nlv2b_lngconv_heco_refbrent,2035-08-18,14,Geothermal,93.1
nlv2b_lngconv_heco_refbrent,2035-08-18,14,Waste-to-energy,42.8
nlv2b_lngconv_heco_refbrent,2035-08-18,14,Thermal (oil/LNG),107.7
nlv2b_lngconv_heco_refbrent,2035-08-18,14,Wind,26.1
nlv2b_lngconv_heco_refbrent,2035-08-18,14,Utility solar,1619.3
nlv2b_lngconv_heco_refbrent,2035-08-18,14,Rooftop solar,0.0
nlv2b_lngconv_heco_refbrent,2035-08-18,14,Battery discharge (net),0.0
nlv2b_lngconv_heco_refbrent,2035-08-18,14,Battery charging (net),-897.6
nlv2b_lngconv_heco_refbrent,2035-08-18,14,Curtailed solar & wind,0.0
nlv2b_lngconv_heco_refbrent,2035-08-18,14,EV charging,-150.7
nlv2b_lngconv_heco_refbrent,2035-08-18,14,Hydrogen production,-0.0
nlv2b_lngconv_heco_refbrent,2035-08-18,14,Demand,840.7
nlv2b_lngconv_heco_refbrent,2035-08-18,16,Geothermal,93.1
nlv2b_lngconv_heco_refbrent,2035-08-18,16,Waste-to-energy,42.8
nlv2b_lngconv_heco_refbrent,2035-08-18,16,Thermal (oil/LNG),113.1
nlv2b_lngconv_heco_refbrent,2035-08-18,16,Wind,34.2
nlv2b_lngconv_heco_refbrent,2035-08-18,16,Utility solar,1332.0
nlv2b_lngconv_heco_refbrent,2035-08-18,16,Rooftop solar,0.0
nlv2b_lngconv_heco_refbrent,2035-08-18,16,Battery discharge (net),0.0
nlv2b_lngconv_heco_refbrent,2035-08-18,16,Battery charging (net),-535.9
nlv2b_lngconv_heco_refbrent,2035-08-18,16,Curtailed solar & wind,0.0
nlv2b_lngconv_heco_refbrent,2035-08-18,16,EV charging,-30.7
nlv2b_lngconv_heco_refbrent,2035-08-18,16,Hydrogen production,-0.0
nlv2b_lngconv_heco_refbrent,2035-08-18,16,Demand,1048.7
nlv2b_lngconv_heco_refbrent,2035-08-18,18,Geothermal,93.1
nlv2b_lngconv_heco_refbrent,2035-08-18,18,Waste-to-energy,42.8
nlv2b_lngconv_heco_refbrent,2035-08-18,18,Thermal (oil/LNG),234.1
nlv2b_lngconv_heco_refbrent,2035-08-18,18,Wind,43.8
nlv2b_lngconv_heco_refbrent,2035-08-18,18,Utility solar,127.8
nlv2b_lngconv_heco_refbrent,2035-08-18,18,Rooftop solar,0.0
nlv2b_lngconv_heco_refbrent,2035-08-18,18,Battery discharge (net),668.8
nlv2b_lngconv_heco_refbrent,2035-08-18,18,Battery charging (net),0.0
nlv2b_lngconv_heco_refbrent,2035-08-18,18,Curtailed solar & wind,0.0
nlv2b_lngconv_heco_refbrent,2035-08-18,18,EV charging,-49.4
nlv2b_lngconv_heco_refbrent,2035-08-18,18,Hydrogen production,-0.0
nlv2b_lngconv_heco_refbrent,2035-08-18,18,Demand,1160.9
nlv2b_lngconv_heco_refbrent,2035-08-18,20,Geothermal,93.1
nlv2b_lngconv_heco_refbrent,2035-08-18,20,Waste-to-energy,42.8
nlv2b_lngconv_heco_refbrent,2035-08-18,20,Thermal (oil/LNG),198.1
nlv2b_lngconv_heco_refbrent,2035-08-18,20,Wind,29.6
nlv2b_lngconv_heco_refbrent,2035-08-18,20,Utility solar,0.0
nlv2b_lngconv_heco_refbrent,2035-08-18,20,Rooftop solar,0.0
nlv2b_lngconv_heco_refbrent,2035-08-18,20,Battery discharge (net),795.9
nlv2b_lngconv_heco_refbrent,2035-08-18,20,Battery charging (net),0.0
nlv2b_lngconv_heco_refbrent,2035-08-18,20,Curtailed solar & wind,0.0
nlv2b_lngconv_heco_refbrent,2035-08-18,20,EV charging,-45.8
nlv2b_lngconv_heco_refbrent,2035-08-18,20,Hydrogen production,-0.0
nlv2b_lngconv_heco_refbrent,2035-08-18,20,Demand,1113.7
nlv2b_lngconv_heco_refbrent,2035-08-18,22,Geothermal,93.1
nlv2b_lngconv_heco_refbrent,2035-08-18,22,Waste-to-energy,42.8
nlv2b_lngconv_heco_refbrent,2035-08-18,22,Thermal (oil/LNG),198.1
nlv2b_lngconv_heco_refbrent,2035-08-18,22,Wind,28.7
nlv2b_lngconv_heco_refbrent,2035-08-18,22,Utility solar,0.0
nlv2b_lngconv_heco_refbrent,2035-08-18,22,Rooftop solar,0.0
nlv2b_lngconv_heco_refbrent,2035-08-18,22,Battery discharge (net),503.9
nlv2b_lngconv_heco_refbrent,2035-08-18,22,Battery charging (net),0.0
nlv2b_lngconv_heco_refbrent,2035-08-18,22,Curtailed solar & wind,0.0
nlv2b_lngconv_heco_refbrent,2035-08-18,22,EV charging,-11.5
nlv2b_lngconv_heco_refbrent,2035-08-18,22,Hydrogen production,-0.0
nlv2b_lngconv_heco_refbrent,2035-08-18,22,Demand,855.1
nlv2b_lngconv_heco_refbrent,2035-11-22,0,Geothermal,93.1
nlv2b_lngconv_heco_refbrent,2035-11-22,0,Waste-to-energy,42.8
nlv2b_lngconv_heco_refbrent,2035-11-22,0,Thermal (oil/LNG),504.9
nlv2b_lngconv_heco_refbrent,2035-11-22,0,Wind,16.9
nlv2b_lngconv_heco_refbrent,2035-11-22,0,Utility solar,0.0
nlv2b_lngconv_heco_refbrent,2035-11-22,0,Rooftop solar,0.0
nlv2b_lngconv_heco_refbrent,2035-11-22,0,Battery discharge (net),0.0
nlv2b_lngconv_heco_refbrent,2035-11-22,0,Battery charging (net),-6.8
nlv2b_lngconv_heco_refbrent,2035-11-22,0,Curtailed solar & wind,0.0
nlv2b_lngconv_heco_refbrent,2035-11-22,0,EV charging,-8.8
nlv2b_lngconv_heco_refbrent,2035-11-22,0,Hydrogen production,-0.0
nlv2b_lngconv_heco_refbrent,2035-11-22,0,Demand,642.1
nlv2b_lngconv_heco_refbrent,2035-11-22,2,Geothermal,93.1
nlv2b_lngconv_heco_refbrent,2035-11-22,2,Waste-to-energy,42.8
nlv2b_lngconv_heco_refbrent,2035-11-22,2,Thermal (oil/LNG),501.8
nlv2b_lngconv_heco_refbrent,2035-11-22,2,Wind,1.8
nlv2b_lngconv_heco_refbrent,2035-11-22,2,Utility solar,0.0
nlv2b_lngconv_heco_refbrent,2035-11-22,2,Rooftop solar,0.0
nlv2b_lngconv_heco_refbrent,2035-11-22,2,Battery discharge (net),0.0
nlv2b_lngconv_heco_refbrent,2035-11-22,2,Battery charging (net),-65.3
nlv2b_lngconv_heco_refbrent,2035-11-22,2,Curtailed solar & wind,0.0
nlv2b_lngconv_heco_refbrent,2035-11-22,2,EV charging,-6.4
nlv2b_lngconv_heco_refbrent,2035-11-22,2,Hydrogen production,-0.0
nlv2b_lngconv_heco_refbrent,2035-11-22,2,Demand,567.9
nlv2b_lngconv_heco_refbrent,2035-11-22,4,Geothermal,93.1
nlv2b_lngconv_heco_refbrent,2035-11-22,4,Waste-to-energy,42.8
nlv2b_lngconv_heco_refbrent,2035-11-22,4,Thermal (oil/LNG),485.1
nlv2b_lngconv_heco_refbrent,2035-11-22,4,Wind,0.0
nlv2b_lngconv_heco_refbrent,2035-11-22,4,Utility solar,0.0
nlv2b_lngconv_heco_refbrent,2035-11-22,4,Rooftop solar,0.0
nlv2b_lngconv_heco_refbrent,2035-11-22,4,Battery discharge (net),0.0
nlv2b_lngconv_heco_refbrent,2035-11-22,4,Battery charging (net),-21.0
nlv2b_lngconv_heco_refbrent,2035-11-22,4,Curtailed solar & wind,0.0
nlv2b_lngconv_heco_refbrent,2035-11-22,4,EV charging,-6.4
nlv2b_lngconv_heco_refbrent,2035-11-22,4,Hydrogen production,-0.0
nlv2b_lngconv_heco_refbrent,2035-11-22,4,Demand,593.6
nlv2b_lngconv_heco_refbrent,2035-11-22,6,Geothermal,93.1
nlv2b_lngconv_heco_refbrent,2035-11-22,6,Waste-to-energy,42.8
nlv2b_lngconv_heco_refbrent,2035-11-22,6,Thermal (oil/LNG),616.6
nlv2b_lngconv_heco_refbrent,2035-11-22,6,Wind,1.3
nlv2b_lngconv_heco_refbrent,2035-11-22,6,Utility solar,0.0
nlv2b_lngconv_heco_refbrent,2035-11-22,6,Rooftop solar,0.0
nlv2b_lngconv_heco_refbrent,2035-11-22,6,Battery discharge (net),0.0
nlv2b_lngconv_heco_refbrent,2035-11-22,6,Battery charging (net),-4.9
nlv2b_lngconv_heco_refbrent,2035-11-22,6,Curtailed solar & wind,0.0
nlv2b_lngconv_heco_refbrent,2035-11-22,6,EV charging,-7.8
nlv2b_lngconv_heco_refbrent,2035-11-22,6,Hydrogen production,-0.0
nlv2b_lngconv_heco_refbrent,2035-11-22,6,Demand,741.2
nlv2b_lngconv_heco_refbrent,2035-11-22,8,Geothermal,93.1
nlv2b_lngconv_heco_refbrent,2035-11-22,8,Waste-to-energy,42.8
nlv2b_lngconv_heco_refbrent,2035-11-22,8,Thermal (oil/LNG),504.9
nlv2b_lngconv_heco_refbrent,2035-11-22,8,Wind,7.7
nlv2b_lngconv_heco_refbrent,2035-11-22,8,Utility solar,39.0
nlv2b_lngconv_heco_refbrent,2035-11-22,8,Rooftop solar,0.0
nlv2b_lngconv_heco_refbrent,2035-11-22,8,Battery discharge (net),127.6
nlv2b_lngconv_heco_refbrent,2035-11-22,8,Battery charging (net),0.0
nlv2b_lngconv_heco_refbrent,2035-11-22,8,Curtailed solar & wind,0.0
nlv2b_lngconv_heco_refbrent,2035-11-22,8,EV charging,-11.9
nlv2b_lngconv_heco_refbrent,2035-11-22,8,Hydrogen production,-0.0
nlv2b_lngconv_heco_refbrent,2035-11-22,8,Demand,803.3
nlv2b_lngconv_heco_refbrent,2035-11-22,10,Geothermal,93.1
nlv2b_lngconv_heco_refbrent,2035-11-22,10,Waste-to-energy,42.8
nlv2b_lngconv_heco_refbrent,2035-11-22,10,Thermal (oil/LNG),504.9
nlv2b_lngconv_heco_refbrent,2035-11-22,10,Wind,3.1
nlv2b_lngconv_heco_refbrent,2035-11-22,10,Utility solar,176.8
nlv2b_lngconv_heco_refbrent,2035-11-22,10,Rooftop solar,0.0
nlv2b_lngconv_heco_refbrent,2035-11-22,10,Battery discharge (net),0.0
nlv2b_lngconv_heco_refbrent,2035-11-22,10,Battery charging (net),0.0
nlv2b_lngconv_heco_refbrent,2035-11-22,10,Curtailed solar & wind,0.0
nlv2b_lngconv_heco_refbrent,2035-11-22,10,EV charging,-119.1
nlv2b_lngconv_heco_refbrent,2035-11-22,10,Hydrogen production,-0.0
nlv2b_lngconv_heco_refbrent,2035-11-22,10,Demand,701.5
nlv2b_lngconv_heco_refbrent,2035-11-22,12,Geothermal,93.1
nlv2b_lngconv_heco_refbrent,2035-11-22,12,Waste-to-energy,42.8
nlv2b_lngconv_heco_refbrent,2035-11-22,12,Thermal (oil/LNG),504.9
nlv2b_lngconv_heco_refbrent,2035-11-22,12,Wind,3.1
nlv2b_lngconv_heco_refbrent,2035-11-22,12,Utility solar,344.5
nlv2b_lngconv_heco_refbrent,2035-11-22,12,Rooftop solar,0.0
nlv2b_lngconv_heco_refbrent,2035-11-22,12,Battery discharge (net),0.0
nlv2b_lngconv_heco_refbrent,2035-11-22,12,Battery charging (net),-204.6
nlv2b_lngconv_heco_refbrent,2035-11-22,12,Curtailed solar & wind,0.0
nlv2b_lngconv_heco_refbrent,2035-11-22,12,EV charging,-167.6
nlv2b_lngconv_heco_refbrent,2035-11-22,12,Hydrogen production,-0.0
nlv2b_lngconv_heco_refbrent,2035-11-22,12,Demand,616.2
nlv2b_lngconv_heco_refbrent,2035-11-22,14,Geothermal,93.1
nlv2b_lngconv_heco_refbrent,2035-11-22,14,Waste-to-energy,42.8
nlv2b_lngconv_heco_refbrent,2035-11-22,14,Thermal (oil/LNG),504.9
nlv2b_lngconv_heco_refbrent,2035-11-22,14,Wind,8.5
nlv2b_lngconv_heco_refbrent,2035-11-22,14,Utility solar,339.9
nlv2b_lngconv_heco_refbrent,2035-11-22,14,Rooftop solar,0.0
nlv2b_lngconv_heco_refbrent,2035-11-22,14,Battery discharge (net),0.0
nlv2b_lngconv_heco_refbrent,2035-11-22,14,Battery charging (net),-338.1
nlv2b_lngconv_heco_refbrent,2035-11-22,14,Curtailed solar & wind,0.0
nlv2b_lngconv_heco_refbrent,2035-11-22,14,EV charging,-36.3
nlv2b_lngconv_heco_refbrent,2035-11-22,14,Hydrogen production,-0.0
nlv2b_lngconv_heco_refbrent,2035-11-22,14,Demand,614.8
nlv2b_lngconv_heco_refbrent,2035-11-22,16,Geothermal,93.1
nlv2b_lngconv_heco_refbrent,2035-11-22,16,Waste-to-energy,42.8
nlv2b_lngconv_heco_refbrent,2035-11-22,16,Thermal (oil/LNG),487.9
nlv2b_lngconv_heco_refbrent,2035-11-22,16,Wind,15.5
nlv2b_lngconv_heco_refbrent,2035-11-22,16,Utility solar,271.4
nlv2b_lngconv_heco_refbrent,2035-11-22,16,Rooftop solar,0.0
nlv2b_lngconv_heco_refbrent,2035-11-22,16,Battery discharge (net),0.0
nlv2b_lngconv_heco_refbrent,2035-11-22,16,Battery charging (net),-5.9
nlv2b_lngconv_heco_refbrent,2035-11-22,16,Curtailed solar & wind,0.0
nlv2b_lngconv_heco_refbrent,2035-11-22,16,EV charging,-30.7
nlv2b_lngconv_heco_refbrent,2035-11-22,16,Hydrogen production,-0.0
nlv2b_lngconv_heco_refbrent,2035-11-22,16,Demand,874.2
nlv2b_lngconv_heco_refbrent,2035-11-22,18,Geothermal,93.1
nlv2b_lngconv_heco_refbrent,2035-11-22,18,Waste-to-energy,42.8
nlv2b_lngconv_heco_refbrent,2035-11-22,18,Thermal (oil/LNG),617.9
nlv2b_lngconv_heco_refbrent,2035-11-22,18,Wind,30.6
nlv2b_lngconv_heco_refbrent,2035-11-22,18,Utility solar,0.0
nlv2b_lngconv_heco_refbrent,2035-11-22,18,Rooftop solar,0.0
nlv2b_lngconv_heco_refbrent,2035-11-22,18,Battery discharge (net),305.1
nlv2b_lngconv_heco_refbrent,2035-11-22,18,Battery charging (net),0.0
nlv2b_lngconv_heco_refbrent,2035-11-22,18,Curtailed solar & wind,0.0
nlv2b_lngconv_heco_refbrent,2035-11-22,18,EV charging,-49.4
nlv2b_lngconv_heco_refbrent,2035-11-22,18,Hydrogen production,-0.0
nlv2b_lngconv_heco_refbrent,2035-11-22,18,Demand,1040.1
nlv2b_lngconv_heco_refbrent,2035-11-22,20,Geothermal,93.1
nlv2b_lngconv_heco_refbrent,2035-11-22,20,Waste-to-energy,42.8
nlv2b_lngconv_heco_refbrent,2035-11-22,20,Thermal (oil/LNG),617.9
nlv2b_lngconv_heco_refbrent,2035-11-22,20,Wind,37.5
nlv2b_lngconv_heco_refbrent,2035-11-22,20,Utility solar,0.0
nlv2b_lngconv_heco_refbrent,2035-11-22,20,Rooftop solar,0.0
nlv2b_lngconv_heco_refbrent,2035-11-22,20,Battery discharge (net),145.1
nlv2b_lngconv_heco_refbrent,2035-11-22,20,Battery charging (net),0.0
nlv2b_lngconv_heco_refbrent,2035-11-22,20,Curtailed solar & wind,0.0
nlv2b_lngconv_heco_refbrent,2035-11-22,20,EV charging,-45.8
nlv2b_lngconv_heco_refbrent,2035-11-22,20,Hydrogen production,-0.0
nlv2b_lngconv_heco_refbrent,2035-11-22,20,Demand,890.6
nlv2b_lngconv_heco_refbrent,2035-11-22,22,Geothermal,93.1
nlv2b_lngconv_heco_refbrent,2035-11-22,22,Waste-to-energy,42.8
nlv2b_lngconv_heco_refbrent,2035-11-22,22,Thermal (oil/LNG),617.9
nlv2b_lngconv_heco_refbrent,2035-11-22,22,Wind,3.0
nlv2b_lngconv_heco_refbrent,2035-11-22,22,Utility solar,0.0
nlv2b_lngconv_heco_refbrent,2035-11-22,22,Rooftop solar,0.0
nlv2b_lngconv_heco_refbrent,2035-11-22,22,Battery discharge (net),4.0
nlv2b_lngconv_heco_refbrent,2035-11-22,22,Battery charging (net),0.0
nlv2b_lngconv_heco_refbrent,2035-11-22,22,Curtailed solar & wind,0.0
nlv2b_lngconv_heco_refbrent,2035-11-22,22,EV charging,-11.5
nlv2b_lngconv_heco_refbrent,2035-11-22,22,Hydrogen production,-0.0
nlv2b_lngconv_heco_refbrent,2035-11-22,22,Demand,749.4
nlv2b_lngconv_opt_refbrent,2035-08-18,0,Geothermal,93.1
nlv2b_lngconv_opt_refbrent,2035-08-18,0,Waste-to-energy,42.8
nlv2b_lngconv_opt_refbrent,2035-08-18,0,Thermal (oil/LNG),113.1
nlv2b_lngconv_opt_refbrent,2035-08-18,0,Wind,46.2
nlv2b_lngconv_opt_refbrent,2035-08-18,0,Utility solar,0.0
nlv2b_lngconv_opt_refbrent,2035-08-18,0,Rooftop solar,0.0
nlv2b_lngconv_opt_refbrent,2035-08-18,0,Battery discharge (net),407.4
nlv2b_lngconv_opt_refbrent,2035-08-18,0,Battery charging (net),0.0
nlv2b_lngconv_opt_refbrent,2035-08-18,0,Curtailed solar & wind,0.0
nlv2b_lngconv_opt_refbrent,2035-08-18,0,EV charging,-8.8
nlv2b_lngconv_opt_refbrent,2035-08-18,0,Hydrogen production,-0.0
nlv2b_lngconv_opt_refbrent,2035-08-18,0,Demand,693.8
nlv2b_lngconv_opt_refbrent,2035-08-18,2,Geothermal,93.1
nlv2b_lngconv_opt_refbrent,2035-08-18,2,Waste-to-energy,42.8
nlv2b_lngconv_opt_refbrent,2035-08-18,2,Thermal (oil/LNG),113.1
nlv2b_lngconv_opt_refbrent,2035-08-18,2,Wind,42.4
nlv2b_lngconv_opt_refbrent,2035-08-18,2,Utility solar,0.0
nlv2b_lngconv_opt_refbrent,2035-08-18,2,Rooftop solar,0.0
nlv2b_lngconv_opt_refbrent,2035-08-18,2,Battery discharge (net),354.4
nlv2b_lngconv_opt_refbrent,2035-08-18,2,Battery charging (net),0.0
nlv2b_lngconv_opt_refbrent,2035-08-18,2,Curtailed solar & wind,0.0
nlv2b_lngconv_opt_refbrent,2035-08-18,2,EV charging,-6.4
nlv2b_lngconv_opt_refbrent,2035-08-18,2,Hydrogen production,-0.0
nlv2b_lngconv_opt_refbrent,2035-08-18,2,Demand,639.5
nlv2b_lngconv_opt_refbrent,2035-08-18,4,Geothermal,93.1
nlv2b_lngconv_opt_refbrent,2035-08-18,4,Waste-to-energy,42.8
nlv2b_lngconv_opt_refbrent,2035-08-18,4,Thermal (oil/LNG),113.1
nlv2b_lngconv_opt_refbrent,2035-08-18,4,Wind,18.4
nlv2b_lngconv_opt_refbrent,2035-08-18,4,Utility solar,0.0
nlv2b_lngconv_opt_refbrent,2035-08-18,4,Rooftop solar,0.0
nlv2b_lngconv_opt_refbrent,2035-08-18,4,Battery discharge (net),448.5
nlv2b_lngconv_opt_refbrent,2035-08-18,4,Battery charging (net),0.0
nlv2b_lngconv_opt_refbrent,2035-08-18,4,Curtailed solar & wind,0.0
nlv2b_lngconv_opt_refbrent,2035-08-18,4,EV charging,-6.4
nlv2b_lngconv_opt_refbrent,2035-08-18,4,Hydrogen production,-0.0
nlv2b_lngconv_opt_refbrent,2035-08-18,4,Demand,709.5
nlv2b_lngconv_opt_refbrent,2035-08-18,6,Geothermal,93.1
nlv2b_lngconv_opt_refbrent,2035-08-18,6,Waste-to-energy,42.8
nlv2b_lngconv_opt_refbrent,2035-08-18,6,Thermal (oil/LNG),113.1
nlv2b_lngconv_opt_refbrent,2035-08-18,6,Wind,27.0
nlv2b_lngconv_opt_refbrent,2035-08-18,6,Utility solar,40.9
nlv2b_lngconv_opt_refbrent,2035-08-18,6,Rooftop solar,0.0
nlv2b_lngconv_opt_refbrent,2035-08-18,6,Battery discharge (net),665.9
nlv2b_lngconv_opt_refbrent,2035-08-18,6,Battery charging (net),0.0
nlv2b_lngconv_opt_refbrent,2035-08-18,6,Curtailed solar & wind,0.0
nlv2b_lngconv_opt_refbrent,2035-08-18,6,EV charging,-7.8
nlv2b_lngconv_opt_refbrent,2035-08-18,6,Hydrogen production,-0.0
nlv2b_lngconv_opt_refbrent,2035-08-18,6,Demand,975.1
nlv2b_lngconv_opt_refbrent,2035-08-18,8,Geothermal,93.1
nlv2b_lngconv_opt_refbrent,2035-08-18,8,Waste-to-energy,42.8
nlv2b_lngconv_opt_refbrent,2035-08-18,8,Thermal (oil/LNG),103.1
nlv2b_lngconv_opt_refbrent,2035-08-18,8,Wind,14.4
nlv2b_lngconv_opt_refbrent,2035-08-18,8,Utility solar,1733.2
nlv2b_lngconv_opt_refbrent,2035-08-18,8,Rooftop solar,0.0
nlv2b_lngconv_opt_refbrent,2035-08-18,8,Battery discharge (net),0.0
nlv2b_lngconv_opt_refbrent,2035-08-18,8,Battery charging (net),-974.6
nlv2b_lngconv_opt_refbrent,2035-08-18,8,Curtailed solar & wind,16.8
nlv2b_lngconv_opt_refbrent,2035-08-18,8,EV charging,-100.7
nlv2b_lngconv_opt_refbrent,2035-08-18,8,Hydrogen production,-0.0
nlv2b_lngconv_opt_refbrent,2035-08-18,8,Demand,911.2
nlv2b_lngconv_opt_refbrent,2035-08-18,10,Geothermal,93.1
nlv2b_lngconv_opt_refbrent,2035-08-18,10,Waste-to-energy,42.8
nlv2b_lngconv_opt_refbrent,2035-08-18,10,Thermal (oil/LNG),104.5
nlv2b_lngconv_opt_refbrent,2035-08-18,10,Wind,29.7
nlv2b_lngconv_opt_refbrent,2035-08-18,10,Utility solar,1468.1
nlv2b_lngconv_opt_refbrent,2035-08-18,10,Rooftop solar,0.0
nlv2b_lngconv_opt_refbrent,2035-08-18,10,Battery discharge (net),0.0
nlv2b_lngconv_opt_refbrent,2035-08-18,10,Battery charging (net),-825.3
nlv2b_lngconv_opt_refbrent,2035-08-18,10,Curtailed solar & wind,0.0
nlv2b_lngconv_opt_refbrent,2035-08-18,10,EV charging,-20.4
nlv2b_lngconv_opt_refbrent,2035-08-18,10,Hydrogen production,-0.0
nlv2b_lngconv_opt_refbrent,2035-08-18,10,Demand,892.6
nlv2b_lngconv_opt_refbrent,2035-08-18,12,Geothermal,93.1
nlv2b_lngconv_opt_refbrent,2035-08-18,12,Waste-to-energy,42.8
nlv2b_lngconv_opt_refbrent,2035-08-18,12,Thermal (oil/LNG),103.1
nlv2b_lngconv_opt_refbrent,2035-08-18,12,Wind,19.2
nlv2b_lngconv_opt_refbrent,2035-08-18,12,Utility solar,1664.7
nlv2b_lngconv_opt_refbrent,2035-08-18,12,Rooftop solar,0.0
nlv2b_lngconv_opt_refbrent,2035-08-18,12,Battery discharge (net),0.0
nlv2b_lngconv_opt_refbrent,2035-08-18,12,Battery charging (net),-974.6
nlv2b_lngconv_opt_refbrent,2035-08-18,12,Curtailed solar & wind,9.6
nlv2b_lngconv_opt_refbrent,2035-08-18,12,EV charging,-185.3
nlv2b_lngconv_opt_refbrent,2035-08-18,12,Hydrogen production,-0.0
nlv2b_lngconv_opt_refbrent,2035-08-18,12,Demand,763.0
nlv2b_lngconv_opt_refbrent,2035-08-18,14,Geothermal,93.1
nlv2b_lngconv_opt_refbrent,2035-08-18,14,Waste-to-energy,42.8
nlv2b_lngconv_opt_refbrent,2035-08-18,14,Thermal (oil/LNG),103.1
nlv2b_lngconv_opt_refbrent,2035-08-18,14,Wind,26.1
nlv2b_lngconv_opt_refbrent,2035-08-18,14,Utility solar,1578.7
nlv2b_lngconv_opt_refbrent,2035-08-18,14,Rooftop solar,0.0
nlv2b_lngconv_opt_refbrent,2035-08-18,14,Battery discharge (net),0.0
nlv2b_lngconv_opt_refbrent,2035-08-18,14,Battery charging (net),-974.6
nlv2b_lngconv_opt_refbrent,2035-08-18,14,Curtailed solar & wind,155.9
nlv2b_lngconv_opt_refbrent,2035-08-18,14,EV charging,-28.5
nlv2b_lngconv_opt_refbrent,2035-08-18,14,Hydrogen production,-0.0
nlv2b_lngconv_opt_refbrent,2035-08-18,14,Demand,840.7
nlv2b_lngconv_opt_refbrent,2035-08-18,16,Geothermal,93.1
nlv2b_lngconv_opt_refbrent,2035-08-18,16,Waste-to-energy,42.8
nlv2b_lngconv_opt_refbrent,2035-08-18,16,Thermal (oil/LNG),107.7
nlv2b_lngconv_opt_refbrent,2035-08-18,16,Wind,34.2
nlv2b_lngconv_opt_refbrent,2035-08-18,16,Utility solar,1452.4
nlv2b_lngconv_opt_refbrent,2035-08-18,16,Rooftop solar,0.0
nlv2b_lngconv_opt_refbrent,2035-08-18,16,Battery discharge (net),0.0
nlv2b_lngconv_opt_refbrent,2035-08-18,16,Battery charging (net),-650.9
nlv2b_lngconv_opt_refbrent,2035-08-18,16,Curtailed solar & wind,0.0
nlv2b_lngconv_opt_refbrent,2035-08-18,16,EV charging,-30.7
nlv2b_lngconv_opt_refbrent,2035-08-18,16,Hydrogen production,-0.0
nlv2b_lngconv_opt_refbrent,2035-08-18,16,Demand,1048.7
nlv2b_lngconv_opt_refbrent,2035-08-18,18,Geothermal,93.1
nlv2b_lngconv_opt_refbrent,2035-08-18,18,Waste-to-energy,42.8
nlv2b_lngconv_opt_refbrent,2035-08-18,18,Thermal (oil/LNG),198.1
nlv2b_lngconv_opt_refbrent,2035-08-18,18,Wind,43.8
nlv2b_lngconv_opt_refbrent,2035-08-18,18,Utility solar,133.5
nlv2b_lngconv_opt_refbrent,2035-08-18,18,Rooftop solar,0.0
nlv2b_lngconv_opt_refbrent,2035-08-18,18,Battery discharge (net),699.0
nlv2b_lngconv_opt_refbrent,2035-08-18,18,Battery charging (net),0.0
nlv2b_lngconv_opt_refbrent,2035-08-18,18,Curtailed solar & wind,0.0
nlv2b_lngconv_opt_refbrent,2035-08-18,18,EV charging,-49.4
nlv2b_lngconv_opt_refbrent,2035-08-18,18,Hydrogen production,-0.0
nlv2b_lngconv_opt_refbrent,2035-08-18,18,Demand,1160.9
nlv2b_lngconv_opt_refbrent,2035-08-18,20,Geothermal,93.1
nlv2b_lngconv_opt_refbrent,2035-08-18,20,Waste-to-energy,42.8
nlv2b_lngconv_opt_refbrent,2035-08-18,20,Thermal (oil/LNG),198.1
nlv2b_lngconv_opt_refbrent,2035-08-18,20,Wind,29.6
nlv2b_lngconv_opt_refbrent,2035-08-18,20,Utility solar,0.0
nlv2b_lngconv_opt_refbrent,2035-08-18,20,Rooftop solar,0.0
nlv2b_lngconv_opt_refbrent,2035-08-18,20,Battery discharge (net),795.9
nlv2b_lngconv_opt_refbrent,2035-08-18,20,Battery charging (net),0.0
nlv2b_lngconv_opt_refbrent,2035-08-18,20,Curtailed solar & wind,0.0
nlv2b_lngconv_opt_refbrent,2035-08-18,20,EV charging,-45.8
nlv2b_lngconv_opt_refbrent,2035-08-18,20,Hydrogen production,-0.0
nlv2b_lngconv_opt_refbrent,2035-08-18,20,Demand,1113.7
nlv2b_lngconv_opt_refbrent,2035-08-18,22,Geothermal,93.1
nlv2b_lngconv_opt_refbrent,2035-08-18,22,Waste-to-energy,42.8
nlv2b_lngconv_opt_refbrent,2035-08-18,22,Thermal (oil/LNG),113.1
nlv2b_lngconv_opt_refbrent,2035-08-18,22,Wind,28.7
nlv2b_lngconv_opt_refbrent,2035-08-18,22,Utility solar,0.0
nlv2b_lngconv_opt_refbrent,2035-08-18,22,Rooftop solar,0.0
nlv2b_lngconv_opt_refbrent,2035-08-18,22,Battery discharge (net),588.9
nlv2b_lngconv_opt_refbrent,2035-08-18,22,Battery charging (net),0.0
nlv2b_lngconv_opt_refbrent,2035-08-18,22,Curtailed solar & wind,0.0
nlv2b_lngconv_opt_refbrent,2035-08-18,22,EV charging,-11.5
nlv2b_lngconv_opt_refbrent,2035-08-18,22,Hydrogen production,-0.0
nlv2b_lngconv_opt_refbrent,2035-08-18,22,Demand,855.1
nlv2b_lngconv_opt_refbrent,2035-11-22,0,Geothermal,93.1
nlv2b_lngconv_opt_refbrent,2035-11-22,0,Waste-to-energy,42.8
nlv2b_lngconv_opt_refbrent,2035-11-22,0,Thermal (oil/LNG),521.2
nlv2b_lngconv_opt_refbrent,2035-11-22,0,Wind,16.9
nlv2b_lngconv_opt_refbrent,2035-11-22,0,Utility solar,0.0
nlv2b_lngconv_opt_refbrent,2035-11-22,0,Rooftop solar,0.0
nlv2b_lngconv_opt_refbrent,2035-11-22,0,Battery discharge (net),0.0
nlv2b_lngconv_opt_refbrent,2035-11-22,0,Battery charging (net),-23.1
nlv2b_lngconv_opt_refbrent,2035-11-22,0,Curtailed solar & wind,0.0
nlv2b_lngconv_opt_refbrent,2035-11-22,0,EV charging,-8.8
nlv2b_lngconv_opt_refbrent,2035-11-22,0,Hydrogen production,-0.0
nlv2b_lngconv_opt_refbrent,2035-11-22,0,Demand,642.1
nlv2b_lngconv_opt_refbrent,2035-11-22,2,Geothermal,93.1
nlv2b_lngconv_opt_refbrent,2035-11-22,2,Waste-to-energy,42.8
nlv2b_lngconv_opt_refbrent,2035-11-22,2,Thermal (oil/LNG),521.2
nlv2b_lngconv_opt_refbrent,2035-11-22,2,Wind,1.8
nlv2b_lngconv_opt_refbrent,2035-11-22,2,Utility solar,0.0
nlv2b_lngconv_opt_refbrent,2035-11-22,2,Rooftop solar,0.0
nlv2b_lngconv_opt_refbrent,2035-11-22,2,Battery discharge (net),0.0
nlv2b_lngconv_opt_refbrent,2035-11-22,2,Battery charging (net),-69.3
nlv2b_lngconv_opt_refbrent,2035-11-22,2,Curtailed solar & wind,0.0
nlv2b_lngconv_opt_refbrent,2035-11-22,2,EV charging,-21.8
nlv2b_lngconv_opt_refbrent,2035-11-22,2,Hydrogen production,-0.0
nlv2b_lngconv_opt_refbrent,2035-11-22,2,Demand,567.9
nlv2b_lngconv_opt_refbrent,2035-11-22,4,Geothermal,93.1
nlv2b_lngconv_opt_refbrent,2035-11-22,4,Waste-to-energy,42.8
nlv2b_lngconv_opt_refbrent,2035-11-22,4,Thermal (oil/LNG),521.2
nlv2b_lngconv_opt_refbrent,2035-11-22,4,Wind,0.0
nlv2b_lngconv_opt_refbrent,2035-11-22,4,Utility solar,0.0
nlv2b_lngconv_opt_refbrent,2035-11-22,4,Rooftop solar,0.0
nlv2b_lngconv_opt_refbrent,2035-11-22,4,Battery discharge (net),0.0
nlv2b_lngconv_opt_refbrent,2035-11-22,4,Battery charging (net),-57.1
nlv2b_lngconv_opt_refbrent,2035-11-22,4,Curtailed solar & wind,0.0
nlv2b_lngconv_opt_refbrent,2035-11-22,4,EV charging,-6.4
nlv2b_lngconv_opt_refbrent,2035-11-22,4,Hydrogen production,-0.0
nlv2b_lngconv_opt_refbrent,2035-11-22,4,Demand,593.6
nlv2b_lngconv_opt_refbrent,2035-11-22,6,Geothermal,93.1
nlv2b_lngconv_opt_refbrent,2035-11-22,6,Waste-to-energy,42.8
nlv2b_lngconv_opt_refbrent,2035-11-22,6,Thermal (oil/LNG),545.5
nlv2b_lngconv_opt_refbrent,2035-11-22,6,Wind,1.3
nlv2b_lngconv_opt_refbrent,2035-11-22,6,Utility solar,0.0
nlv2b_lngconv_opt_refbrent,2035-11-22,6,Rooftop solar,0.0
nlv2b_lngconv_opt_refbrent,2035-11-22,6,Battery discharge (net),66.2
nlv2b_lngconv_opt_refbrent,2035-11-22,6,Battery charging (net),0.0
nlv2b_lngconv_opt_refbrent,2035-11-22,6,Curtailed solar & wind,0.0
nlv2b_lngconv_opt_refbrent,2035-11-22,6,EV charging,-7.8
nlv2b_lngconv_opt_refbrent,2035-11-22,6,Hydrogen production,-0.0
nlv2b_lngconv_opt_refbrent,2035-11-22,6,Demand,741.2
nlv2b_lngconv_opt_refbrent,2035-11-22,8,Geothermal,93.1
nlv2b_lngconv_opt_refbrent,2035-11-22,8,Waste-to-energy,42.8
nlv2b_lngconv_opt_refbrent,2035-11-22,8,Thermal (oil/LNG),545.5
nlv2b_lngconv_opt_refbrent,2035-11-22,8,Wind,7.7
nlv2b_lngconv_opt_refbrent,2035-11-22,8,Utility solar,57.7
nlv2b_lngconv_opt_refbrent,2035-11-22,8,Rooftop solar,0.0
nlv2b_lngconv_opt_refbrent,2035-11-22,8,Battery discharge (net),68.3
nlv2b_lngconv_opt_refbrent,2035-11-22,8,Battery charging (net),0.0
nlv2b_lngconv_opt_refbrent,2035-11-22,8,Curtailed solar & wind,0.0
nlv2b_lngconv_opt_refbrent,2035-11-22,8,EV charging,-11.9
nlv2b_lngconv_opt_refbrent,2035-11-22,8,Hydrogen production,-0.0
nlv2b_lngconv_opt_refbrent,2035-11-22,8,Demand,803.3
nlv2b_lngconv_opt_refbrent,2035-11-22,10,Geothermal,93.1
nlv2b_lngconv_opt_refbrent,2035-11-22,10,Waste-to-energy,42.8
nlv2b_lngconv_opt_refbrent,2035-11-22,10,Thermal (oil/LNG),521.2
nlv2b_lngconv_opt_refbrent,2035-11-22,10,Wind,3.1
nlv2b_lngconv_opt_refbrent,2035-11-22,10,Utility solar,198.2
nlv2b_lngconv_opt_refbrent,2035-11-22,10,Rooftop solar,0.0
nlv2b_lngconv_opt_refbrent,2035-11-22,10,Battery discharge (net),0.0
nlv2b_lngconv_opt_refbrent,2035-11-22,10,Battery charging (net),-136.5
nlv2b_lngconv_opt_refbrent,2035-11-22,10,Curtailed solar & wind,0.0
nlv2b_lngconv_opt_refbrent,2035-11-22,10,EV charging,-20.4
nlv2b_lngconv_opt_refbrent,2035-11-22,10,Hydrogen production,-0.0
nlv2b_lngconv_opt_refbrent,2035-11-22,10,Demand,701.5
nlv2b_lngconv_opt_refbrent,2035-11-22,12,Geothermal,93.1
nlv2b_lngconv_opt_refbrent,2035-11-22,12,Waste-to-energy,42.8
nlv2b_lngconv_opt_refbrent,2035-11-22,12,Thermal (oil/LNG),521.2
nlv2b_lngconv_opt_refbrent,2035-11-22,12,Wind,3.1
nlv2b_lngconv_opt_refbrent,2035-11-22,12,Utility solar,378.5
nlv2b_lngconv_opt_refbrent,2035-11-22,12,Rooftop solar,0.0
nlv2b_lngconv_opt_refbrent,2035-11-22,12,Battery discharge (net),0.0
nlv2b_lngconv_opt_refbrent,2035-11-22,12,Battery charging (net),-207.6
nlv2b_lngconv_opt_refbrent,2035-11-22,12,Curtailed solar & wind,0.0
nlv2b_lngconv_opt_refbrent,2035-11-22,12,EV charging,-215.0
nlv2b_lngconv_opt_refbrent,2035-11-22,12,Hydrogen production,-0.0
nlv2b_lngconv_opt_refbrent,2035-11-22,12,Demand,616.2
nlv2b_lngconv_opt_refbrent,2035-11-22,14,Geothermal,93.1
nlv2b_lngconv_opt_refbrent,2035-11-22,14,Waste-to-energy,42.8
nlv2b_lngconv_opt_refbrent,2035-11-22,14,Thermal (oil/LNG),509.8
nlv2b_lngconv_opt_refbrent,2035-11-22,14,Wind,8.5
nlv2b_lngconv_opt_refbrent,2035-11-22,14,Utility solar,370.9
nlv2b_lngconv_opt_refbrent,2035-11-22,14,Rooftop solar,0.0
nlv2b_lngconv_opt_refbrent,2035-11-22,14,Battery discharge (net),0.0
nlv2b_lngconv_opt_refbrent,2035-11-22,14,Battery charging (net),-338.1
nlv2b_lngconv_opt_refbrent,2035-11-22,14,Curtailed solar & wind,0.0
nlv2b_lngconv_opt_refbrent,2035-11-22,14,EV charging,-72.3
nlv2b_lngconv_opt_refbrent,2035-11-22,14,Hydrogen production,-0.0
nlv2b_lngconv_opt_refbrent,2035-11-22,14,Demand,614.8
nlv2b_lngconv_opt_refbrent,2035-11-22,16,Geothermal,93.1
nlv2b_lngconv_opt_refbrent,2035-11-22,16,Waste-to-energy,42.8
nlv2b_lngconv_opt_refbrent,2035-11-22,16,Thermal (oil/LNG),521.2
nlv2b_lngconv_opt_refbrent,2035-11-22,16,Wind,15.5
nlv2b_lngconv_opt_refbrent,2035-11-22,16,Utility solar,296.1
nlv2b_lngconv_opt_refbrent,2035-11-22,16,Rooftop solar,0.0
nlv2b_lngconv_opt_refbrent,2035-11-22,16,Battery discharge (net),0.0
nlv2b_lngconv_opt_refbrent,2035-11-22,16,Battery charging (net),-64.0
nlv2b_lngconv_opt_refbrent,2035-11-22,16,Curtailed solar & wind,0.0
nlv2b_lngconv_opt_refbrent,2035-11-22,16,EV charging,-30.7
nlv2b_lngconv_opt_refbrent,2035-11-22,16,Hydrogen production,-0.0
nlv2b_lngconv_opt_refbrent,2035-11-22,16,Demand,874.2
nlv2b_lngconv_opt_refbrent,2035-11-22,18,Geothermal,93.1
nlv2b_lngconv_opt_refbrent,2035-11-22,18,Waste-to-energy,42.8
nlv2b_lngconv_opt_refbrent,2035-11-22,18,Thermal (oil/LNG),545.5
nlv2b_lngconv_opt_refbrent,2035-11-22,18,Wind,30.6
nlv2b_lngconv_opt_refbrent,2035-11-22,18,Utility solar,0.0
nlv2b_lngconv_opt_refbrent,2035-11-22,18,Rooftop solar,0.0
nlv2b_lngconv_opt_refbrent,2035-11-22,18,Battery discharge (net),377.5
nlv2b_lngconv_opt_refbrent,2035-11-22,18,Battery charging (net),0.0
nlv2b_lngconv_opt_refbrent,2035-11-22,18,Curtailed solar & wind,0.0
nlv2b_lngconv_opt_refbrent,2035-11-22,18,EV charging,-49.4
nlv2b_lngconv_opt_refbrent,2035-11-22,18,Hydrogen production,-0.0
nlv2b_lngconv_opt_refbrent,2035-11-22,18,Demand,1040.1
nlv2b_lngconv_opt_refbrent,2035-11-22,20,Geothermal,93.1
nlv2b_lngconv_opt_refbrent,2035-11-22,20,Waste-to-energy,42.8
nlv2b_lngconv_opt_refbrent,2035-11-22,20,Thermal (oil/LNG),545.5
nlv2b_lngconv_opt_refbrent,2035-11-22,20,Wind,37.5
nlv2b_lngconv_opt_refbrent,2035-11-22,20,Utility solar,0.0
nlv2b_lngconv_opt_refbrent,2035-11-22,20,Rooftop solar,0.0
nlv2b_lngconv_opt_refbrent,2035-11-22,20,Battery discharge (net),217.5
nlv2b_lngconv_opt_refbrent,2035-11-22,20,Battery charging (net),0.0
nlv2b_lngconv_opt_refbrent,2035-11-22,20,Curtailed solar & wind,0.0
nlv2b_lngconv_opt_refbrent,2035-11-22,20,EV charging,-45.8
nlv2b_lngconv_opt_refbrent,2035-11-22,20,Hydrogen production,-0.0
nlv2b_lngconv_opt_refbrent,2035-11-22,20,Demand,890.6
nlv2b_lngconv_opt_refbrent,2035-11-22,22,Geothermal,93.1
nlv2b_lngconv_opt_refbrent,2035-11-22,22,Waste-to-energy,42.8
nlv2b_lngconv_opt_refbrent,2035-11-22,22,Thermal (oil/LNG),545.5
nlv2b_lngconv_opt_refbrent,2035-11-22,22,Wind,3.0
nlv2b_lngconv_opt_refbrent,2035-11-22,22,Utility solar,0.0
nlv2b_lngconv_opt_refbrent,2035-11-22,22,Rooftop solar,0.0
nlv2b_lngconv_opt_refbrent,2035-11-22,22,Battery discharge (net),76.4
nlv2b_lngconv_opt_refbrent,2035-11-22,22,Battery charging (net),0.0
nlv2b_lngconv_opt_refbrent,2035-11-22,22,Curtailed solar & wind,0.0
nlv2b_lngconv_opt_refbrent,2035-11-22,22,EV charging,-11.5
nlv2b_lngconv_opt_refbrent,2035-11-22,22,Hydrogen production,-0.0
nlv2b_lngconv_opt_refbrent,2035-11-22,22,Demand,749.4
nlv2b_egs_none_no_lng_refbrent,2035-08-18,0,Geothermal,0.0
nlv2b_egs_none_no_lng_refbrent,2035-08-18,0,Waste-to-energy,42.8
nlv2b_egs_none_no_lng_refbrent,2035-08-18,0,Thermal (oil/LNG),103.1
nlv2b_egs_none_no_lng_refbrent,2035-08-18,0,Wind,46.2
nlv2b_egs_none_no_lng_refbrent,2035-08-18,0,Utility solar,0.0
nlv2b_egs_none_no_lng_refbrent,2035-08-18,0,Rooftop solar,0.0
nlv2b_egs_none_no_lng_refbrent,2035-08-18,0,Battery discharge (net),510.5
nlv2b_egs_none_no_lng_refbrent,2035-08-18,0,Battery charging (net),0.0
nlv2b_egs_none_no_lng_refbrent,2035-08-18,0,Curtailed solar & wind,0.0
nlv2b_egs_none_no_lng_refbrent,2035-08-18,0,EV charging,-8.8
nlv2b_egs_none_no_lng_refbrent,2035-08-18,0,Hydrogen production,-0.0
nlv2b_egs_none_no_lng_refbrent,2035-08-18,0,Demand,693.8
nlv2b_egs_none_no_lng_refbrent,2035-08-18,2,Geothermal,0.0
nlv2b_egs_none_no_lng_refbrent,2035-08-18,2,Waste-to-energy,42.8
nlv2b_egs_none_no_lng_refbrent,2035-08-18,2,Thermal (oil/LNG),103.1
nlv2b_egs_none_no_lng_refbrent,2035-08-18,2,Wind,42.4
nlv2b_egs_none_no_lng_refbrent,2035-08-18,2,Utility solar,0.0
nlv2b_egs_none_no_lng_refbrent,2035-08-18,2,Rooftop solar,0.0
nlv2b_egs_none_no_lng_refbrent,2035-08-18,2,Battery discharge (net),457.5
nlv2b_egs_none_no_lng_refbrent,2035-08-18,2,Battery charging (net),0.0
nlv2b_egs_none_no_lng_refbrent,2035-08-18,2,Curtailed solar & wind,0.0
nlv2b_egs_none_no_lng_refbrent,2035-08-18,2,EV charging,-6.4
nlv2b_egs_none_no_lng_refbrent,2035-08-18,2,Hydrogen production,-0.0
nlv2b_egs_none_no_lng_refbrent,2035-08-18,2,Demand,639.5
nlv2b_egs_none_no_lng_refbrent,2035-08-18,4,Geothermal,0.0
nlv2b_egs_none_no_lng_refbrent,2035-08-18,4,Waste-to-energy,42.8
nlv2b_egs_none_no_lng_refbrent,2035-08-18,4,Thermal (oil/LNG),103.1
nlv2b_egs_none_no_lng_refbrent,2035-08-18,4,Wind,18.4
nlv2b_egs_none_no_lng_refbrent,2035-08-18,4,Utility solar,0.0
nlv2b_egs_none_no_lng_refbrent,2035-08-18,4,Rooftop solar,0.0
nlv2b_egs_none_no_lng_refbrent,2035-08-18,4,Battery discharge (net),551.6
nlv2b_egs_none_no_lng_refbrent,2035-08-18,4,Battery charging (net),0.0
nlv2b_egs_none_no_lng_refbrent,2035-08-18,4,Curtailed solar & wind,0.0
nlv2b_egs_none_no_lng_refbrent,2035-08-18,4,EV charging,-6.4
nlv2b_egs_none_no_lng_refbrent,2035-08-18,4,Hydrogen production,-0.0
nlv2b_egs_none_no_lng_refbrent,2035-08-18,4,Demand,709.5
nlv2b_egs_none_no_lng_refbrent,2035-08-18,6,Geothermal,0.0
nlv2b_egs_none_no_lng_refbrent,2035-08-18,6,Waste-to-energy,42.8
nlv2b_egs_none_no_lng_refbrent,2035-08-18,6,Thermal (oil/LNG),103.1
nlv2b_egs_none_no_lng_refbrent,2035-08-18,6,Wind,27.0
nlv2b_egs_none_no_lng_refbrent,2035-08-18,6,Utility solar,58.4
nlv2b_egs_none_no_lng_refbrent,2035-08-18,6,Rooftop solar,0.0
nlv2b_egs_none_no_lng_refbrent,2035-08-18,6,Battery discharge (net),751.6
nlv2b_egs_none_no_lng_refbrent,2035-08-18,6,Battery charging (net),0.0
nlv2b_egs_none_no_lng_refbrent,2035-08-18,6,Curtailed solar & wind,0.0
nlv2b_egs_none_no_lng_refbrent,2035-08-18,6,EV charging,-7.8
nlv2b_egs_none_no_lng_refbrent,2035-08-18,6,Hydrogen production,-0.0
nlv2b_egs_none_no_lng_refbrent,2035-08-18,6,Demand,975.1
nlv2b_egs_none_no_lng_refbrent,2035-08-18,8,Geothermal,0.0
nlv2b_egs_none_no_lng_refbrent,2035-08-18,8,Waste-to-energy,42.8
nlv2b_egs_none_no_lng_refbrent,2035-08-18,8,Thermal (oil/LNG),103.1
nlv2b_egs_none_no_lng_refbrent,2035-08-18,8,Wind,7.5
nlv2b_egs_none_no_lng_refbrent,2035-08-18,8,Utility solar,1845.4
nlv2b_egs_none_no_lng_refbrent,2035-08-18,8,Rooftop solar,0.0
nlv2b_egs_none_no_lng_refbrent,2035-08-18,8,Battery discharge (net),0.0
nlv2b_egs_none_no_lng_refbrent,2035-08-18,8,Battery charging (net),-913.3
nlv2b_egs_none_no_lng_refbrent,2035-08-18,8,Curtailed solar & wind,635.6
nlv2b_egs_none_no_lng_refbrent,2035-08-18,8,EV charging,-174.3
nlv2b_egs_none_no_lng_refbrent,2035-08-18,8,Hydrogen production,-0.0
nlv2b_egs_none_no_lng_refbrent,2035-08-18,8,Demand,911.2
nlv2b_egs_none_no_lng_refbrent,2035-08-18,10,Geothermal,0.0
nlv2b_egs_none_no_lng_refbrent,2035-08-18,10,Waste-to-energy,42.8
nlv2b_egs_none_no_lng_refbrent,2035-08-18,10,Thermal (oil/LNG),103.1
nlv2b_egs_none_no_lng_refbrent,2035-08-18,10,Wind,29.7
nlv2b_egs_none_no_lng_refbrent,2035-08-18,10,Utility solar,1984.8
nlv2b_egs_none_no_lng_refbrent,2035-08-18,10,Rooftop solar,0.0
nlv2b_egs_none_no_lng_refbrent,2035-08-18,10,Battery discharge (net),0.0
nlv2b_egs_none_no_lng_refbrent,2035-08-18,10,Battery charging (net),-1247.4
nlv2b_egs_none_no_lng_refbrent,2035-08-18,10,Curtailed solar & wind,0.0
nlv2b_egs_none_no_lng_refbrent,2035-08-18,10,EV charging,-20.4
nlv2b_egs_none_no_lng_refbrent,2035-08-18,10,Hydrogen production,-0.0
nlv2b_egs_none_no_lng_refbrent,2035-08-18,10,Demand,892.6
nlv2b_egs_none_no_lng_refbrent,2035-08-18,12,Geothermal,0.0
nlv2b_egs_none_no_lng_refbrent,2035-08-18,12,Waste-to-energy,42.8
nlv2b_egs_none_no_lng_refbrent,2035-08-18,12,Thermal (oil/LNG),103.1
nlv2b_egs_none_no_lng_refbrent,2035-08-18,12,Wind,28.8
nlv2b_egs_none_no_lng_refbrent,2035-08-18,12,Utility solar,2042.4
nlv2b_egs_none_no_lng_refbrent,2035-08-18,12,Rooftop solar,0.0
nlv2b_egs_none_no_lng_refbrent,2035-08-18,12,Battery discharge (net),0.0
nlv2b_egs_none_no_lng_refbrent,2035-08-18,12,Battery charging (net),-1342.5
nlv2b_egs_none_no_lng_refbrent,2035-08-18,12,Curtailed solar & wind,315.0
nlv2b_egs_none_no_lng_refbrent,2035-08-18,12,EV charging,-111.7
nlv2b_egs_none_no_lng_refbrent,2035-08-18,12,Hydrogen production,-0.0
nlv2b_egs_none_no_lng_refbrent,2035-08-18,12,Demand,763.0
nlv2b_egs_none_no_lng_refbrent,2035-08-18,14,Geothermal,0.0
nlv2b_egs_none_no_lng_refbrent,2035-08-18,14,Waste-to-energy,42.8
nlv2b_egs_none_no_lng_refbrent,2035-08-18,14,Thermal (oil/LNG),103.1
nlv2b_egs_none_no_lng_refbrent,2035-08-18,14,Wind,26.1
nlv2b_egs_none_no_lng_refbrent,2035-08-18,14,Utility solar,1519.6
nlv2b_egs_none_no_lng_refbrent,2035-08-18,14,Rooftop solar,0.0
nlv2b_egs_none_no_lng_refbrent,2035-08-18,14,Battery discharge (net),0.0
nlv2b_egs_none_no_lng_refbrent,2035-08-18,14,Battery charging (net),-822.4
nlv2b_egs_none_no_lng_refbrent,2035-08-18,14,Curtailed solar & wind,860.3
nlv2b_egs_none_no_lng_refbrent,2035-08-18,14,EV charging,-28.5
nlv2b_egs_none_no_lng_refbrent,2035-08-18,14,Hydrogen production,-0.0
nlv2b_egs_none_no_lng_refbrent,2035-08-18,14,Demand,840.7
nlv2b_egs_none_no_lng_refbrent,2035-08-18,16,Geothermal,0.0
nlv2b_egs_none_no_lng_refbrent,2035-08-18,16,Waste-to-energy,42.8
nlv2b_egs_none_no_lng_refbrent,2035-08-18,16,Thermal (oil/LNG),103.1
nlv2b_egs_none_no_lng_refbrent,2035-08-18,16,Wind,34.2
nlv2b_egs_none_no_lng_refbrent,2035-08-18,16,Utility solar,1971.5
nlv2b_egs_none_no_lng_refbrent,2035-08-18,16,Rooftop solar,0.0
nlv2b_egs_none_no_lng_refbrent,2035-08-18,16,Battery discharge (net),0.0
nlv2b_egs_none_no_lng_refbrent,2035-08-18,16,Battery charging (net),-1072.3
nlv2b_egs_none_no_lng_refbrent,2035-08-18,16,Curtailed solar & wind,27.0
nlv2b_egs_none_no_lng_refbrent,2035-08-18,16,EV charging,-30.7
nlv2b_egs_none_no_lng_refbrent,2035-08-18,16,Hydrogen production,-0.0
nlv2b_egs_none_no_lng_refbrent,2035-08-18,16,Demand,1048.7
nlv2b_egs_none_no_lng_refbrent,2035-08-18,18,Geothermal,0.0
nlv2b_egs_none_no_lng_refbrent,2035-08-18,18,Waste-to-energy,42.8
nlv2b_egs_none_no_lng_refbrent,2035-08-18,18,Thermal (oil/LNG),103.1
nlv2b_egs_none_no_lng_refbrent,2035-08-18,18,Wind,43.8
nlv2b_egs_none_no_lng_refbrent,2035-08-18,18,Utility solar,179.7
nlv2b_egs_none_no_lng_refbrent,2035-08-18,18,Rooftop solar,0.0
nlv2b_egs_none_no_lng_refbrent,2035-08-18,18,Battery discharge (net),840.9
nlv2b_egs_none_no_lng_refbrent,2035-08-18,18,Battery charging (net),0.0
nlv2b_egs_none_no_lng_refbrent,2035-08-18,18,Curtailed solar & wind,0.0
nlv2b_egs_none_no_lng_refbrent,2035-08-18,18,EV charging,-49.4
nlv2b_egs_none_no_lng_refbrent,2035-08-18,18,Hydrogen production,-0.0
nlv2b_egs_none_no_lng_refbrent,2035-08-18,18,Demand,1160.9
nlv2b_egs_none_no_lng_refbrent,2035-08-18,20,Geothermal,0.0
nlv2b_egs_none_no_lng_refbrent,2035-08-18,20,Waste-to-energy,42.8
nlv2b_egs_none_no_lng_refbrent,2035-08-18,20,Thermal (oil/LNG),103.1
nlv2b_egs_none_no_lng_refbrent,2035-08-18,20,Wind,29.6
nlv2b_egs_none_no_lng_refbrent,2035-08-18,20,Utility solar,0.0
nlv2b_egs_none_no_lng_refbrent,2035-08-18,20,Rooftop solar,0.0
nlv2b_egs_none_no_lng_refbrent,2035-08-18,20,Battery discharge (net),984.0
nlv2b_egs_none_no_lng_refbrent,2035-08-18,20,Battery charging (net),0.0
nlv2b_egs_none_no_lng_refbrent,2035-08-18,20,Curtailed solar & wind,0.0
nlv2b_egs_none_no_lng_refbrent,2035-08-18,20,EV charging,-45.8
nlv2b_egs_none_no_lng_refbrent,2035-08-18,20,Hydrogen production,-0.0
nlv2b_egs_none_no_lng_refbrent,2035-08-18,20,Demand,1113.7
nlv2b_egs_none_no_lng_refbrent,2035-08-18,22,Geothermal,0.0
nlv2b_egs_none_no_lng_refbrent,2035-08-18,22,Waste-to-energy,42.8
nlv2b_egs_none_no_lng_refbrent,2035-08-18,22,Thermal (oil/LNG),103.1
nlv2b_egs_none_no_lng_refbrent,2035-08-18,22,Wind,28.7
nlv2b_egs_none_no_lng_refbrent,2035-08-18,22,Utility solar,0.0
nlv2b_egs_none_no_lng_refbrent,2035-08-18,22,Rooftop solar,0.0
nlv2b_egs_none_no_lng_refbrent,2035-08-18,22,Battery discharge (net),692.0
nlv2b_egs_none_no_lng_refbrent,2035-08-18,22,Battery charging (net),0.0
nlv2b_egs_none_no_lng_refbrent,2035-08-18,22,Curtailed solar & wind,0.0
nlv2b_egs_none_no_lng_refbrent,2035-08-18,22,EV charging,-11.5
nlv2b_egs_none_no_lng_refbrent,2035-08-18,22,Hydrogen production,-0.0
nlv2b_egs_none_no_lng_refbrent,2035-08-18,22,Demand,855.1
nlv2b_egs_none_no_lng_refbrent,2035-11-22,0,Geothermal,0.0
nlv2b_egs_none_no_lng_refbrent,2035-11-22,0,Waste-to-energy,42.8
nlv2b_egs_none_no_lng_refbrent,2035-11-22,0,Thermal (oil/LNG),591.2
nlv2b_egs_none_no_lng_refbrent,2035-11-22,0,Wind,16.9
nlv2b_egs_none_no_lng_refbrent,2035-11-22,0,Utility solar,0.0
nlv2b_egs_none_no_lng_refbrent,2035-11-22,0,Rooftop solar,0.0
nlv2b_egs_none_no_lng_refbrent,2035-11-22,0,Battery discharge (net),0.0
nlv2b_egs_none_no_lng_refbrent,2035-11-22,0,Battery charging (net),0.0
nlv2b_egs_none_no_lng_refbrent,2035-11-22,0,Curtailed solar & wind,0.0
nlv2b_egs_none_no_lng_refbrent,2035-11-22,0,EV charging,-8.8
nlv2b_egs_none_no_lng_refbrent,2035-11-22,0,Hydrogen production,-0.0
nlv2b_egs_none_no_lng_refbrent,2035-11-22,0,Demand,642.1
nlv2b_egs_none_no_lng_refbrent,2035-11-22,2,Geothermal,0.0
nlv2b_egs_none_no_lng_refbrent,2035-11-22,2,Waste-to-energy,42.8
nlv2b_egs_none_no_lng_refbrent,2035-11-22,2,Thermal (oil/LNG),529.6
nlv2b_egs_none_no_lng_refbrent,2035-11-22,2,Wind,1.8
nlv2b_egs_none_no_lng_refbrent,2035-11-22,2,Utility solar,0.0
nlv2b_egs_none_no_lng_refbrent,2035-11-22,2,Rooftop solar,0.0
nlv2b_egs_none_no_lng_refbrent,2035-11-22,2,Battery discharge (net),0.0
nlv2b_egs_none_no_lng_refbrent,2035-11-22,2,Battery charging (net),0.0
nlv2b_egs_none_no_lng_refbrent,2035-11-22,2,Curtailed solar & wind,0.0
nlv2b_egs_none_no_lng_refbrent,2035-11-22,2,EV charging,-6.4
nlv2b_egs_none_no_lng_refbrent,2035-11-22,2,Hydrogen production,-0.0
nlv2b_egs_none_no_lng_refbrent,2035-11-22,2,Demand,567.9
nlv2b_egs_none_no_lng_refbrent,2035-11-22,4,Geothermal,0.0
nlv2b_egs_none_no_lng_refbrent,2035-11-22,4,Waste-to-energy,42.8
nlv2b_egs_none_no_lng_refbrent,2035-11-22,4,Thermal (oil/LNG),557.2
nlv2b_egs_none_no_lng_refbrent,2035-11-22,4,Wind,0.0
nlv2b_egs_none_no_lng_refbrent,2035-11-22,4,Utility solar,0.0
nlv2b_egs_none_no_lng_refbrent,2035-11-22,4,Rooftop solar,0.0
nlv2b_egs_none_no_lng_refbrent,2035-11-22,4,Battery discharge (net),0.0
nlv2b_egs_none_no_lng_refbrent,2035-11-22,4,Battery charging (net),0.0
nlv2b_egs_none_no_lng_refbrent,2035-11-22,4,Curtailed solar & wind,0.0
nlv2b_egs_none_no_lng_refbrent,2035-11-22,4,EV charging,-6.4
nlv2b_egs_none_no_lng_refbrent,2035-11-22,4,Hydrogen production,-0.0
nlv2b_egs_none_no_lng_refbrent,2035-11-22,4,Demand,593.6
nlv2b_egs_none_no_lng_refbrent,2035-11-22,6,Geothermal,0.0
nlv2b_egs_none_no_lng_refbrent,2035-11-22,6,Waste-to-energy,42.8
nlv2b_egs_none_no_lng_refbrent,2035-11-22,6,Thermal (oil/LNG),674.2
nlv2b_egs_none_no_lng_refbrent,2035-11-22,6,Wind,1.3
nlv2b_egs_none_no_lng_refbrent,2035-11-22,6,Utility solar,0.0
nlv2b_egs_none_no_lng_refbrent,2035-11-22,6,Rooftop solar,0.0
nlv2b_egs_none_no_lng_refbrent,2035-11-22,6,Battery discharge (net),30.6
nlv2b_egs_none_no_lng_refbrent,2035-11-22,6,Battery charging (net),0.0
nlv2b_egs_none_no_lng_refbrent,2035-11-22,6,Curtailed solar & wind,0.0
nlv2b_egs_none_no_lng_refbrent,2035-11-22,6,EV charging,-7.8
nlv2b_egs_none_no_lng_refbrent,2035-11-22,6,Hydrogen production,-0.0
nlv2b_egs_none_no_lng_refbrent,2035-11-22,6,Demand,741.2
nlv2b_egs_none_no_lng_refbrent,2035-11-22,8,Geothermal,0.0
nlv2b_egs_none_no_lng_refbrent,2035-11-22,8,Waste-to-energy,42.8
nlv2b_egs_none_no_lng_refbrent,2035-11-22,8,Thermal (oil/LNG),674.2
nlv2b_egs_none_no_lng_refbrent,2035-11-22,8,Wind,7.7
nlv2b_egs_none_no_lng_refbrent,2035-11-22,8,Utility solar,76.8
nlv2b_egs_none_no_lng_refbrent,2035-11-22,8,Rooftop solar,0.0
nlv2b_egs_none_no_lng_refbrent,2035-11-22,8,Battery discharge (net),13.7
nlv2b_egs_none_no_lng_refbrent,2035-11-22,8,Battery charging (net),0.0
nlv2b_egs_none_no_lng_refbrent,2035-11-22,8,Curtailed solar & wind,0.0
nlv2b_egs_none_no_lng_refbrent,2035-11-22,8,EV charging,-11.9
nlv2b_egs_none_no_lng_refbrent,2035-11-22,8,Hydrogen production,-0.0
nlv2b_egs_none_no_lng_refbrent,2035-11-22,8,Demand,803.3
nlv2b_egs_none_no_lng_refbrent,2035-11-22,10,Geothermal,0.0
nlv2b_egs_none_no_lng_refbrent,2035-11-22,10,Waste-to-energy,42.8
nlv2b_egs_none_no_lng_refbrent,2035-11-22,10,Thermal (oil/LNG),503.0
nlv2b_egs_none_no_lng_refbrent,2035-11-22,10,Wind,3.1
nlv2b_egs_none_no_lng_refbrent,2035-11-22,10,Utility solar,260.6
nlv2b_egs_none_no_lng_refbrent,2035-11-22,10,Rooftop solar,0.0
nlv2b_egs_none_no_lng_refbrent,2035-11-22,10,Battery discharge (net),0.0
nlv2b_egs_none_no_lng_refbrent,2035-11-22,10,Battery charging (net),-87.6
nlv2b_egs_none_no_lng_refbrent,2035-11-22,10,Curtailed solar & wind,0.0
nlv2b_egs_none_no_lng_refbrent,2035-11-22,10,EV charging,-20.4
nlv2b_egs_none_no_lng_refbrent,2035-11-22,10,Hydrogen production,-0.0
nlv2b_egs_none_no_lng_refbrent,2035-11-22,10,Demand,701.5
nlv2b_egs_none_no_lng_refbrent,2035-11-22,12,Geothermal,0.0
nlv2b_egs_none_no_lng_refbrent,2035-11-22,12,Waste-to-energy,42.8
nlv2b_egs_none_no_lng_refbrent,2035-11-22,12,Thermal (oil/LNG),486.2
nlv2b_egs_none_no_lng_refbrent,2035-11-22,12,Wind,3.1
nlv2b_egs_none_no_lng_refbrent,2035-11-22,12,Utility solar,512.3
nlv2b_egs_none_no_lng_refbrent,2035-11-22,12,Rooftop solar,0.0
nlv2b_egs_none_no_lng_refbrent,2035-11-22,12,Battery discharge (net),0.0
nlv2b_egs_none_no_lng_refbrent,2035-11-22,12,Battery charging (net),-272.4
nlv2b_egs_none_no_lng_refbrent,2035-11-22,12,Curtailed solar & wind,0.0
nlv2b_egs_none_no_lng_refbrent,2035-11-22,12,EV charging,-155.8
nlv2b_egs_none_no_lng_refbrent,2035-11-22,12,Hydrogen production,-0.0
nlv2b_egs_none_no_lng_refbrent,2035-11-22,12,Demand,616.2
nlv2b_egs_none_no_lng_refbrent,2035-11-22,14,Geothermal,0.0
nlv2b_egs_none_no_lng_refbrent,2035-11-22,14,Waste-to-energy,42.8
nlv2b_egs_none_no_lng_refbrent,2035-11-22,14,Thermal (oil/LNG),505.4
nlv2b_egs_none_no_lng_refbrent,2035-11-22,14,Wind,8.5
nlv2b_egs_none_no_lng_refbrent,2035-11-22,14,Utility solar,488.8
nlv2b_egs_none_no_lng_refbrent,2035-11-22,14,Rooftop solar,0.0
nlv2b_egs_none_no_lng_refbrent,2035-11-22,14,Battery discharge (net),0.0
nlv2b_egs_none_no_lng_refbrent,2035-11-22,14,Battery charging (net),-283.9
nlv2b_egs_none_no_lng_refbrent,2035-11-22,14,Curtailed solar & wind,0.0
nlv2b_egs_none_no_lng_refbrent,2035-11-22,14,EV charging,-146.8
nlv2b_egs_none_no_lng_refbrent,2035-11-22,14,Hydrogen production,-0.0
nlv2b_egs_none_no_lng_refbrent,2035-11-22,14,Demand,614.8
nlv2b_egs_none_no_lng_refbrent,2035-11-22,16,Geothermal,0.0
nlv2b_egs_none_no_lng_refbrent,2035-11-22,16,Waste-to-energy,42.8
nlv2b_egs_none_no_lng_refbrent,2035-11-22,16,Thermal (oil/LNG),505.4
nlv2b_egs_none_no_lng_refbrent,2035-11-22,16,Wind,15.5
nlv2b_egs_none_no_lng_refbrent,2035-11-22,16,Utility solar,373.8
nlv2b_egs_none_no_lng_refbrent,2035-11-22,16,Rooftop solar,0.0
nlv2b_egs_none_no_lng_refbrent,2035-11-22,16,Battery discharge (net),0.0
nlv2b_egs_none_no_lng_refbrent,2035-11-22,16,Battery charging (net),-32.7
nlv2b_egs_none_no_lng_refbrent,2035-11-22,16,Curtailed solar & wind,0.0
nlv2b_egs_none_no_lng_refbrent,2035-11-22,16,EV charging,-30.7
nlv2b_egs_none_no_lng_refbrent,2035-11-22,16,Hydrogen production,-0.0
nlv2b_egs_none_no_lng_refbrent,2035-11-22,16,Demand,874.2
nlv2b_egs_none_no_lng_refbrent,2035-11-22,18,Geothermal,0.0
nlv2b_egs_none_no_lng_refbrent,2035-11-22,18,Waste-to-energy,42.8
nlv2b_egs_none_no_lng_refbrent,2035-11-22,18,Thermal (oil/LNG),674.2
nlv2b_egs_none_no_lng_refbrent,2035-11-22,18,Wind,30.6
nlv2b_egs_none_no_lng_refbrent,2035-11-22,18,Utility solar,0.0
nlv2b_egs_none_no_lng_refbrent,2035-11-22,18,Rooftop solar,0.0
nlv2b_egs_none_no_lng_refbrent,2035-11-22,18,Battery discharge (net),341.9
nlv2b_egs_none_no_lng_refbrent,2035-11-22,18,Battery charging (net),0.0
nlv2b_egs_none_no_lng_refbrent,2035-11-22,18,Curtailed solar & wind,0.0
nlv2b_egs_none_no_lng_refbrent,2035-11-22,18,EV charging,-49.4
nlv2b_egs_none_no_lng_refbrent,2035-11-22,18,Hydrogen production,-0.0
nlv2b_egs_none_no_lng_refbrent,2035-11-22,18,Demand,1040.1
nlv2b_egs_none_no_lng_refbrent,2035-11-22,20,Geothermal,0.0
nlv2b_egs_none_no_lng_refbrent,2035-11-22,20,Waste-to-energy,42.8
nlv2b_egs_none_no_lng_refbrent,2035-11-22,20,Thermal (oil/LNG),674.2
nlv2b_egs_none_no_lng_refbrent,2035-11-22,20,Wind,37.5
nlv2b_egs_none_no_lng_refbrent,2035-11-22,20,Utility solar,0.0
nlv2b_egs_none_no_lng_refbrent,2035-11-22,20,Rooftop solar,0.0
nlv2b_egs_none_no_lng_refbrent,2035-11-22,20,Battery discharge (net),181.9
nlv2b_egs_none_no_lng_refbrent,2035-11-22,20,Battery charging (net),0.0
nlv2b_egs_none_no_lng_refbrent,2035-11-22,20,Curtailed solar & wind,0.0
nlv2b_egs_none_no_lng_refbrent,2035-11-22,20,EV charging,-45.8
nlv2b_egs_none_no_lng_refbrent,2035-11-22,20,Hydrogen production,-0.0
nlv2b_egs_none_no_lng_refbrent,2035-11-22,20,Demand,890.6
nlv2b_egs_none_no_lng_refbrent,2035-11-22,22,Geothermal,0.0
nlv2b_egs_none_no_lng_refbrent,2035-11-22,22,Waste-to-energy,42.8
nlv2b_egs_none_no_lng_refbrent,2035-11-22,22,Thermal (oil/LNG),674.2
nlv2b_egs_none_no_lng_refbrent,2035-11-22,22,Wind,3.0
nlv2b_egs_none_no_lng_refbrent,2035-11-22,22,Utility solar,0.0
nlv2b_egs_none_no_lng_refbrent,2035-11-22,22,Rooftop solar,0.0
nlv2b_egs_none_no_lng_refbrent,2035-11-22,22,Battery discharge (net),40.8
nlv2b_egs_none_no_lng_refbrent,2035-11-22,22,Battery charging (net),0.0
nlv2b_egs_none_no_lng_refbrent,2035-11-22,22,Curtailed solar & wind,0.0
nlv2b_egs_none_no_lng_refbrent,2035-11-22,22,EV charging,-11.5
nlv2b_egs_none_no_lng_refbrent,2035-11-22,22,Hydrogen production,-0.0
nlv2b_egs_none_no_lng_refbrent,2035-11-22,22,Demand,749.4
nlv2b_be_pv15_C4_NOTHERMAL_refbrent,2035-08-18,0,Geothermal,93.1
nlv2b_be_pv15_C4_NOTHERMAL_refbrent,2035-08-18,0,Waste-to-energy,42.8
nlv2b_be_pv15_C4_NOTHERMAL_refbrent,2035-08-18,0,Thermal (oil/LNG),220.1
nlv2b_be_pv15_C4_NOTHERMAL_refbrent,2035-08-18,0,Wind,46.2
nlv2b_be_pv15_C4_NOTHERMAL_refbrent,2035-08-18,0,Utility solar,0.0
nlv2b_be_pv15_C4_NOTHERMAL_refbrent,2035-08-18,0,Rooftop solar,0.0
nlv2b_be_pv15_C4_NOTHERMAL_refbrent,2035-08-18,0,Battery discharge (net),300.3
nlv2b_be_pv15_C4_NOTHERMAL_refbrent,2035-08-18,0,Battery charging (net),0.0
nlv2b_be_pv15_C4_NOTHERMAL_refbrent,2035-08-18,0,Curtailed solar & wind,0.0
nlv2b_be_pv15_C4_NOTHERMAL_refbrent,2035-08-18,0,EV charging,-8.8
nlv2b_be_pv15_C4_NOTHERMAL_refbrent,2035-08-18,0,Hydrogen production,-0.0
nlv2b_be_pv15_C4_NOTHERMAL_refbrent,2035-08-18,0,Demand,693.8
nlv2b_be_pv15_C4_NOTHERMAL_refbrent,2035-08-18,2,Geothermal,93.1
nlv2b_be_pv15_C4_NOTHERMAL_refbrent,2035-08-18,2,Waste-to-energy,42.8
nlv2b_be_pv15_C4_NOTHERMAL_refbrent,2035-08-18,2,Thermal (oil/LNG),198.1
nlv2b_be_pv15_C4_NOTHERMAL_refbrent,2035-08-18,2,Wind,42.4
nlv2b_be_pv15_C4_NOTHERMAL_refbrent,2035-08-18,2,Utility solar,0.0
nlv2b_be_pv15_C4_NOTHERMAL_refbrent,2035-08-18,2,Rooftop solar,0.0
nlv2b_be_pv15_C4_NOTHERMAL_refbrent,2035-08-18,2,Battery discharge (net),269.4
nlv2b_be_pv15_C4_NOTHERMAL_refbrent,2035-08-18,2,Battery charging (net),0.0
nlv2b_be_pv15_C4_NOTHERMAL_refbrent,2035-08-18,2,Curtailed solar & wind,0.0
nlv2b_be_pv15_C4_NOTHERMAL_refbrent,2035-08-18,2,EV charging,-6.4
nlv2b_be_pv15_C4_NOTHERMAL_refbrent,2035-08-18,2,Hydrogen production,-0.0
nlv2b_be_pv15_C4_NOTHERMAL_refbrent,2035-08-18,2,Demand,639.5
nlv2b_be_pv15_C4_NOTHERMAL_refbrent,2035-08-18,4,Geothermal,93.1
nlv2b_be_pv15_C4_NOTHERMAL_refbrent,2035-08-18,4,Waste-to-energy,42.8
nlv2b_be_pv15_C4_NOTHERMAL_refbrent,2035-08-18,4,Thermal (oil/LNG),113.1
nlv2b_be_pv15_C4_NOTHERMAL_refbrent,2035-08-18,4,Wind,18.4
nlv2b_be_pv15_C4_NOTHERMAL_refbrent,2035-08-18,4,Utility solar,0.0
nlv2b_be_pv15_C4_NOTHERMAL_refbrent,2035-08-18,4,Rooftop solar,0.0
nlv2b_be_pv15_C4_NOTHERMAL_refbrent,2035-08-18,4,Battery discharge (net),448.5
nlv2b_be_pv15_C4_NOTHERMAL_refbrent,2035-08-18,4,Battery charging (net),0.0
nlv2b_be_pv15_C4_NOTHERMAL_refbrent,2035-08-18,4,Curtailed solar & wind,0.0
nlv2b_be_pv15_C4_NOTHERMAL_refbrent,2035-08-18,4,EV charging,-6.4
nlv2b_be_pv15_C4_NOTHERMAL_refbrent,2035-08-18,4,Hydrogen production,-0.0
nlv2b_be_pv15_C4_NOTHERMAL_refbrent,2035-08-18,4,Demand,709.5
nlv2b_be_pv15_C4_NOTHERMAL_refbrent,2035-08-18,6,Geothermal,93.1
nlv2b_be_pv15_C4_NOTHERMAL_refbrent,2035-08-18,6,Waste-to-energy,42.8
nlv2b_be_pv15_C4_NOTHERMAL_refbrent,2035-08-18,6,Thermal (oil/LNG),113.1
nlv2b_be_pv15_C4_NOTHERMAL_refbrent,2035-08-18,6,Wind,27.0
nlv2b_be_pv15_C4_NOTHERMAL_refbrent,2035-08-18,6,Utility solar,39.2
nlv2b_be_pv15_C4_NOTHERMAL_refbrent,2035-08-18,6,Rooftop solar,0.0
nlv2b_be_pv15_C4_NOTHERMAL_refbrent,2035-08-18,6,Battery discharge (net),667.7
nlv2b_be_pv15_C4_NOTHERMAL_refbrent,2035-08-18,6,Battery charging (net),0.0
nlv2b_be_pv15_C4_NOTHERMAL_refbrent,2035-08-18,6,Curtailed solar & wind,0.0
nlv2b_be_pv15_C4_NOTHERMAL_refbrent,2035-08-18,6,EV charging,-7.8
nlv2b_be_pv15_C4_NOTHERMAL_refbrent,2035-08-18,6,Hydrogen production,-0.0
nlv2b_be_pv15_C4_NOTHERMAL_refbrent,2035-08-18,6,Demand,975.1
nlv2b_be_pv15_C4_NOTHERMAL_refbrent,2035-08-18,8,Geothermal,93.1
nlv2b_be_pv15_C4_NOTHERMAL_refbrent,2035-08-18,8,Waste-to-energy,42.8
nlv2b_be_pv15_C4_NOTHERMAL_refbrent,2035-08-18,8,Thermal (oil/LNG),103.1
nlv2b_be_pv15_C4_NOTHERMAL_refbrent,2035-08-18,8,Wind,23.8
nlv2b_be_pv15_C4_NOTHERMAL_refbrent,2035-08-18,8,Utility solar,1709.8
nlv2b_be_pv15_C4_NOTHERMAL_refbrent,2035-08-18,8,Rooftop solar,0.0
nlv2b_be_pv15_C4_NOTHERMAL_refbrent,2035-08-18,8,Battery discharge (net),0.0
nlv2b_be_pv15_C4_NOTHERMAL_refbrent,2035-08-18,8,Battery charging (net),-992.6
nlv2b_be_pv15_C4_NOTHERMAL_refbrent,2035-08-18,8,Curtailed solar & wind,0.0
nlv2b_be_pv15_C4_NOTHERMAL_refbrent,2035-08-18,8,EV charging,-68.7
nlv2b_be_pv15_C4_NOTHERMAL_refbrent,2035-08-18,8,Hydrogen production,-0.0
nlv2b_be_pv15_C4_NOTHERMAL_refbrent,2035-08-18,8,Demand,911.2
nlv2b_be_pv15_C4_NOTHERMAL_refbrent,2035-08-18,10,Geothermal,93.1
nlv2b_be_pv15_C4_NOTHERMAL_refbrent,2035-08-18,10,Waste-to-energy,42.8
nlv2b_be_pv15_C4_NOTHERMAL_refbrent,2035-08-18,10,Thermal (oil/LNG),113.1
nlv2b_be_pv15_C4_NOTHERMAL_refbrent,2035-08-18,10,Wind,29.7
nlv2b_be_pv15_C4_NOTHERMAL_refbrent,2035-08-18,10,Utility solar,1407.4
nlv2b_be_pv15_C4_NOTHERMAL_refbrent,2035-08-18,10,Rooftop solar,0.0
nlv2b_be_pv15_C4_NOTHERMAL_refbrent,2035-08-18,10,Battery discharge (net),0.0
nlv2b_be_pv15_C4_NOTHERMAL_refbrent,2035-08-18,10,Battery charging (net),-773.2
nlv2b_be_pv15_C4_NOTHERMAL_refbrent,2035-08-18,10,Curtailed solar & wind,0.0
nlv2b_be_pv15_C4_NOTHERMAL_refbrent,2035-08-18,10,EV charging,-20.4
nlv2b_be_pv15_C4_NOTHERMAL_refbrent,2035-08-18,10,Hydrogen production,-0.0
nlv2b_be_pv15_C4_NOTHERMAL_refbrent,2035-08-18,10,Demand,892.6
nlv2b_be_pv15_C4_NOTHERMAL_refbrent,2035-08-18,12,Geothermal,93.1
nlv2b_be_pv15_C4_NOTHERMAL_refbrent,2035-08-18,12,Waste-to-energy,42.8
nlv2b_be_pv15_C4_NOTHERMAL_refbrent,2035-08-18,12,Thermal (oil/LNG),103.1
nlv2b_be_pv15_C4_NOTHERMAL_refbrent,2035-08-18,12,Wind,28.8
nlv2b_be_pv15_C4_NOTHERMAL_refbrent,2035-08-18,12,Utility solar,1590.1
nlv2b_be_pv15_C4_NOTHERMAL_refbrent,2035-08-18,12,Rooftop solar,0.0
nlv2b_be_pv15_C4_NOTHERMAL_refbrent,2035-08-18,12,Battery discharge (net),0.0
nlv2b_be_pv15_C4_NOTHERMAL_refbrent,2035-08-18,12,Battery charging (net),-992.6
nlv2b_be_pv15_C4_NOTHERMAL_refbrent,2035-08-18,12,Curtailed solar & wind,0.0
nlv2b_be_pv15_C4_NOTHERMAL_refbrent,2035-08-18,12,EV charging,-102.3
nlv2b_be_pv15_C4_NOTHERMAL_refbrent,2035-08-18,12,Hydrogen production,-0.0
nlv2b_be_pv15_C4_NOTHERMAL_refbrent,2035-08-18,12,Demand,763.0
nlv2b_be_pv15_C4_NOTHERMAL_refbrent,2035-08-18,14,Geothermal,93.1
nlv2b_be_pv15_C4_NOTHERMAL_refbrent,2035-08-18,14,Waste-to-energy,42.8
nlv2b_be_pv15_C4_NOTHERMAL_refbrent,2035-08-18,14,Thermal (oil/LNG),103.1
nlv2b_be_pv15_C4_NOTHERMAL_refbrent,2035-08-18,14,Wind,26.1
nlv2b_be_pv15_C4_NOTHERMAL_refbrent,2035-08-18,14,Utility solar,1711.8
nlv2b_be_pv15_C4_NOTHERMAL_refbrent,2035-08-18,14,Rooftop solar,0.0
nlv2b_be_pv15_C4_NOTHERMAL_refbrent,2035-08-18,14,Battery discharge (net),0.0
nlv2b_be_pv15_C4_NOTHERMAL_refbrent,2035-08-18,14,Battery charging (net),-992.6
nlv2b_be_pv15_C4_NOTHERMAL_refbrent,2035-08-18,14,Curtailed solar & wind,0.0
nlv2b_be_pv15_C4_NOTHERMAL_refbrent,2035-08-18,14,EV charging,-143.5
nlv2b_be_pv15_C4_NOTHERMAL_refbrent,2035-08-18,14,Hydrogen production,-0.0
nlv2b_be_pv15_C4_NOTHERMAL_refbrent,2035-08-18,14,Demand,840.7
nlv2b_be_pv15_C4_NOTHERMAL_refbrent,2035-08-18,16,Geothermal,93.1
nlv2b_be_pv15_C4_NOTHERMAL_refbrent,2035-08-18,16,Waste-to-energy,42.8
nlv2b_be_pv15_C4_NOTHERMAL_refbrent,2035-08-18,16,Thermal (oil/LNG),113.1
nlv2b_be_pv15_C4_NOTHERMAL_refbrent,2035-08-18,16,Wind,34.2
nlv2b_be_pv15_C4_NOTHERMAL_refbrent,2035-08-18,16,Utility solar,1424.0
nlv2b_be_pv15_C4_NOTHERMAL_refbrent,2035-08-18,16,Rooftop solar,0.0
nlv2b_be_pv15_C4_NOTHERMAL_refbrent,2035-08-18,16,Battery discharge (net),0.0
nlv2b_be_pv15_C4_NOTHERMAL_refbrent,2035-08-18,16,Battery charging (net),-627.9
nlv2b_be_pv15_C4_NOTHERMAL_refbrent,2035-08-18,16,Curtailed solar & wind,0.0
nlv2b_be_pv15_C4_NOTHERMAL_refbrent,2035-08-18,16,EV charging,-30.7
nlv2b_be_pv15_C4_NOTHERMAL_refbrent,2035-08-18,16,Hydrogen production,-0.0
nlv2b_be_pv15_C4_NOTHERMAL_refbrent,2035-08-18,16,Demand,1048.7
nlv2b_be_pv15_C4_NOTHERMAL_refbrent,2035-08-18,18,Geothermal,93.1
nlv2b_be_pv15_C4_NOTHERMAL_refbrent,2035-08-18,18,Waste-to-energy,42.8
nlv2b_be_pv15_C4_NOTHERMAL_refbrent,2035-08-18,18,Thermal (oil/LNG),113.1
nlv2b_be_pv15_C4_NOTHERMAL_refbrent,2035-08-18,18,Wind,43.8
nlv2b_be_pv15_C4_NOTHERMAL_refbrent,2035-08-18,18,Utility solar,132.3
nlv2b_be_pv15_C4_NOTHERMAL_refbrent,2035-08-18,18,Rooftop solar,0.0
nlv2b_be_pv15_C4_NOTHERMAL_refbrent,2035-08-18,18,Battery discharge (net),785.2
nlv2b_be_pv15_C4_NOTHERMAL_refbrent,2035-08-18,18,Battery charging (net),0.0
nlv2b_be_pv15_C4_NOTHERMAL_refbrent,2035-08-18,18,Curtailed solar & wind,0.0
nlv2b_be_pv15_C4_NOTHERMAL_refbrent,2035-08-18,18,EV charging,-49.4
nlv2b_be_pv15_C4_NOTHERMAL_refbrent,2035-08-18,18,Hydrogen production,-0.0
nlv2b_be_pv15_C4_NOTHERMAL_refbrent,2035-08-18,18,Demand,1160.9
nlv2b_be_pv15_C4_NOTHERMAL_refbrent,2035-08-18,20,Geothermal,93.1
nlv2b_be_pv15_C4_NOTHERMAL_refbrent,2035-08-18,20,Waste-to-energy,42.8
nlv2b_be_pv15_C4_NOTHERMAL_refbrent,2035-08-18,20,Thermal (oil/LNG),113.1
nlv2b_be_pv15_C4_NOTHERMAL_refbrent,2035-08-18,20,Wind,29.6
nlv2b_be_pv15_C4_NOTHERMAL_refbrent,2035-08-18,20,Utility solar,0.0
nlv2b_be_pv15_C4_NOTHERMAL_refbrent,2035-08-18,20,Rooftop solar,0.0
nlv2b_be_pv15_C4_NOTHERMAL_refbrent,2035-08-18,20,Battery discharge (net),880.9
nlv2b_be_pv15_C4_NOTHERMAL_refbrent,2035-08-18,20,Battery charging (net),0.0
nlv2b_be_pv15_C4_NOTHERMAL_refbrent,2035-08-18,20,Curtailed solar & wind,0.0
nlv2b_be_pv15_C4_NOTHERMAL_refbrent,2035-08-18,20,EV charging,-45.8
nlv2b_be_pv15_C4_NOTHERMAL_refbrent,2035-08-18,20,Hydrogen production,-0.0
nlv2b_be_pv15_C4_NOTHERMAL_refbrent,2035-08-18,20,Demand,1113.7
nlv2b_be_pv15_C4_NOTHERMAL_refbrent,2035-08-18,22,Geothermal,93.1
nlv2b_be_pv15_C4_NOTHERMAL_refbrent,2035-08-18,22,Waste-to-energy,42.8
nlv2b_be_pv15_C4_NOTHERMAL_refbrent,2035-08-18,22,Thermal (oil/LNG),113.1
nlv2b_be_pv15_C4_NOTHERMAL_refbrent,2035-08-18,22,Wind,28.7
nlv2b_be_pv15_C4_NOTHERMAL_refbrent,2035-08-18,22,Utility solar,0.0
nlv2b_be_pv15_C4_NOTHERMAL_refbrent,2035-08-18,22,Rooftop solar,0.0
nlv2b_be_pv15_C4_NOTHERMAL_refbrent,2035-08-18,22,Battery discharge (net),588.9
nlv2b_be_pv15_C4_NOTHERMAL_refbrent,2035-08-18,22,Battery charging (net),0.0
nlv2b_be_pv15_C4_NOTHERMAL_refbrent,2035-08-18,22,Curtailed solar & wind,0.0
nlv2b_be_pv15_C4_NOTHERMAL_refbrent,2035-08-18,22,EV charging,-11.5
nlv2b_be_pv15_C4_NOTHERMAL_refbrent,2035-08-18,22,Hydrogen production,-0.0
nlv2b_be_pv15_C4_NOTHERMAL_refbrent,2035-08-18,22,Demand,855.1
nlv2b_be_pv15_C4_NOTHERMAL_refbrent,2035-11-22,0,Geothermal,93.1
nlv2b_be_pv15_C4_NOTHERMAL_refbrent,2035-11-22,0,Waste-to-energy,42.8
nlv2b_be_pv15_C4_NOTHERMAL_refbrent,2035-11-22,0,Thermal (oil/LNG),521.2
nlv2b_be_pv15_C4_NOTHERMAL_refbrent,2035-11-22,0,Wind,16.9
nlv2b_be_pv15_C4_NOTHERMAL_refbrent,2035-11-22,0,Utility solar,0.0
nlv2b_be_pv15_C4_NOTHERMAL_refbrent,2035-11-22,0,Rooftop solar,0.0
nlv2b_be_pv15_C4_NOTHERMAL_refbrent,2035-11-22,0,Battery discharge (net),0.0
nlv2b_be_pv15_C4_NOTHERMAL_refbrent,2035-11-22,0,Battery charging (net),0.0
nlv2b_be_pv15_C4_NOTHERMAL_refbrent,2035-11-22,0,Curtailed solar & wind,0.0
nlv2b_be_pv15_C4_NOTHERMAL_refbrent,2035-11-22,0,EV charging,-32.0
nlv2b_be_pv15_C4_NOTHERMAL_refbrent,2035-11-22,0,Hydrogen production,-0.0
nlv2b_be_pv15_C4_NOTHERMAL_refbrent,2035-11-22,0,Demand,642.1
nlv2b_be_pv15_C4_NOTHERMAL_refbrent,2035-11-22,2,Geothermal,93.1
nlv2b_be_pv15_C4_NOTHERMAL_refbrent,2035-11-22,2,Waste-to-energy,42.8
nlv2b_be_pv15_C4_NOTHERMAL_refbrent,2035-11-22,2,Thermal (oil/LNG),531.4
nlv2b_be_pv15_C4_NOTHERMAL_refbrent,2035-11-22,2,Wind,1.8
nlv2b_be_pv15_C4_NOTHERMAL_refbrent,2035-11-22,2,Utility solar,0.0
nlv2b_be_pv15_C4_NOTHERMAL_refbrent,2035-11-22,2,Rooftop solar,0.0
nlv2b_be_pv15_C4_NOTHERMAL_refbrent,2035-11-22,2,Battery discharge (net),0.0
nlv2b_be_pv15_C4_NOTHERMAL_refbrent,2035-11-22,2,Battery charging (net),-94.8
nlv2b_be_pv15_C4_NOTHERMAL_refbrent,2035-11-22,2,Curtailed solar & wind,0.0
nlv2b_be_pv15_C4_NOTHERMAL_refbrent,2035-11-22,2,EV charging,-6.4
nlv2b_be_pv15_C4_NOTHERMAL_refbrent,2035-11-22,2,Hydrogen production,-0.0
nlv2b_be_pv15_C4_NOTHERMAL_refbrent,2035-11-22,2,Demand,567.9
nlv2b_be_pv15_C4_NOTHERMAL_refbrent,2035-11-22,4,Geothermal,93.1
nlv2b_be_pv15_C4_NOTHERMAL_refbrent,2035-11-22,4,Waste-to-energy,42.8
nlv2b_be_pv15_C4_NOTHERMAL_refbrent,2035-11-22,4,Thermal (oil/LNG),533.0
nlv2b_be_pv15_C4_NOTHERMAL_refbrent,2035-11-22,4,Wind,0.0
nlv2b_be_pv15_C4_NOTHERMAL_refbrent,2035-11-22,4,Utility solar,0.0
nlv2b_be_pv15_C4_NOTHERMAL_refbrent,2035-11-22,4,Rooftop solar,0.0
nlv2b_be_pv15_C4_NOTHERMAL_refbrent,2035-11-22,4,Battery discharge (net),0.0
nlv2b_be_pv15_C4_NOTHERMAL_refbrent,2035-11-22,4,Battery charging (net),-68.9
nlv2b_be_pv15_C4_NOTHERMAL_refbrent,2035-11-22,4,Curtailed solar & wind,0.0
nlv2b_be_pv15_C4_NOTHERMAL_refbrent,2035-11-22,4,EV charging,-6.4
nlv2b_be_pv15_C4_NOTHERMAL_refbrent,2035-11-22,4,Hydrogen production,-0.0
nlv2b_be_pv15_C4_NOTHERMAL_refbrent,2035-11-22,4,Demand,593.6
nlv2b_be_pv15_C4_NOTHERMAL_refbrent,2035-11-22,6,Geothermal,93.1
nlv2b_be_pv15_C4_NOTHERMAL_refbrent,2035-11-22,6,Waste-to-energy,42.8
nlv2b_be_pv15_C4_NOTHERMAL_refbrent,2035-11-22,6,Thermal (oil/LNG),545.5
nlv2b_be_pv15_C4_NOTHERMAL_refbrent,2035-11-22,6,Wind,1.3
nlv2b_be_pv15_C4_NOTHERMAL_refbrent,2035-11-22,6,Utility solar,0.0
nlv2b_be_pv15_C4_NOTHERMAL_refbrent,2035-11-22,6,Rooftop solar,0.0
nlv2b_be_pv15_C4_NOTHERMAL_refbrent,2035-11-22,6,Battery discharge (net),66.2
nlv2b_be_pv15_C4_NOTHERMAL_refbrent,2035-11-22,6,Battery charging (net),0.0
nlv2b_be_pv15_C4_NOTHERMAL_refbrent,2035-11-22,6,Curtailed solar & wind,0.0
nlv2b_be_pv15_C4_NOTHERMAL_refbrent,2035-11-22,6,EV charging,-7.8
nlv2b_be_pv15_C4_NOTHERMAL_refbrent,2035-11-22,6,Hydrogen production,-0.0
nlv2b_be_pv15_C4_NOTHERMAL_refbrent,2035-11-22,6,Demand,741.2
nlv2b_be_pv15_C4_NOTHERMAL_refbrent,2035-11-22,8,Geothermal,93.1
nlv2b_be_pv15_C4_NOTHERMAL_refbrent,2035-11-22,8,Waste-to-energy,42.8
nlv2b_be_pv15_C4_NOTHERMAL_refbrent,2035-11-22,8,Thermal (oil/LNG),545.5
nlv2b_be_pv15_C4_NOTHERMAL_refbrent,2035-11-22,8,Wind,7.7
nlv2b_be_pv15_C4_NOTHERMAL_refbrent,2035-11-22,8,Utility solar,44.9
nlv2b_be_pv15_C4_NOTHERMAL_refbrent,2035-11-22,8,Rooftop solar,0.0
nlv2b_be_pv15_C4_NOTHERMAL_refbrent,2035-11-22,8,Battery discharge (net),81.2
nlv2b_be_pv15_C4_NOTHERMAL_refbrent,2035-11-22,8,Battery charging (net),0.0
nlv2b_be_pv15_C4_NOTHERMAL_refbrent,2035-11-22,8,Curtailed solar & wind,0.0
nlv2b_be_pv15_C4_NOTHERMAL_refbrent,2035-11-22,8,EV charging,-11.9
nlv2b_be_pv15_C4_NOTHERMAL_refbrent,2035-11-22,8,Hydrogen production,-0.0
nlv2b_be_pv15_C4_NOTHERMAL_refbrent,2035-11-22,8,Demand,803.3
nlv2b_be_pv15_C4_NOTHERMAL_refbrent,2035-11-22,10,Geothermal,93.1
nlv2b_be_pv15_C4_NOTHERMAL_refbrent,2035-11-22,10,Waste-to-energy,42.8
nlv2b_be_pv15_C4_NOTHERMAL_refbrent,2035-11-22,10,Thermal (oil/LNG),521.2
nlv2b_be_pv15_C4_NOTHERMAL_refbrent,2035-11-22,10,Wind,3.1
nlv2b_be_pv15_C4_NOTHERMAL_refbrent,2035-11-22,10,Utility solar,186.8
nlv2b_be_pv15_C4_NOTHERMAL_refbrent,2035-11-22,10,Rooftop solar,0.0
nlv2b_be_pv15_C4_NOTHERMAL_refbrent,2035-11-22,10,Battery discharge (net),0.0
nlv2b_be_pv15_C4_NOTHERMAL_refbrent,2035-11-22,10,Battery charging (net),-125.0
nlv2b_be_pv15_C4_NOTHERMAL_refbrent,2035-11-22,10,Curtailed solar & wind,0.0
nlv2b_be_pv15_C4_NOTHERMAL_refbrent,2035-11-22,10,EV charging,-20.4
nlv2b_be_pv15_C4_NOTHERMAL_refbrent,2035-11-22,10,Hydrogen production,-0.0
nlv2b_be_pv15_C4_NOTHERMAL_refbrent,2035-11-22,10,Demand,701.5
nlv2b_be_pv15_C4_NOTHERMAL_refbrent,2035-11-22,12,Geothermal,93.1
nlv2b_be_pv15_C4_NOTHERMAL_refbrent,2035-11-22,12,Waste-to-energy,42.8
nlv2b_be_pv15_C4_NOTHERMAL_refbrent,2035-11-22,12,Thermal (oil/LNG),530.4
nlv2b_be_pv15_C4_NOTHERMAL_refbrent,2035-11-22,12,Wind,3.1
nlv2b_be_pv15_C4_NOTHERMAL_refbrent,2035-11-22,12,Utility solar,363.5
nlv2b_be_pv15_C4_NOTHERMAL_refbrent,2035-11-22,12,Rooftop solar,0.0
nlv2b_be_pv15_C4_NOTHERMAL_refbrent,2035-11-22,12,Battery discharge (net),0.0
nlv2b_be_pv15_C4_NOTHERMAL_refbrent,2035-11-22,12,Battery charging (net),-165.6
nlv2b_be_pv15_C4_NOTHERMAL_refbrent,2035-11-22,12,Curtailed solar & wind,0.0
nlv2b_be_pv15_C4_NOTHERMAL_refbrent,2035-11-22,12,EV charging,-251.0
nlv2b_be_pv15_C4_NOTHERMAL_refbrent,2035-11-22,12,Hydrogen production,-0.0
nlv2b_be_pv15_C4_NOTHERMAL_refbrent,2035-11-22,12,Demand,616.2
nlv2b_be_pv15_C4_NOTHERMAL_refbrent,2035-11-22,14,Geothermal,93.1
nlv2b_be_pv15_C4_NOTHERMAL_refbrent,2035-11-22,14,Waste-to-energy,42.8
nlv2b_be_pv15_C4_NOTHERMAL_refbrent,2035-11-22,14,Thermal (oil/LNG),533.0
nlv2b_be_pv15_C4_NOTHERMAL_refbrent,2035-11-22,14,Wind,8.5
nlv2b_be_pv15_C4_NOTHERMAL_refbrent,2035-11-22,14,Utility solar,357.3
nlv2b_be_pv15_C4_NOTHERMAL_refbrent,2035-11-22,14,Rooftop solar,0.0
nlv2b_be_pv15_C4_NOTHERMAL_refbrent,2035-11-22,14,Battery discharge (net),0.0
nlv2b_be_pv15_C4_NOTHERMAL_refbrent,2035-11-22,14,Battery charging (net),-391.5
nlv2b_be_pv15_C4_NOTHERMAL_refbrent,2035-11-22,14,Curtailed solar & wind,0.0
nlv2b_be_pv15_C4_NOTHERMAL_refbrent,2035-11-22,14,EV charging,-28.5
nlv2b_be_pv15_C4_NOTHERMAL_refbrent,2035-11-22,14,Hydrogen production,-0.0
nlv2b_be_pv15_C4_NOTHERMAL_refbrent,2035-11-22,14,Demand,614.8
nlv2b_be_pv15_C4_NOTHERMAL_refbrent,2035-11-22,16,Geothermal,93.1
nlv2b_be_pv15_C4_NOTHERMAL_refbrent,2035-11-22,16,Waste-to-energy,42.8
nlv2b_be_pv15_C4_NOTHERMAL_refbrent,2035-11-22,16,Thermal (oil/LNG),533.0
nlv2b_be_pv15_C4_NOTHERMAL_refbrent,2035-11-22,16,Wind,15.5
nlv2b_be_pv15_C4_NOTHERMAL_refbrent,2035-11-22,16,Utility solar,284.3
nlv2b_be_pv15_C4_NOTHERMAL_refbrent,2035-11-22,16,Rooftop solar,0.0
nlv2b_be_pv15_C4_NOTHERMAL_refbrent,2035-11-22,16,Battery discharge (net),0.0
nlv2b_be_pv15_C4_NOTHERMAL_refbrent,2035-11-22,16,Battery charging (net),-63.9
nlv2b_be_pv15_C4_NOTHERMAL_refbrent,2035-11-22,16,Curtailed solar & wind,0.0
nlv2b_be_pv15_C4_NOTHERMAL_refbrent,2035-11-22,16,EV charging,-30.7
nlv2b_be_pv15_C4_NOTHERMAL_refbrent,2035-11-22,16,Hydrogen production,-0.0
nlv2b_be_pv15_C4_NOTHERMAL_refbrent,2035-11-22,16,Demand,874.2
nlv2b_be_pv15_C4_NOTHERMAL_refbrent,2035-11-22,18,Geothermal,93.1
nlv2b_be_pv15_C4_NOTHERMAL_refbrent,2035-11-22,18,Waste-to-energy,42.8
nlv2b_be_pv15_C4_NOTHERMAL_refbrent,2035-11-22,18,Thermal (oil/LNG),545.5
nlv2b_be_pv15_C4_NOTHERMAL_refbrent,2035-11-22,18,Wind,30.6
nlv2b_be_pv15_C4_NOTHERMAL_refbrent,2035-11-22,18,Utility solar,0.0
nlv2b_be_pv15_C4_NOTHERMAL_refbrent,2035-11-22,18,Rooftop solar,0.0
nlv2b_be_pv15_C4_NOTHERMAL_refbrent,2035-11-22,18,Battery discharge (net),377.5
nlv2b_be_pv15_C4_NOTHERMAL_refbrent,2035-11-22,18,Battery charging (net),0.0
nlv2b_be_pv15_C4_NOTHERMAL_refbrent,2035-11-22,18,Curtailed solar & wind,0.0
nlv2b_be_pv15_C4_NOTHERMAL_refbrent,2035-11-22,18,EV charging,-49.4
nlv2b_be_pv15_C4_NOTHERMAL_refbrent,2035-11-22,18,Hydrogen production,-0.0
nlv2b_be_pv15_C4_NOTHERMAL_refbrent,2035-11-22,18,Demand,1040.1
nlv2b_be_pv15_C4_NOTHERMAL_refbrent,2035-11-22,20,Geothermal,93.1
nlv2b_be_pv15_C4_NOTHERMAL_refbrent,2035-11-22,20,Waste-to-energy,42.8
nlv2b_be_pv15_C4_NOTHERMAL_refbrent,2035-11-22,20,Thermal (oil/LNG),545.5
nlv2b_be_pv15_C4_NOTHERMAL_refbrent,2035-11-22,20,Wind,37.5
nlv2b_be_pv15_C4_NOTHERMAL_refbrent,2035-11-22,20,Utility solar,0.0
nlv2b_be_pv15_C4_NOTHERMAL_refbrent,2035-11-22,20,Rooftop solar,0.0
nlv2b_be_pv15_C4_NOTHERMAL_refbrent,2035-11-22,20,Battery discharge (net),217.5
nlv2b_be_pv15_C4_NOTHERMAL_refbrent,2035-11-22,20,Battery charging (net),0.0
nlv2b_be_pv15_C4_NOTHERMAL_refbrent,2035-11-22,20,Curtailed solar & wind,0.0
nlv2b_be_pv15_C4_NOTHERMAL_refbrent,2035-11-22,20,EV charging,-45.8
nlv2b_be_pv15_C4_NOTHERMAL_refbrent,2035-11-22,20,Hydrogen production,-0.0
nlv2b_be_pv15_C4_NOTHERMAL_refbrent,2035-11-22,20,Demand,890.6
nlv2b_be_pv15_C4_NOTHERMAL_refbrent,2035-11-22,22,Geothermal,93.1
nlv2b_be_pv15_C4_NOTHERMAL_refbrent,2035-11-22,22,Waste-to-energy,42.8
nlv2b_be_pv15_C4_NOTHERMAL_refbrent,2035-11-22,22,Thermal (oil/LNG),545.5
nlv2b_be_pv15_C4_NOTHERMAL_refbrent,2035-11-22,22,Wind,3.0
nlv2b_be_pv15_C4_NOTHERMAL_refbrent,2035-11-22,22,Utility solar,0.0
nlv2b_be_pv15_C4_NOTHERMAL_refbrent,2035-11-22,22,Rooftop solar,0.0
nlv2b_be_pv15_C4_NOTHERMAL_refbrent,2035-11-22,22,Battery discharge (net),76.4
nlv2b_be_pv15_C4_NOTHERMAL_refbrent,2035-11-22,22,Battery charging (net),0.0
nlv2b_be_pv15_C4_NOTHERMAL_refbrent,2035-11-22,22,Curtailed solar & wind,0.0
nlv2b_be_pv15_C4_NOTHERMAL_refbrent,2035-11-22,22,EV charging,-11.5
nlv2b_be_pv15_C4_NOTHERMAL_refbrent,2035-11-22,22,Hydrogen production,-0.0
nlv2b_be_pv15_C4_NOTHERMAL_refbrent,2035-11-22,22,Demand,749.4
nlv2b_be_pv17_C4_NOTHERMAL_refbrent,2035-08-18,0,Geothermal,93.1
nlv2b_be_pv17_C4_NOTHERMAL_refbrent,2035-08-18,0,Waste-to-energy,42.8
nlv2b_be_pv17_C4_NOTHERMAL_refbrent,2035-08-18,0,Thermal (oil/LNG),198.1
nlv2b_be_pv17_C4_NOTHERMAL_refbrent,2035-08-18,0,Wind,46.2
nlv2b_be_pv17_C4_NOTHERMAL_refbrent,2035-08-18,0,Utility solar,0.0
nlv2b_be_pv17_C4_NOTHERMAL_refbrent,2035-08-18,0,Rooftop solar,0.0
nlv2b_be_pv17_C4_NOTHERMAL_refbrent,2035-08-18,0,Battery discharge (net),322.4
nlv2b_be_pv17_C4_NOTHERMAL_refbrent,2035-08-18,0,Battery charging (net),0.0
nlv2b_be_pv17_C4_NOTHERMAL_refbrent,2035-08-18,0,Curtailed solar & wind,0.0
nlv2b_be_pv17_C4_NOTHERMAL_refbrent,2035-08-18,0,EV charging,-8.8
nlv2b_be_pv17_C4_NOTHERMAL_refbrent,2035-08-18,0,Hydrogen production,-0.0
nlv2b_be_pv17_C4_NOTHERMAL_refbrent,2035-08-18,0,Demand,693.8
nlv2b_be_pv17_C4_NOTHERMAL_refbrent,2035-08-18,2,Geothermal,93.1
nlv2b_be_pv17_C4_NOTHERMAL_refbrent,2035-08-18,2,Waste-to-energy,42.8
nlv2b_be_pv17_C4_NOTHERMAL_refbrent,2035-08-18,2,Thermal (oil/LNG),225.6
nlv2b_be_pv17_C4_NOTHERMAL_refbrent,2035-08-18,2,Wind,42.4
nlv2b_be_pv17_C4_NOTHERMAL_refbrent,2035-08-18,2,Utility solar,0.0
nlv2b_be_pv17_C4_NOTHERMAL_refbrent,2035-08-18,2,Rooftop solar,0.0
nlv2b_be_pv17_C4_NOTHERMAL_refbrent,2035-08-18,2,Battery discharge (net),241.9
nlv2b_be_pv17_C4_NOTHERMAL_refbrent,2035-08-18,2,Battery charging (net),0.0
nlv2b_be_pv17_C4_NOTHERMAL_refbrent,2035-08-18,2,Curtailed solar & wind,0.0
nlv2b_be_pv17_C4_NOTHERMAL_refbrent,2035-08-18,2,EV charging,-6.4
nlv2b_be_pv17_C4_NOTHERMAL_refbrent,2035-08-18,2,Hydrogen production,-0.0
nlv2b_be_pv17_C4_NOTHERMAL_refbrent,2035-08-18,2,Demand,639.5
nlv2b_be_pv17_C4_NOTHERMAL_refbrent,2035-08-18,4,Geothermal,93.1
nlv2b_be_pv17_C4_NOTHERMAL_refbrent,2035-08-18,4,Waste-to-energy,42.8
nlv2b_be_pv17_C4_NOTHERMAL_refbrent,2035-08-18,4,Thermal (oil/LNG),248.1
nlv2b_be_pv17_C4_NOTHERMAL_refbrent,2035-08-18,4,Wind,18.4
nlv2b_be_pv17_C4_NOTHERMAL_refbrent,2035-08-18,4,Utility solar,0.0
nlv2b_be_pv17_C4_NOTHERMAL_refbrent,2035-08-18,4,Rooftop solar,0.0
nlv2b_be_pv17_C4_NOTHERMAL_refbrent,2035-08-18,4,Battery discharge (net),313.5
nlv2b_be_pv17_C4_NOTHERMAL_refbrent,2035-08-18,4,Battery charging (net),0.0
nlv2b_be_pv17_C4_NOTHERMAL_refbrent,2035-08-18,4,Curtailed solar & wind,0.0
nlv2b_be_pv17_C4_NOTHERMAL_refbrent,2035-08-18,4,EV charging,-6.4
nlv2b_be_pv17_C4_NOTHERMAL_refbrent,2035-08-18,4,Hydrogen production,-0.0
nlv2b_be_pv17_C4_NOTHERMAL_refbrent,2035-08-18,4,Demand,709.5
nlv2b_be_pv17_C4_NOTHERMAL_refbrent,2035-08-18,6,Geothermal,93.1
nlv2b_be_pv17_C4_NOTHERMAL_refbrent,2035-08-18,6,Waste-to-energy,42.8
nlv2b_be_pv17_C4_NOTHERMAL_refbrent,2035-08-18,6,Thermal (oil/LNG),198.1
nlv2b_be_pv17_C4_NOTHERMAL_refbrent,2035-08-18,6,Wind,27.0
nlv2b_be_pv17_C4_NOTHERMAL_refbrent,2035-08-18,6,Utility solar,36.3
nlv2b_be_pv17_C4_NOTHERMAL_refbrent,2035-08-18,6,Rooftop solar,0.0
nlv2b_be_pv17_C4_NOTHERMAL_refbrent,2035-08-18,6,Battery discharge (net),585.6
nlv2b_be_pv17_C4_NOTHERMAL_refbrent,2035-08-18,6,Battery charging (net),0.0
nlv2b_be_pv17_C4_NOTHERMAL_refbrent,2035-08-18,6,Curtailed solar & wind,0.0
nlv2b_be_pv17_C4_NOTHERMAL_refbrent,2035-08-18,6,EV charging,-7.8
nlv2b_be_pv17_C4_NOTHERMAL_refbrent,2035-08-18,6,Hydrogen production,-0.0
nlv2b_be_pv17_C4_NOTHERMAL_refbrent,2035-08-18,6,Demand,975.1
nlv2b_be_pv17_C4_NOTHERMAL_refbrent,2035-08-18,8,Geothermal,93.1
nlv2b_be_pv17_C4_NOTHERMAL_refbrent,2035-08-18,8,Waste-to-energy,42.8
nlv2b_be_pv17_C4_NOTHERMAL_refbrent,2035-08-18,8,Thermal (oil/LNG),113.1
nlv2b_be_pv17_C4_NOTHERMAL_refbrent,2035-08-18,8,Wind,23.8
nlv2b_be_pv17_C4_NOTHERMAL_refbrent,2035-08-18,8,Utility solar,1601.6
nlv2b_be_pv17_C4_NOTHERMAL_refbrent,2035-08-18,8,Rooftop solar,0.0
nlv2b_be_pv17_C4_NOTHERMAL_refbrent,2035-08-18,8,Battery discharge (net),0.0
nlv2b_be_pv17_C4_NOTHERMAL_refbrent,2035-08-18,8,Battery charging (net),-951.3
nlv2b_be_pv17_C4_NOTHERMAL_refbrent,2035-08-18,8,Curtailed solar & wind,0.0
nlv2b_be_pv17_C4_NOTHERMAL_refbrent,2035-08-18,8,EV charging,-11.9
nlv2b_be_pv17_C4_NOTHERMAL_refbrent,2035-08-18,8,Hydrogen production,-0.0
nlv2b_be_pv17_C4_NOTHERMAL_refbrent,2035-08-18,8,Demand,911.2
nlv2b_be_pv17_C4_NOTHERMAL_refbrent,2035-08-18,10,Geothermal,93.1
nlv2b_be_pv17_C4_NOTHERMAL_refbrent,2035-08-18,10,Waste-to-energy,42.8
nlv2b_be_pv17_C4_NOTHERMAL_refbrent,2035-08-18,10,Thermal (oil/LNG),113.1
nlv2b_be_pv17_C4_NOTHERMAL_refbrent,2035-08-18,10,Wind,29.7
nlv2b_be_pv17_C4_NOTHERMAL_refbrent,2035-08-18,10,Utility solar,1293.9
nlv2b_be_pv17_C4_NOTHERMAL_refbrent,2035-08-18,10,Rooftop solar,0.0
nlv2b_be_pv17_C4_NOTHERMAL_refbrent,2035-08-18,10,Battery discharge (net),0.0
nlv2b_be_pv17_C4_NOTHERMAL_refbrent,2035-08-18,10,Battery charging (net),-659.6
nlv2b_be_pv17_C4_NOTHERMAL_refbrent,2035-08-18,10,Curtailed solar & wind,0.0
nlv2b_be_pv17_C4_NOTHERMAL_refbrent,2035-08-18,10,EV charging,-20.4
nlv2b_be_pv17_C4_NOTHERMAL_refbrent,2035-08-18,10,Hydrogen production,-0.0
nlv2b_be_pv17_C4_NOTHERMAL_refbrent,2035-08-18,10,Demand,892.6
nlv2b_be_pv17_C4_NOTHERMAL_refbrent,2035-08-18,12,Geothermal,93.1
nlv2b_be_pv17_C4_NOTHERMAL_refbrent,2035-08-18,12,Waste-to-energy,42.8
nlv2b_be_pv17_C4_NOTHERMAL_refbrent,2035-08-18,12,Thermal (oil/LNG),113.1
nlv2b_be_pv17_C4_NOTHERMAL_refbrent,2035-08-18,12,Wind,28.8
nlv2b_be_pv17_C4_NOTHERMAL_refbrent,2035-08-18,12,Utility solar,1474.7
nlv2b_be_pv17_C4_NOTHERMAL_refbrent,2035-08-18,12,Rooftop solar,0.0
nlv2b_be_pv17_C4_NOTHERMAL_refbrent,2035-08-18,12,Battery discharge (net),0.0
nlv2b_be_pv17_C4_NOTHERMAL_refbrent,2035-08-18,12,Battery charging (net),-966.2
nlv2b_be_pv17_C4_NOTHERMAL_refbrent,2035-08-18,12,Curtailed solar & wind,0.0
nlv2b_be_pv17_C4_NOTHERMAL_refbrent,2035-08-18,12,EV charging,-23.4
nlv2b_be_pv17_C4_NOTHERMAL_refbrent,2035-08-18,12,Hydrogen production,-0.0
nlv2b_be_pv17_C4_NOTHERMAL_refbrent,2035-08-18,12,Demand,763.0
nlv2b_be_pv17_C4_NOTHERMAL_refbrent,2035-08-18,14,Geothermal,93.1
nlv2b_be_pv17_C4_NOTHERMAL_refbrent,2035-08-18,14,Waste-to-energy,42.8
nlv2b_be_pv17_C4_NOTHERMAL_refbrent,2035-08-18,14,Thermal (oil/LNG),113.1
nlv2b_be_pv17_C4_NOTHERMAL_refbrent,2035-08-18,14,Wind,26.1
nlv2b_be_pv17_C4_NOTHERMAL_refbrent,2035-08-18,14,Utility solar,1597.8
nlv2b_be_pv17_C4_NOTHERMAL_refbrent,2035-08-18,14,Rooftop solar,0.0
nlv2b_be_pv17_C4_NOTHERMAL_refbrent,2035-08-18,14,Battery discharge (net),0.0
nlv2b_be_pv17_C4_NOTHERMAL_refbrent,2035-08-18,14,Battery charging (net),-752.9
nlv2b_be_pv17_C4_NOTHERMAL_refbrent,2035-08-18,14,Curtailed solar & wind,0.0
nlv2b_be_pv17_C4_NOTHERMAL_refbrent,2035-08-18,14,EV charging,-279.3
nlv2b_be_pv17_C4_NOTHERMAL_refbrent,2035-08-18,14,Hydrogen production,-0.0
nlv2b_be_pv17_C4_NOTHERMAL_refbrent,2035-08-18,14,Demand,840.7
nlv2b_be_pv17_C4_NOTHERMAL_refbrent,2035-08-18,16,Geothermal,93.1
nlv2b_be_pv17_C4_NOTHERMAL_refbrent,2035-08-18,16,Waste-to-energy,42.8
nlv2b_be_pv17_C4_NOTHERMAL_refbrent,2035-08-18,16,Thermal (oil/LNG),113.1
nlv2b_be_pv17_C4_NOTHERMAL_refbrent,2035-08-18,16,Wind,34.2
nlv2b_be_pv17_C4_NOTHERMAL_refbrent,2035-08-18,16,Utility solar,1321.7
nlv2b_be_pv17_C4_NOTHERMAL_refbrent,2035-08-18,16,Rooftop solar,0.0
nlv2b_be_pv17_C4_NOTHERMAL_refbrent,2035-08-18,16,Battery discharge (net),0.0
nlv2b_be_pv17_C4_NOTHERMAL_refbrent,2035-08-18,16,Battery charging (net),-525.6
nlv2b_be_pv17_C4_NOTHERMAL_refbrent,2035-08-18,16,Curtailed solar & wind,0.0
nlv2b_be_pv17_C4_NOTHERMAL_refbrent,2035-08-18,16,EV charging,-30.7
nlv2b_be_pv17_C4_NOTHERMAL_refbrent,2035-08-18,16,Hydrogen production,-0.0
nlv2b_be_pv17_C4_NOTHERMAL_refbrent,2035-08-18,16,Demand,1048.7
nlv2b_be_pv17_C4_NOTHERMAL_refbrent,2035-08-18,18,Geothermal,93.1
nlv2b_be_pv17_C4_NOTHERMAL_refbrent,2035-08-18,18,Waste-to-energy,42.8
nlv2b_be_pv17_C4_NOTHERMAL_refbrent,2035-08-18,18,Thermal (oil/LNG),198.1
nlv2b_be_pv17_C4_NOTHERMAL_refbrent,2035-08-18,18,Wind,43.8
nlv2b_be_pv17_C4_NOTHERMAL_refbrent,2035-08-18,18,Utility solar,125.7
nlv2b_be_pv17_C4_NOTHERMAL_refbrent,2035-08-18,18,Rooftop solar,0.0
nlv2b_be_pv17_C4_NOTHERMAL_refbrent,2035-08-18,18,Battery discharge (net),706.9
nlv2b_be_pv17_C4_NOTHERMAL_refbrent,2035-08-18,18,Battery charging (net),0.0
nlv2b_be_pv17_C4_NOTHERMAL_refbrent,2035-08-18,18,Curtailed solar & wind,0.0
nlv2b_be_pv17_C4_NOTHERMAL_refbrent,2035-08-18,18,EV charging,-49.4
nlv2b_be_pv17_C4_NOTHERMAL_refbrent,2035-08-18,18,Hydrogen production,-0.0
nlv2b_be_pv17_C4_NOTHERMAL_refbrent,2035-08-18,18,Demand,1160.9
nlv2b_be_pv17_C4_NOTHERMAL_refbrent,2035-08-18,20,Geothermal,93.1
nlv2b_be_pv17_C4_NOTHERMAL_refbrent,2035-08-18,20,Waste-to-energy,42.8
nlv2b_be_pv17_C4_NOTHERMAL_refbrent,2035-08-18,20,Thermal (oil/LNG),198.1
nlv2b_be_pv17_C4_NOTHERMAL_refbrent,2035-08-18,20,Wind,29.6
nlv2b_be_pv17_C4_NOTHERMAL_refbrent,2035-08-18,20,Utility solar,0.0
nlv2b_be_pv17_C4_NOTHERMAL_refbrent,2035-08-18,20,Rooftop solar,0.0
nlv2b_be_pv17_C4_NOTHERMAL_refbrent,2035-08-18,20,Battery discharge (net),795.9
nlv2b_be_pv17_C4_NOTHERMAL_refbrent,2035-08-18,20,Battery charging (net),0.0
nlv2b_be_pv17_C4_NOTHERMAL_refbrent,2035-08-18,20,Curtailed solar & wind,0.0
nlv2b_be_pv17_C4_NOTHERMAL_refbrent,2035-08-18,20,EV charging,-45.8
nlv2b_be_pv17_C4_NOTHERMAL_refbrent,2035-08-18,20,Hydrogen production,-0.0
nlv2b_be_pv17_C4_NOTHERMAL_refbrent,2035-08-18,20,Demand,1113.7
nlv2b_be_pv17_C4_NOTHERMAL_refbrent,2035-08-18,22,Geothermal,93.1
nlv2b_be_pv17_C4_NOTHERMAL_refbrent,2035-08-18,22,Waste-to-energy,42.8
nlv2b_be_pv17_C4_NOTHERMAL_refbrent,2035-08-18,22,Thermal (oil/LNG),198.1
nlv2b_be_pv17_C4_NOTHERMAL_refbrent,2035-08-18,22,Wind,28.7
nlv2b_be_pv17_C4_NOTHERMAL_refbrent,2035-08-18,22,Utility solar,0.0
nlv2b_be_pv17_C4_NOTHERMAL_refbrent,2035-08-18,22,Rooftop solar,0.0
nlv2b_be_pv17_C4_NOTHERMAL_refbrent,2035-08-18,22,Battery discharge (net),503.9
nlv2b_be_pv17_C4_NOTHERMAL_refbrent,2035-08-18,22,Battery charging (net),0.0
nlv2b_be_pv17_C4_NOTHERMAL_refbrent,2035-08-18,22,Curtailed solar & wind,0.0
nlv2b_be_pv17_C4_NOTHERMAL_refbrent,2035-08-18,22,EV charging,-11.5
nlv2b_be_pv17_C4_NOTHERMAL_refbrent,2035-08-18,22,Hydrogen production,-0.0
nlv2b_be_pv17_C4_NOTHERMAL_refbrent,2035-08-18,22,Demand,855.1
nlv2b_be_pv17_C4_NOTHERMAL_refbrent,2035-11-22,0,Geothermal,93.1
nlv2b_be_pv17_C4_NOTHERMAL_refbrent,2035-11-22,0,Waste-to-energy,42.8
nlv2b_be_pv17_C4_NOTHERMAL_refbrent,2035-11-22,0,Thermal (oil/LNG),533.0
nlv2b_be_pv17_C4_NOTHERMAL_refbrent,2035-11-22,0,Wind,16.9
nlv2b_be_pv17_C4_NOTHERMAL_refbrent,2035-11-22,0,Utility solar,0.0
nlv2b_be_pv17_C4_NOTHERMAL_refbrent,2035-11-22,0,Rooftop solar,0.0
nlv2b_be_pv17_C4_NOTHERMAL_refbrent,2035-11-22,0,Battery discharge (net),0.0
nlv2b_be_pv17_C4_NOTHERMAL_refbrent,2035-11-22,0,Battery charging (net),-35.0
nlv2b_be_pv17_C4_NOTHERMAL_refbrent,2035-11-22,0,Curtailed solar & wind,0.0
nlv2b_be_pv17_C4_NOTHERMAL_refbrent,2035-11-22,0,EV charging,-8.8
nlv2b_be_pv17_C4_NOTHERMAL_refbrent,2035-11-22,0,Hydrogen production,-0.0
nlv2b_be_pv17_C4_NOTHERMAL_refbrent,2035-11-22,0,Demand,642.1
nlv2b_be_pv17_C4_NOTHERMAL_refbrent,2035-11-22,2,Geothermal,93.1
nlv2b_be_pv17_C4_NOTHERMAL_refbrent,2035-11-22,2,Waste-to-energy,42.8
nlv2b_be_pv17_C4_NOTHERMAL_refbrent,2035-11-22,2,Thermal (oil/LNG),543.7
nlv2b_be_pv17_C4_NOTHERMAL_refbrent,2035-11-22,2,Wind,1.8
nlv2b_be_pv17_C4_NOTHERMAL_refbrent,2035-11-22,2,Utility solar,0.0
nlv2b_be_pv17_C4_NOTHERMAL_refbrent,2035-11-22,2,Rooftop solar,0.0
nlv2b_be_pv17_C4_NOTHERMAL_refbrent,2035-11-22,2,Battery discharge (net),0.0
nlv2b_be_pv17_C4_NOTHERMAL_refbrent,2035-11-22,2,Battery charging (net),-64.0
nlv2b_be_pv17_C4_NOTHERMAL_refbrent,2035-11-22,2,Curtailed solar & wind,0.0
nlv2b_be_pv17_C4_NOTHERMAL_refbrent,2035-11-22,2,EV charging,-49.5
nlv2b_be_pv17_C4_NOTHERMAL_refbrent,2035-11-22,2,Hydrogen production,-0.0
nlv2b_be_pv17_C4_NOTHERMAL_refbrent,2035-11-22,2,Demand,567.9
nlv2b_be_pv17_C4_NOTHERMAL_refbrent,2035-11-22,4,Geothermal,93.1
nlv2b_be_pv17_C4_NOTHERMAL_refbrent,2035-11-22,4,Waste-to-energy,42.8
nlv2b_be_pv17_C4_NOTHERMAL_refbrent,2035-11-22,4,Thermal (oil/LNG),535.9
nlv2b_be_pv17_C4_NOTHERMAL_refbrent,2035-11-22,4,Wind,0.0
nlv2b_be_pv17_C4_NOTHERMAL_refbrent,2035-11-22,4,Utility solar,0.0
nlv2b_be_pv17_C4_NOTHERMAL_refbrent,2035-11-22,4,Rooftop solar,0.0
nlv2b_be_pv17_C4_NOTHERMAL_refbrent,2035-11-22,4,Battery discharge (net),0.0
nlv2b_be_pv17_C4_NOTHERMAL_refbrent,2035-11-22,4,Battery charging (net),-71.8
nlv2b_be_pv17_C4_NOTHERMAL_refbrent,2035-11-22,4,Curtailed solar & wind,0.0
nlv2b_be_pv17_C4_NOTHERMAL_refbrent,2035-11-22,4,EV charging,-6.4
nlv2b_be_pv17_C4_NOTHERMAL_refbrent,2035-11-22,4,Hydrogen production,-0.0
nlv2b_be_pv17_C4_NOTHERMAL_refbrent,2035-11-22,4,Demand,593.6
nlv2b_be_pv17_C4_NOTHERMAL_refbrent,2035-11-22,6,Geothermal,93.1
nlv2b_be_pv17_C4_NOTHERMAL_refbrent,2035-11-22,6,Waste-to-energy,42.8
nlv2b_be_pv17_C4_NOTHERMAL_refbrent,2035-11-22,6,Thermal (oil/LNG),545.5
nlv2b_be_pv17_C4_NOTHERMAL_refbrent,2035-11-22,6,Wind,1.3
nlv2b_be_pv17_C4_NOTHERMAL_refbrent,2035-11-22,6,Utility solar,0.0
nlv2b_be_pv17_C4_NOTHERMAL_refbrent,2035-11-22,6,Rooftop solar,0.0
nlv2b_be_pv17_C4_NOTHERMAL_refbrent,2035-11-22,6,Battery discharge (net),66.2
nlv2b_be_pv17_C4_NOTHERMAL_refbrent,2035-11-22,6,Battery charging (net),0.0
nlv2b_be_pv17_C4_NOTHERMAL_refbrent,2035-11-22,6,Curtailed solar & wind,0.0
nlv2b_be_pv17_C4_NOTHERMAL_refbrent,2035-11-22,6,EV charging,-7.8
nlv2b_be_pv17_C4_NOTHERMAL_refbrent,2035-11-22,6,Hydrogen production,-0.0
nlv2b_be_pv17_C4_NOTHERMAL_refbrent,2035-11-22,6,Demand,741.2
nlv2b_be_pv17_C4_NOTHERMAL_refbrent,2035-11-22,8,Geothermal,93.1
nlv2b_be_pv17_C4_NOTHERMAL_refbrent,2035-11-22,8,Waste-to-energy,42.8
nlv2b_be_pv17_C4_NOTHERMAL_refbrent,2035-11-22,8,Thermal (oil/LNG),545.5
nlv2b_be_pv17_C4_NOTHERMAL_refbrent,2035-11-22,8,Wind,7.7
nlv2b_be_pv17_C4_NOTHERMAL_refbrent,2035-11-22,8,Utility solar,38.5
nlv2b_be_pv17_C4_NOTHERMAL_refbrent,2035-11-22,8,Rooftop solar,0.0
nlv2b_be_pv17_C4_NOTHERMAL_refbrent,2035-11-22,8,Battery discharge (net),87.5
nlv2b_be_pv17_C4_NOTHERMAL_refbrent,2035-11-22,8,Battery charging (net),0.0
nlv2b_be_pv17_C4_NOTHERMAL_refbrent,2035-11-22,8,Curtailed solar & wind,0.0
nlv2b_be_pv17_C4_NOTHERMAL_refbrent,2035-11-22,8,EV charging,-11.9
nlv2b_be_pv17_C4_NOTHERMAL_refbrent,2035-11-22,8,Hydrogen production,-0.0
nlv2b_be_pv17_C4_NOTHERMAL_refbrent,2035-11-22,8,Demand,803.3
nlv2b_be_pv17_C4_NOTHERMAL_refbrent,2035-11-22,10,Geothermal,93.1
nlv2b_be_pv17_C4_NOTHERMAL_refbrent,2035-11-22,10,Waste-to-energy,42.8
nlv2b_be_pv17_C4_NOTHERMAL_refbrent,2035-11-22,10,Thermal (oil/LNG),536.0
nlv2b_be_pv17_C4_NOTHERMAL_refbrent,2035-11-22,10,Wind,3.1
nlv2b_be_pv17_C4_NOTHERMAL_refbrent,2035-11-22,10,Utility solar,178.4
nlv2b_be_pv17_C4_NOTHERMAL_refbrent,2035-11-22,10,Rooftop solar,0.0
nlv2b_be_pv17_C4_NOTHERMAL_refbrent,2035-11-22,10,Battery discharge (net),0.0
nlv2b_be_pv17_C4_NOTHERMAL_refbrent,2035-11-22,10,Battery charging (net),-97.9
nlv2b_be_pv17_C4_NOTHERMAL_refbrent,2035-11-22,10,Curtailed solar & wind,0.0
nlv2b_be_pv17_C4_NOTHERMAL_refbrent,2035-11-22,10,EV charging,-54.0
nlv2b_be_pv17_C4_NOTHERMAL_refbrent,2035-11-22,10,Hydrogen production,-0.0
nlv2b_be_pv17_C4_NOTHERMAL_refbrent,2035-11-22,10,Demand,701.5
nlv2b_be_pv17_C4_NOTHERMAL_refbrent,2035-11-22,12,Geothermal,93.1
nlv2b_be_pv17_C4_NOTHERMAL_refbrent,2035-11-22,12,Waste-to-energy,42.8
nlv2b_be_pv17_C4_NOTHERMAL_refbrent,2035-11-22,12,Thermal (oil/LNG),533.0
nlv2b_be_pv17_C4_NOTHERMAL_refbrent,2035-11-22,12,Wind,3.1
nlv2b_be_pv17_C4_NOTHERMAL_refbrent,2035-11-22,12,Utility solar,345.4
nlv2b_be_pv17_C4_NOTHERMAL_refbrent,2035-11-22,12,Rooftop solar,0.0
nlv2b_be_pv17_C4_NOTHERMAL_refbrent,2035-11-22,12,Battery discharge (net),0.0
nlv2b_be_pv17_C4_NOTHERMAL_refbrent,2035-11-22,12,Battery charging (net),-203.8
nlv2b_be_pv17_C4_NOTHERMAL_refbrent,2035-11-22,12,Curtailed solar & wind,0.0
nlv2b_be_pv17_C4_NOTHERMAL_refbrent,2035-11-22,12,EV charging,-197.4
nlv2b_be_pv17_C4_NOTHERMAL_refbrent,2035-11-22,12,Hydrogen production,-0.0
nlv2b_be_pv17_C4_NOTHERMAL_refbrent,2035-11-22,12,Demand,616.2
nlv2b_be_pv17_C4_NOTHERMAL_refbrent,2035-11-22,14,Geothermal,93.1
nlv2b_be_pv17_C4_NOTHERMAL_refbrent,2035-11-22,14,Waste-to-energy,42.8
nlv2b_be_pv17_C4_NOTHERMAL_refbrent,2035-11-22,14,Thermal (oil/LNG),545.5
nlv2b_be_pv17_C4_NOTHERMAL_refbrent,2035-11-22,14,Wind,8.5
nlv2b_be_pv17_C4_NOTHERMAL_refbrent,2035-11-22,14,Utility solar,335.5
nlv2b_be_pv17_C4_NOTHERMAL_refbrent,2035-11-22,14,Rooftop solar,0.0
nlv2b_be_pv17_C4_NOTHERMAL_refbrent,2035-11-22,14,Battery discharge (net),0.0
nlv2b_be_pv17_C4_NOTHERMAL_refbrent,2035-11-22,14,Battery charging (net),-382.2
nlv2b_be_pv17_C4_NOTHERMAL_refbrent,2035-11-22,14,Curtailed solar & wind,0.0
nlv2b_be_pv17_C4_NOTHERMAL_refbrent,2035-11-22,14,EV charging,-28.5
nlv2b_be_pv17_C4_NOTHERMAL_refbrent,2035-11-22,14,Hydrogen production,-0.0
nlv2b_be_pv17_C4_NOTHERMAL_refbrent,2035-11-22,14,Demand,614.8
nlv2b_be_pv17_C4_NOTHERMAL_refbrent,2035-11-22,16,Geothermal,93.1
nlv2b_be_pv17_C4_NOTHERMAL_refbrent,2035-11-22,16,Waste-to-energy,42.8
nlv2b_be_pv17_C4_NOTHERMAL_refbrent,2035-11-22,16,Thermal (oil/LNG),545.5
nlv2b_be_pv17_C4_NOTHERMAL_refbrent,2035-11-22,16,Wind,15.5
nlv2b_be_pv17_C4_NOTHERMAL_refbrent,2035-11-22,16,Utility solar,270.1
nlv2b_be_pv17_C4_NOTHERMAL_refbrent,2035-11-22,16,Rooftop solar,0.0
nlv2b_be_pv17_C4_NOTHERMAL_refbrent,2035-11-22,16,Battery discharge (net),0.0
nlv2b_be_pv17_C4_NOTHERMAL_refbrent,2035-11-22,16,Battery charging (net),-62.2
nlv2b_be_pv17_C4_NOTHERMAL_refbrent,2035-11-22,16,Curtailed solar & wind,0.0
nlv2b_be_pv17_C4_NOTHERMAL_refbrent,2035-11-22,16,EV charging,-30.7
nlv2b_be_pv17_C4_NOTHERMAL_refbrent,2035-11-22,16,Hydrogen production,-0.0
nlv2b_be_pv17_C4_NOTHERMAL_refbrent,2035-11-22,16,Demand,874.2
nlv2b_be_pv17_C4_NOTHERMAL_refbrent,2035-11-22,18,Geothermal,93.1
nlv2b_be_pv17_C4_NOTHERMAL_refbrent,2035-11-22,18,Waste-to-energy,42.8
nlv2b_be_pv17_C4_NOTHERMAL_refbrent,2035-11-22,18,Thermal (oil/LNG),545.5
nlv2b_be_pv17_C4_NOTHERMAL_refbrent,2035-11-22,18,Wind,30.6
nlv2b_be_pv17_C4_NOTHERMAL_refbrent,2035-11-22,18,Utility solar,0.0
nlv2b_be_pv17_C4_NOTHERMAL_refbrent,2035-11-22,18,Rooftop solar,0.0
nlv2b_be_pv17_C4_NOTHERMAL_refbrent,2035-11-22,18,Battery discharge (net),377.5
nlv2b_be_pv17_C4_NOTHERMAL_refbrent,2035-11-22,18,Battery charging (net),0.0
nlv2b_be_pv17_C4_NOTHERMAL_refbrent,2035-11-22,18,Curtailed solar & wind,0.0
nlv2b_be_pv17_C4_NOTHERMAL_refbrent,2035-11-22,18,EV charging,-49.4
nlv2b_be_pv17_C4_NOTHERMAL_refbrent,2035-11-22,18,Hydrogen production,-0.0
nlv2b_be_pv17_C4_NOTHERMAL_refbrent,2035-11-22,18,Demand,1040.1
nlv2b_be_pv17_C4_NOTHERMAL_refbrent,2035-11-22,20,Geothermal,93.1
nlv2b_be_pv17_C4_NOTHERMAL_refbrent,2035-11-22,20,Waste-to-energy,42.8
nlv2b_be_pv17_C4_NOTHERMAL_refbrent,2035-11-22,20,Thermal (oil/LNG),545.5
nlv2b_be_pv17_C4_NOTHERMAL_refbrent,2035-11-22,20,Wind,37.5
nlv2b_be_pv17_C4_NOTHERMAL_refbrent,2035-11-22,20,Utility solar,0.0
nlv2b_be_pv17_C4_NOTHERMAL_refbrent,2035-11-22,20,Rooftop solar,0.0
nlv2b_be_pv17_C4_NOTHERMAL_refbrent,2035-11-22,20,Battery discharge (net),217.5
nlv2b_be_pv17_C4_NOTHERMAL_refbrent,2035-11-22,20,Battery charging (net),0.0
nlv2b_be_pv17_C4_NOTHERMAL_refbrent,2035-11-22,20,Curtailed solar & wind,0.0
nlv2b_be_pv17_C4_NOTHERMAL_refbrent,2035-11-22,20,EV charging,-45.8
nlv2b_be_pv17_C4_NOTHERMAL_refbrent,2035-11-22,20,Hydrogen production,-0.0
nlv2b_be_pv17_C4_NOTHERMAL_refbrent,2035-11-22,20,Demand,890.6
nlv2b_be_pv17_C4_NOTHERMAL_refbrent,2035-11-22,22,Geothermal,93.1
nlv2b_be_pv17_C4_NOTHERMAL_refbrent,2035-11-22,22,Waste-to-energy,42.8
nlv2b_be_pv17_C4_NOTHERMAL_refbrent,2035-11-22,22,Thermal (oil/LNG),545.5
nlv2b_be_pv17_C4_NOTHERMAL_refbrent,2035-11-22,22,Wind,3.0
nlv2b_be_pv17_C4_NOTHERMAL_refbrent,2035-11-22,22,Utility solar,0.0
nlv2b_be_pv17_C4_NOTHERMAL_refbrent,2035-11-22,22,Rooftop solar,0.0
nlv2b_be_pv17_C4_NOTHERMAL_refbrent,2035-11-22,22,Battery discharge (net),76.4
nlv2b_be_pv17_C4_NOTHERMAL_refbrent,2035-11-22,22,Battery charging (net),0.0
nlv2b_be_pv17_C4_NOTHERMAL_refbrent,2035-11-22,22,Curtailed solar & wind,0.0
nlv2b_be_pv17_C4_NOTHERMAL_refbrent,2035-11-22,22,EV charging,-11.5
nlv2b_be_pv17_C4_NOTHERMAL_refbrent,2035-11-22,22,Hydrogen production,-0.0
nlv2b_be_pv17_C4_NOTHERMAL_refbrent,2035-11-22,22,Demand,749.4
nlv2b_norps_NOTHERMAL_refbrent,2035-08-18,0,Geothermal,93.1
nlv2b_norps_NOTHERMAL_refbrent,2035-08-18,0,Waste-to-energy,42.8
nlv2b_norps_NOTHERMAL_refbrent,2035-08-18,0,Thermal (oil/LNG),103.1
nlv2b_norps_NOTHERMAL_refbrent,2035-08-18,0,Wind,46.2
nlv2b_norps_NOTHERMAL_refbrent,2035-08-18,0,Utility solar,0.0
nlv2b_norps_NOTHERMAL_refbrent,2035-08-18,0,Rooftop solar,0.0
nlv2b_norps_NOTHERMAL_refbrent,2035-08-18,0,Battery discharge (net),417.4
nlv2b_norps_NOTHERMAL_refbrent,2035-08-18,0,Battery charging (net),0.0
nlv2b_norps_NOTHERMAL_refbrent,2035-08-18,0,Curtailed solar & wind,0.0
nlv2b_norps_NOTHERMAL_refbrent,2035-08-18,0,EV charging,-8.8
nlv2b_norps_NOTHERMAL_refbrent,2035-08-18,0,Hydrogen production,-0.0
nlv2b_norps_NOTHERMAL_refbrent,2035-08-18,0,Demand,693.8
nlv2b_norps_NOTHERMAL_refbrent,2035-08-18,2,Geothermal,93.1
nlv2b_norps_NOTHERMAL_refbrent,2035-08-18,2,Waste-to-energy,42.8
nlv2b_norps_NOTHERMAL_refbrent,2035-08-18,2,Thermal (oil/LNG),103.1
nlv2b_norps_NOTHERMAL_refbrent,2035-08-18,2,Wind,42.4
nlv2b_norps_NOTHERMAL_refbrent,2035-08-18,2,Utility solar,0.0
nlv2b_norps_NOTHERMAL_refbrent,2035-08-18,2,Rooftop solar,0.0
nlv2b_norps_NOTHERMAL_refbrent,2035-08-18,2,Battery discharge (net),364.4
nlv2b_norps_NOTHERMAL_refbrent,2035-08-18,2,Battery charging (net),0.0
nlv2b_norps_NOTHERMAL_refbrent,2035-08-18,2,Curtailed solar & wind,0.0
nlv2b_norps_NOTHERMAL_refbrent,2035-08-18,2,EV charging,-6.4
nlv2b_norps_NOTHERMAL_refbrent,2035-08-18,2,Hydrogen production,-0.0
nlv2b_norps_NOTHERMAL_refbrent,2035-08-18,2,Demand,639.5
nlv2b_norps_NOTHERMAL_refbrent,2035-08-18,4,Geothermal,93.1
nlv2b_norps_NOTHERMAL_refbrent,2035-08-18,4,Waste-to-energy,42.8
nlv2b_norps_NOTHERMAL_refbrent,2035-08-18,4,Thermal (oil/LNG),103.1
nlv2b_norps_NOTHERMAL_refbrent,2035-08-18,4,Wind,18.4
nlv2b_norps_NOTHERMAL_refbrent,2035-08-18,4,Utility solar,0.0
nlv2b_norps_NOTHERMAL_refbrent,2035-08-18,4,Rooftop solar,0.0
nlv2b_norps_NOTHERMAL_refbrent,2035-08-18,4,Battery discharge (net),458.5
nlv2b_norps_NOTHERMAL_refbrent,2035-08-18,4,Battery charging (net),0.0
nlv2b_norps_NOTHERMAL_refbrent,2035-08-18,4,Curtailed solar & wind,0.0
nlv2b_norps_NOTHERMAL_refbrent,2035-08-18,4,EV charging,-6.4
nlv2b_norps_NOTHERMAL_refbrent,2035-08-18,4,Hydrogen production,-0.0
nlv2b_norps_NOTHERMAL_refbrent,2035-08-18,4,Demand,709.5
nlv2b_norps_NOTHERMAL_refbrent,2035-08-18,6,Geothermal,93.1
nlv2b_norps_NOTHERMAL_refbrent,2035-08-18,6,Waste-to-energy,42.8
nlv2b_norps_NOTHERMAL_refbrent,2035-08-18,6,Thermal (oil/LNG),103.1
nlv2b_norps_NOTHERMAL_refbrent,2035-08-18,6,Wind,27.0
nlv2b_norps_NOTHERMAL_refbrent,2035-08-18,6,Utility solar,38.8
nlv2b_norps_NOTHERMAL_refbrent,2035-08-18,6,Rooftop solar,0.0
nlv2b_norps_NOTHERMAL_refbrent,2035-08-18,6,Battery discharge (net),690.7
nlv2b_norps_NOTHERMAL_refbrent,2035-08-18,6,Battery charging (net),0.0
nlv2b_norps_NOTHERMAL_refbrent,2035-08-18,6,Curtailed solar & wind,10.6
nlv2b_norps_NOTHERMAL_refbrent,2035-08-18,6,EV charging,-20.4
nlv2b_norps_NOTHERMAL_refbrent,2035-08-18,6,Hydrogen production,-0.0
nlv2b_norps_NOTHERMAL_refbrent,2035-08-18,6,Demand,975.1
nlv2b_norps_NOTHERMAL_refbrent,2035-08-18,8,Geothermal,93.1
nlv2b_norps_NOTHERMAL_refbrent,2035-08-18,8,Waste-to-energy,42.8
nlv2b_norps_NOTHERMAL_refbrent,2035-08-18,8,Thermal (oil/LNG),103.1
nlv2b_norps_NOTHERMAL_refbrent,2035-08-18,8,Wind,16.5
nlv2b_norps_NOTHERMAL_refbrent,2035-08-18,8,Utility solar,1730.0
nlv2b_norps_NOTHERMAL_refbrent,2035-08-18,8,Rooftop solar,0.0
nlv2b_norps_NOTHERMAL_refbrent,2035-08-18,8,Battery discharge (net),0.0
nlv2b_norps_NOTHERMAL_refbrent,2035-08-18,8,Battery charging (net),-1053.9
nlv2b_norps_NOTHERMAL_refbrent,2035-08-18,8,Curtailed solar & wind,335.8
nlv2b_norps_NOTHERMAL_refbrent,2035-08-18,8,EV charging,-20.4
nlv2b_norps_NOTHERMAL_refbrent,2035-08-18,8,Hydrogen production,-0.0
nlv2b_norps_NOTHERMAL_refbrent,2035-08-18,8,Demand,911.2
nlv2b_norps_NOTHERMAL_refbrent,2035-08-18,10,Geothermal,93.1
nlv2b_norps_NOTHERMAL_refbrent,2035-08-18,10,Waste-to-energy,42.8
nlv2b_norps_NOTHERMAL_refbrent,2035-08-18,10,Thermal (oil/LNG),103.1
nlv2b_norps_NOTHERMAL_refbrent,2035-08-18,10,Wind,29.7
nlv2b_norps_NOTHERMAL_refbrent,2035-08-18,10,Utility solar,1659.5
nlv2b_norps_NOTHERMAL_refbrent,2035-08-18,10,Rooftop solar,0.0
nlv2b_norps_NOTHERMAL_refbrent,2035-08-18,10,Battery discharge (net),0.0
nlv2b_norps_NOTHERMAL_refbrent,2035-08-18,10,Battery charging (net),-1015.3
nlv2b_norps_NOTHERMAL_refbrent,2035-08-18,10,Curtailed solar & wind,0.0
nlv2b_norps_NOTHERMAL_refbrent,2035-08-18,10,EV charging,-20.4
nlv2b_norps_NOTHERMAL_refbrent,2035-08-18,10,Hydrogen production,-0.0
nlv2b_norps_NOTHERMAL_refbrent,2035-08-18,10,Demand,892.6
nlv2b_norps_NOTHERMAL_refbrent,2035-08-18,12,Geothermal,93.1
nlv2b_norps_NOTHERMAL_refbrent,2035-08-18,12,Waste-to-energy,42.8
nlv2b_norps_NOTHERMAL_refbrent,2035-08-18,12,Thermal (oil/LNG),103.1
nlv2b_norps_NOTHERMAL_refbrent,2035-08-18,12,Wind,19.2
nlv2b_norps_NOTHERMAL_refbrent,2035-08-18,12,Utility solar,1345.3
nlv2b_norps_NOTHERMAL_refbrent,2035-08-18,12,Rooftop solar,0.0
nlv2b_norps_NOTHERMAL_refbrent,2035-08-18,12,Battery discharge (net),0.0
nlv2b_norps_NOTHERMAL_refbrent,2035-08-18,12,Battery charging (net),-591.0
nlv2b_norps_NOTHERMAL_refbrent,2035-08-18,12,Curtailed solar & wind,698.0
nlv2b_norps_NOTHERMAL_refbrent,2035-08-18,12,EV charging,-249.5
nlv2b_norps_NOTHERMAL_refbrent,2035-08-18,12,Hydrogen production,-0.0
nlv2b_norps_NOTHERMAL_refbrent,2035-08-18,12,Demand,763.0
nlv2b_norps_NOTHERMAL_refbrent,2035-08-18,14,Geothermal,93.1
nlv2b_norps_NOTHERMAL_refbrent,2035-08-18,14,Waste-to-energy,42.8
nlv2b_norps_NOTHERMAL_refbrent,2035-08-18,14,Thermal (oil/LNG),103.1
nlv2b_norps_NOTHERMAL_refbrent,2035-08-18,14,Wind,16.8
nlv2b_norps_NOTHERMAL_refbrent,2035-08-18,14,Utility solar,1778.9
nlv2b_norps_NOTHERMAL_refbrent,2035-08-18,14,Rooftop solar,0.0
nlv2b_norps_NOTHERMAL_refbrent,2035-08-18,14,Battery discharge (net),0.0
nlv2b_norps_NOTHERMAL_refbrent,2035-08-18,14,Battery charging (net),-1165.6
nlv2b_norps_NOTHERMAL_refbrent,2035-08-18,14,Curtailed solar & wind,236.5
nlv2b_norps_NOTHERMAL_refbrent,2035-08-18,14,EV charging,-28.5
nlv2b_norps_NOTHERMAL_refbrent,2035-08-18,14,Hydrogen production,-0.0
nlv2b_norps_NOTHERMAL_refbrent,2035-08-18,14,Demand,840.7
nlv2b_norps_NOTHERMAL_refbrent,2035-08-18,16,Geothermal,93.1
nlv2b_norps_NOTHERMAL_refbrent,2035-08-18,16,Waste-to-energy,42.8
nlv2b_norps_NOTHERMAL_refbrent,2035-08-18,16,Thermal (oil/LNG),103.1
nlv2b_norps_NOTHERMAL_refbrent,2035-08-18,16,Wind,34.2
nlv2b_norps_NOTHERMAL_refbrent,2035-08-18,16,Utility solar,1702.6
nlv2b_norps_NOTHERMAL_refbrent,2035-08-18,16,Rooftop solar,0.0
nlv2b_norps_NOTHERMAL_refbrent,2035-08-18,16,Battery discharge (net),0.0
nlv2b_norps_NOTHERMAL_refbrent,2035-08-18,16,Battery charging (net),-896.5
nlv2b_norps_NOTHERMAL_refbrent,2035-08-18,16,Curtailed solar & wind,0.0
nlv2b_norps_NOTHERMAL_refbrent,2035-08-18,16,EV charging,-30.7
nlv2b_norps_NOTHERMAL_refbrent,2035-08-18,16,Hydrogen production,-0.0
nlv2b_norps_NOTHERMAL_refbrent,2035-08-18,16,Demand,1048.7
nlv2b_norps_NOTHERMAL_refbrent,2035-08-18,18,Geothermal,93.1
nlv2b_norps_NOTHERMAL_refbrent,2035-08-18,18,Waste-to-energy,42.8
nlv2b_norps_NOTHERMAL_refbrent,2035-08-18,18,Thermal (oil/LNG),103.1
nlv2b_norps_NOTHERMAL_refbrent,2035-08-18,18,Wind,43.8
nlv2b_norps_NOTHERMAL_refbrent,2035-08-18,18,Utility solar,159.4
nlv2b_norps_NOTHERMAL_refbrent,2035-08-18,18,Rooftop solar,0.0
nlv2b_norps_NOTHERMAL_refbrent,2035-08-18,18,Battery discharge (net),768.1
nlv2b_norps_NOTHERMAL_refbrent,2035-08-18,18,Battery charging (net),0.0
nlv2b_norps_NOTHERMAL_refbrent,2035-08-18,18,Curtailed solar & wind,0.1
nlv2b_norps_NOTHERMAL_refbrent,2035-08-18,18,EV charging,-49.4
nlv2b_norps_NOTHERMAL_refbrent,2035-08-18,18,Hydrogen production,-0.0
nlv2b_norps_NOTHERMAL_refbrent,2035-08-18,18,Demand,1160.9
nlv2b_norps_NOTHERMAL_refbrent,2035-08-18,20,Geothermal,93.1
nlv2b_norps_NOTHERMAL_refbrent,2035-08-18,20,Waste-to-energy,42.8
nlv2b_norps_NOTHERMAL_refbrent,2035-08-18,20,Thermal (oil/LNG),103.1
nlv2b_norps_NOTHERMAL_refbrent,2035-08-18,20,Wind,29.6
nlv2b_norps_NOTHERMAL_refbrent,2035-08-18,20,Utility solar,0.0
nlv2b_norps_NOTHERMAL_refbrent,2035-08-18,20,Rooftop solar,0.0
nlv2b_norps_NOTHERMAL_refbrent,2035-08-18,20,Battery discharge (net),894.5
nlv2b_norps_NOTHERMAL_refbrent,2035-08-18,20,Battery charging (net),0.0
nlv2b_norps_NOTHERMAL_refbrent,2035-08-18,20,Curtailed solar & wind,0.0
nlv2b_norps_NOTHERMAL_refbrent,2035-08-18,20,EV charging,-49.4
nlv2b_norps_NOTHERMAL_refbrent,2035-08-18,20,Hydrogen production,-0.0
nlv2b_norps_NOTHERMAL_refbrent,2035-08-18,20,Demand,1113.7
nlv2b_norps_NOTHERMAL_refbrent,2035-08-18,22,Geothermal,93.1
nlv2b_norps_NOTHERMAL_refbrent,2035-08-18,22,Waste-to-energy,42.8
nlv2b_norps_NOTHERMAL_refbrent,2035-08-18,22,Thermal (oil/LNG),103.1
nlv2b_norps_NOTHERMAL_refbrent,2035-08-18,22,Wind,28.7
nlv2b_norps_NOTHERMAL_refbrent,2035-08-18,22,Utility solar,0.0
nlv2b_norps_NOTHERMAL_refbrent,2035-08-18,22,Rooftop solar,0.0
nlv2b_norps_NOTHERMAL_refbrent,2035-08-18,22,Battery discharge (net),598.9
nlv2b_norps_NOTHERMAL_refbrent,2035-08-18,22,Battery charging (net),0.0
nlv2b_norps_NOTHERMAL_refbrent,2035-08-18,22,Curtailed solar & wind,0.0
nlv2b_norps_NOTHERMAL_refbrent,2035-08-18,22,EV charging,-11.5
nlv2b_norps_NOTHERMAL_refbrent,2035-08-18,22,Hydrogen production,-0.0
nlv2b_norps_NOTHERMAL_refbrent,2035-08-18,22,Demand,855.1
nlv2b_norps_NOTHERMAL_refbrent,2035-11-22,0,Geothermal,93.1
nlv2b_norps_NOTHERMAL_refbrent,2035-11-22,0,Waste-to-energy,42.8
nlv2b_norps_NOTHERMAL_refbrent,2035-11-22,0,Thermal (oil/LNG),498.1
nlv2b_norps_NOTHERMAL_refbrent,2035-11-22,0,Wind,16.9
nlv2b_norps_NOTHERMAL_refbrent,2035-11-22,0,Utility solar,0.0
nlv2b_norps_NOTHERMAL_refbrent,2035-11-22,0,Rooftop solar,0.0
nlv2b_norps_NOTHERMAL_refbrent,2035-11-22,0,Battery discharge (net),0.0
nlv2b_norps_NOTHERMAL_refbrent,2035-11-22,0,Battery charging (net),0.0
nlv2b_norps_NOTHERMAL_refbrent,2035-11-22,0,Curtailed solar & wind,0.0
nlv2b_norps_NOTHERMAL_refbrent,2035-11-22,0,EV charging,-8.8
nlv2b_norps_NOTHERMAL_refbrent,2035-11-22,0,Hydrogen production,-0.0
nlv2b_norps_NOTHERMAL_refbrent,2035-11-22,0,Demand,642.1
nlv2b_norps_NOTHERMAL_refbrent,2035-11-22,2,Geothermal,93.1
nlv2b_norps_NOTHERMAL_refbrent,2035-11-22,2,Waste-to-energy,42.8
nlv2b_norps_NOTHERMAL_refbrent,2035-11-22,2,Thermal (oil/LNG),497.3
nlv2b_norps_NOTHERMAL_refbrent,2035-11-22,2,Wind,1.8
nlv2b_norps_NOTHERMAL_refbrent,2035-11-22,2,Utility solar,0.0
nlv2b_norps_NOTHERMAL_refbrent,2035-11-22,2,Rooftop solar,0.0
nlv2b_norps_NOTHERMAL_refbrent,2035-11-22,2,Battery discharge (net),0.0
nlv2b_norps_NOTHERMAL_refbrent,2035-11-22,2,Battery charging (net),-60.8
nlv2b_norps_NOTHERMAL_refbrent,2035-11-22,2,Curtailed solar & wind,0.0
nlv2b_norps_NOTHERMAL_refbrent,2035-11-22,2,EV charging,-6.4
nlv2b_norps_NOTHERMAL_refbrent,2035-11-22,2,Hydrogen production,-0.0
nlv2b_norps_NOTHERMAL_refbrent,2035-11-22,2,Demand,567.9
nlv2b_norps_NOTHERMAL_refbrent,2035-11-22,4,Geothermal,93.1
nlv2b_norps_NOTHERMAL_refbrent,2035-11-22,4,Waste-to-energy,42.8
nlv2b_norps_NOTHERMAL_refbrent,2035-11-22,4,Thermal (oil/LNG),489.7
nlv2b_norps_NOTHERMAL_refbrent,2035-11-22,4,Wind,0.0
nlv2b_norps_NOTHERMAL_refbrent,2035-11-22,4,Utility solar,0.0
nlv2b_norps_NOTHERMAL_refbrent,2035-11-22,4,Rooftop solar,0.0
nlv2b_norps_NOTHERMAL_refbrent,2035-11-22,4,Battery discharge (net),0.0
nlv2b_norps_NOTHERMAL_refbrent,2035-11-22,4,Battery charging (net),-25.5
nlv2b_norps_NOTHERMAL_refbrent,2035-11-22,4,Curtailed solar & wind,0.0
nlv2b_norps_NOTHERMAL_refbrent,2035-11-22,4,EV charging,-6.4
nlv2b_norps_NOTHERMAL_refbrent,2035-11-22,4,Hydrogen production,-0.0
nlv2b_norps_NOTHERMAL_refbrent,2035-11-22,4,Demand,593.6
nlv2b_norps_NOTHERMAL_refbrent,2035-11-22,6,Geothermal,93.1
nlv2b_norps_NOTHERMAL_refbrent,2035-11-22,6,Waste-to-energy,42.8
nlv2b_norps_NOTHERMAL_refbrent,2035-11-22,6,Thermal (oil/LNG),545.5
nlv2b_norps_NOTHERMAL_refbrent,2035-11-22,6,Wind,1.3
nlv2b_norps_NOTHERMAL_refbrent,2035-11-22,6,Utility solar,0.0
nlv2b_norps_NOTHERMAL_refbrent,2035-11-22,6,Rooftop solar,0.0
nlv2b_norps_NOTHERMAL_refbrent,2035-11-22,6,Battery discharge (net),66.2
nlv2b_norps_NOTHERMAL_refbrent,2035-11-22,6,Battery charging (net),0.0
nlv2b_norps_NOTHERMAL_refbrent,2035-11-22,6,Curtailed solar & wind,0.0
nlv2b_norps_NOTHERMAL_refbrent,2035-11-22,6,EV charging,-7.8
nlv2b_norps_NOTHERMAL_refbrent,2035-11-22,6,Hydrogen production,-0.0
nlv2b_norps_NOTHERMAL_refbrent,2035-11-22,6,Demand,741.2
nlv2b_norps_NOTHERMAL_refbrent,2035-11-22,8,Geothermal,93.1
nlv2b_norps_NOTHERMAL_refbrent,2035-11-22,8,Waste-to-energy,42.8
nlv2b_norps_NOTHERMAL_refbrent,2035-11-22,8,Thermal (oil/LNG),545.5
nlv2b_norps_NOTHERMAL_refbrent,2035-11-22,8,Wind,7.7
nlv2b_norps_NOTHERMAL_refbrent,2035-11-22,8,Utility solar,63.5
nlv2b_norps_NOTHERMAL_refbrent,2035-11-22,8,Rooftop solar,0.0
nlv2b_norps_NOTHERMAL_refbrent,2035-11-22,8,Battery discharge (net),62.5
nlv2b_norps_NOTHERMAL_refbrent,2035-11-22,8,Battery charging (net),0.0
nlv2b_norps_NOTHERMAL_refbrent,2035-11-22,8,Curtailed solar & wind,0.0
nlv2b_norps_NOTHERMAL_refbrent,2035-11-22,8,EV charging,-11.9
nlv2b_norps_NOTHERMAL_refbrent,2035-11-22,8,Hydrogen production,-0.0
nlv2b_norps_NOTHERMAL_refbrent,2035-11-22,8,Demand,803.3
nlv2b_norps_NOTHERMAL_refbrent,2035-11-22,10,Geothermal,93.1
nlv2b_norps_NOTHERMAL_refbrent,2035-11-22,10,Waste-to-energy,42.8
nlv2b_norps_NOTHERMAL_refbrent,2035-11-22,10,Thermal (oil/LNG),489.7
nlv2b_norps_NOTHERMAL_refbrent,2035-11-22,10,Wind,3.1
nlv2b_norps_NOTHERMAL_refbrent,2035-11-22,10,Utility solar,232.7
nlv2b_norps_NOTHERMAL_refbrent,2035-11-22,10,Rooftop solar,0.0
nlv2b_norps_NOTHERMAL_refbrent,2035-11-22,10,Battery discharge (net),0.0
nlv2b_norps_NOTHERMAL_refbrent,2035-11-22,10,Battery charging (net),-139.5
nlv2b_norps_NOTHERMAL_refbrent,2035-11-22,10,Curtailed solar & wind,0.0
nlv2b_norps_NOTHERMAL_refbrent,2035-11-22,10,EV charging,-20.4
nlv2b_norps_NOTHERMAL_refbrent,2035-11-22,10,Hydrogen production,-0.0
nlv2b_norps_NOTHERMAL_refbrent,2035-11-22,10,Demand,701.5
nlv2b_norps_NOTHERMAL_refbrent,2035-11-22,12,Geothermal,93.1
nlv2b_norps_NOTHERMAL_refbrent,2035-11-22,12,Waste-to-energy,42.8
nlv2b_norps_NOTHERMAL_refbrent,2035-11-22,12,Thermal (oil/LNG),489.7
nlv2b_norps_NOTHERMAL_refbrent,2035-11-22,12,Wind,3.1
nlv2b_norps_NOTHERMAL_refbrent,2035-11-22,12,Utility solar,449.5
nlv2b_norps_NOTHERMAL_refbrent,2035-11-22,12,Rooftop solar,0.0
nlv2b_norps_NOTHERMAL_refbrent,2035-11-22,12,Battery discharge (net),0.0
nlv2b_norps_NOTHERMAL_refbrent,2035-11-22,12,Battery charging (net),-252.3
nlv2b_norps_NOTHERMAL_refbrent,2035-11-22,12,Curtailed solar & wind,0.0
nlv2b_norps_NOTHERMAL_refbrent,2035-11-22,12,EV charging,-209.7
nlv2b_norps_NOTHERMAL_refbrent,2035-11-22,12,Hydrogen production,-0.0
nlv2b_norps_NOTHERMAL_refbrent,2035-11-22,12,Demand,616.2
nlv2b_norps_NOTHERMAL_refbrent,2035-11-22,14,Geothermal,93.1
nlv2b_norps_NOTHERMAL_refbrent,2035-11-22,14,Waste-to-energy,42.8
nlv2b_norps_NOTHERMAL_refbrent,2035-11-22,14,Thermal (oil/LNG),489.7
nlv2b_norps_NOTHERMAL_refbrent,2035-11-22,14,Wind,8.5
nlv2b_norps_NOTHERMAL_refbrent,2035-11-22,14,Utility solar,423.6
nlv2b_norps_NOTHERMAL_refbrent,2035-11-22,14,Rooftop solar,0.0
nlv2b_norps_NOTHERMAL_refbrent,2035-11-22,14,Battery discharge (net),0.0
nlv2b_norps_NOTHERMAL_refbrent,2035-11-22,14,Battery charging (net),-350.0
nlv2b_norps_NOTHERMAL_refbrent,2035-11-22,14,Curtailed solar & wind,0.0
nlv2b_norps_NOTHERMAL_refbrent,2035-11-22,14,EV charging,-92.9
nlv2b_norps_NOTHERMAL_refbrent,2035-11-22,14,Hydrogen production,-0.0
nlv2b_norps_NOTHERMAL_refbrent,2035-11-22,14,Demand,614.8
nlv2b_norps_NOTHERMAL_refbrent,2035-11-22,16,Geothermal,93.1
nlv2b_norps_NOTHERMAL_refbrent,2035-11-22,16,Waste-to-energy,42.8
nlv2b_norps_NOTHERMAL_refbrent,2035-11-22,16,Thermal (oil/LNG),489.7
nlv2b_norps_NOTHERMAL_refbrent,2035-11-22,16,Wind,15.5
nlv2b_norps_NOTHERMAL_refbrent,2035-11-22,16,Utility solar,324.8
nlv2b_norps_NOTHERMAL_refbrent,2035-11-22,16,Rooftop solar,0.0
nlv2b_norps_NOTHERMAL_refbrent,2035-11-22,16,Battery discharge (net),0.0
nlv2b_norps_NOTHERMAL_refbrent,2035-11-22,16,Battery charging (net),-61.1
nlv2b_norps_NOTHERMAL_refbrent,2035-11-22,16,Curtailed solar & wind,0.0
nlv2b_norps_NOTHERMAL_refbrent,2035-11-22,16,EV charging,-30.7
nlv2b_norps_NOTHERMAL_refbrent,2035-11-22,16,Hydrogen production,-0.0
nlv2b_norps_NOTHERMAL_refbrent,2035-11-22,16,Demand,874.2
nlv2b_norps_NOTHERMAL_refbrent,2035-11-22,18,Geothermal,93.1
nlv2b_norps_NOTHERMAL_refbrent,2035-11-22,18,Waste-to-energy,42.8
nlv2b_norps_NOTHERMAL_refbrent,2035-11-22,18,Thermal (oil/LNG),545.5
nlv2b_norps_NOTHERMAL_refbrent,2035-11-22,18,Wind,30.6
nlv2b_norps_NOTHERMAL_refbrent,2035-11-22,18,Utility solar,0.0
nlv2b_norps_NOTHERMAL_refbrent,2035-11-22,18,Rooftop solar,0.0
nlv2b_norps_NOTHERMAL_refbrent,2035-11-22,18,Battery discharge (net),377.5
nlv2b_norps_NOTHERMAL_refbrent,2035-11-22,18,Battery charging (net),0.0
nlv2b_norps_NOTHERMAL_refbrent,2035-11-22,18,Curtailed solar & wind,0.0
nlv2b_norps_NOTHERMAL_refbrent,2035-11-22,18,EV charging,-49.4
nlv2b_norps_NOTHERMAL_refbrent,2035-11-22,18,Hydrogen production,-0.0
nlv2b_norps_NOTHERMAL_refbrent,2035-11-22,18,Demand,1040.1
nlv2b_norps_NOTHERMAL_refbrent,2035-11-22,20,Geothermal,93.1
nlv2b_norps_NOTHERMAL_refbrent,2035-11-22,20,Waste-to-energy,42.8
nlv2b_norps_NOTHERMAL_refbrent,2035-11-22,20,Thermal (oil/LNG),545.5
nlv2b_norps_NOTHERMAL_refbrent,2035-11-22,20,Wind,37.5
nlv2b_norps_NOTHERMAL_refbrent,2035-11-22,20,Utility solar,0.0
nlv2b_norps_NOTHERMAL_refbrent,2035-11-22,20,Rooftop solar,0.0
nlv2b_norps_NOTHERMAL_refbrent,2035-11-22,20,Battery discharge (net),217.5
nlv2b_norps_NOTHERMAL_refbrent,2035-11-22,20,Battery charging (net),0.0
nlv2b_norps_NOTHERMAL_refbrent,2035-11-22,20,Curtailed solar & wind,0.0
nlv2b_norps_NOTHERMAL_refbrent,2035-11-22,20,EV charging,-45.8
nlv2b_norps_NOTHERMAL_refbrent,2035-11-22,20,Hydrogen production,-0.0
nlv2b_norps_NOTHERMAL_refbrent,2035-11-22,20,Demand,890.6
nlv2b_norps_NOTHERMAL_refbrent,2035-11-22,22,Geothermal,93.1
nlv2b_norps_NOTHERMAL_refbrent,2035-11-22,22,Waste-to-energy,42.8
nlv2b_norps_NOTHERMAL_refbrent,2035-11-22,22,Thermal (oil/LNG),545.5
nlv2b_norps_NOTHERMAL_refbrent,2035-11-22,22,Wind,3.0
nlv2b_norps_NOTHERMAL_refbrent,2035-11-22,22,Utility solar,0.0
nlv2b_norps_NOTHERMAL_refbrent,2035-11-22,22,Rooftop solar,0.0
nlv2b_norps_NOTHERMAL_refbrent,2035-11-22,22,Battery discharge (net),76.4
nlv2b_norps_NOTHERMAL_refbrent,2035-11-22,22,Battery charging (net),0.0
nlv2b_norps_NOTHERMAL_refbrent,2035-11-22,22,Curtailed solar & wind,0.0
nlv2b_norps_NOTHERMAL_refbrent,2035-11-22,22,EV charging,-11.5
nlv2b_norps_NOTHERMAL_refbrent,2035-11-22,22,Hydrogen production,-0.0
nlv2b_norps_NOTHERMAL_refbrent,2035-11-22,22,Demand,749.4
nlv2b_norps_LNG500_refbrent,2035-08-18,0,Geothermal,93.1
nlv2b_norps_LNG500_refbrent,2035-08-18,0,Waste-to-energy,42.8
nlv2b_norps_LNG500_refbrent,2035-08-18,0,Thermal (oil/LNG),603.1
nlv2b_norps_LNG500_refbrent,2035-08-18,0,Wind,46.2
nlv2b_norps_LNG500_refbrent,2035-08-18,0,Utility solar,0.0
nlv2b_norps_LNG500_refbrent,2035-08-18,0,Rooftop solar,0.0
nlv2b_norps_LNG500_refbrent,2035-08-18,0,Battery discharge (net),0.0
nlv2b_norps_LNG500_refbrent,2035-08-18,0,Battery charging (net),0.0
nlv2b_norps_LNG500_refbrent,2035-08-18,0,Curtailed solar & wind,0.0
nlv2b_norps_LNG500_refbrent,2035-08-18,0,EV charging,-91.5
nlv2b_norps_LNG500_refbrent,2035-08-18,0,Hydrogen production,-0.0
nlv2b_norps_LNG500_refbrent,2035-08-18,0,Demand,693.8
nlv2b_norps_LNG500_refbrent,2035-08-18,2,Geothermal,93.1
nlv2b_norps_LNG500_refbrent,2035-08-18,2,Waste-to-energy,42.8
nlv2b_norps_LNG500_refbrent,2035-08-18,2,Thermal (oil/LNG),550.5
nlv2b_norps_LNG500_refbrent,2035-08-18,2,Wind,42.4
nlv2b_norps_LNG500_refbrent,2035-08-18,2,Utility solar,0.0
nlv2b_norps_LNG500_refbrent,2035-08-18,2,Rooftop solar,0.0
nlv2b_norps_LNG500_refbrent,2035-08-18,2,Battery discharge (net),0.0
nlv2b_norps_LNG500_refbrent,2035-08-18,2,Battery charging (net),-82.9
nlv2b_norps_LNG500_refbrent,2035-08-18,2,Curtailed solar & wind,0.0
nlv2b_norps_LNG500_refbrent,2035-08-18,2,EV charging,-6.4
nlv2b_norps_LNG500_refbrent,2035-08-18,2,Hydrogen production,-0.0
nlv2b_norps_LNG500_refbrent,2035-08-18,2,Demand,639.5
nlv2b_norps_LNG500_refbrent,2035-08-18,4,Geothermal,93.1
nlv2b_norps_LNG500_refbrent,2035-08-18,4,Waste-to-energy,42.8
nlv2b_norps_LNG500_refbrent,2035-08-18,4,Thermal (oil/LNG),561.6
nlv2b_norps_LNG500_refbrent,2035-08-18,4,Wind,18.4
nlv2b_norps_LNG500_refbrent,2035-08-18,4,Utility solar,0.0
nlv2b_norps_LNG500_refbrent,2035-08-18,4,Rooftop solar,0.0
nlv2b_norps_LNG500_refbrent,2035-08-18,4,Battery discharge (net),0.0
nlv2b_norps_LNG500_refbrent,2035-08-18,4,Battery charging (net),0.0
nlv2b_norps_LNG500_refbrent,2035-08-18,4,Curtailed solar & wind,0.0
nlv2b_norps_LNG500_refbrent,2035-08-18,4,EV charging,-6.4
nlv2b_norps_LNG500_refbrent,2035-08-18,4,Hydrogen production,-0.0
nlv2b_norps_LNG500_refbrent,2035-08-18,4,Demand,709.5
nlv2b_norps_LNG500_refbrent,2035-08-18,6,Geothermal,93.1
nlv2b_norps_LNG500_refbrent,2035-08-18,6,Waste-to-energy,42.8
nlv2b_norps_LNG500_refbrent,2035-08-18,6,Thermal (oil/LNG),603.1
nlv2b_norps_LNG500_refbrent,2035-08-18,6,Wind,27.0
nlv2b_norps_LNG500_refbrent,2035-08-18,6,Utility solar,21.4
nlv2b_norps_LNG500_refbrent,2035-08-18,6,Rooftop solar,0.0
nlv2b_norps_LNG500_refbrent,2035-08-18,6,Battery discharge (net),195.5
nlv2b_norps_LNG500_refbrent,2035-08-18,6,Battery charging (net),0.0
nlv2b_norps_LNG500_refbrent,2035-08-18,6,Curtailed solar & wind,0.0
nlv2b_norps_LNG500_refbrent,2035-08-18,6,EV charging,-7.8
nlv2b_norps_LNG500_refbrent,2035-08-18,6,Hydrogen production,-0.0
nlv2b_norps_LNG500_refbrent,2035-08-18,6,Demand,975.1
nlv2b_norps_LNG500_refbrent,2035-08-18,8,Geothermal,93.1
nlv2b_norps_LNG500_refbrent,2035-08-18,8,Waste-to-energy,42.8
nlv2b_norps_LNG500_refbrent,2035-08-18,8,Thermal (oil/LNG),103.1
nlv2b_norps_LNG500_refbrent,2035-08-18,8,Wind,23.8
nlv2b_norps_LNG500_refbrent,2035-08-18,8,Utility solar,952.5
nlv2b_norps_LNG500_refbrent,2035-08-18,8,Rooftop solar,0.0
nlv2b_norps_LNG500_refbrent,2035-08-18,8,Battery discharge (net),0.0
nlv2b_norps_LNG500_refbrent,2035-08-18,8,Battery charging (net),-163.6
nlv2b_norps_LNG500_refbrent,2035-08-18,8,Curtailed solar & wind,0.0
nlv2b_norps_LNG500_refbrent,2035-08-18,8,EV charging,-140.4
nlv2b_norps_LNG500_refbrent,2035-08-18,8,Hydrogen production,-0.0
nlv2b_norps_LNG500_refbrent,2035-08-18,8,Demand,911.2
nlv2b_norps_LNG500_refbrent,2035-08-18,10,Geothermal,93.1
nlv2b_norps_LNG500_refbrent,2035-08-18,10,Waste-to-energy,42.8
nlv2b_norps_LNG500_refbrent,2035-08-18,10,Thermal (oil/LNG),103.1
nlv2b_norps_LNG500_refbrent,2035-08-18,10,Wind,29.7
nlv2b_norps_LNG500_refbrent,2035-08-18,10,Utility solar,839.8
nlv2b_norps_LNG500_refbrent,2035-08-18,10,Rooftop solar,0.0
nlv2b_norps_LNG500_refbrent,2035-08-18,10,Battery discharge (net),0.0
nlv2b_norps_LNG500_refbrent,2035-08-18,10,Battery charging (net),-160.6
nlv2b_norps_LNG500_refbrent,2035-08-18,10,Curtailed solar & wind,0.0
nlv2b_norps_LNG500_refbrent,2035-08-18,10,EV charging,-55.4
nlv2b_norps_LNG500_refbrent,2035-08-18,10,Hydrogen production,-0.0
nlv2b_norps_LNG500_refbrent,2035-08-18,10,Demand,892.6
nlv2b_norps_LNG500_refbrent,2035-08-18,12,Geothermal,93.1
nlv2b_norps_LNG500_refbrent,2035-08-18,12,Waste-to-energy,42.8
nlv2b_norps_LNG500_refbrent,2035-08-18,12,Thermal (oil/LNG),103.1
nlv2b_norps_LNG500_refbrent,2035-08-18,12,Wind,28.8
nlv2b_norps_LNG500_refbrent,2035-08-18,12,Utility solar,927.1
nlv2b_norps_LNG500_refbrent,2035-08-18,12,Rooftop solar,0.0
nlv2b_norps_LNG500_refbrent,2035-08-18,12,Battery discharge (net),0.0
nlv2b_norps_LNG500_refbrent,2035-08-18,12,Battery charging (net),-408.6
nlv2b_norps_LNG500_refbrent,2035-08-18,12,Curtailed solar & wind,0.0
nlv2b_norps_LNG500_refbrent,2035-08-18,12,EV charging,-23.4
nlv2b_norps_LNG500_refbrent,2035-08-18,12,Hydrogen production,-0.0
nlv2b_norps_LNG500_refbrent,2035-08-18,12,Demand,763.0
nlv2b_norps_LNG500_refbrent,2035-08-18,14,Geothermal,93.1
nlv2b_norps_LNG500_refbrent,2035-08-18,14,Waste-to-energy,42.8
nlv2b_norps_LNG500_refbrent,2035-08-18,14,Thermal (oil/LNG),103.1
nlv2b_norps_LNG500_refbrent,2035-08-18,14,Wind,26.1
nlv2b_norps_LNG500_refbrent,2035-08-18,14,Utility solar,947.3
nlv2b_norps_LNG500_refbrent,2035-08-18,14,Rooftop solar,0.0
nlv2b_norps_LNG500_refbrent,2035-08-18,14,Battery discharge (net),0.0
nlv2b_norps_LNG500_refbrent,2035-08-18,14,Battery charging (net),-343.1
nlv2b_norps_LNG500_refbrent,2035-08-18,14,Curtailed solar & wind,0.0
nlv2b_norps_LNG500_refbrent,2035-08-18,14,EV charging,-28.5
nlv2b_norps_LNG500_refbrent,2035-08-18,14,Hydrogen production,-0.0
nlv2b_norps_LNG500_refbrent,2035-08-18,14,Demand,840.7
nlv2b_norps_LNG500_refbrent,2035-08-18,16,Geothermal,93.1
nlv2b_norps_LNG500_refbrent,2035-08-18,16,Waste-to-energy,42.8
nlv2b_norps_LNG500_refbrent,2035-08-18,16,Thermal (oil/LNG),103.1
nlv2b_norps_LNG500_refbrent,2035-08-18,16,Wind,34.2
nlv2b_norps_LNG500_refbrent,2035-08-18,16,Utility solar,810.7
nlv2b_norps_LNG500_refbrent,2035-08-18,16,Rooftop solar,0.0
nlv2b_norps_LNG500_refbrent,2035-08-18,16,Battery discharge (net),0.0
nlv2b_norps_LNG500_refbrent,2035-08-18,16,Battery charging (net),0.0
nlv2b_norps_LNG500_refbrent,2035-08-18,16,Curtailed solar & wind,0.0
nlv2b_norps_LNG500_refbrent,2035-08-18,16,EV charging,-35.3
nlv2b_norps_LNG500_refbrent,2035-08-18,16,Hydrogen production,-0.0
nlv2b_norps_LNG500_refbrent,2035-08-18,16,Demand,1048.7
nlv2b_norps_LNG500_refbrent,2035-08-18,18,Geothermal,93.1
nlv2b_norps_LNG500_refbrent,2035-08-18,18,Waste-to-energy,42.8
nlv2b_norps_LNG500_refbrent,2035-08-18,18,Thermal (oil/LNG),606.9
nlv2b_norps_LNG500_refbrent,2035-08-18,18,Wind,43.8
nlv2b_norps_LNG500_refbrent,2035-08-18,18,Utility solar,66.2
nlv2b_norps_LNG500_refbrent,2035-08-18,18,Rooftop solar,0.0
nlv2b_norps_LNG500_refbrent,2035-08-18,18,Battery discharge (net),357.6
nlv2b_norps_LNG500_refbrent,2035-08-18,18,Battery charging (net),0.0
nlv2b_norps_LNG500_refbrent,2035-08-18,18,Curtailed solar & wind,0.0
nlv2b_norps_LNG500_refbrent,2035-08-18,18,EV charging,-49.4
nlv2b_norps_LNG500_refbrent,2035-08-18,18,Hydrogen production,-0.0
nlv2b_norps_LNG500_refbrent,2035-08-18,18,Demand,1160.9
nlv2b_norps_LNG500_refbrent,2035-08-18,20,Geothermal,93.1
nlv2b_norps_LNG500_refbrent,2035-08-18,20,Waste-to-energy,42.8
nlv2b_norps_LNG500_refbrent,2035-08-18,20,Thermal (oil/LNG),603.1
nlv2b_norps_LNG500_refbrent,2035-08-18,20,Wind,29.6
nlv2b_norps_LNG500_refbrent,2035-08-18,20,Utility solar,0.0
nlv2b_norps_LNG500_refbrent,2035-08-18,20,Rooftop solar,0.0
nlv2b_norps_LNG500_refbrent,2035-08-18,20,Battery discharge (net),390.9
nlv2b_norps_LNG500_refbrent,2035-08-18,20,Battery charging (net),0.0
nlv2b_norps_LNG500_refbrent,2035-08-18,20,Curtailed solar & wind,0.0
nlv2b_norps_LNG500_refbrent,2035-08-18,20,EV charging,-45.8
nlv2b_norps_LNG500_refbrent,2035-08-18,20,Hydrogen production,-0.0
nlv2b_norps_LNG500_refbrent,2035-08-18,20,Demand,1113.7
nlv2b_norps_LNG500_refbrent,2035-08-18,22,Geothermal,93.1
nlv2b_norps_LNG500_refbrent,2035-08-18,22,Waste-to-energy,42.8
nlv2b_norps_LNG500_refbrent,2035-08-18,22,Thermal (oil/LNG),603.1
nlv2b_norps_LNG500_refbrent,2035-08-18,22,Wind,28.7
nlv2b_norps_LNG500_refbrent,2035-08-18,22,Utility solar,0.0
nlv2b_norps_LNG500_refbrent,2035-08-18,22,Rooftop solar,0.0
nlv2b_norps_LNG500_refbrent,2035-08-18,22,Battery discharge (net),98.9
nlv2b_norps_LNG500_refbrent,2035-08-18,22,Battery charging (net),0.0
nlv2b_norps_LNG500_refbrent,2035-08-18,22,Curtailed solar & wind,0.0
nlv2b_norps_LNG500_refbrent,2035-08-18,22,EV charging,-11.5
nlv2b_norps_LNG500_refbrent,2035-08-18,22,Hydrogen production,-0.0
nlv2b_norps_LNG500_refbrent,2035-08-18,22,Demand,855.1
nlv2b_norps_LNG500_refbrent,2035-11-22,0,Geothermal,93.1
nlv2b_norps_LNG500_refbrent,2035-11-22,0,Waste-to-energy,42.8
nlv2b_norps_LNG500_refbrent,2035-11-22,0,Thermal (oil/LNG),603.1
nlv2b_norps_LNG500_refbrent,2035-11-22,0,Wind,16.9
nlv2b_norps_LNG500_refbrent,2035-11-22,0,Utility solar,0.0
nlv2b_norps_LNG500_refbrent,2035-11-22,0,Rooftop solar,0.0
nlv2b_norps_LNG500_refbrent,2035-11-22,0,Battery discharge (net),0.0
nlv2b_norps_LNG500_refbrent,2035-11-22,0,Battery charging (net),-71.0
nlv2b_norps_LNG500_refbrent,2035-11-22,0,Curtailed solar & wind,0.0
nlv2b_norps_LNG500_refbrent,2035-11-22,0,EV charging,-42.9
nlv2b_norps_LNG500_refbrent,2035-11-22,0,Hydrogen production,-0.0
nlv2b_norps_LNG500_refbrent,2035-11-22,0,Demand,642.1
nlv2b_norps_LNG500_refbrent,2035-11-22,2,Geothermal,93.1
nlv2b_norps_LNG500_refbrent,2035-11-22,2,Waste-to-energy,42.8
nlv2b_norps_LNG500_refbrent,2035-11-22,2,Thermal (oil/LNG),478.1
nlv2b_norps_LNG500_refbrent,2035-11-22,2,Wind,1.8
nlv2b_norps_LNG500_refbrent,2035-11-22,2,Utility solar,0.0
nlv2b_norps_LNG500_refbrent,2035-11-22,2,Rooftop solar,0.0
nlv2b_norps_LNG500_refbrent,2035-11-22,2,Battery discharge (net),0.0
nlv2b_norps_LNG500_refbrent,2035-11-22,2,Battery charging (net),-41.6
nlv2b_norps_LNG500_refbrent,2035-11-22,2,Curtailed solar & wind,0.0
nlv2b_norps_LNG500_refbrent,2035-11-22,2,EV charging,-6.4
nlv2b_norps_LNG500_refbrent,2035-11-22,2,Hydrogen production,-0.0
nlv2b_norps_LNG500_refbrent,2035-11-22,2,Demand,567.9
nlv2b_norps_LNG500_refbrent,2035-11-22,4,Geothermal,93.1
nlv2b_norps_LNG500_refbrent,2035-11-22,4,Waste-to-energy,42.8
nlv2b_norps_LNG500_refbrent,2035-11-22,4,Thermal (oil/LNG),603.1
nlv2b_norps_LNG500_refbrent,2035-11-22,4,Wind,0.0
nlv2b_norps_LNG500_refbrent,2035-11-22,4,Utility solar,0.0
nlv2b_norps_LNG500_refbrent,2035-11-22,4,Rooftop solar,0.0
nlv2b_norps_LNG500_refbrent,2035-11-22,4,Battery discharge (net),0.0
nlv2b_norps_LNG500_refbrent,2035-11-22,4,Battery charging (net),-73.3
nlv2b_norps_LNG500_refbrent,2035-11-22,4,Curtailed solar & wind,0.0
nlv2b_norps_LNG500_refbrent,2035-11-22,4,EV charging,-72.0
nlv2b_norps_LNG500_refbrent,2035-11-22,4,Hydrogen production,-0.0
nlv2b_norps_LNG500_refbrent,2035-11-22,4,Demand,593.6
nlv2b_norps_LNG500_refbrent,2035-11-22,6,Geothermal,93.1
nlv2b_norps_LNG500_refbrent,2035-11-22,6,Waste-to-energy,42.8
nlv2b_norps_LNG500_refbrent,2035-11-22,6,Thermal (oil/LNG),603.1
nlv2b_norps_LNG500_refbrent,2035-11-22,6,Wind,1.3
nlv2b_norps_LNG500_refbrent,2035-11-22,6,Utility solar,0.0
nlv2b_norps_LNG500_refbrent,2035-11-22,6,Rooftop solar,0.0
nlv2b_norps_LNG500_refbrent,2035-11-22,6,Battery discharge (net),8.6
nlv2b_norps_LNG500_refbrent,2035-11-22,6,Battery charging (net),0.0
nlv2b_norps_LNG500_refbrent,2035-11-22,6,Curtailed solar & wind,0.0
nlv2b_norps_LNG500_refbrent,2035-11-22,6,EV charging,-7.8
nlv2b_norps_LNG500_refbrent,2035-11-22,6,Hydrogen production,-0.0
nlv2b_norps_LNG500_refbrent,2035-11-22,6,Demand,741.2
nlv2b_norps_LNG500_refbrent,2035-11-22,8,Geothermal,93.1
nlv2b_norps_LNG500_refbrent,2035-11-22,8,Waste-to-energy,42.8
nlv2b_norps_LNG500_refbrent,2035-11-22,8,Thermal (oil/LNG),603.1
nlv2b_norps_LNG500_refbrent,2035-11-22,8,Wind,7.7
nlv2b_norps_LNG500_refbrent,2035-11-22,8,Utility solar,23.2
nlv2b_norps_LNG500_refbrent,2035-11-22,8,Rooftop solar,0.0
nlv2b_norps_LNG500_refbrent,2035-11-22,8,Battery discharge (net),45.2
nlv2b_norps_LNG500_refbrent,2035-11-22,8,Battery charging (net),0.0
nlv2b_norps_LNG500_refbrent,2035-11-22,8,Curtailed solar & wind,0.0
nlv2b_norps_LNG500_refbrent,2035-11-22,8,EV charging,-11.9
nlv2b_norps_LNG500_refbrent,2035-11-22,8,Hydrogen production,-0.0
nlv2b_norps_LNG500_refbrent,2035-11-22,8,Demand,803.3
nlv2b_norps_LNG500_refbrent,2035-11-22,10,Geothermal,93.1
nlv2b_norps_LNG500_refbrent,2035-11-22,10,Waste-to-energy,42.8
nlv2b_norps_LNG500_refbrent,2035-11-22,10,Thermal (oil/LNG),603.1
nlv2b_norps_LNG500_refbrent,2035-11-22,10,Wind,3.1
nlv2b_norps_LNG500_refbrent,2035-11-22,10,Utility solar,132.1
nlv2b_norps_LNG500_refbrent,2035-11-22,10,Rooftop solar,0.0
nlv2b_norps_LNG500_refbrent,2035-11-22,10,Battery discharge (net),0.0
nlv2b_norps_LNG500_refbrent,2035-11-22,10,Battery charging (net),-152.3
nlv2b_norps_LNG500_refbrent,2035-11-22,10,Curtailed solar & wind,0.0
nlv2b_norps_LNG500_refbrent,2035-11-22,10,EV charging,-20.4
nlv2b_norps_LNG500_refbrent,2035-11-22,10,Hydrogen production,-0.0
nlv2b_norps_LNG500_refbrent,2035-11-22,10,Demand,701.5
nlv2b_norps_LNG500_refbrent,2035-11-22,12,Geothermal,93.1
nlv2b_norps_LNG500_refbrent,2035-11-22,12,Waste-to-energy,42.8
nlv2b_norps_LNG500_refbrent,2035-11-22,12,Thermal (oil/LNG),353.1
nlv2b_norps_LNG500_refbrent,2035-11-22,12,Wind,3.1
nlv2b_norps_LNG500_refbrent,2035-11-22,12,Utility solar,230.3
nlv2b_norps_LNG500_refbrent,2035-11-22,12,Rooftop solar,0.0
nlv2b_norps_LNG500_refbrent,2035-11-22,12,Battery discharge (net),0.0
nlv2b_norps_LNG500_refbrent,2035-11-22,12,Battery charging (net),-82.9
nlv2b_norps_LNG500_refbrent,2035-11-22,12,Curtailed solar & wind,0.0
nlv2b_norps_LNG500_refbrent,2035-11-22,12,EV charging,-23.4
nlv2b_norps_LNG500_refbrent,2035-11-22,12,Hydrogen production,-0.0
nlv2b_norps_LNG500_refbrent,2035-11-22,12,Demand,616.2
nlv2b_norps_LNG500_refbrent,2035-11-22,14,Geothermal,93.1
nlv2b_norps_LNG500_refbrent,2035-11-22,14,Waste-to-energy,42.8
nlv2b_norps_LNG500_refbrent,2035-11-22,14,Thermal (oil/LNG),603.1
nlv2b_norps_LNG500_refbrent,2035-11-22,14,Wind,8.5
nlv2b_norps_LNG500_refbrent,2035-11-22,14,Utility solar,200.4
nlv2b_norps_LNG500_refbrent,2035-11-22,14,Rooftop solar,0.0
nlv2b_norps_LNG500_refbrent,2035-11-22,14,Battery discharge (net),0.0
nlv2b_norps_LNG500_refbrent,2035-11-22,14,Battery charging (net),-153.5
nlv2b_norps_LNG500_refbrent,2035-11-22,14,Curtailed solar & wind,0.0
nlv2b_norps_LNG500_refbrent,2035-11-22,14,EV charging,-179.6
nlv2b_norps_LNG500_refbrent,2035-11-22,14,Hydrogen production,-0.0
nlv2b_norps_LNG500_refbrent,2035-11-22,14,Demand,614.8
nlv2b_norps_LNG500_refbrent,2035-11-22,16,Geothermal,93.1
nlv2b_norps_LNG500_refbrent,2035-11-22,16,Waste-to-energy,42.8
nlv2b_norps_LNG500_refbrent,2035-11-22,16,Thermal (oil/LNG),603.1
nlv2b_norps_LNG500_refbrent,2035-11-22,16,Wind,15.5
nlv2b_norps_LNG500_refbrent,2035-11-22,16,Utility solar,181.3
nlv2b_norps_LNG500_refbrent,2035-11-22,16,Rooftop solar,0.0
nlv2b_norps_LNG500_refbrent,2035-11-22,16,Battery discharge (net),0.0
nlv2b_norps_LNG500_refbrent,2035-11-22,16,Battery charging (net),-31.0
nlv2b_norps_LNG500_refbrent,2035-11-22,16,Curtailed solar & wind,0.0
nlv2b_norps_LNG500_refbrent,2035-11-22,16,EV charging,-30.7
nlv2b_norps_LNG500_refbrent,2035-11-22,16,Hydrogen production,-0.0
nlv2b_norps_LNG500_refbrent,2035-11-22,16,Demand,874.2
nlv2b_norps_LNG500_refbrent,2035-11-22,18,Geothermal,93.1
nlv2b_norps_LNG500_refbrent,2035-11-22,18,Waste-to-energy,42.8
nlv2b_norps_LNG500_refbrent,2035-11-22,18,Thermal (oil/LNG),603.1
nlv2b_norps_LNG500_refbrent,2035-11-22,18,Wind,30.6
nlv2b_norps_LNG500_refbrent,2035-11-22,18,Utility solar,0.0
nlv2b_norps_LNG500_refbrent,2035-11-22,18,Rooftop solar,0.0
nlv2b_norps_LNG500_refbrent,2035-11-22,18,Battery discharge (net),319.9
nlv2b_norps_LNG500_refbrent,2035-11-22,18,Battery charging (net),0.0
nlv2b_norps_LNG500_refbrent,2035-11-22,18,Curtailed solar & wind,0.0
nlv2b_norps_LNG500_refbrent,2035-11-22,18,EV charging,-49.4
nlv2b_norps_LNG500_refbrent,2035-11-22,18,Hydrogen production,-0.0
nlv2b_norps_LNG500_refbrent,2035-11-22,18,Demand,1040.1
nlv2b_norps_LNG500_refbrent,2035-11-22,20,Geothermal,93.1
nlv2b_norps_LNG500_refbrent,2035-11-22,20,Waste-to-energy,42.8
nlv2b_norps_LNG500_refbrent,2035-11-22,20,Thermal (oil/LNG),606.0
nlv2b_norps_LNG500_refbrent,2035-11-22,20,Wind,37.5
nlv2b_norps_LNG500_refbrent,2035-11-22,20,Utility solar,0.0
nlv2b_norps_LNG500_refbrent,2035-11-22,20,Rooftop solar,0.0
nlv2b_norps_LNG500_refbrent,2035-11-22,20,Battery discharge (net),157.1
nlv2b_norps_LNG500_refbrent,2035-11-22,20,Battery charging (net),0.0
nlv2b_norps_LNG500_refbrent,2035-11-22,20,Curtailed solar & wind,0.0
nlv2b_norps_LNG500_refbrent,2035-11-22,20,EV charging,-45.8
nlv2b_norps_LNG500_refbrent,2035-11-22,20,Hydrogen production,-0.0
nlv2b_norps_LNG500_refbrent,2035-11-22,20,Demand,890.6
nlv2b_norps_LNG500_refbrent,2035-11-22,22,Geothermal,93.1
nlv2b_norps_LNG500_refbrent,2035-11-22,22,Waste-to-energy,42.8
nlv2b_norps_LNG500_refbrent,2035-11-22,22,Thermal (oil/LNG),607.7
nlv2b_norps_LNG500_refbrent,2035-11-22,22,Wind,3.0
nlv2b_norps_LNG500_refbrent,2035-11-22,22,Utility solar,0.0
nlv2b_norps_LNG500_refbrent,2035-11-22,22,Rooftop solar,0.0
nlv2b_norps_LNG500_refbrent,2035-11-22,22,Battery discharge (net),14.2
nlv2b_norps_LNG500_refbrent,2035-11-22,22,Battery charging (net),0.0
nlv2b_norps_LNG500_refbrent,2035-11-22,22,Curtailed solar & wind,0.0
nlv2b_norps_LNG500_refbrent,2035-11-22,22,EV charging,-11.5
nlv2b_norps_LNG500_refbrent,2035-11-22,22,Hydrogen production,-0.0
nlv2b_norps_LNG500_refbrent,2035-11-22,22,Demand,749.4
nlv2s_C4_NOTHERMAL_refbrent,2035-08-18,0,Geothermal,93.1
nlv2s_C4_NOTHERMAL_refbrent,2035-08-18,0,Waste-to-energy,42.8
nlv2s_C4_NOTHERMAL_refbrent,2035-08-18,0,Thermal (oil/LNG),103.1
nlv2s_C4_NOTHERMAL_refbrent,2035-08-18,0,Wind,46.2
nlv2s_C4_NOTHERMAL_refbrent,2035-08-18,0,Utility solar,0.0
nlv2s_C4_NOTHERMAL_refbrent,2035-08-18,0,Rooftop solar,0.0
nlv2s_C4_NOTHERMAL_refbrent,2035-08-18,0,Battery discharge (net),417.4
nlv2s_C4_NOTHERMAL_refbrent,2035-08-18,0,Battery charging (net),0.0
nlv2s_C4_NOTHERMAL_refbrent,2035-08-18,0,Curtailed solar & wind,0.0
nlv2s_C4_NOTHERMAL_refbrent,2035-08-18,0,EV charging,-8.8
nlv2s_C4_NOTHERMAL_refbrent,2035-08-18,0,Hydrogen production,-0.0
nlv2s_C4_NOTHERMAL_refbrent,2035-08-18,0,Demand,693.8
nlv2s_C4_NOTHERMAL_refbrent,2035-08-18,2,Geothermal,93.1
nlv2s_C4_NOTHERMAL_refbrent,2035-08-18,2,Waste-to-energy,42.8
nlv2s_C4_NOTHERMAL_refbrent,2035-08-18,2,Thermal (oil/LNG),103.1
nlv2s_C4_NOTHERMAL_refbrent,2035-08-18,2,Wind,42.4
nlv2s_C4_NOTHERMAL_refbrent,2035-08-18,2,Utility solar,0.0
nlv2s_C4_NOTHERMAL_refbrent,2035-08-18,2,Rooftop solar,0.0
nlv2s_C4_NOTHERMAL_refbrent,2035-08-18,2,Battery discharge (net),364.4
nlv2s_C4_NOTHERMAL_refbrent,2035-08-18,2,Battery charging (net),0.0
nlv2s_C4_NOTHERMAL_refbrent,2035-08-18,2,Curtailed solar & wind,0.0
nlv2s_C4_NOTHERMAL_refbrent,2035-08-18,2,EV charging,-6.4
nlv2s_C4_NOTHERMAL_refbrent,2035-08-18,2,Hydrogen production,-0.0
nlv2s_C4_NOTHERMAL_refbrent,2035-08-18,2,Demand,639.5
nlv2s_C4_NOTHERMAL_refbrent,2035-08-18,4,Geothermal,93.1
nlv2s_C4_NOTHERMAL_refbrent,2035-08-18,4,Waste-to-energy,42.8
nlv2s_C4_NOTHERMAL_refbrent,2035-08-18,4,Thermal (oil/LNG),103.1
nlv2s_C4_NOTHERMAL_refbrent,2035-08-18,4,Wind,18.4
nlv2s_C4_NOTHERMAL_refbrent,2035-08-18,4,Utility solar,0.0
nlv2s_C4_NOTHERMAL_refbrent,2035-08-18,4,Rooftop solar,0.0
nlv2s_C4_NOTHERMAL_refbrent,2035-08-18,4,Battery discharge (net),458.5
nlv2s_C4_NOTHERMAL_refbrent,2035-08-18,4,Battery charging (net),0.0
nlv2s_C4_NOTHERMAL_refbrent,2035-08-18,4,Curtailed solar & wind,0.0
nlv2s_C4_NOTHERMAL_refbrent,2035-08-18,4,EV charging,-6.4
nlv2s_C4_NOTHERMAL_refbrent,2035-08-18,4,Hydrogen production,-0.0
nlv2s_C4_NOTHERMAL_refbrent,2035-08-18,4,Demand,709.5
nlv2s_C4_NOTHERMAL_refbrent,2035-08-18,6,Geothermal,93.1
nlv2s_C4_NOTHERMAL_refbrent,2035-08-18,6,Waste-to-energy,42.8
nlv2s_C4_NOTHERMAL_refbrent,2035-08-18,6,Thermal (oil/LNG),103.1
nlv2s_C4_NOTHERMAL_refbrent,2035-08-18,6,Wind,21.4
nlv2s_C4_NOTHERMAL_refbrent,2035-08-18,6,Utility solar,45.4
nlv2s_C4_NOTHERMAL_refbrent,2035-08-18,6,Rooftop solar,0.0
nlv2s_C4_NOTHERMAL_refbrent,2035-08-18,6,Battery discharge (net),672.9
nlv2s_C4_NOTHERMAL_refbrent,2035-08-18,6,Battery charging (net),0.0
nlv2s_C4_NOTHERMAL_refbrent,2035-08-18,6,Curtailed solar & wind,5.6
nlv2s_C4_NOTHERMAL_refbrent,2035-08-18,6,EV charging,-7.8
nlv2s_C4_NOTHERMAL_refbrent,2035-08-18,6,Hydrogen production,-0.0
nlv2s_C4_NOTHERMAL_refbrent,2035-08-18,6,Demand,970.9
nlv2s_C4_NOTHERMAL_refbrent,2035-08-18,8,Geothermal,93.1
nlv2s_C4_NOTHERMAL_refbrent,2035-08-18,8,Waste-to-energy,42.8
nlv2s_C4_NOTHERMAL_refbrent,2035-08-18,8,Thermal (oil/LNG),103.1
nlv2s_C4_NOTHERMAL_refbrent,2035-08-18,8,Wind,17.8
nlv2s_C4_NOTHERMAL_refbrent,2035-08-18,8,Utility solar,1620.1
nlv2s_C4_NOTHERMAL_refbrent,2035-08-18,8,Rooftop solar,0.0
nlv2s_C4_NOTHERMAL_refbrent,2035-08-18,8,Battery discharge (net),0.0
nlv2s_C4_NOTHERMAL_refbrent,2035-08-18,8,Battery charging (net),-1010.1
nlv2s_C4_NOTHERMAL_refbrent,2035-08-18,8,Curtailed solar & wind,298.8
nlv2s_C4_NOTHERMAL_refbrent,2035-08-18,8,EV charging,-11.9
nlv2s_C4_NOTHERMAL_refbrent,2035-08-18,8,Hydrogen production,-0.0
nlv2s_C4_NOTHERMAL_refbrent,2035-08-18,8,Demand,854.9
nlv2s_C4_NOTHERMAL_refbrent,2035-08-18,10,Geothermal,93.1
nlv2s_C4_NOTHERMAL_refbrent,2035-08-18,10,Waste-to-energy,42.8
nlv2s_C4_NOTHERMAL_refbrent,2035-08-18,10,Thermal (oil/LNG),103.1
nlv2s_C4_NOTHERMAL_refbrent,2035-08-18,10,Wind,29.7
nlv2s_C4_NOTHERMAL_refbrent,2035-08-18,10,Utility solar,1430.9
nlv2s_C4_NOTHERMAL_refbrent,2035-08-18,10,Rooftop solar,0.0
nlv2s_C4_NOTHERMAL_refbrent,2035-08-18,10,Battery discharge (net),0.0
nlv2s_C4_NOTHERMAL_refbrent,2035-08-18,10,Battery charging (net),-853.4
nlv2s_C4_NOTHERMAL_refbrent,2035-08-18,10,Curtailed solar & wind,153.6
nlv2s_C4_NOTHERMAL_refbrent,2035-08-18,10,EV charging,-20.4
nlv2s_C4_NOTHERMAL_refbrent,2035-08-18,10,Hydrogen production,-0.0
nlv2s_C4_NOTHERMAL_refbrent,2035-08-18,10,Demand,825.8
nlv2s_C4_NOTHERMAL_refbrent,2035-08-18,12,Geothermal,93.1
nlv2s_C4_NOTHERMAL_refbrent,2035-08-18,12,Waste-to-energy,42.8
nlv2s_C4_NOTHERMAL_refbrent,2035-08-18,12,Thermal (oil/LNG),103.1
nlv2s_C4_NOTHERMAL_refbrent,2035-08-18,12,Wind,28.8
nlv2s_C4_NOTHERMAL_refbrent,2035-08-18,12,Utility solar,1332.7
nlv2s_C4_NOTHERMAL_refbrent,2035-08-18,12,Rooftop solar,0.0
nlv2s_C4_NOTHERMAL_refbrent,2035-08-18,12,Battery discharge (net),0.0
nlv2s_C4_NOTHERMAL_refbrent,2035-08-18,12,Battery charging (net),-911.6
nlv2s_C4_NOTHERMAL_refbrent,2035-08-18,12,Curtailed solar & wind,490.8
nlv2s_C4_NOTHERMAL_refbrent,2035-08-18,12,EV charging,-23.4
nlv2s_C4_NOTHERMAL_refbrent,2035-08-18,12,Hydrogen production,-0.0
nlv2s_C4_NOTHERMAL_refbrent,2035-08-18,12,Demand,665.5
nlv2s_C4_NOTHERMAL_refbrent,2035-08-18,14,Geothermal,93.1
nlv2s_C4_NOTHERMAL_refbrent,2035-08-18,14,Waste-to-energy,42.8
nlv2s_C4_NOTHERMAL_refbrent,2035-08-18,14,Thermal (oil/LNG),103.1
nlv2s_C4_NOTHERMAL_refbrent,2035-08-18,14,Wind,26.1
nlv2s_C4_NOTHERMAL_refbrent,2035-08-18,14,Utility solar,1845.4
nlv2s_C4_NOTHERMAL_refbrent,2035-08-18,14,Rooftop solar,0.0
nlv2s_C4_NOTHERMAL_refbrent,2035-08-18,14,Battery discharge (net),0.0
nlv2s_C4_NOTHERMAL_refbrent,2035-08-18,14,Battery charging (net),-1073.8
nlv2s_C4_NOTHERMAL_refbrent,2035-08-18,14,Curtailed solar & wind,49.3
nlv2s_C4_NOTHERMAL_refbrent,2035-08-18,14,EV charging,-279.3
nlv2s_C4_NOTHERMAL_refbrent,2035-08-18,14,Hydrogen production,-0.0
nlv2s_C4_NOTHERMAL_refbrent,2035-08-18,14,Demand,757.4
nlv2s_C4_NOTHERMAL_refbrent,2035-08-18,16,Geothermal,93.1
nlv2s_C4_NOTHERMAL_refbrent,2035-08-18,16,Waste-to-energy,42.8
nlv2s_C4_NOTHERMAL_refbrent,2035-08-18,16,Thermal (oil/LNG),103.1
nlv2s_C4_NOTHERMAL_refbrent,2035-08-18,16,Wind,34.2
nlv2s_C4_NOTHERMAL_refbrent,2035-08-18,16,Utility solar,1487.2
nlv2s_C4_NOTHERMAL_refbrent,2035-08-18,16,Rooftop solar,0.0
nlv2s_C4_NOTHERMAL_refbrent,2035-08-18,16,Battery discharge (net),0.0
nlv2s_C4_NOTHERMAL_refbrent,2035-08-18,16,Battery charging (net),-724.7
nlv2s_C4_NOTHERMAL_refbrent,2035-08-18,16,Curtailed solar & wind,86.0
nlv2s_C4_NOTHERMAL_refbrent,2035-08-18,16,EV charging,-30.7
nlv2s_C4_NOTHERMAL_refbrent,2035-08-18,16,Hydrogen production,-0.0
nlv2s_C4_NOTHERMAL_refbrent,2035-08-18,16,Demand,1005.1
nlv2s_C4_NOTHERMAL_refbrent,2035-08-18,18,Geothermal,93.1
nlv2s_C4_NOTHERMAL_refbrent,2035-08-18,18,Waste-to-energy,42.8
nlv2s_C4_NOTHERMAL_refbrent,2035-08-18,18,Thermal (oil/LNG),103.1
nlv2s_C4_NOTHERMAL_refbrent,2035-08-18,18,Wind,43.8
nlv2s_C4_NOTHERMAL_refbrent,2035-08-18,18,Utility solar,149.5
nlv2s_C4_NOTHERMAL_refbrent,2035-08-18,18,Rooftop solar,0.0
nlv2s_C4_NOTHERMAL_refbrent,2035-08-18,18,Battery discharge (net),768.2
nlv2s_C4_NOTHERMAL_refbrent,2035-08-18,18,Battery charging (net),0.0
nlv2s_C4_NOTHERMAL_refbrent,2035-08-18,18,Curtailed solar & wind,0.0
nlv2s_C4_NOTHERMAL_refbrent,2035-08-18,18,EV charging,-49.4
nlv2s_C4_NOTHERMAL_refbrent,2035-08-18,18,Hydrogen production,-0.0
nlv2s_C4_NOTHERMAL_refbrent,2035-08-18,18,Demand,1151.1
nlv2s_C4_NOTHERMAL_refbrent,2035-08-18,20,Geothermal,93.1
nlv2s_C4_NOTHERMAL_refbrent,2035-08-18,20,Waste-to-energy,42.8
nlv2s_C4_NOTHERMAL_refbrent,2035-08-18,20,Thermal (oil/LNG),103.1
nlv2s_C4_NOTHERMAL_refbrent,2035-08-18,20,Wind,29.6
nlv2s_C4_NOTHERMAL_refbrent,2035-08-18,20,Utility solar,0.0
nlv2s_C4_NOTHERMAL_refbrent,2035-08-18,20,Rooftop solar,0.0
nlv2s_C4_NOTHERMAL_refbrent,2035-08-18,20,Battery discharge (net),861.2
nlv2s_C4_NOTHERMAL_refbrent,2035-08-18,20,Battery charging (net),0.0
nlv2s_C4_NOTHERMAL_refbrent,2035-08-18,20,Curtailed solar & wind,0.0
nlv2s_C4_NOTHERMAL_refbrent,2035-08-18,20,EV charging,-45.8
nlv2s_C4_NOTHERMAL_refbrent,2035-08-18,20,Hydrogen production,-0.0
nlv2s_C4_NOTHERMAL_refbrent,2035-08-18,20,Demand,1083.9
nlv2s_C4_NOTHERMAL_refbrent,2035-08-18,22,Geothermal,93.1
nlv2s_C4_NOTHERMAL_refbrent,2035-08-18,22,Waste-to-energy,42.8
nlv2s_C4_NOTHERMAL_refbrent,2035-08-18,22,Thermal (oil/LNG),103.1
nlv2s_C4_NOTHERMAL_refbrent,2035-08-18,22,Wind,28.7
nlv2s_C4_NOTHERMAL_refbrent,2035-08-18,22,Utility solar,0.0
nlv2s_C4_NOTHERMAL_refbrent,2035-08-18,22,Rooftop solar,0.0
nlv2s_C4_NOTHERMAL_refbrent,2035-08-18,22,Battery discharge (net),573.7
nlv2s_C4_NOTHERMAL_refbrent,2035-08-18,22,Battery charging (net),0.0
nlv2s_C4_NOTHERMAL_refbrent,2035-08-18,22,Curtailed solar & wind,0.0
nlv2s_C4_NOTHERMAL_refbrent,2035-08-18,22,EV charging,-11.5
nlv2s_C4_NOTHERMAL_refbrent,2035-08-18,22,Hydrogen production,-0.0
nlv2s_C4_NOTHERMAL_refbrent,2035-08-18,22,Demand,829.9
nlv2s_C4_NOTHERMAL_refbrent,2035-11-22,0,Geothermal,93.1
nlv2s_C4_NOTHERMAL_refbrent,2035-11-22,0,Waste-to-energy,42.8
nlv2s_C4_NOTHERMAL_refbrent,2035-11-22,0,Thermal (oil/LNG),498.1
nlv2s_C4_NOTHERMAL_refbrent,2035-11-22,0,Wind,16.9
nlv2s_C4_NOTHERMAL_refbrent,2035-11-22,0,Utility solar,0.0
nlv2s_C4_NOTHERMAL_refbrent,2035-11-22,0,Rooftop solar,0.0
nlv2s_C4_NOTHERMAL_refbrent,2035-11-22,0,Battery discharge (net),0.0
nlv2s_C4_NOTHERMAL_refbrent,2035-11-22,0,Battery charging (net),0.0
nlv2s_C4_NOTHERMAL_refbrent,2035-11-22,0,Curtailed solar & wind,0.0
nlv2s_C4_NOTHERMAL_refbrent,2035-11-22,0,EV charging,-8.8
nlv2s_C4_NOTHERMAL_refbrent,2035-11-22,0,Hydrogen production,-0.0
nlv2s_C4_NOTHERMAL_refbrent,2035-11-22,0,Demand,642.1
nlv2s_C4_NOTHERMAL_refbrent,2035-11-22,2,Geothermal,93.1
nlv2s_C4_NOTHERMAL_refbrent,2035-11-22,2,Waste-to-energy,42.8
nlv2s_C4_NOTHERMAL_refbrent,2035-11-22,2,Thermal (oil/LNG),446.3
nlv2s_C4_NOTHERMAL_refbrent,2035-11-22,2,Wind,1.8
nlv2s_C4_NOTHERMAL_refbrent,2035-11-22,2,Utility solar,0.0
nlv2s_C4_NOTHERMAL_refbrent,2035-11-22,2,Rooftop solar,0.0
nlv2s_C4_NOTHERMAL_refbrent,2035-11-22,2,Battery discharge (net),0.0
nlv2s_C4_NOTHERMAL_refbrent,2035-11-22,2,Battery charging (net),-9.8
nlv2s_C4_NOTHERMAL_refbrent,2035-11-22,2,Curtailed solar & wind,0.0
nlv2s_C4_NOTHERMAL_refbrent,2035-11-22,2,EV charging,-6.4
nlv2s_C4_NOTHERMAL_refbrent,2035-11-22,2,Hydrogen production,-0.0
nlv2s_C4_NOTHERMAL_refbrent,2035-11-22,2,Demand,567.9
nlv2s_C4_NOTHERMAL_refbrent,2035-11-22,4,Geothermal,93.1
nlv2s_C4_NOTHERMAL_refbrent,2035-11-22,4,Waste-to-energy,42.8
nlv2s_C4_NOTHERMAL_refbrent,2035-11-22,4,Thermal (oil/LNG),464.1
nlv2s_C4_NOTHERMAL_refbrent,2035-11-22,4,Wind,0.0
nlv2s_C4_NOTHERMAL_refbrent,2035-11-22,4,Utility solar,0.0
nlv2s_C4_NOTHERMAL_refbrent,2035-11-22,4,Rooftop solar,0.0
nlv2s_C4_NOTHERMAL_refbrent,2035-11-22,4,Battery discharge (net),0.0
nlv2s_C4_NOTHERMAL_refbrent,2035-11-22,4,Battery charging (net),0.0
nlv2s_C4_NOTHERMAL_refbrent,2035-11-22,4,Curtailed solar & wind,0.0
nlv2s_C4_NOTHERMAL_refbrent,2035-11-22,4,EV charging,-6.4
nlv2s_C4_NOTHERMAL_refbrent,2035-11-22,4,Hydrogen production,-0.0
nlv2s_C4_NOTHERMAL_refbrent,2035-11-22,4,Demand,593.6
nlv2s_C4_NOTHERMAL_refbrent,2035-11-22,6,Geothermal,93.1
nlv2s_C4_NOTHERMAL_refbrent,2035-11-22,6,Waste-to-energy,42.8
nlv2s_C4_NOTHERMAL_refbrent,2035-11-22,6,Thermal (oil/LNG),545.5
nlv2s_C4_NOTHERMAL_refbrent,2035-11-22,6,Wind,1.3
nlv2s_C4_NOTHERMAL_refbrent,2035-11-22,6,Utility solar,0.0
nlv2s_C4_NOTHERMAL_refbrent,2035-11-22,6,Rooftop solar,0.0
nlv2s_C4_NOTHERMAL_refbrent,2035-11-22,6,Battery discharge (net),66.2
nlv2s_C4_NOTHERMAL_refbrent,2035-11-22,6,Battery charging (net),0.0
nlv2s_C4_NOTHERMAL_refbrent,2035-11-22,6,Curtailed solar & wind,0.0
nlv2s_C4_NOTHERMAL_refbrent,2035-11-22,6,EV charging,-7.8
nlv2s_C4_NOTHERMAL_refbrent,2035-11-22,6,Hydrogen production,-0.0
nlv2s_C4_NOTHERMAL_refbrent,2035-11-22,6,Demand,741.2
nlv2s_C4_NOTHERMAL_refbrent,2035-11-22,8,Geothermal,93.1
nlv2s_C4_NOTHERMAL_refbrent,2035-11-22,8,Waste-to-energy,42.8
nlv2s_C4_NOTHERMAL_refbrent,2035-11-22,8,Thermal (oil/LNG),545.5
nlv2s_C4_NOTHERMAL_refbrent,2035-11-22,8,Wind,7.7
nlv2s_C4_NOTHERMAL_refbrent,2035-11-22,8,Utility solar,62.7
nlv2s_C4_NOTHERMAL_refbrent,2035-11-22,8,Rooftop solar,0.0
nlv2s_C4_NOTHERMAL_refbrent,2035-11-22,8,Battery discharge (net),32.3
nlv2s_C4_NOTHERMAL_refbrent,2035-11-22,8,Battery charging (net),0.0
nlv2s_C4_NOTHERMAL_refbrent,2035-11-22,8,Curtailed solar & wind,0.0
nlv2s_C4_NOTHERMAL_refbrent,2035-11-22,8,EV charging,-11.9
nlv2s_C4_NOTHERMAL_refbrent,2035-11-22,8,Hydrogen production,-0.0
nlv2s_C4_NOTHERMAL_refbrent,2035-11-22,8,Demand,772.2
nlv2s_C4_NOTHERMAL_refbrent,2035-11-22,10,Geothermal,93.1
nlv2s_C4_NOTHERMAL_refbrent,2035-11-22,10,Waste-to-energy,42.8
nlv2s_C4_NOTHERMAL_refbrent,2035-11-22,10,Thermal (oil/LNG),458.8
nlv2s_C4_NOTHERMAL_refbrent,2035-11-22,10,Wind,3.1
nlv2s_C4_NOTHERMAL_refbrent,2035-11-22,10,Utility solar,213.1
nlv2s_C4_NOTHERMAL_refbrent,2035-11-22,10,Rooftop solar,0.0
nlv2s_C4_NOTHERMAL_refbrent,2035-11-22,10,Battery discharge (net),0.0
nlv2s_C4_NOTHERMAL_refbrent,2035-11-22,10,Battery charging (net),-140.6
nlv2s_C4_NOTHERMAL_refbrent,2035-11-22,10,Curtailed solar & wind,0.0
nlv2s_C4_NOTHERMAL_refbrent,2035-11-22,10,EV charging,-31.3
nlv2s_C4_NOTHERMAL_refbrent,2035-11-22,10,Hydrogen production,-0.0
nlv2s_C4_NOTHERMAL_refbrent,2035-11-22,10,Demand,638.9
nlv2s_C4_NOTHERMAL_refbrent,2035-11-22,12,Geothermal,93.1
nlv2s_C4_NOTHERMAL_refbrent,2035-11-22,12,Waste-to-energy,42.8
nlv2s_C4_NOTHERMAL_refbrent,2035-11-22,12,Thermal (oil/LNG),451.4
nlv2s_C4_NOTHERMAL_refbrent,2035-11-22,12,Wind,3.1
nlv2s_C4_NOTHERMAL_refbrent,2035-11-22,12,Utility solar,407.9
nlv2s_C4_NOTHERMAL_refbrent,2035-11-22,12,Rooftop solar,0.0
nlv2s_C4_NOTHERMAL_refbrent,2035-11-22,12,Battery discharge (net),0.0
nlv2s_C4_NOTHERMAL_refbrent,2035-11-22,12,Battery charging (net),-234.5
nlv2s_C4_NOTHERMAL_refbrent,2035-11-22,12,Curtailed solar & wind,0.0
nlv2s_C4_NOTHERMAL_refbrent,2035-11-22,12,EV charging,-223.4
nlv2s_C4_NOTHERMAL_refbrent,2035-11-22,12,Hydrogen production,-0.0
nlv2s_C4_NOTHERMAL_refbrent,2035-11-22,12,Demand,540.3
nlv2s_C4_NOTHERMAL_refbrent,2035-11-22,14,Geothermal,93.1
nlv2s_C4_NOTHERMAL_refbrent,2035-11-22,14,Waste-to-energy,42.8
nlv2s_C4_NOTHERMAL_refbrent,2035-11-22,14,Thermal (oil/LNG),447.6
nlv2s_C4_NOTHERMAL_refbrent,2035-11-22,14,Wind,8.5
nlv2s_C4_NOTHERMAL_refbrent,2035-11-22,14,Utility solar,404.4
nlv2s_C4_NOTHERMAL_refbrent,2035-11-22,14,Rooftop solar,0.0
nlv2s_C4_NOTHERMAL_refbrent,2035-11-22,14,Battery discharge (net),0.0
nlv2s_C4_NOTHERMAL_refbrent,2035-11-22,14,Battery charging (net),-420.0
nlv2s_C4_NOTHERMAL_refbrent,2035-11-22,14,Curtailed solar & wind,0.0
nlv2s_C4_NOTHERMAL_refbrent,2035-11-22,14,EV charging,-28.5
nlv2s_C4_NOTHERMAL_refbrent,2035-11-22,14,Hydrogen production,-0.0
nlv2s_C4_NOTHERMAL_refbrent,2035-11-22,14,Demand,547.9
nlv2s_C4_NOTHERMAL_refbrent,2035-11-22,16,Geothermal,93.1
nlv2s_C4_NOTHERMAL_refbrent,2035-11-22,16,Waste-to-energy,42.8
nlv2s_C4_NOTHERMAL_refbrent,2035-11-22,16,Thermal (oil/LNG),458.8
nlv2s_C4_NOTHERMAL_refbrent,2035-11-22,16,Wind,15.5
nlv2s_C4_NOTHERMAL_refbrent,2035-11-22,16,Utility solar,308.3
nlv2s_C4_NOTHERMAL_refbrent,2035-11-22,16,Rooftop solar,0.0
nlv2s_C4_NOTHERMAL_refbrent,2035-11-22,16,Battery discharge (net),0.0
nlv2s_C4_NOTHERMAL_refbrent,2035-11-22,16,Battery charging (net),0.0
nlv2s_C4_NOTHERMAL_refbrent,2035-11-22,16,Curtailed solar & wind,0.0
nlv2s_C4_NOTHERMAL_refbrent,2035-11-22,16,EV charging,-70.5
nlv2s_C4_NOTHERMAL_refbrent,2035-11-22,16,Hydrogen production,-0.0
nlv2s_C4_NOTHERMAL_refbrent,2035-11-22,16,Demand,848.0
nlv2s_C4_NOTHERMAL_refbrent,2035-11-22,18,Geothermal,93.1
nlv2s_C4_NOTHERMAL_refbrent,2035-11-22,18,Waste-to-energy,42.8
nlv2s_C4_NOTHERMAL_refbrent,2035-11-22,18,Thermal (oil/LNG),545.5
nlv2s_C4_NOTHERMAL_refbrent,2035-11-22,18,Wind,30.6
nlv2s_C4_NOTHERMAL_refbrent,2035-11-22,18,Utility solar,0.0
nlv2s_C4_NOTHERMAL_refbrent,2035-11-22,18,Rooftop solar,0.0
nlv2s_C4_NOTHERMAL_refbrent,2035-11-22,18,Battery discharge (net),377.5
nlv2s_C4_NOTHERMAL_refbrent,2035-11-22,18,Battery charging (net),0.0
nlv2s_C4_NOTHERMAL_refbrent,2035-11-22,18,Curtailed solar & wind,0.0
nlv2s_C4_NOTHERMAL_refbrent,2035-11-22,18,EV charging,-49.4
nlv2s_C4_NOTHERMAL_refbrent,2035-11-22,18,Hydrogen production,-0.0
nlv2s_C4_NOTHERMAL_refbrent,2035-11-22,18,Demand,1040.1
nlv2s_C4_NOTHERMAL_refbrent,2035-11-22,20,Geothermal,93.1
nlv2s_C4_NOTHERMAL_refbrent,2035-11-22,20,Waste-to-energy,42.8
nlv2s_C4_NOTHERMAL_refbrent,2035-11-22,20,Thermal (oil/LNG),545.5
nlv2s_C4_NOTHERMAL_refbrent,2035-11-22,20,Wind,37.5
nlv2s_C4_NOTHERMAL_refbrent,2035-11-22,20,Utility solar,0.0
nlv2s_C4_NOTHERMAL_refbrent,2035-11-22,20,Rooftop solar,0.0
nlv2s_C4_NOTHERMAL_refbrent,2035-11-22,20,Battery discharge (net),192.9
nlv2s_C4_NOTHERMAL_refbrent,2035-11-22,20,Battery charging (net),0.0
nlv2s_C4_NOTHERMAL_refbrent,2035-11-22,20,Curtailed solar & wind,0.0
nlv2s_C4_NOTHERMAL_refbrent,2035-11-22,20,EV charging,-45.8
nlv2s_C4_NOTHERMAL_refbrent,2035-11-22,20,Hydrogen production,-0.0
nlv2s_C4_NOTHERMAL_refbrent,2035-11-22,20,Demand,865.9
nlv2s_C4_NOTHERMAL_refbrent,2035-11-22,22,Geothermal,93.1
nlv2s_C4_NOTHERMAL_refbrent,2035-11-22,22,Waste-to-energy,42.8
nlv2s_C4_NOTHERMAL_refbrent,2035-11-22,22,Thermal (oil/LNG),545.5
nlv2s_C4_NOTHERMAL_refbrent,2035-11-22,22,Wind,3.0
nlv2s_C4_NOTHERMAL_refbrent,2035-11-22,22,Utility solar,0.0
nlv2s_C4_NOTHERMAL_refbrent,2035-11-22,22,Rooftop solar,0.0
nlv2s_C4_NOTHERMAL_refbrent,2035-11-22,22,Battery discharge (net),55.5
nlv2s_C4_NOTHERMAL_refbrent,2035-11-22,22,Battery charging (net),0.0
nlv2s_C4_NOTHERMAL_refbrent,2035-11-22,22,Curtailed solar & wind,0.0
nlv2s_C4_NOTHERMAL_refbrent,2035-11-22,22,EV charging,-11.5
nlv2s_C4_NOTHERMAL_refbrent,2035-11-22,22,Hydrogen production,-0.0
nlv2s_C4_NOTHERMAL_refbrent,2035-11-22,22,Demand,728.5
nlv2a_C4_NOTHERMAL_refbrent,2035-08-18,0,Geothermal,93.1
nlv2a_C4_NOTHERMAL_refbrent,2035-08-18,0,Waste-to-energy,42.8
nlv2a_C4_NOTHERMAL_refbrent,2035-08-18,0,Thermal (oil/LNG),108.1
nlv2a_C4_NOTHERMAL_refbrent,2035-08-18,0,Wind,46.2
nlv2a_C4_NOTHERMAL_refbrent,2035-08-18,0,Utility solar,0.0
nlv2a_C4_NOTHERMAL_refbrent,2035-08-18,0,Rooftop solar,0.0
nlv2a_C4_NOTHERMAL_refbrent,2035-08-18,0,Battery discharge (net),412.4
nlv2a_C4_NOTHERMAL_refbrent,2035-08-18,0,Battery charging (net),0.0
nlv2a_C4_NOTHERMAL_refbrent,2035-08-18,0,Curtailed solar & wind,0.0
nlv2a_C4_NOTHERMAL_refbrent,2035-08-18,0,EV charging,-8.8
nlv2a_C4_NOTHERMAL_refbrent,2035-08-18,0,Hydrogen production,-0.0
nlv2a_C4_NOTHERMAL_refbrent,2035-08-18,0,Demand,693.8
nlv2a_C4_NOTHERMAL_refbrent,2035-08-18,2,Geothermal,93.1
nlv2a_C4_NOTHERMAL_refbrent,2035-08-18,2,Waste-to-energy,42.8
nlv2a_C4_NOTHERMAL_refbrent,2035-08-18,2,Thermal (oil/LNG),107.7
nlv2a_C4_NOTHERMAL_refbrent,2035-08-18,2,Wind,42.4
nlv2a_C4_NOTHERMAL_refbrent,2035-08-18,2,Utility solar,0.0
nlv2a_C4_NOTHERMAL_refbrent,2035-08-18,2,Rooftop solar,0.0
nlv2a_C4_NOTHERMAL_refbrent,2035-08-18,2,Battery discharge (net),359.8
nlv2a_C4_NOTHERMAL_refbrent,2035-08-18,2,Battery charging (net),0.0
nlv2a_C4_NOTHERMAL_refbrent,2035-08-18,2,Curtailed solar & wind,0.0
nlv2a_C4_NOTHERMAL_refbrent,2035-08-18,2,EV charging,-6.4
nlv2a_C4_NOTHERMAL_refbrent,2035-08-18,2,Hydrogen production,-0.0
nlv2a_C4_NOTHERMAL_refbrent,2035-08-18,2,Demand,639.5
nlv2a_C4_NOTHERMAL_refbrent,2035-08-18,4,Geothermal,93.1
nlv2a_C4_NOTHERMAL_refbrent,2035-08-18,4,Waste-to-energy,42.8
nlv2a_C4_NOTHERMAL_refbrent,2035-08-18,4,Thermal (oil/LNG),113.1
nlv2a_C4_NOTHERMAL_refbrent,2035-08-18,4,Wind,18.4
nlv2a_C4_NOTHERMAL_refbrent,2035-08-18,4,Utility solar,0.0
nlv2a_C4_NOTHERMAL_refbrent,2035-08-18,4,Rooftop solar,0.0
nlv2a_C4_NOTHERMAL_refbrent,2035-08-18,4,Battery discharge (net),448.5
nlv2a_C4_NOTHERMAL_refbrent,2035-08-18,4,Battery charging (net),0.0
nlv2a_C4_NOTHERMAL_refbrent,2035-08-18,4,Curtailed solar & wind,0.0
nlv2a_C4_NOTHERMAL_refbrent,2035-08-18,4,EV charging,-6.4
nlv2a_C4_NOTHERMAL_refbrent,2035-08-18,4,Hydrogen production,-0.0
nlv2a_C4_NOTHERMAL_refbrent,2035-08-18,4,Demand,709.5
nlv2a_C4_NOTHERMAL_refbrent,2035-08-18,6,Geothermal,93.1
nlv2a_C4_NOTHERMAL_refbrent,2035-08-18,6,Waste-to-energy,42.8
nlv2a_C4_NOTHERMAL_refbrent,2035-08-18,6,Thermal (oil/LNG),113.1
nlv2a_C4_NOTHERMAL_refbrent,2035-08-18,6,Wind,27.0
nlv2a_C4_NOTHERMAL_refbrent,2035-08-18,6,Utility solar,40.9
nlv2a_C4_NOTHERMAL_refbrent,2035-08-18,6,Rooftop solar,0.0
nlv2a_C4_NOTHERMAL_refbrent,2035-08-18,6,Battery discharge (net),657.6
nlv2a_C4_NOTHERMAL_refbrent,2035-08-18,6,Battery charging (net),0.0
nlv2a_C4_NOTHERMAL_refbrent,2035-08-18,6,Curtailed solar & wind,0.0
nlv2a_C4_NOTHERMAL_refbrent,2035-08-18,6,EV charging,-7.8
nlv2a_C4_NOTHERMAL_refbrent,2035-08-18,6,Hydrogen production,-0.0
nlv2a_C4_NOTHERMAL_refbrent,2035-08-18,6,Demand,966.8
nlv2a_C4_NOTHERMAL_refbrent,2035-08-18,8,Geothermal,93.1
nlv2a_C4_NOTHERMAL_refbrent,2035-08-18,8,Waste-to-energy,42.8
nlv2a_C4_NOTHERMAL_refbrent,2035-08-18,8,Thermal (oil/LNG),103.1
nlv2a_C4_NOTHERMAL_refbrent,2035-08-18,8,Wind,14.4
nlv2a_C4_NOTHERMAL_refbrent,2035-08-18,8,Utility solar,1649.2
nlv2a_C4_NOTHERMAL_refbrent,2035-08-18,8,Rooftop solar,0.0
nlv2a_C4_NOTHERMAL_refbrent,2035-08-18,8,Battery discharge (net),0.0
nlv2a_C4_NOTHERMAL_refbrent,2035-08-18,8,Battery charging (net),-841.4
nlv2a_C4_NOTHERMAL_refbrent,2035-08-18,8,Curtailed solar & wind,103.8
nlv2a_C4_NOTHERMAL_refbrent,2035-08-18,8,EV charging,-262.7
nlv2a_C4_NOTHERMAL_refbrent,2035-08-18,8,Hydrogen production,-0.0
nlv2a_C4_NOTHERMAL_refbrent,2035-08-18,8,Demand,798.6
nlv2a_C4_NOTHERMAL_refbrent,2035-08-18,10,Geothermal,93.1
nlv2a_C4_NOTHERMAL_refbrent,2035-08-18,10,Waste-to-energy,42.8
nlv2a_C4_NOTHERMAL_refbrent,2035-08-18,10,Thermal (oil/LNG),103.1
nlv2a_C4_NOTHERMAL_refbrent,2035-08-18,10,Wind,11.4
nlv2a_C4_NOTHERMAL_refbrent,2035-08-18,10,Utility solar,1479.9
nlv2a_C4_NOTHERMAL_refbrent,2035-08-18,10,Rooftop solar,0.0
nlv2a_C4_NOTHERMAL_refbrent,2035-08-18,10,Battery discharge (net),0.0
nlv2a_C4_NOTHERMAL_refbrent,2035-08-18,10,Battery charging (net),-907.9
nlv2a_C4_NOTHERMAL_refbrent,2035-08-18,10,Curtailed solar & wind,18.3
nlv2a_C4_NOTHERMAL_refbrent,2035-08-18,10,EV charging,-20.4
nlv2a_C4_NOTHERMAL_refbrent,2035-08-18,10,Hydrogen production,-0.0
nlv2a_C4_NOTHERMAL_refbrent,2035-08-18,10,Demand,802.0
nlv2a_C4_NOTHERMAL_refbrent,2035-08-18,12,Geothermal,93.1
nlv2a_C4_NOTHERMAL_refbrent,2035-08-18,12,Waste-to-energy,42.8
nlv2a_C4_NOTHERMAL_refbrent,2035-08-18,12,Thermal (oil/LNG),103.1
nlv2a_C4_NOTHERMAL_refbrent,2035-08-18,12,Wind,28.8
nlv2a_C4_NOTHERMAL_refbrent,2035-08-18,12,Utility solar,1266.2
nlv2a_C4_NOTHERMAL_refbrent,2035-08-18,12,Rooftop solar,0.0
nlv2a_C4_NOTHERMAL_refbrent,2035-08-18,12,Battery discharge (net),0.0
nlv2a_C4_NOTHERMAL_refbrent,2035-08-18,12,Battery charging (net),-879.9
nlv2a_C4_NOTHERMAL_refbrent,2035-08-18,12,Curtailed solar & wind,401.2
nlv2a_C4_NOTHERMAL_refbrent,2035-08-18,12,EV charging,-23.4
nlv2a_C4_NOTHERMAL_refbrent,2035-08-18,12,Hydrogen production,-0.0
nlv2a_C4_NOTHERMAL_refbrent,2035-08-18,12,Demand,630.8
nlv2a_C4_NOTHERMAL_refbrent,2035-08-18,14,Geothermal,93.1
nlv2a_C4_NOTHERMAL_refbrent,2035-08-18,14,Waste-to-energy,42.8
nlv2a_C4_NOTHERMAL_refbrent,2035-08-18,14,Thermal (oil/LNG),103.1
nlv2a_C4_NOTHERMAL_refbrent,2035-08-18,14,Wind,26.1
nlv2a_C4_NOTHERMAL_refbrent,2035-08-18,14,Utility solar,1441.3
nlv2a_C4_NOTHERMAL_refbrent,2035-08-18,14,Rooftop solar,0.0
nlv2a_C4_NOTHERMAL_refbrent,2035-08-18,14,Battery discharge (net),0.0
nlv2a_C4_NOTHERMAL_refbrent,2035-08-18,14,Battery charging (net),-950.2
nlv2a_C4_NOTHERMAL_refbrent,2035-08-18,14,Curtailed solar & wind,297.8
nlv2a_C4_NOTHERMAL_refbrent,2035-08-18,14,EV charging,-28.5
nlv2a_C4_NOTHERMAL_refbrent,2035-08-18,14,Hydrogen production,-0.0
nlv2a_C4_NOTHERMAL_refbrent,2035-08-18,14,Demand,727.7
nlv2a_C4_NOTHERMAL_refbrent,2035-08-18,16,Geothermal,93.1
nlv2a_C4_NOTHERMAL_refbrent,2035-08-18,16,Waste-to-energy,42.8
nlv2a_C4_NOTHERMAL_refbrent,2035-08-18,16,Thermal (oil/LNG),103.1
nlv2a_C4_NOTHERMAL_refbrent,2035-08-18,16,Wind,34.2
nlv2a_C4_NOTHERMAL_refbrent,2035-08-18,16,Utility solar,1446.7
nlv2a_C4_NOTHERMAL_refbrent,2035-08-18,16,Rooftop solar,0.0
nlv2a_C4_NOTHERMAL_refbrent,2035-08-18,16,Battery discharge (net),0.0
nlv2a_C4_NOTHERMAL_refbrent,2035-08-18,16,Battery charging (net),-727.7
nlv2a_C4_NOTHERMAL_refbrent,2035-08-18,16,Curtailed solar & wind,0.0
nlv2a_C4_NOTHERMAL_refbrent,2035-08-18,16,EV charging,-30.7
nlv2a_C4_NOTHERMAL_refbrent,2035-08-18,16,Hydrogen production,-0.0
nlv2a_C4_NOTHERMAL_refbrent,2035-08-18,16,Demand,961.5
nlv2a_C4_NOTHERMAL_refbrent,2035-08-18,18,Geothermal,93.1
nlv2a_C4_NOTHERMAL_refbrent,2035-08-18,18,Waste-to-energy,42.8
nlv2a_C4_NOTHERMAL_refbrent,2035-08-18,18,Thermal (oil/LNG),107.7
nlv2a_C4_NOTHERMAL_refbrent,2035-08-18,18,Wind,43.8
nlv2a_C4_NOTHERMAL_refbrent,2035-08-18,18,Utility solar,133.4
nlv2a_C4_NOTHERMAL_refbrent,2035-08-18,18,Rooftop solar,0.0
nlv2a_C4_NOTHERMAL_refbrent,2035-08-18,18,Battery discharge (net),769.8
nlv2a_C4_NOTHERMAL_refbrent,2035-08-18,18,Battery charging (net),0.0
nlv2a_C4_NOTHERMAL_refbrent,2035-08-18,18,Curtailed solar & wind,0.0
nlv2a_C4_NOTHERMAL_refbrent,2035-08-18,18,EV charging,-49.4
nlv2a_C4_NOTHERMAL_refbrent,2035-08-18,18,Hydrogen production,-0.0
nlv2a_C4_NOTHERMAL_refbrent,2035-08-18,18,Demand,1141.3
nlv2a_C4_NOTHERMAL_refbrent,2035-08-18,20,Geothermal,93.1
nlv2a_C4_NOTHERMAL_refbrent,2035-08-18,20,Waste-to-energy,42.8
nlv2a_C4_NOTHERMAL_refbrent,2035-08-18,20,Thermal (oil/LNG),107.7
nlv2a_C4_NOTHERMAL_refbrent,2035-08-18,20,Wind,29.6
nlv2a_C4_NOTHERMAL_refbrent,2035-08-18,20,Utility solar,0.0
nlv2a_C4_NOTHERMAL_refbrent,2035-08-18,20,Rooftop solar,0.0
nlv2a_C4_NOTHERMAL_refbrent,2035-08-18,20,Battery discharge (net),752.6
nlv2a_C4_NOTHERMAL_refbrent,2035-08-18,20,Battery charging (net),0.0
nlv2a_C4_NOTHERMAL_refbrent,2035-08-18,20,Curtailed solar & wind,0.0
nlv2a_C4_NOTHERMAL_refbrent,2035-08-18,20,EV charging,-45.8
nlv2a_C4_NOTHERMAL_refbrent,2035-08-18,20,Hydrogen production,-0.0
nlv2a_C4_NOTHERMAL_refbrent,2035-08-18,20,Demand,980.0
nlv2a_C4_NOTHERMAL_refbrent,2035-08-18,22,Geothermal,93.1
nlv2a_C4_NOTHERMAL_refbrent,2035-08-18,22,Waste-to-energy,42.8
nlv2a_C4_NOTHERMAL_refbrent,2035-08-18,22,Thermal (oil/LNG),113.1
nlv2a_C4_NOTHERMAL_refbrent,2035-08-18,22,Wind,28.7
nlv2a_C4_NOTHERMAL_refbrent,2035-08-18,22,Utility solar,0.0
nlv2a_C4_NOTHERMAL_refbrent,2035-08-18,22,Rooftop solar,0.0
nlv2a_C4_NOTHERMAL_refbrent,2035-08-18,22,Battery discharge (net),475.6
nlv2a_C4_NOTHERMAL_refbrent,2035-08-18,22,Battery charging (net),0.0
nlv2a_C4_NOTHERMAL_refbrent,2035-08-18,22,Curtailed solar & wind,0.0
nlv2a_C4_NOTHERMAL_refbrent,2035-08-18,22,EV charging,-11.5
nlv2a_C4_NOTHERMAL_refbrent,2035-08-18,22,Hydrogen production,-0.0
nlv2a_C4_NOTHERMAL_refbrent,2035-08-18,22,Demand,741.7
nlv2a_C4_NOTHERMAL_refbrent,2035-11-22,0,Geothermal,93.1
nlv2a_C4_NOTHERMAL_refbrent,2035-11-22,0,Waste-to-energy,42.8
nlv2a_C4_NOTHERMAL_refbrent,2035-11-22,0,Thermal (oil/LNG),458.3
nlv2a_C4_NOTHERMAL_refbrent,2035-11-22,0,Wind,16.9
nlv2a_C4_NOTHERMAL_refbrent,2035-11-22,0,Utility solar,0.0
nlv2a_C4_NOTHERMAL_refbrent,2035-11-22,0,Rooftop solar,0.0
nlv2a_C4_NOTHERMAL_refbrent,2035-11-22,0,Battery discharge (net),39.8
nlv2a_C4_NOTHERMAL_refbrent,2035-11-22,0,Battery charging (net),0.0
nlv2a_C4_NOTHERMAL_refbrent,2035-11-22,0,Curtailed solar & wind,0.0
nlv2a_C4_NOTHERMAL_refbrent,2035-11-22,0,EV charging,-8.8
nlv2a_C4_NOTHERMAL_refbrent,2035-11-22,0,Hydrogen production,-0.0
nlv2a_C4_NOTHERMAL_refbrent,2035-11-22,0,Demand,642.1
nlv2a_C4_NOTHERMAL_refbrent,2035-11-22,2,Geothermal,93.1
nlv2a_C4_NOTHERMAL_refbrent,2035-11-22,2,Waste-to-energy,42.8
nlv2a_C4_NOTHERMAL_refbrent,2035-11-22,2,Thermal (oil/LNG),458.3
nlv2a_C4_NOTHERMAL_refbrent,2035-11-22,2,Wind,1.8
nlv2a_C4_NOTHERMAL_refbrent,2035-11-22,2,Utility solar,0.0
nlv2a_C4_NOTHERMAL_refbrent,2035-11-22,2,Rooftop solar,0.0
nlv2a_C4_NOTHERMAL_refbrent,2035-11-22,2,Battery discharge (net),0.0
nlv2a_C4_NOTHERMAL_refbrent,2035-11-22,2,Battery charging (net),0.0
nlv2a_C4_NOTHERMAL_refbrent,2035-11-22,2,Curtailed solar & wind,0.0
nlv2a_C4_NOTHERMAL_refbrent,2035-11-22,2,EV charging,-28.2
nlv2a_C4_NOTHERMAL_refbrent,2035-11-22,2,Hydrogen production,-0.0
nlv2a_C4_NOTHERMAL_refbrent,2035-11-22,2,Demand,567.9
nlv2a_C4_NOTHERMAL_refbrent,2035-11-22,4,Geothermal,93.1
nlv2a_C4_NOTHERMAL_refbrent,2035-11-22,4,Waste-to-energy,42.8
nlv2a_C4_NOTHERMAL_refbrent,2035-11-22,4,Thermal (oil/LNG),545.5
nlv2a_C4_NOTHERMAL_refbrent,2035-11-22,4,Wind,0.0
nlv2a_C4_NOTHERMAL_refbrent,2035-11-22,4,Utility solar,0.0
nlv2a_C4_NOTHERMAL_refbrent,2035-11-22,4,Rooftop solar,0.0
nlv2a_C4_NOTHERMAL_refbrent,2035-11-22,4,Battery discharge (net),0.0
nlv2a_C4_NOTHERMAL_refbrent,2035-11-22,4,Battery charging (net),-80.3
nlv2a_C4_NOTHERMAL_refbrent,2035-11-22,4,Curtailed solar & wind,0.0
nlv2a_C4_NOTHERMAL_refbrent,2035-11-22,4,EV charging,-7.5
nlv2a_C4_NOTHERMAL_refbrent,2035-11-22,4,Hydrogen production,-0.0
nlv2a_C4_NOTHERMAL_refbrent,2035-11-22,4,Demand,593.6
nlv2a_C4_NOTHERMAL_refbrent,2035-11-22,6,Geothermal,93.1
nlv2a_C4_NOTHERMAL_refbrent,2035-11-22,6,Waste-to-energy,42.8
nlv2a_C4_NOTHERMAL_refbrent,2035-11-22,6,Thermal (oil/LNG),545.5
nlv2a_C4_NOTHERMAL_refbrent,2035-11-22,6,Wind,1.3
nlv2a_C4_NOTHERMAL_refbrent,2035-11-22,6,Utility solar,0.0
nlv2a_C4_NOTHERMAL_refbrent,2035-11-22,6,Rooftop solar,0.0
nlv2a_C4_NOTHERMAL_refbrent,2035-11-22,6,Battery discharge (net),66.2
nlv2a_C4_NOTHERMAL_refbrent,2035-11-22,6,Battery charging (net),0.0
nlv2a_C4_NOTHERMAL_refbrent,2035-11-22,6,Curtailed solar & wind,0.0
nlv2a_C4_NOTHERMAL_refbrent,2035-11-22,6,EV charging,-7.8
nlv2a_C4_NOTHERMAL_refbrent,2035-11-22,6,Hydrogen production,-0.0
nlv2a_C4_NOTHERMAL_refbrent,2035-11-22,6,Demand,741.2
nlv2a_C4_NOTHERMAL_refbrent,2035-11-22,8,Geothermal,93.1
nlv2a_C4_NOTHERMAL_refbrent,2035-11-22,8,Waste-to-energy,42.8
nlv2a_C4_NOTHERMAL_refbrent,2035-11-22,8,Thermal (oil/LNG),545.5
nlv2a_C4_NOTHERMAL_refbrent,2035-11-22,8,Wind,7.7
nlv2a_C4_NOTHERMAL_refbrent,2035-11-22,8,Utility solar,57.7
nlv2a_C4_NOTHERMAL_refbrent,2035-11-22,8,Rooftop solar,0.0
nlv2a_C4_NOTHERMAL_refbrent,2035-11-22,8,Battery discharge (net),6.1
nlv2a_C4_NOTHERMAL_refbrent,2035-11-22,8,Battery charging (net),0.0
nlv2a_C4_NOTHERMAL_refbrent,2035-11-22,8,Curtailed solar & wind,0.0
nlv2a_C4_NOTHERMAL_refbrent,2035-11-22,8,EV charging,-11.9
nlv2a_C4_NOTHERMAL_refbrent,2035-11-22,8,Hydrogen production,-0.0
nlv2a_C4_NOTHERMAL_refbrent,2035-11-22,8,Demand,741.1
nlv2a_C4_NOTHERMAL_refbrent,2035-11-22,10,Geothermal,93.1
nlv2a_C4_NOTHERMAL_refbrent,2035-11-22,10,Waste-to-energy,42.8
nlv2a_C4_NOTHERMAL_refbrent,2035-11-22,10,Thermal (oil/LNG),458.3
nlv2a_C4_NOTHERMAL_refbrent,2035-11-22,10,Wind,3.1
nlv2a_C4_NOTHERMAL_refbrent,2035-11-22,10,Utility solar,200.7
nlv2a_C4_NOTHERMAL_refbrent,2035-11-22,10,Rooftop solar,0.0
nlv2a_C4_NOTHERMAL_refbrent,2035-11-22,10,Battery discharge (net),0.0
nlv2a_C4_NOTHERMAL_refbrent,2035-11-22,10,Battery charging (net),-161.0
nlv2a_C4_NOTHERMAL_refbrent,2035-11-22,10,Curtailed solar & wind,0.0
nlv2a_C4_NOTHERMAL_refbrent,2035-11-22,10,EV charging,-20.4
nlv2a_C4_NOTHERMAL_refbrent,2035-11-22,10,Hydrogen production,-0.0
nlv2a_C4_NOTHERMAL_refbrent,2035-11-22,10,Demand,616.6
nlv2a_C4_NOTHERMAL_refbrent,2035-11-22,12,Geothermal,93.1
nlv2a_C4_NOTHERMAL_refbrent,2035-11-22,12,Waste-to-energy,42.8
nlv2a_C4_NOTHERMAL_refbrent,2035-11-22,12,Thermal (oil/LNG),458.3
nlv2a_C4_NOTHERMAL_refbrent,2035-11-22,12,Wind,3.1
nlv2a_C4_NOTHERMAL_refbrent,2035-11-22,12,Utility solar,379.2
nlv2a_C4_NOTHERMAL_refbrent,2035-11-22,12,Rooftop solar,0.0
nlv2a_C4_NOTHERMAL_refbrent,2035-11-22,12,Battery discharge (net),0.0
nlv2a_C4_NOTHERMAL_refbrent,2035-11-22,12,Battery charging (net),-219.3
nlv2a_C4_NOTHERMAL_refbrent,2035-11-22,12,Curtailed solar & wind,0.0
nlv2a_C4_NOTHERMAL_refbrent,2035-11-22,12,EV charging,-243.9
nlv2a_C4_NOTHERMAL_refbrent,2035-11-22,12,Hydrogen production,-0.0
nlv2a_C4_NOTHERMAL_refbrent,2035-11-22,12,Demand,513.4
nlv2a_C4_NOTHERMAL_refbrent,2035-11-22,14,Geothermal,93.1
nlv2a_C4_NOTHERMAL_refbrent,2035-11-22,14,Waste-to-energy,42.8
nlv2a_C4_NOTHERMAL_refbrent,2035-11-22,14,Thermal (oil/LNG),458.3
nlv2a_C4_NOTHERMAL_refbrent,2035-11-22,14,Wind,8.5
nlv2a_C4_NOTHERMAL_refbrent,2035-11-22,14,Utility solar,375.4
nlv2a_C4_NOTHERMAL_refbrent,2035-11-22,14,Rooftop solar,0.0
nlv2a_C4_NOTHERMAL_refbrent,2035-11-22,14,Battery discharge (net),0.0
nlv2a_C4_NOTHERMAL_refbrent,2035-11-22,14,Battery charging (net),-425.6
nlv2a_C4_NOTHERMAL_refbrent,2035-11-22,14,Curtailed solar & wind,0.0
nlv2a_C4_NOTHERMAL_refbrent,2035-11-22,14,EV charging,-28.5
nlv2a_C4_NOTHERMAL_refbrent,2035-11-22,14,Hydrogen production,-0.0
nlv2a_C4_NOTHERMAL_refbrent,2035-11-22,14,Demand,524.1
nlv2a_C4_NOTHERMAL_refbrent,2035-11-22,16,Geothermal,93.1
nlv2a_C4_NOTHERMAL_refbrent,2035-11-22,16,Waste-to-energy,42.8
nlv2a_C4_NOTHERMAL_refbrent,2035-11-22,16,Thermal (oil/LNG),458.3
nlv2a_C4_NOTHERMAL_refbrent,2035-11-22,16,Wind,15.5
nlv2a_C4_NOTHERMAL_refbrent,2035-11-22,16,Utility solar,297.7
nlv2a_C4_NOTHERMAL_refbrent,2035-11-22,16,Rooftop solar,0.0
nlv2a_C4_NOTHERMAL_refbrent,2035-11-22,16,Battery discharge (net),0.0
nlv2a_C4_NOTHERMAL_refbrent,2035-11-22,16,Battery charging (net),-47.4
nlv2a_C4_NOTHERMAL_refbrent,2035-11-22,16,Curtailed solar & wind,0.0
nlv2a_C4_NOTHERMAL_refbrent,2035-11-22,16,EV charging,-38.1
nlv2a_C4_NOTHERMAL_refbrent,2035-11-22,16,Hydrogen production,-0.0
nlv2a_C4_NOTHERMAL_refbrent,2035-11-22,16,Demand,821.9
nlv2a_C4_NOTHERMAL_refbrent,2035-11-22,18,Geothermal,93.1
nlv2a_C4_NOTHERMAL_refbrent,2035-11-22,18,Waste-to-energy,42.8
nlv2a_C4_NOTHERMAL_refbrent,2035-11-22,18,Thermal (oil/LNG),458.3
nlv2a_C4_NOTHERMAL_refbrent,2035-11-22,18,Wind,30.6
nlv2a_C4_NOTHERMAL_refbrent,2035-11-22,18,Utility solar,0.0
nlv2a_C4_NOTHERMAL_refbrent,2035-11-22,18,Rooftop solar,0.0
nlv2a_C4_NOTHERMAL_refbrent,2035-11-22,18,Battery discharge (net),464.7
nlv2a_C4_NOTHERMAL_refbrent,2035-11-22,18,Battery charging (net),0.0
nlv2a_C4_NOTHERMAL_refbrent,2035-11-22,18,Curtailed solar & wind,0.0
nlv2a_C4_NOTHERMAL_refbrent,2035-11-22,18,EV charging,-49.4
nlv2a_C4_NOTHERMAL_refbrent,2035-11-22,18,Hydrogen production,-0.0
nlv2a_C4_NOTHERMAL_refbrent,2035-11-22,18,Demand,1040.1
nlv2a_C4_NOTHERMAL_refbrent,2035-11-22,20,Geothermal,93.1
nlv2a_C4_NOTHERMAL_refbrent,2035-11-22,20,Waste-to-energy,42.8
nlv2a_C4_NOTHERMAL_refbrent,2035-11-22,20,Thermal (oil/LNG),458.3
nlv2a_C4_NOTHERMAL_refbrent,2035-11-22,20,Wind,37.5
nlv2a_C4_NOTHERMAL_refbrent,2035-11-22,20,Utility solar,0.0
nlv2a_C4_NOTHERMAL_refbrent,2035-11-22,20,Rooftop solar,0.0
nlv2a_C4_NOTHERMAL_refbrent,2035-11-22,20,Battery discharge (net),193.9
nlv2a_C4_NOTHERMAL_refbrent,2035-11-22,20,Battery charging (net),0.0
nlv2a_C4_NOTHERMAL_refbrent,2035-11-22,20,Curtailed solar & wind,0.0
nlv2a_C4_NOTHERMAL_refbrent,2035-11-22,20,EV charging,-45.8
nlv2a_C4_NOTHERMAL_refbrent,2035-11-22,20,Hydrogen production,-0.0
nlv2a_C4_NOTHERMAL_refbrent,2035-11-22,20,Demand,779.7
nlv2a_C4_NOTHERMAL_refbrent,2035-11-22,22,Geothermal,93.1
nlv2a_C4_NOTHERMAL_refbrent,2035-11-22,22,Waste-to-energy,42.8
nlv2a_C4_NOTHERMAL_refbrent,2035-11-22,22,Thermal (oil/LNG),458.3
nlv2a_C4_NOTHERMAL_refbrent,2035-11-22,22,Wind,3.0
nlv2a_C4_NOTHERMAL_refbrent,2035-11-22,22,Utility solar,0.0
nlv2a_C4_NOTHERMAL_refbrent,2035-11-22,22,Rooftop solar,0.0
nlv2a_C4_NOTHERMAL_refbrent,2035-11-22,22,Battery discharge (net),69.7
nlv2a_C4_NOTHERMAL_refbrent,2035-11-22,22,Battery charging (net),0.0
nlv2a_C4_NOTHERMAL_refbrent,2035-11-22,22,Curtailed solar & wind,0.0
nlv2a_C4_NOTHERMAL_refbrent,2035-11-22,22,EV charging,-11.5
nlv2a_C4_NOTHERMAL_refbrent,2035-11-22,22,Hydrogen production,-0.0
nlv2a_C4_NOTHERMAL_refbrent,2035-11-22,22,Demand,655.4
nlv2b_C4_NOTHERMAL_lowbrent,2035-08-18,0,Geothermal,93.1
nlv2b_C4_NOTHERMAL_lowbrent,2035-08-18,0,Waste-to-energy,42.8
nlv2b_C4_NOTHERMAL_lowbrent,2035-08-18,0,Thermal (oil/LNG),517.6
nlv2b_C4_NOTHERMAL_lowbrent,2035-08-18,0,Wind,46.2
nlv2b_C4_NOTHERMAL_lowbrent,2035-08-18,0,Utility solar,0.0
nlv2b_C4_NOTHERMAL_lowbrent,2035-08-18,0,Rooftop solar,0.0
nlv2b_C4_NOTHERMAL_lowbrent,2035-08-18,0,Battery discharge (net),2.9
nlv2b_C4_NOTHERMAL_lowbrent,2035-08-18,0,Battery charging (net),0.0
nlv2b_C4_NOTHERMAL_lowbrent,2035-08-18,0,Curtailed solar & wind,0.0
nlv2b_C4_NOTHERMAL_lowbrent,2035-08-18,0,EV charging,-8.8
nlv2b_C4_NOTHERMAL_lowbrent,2035-08-18,0,Hydrogen production,-0.0
nlv2b_C4_NOTHERMAL_lowbrent,2035-08-18,0,Demand,693.8
nlv2b_C4_NOTHERMAL_lowbrent,2035-08-18,2,Geothermal,93.1
nlv2b_C4_NOTHERMAL_lowbrent,2035-08-18,2,Waste-to-energy,42.8
nlv2b_C4_NOTHERMAL_lowbrent,2035-08-18,2,Thermal (oil/LNG),467.5
nlv2b_C4_NOTHERMAL_lowbrent,2035-08-18,2,Wind,42.4
nlv2b_C4_NOTHERMAL_lowbrent,2035-08-18,2,Utility solar,0.0
nlv2b_C4_NOTHERMAL_lowbrent,2035-08-18,2,Rooftop solar,0.0
nlv2b_C4_NOTHERMAL_lowbrent,2035-08-18,2,Battery discharge (net),0.0
nlv2b_C4_NOTHERMAL_lowbrent,2035-08-18,2,Battery charging (net),0.0
nlv2b_C4_NOTHERMAL_lowbrent,2035-08-18,2,Curtailed solar & wind,0.0
nlv2b_C4_NOTHERMAL_lowbrent,2035-08-18,2,EV charging,-6.4
nlv2b_C4_NOTHERMAL_lowbrent,2035-08-18,2,Hydrogen production,-0.0
nlv2b_C4_NOTHERMAL_lowbrent,2035-08-18,2,Demand,639.5
nlv2b_C4_NOTHERMAL_lowbrent,2035-08-18,4,Geothermal,93.1
nlv2b_C4_NOTHERMAL_lowbrent,2035-08-18,4,Waste-to-energy,42.8
nlv2b_C4_NOTHERMAL_lowbrent,2035-08-18,4,Thermal (oil/LNG),517.6
nlv2b_C4_NOTHERMAL_lowbrent,2035-08-18,4,Wind,18.4
nlv2b_C4_NOTHERMAL_lowbrent,2035-08-18,4,Utility solar,0.0
nlv2b_C4_NOTHERMAL_lowbrent,2035-08-18,4,Rooftop solar,0.0
nlv2b_C4_NOTHERMAL_lowbrent,2035-08-18,4,Battery discharge (net),44.0
nlv2b_C4_NOTHERMAL_lowbrent,2035-08-18,4,Battery charging (net),0.0
nlv2b_C4_NOTHERMAL_lowbrent,2035-08-18,4,Curtailed solar & wind,0.0
nlv2b_C4_NOTHERMAL_lowbrent,2035-08-18,4,EV charging,-6.4
nlv2b_C4_NOTHERMAL_lowbrent,2035-08-18,4,Hydrogen production,-0.0
nlv2b_C4_NOTHERMAL_lowbrent,2035-08-18,4,Demand,709.5
nlv2b_C4_NOTHERMAL_lowbrent,2035-08-18,6,Geothermal,93.1
nlv2b_C4_NOTHERMAL_lowbrent,2035-08-18,6,Waste-to-energy,42.8
nlv2b_C4_NOTHERMAL_lowbrent,2035-08-18,6,Thermal (oil/LNG),630.6
nlv2b_C4_NOTHERMAL_lowbrent,2035-08-18,6,Wind,27.0
nlv2b_C4_NOTHERMAL_lowbrent,2035-08-18,6,Utility solar,14.8
nlv2b_C4_NOTHERMAL_lowbrent,2035-08-18,6,Rooftop solar,0.0
nlv2b_C4_NOTHERMAL_lowbrent,2035-08-18,6,Battery discharge (net),174.6
nlv2b_C4_NOTHERMAL_lowbrent,2035-08-18,6,Battery charging (net),0.0
nlv2b_C4_NOTHERMAL_lowbrent,2035-08-18,6,Curtailed solar & wind,0.0
nlv2b_C4_NOTHERMAL_lowbrent,2035-08-18,6,EV charging,-7.8
nlv2b_C4_NOTHERMAL_lowbrent,2035-08-18,6,Hydrogen production,-0.0
nlv2b_C4_NOTHERMAL_lowbrent,2035-08-18,6,Demand,975.1
nlv2b_C4_NOTHERMAL_lowbrent,2035-08-18,8,Geothermal,93.1
nlv2b_C4_NOTHERMAL_lowbrent,2035-08-18,8,Waste-to-energy,42.8
nlv2b_C4_NOTHERMAL_lowbrent,2035-08-18,8,Thermal (oil/LNG),299.8
nlv2b_C4_NOTHERMAL_lowbrent,2035-08-18,8,Wind,23.8
nlv2b_C4_NOTHERMAL_lowbrent,2035-08-18,8,Utility solar,661.8
nlv2b_C4_NOTHERMAL_lowbrent,2035-08-18,8,Rooftop solar,0.0
nlv2b_C4_NOTHERMAL_lowbrent,2035-08-18,8,Battery discharge (net),0.0
nlv2b_C4_NOTHERMAL_lowbrent,2035-08-18,8,Battery charging (net),-151.4
nlv2b_C4_NOTHERMAL_lowbrent,2035-08-18,8,Curtailed solar & wind,0.0
nlv2b_C4_NOTHERMAL_lowbrent,2035-08-18,8,EV charging,-58.6
nlv2b_C4_NOTHERMAL_lowbrent,2035-08-18,8,Hydrogen production,-0.0
nlv2b_C4_NOTHERMAL_lowbrent,2035-08-18,8,Demand,911.2
nlv2b_C4_NOTHERMAL_lowbrent,2035-08-18,10,Geothermal,93.1
nlv2b_C4_NOTHERMAL_lowbrent,2035-08-18,10,Waste-to-energy,42.8
nlv2b_C4_NOTHERMAL_lowbrent,2035-08-18,10,Thermal (oil/LNG),299.8
nlv2b_C4_NOTHERMAL_lowbrent,2035-08-18,10,Wind,29.7
nlv2b_C4_NOTHERMAL_lowbrent,2035-08-18,10,Utility solar,582.8
nlv2b_C4_NOTHERMAL_lowbrent,2035-08-18,10,Rooftop solar,0.0
nlv2b_C4_NOTHERMAL_lowbrent,2035-08-18,10,Battery discharge (net),0.0
nlv2b_C4_NOTHERMAL_lowbrent,2035-08-18,10,Battery charging (net),-135.2
nlv2b_C4_NOTHERMAL_lowbrent,2035-08-18,10,Curtailed solar & wind,0.0
nlv2b_C4_NOTHERMAL_lowbrent,2035-08-18,10,EV charging,-20.4
nlv2b_C4_NOTHERMAL_lowbrent,2035-08-18,10,Hydrogen production,-0.0
nlv2b_C4_NOTHERMAL_lowbrent,2035-08-18,10,Demand,892.6
nlv2b_C4_NOTHERMAL_lowbrent,2035-08-18,12,Geothermal,93.1
nlv2b_C4_NOTHERMAL_lowbrent,2035-08-18,12,Waste-to-energy,42.8
nlv2b_C4_NOTHERMAL_lowbrent,2035-08-18,12,Thermal (oil/LNG),299.8
nlv2b_C4_NOTHERMAL_lowbrent,2035-08-18,12,Wind,28.8
nlv2b_C4_NOTHERMAL_lowbrent,2035-08-18,12,Utility solar,686.3
nlv2b_C4_NOTHERMAL_lowbrent,2035-08-18,12,Rooftop solar,0.0
nlv2b_C4_NOTHERMAL_lowbrent,2035-08-18,12,Battery discharge (net),0.0
nlv2b_C4_NOTHERMAL_lowbrent,2035-08-18,12,Battery charging (net),-207.3
nlv2b_C4_NOTHERMAL_lowbrent,2035-08-18,12,Curtailed solar & wind,0.0
nlv2b_C4_NOTHERMAL_lowbrent,2035-08-18,12,EV charging,-180.5
nlv2b_C4_NOTHERMAL_lowbrent,2035-08-18,12,Hydrogen production,-0.0
nlv2b_C4_NOTHERMAL_lowbrent,2035-08-18,12,Demand,763.0
nlv2b_C4_NOTHERMAL_lowbrent,2035-08-18,14,Geothermal,93.1
nlv2b_C4_NOTHERMAL_lowbrent,2035-08-18,14,Waste-to-energy,42.8
nlv2b_C4_NOTHERMAL_lowbrent,2035-08-18,14,Thermal (oil/LNG),299.8
nlv2b_C4_NOTHERMAL_lowbrent,2035-08-18,14,Wind,26.1
nlv2b_C4_NOTHERMAL_lowbrent,2035-08-18,14,Utility solar,638.8
nlv2b_C4_NOTHERMAL_lowbrent,2035-08-18,14,Rooftop solar,0.0
nlv2b_C4_NOTHERMAL_lowbrent,2035-08-18,14,Battery discharge (net),0.0
nlv2b_C4_NOTHERMAL_lowbrent,2035-08-18,14,Battery charging (net),-231.4
nlv2b_C4_NOTHERMAL_lowbrent,2035-08-18,14,Curtailed solar & wind,0.0
nlv2b_C4_NOTHERMAL_lowbrent,2035-08-18,14,EV charging,-28.5
nlv2b_C4_NOTHERMAL_lowbrent,2035-08-18,14,Hydrogen production,-0.0
nlv2b_C4_NOTHERMAL_lowbrent,2035-08-18,14,Demand,840.7
nlv2b_C4_NOTHERMAL_lowbrent,2035-08-18,16,Geothermal,93.1
nlv2b_C4_NOTHERMAL_lowbrent,2035-08-18,16,Waste-to-energy,42.8
nlv2b_C4_NOTHERMAL_lowbrent,2035-08-18,16,Thermal (oil/LNG),299.8
nlv2b_C4_NOTHERMAL_lowbrent,2035-08-18,16,Wind,34.2
nlv2b_C4_NOTHERMAL_lowbrent,2035-08-18,16,Utility solar,656.3
nlv2b_C4_NOTHERMAL_lowbrent,2035-08-18,16,Rooftop solar,0.0
nlv2b_C4_NOTHERMAL_lowbrent,2035-08-18,16,Battery discharge (net),0.0
nlv2b_C4_NOTHERMAL_lowbrent,2035-08-18,16,Battery charging (net),0.0
nlv2b_C4_NOTHERMAL_lowbrent,2035-08-18,16,Curtailed solar & wind,0.0
nlv2b_C4_NOTHERMAL_lowbrent,2035-08-18,16,EV charging,-77.5
nlv2b_C4_NOTHERMAL_lowbrent,2035-08-18,16,Hydrogen production,-0.0
nlv2b_C4_NOTHERMAL_lowbrent,2035-08-18,16,Demand,1048.7
nlv2b_C4_NOTHERMAL_lowbrent,2035-08-18,18,Geothermal,93.1
nlv2b_C4_NOTHERMAL_lowbrent,2035-08-18,18,Waste-to-energy,42.8
nlv2b_C4_NOTHERMAL_lowbrent,2035-08-18,18,Thermal (oil/LNG),857.6
nlv2b_C4_NOTHERMAL_lowbrent,2035-08-18,18,Wind,43.8
nlv2b_C4_NOTHERMAL_lowbrent,2035-08-18,18,Utility solar,38.1
nlv2b_C4_NOTHERMAL_lowbrent,2035-08-18,18,Rooftop solar,0.0
nlv2b_C4_NOTHERMAL_lowbrent,2035-08-18,18,Battery discharge (net),134.9
nlv2b_C4_NOTHERMAL_lowbrent,2035-08-18,18,Battery charging (net),0.0
nlv2b_C4_NOTHERMAL_lowbrent,2035-08-18,18,Curtailed solar & wind,0.0
nlv2b_C4_NOTHERMAL_lowbrent,2035-08-18,18,EV charging,-49.4
nlv2b_C4_NOTHERMAL_lowbrent,2035-08-18,18,Hydrogen production,-0.0
nlv2b_C4_NOTHERMAL_lowbrent,2035-08-18,18,Demand,1160.9
nlv2b_C4_NOTHERMAL_lowbrent,2035-08-18,20,Geothermal,93.1
nlv2b_C4_NOTHERMAL_lowbrent,2035-08-18,20,Waste-to-energy,42.8
nlv2b_C4_NOTHERMAL_lowbrent,2035-08-18,20,Thermal (oil/LNG),799.9
nlv2b_C4_NOTHERMAL_lowbrent,2035-08-18,20,Wind,29.6
nlv2b_C4_NOTHERMAL_lowbrent,2035-08-18,20,Utility solar,0.0
nlv2b_C4_NOTHERMAL_lowbrent,2035-08-18,20,Rooftop solar,0.0
nlv2b_C4_NOTHERMAL_lowbrent,2035-08-18,20,Battery discharge (net),194.1
nlv2b_C4_NOTHERMAL_lowbrent,2035-08-18,20,Battery charging (net),0.0
nlv2b_C4_NOTHERMAL_lowbrent,2035-08-18,20,Curtailed solar & wind,0.0
nlv2b_C4_NOTHERMAL_lowbrent,2035-08-18,20,EV charging,-45.8
nlv2b_C4_NOTHERMAL_lowbrent,2035-08-18,20,Hydrogen production,-0.0
nlv2b_C4_NOTHERMAL_lowbrent,2035-08-18,20,Demand,1113.7
nlv2b_C4_NOTHERMAL_lowbrent,2035-08-18,22,Geothermal,93.1
nlv2b_C4_NOTHERMAL_lowbrent,2035-08-18,22,Waste-to-energy,42.8
nlv2b_C4_NOTHERMAL_lowbrent,2035-08-18,22,Thermal (oil/LNG),599.7
nlv2b_C4_NOTHERMAL_lowbrent,2035-08-18,22,Wind,28.7
nlv2b_C4_NOTHERMAL_lowbrent,2035-08-18,22,Utility solar,0.0
nlv2b_C4_NOTHERMAL_lowbrent,2035-08-18,22,Rooftop solar,0.0
nlv2b_C4_NOTHERMAL_lowbrent,2035-08-18,22,Battery discharge (net),102.3
nlv2b_C4_NOTHERMAL_lowbrent,2035-08-18,22,Battery charging (net),0.0
nlv2b_C4_NOTHERMAL_lowbrent,2035-08-18,22,Curtailed solar & wind,0.0
nlv2b_C4_NOTHERMAL_lowbrent,2035-08-18,22,EV charging,-11.5
nlv2b_C4_NOTHERMAL_lowbrent,2035-08-18,22,Hydrogen production,-0.0
nlv2b_C4_NOTHERMAL_lowbrent,2035-08-18,22,Demand,855.1
nlv2b_C4_NOTHERMAL_lowbrent,2035-11-22,0,Geothermal,93.1
nlv2b_C4_NOTHERMAL_lowbrent,2035-11-22,0,Waste-to-energy,42.8
nlv2b_C4_NOTHERMAL_lowbrent,2035-11-22,0,Thermal (oil/LNG),510.0
nlv2b_C4_NOTHERMAL_lowbrent,2035-11-22,0,Wind,16.9
nlv2b_C4_NOTHERMAL_lowbrent,2035-11-22,0,Utility solar,0.0
nlv2b_C4_NOTHERMAL_lowbrent,2035-11-22,0,Rooftop solar,0.0
nlv2b_C4_NOTHERMAL_lowbrent,2035-11-22,0,Battery discharge (net),0.0
nlv2b_C4_NOTHERMAL_lowbrent,2035-11-22,0,Battery charging (net),0.0
nlv2b_C4_NOTHERMAL_lowbrent,2035-11-22,0,Curtailed solar & wind,0.0
nlv2b_C4_NOTHERMAL_lowbrent,2035-11-22,0,EV charging,-20.7
nlv2b_C4_NOTHERMAL_lowbrent,2035-11-22,0,Hydrogen production,-0.0
nlv2b_C4_NOTHERMAL_lowbrent,2035-11-22,0,Demand,642.1
nlv2b_C4_NOTHERMAL_lowbrent,2035-11-22,2,Geothermal,93.1
nlv2b_C4_NOTHERMAL_lowbrent,2035-11-22,2,Waste-to-energy,42.8
nlv2b_C4_NOTHERMAL_lowbrent,2035-11-22,2,Thermal (oil/LNG),497.5
nlv2b_C4_NOTHERMAL_lowbrent,2035-11-22,2,Wind,1.8
nlv2b_C4_NOTHERMAL_lowbrent,2035-11-22,2,Utility solar,0.0
nlv2b_C4_NOTHERMAL_lowbrent,2035-11-22,2,Rooftop solar,0.0
nlv2b_C4_NOTHERMAL_lowbrent,2035-11-22,2,Battery discharge (net),0.0
nlv2b_C4_NOTHERMAL_lowbrent,2035-11-22,2,Battery charging (net),0.0
nlv2b_C4_NOTHERMAL_lowbrent,2035-11-22,2,Curtailed solar & wind,0.0
nlv2b_C4_NOTHERMAL_lowbrent,2035-11-22,2,EV charging,-67.4
nlv2b_C4_NOTHERMAL_lowbrent,2035-11-22,2,Hydrogen production,-0.0
nlv2b_C4_NOTHERMAL_lowbrent,2035-11-22,2,Demand,567.9
nlv2b_C4_NOTHERMAL_lowbrent,2035-11-22,4,Geothermal,93.1
nlv2b_C4_NOTHERMAL_lowbrent,2035-11-22,4,Waste-to-energy,42.8
nlv2b_C4_NOTHERMAL_lowbrent,2035-11-22,4,Thermal (oil/LNG),497.5
nlv2b_C4_NOTHERMAL_lowbrent,2035-11-22,4,Wind,0.0
nlv2b_C4_NOTHERMAL_lowbrent,2035-11-22,4,Utility solar,0.0
nlv2b_C4_NOTHERMAL_lowbrent,2035-11-22,4,Rooftop solar,0.0
nlv2b_C4_NOTHERMAL_lowbrent,2035-11-22,4,Battery discharge (net),0.0
nlv2b_C4_NOTHERMAL_lowbrent,2035-11-22,4,Battery charging (net),-27.6
nlv2b_C4_NOTHERMAL_lowbrent,2035-11-22,4,Curtailed solar & wind,0.0
nlv2b_C4_NOTHERMAL_lowbrent,2035-11-22,4,EV charging,-12.2
nlv2b_C4_NOTHERMAL_lowbrent,2035-11-22,4,Hydrogen production,-0.0
nlv2b_C4_NOTHERMAL_lowbrent,2035-11-22,4,Demand,593.6
nlv2b_C4_NOTHERMAL_lowbrent,2035-11-22,6,Geothermal,93.1
nlv2b_C4_NOTHERMAL_lowbrent,2035-11-22,6,Waste-to-energy,42.8
nlv2b_C4_NOTHERMAL_lowbrent,2035-11-22,6,Thermal (oil/LNG),596.7
nlv2b_C4_NOTHERMAL_lowbrent,2035-11-22,6,Wind,1.3
nlv2b_C4_NOTHERMAL_lowbrent,2035-11-22,6,Utility solar,0.0
nlv2b_C4_NOTHERMAL_lowbrent,2035-11-22,6,Rooftop solar,0.0
nlv2b_C4_NOTHERMAL_lowbrent,2035-11-22,6,Battery discharge (net),15.0
nlv2b_C4_NOTHERMAL_lowbrent,2035-11-22,6,Battery charging (net),0.0
nlv2b_C4_NOTHERMAL_lowbrent,2035-11-22,6,Curtailed solar & wind,0.0
nlv2b_C4_NOTHERMAL_lowbrent,2035-11-22,6,EV charging,-7.8
nlv2b_C4_NOTHERMAL_lowbrent,2035-11-22,6,Hydrogen production,-0.0
nlv2b_C4_NOTHERMAL_lowbrent,2035-11-22,6,Demand,741.2
nlv2b_C4_NOTHERMAL_lowbrent,2035-11-22,8,Geothermal,93.1
nlv2b_C4_NOTHERMAL_lowbrent,2035-11-22,8,Waste-to-energy,42.8
nlv2b_C4_NOTHERMAL_lowbrent,2035-11-22,8,Thermal (oil/LNG),647.9
nlv2b_C4_NOTHERMAL_lowbrent,2035-11-22,8,Wind,7.7
nlv2b_C4_NOTHERMAL_lowbrent,2035-11-22,8,Utility solar,13.8
nlv2b_C4_NOTHERMAL_lowbrent,2035-11-22,8,Rooftop solar,0.0
nlv2b_C4_NOTHERMAL_lowbrent,2035-11-22,8,Battery discharge (net),9.8
nlv2b_C4_NOTHERMAL_lowbrent,2035-11-22,8,Battery charging (net),0.0
nlv2b_C4_NOTHERMAL_lowbrent,2035-11-22,8,Curtailed solar & wind,0.0
nlv2b_C4_NOTHERMAL_lowbrent,2035-11-22,8,EV charging,-11.9
nlv2b_C4_NOTHERMAL_lowbrent,2035-11-22,8,Hydrogen production,-0.0
nlv2b_C4_NOTHERMAL_lowbrent,2035-11-22,8,Demand,803.3
nlv2b_C4_NOTHERMAL_lowbrent,2035-11-22,10,Geothermal,93.1
nlv2b_C4_NOTHERMAL_lowbrent,2035-11-22,10,Waste-to-energy,42.8
nlv2b_C4_NOTHERMAL_lowbrent,2035-11-22,10,Thermal (oil/LNG),497.5
nlv2b_C4_NOTHERMAL_lowbrent,2035-11-22,10,Wind,3.1
nlv2b_C4_NOTHERMAL_lowbrent,2035-11-22,10,Utility solar,108.1
nlv2b_C4_NOTHERMAL_lowbrent,2035-11-22,10,Rooftop solar,0.0
nlv2b_C4_NOTHERMAL_lowbrent,2035-11-22,10,Battery discharge (net),0.0
nlv2b_C4_NOTHERMAL_lowbrent,2035-11-22,10,Battery charging (net),0.0
nlv2b_C4_NOTHERMAL_lowbrent,2035-11-22,10,Curtailed solar & wind,0.0
nlv2b_C4_NOTHERMAL_lowbrent,2035-11-22,10,EV charging,-43.0
nlv2b_C4_NOTHERMAL_lowbrent,2035-11-22,10,Hydrogen production,-0.0
nlv2b_C4_NOTHERMAL_lowbrent,2035-11-22,10,Demand,701.5
nlv2b_C4_NOTHERMAL_lowbrent,2035-11-22,12,Geothermal,93.1
nlv2b_C4_NOTHERMAL_lowbrent,2035-11-22,12,Waste-to-energy,42.8
nlv2b_C4_NOTHERMAL_lowbrent,2035-11-22,12,Thermal (oil/LNG),501.9
nlv2b_C4_NOTHERMAL_lowbrent,2035-11-22,12,Wind,3.1
nlv2b_C4_NOTHERMAL_lowbrent,2035-11-22,12,Utility solar,195.0
nlv2b_C4_NOTHERMAL_lowbrent,2035-11-22,12,Rooftop solar,0.0
nlv2b_C4_NOTHERMAL_lowbrent,2035-11-22,12,Battery discharge (net),0.0
nlv2b_C4_NOTHERMAL_lowbrent,2035-11-22,12,Battery charging (net),-104.8
nlv2b_C4_NOTHERMAL_lowbrent,2035-11-22,12,Curtailed solar & wind,0.0
nlv2b_C4_NOTHERMAL_lowbrent,2035-11-22,12,EV charging,-114.9
nlv2b_C4_NOTHERMAL_lowbrent,2035-11-22,12,Hydrogen production,-0.0
nlv2b_C4_NOTHERMAL_lowbrent,2035-11-22,12,Demand,616.2
nlv2b_C4_NOTHERMAL_lowbrent,2035-11-22,14,Geothermal,93.1
nlv2b_C4_NOTHERMAL_lowbrent,2035-11-22,14,Waste-to-energy,42.8
nlv2b_C4_NOTHERMAL_lowbrent,2035-11-22,14,Thermal (oil/LNG),504.3
nlv2b_C4_NOTHERMAL_lowbrent,2035-11-22,14,Wind,8.5
nlv2b_C4_NOTHERMAL_lowbrent,2035-11-22,14,Utility solar,130.3
nlv2b_C4_NOTHERMAL_lowbrent,2035-11-22,14,Rooftop solar,0.0
nlv2b_C4_NOTHERMAL_lowbrent,2035-11-22,14,Battery discharge (net),0.0
nlv2b_C4_NOTHERMAL_lowbrent,2035-11-22,14,Battery charging (net),-77.7
nlv2b_C4_NOTHERMAL_lowbrent,2035-11-22,14,Curtailed solar & wind,0.0
nlv2b_C4_NOTHERMAL_lowbrent,2035-11-22,14,EV charging,-86.5
nlv2b_C4_NOTHERMAL_lowbrent,2035-11-22,14,Hydrogen production,-0.0
nlv2b_C4_NOTHERMAL_lowbrent,2035-11-22,14,Demand,614.8
nlv2b_C4_NOTHERMAL_lowbrent,2035-11-22,16,Geothermal,93.1
nlv2b_C4_NOTHERMAL_lowbrent,2035-11-22,16,Waste-to-energy,42.8
nlv2b_C4_NOTHERMAL_lowbrent,2035-11-22,16,Thermal (oil/LNG),592.5
nlv2b_C4_NOTHERMAL_lowbrent,2035-11-22,16,Wind,15.5
nlv2b_C4_NOTHERMAL_lowbrent,2035-11-22,16,Utility solar,160.9
nlv2b_C4_NOTHERMAL_lowbrent,2035-11-22,16,Rooftop solar,0.0
nlv2b_C4_NOTHERMAL_lowbrent,2035-11-22,16,Battery discharge (net),0.0
nlv2b_C4_NOTHERMAL_lowbrent,2035-11-22,16,Battery charging (net),0.0
nlv2b_C4_NOTHERMAL_lowbrent,2035-11-22,16,Curtailed solar & wind,0.0
nlv2b_C4_NOTHERMAL_lowbrent,2035-11-22,16,EV charging,-30.7
nlv2b_C4_NOTHERMAL_lowbrent,2035-11-22,16,Hydrogen production,-0.0
nlv2b_C4_NOTHERMAL_lowbrent,2035-11-22,16,Demand,874.2
nlv2b_C4_NOTHERMAL_lowbrent,2035-11-22,18,Geothermal,93.1
nlv2b_C4_NOTHERMAL_lowbrent,2035-11-22,18,Waste-to-energy,42.8
nlv2b_C4_NOTHERMAL_lowbrent,2035-11-22,18,Thermal (oil/LNG),760.9
nlv2b_C4_NOTHERMAL_lowbrent,2035-11-22,18,Wind,30.6
nlv2b_C4_NOTHERMAL_lowbrent,2035-11-22,18,Utility solar,0.0
nlv2b_C4_NOTHERMAL_lowbrent,2035-11-22,18,Rooftop solar,0.0
nlv2b_C4_NOTHERMAL_lowbrent,2035-11-22,18,Battery discharge (net),162.1
nlv2b_C4_NOTHERMAL_lowbrent,2035-11-22,18,Battery charging (net),0.0
nlv2b_C4_NOTHERMAL_lowbrent,2035-11-22,18,Curtailed solar & wind,0.0
nlv2b_C4_NOTHERMAL_lowbrent,2035-11-22,18,EV charging,-49.4
nlv2b_C4_NOTHERMAL_lowbrent,2035-11-22,18,Hydrogen production,-0.0
nlv2b_C4_NOTHERMAL_lowbrent,2035-11-22,18,Demand,1040.1
nlv2b_C4_NOTHERMAL_lowbrent,2035-11-22,20,Geothermal,93.1
nlv2b_C4_NOTHERMAL_lowbrent,2035-11-22,20,Waste-to-energy,42.8
nlv2b_C4_NOTHERMAL_lowbrent,2035-11-22,20,Thermal (oil/LNG),760.9
nlv2b_C4_NOTHERMAL_lowbrent,2035-11-22,20,Wind,37.5
nlv2b_C4_NOTHERMAL_lowbrent,2035-11-22,20,Utility solar,0.0
nlv2b_C4_NOTHERMAL_lowbrent,2035-11-22,20,Rooftop solar,0.0
nlv2b_C4_NOTHERMAL_lowbrent,2035-11-22,20,Battery discharge (net),2.1
nlv2b_C4_NOTHERMAL_lowbrent,2035-11-22,20,Battery charging (net),0.0
nlv2b_C4_NOTHERMAL_lowbrent,2035-11-22,20,Curtailed solar & wind,0.0
nlv2b_C4_NOTHERMAL_lowbrent,2035-11-22,20,EV charging,-45.8
nlv2b_C4_NOTHERMAL_lowbrent,2035-11-22,20,Hydrogen production,-0.0
nlv2b_C4_NOTHERMAL_lowbrent,2035-11-22,20,Demand,890.6
nlv2b_C4_NOTHERMAL_lowbrent,2035-11-22,22,Geothermal,93.1
nlv2b_C4_NOTHERMAL_lowbrent,2035-11-22,22,Waste-to-energy,42.8
nlv2b_C4_NOTHERMAL_lowbrent,2035-11-22,22,Thermal (oil/LNG),622.0
nlv2b_C4_NOTHERMAL_lowbrent,2035-11-22,22,Wind,3.0
nlv2b_C4_NOTHERMAL_lowbrent,2035-11-22,22,Utility solar,0.0
nlv2b_C4_NOTHERMAL_lowbrent,2035-11-22,22,Rooftop solar,0.0
nlv2b_C4_NOTHERMAL_lowbrent,2035-11-22,22,Battery discharge (net),0.0
nlv2b_C4_NOTHERMAL_lowbrent,2035-11-22,22,Battery charging (net),0.0
nlv2b_C4_NOTHERMAL_lowbrent,2035-11-22,22,Curtailed solar & wind,0.0
nlv2b_C4_NOTHERMAL_lowbrent,2035-11-22,22,EV charging,-11.5
nlv2b_C4_NOTHERMAL_lowbrent,2035-11-22,22,Hydrogen production,-0.0
nlv2b_C4_NOTHERMAL_lowbrent,2035-11-22,22,Demand,749.4
nlv2b_C4_NOTHERMAL_futbrent,2035-08-18,0,Geothermal,93.1
nlv2b_C4_NOTHERMAL_futbrent,2035-08-18,0,Waste-to-energy,42.8
nlv2b_C4_NOTHERMAL_futbrent,2035-08-18,0,Thermal (oil/LNG),198.1
nlv2b_C4_NOTHERMAL_futbrent,2035-08-18,0,Wind,46.2
nlv2b_C4_NOTHERMAL_futbrent,2035-08-18,0,Utility solar,0.0
nlv2b_C4_NOTHERMAL_futbrent,2035-08-18,0,Rooftop solar,0.0
nlv2b_C4_NOTHERMAL_futbrent,2035-08-18,0,Battery discharge (net),322.4
nlv2b_C4_NOTHERMAL_futbrent,2035-08-18,0,Battery charging (net),0.0
nlv2b_C4_NOTHERMAL_futbrent,2035-08-18,0,Curtailed solar & wind,0.0
nlv2b_C4_NOTHERMAL_futbrent,2035-08-18,0,EV charging,-8.8
nlv2b_C4_NOTHERMAL_futbrent,2035-08-18,0,Hydrogen production,-0.0
nlv2b_C4_NOTHERMAL_futbrent,2035-08-18,0,Demand,693.8
nlv2b_C4_NOTHERMAL_futbrent,2035-08-18,2,Geothermal,93.1
nlv2b_C4_NOTHERMAL_futbrent,2035-08-18,2,Waste-to-energy,42.8
nlv2b_C4_NOTHERMAL_futbrent,2035-08-18,2,Thermal (oil/LNG),198.1
nlv2b_C4_NOTHERMAL_futbrent,2035-08-18,2,Wind,42.4
nlv2b_C4_NOTHERMAL_futbrent,2035-08-18,2,Utility solar,0.0
nlv2b_C4_NOTHERMAL_futbrent,2035-08-18,2,Rooftop solar,0.0
nlv2b_C4_NOTHERMAL_futbrent,2035-08-18,2,Battery discharge (net),269.4
nlv2b_C4_NOTHERMAL_futbrent,2035-08-18,2,Battery charging (net),0.0
nlv2b_C4_NOTHERMAL_futbrent,2035-08-18,2,Curtailed solar & wind,0.0
nlv2b_C4_NOTHERMAL_futbrent,2035-08-18,2,EV charging,-6.4
nlv2b_C4_NOTHERMAL_futbrent,2035-08-18,2,Hydrogen production,-0.0
nlv2b_C4_NOTHERMAL_futbrent,2035-08-18,2,Demand,639.5
nlv2b_C4_NOTHERMAL_futbrent,2035-08-18,4,Geothermal,93.1
nlv2b_C4_NOTHERMAL_futbrent,2035-08-18,4,Waste-to-energy,42.8
nlv2b_C4_NOTHERMAL_futbrent,2035-08-18,4,Thermal (oil/LNG),198.1
nlv2b_C4_NOTHERMAL_futbrent,2035-08-18,4,Wind,18.4
nlv2b_C4_NOTHERMAL_futbrent,2035-08-18,4,Utility solar,0.0
nlv2b_C4_NOTHERMAL_futbrent,2035-08-18,4,Rooftop solar,0.0
nlv2b_C4_NOTHERMAL_futbrent,2035-08-18,4,Battery discharge (net),363.5
nlv2b_C4_NOTHERMAL_futbrent,2035-08-18,4,Battery charging (net),0.0
nlv2b_C4_NOTHERMAL_futbrent,2035-08-18,4,Curtailed solar & wind,0.0
nlv2b_C4_NOTHERMAL_futbrent,2035-08-18,4,EV charging,-6.4
nlv2b_C4_NOTHERMAL_futbrent,2035-08-18,4,Hydrogen production,-0.0
nlv2b_C4_NOTHERMAL_futbrent,2035-08-18,4,Demand,709.5
nlv2b_C4_NOTHERMAL_futbrent,2035-08-18,6,Geothermal,93.1
nlv2b_C4_NOTHERMAL_futbrent,2035-08-18,6,Waste-to-energy,42.8
nlv2b_C4_NOTHERMAL_futbrent,2035-08-18,6,Thermal (oil/LNG),113.1
nlv2b_C4_NOTHERMAL_futbrent,2035-08-18,6,Wind,27.0
nlv2b_C4_NOTHERMAL_futbrent,2035-08-18,6,Utility solar,37.2
nlv2b_C4_NOTHERMAL_futbrent,2035-08-18,6,Rooftop solar,0.0
nlv2b_C4_NOTHERMAL_futbrent,2035-08-18,6,Battery discharge (net),669.7
nlv2b_C4_NOTHERMAL_futbrent,2035-08-18,6,Battery charging (net),0.0
nlv2b_C4_NOTHERMAL_futbrent,2035-08-18,6,Curtailed solar & wind,0.0
nlv2b_C4_NOTHERMAL_futbrent,2035-08-18,6,EV charging,-7.8
nlv2b_C4_NOTHERMAL_futbrent,2035-08-18,6,Hydrogen production,-0.0
nlv2b_C4_NOTHERMAL_futbrent,2035-08-18,6,Demand,975.1
nlv2b_C4_NOTHERMAL_futbrent,2035-08-18,8,Geothermal,93.1
nlv2b_C4_NOTHERMAL_futbrent,2035-08-18,8,Waste-to-energy,42.8
nlv2b_C4_NOTHERMAL_futbrent,2035-08-18,8,Thermal (oil/LNG),103.1
nlv2b_C4_NOTHERMAL_futbrent,2035-08-18,8,Wind,23.8
nlv2b_C4_NOTHERMAL_futbrent,2035-08-18,8,Utility solar,1642.7
nlv2b_C4_NOTHERMAL_futbrent,2035-08-18,8,Rooftop solar,0.0
nlv2b_C4_NOTHERMAL_futbrent,2035-08-18,8,Battery discharge (net),0.0
nlv2b_C4_NOTHERMAL_futbrent,2035-08-18,8,Battery charging (net),-912.1
nlv2b_C4_NOTHERMAL_futbrent,2035-08-18,8,Curtailed solar & wind,0.0
nlv2b_C4_NOTHERMAL_futbrent,2035-08-18,8,EV charging,-82.1
nlv2b_C4_NOTHERMAL_futbrent,2035-08-18,8,Hydrogen production,-0.0
nlv2b_C4_NOTHERMAL_futbrent,2035-08-18,8,Demand,911.2
nlv2b_C4_NOTHERMAL_futbrent,2035-08-18,10,Geothermal,93.1
nlv2b_C4_NOTHERMAL_futbrent,2035-08-18,10,Waste-to-energy,42.8
nlv2b_C4_NOTHERMAL_futbrent,2035-08-18,10,Thermal (oil/LNG),103.1
nlv2b_C4_NOTHERMAL_futbrent,2035-08-18,10,Wind,29.7
nlv2b_C4_NOTHERMAL_futbrent,2035-08-18,10,Utility solar,1327.5
nlv2b_C4_NOTHERMAL_futbrent,2035-08-18,10,Rooftop solar,0.0
nlv2b_C4_NOTHERMAL_futbrent,2035-08-18,10,Battery discharge (net),0.0
nlv2b_C4_NOTHERMAL_futbrent,2035-08-18,10,Battery charging (net),-683.2
nlv2b_C4_NOTHERMAL_futbrent,2035-08-18,10,Curtailed solar & wind,0.0
nlv2b_C4_NOTHERMAL_futbrent,2035-08-18,10,EV charging,-20.4
nlv2b_C4_NOTHERMAL_futbrent,2035-08-18,10,Hydrogen production,-0.0
nlv2b_C4_NOTHERMAL_futbrent,2035-08-18,10,Demand,892.6
nlv2b_C4_NOTHERMAL_futbrent,2035-08-18,12,Geothermal,93.1
nlv2b_C4_NOTHERMAL_futbrent,2035-08-18,12,Waste-to-energy,42.8
nlv2b_C4_NOTHERMAL_futbrent,2035-08-18,12,Thermal (oil/LNG),103.1
nlv2b_C4_NOTHERMAL_futbrent,2035-08-18,12,Wind,28.8
nlv2b_C4_NOTHERMAL_futbrent,2035-08-18,12,Utility solar,1506.6
nlv2b_C4_NOTHERMAL_futbrent,2035-08-18,12,Rooftop solar,0.0
nlv2b_C4_NOTHERMAL_futbrent,2035-08-18,12,Battery discharge (net),0.0
nlv2b_C4_NOTHERMAL_futbrent,2035-08-18,12,Battery charging (net),-923.8
nlv2b_C4_NOTHERMAL_futbrent,2035-08-18,12,Curtailed solar & wind,0.0
nlv2b_C4_NOTHERMAL_futbrent,2035-08-18,12,EV charging,-87.6
nlv2b_C4_NOTHERMAL_futbrent,2035-08-18,12,Hydrogen production,-0.0
nlv2b_C4_NOTHERMAL_futbrent,2035-08-18,12,Demand,763.0
nlv2b_C4_NOTHERMAL_futbrent,2035-08-18,14,Geothermal,93.1
nlv2b_C4_NOTHERMAL_futbrent,2035-08-18,14,Waste-to-energy,42.8
nlv2b_C4_NOTHERMAL_futbrent,2035-08-18,14,Thermal (oil/LNG),103.1
nlv2b_C4_NOTHERMAL_futbrent,2035-08-18,14,Wind,26.1
nlv2b_C4_NOTHERMAL_futbrent,2035-08-18,14,Utility solar,1644.2
nlv2b_C4_NOTHERMAL_futbrent,2035-08-18,14,Rooftop solar,0.0
nlv2b_C4_NOTHERMAL_futbrent,2035-08-18,14,Battery discharge (net),0.0
nlv2b_C4_NOTHERMAL_futbrent,2035-08-18,14,Battery charging (net),-923.8
nlv2b_C4_NOTHERMAL_futbrent,2035-08-18,14,Curtailed solar & wind,0.0
nlv2b_C4_NOTHERMAL_futbrent,2035-08-18,14,EV charging,-144.8
nlv2b_C4_NOTHERMAL_futbrent,2035-08-18,14,Hydrogen production,-0.0
nlv2b_C4_NOTHERMAL_futbrent,2035-08-18,14,Demand,840.7
nlv2b_C4_NOTHERMAL_futbrent,2035-08-18,16,Geothermal,93.1
nlv2b_C4_NOTHERMAL_futbrent,2035-08-18,16,Waste-to-energy,42.8
nlv2b_C4_NOTHERMAL_futbrent,2035-08-18,16,Thermal (oil/LNG),103.1
nlv2b_C4_NOTHERMAL_futbrent,2035-08-18,16,Wind,34.2
nlv2b_C4_NOTHERMAL_futbrent,2035-08-18,16,Utility solar,1352.8
nlv2b_C4_NOTHERMAL_futbrent,2035-08-18,16,Rooftop solar,0.0
nlv2b_C4_NOTHERMAL_futbrent,2035-08-18,16,Battery discharge (net),0.0
nlv2b_C4_NOTHERMAL_futbrent,2035-08-18,16,Battery charging (net),-546.7
nlv2b_C4_NOTHERMAL_futbrent,2035-08-18,16,Curtailed solar & wind,0.0
nlv2b_C4_NOTHERMAL_futbrent,2035-08-18,16,EV charging,-30.7
nlv2b_C4_NOTHERMAL_futbrent,2035-08-18,16,Hydrogen production,-0.0
nlv2b_C4_NOTHERMAL_futbrent,2035-08-18,16,Demand,1048.7
nlv2b_C4_NOTHERMAL_futbrent,2035-08-18,18,Geothermal,93.1
nlv2b_C4_NOTHERMAL_futbrent,2035-08-18,18,Waste-to-energy,42.8
nlv2b_C4_NOTHERMAL_futbrent,2035-08-18,18,Thermal (oil/LNG),235.3
nlv2b_C4_NOTHERMAL_futbrent,2035-08-18,18,Wind,43.8
nlv2b_C4_NOTHERMAL_futbrent,2035-08-18,18,Utility solar,129.6
nlv2b_C4_NOTHERMAL_futbrent,2035-08-18,18,Rooftop solar,0.0
nlv2b_C4_NOTHERMAL_futbrent,2035-08-18,18,Battery discharge (net),665.8
nlv2b_C4_NOTHERMAL_futbrent,2035-08-18,18,Battery charging (net),0.0
nlv2b_C4_NOTHERMAL_futbrent,2035-08-18,18,Curtailed solar & wind,0.0
nlv2b_C4_NOTHERMAL_futbrent,2035-08-18,18,EV charging,-49.4
nlv2b_C4_NOTHERMAL_futbrent,2035-08-18,18,Hydrogen production,-0.0
nlv2b_C4_NOTHERMAL_futbrent,2035-08-18,18,Demand,1160.9
nlv2b_C4_NOTHERMAL_futbrent,2035-08-18,20,Geothermal,93.1
nlv2b_C4_NOTHERMAL_futbrent,2035-08-18,20,Waste-to-energy,42.8
nlv2b_C4_NOTHERMAL_futbrent,2035-08-18,20,Thermal (oil/LNG),198.1
nlv2b_C4_NOTHERMAL_futbrent,2035-08-18,20,Wind,29.6
nlv2b_C4_NOTHERMAL_futbrent,2035-08-18,20,Utility solar,0.0
nlv2b_C4_NOTHERMAL_futbrent,2035-08-18,20,Rooftop solar,0.0
nlv2b_C4_NOTHERMAL_futbrent,2035-08-18,20,Battery discharge (net),795.9
nlv2b_C4_NOTHERMAL_futbrent,2035-08-18,20,Battery charging (net),0.0
nlv2b_C4_NOTHERMAL_futbrent,2035-08-18,20,Curtailed solar & wind,0.0
nlv2b_C4_NOTHERMAL_futbrent,2035-08-18,20,EV charging,-45.8
nlv2b_C4_NOTHERMAL_futbrent,2035-08-18,20,Hydrogen production,-0.0
nlv2b_C4_NOTHERMAL_futbrent,2035-08-18,20,Demand,1113.7
nlv2b_C4_NOTHERMAL_futbrent,2035-08-18,22,Geothermal,93.1
nlv2b_C4_NOTHERMAL_futbrent,2035-08-18,22,Waste-to-energy,42.8
nlv2b_C4_NOTHERMAL_futbrent,2035-08-18,22,Thermal (oil/LNG),198.1
nlv2b_C4_NOTHERMAL_futbrent,2035-08-18,22,Wind,28.7
nlv2b_C4_NOTHERMAL_futbrent,2035-08-18,22,Utility solar,0.0
nlv2b_C4_NOTHERMAL_futbrent,2035-08-18,22,Rooftop solar,0.0
nlv2b_C4_NOTHERMAL_futbrent,2035-08-18,22,Battery discharge (net),503.9
nlv2b_C4_NOTHERMAL_futbrent,2035-08-18,22,Battery charging (net),0.0
nlv2b_C4_NOTHERMAL_futbrent,2035-08-18,22,Curtailed solar & wind,0.0
nlv2b_C4_NOTHERMAL_futbrent,2035-08-18,22,EV charging,-11.5
nlv2b_C4_NOTHERMAL_futbrent,2035-08-18,22,Hydrogen production,-0.0
nlv2b_C4_NOTHERMAL_futbrent,2035-08-18,22,Demand,855.1
nlv2b_C4_NOTHERMAL_futbrent,2035-11-22,0,Geothermal,93.1
nlv2b_C4_NOTHERMAL_futbrent,2035-11-22,0,Waste-to-energy,42.8
nlv2b_C4_NOTHERMAL_futbrent,2035-11-22,0,Thermal (oil/LNG),538.6
nlv2b_C4_NOTHERMAL_futbrent,2035-11-22,0,Wind,16.9
nlv2b_C4_NOTHERMAL_futbrent,2035-11-22,0,Utility solar,0.0
nlv2b_C4_NOTHERMAL_futbrent,2035-11-22,0,Rooftop solar,0.0
nlv2b_C4_NOTHERMAL_futbrent,2035-11-22,0,Battery discharge (net),0.0
nlv2b_C4_NOTHERMAL_futbrent,2035-11-22,0,Battery charging (net),-40.5
nlv2b_C4_NOTHERMAL_futbrent,2035-11-22,0,Curtailed solar & wind,0.0
nlv2b_C4_NOTHERMAL_futbrent,2035-11-22,0,EV charging,-8.8
nlv2b_C4_NOTHERMAL_futbrent,2035-11-22,0,Hydrogen production,-0.0
nlv2b_C4_NOTHERMAL_futbrent,2035-11-22,0,Demand,642.1
nlv2b_C4_NOTHERMAL_futbrent,2035-11-22,2,Geothermal,93.1
nlv2b_C4_NOTHERMAL_futbrent,2035-11-22,2,Waste-to-energy,42.8
nlv2b_C4_NOTHERMAL_futbrent,2035-11-22,2,Thermal (oil/LNG),545.5
nlv2b_C4_NOTHERMAL_futbrent,2035-11-22,2,Wind,1.8
nlv2b_C4_NOTHERMAL_futbrent,2035-11-22,2,Utility solar,0.0
nlv2b_C4_NOTHERMAL_futbrent,2035-11-22,2,Rooftop solar,0.0
nlv2b_C4_NOTHERMAL_futbrent,2035-11-22,2,Battery discharge (net),0.0
nlv2b_C4_NOTHERMAL_futbrent,2035-11-22,2,Battery charging (net),-65.0
nlv2b_C4_NOTHERMAL_futbrent,2035-11-22,2,Curtailed solar & wind,0.0
nlv2b_C4_NOTHERMAL_futbrent,2035-11-22,2,EV charging,-50.4
nlv2b_C4_NOTHERMAL_futbrent,2035-11-22,2,Hydrogen production,-0.0
nlv2b_C4_NOTHERMAL_futbrent,2035-11-22,2,Demand,567.9
nlv2b_C4_NOTHERMAL_futbrent,2035-11-22,4,Geothermal,93.1
nlv2b_C4_NOTHERMAL_futbrent,2035-11-22,4,Waste-to-energy,42.8
nlv2b_C4_NOTHERMAL_futbrent,2035-11-22,4,Thermal (oil/LNG),537.8
nlv2b_C4_NOTHERMAL_futbrent,2035-11-22,4,Wind,0.0
nlv2b_C4_NOTHERMAL_futbrent,2035-11-22,4,Utility solar,0.0
nlv2b_C4_NOTHERMAL_futbrent,2035-11-22,4,Rooftop solar,0.0
nlv2b_C4_NOTHERMAL_futbrent,2035-11-22,4,Battery discharge (net),0.0
nlv2b_C4_NOTHERMAL_futbrent,2035-11-22,4,Battery charging (net),-64.0
nlv2b_C4_NOTHERMAL_futbrent,2035-11-22,4,Curtailed solar & wind,0.0
nlv2b_C4_NOTHERMAL_futbrent,2035-11-22,4,EV charging,-16.0
nlv2b_C4_NOTHERMAL_futbrent,2035-11-22,4,Hydrogen production,-0.0
nlv2b_C4_NOTHERMAL_futbrent,2035-11-22,4,Demand,593.6
nlv2b_C4_NOTHERMAL_futbrent,2035-11-22,6,Geothermal,93.1
nlv2b_C4_NOTHERMAL_futbrent,2035-11-22,6,Waste-to-energy,42.8
nlv2b_C4_NOTHERMAL_futbrent,2035-11-22,6,Thermal (oil/LNG),545.5
nlv2b_C4_NOTHERMAL_futbrent,2035-11-22,6,Wind,1.3
nlv2b_C4_NOTHERMAL_futbrent,2035-11-22,6,Utility solar,0.0
nlv2b_C4_NOTHERMAL_futbrent,2035-11-22,6,Rooftop solar,0.0
nlv2b_C4_NOTHERMAL_futbrent,2035-11-22,6,Battery discharge (net),66.2
nlv2b_C4_NOTHERMAL_futbrent,2035-11-22,6,Battery charging (net),0.0
nlv2b_C4_NOTHERMAL_futbrent,2035-11-22,6,Curtailed solar & wind,0.0
nlv2b_C4_NOTHERMAL_futbrent,2035-11-22,6,EV charging,-7.8
nlv2b_C4_NOTHERMAL_futbrent,2035-11-22,6,Hydrogen production,-0.0
nlv2b_C4_NOTHERMAL_futbrent,2035-11-22,6,Demand,741.2
nlv2b_C4_NOTHERMAL_futbrent,2035-11-22,8,Geothermal,93.1
nlv2b_C4_NOTHERMAL_futbrent,2035-11-22,8,Waste-to-energy,42.8
nlv2b_C4_NOTHERMAL_futbrent,2035-11-22,8,Thermal (oil/LNG),545.5
nlv2b_C4_NOTHERMAL_futbrent,2035-11-22,8,Wind,7.7
nlv2b_C4_NOTHERMAL_futbrent,2035-11-22,8,Utility solar,39.6
nlv2b_C4_NOTHERMAL_futbrent,2035-11-22,8,Rooftop solar,0.0
nlv2b_C4_NOTHERMAL_futbrent,2035-11-22,8,Battery discharge (net),86.4
nlv2b_C4_NOTHERMAL_futbrent,2035-11-22,8,Battery charging (net),0.0
nlv2b_C4_NOTHERMAL_futbrent,2035-11-22,8,Curtailed solar & wind,0.0
nlv2b_C4_NOTHERMAL_futbrent,2035-11-22,8,EV charging,-11.9
nlv2b_C4_NOTHERMAL_futbrent,2035-11-22,8,Hydrogen production,-0.0
nlv2b_C4_NOTHERMAL_futbrent,2035-11-22,8,Demand,803.3
nlv2b_C4_NOTHERMAL_futbrent,2035-11-22,10,Geothermal,93.1
nlv2b_C4_NOTHERMAL_futbrent,2035-11-22,10,Waste-to-energy,42.8
nlv2b_C4_NOTHERMAL_futbrent,2035-11-22,10,Thermal (oil/LNG),533.0
nlv2b_C4_NOTHERMAL_futbrent,2035-11-22,10,Wind,3.1
nlv2b_C4_NOTHERMAL_futbrent,2035-11-22,10,Utility solar,179.2
nlv2b_C4_NOTHERMAL_futbrent,2035-11-22,10,Rooftop solar,0.0
nlv2b_C4_NOTHERMAL_futbrent,2035-11-22,10,Battery discharge (net),0.0
nlv2b_C4_NOTHERMAL_futbrent,2035-11-22,10,Battery charging (net),-129.3
nlv2b_C4_NOTHERMAL_futbrent,2035-11-22,10,Curtailed solar & wind,0.0
nlv2b_C4_NOTHERMAL_futbrent,2035-11-22,10,EV charging,-20.4
nlv2b_C4_NOTHERMAL_futbrent,2035-11-22,10,Hydrogen production,-0.0
nlv2b_C4_NOTHERMAL_futbrent,2035-11-22,10,Demand,701.5
nlv2b_C4_NOTHERMAL_futbrent,2035-11-22,12,Geothermal,93.1
nlv2b_C4_NOTHERMAL_futbrent,2035-11-22,12,Waste-to-energy,42.8
nlv2b_C4_NOTHERMAL_futbrent,2035-11-22,12,Thermal (oil/LNG),533.0
nlv2b_C4_NOTHERMAL_futbrent,2035-11-22,12,Wind,3.1
nlv2b_C4_NOTHERMAL_futbrent,2035-11-22,12,Utility solar,349.4
nlv2b_C4_NOTHERMAL_futbrent,2035-11-22,12,Rooftop solar,0.0
nlv2b_C4_NOTHERMAL_futbrent,2035-11-22,12,Battery discharge (net),0.0
nlv2b_C4_NOTHERMAL_futbrent,2035-11-22,12,Battery charging (net),-200.1
nlv2b_C4_NOTHERMAL_futbrent,2035-11-22,12,Curtailed solar & wind,0.0
nlv2b_C4_NOTHERMAL_futbrent,2035-11-22,12,EV charging,-205.2
nlv2b_C4_NOTHERMAL_futbrent,2035-11-22,12,Hydrogen production,-0.0
nlv2b_C4_NOTHERMAL_futbrent,2035-11-22,12,Demand,616.2
nlv2b_C4_NOTHERMAL_futbrent,2035-11-22,14,Geothermal,93.1
nlv2b_C4_NOTHERMAL_futbrent,2035-11-22,14,Waste-to-energy,42.8
nlv2b_C4_NOTHERMAL_futbrent,2035-11-22,14,Thermal (oil/LNG),533.0
nlv2b_C4_NOTHERMAL_futbrent,2035-11-22,14,Wind,8.5
nlv2b_C4_NOTHERMAL_futbrent,2035-11-22,14,Utility solar,344.5
nlv2b_C4_NOTHERMAL_futbrent,2035-11-22,14,Rooftop solar,0.0
nlv2b_C4_NOTHERMAL_futbrent,2035-11-22,14,Battery discharge (net),0.0
nlv2b_C4_NOTHERMAL_futbrent,2035-11-22,14,Battery charging (net),-363.4
nlv2b_C4_NOTHERMAL_futbrent,2035-11-22,14,Curtailed solar & wind,0.0
nlv2b_C4_NOTHERMAL_futbrent,2035-11-22,14,EV charging,-43.8
nlv2b_C4_NOTHERMAL_futbrent,2035-11-22,14,Hydrogen production,-0.0
nlv2b_C4_NOTHERMAL_futbrent,2035-11-22,14,Demand,614.8
nlv2b_C4_NOTHERMAL_futbrent,2035-11-22,16,Geothermal,93.1
nlv2b_C4_NOTHERMAL_futbrent,2035-11-22,16,Waste-to-energy,42.8
nlv2b_C4_NOTHERMAL_futbrent,2035-11-22,16,Thermal (oil/LNG),533.0
nlv2b_C4_NOTHERMAL_futbrent,2035-11-22,16,Wind,15.5
nlv2b_C4_NOTHERMAL_futbrent,2035-11-22,16,Utility solar,273.8
nlv2b_C4_NOTHERMAL_futbrent,2035-11-22,16,Rooftop solar,0.0
nlv2b_C4_NOTHERMAL_futbrent,2035-11-22,16,Battery discharge (net),0.0
nlv2b_C4_NOTHERMAL_futbrent,2035-11-22,16,Battery charging (net),-53.4
nlv2b_C4_NOTHERMAL_futbrent,2035-11-22,16,Curtailed solar & wind,0.0
nlv2b_C4_NOTHERMAL_futbrent,2035-11-22,16,EV charging,-30.7
nlv2b_C4_NOTHERMAL_futbrent,2035-11-22,16,Hydrogen production,-0.0
nlv2b_C4_NOTHERMAL_futbrent,2035-11-22,16,Demand,874.2
nlv2b_C4_NOTHERMAL_futbrent,2035-11-22,18,Geothermal,93.1
nlv2b_C4_NOTHERMAL_futbrent,2035-11-22,18,Waste-to-energy,42.8
nlv2b_C4_NOTHERMAL_futbrent,2035-11-22,18,Thermal (oil/LNG),545.5
nlv2b_C4_NOTHERMAL_futbrent,2035-11-22,18,Wind,30.6
nlv2b_C4_NOTHERMAL_futbrent,2035-11-22,18,Utility solar,0.0
nlv2b_C4_NOTHERMAL_futbrent,2035-11-22,18,Rooftop solar,0.0
nlv2b_C4_NOTHERMAL_futbrent,2035-11-22,18,Battery discharge (net),377.5
nlv2b_C4_NOTHERMAL_futbrent,2035-11-22,18,Battery charging (net),0.0
nlv2b_C4_NOTHERMAL_futbrent,2035-11-22,18,Curtailed solar & wind,0.0
nlv2b_C4_NOTHERMAL_futbrent,2035-11-22,18,EV charging,-49.4
nlv2b_C4_NOTHERMAL_futbrent,2035-11-22,18,Hydrogen production,-0.0
nlv2b_C4_NOTHERMAL_futbrent,2035-11-22,18,Demand,1040.1
nlv2b_C4_NOTHERMAL_futbrent,2035-11-22,20,Geothermal,93.1
nlv2b_C4_NOTHERMAL_futbrent,2035-11-22,20,Waste-to-energy,42.8
nlv2b_C4_NOTHERMAL_futbrent,2035-11-22,20,Thermal (oil/LNG),545.5
nlv2b_C4_NOTHERMAL_futbrent,2035-11-22,20,Wind,37.5
nlv2b_C4_NOTHERMAL_futbrent,2035-11-22,20,Utility solar,0.0
nlv2b_C4_NOTHERMAL_futbrent,2035-11-22,20,Rooftop solar,0.0
nlv2b_C4_NOTHERMAL_futbrent,2035-11-22,20,Battery discharge (net),217.5
nlv2b_C4_NOTHERMAL_futbrent,2035-11-22,20,Battery charging (net),0.0
nlv2b_C4_NOTHERMAL_futbrent,2035-11-22,20,Curtailed solar & wind,0.0
nlv2b_C4_NOTHERMAL_futbrent,2035-11-22,20,EV charging,-45.8
nlv2b_C4_NOTHERMAL_futbrent,2035-11-22,20,Hydrogen production,-0.0
nlv2b_C4_NOTHERMAL_futbrent,2035-11-22,20,Demand,890.6
nlv2b_C4_NOTHERMAL_futbrent,2035-11-22,22,Geothermal,93.1
nlv2b_C4_NOTHERMAL_futbrent,2035-11-22,22,Waste-to-energy,42.8
nlv2b_C4_NOTHERMAL_futbrent,2035-11-22,22,Thermal (oil/LNG),545.5
nlv2b_C4_NOTHERMAL_futbrent,2035-11-22,22,Wind,3.0
nlv2b_C4_NOTHERMAL_futbrent,2035-11-22,22,Utility solar,0.0
nlv2b_C4_NOTHERMAL_futbrent,2035-11-22,22,Rooftop solar,0.0
nlv2b_C4_NOTHERMAL_futbrent,2035-11-22,22,Battery discharge (net),76.4
nlv2b_C4_NOTHERMAL_futbrent,2035-11-22,22,Battery charging (net),0.0
nlv2b_C4_NOTHERMAL_futbrent,2035-11-22,22,Curtailed solar & wind,0.0
nlv2b_C4_NOTHERMAL_futbrent,2035-11-22,22,EV charging,-11.5
nlv2b_C4_NOTHERMAL_futbrent,2035-11-22,22,Hydrogen production,-0.0
nlv2b_C4_NOTHERMAL_futbrent,2035-11-22,22,Demand,749.4
nlv2b_C4_NOTHERMAL_highbrent,2035-08-18,0,Geothermal,93.1
nlv2b_C4_NOTHERMAL_highbrent,2035-08-18,0,Waste-to-energy,42.8
nlv2b_C4_NOTHERMAL_highbrent,2035-08-18,0,Thermal (oil/LNG),103.1
nlv2b_C4_NOTHERMAL_highbrent,2035-08-18,0,Wind,46.2
nlv2b_C4_NOTHERMAL_highbrent,2035-08-18,0,Utility solar,0.0
nlv2b_C4_NOTHERMAL_highbrent,2035-08-18,0,Rooftop solar,0.0
nlv2b_C4_NOTHERMAL_highbrent,2035-08-18,0,Battery discharge (net),417.4
nlv2b_C4_NOTHERMAL_highbrent,2035-08-18,0,Battery charging (net),0.0
nlv2b_C4_NOTHERMAL_highbrent,2035-08-18,0,Curtailed solar & wind,0.0
nlv2b_C4_NOTHERMAL_highbrent,2035-08-18,0,EV charging,-8.8
nlv2b_C4_NOTHERMAL_highbrent,2035-08-18,0,Hydrogen production,-0.0
nlv2b_C4_NOTHERMAL_highbrent,2035-08-18,0,Demand,693.8
nlv2b_C4_NOTHERMAL_highbrent,2035-08-18,2,Geothermal,93.1
nlv2b_C4_NOTHERMAL_highbrent,2035-08-18,2,Waste-to-energy,42.8
nlv2b_C4_NOTHERMAL_highbrent,2035-08-18,2,Thermal (oil/LNG),103.1
nlv2b_C4_NOTHERMAL_highbrent,2035-08-18,2,Wind,25.2
nlv2b_C4_NOTHERMAL_highbrent,2035-08-18,2,Utility solar,0.0
nlv2b_C4_NOTHERMAL_highbrent,2035-08-18,2,Rooftop solar,0.0
nlv2b_C4_NOTHERMAL_highbrent,2035-08-18,2,Battery discharge (net),381.7
nlv2b_C4_NOTHERMAL_highbrent,2035-08-18,2,Battery charging (net),0.0
nlv2b_C4_NOTHERMAL_highbrent,2035-08-18,2,Curtailed solar & wind,17.3
nlv2b_C4_NOTHERMAL_highbrent,2035-08-18,2,EV charging,-6.4
nlv2b_C4_NOTHERMAL_highbrent,2035-08-18,2,Hydrogen production,-0.0
nlv2b_C4_NOTHERMAL_highbrent,2035-08-18,2,Demand,639.5
nlv2b_C4_NOTHERMAL_highbrent,2035-08-18,4,Geothermal,93.1
nlv2b_C4_NOTHERMAL_highbrent,2035-08-18,4,Waste-to-energy,42.8
nlv2b_C4_NOTHERMAL_highbrent,2035-08-18,4,Thermal (oil/LNG),103.1
nlv2b_C4_NOTHERMAL_highbrent,2035-08-18,4,Wind,18.4
nlv2b_C4_NOTHERMAL_highbrent,2035-08-18,4,Utility solar,0.0
nlv2b_C4_NOTHERMAL_highbrent,2035-08-18,4,Rooftop solar,0.0
nlv2b_C4_NOTHERMAL_highbrent,2035-08-18,4,Battery discharge (net),458.5
nlv2b_C4_NOTHERMAL_highbrent,2035-08-18,4,Battery charging (net),0.0
nlv2b_C4_NOTHERMAL_highbrent,2035-08-18,4,Curtailed solar & wind,0.0
nlv2b_C4_NOTHERMAL_highbrent,2035-08-18,4,EV charging,-6.4
nlv2b_C4_NOTHERMAL_highbrent,2035-08-18,4,Hydrogen production,-0.0
nlv2b_C4_NOTHERMAL_highbrent,2035-08-18,4,Demand,709.5
nlv2b_C4_NOTHERMAL_highbrent,2035-08-18,6,Geothermal,93.1
nlv2b_C4_NOTHERMAL_highbrent,2035-08-18,6,Waste-to-energy,42.8
nlv2b_C4_NOTHERMAL_highbrent,2035-08-18,6,Thermal (oil/LNG),103.1
nlv2b_C4_NOTHERMAL_highbrent,2035-08-18,6,Wind,27.0
nlv2b_C4_NOTHERMAL_highbrent,2035-08-18,6,Utility solar,44.6
nlv2b_C4_NOTHERMAL_highbrent,2035-08-18,6,Rooftop solar,0.0
nlv2b_C4_NOTHERMAL_highbrent,2035-08-18,6,Battery discharge (net),672.3
nlv2b_C4_NOTHERMAL_highbrent,2035-08-18,6,Battery charging (net),0.0
nlv2b_C4_NOTHERMAL_highbrent,2035-08-18,6,Curtailed solar & wind,5.5
nlv2b_C4_NOTHERMAL_highbrent,2035-08-18,6,EV charging,-7.8
nlv2b_C4_NOTHERMAL_highbrent,2035-08-18,6,Hydrogen production,-0.0
nlv2b_C4_NOTHERMAL_highbrent,2035-08-18,6,Demand,975.1
nlv2b_C4_NOTHERMAL_highbrent,2035-08-18,8,Geothermal,93.1
nlv2b_C4_NOTHERMAL_highbrent,2035-08-18,8,Waste-to-energy,42.8
nlv2b_C4_NOTHERMAL_highbrent,2035-08-18,8,Thermal (oil/LNG),103.1
nlv2b_C4_NOTHERMAL_highbrent,2035-08-18,8,Wind,23.8
nlv2b_C4_NOTHERMAL_highbrent,2035-08-18,8,Utility solar,1385.3
nlv2b_C4_NOTHERMAL_highbrent,2035-08-18,8,Rooftop solar,0.0
nlv2b_C4_NOTHERMAL_highbrent,2035-08-18,8,Battery discharge (net),0.0
nlv2b_C4_NOTHERMAL_highbrent,2035-08-18,8,Battery charging (net),-474.2
nlv2b_C4_NOTHERMAL_highbrent,2035-08-18,8,Curtailed solar & wind,697.7
nlv2b_C4_NOTHERMAL_highbrent,2035-08-18,8,EV charging,-262.7
nlv2b_C4_NOTHERMAL_highbrent,2035-08-18,8,Hydrogen production,-0.0
nlv2b_C4_NOTHERMAL_highbrent,2035-08-18,8,Demand,911.2
nlv2b_C4_NOTHERMAL_highbrent,2035-08-18,10,Geothermal,93.1
nlv2b_C4_NOTHERMAL_highbrent,2035-08-18,10,Waste-to-energy,42.8
nlv2b_C4_NOTHERMAL_highbrent,2035-08-18,10,Thermal (oil/LNG),103.1
nlv2b_C4_NOTHERMAL_highbrent,2035-08-18,10,Wind,19.0
nlv2b_C4_NOTHERMAL_highbrent,2035-08-18,10,Utility solar,1622.3
nlv2b_C4_NOTHERMAL_highbrent,2035-08-18,10,Rooftop solar,0.0
nlv2b_C4_NOTHERMAL_highbrent,2035-08-18,10,Battery discharge (net),0.0
nlv2b_C4_NOTHERMAL_highbrent,2035-08-18,10,Battery charging (net),-967.4
nlv2b_C4_NOTHERMAL_highbrent,2035-08-18,10,Curtailed solar & wind,97.4
nlv2b_C4_NOTHERMAL_highbrent,2035-08-18,10,EV charging,-20.4
nlv2b_C4_NOTHERMAL_highbrent,2035-08-18,10,Hydrogen production,-0.0
nlv2b_C4_NOTHERMAL_highbrent,2035-08-18,10,Demand,892.6
nlv2b_C4_NOTHERMAL_highbrent,2035-08-18,12,Geothermal,93.1
nlv2b_C4_NOTHERMAL_highbrent,2035-08-18,12,Waste-to-energy,42.8
nlv2b_C4_NOTHERMAL_highbrent,2035-08-18,12,Thermal (oil/LNG),103.1
nlv2b_C4_NOTHERMAL_highbrent,2035-08-18,12,Wind,19.2
nlv2b_C4_NOTHERMAL_highbrent,2035-08-18,12,Utility solar,1699.3
nlv2b_C4_NOTHERMAL_highbrent,2035-08-18,12,Rooftop solar,0.0
nlv2b_C4_NOTHERMAL_highbrent,2035-08-18,12,Battery discharge (net),0.0
nlv2b_C4_NOTHERMAL_highbrent,2035-08-18,12,Battery charging (net),-1171.2
nlv2b_C4_NOTHERMAL_highbrent,2035-08-18,12,Curtailed solar & wind,325.8
nlv2b_C4_NOTHERMAL_highbrent,2035-08-18,12,EV charging,-23.4
nlv2b_C4_NOTHERMAL_highbrent,2035-08-18,12,Hydrogen production,-0.0
nlv2b_C4_NOTHERMAL_highbrent,2035-08-18,12,Demand,763.0
nlv2b_C4_NOTHERMAL_highbrent,2035-08-18,14,Geothermal,93.1
nlv2b_C4_NOTHERMAL_highbrent,2035-08-18,14,Waste-to-energy,42.8
nlv2b_C4_NOTHERMAL_highbrent,2035-08-18,14,Thermal (oil/LNG),103.1
nlv2b_C4_NOTHERMAL_highbrent,2035-08-18,14,Wind,20.0
nlv2b_C4_NOTHERMAL_highbrent,2035-08-18,14,Utility solar,1781.3
nlv2b_C4_NOTHERMAL_highbrent,2035-08-18,14,Rooftop solar,0.0
nlv2b_C4_NOTHERMAL_highbrent,2035-08-18,14,Battery discharge (net),0.0
nlv2b_C4_NOTHERMAL_highbrent,2035-08-18,14,Battery charging (net),-1171.2
nlv2b_C4_NOTHERMAL_highbrent,2035-08-18,14,Curtailed solar & wind,264.1
nlv2b_C4_NOTHERMAL_highbrent,2035-08-18,14,EV charging,-28.5
nlv2b_C4_NOTHERMAL_highbrent,2035-08-18,14,Hydrogen production,-0.0
nlv2b_C4_NOTHERMAL_highbrent,2035-08-18,14,Demand,840.7
nlv2b_C4_NOTHERMAL_highbrent,2035-08-18,16,Geothermal,93.1
nlv2b_C4_NOTHERMAL_highbrent,2035-08-18,16,Waste-to-energy,42.8
nlv2b_C4_NOTHERMAL_highbrent,2035-08-18,16,Thermal (oil/LNG),103.1
nlv2b_C4_NOTHERMAL_highbrent,2035-08-18,16,Wind,14.1
nlv2b_C4_NOTHERMAL_highbrent,2035-08-18,16,Utility solar,1724.3
nlv2b_C4_NOTHERMAL_highbrent,2035-08-18,16,Rooftop solar,0.0
nlv2b_C4_NOTHERMAL_highbrent,2035-08-18,16,Battery discharge (net),0.0
nlv2b_C4_NOTHERMAL_highbrent,2035-08-18,16,Battery charging (net),-898.1
nlv2b_C4_NOTHERMAL_highbrent,2035-08-18,16,Curtailed solar & wind,20.1
nlv2b_C4_NOTHERMAL_highbrent,2035-08-18,16,EV charging,-30.7
nlv2b_C4_NOTHERMAL_highbrent,2035-08-18,16,Hydrogen production,-0.0
nlv2b_C4_NOTHERMAL_highbrent,2035-08-18,16,Demand,1048.7
nlv2b_C4_NOTHERMAL_highbrent,2035-08-18,18,Geothermal,93.1
nlv2b_C4_NOTHERMAL_highbrent,2035-08-18,18,Waste-to-energy,42.8
nlv2b_C4_NOTHERMAL_highbrent,2035-08-18,18,Thermal (oil/LNG),103.1
nlv2b_C4_NOTHERMAL_highbrent,2035-08-18,18,Wind,43.8
nlv2b_C4_NOTHERMAL_highbrent,2035-08-18,18,Utility solar,150.6
nlv2b_C4_NOTHERMAL_highbrent,2035-08-18,18,Rooftop solar,0.0
nlv2b_C4_NOTHERMAL_highbrent,2035-08-18,18,Battery discharge (net),776.9
nlv2b_C4_NOTHERMAL_highbrent,2035-08-18,18,Battery charging (net),0.0
nlv2b_C4_NOTHERMAL_highbrent,2035-08-18,18,Curtailed solar & wind,8.0
nlv2b_C4_NOTHERMAL_highbrent,2035-08-18,18,EV charging,-49.4
nlv2b_C4_NOTHERMAL_highbrent,2035-08-18,18,Hydrogen production,-0.0
nlv2b_C4_NOTHERMAL_highbrent,2035-08-18,18,Demand,1160.9
nlv2b_C4_NOTHERMAL_highbrent,2035-08-18,20,Geothermal,93.1
nlv2b_C4_NOTHERMAL_highbrent,2035-08-18,20,Waste-to-energy,42.8
nlv2b_C4_NOTHERMAL_highbrent,2035-08-18,20,Thermal (oil/LNG),103.1
nlv2b_C4_NOTHERMAL_highbrent,2035-08-18,20,Wind,20.2
nlv2b_C4_NOTHERMAL_highbrent,2035-08-18,20,Utility solar,0.0
nlv2b_C4_NOTHERMAL_highbrent,2035-08-18,20,Rooftop solar,0.0
nlv2b_C4_NOTHERMAL_highbrent,2035-08-18,20,Battery discharge (net),900.3
nlv2b_C4_NOTHERMAL_highbrent,2035-08-18,20,Battery charging (net),0.0
nlv2b_C4_NOTHERMAL_highbrent,2035-08-18,20,Curtailed solar & wind,9.3
nlv2b_C4_NOTHERMAL_highbrent,2035-08-18,20,EV charging,-45.8
nlv2b_C4_NOTHERMAL_highbrent,2035-08-18,20,Hydrogen production,-0.0
nlv2b_C4_NOTHERMAL_highbrent,2035-08-18,20,Demand,1113.7
nlv2b_C4_NOTHERMAL_highbrent,2035-08-18,22,Geothermal,93.1
nlv2b_C4_NOTHERMAL_highbrent,2035-08-18,22,Waste-to-energy,42.8
nlv2b_C4_NOTHERMAL_highbrent,2035-08-18,22,Thermal (oil/LNG),103.1
nlv2b_C4_NOTHERMAL_highbrent,2035-08-18,22,Wind,20.8
nlv2b_C4_NOTHERMAL_highbrent,2035-08-18,22,Utility solar,0.0
nlv2b_C4_NOTHERMAL_highbrent,2035-08-18,22,Rooftop solar,0.0
nlv2b_C4_NOTHERMAL_highbrent,2035-08-18,22,Battery discharge (net),606.7
nlv2b_C4_NOTHERMAL_highbrent,2035-08-18,22,Battery charging (net),0.0
nlv2b_C4_NOTHERMAL_highbrent,2035-08-18,22,Curtailed solar & wind,7.8
nlv2b_C4_NOTHERMAL_highbrent,2035-08-18,22,EV charging,-11.5
nlv2b_C4_NOTHERMAL_highbrent,2035-08-18,22,Hydrogen production,-0.0
nlv2b_C4_NOTHERMAL_highbrent,2035-08-18,22,Demand,855.1
nlv2b_C4_NOTHERMAL_highbrent,2035-11-22,0,Geothermal,93.1
nlv2b_C4_NOTHERMAL_highbrent,2035-11-22,0,Waste-to-energy,42.8
nlv2b_C4_NOTHERMAL_highbrent,2035-11-22,0,Thermal (oil/LNG),498.1
nlv2b_C4_NOTHERMAL_highbrent,2035-11-22,0,Wind,16.9
nlv2b_C4_NOTHERMAL_highbrent,2035-11-22,0,Utility solar,0.0
nlv2b_C4_NOTHERMAL_highbrent,2035-11-22,0,Rooftop solar,0.0
nlv2b_C4_NOTHERMAL_highbrent,2035-11-22,0,Battery discharge (net),0.0
nlv2b_C4_NOTHERMAL_highbrent,2035-11-22,0,Battery charging (net),0.0
nlv2b_C4_NOTHERMAL_highbrent,2035-11-22,0,Curtailed solar & wind,0.0
nlv2b_C4_NOTHERMAL_highbrent,2035-11-22,0,EV charging,-8.8
nlv2b_C4_NOTHERMAL_highbrent,2035-11-22,0,Hydrogen production,-0.0
nlv2b_C4_NOTHERMAL_highbrent,2035-11-22,0,Demand,642.1
nlv2b_C4_NOTHERMAL_highbrent,2035-11-22,2,Geothermal,93.1
nlv2b_C4_NOTHERMAL_highbrent,2035-11-22,2,Waste-to-energy,42.8
nlv2b_C4_NOTHERMAL_highbrent,2035-11-22,2,Thermal (oil/LNG),477.7
nlv2b_C4_NOTHERMAL_highbrent,2035-11-22,2,Wind,1.8
nlv2b_C4_NOTHERMAL_highbrent,2035-11-22,2,Utility solar,0.0
nlv2b_C4_NOTHERMAL_highbrent,2035-11-22,2,Rooftop solar,0.0
nlv2b_C4_NOTHERMAL_highbrent,2035-11-22,2,Battery discharge (net),0.0
nlv2b_C4_NOTHERMAL_highbrent,2035-11-22,2,Battery charging (net),-41.2
nlv2b_C4_NOTHERMAL_highbrent,2035-11-22,2,Curtailed solar & wind,0.0
nlv2b_C4_NOTHERMAL_highbrent,2035-11-22,2,EV charging,-6.4
nlv2b_C4_NOTHERMAL_highbrent,2035-11-22,2,Hydrogen production,-0.0
nlv2b_C4_NOTHERMAL_highbrent,2035-11-22,2,Demand,567.9
nlv2b_C4_NOTHERMAL_highbrent,2035-11-22,4,Geothermal,93.1
nlv2b_C4_NOTHERMAL_highbrent,2035-11-22,4,Waste-to-energy,42.8
nlv2b_C4_NOTHERMAL_highbrent,2035-11-22,4,Thermal (oil/LNG),488.5
nlv2b_C4_NOTHERMAL_highbrent,2035-11-22,4,Wind,0.0
nlv2b_C4_NOTHERMAL_highbrent,2035-11-22,4,Utility solar,0.0
nlv2b_C4_NOTHERMAL_highbrent,2035-11-22,4,Rooftop solar,0.0
nlv2b_C4_NOTHERMAL_highbrent,2035-11-22,4,Battery discharge (net),0.0
nlv2b_C4_NOTHERMAL_highbrent,2035-11-22,4,Battery charging (net),-24.4
nlv2b_C4_NOTHERMAL_highbrent,2035-11-22,4,Curtailed solar & wind,0.0
nlv2b_C4_NOTHERMAL_highbrent,2035-11-22,4,EV charging,-6.4
nlv2b_C4_NOTHERMAL_highbrent,2035-11-22,4,Hydrogen production,-0.0
nlv2b_C4_NOTHERMAL_highbrent,2035-11-22,4,Demand,593.6
nlv2b_C4_NOTHERMAL_highbrent,2035-11-22,6,Geothermal,93.1
nlv2b_C4_NOTHERMAL_highbrent,2035-11-22,6,Waste-to-energy,42.8
nlv2b_C4_NOTHERMAL_highbrent,2035-11-22,6,Thermal (oil/LNG),545.5
nlv2b_C4_NOTHERMAL_highbrent,2035-11-22,6,Wind,1.3
nlv2b_C4_NOTHERMAL_highbrent,2035-11-22,6,Utility solar,0.0
nlv2b_C4_NOTHERMAL_highbrent,2035-11-22,6,Rooftop solar,0.0
nlv2b_C4_NOTHERMAL_highbrent,2035-11-22,6,Battery discharge (net),66.2
nlv2b_C4_NOTHERMAL_highbrent,2035-11-22,6,Battery charging (net),0.0
nlv2b_C4_NOTHERMAL_highbrent,2035-11-22,6,Curtailed solar & wind,0.0
nlv2b_C4_NOTHERMAL_highbrent,2035-11-22,6,EV charging,-7.8
nlv2b_C4_NOTHERMAL_highbrent,2035-11-22,6,Hydrogen production,-0.0
nlv2b_C4_NOTHERMAL_highbrent,2035-11-22,6,Demand,741.2
nlv2b_C4_NOTHERMAL_highbrent,2035-11-22,8,Geothermal,93.1
nlv2b_C4_NOTHERMAL_highbrent,2035-11-22,8,Waste-to-energy,42.8
nlv2b_C4_NOTHERMAL_highbrent,2035-11-22,8,Thermal (oil/LNG),545.5
nlv2b_C4_NOTHERMAL_highbrent,2035-11-22,8,Wind,7.7
nlv2b_C4_NOTHERMAL_highbrent,2035-11-22,8,Utility solar,67.9
nlv2b_C4_NOTHERMAL_highbrent,2035-11-22,8,Rooftop solar,0.0
nlv2b_C4_NOTHERMAL_highbrent,2035-11-22,8,Battery discharge (net),58.2
nlv2b_C4_NOTHERMAL_highbrent,2035-11-22,8,Battery charging (net),0.0
nlv2b_C4_NOTHERMAL_highbrent,2035-11-22,8,Curtailed solar & wind,0.0
nlv2b_C4_NOTHERMAL_highbrent,2035-11-22,8,EV charging,-11.9
nlv2b_C4_NOTHERMAL_highbrent,2035-11-22,8,Hydrogen production,-0.0
nlv2b_C4_NOTHERMAL_highbrent,2035-11-22,8,Demand,803.3
nlv2b_C4_NOTHERMAL_highbrent,2035-11-22,10,Geothermal,93.1
nlv2b_C4_NOTHERMAL_highbrent,2035-11-22,10,Waste-to-energy,42.8
nlv2b_C4_NOTHERMAL_highbrent,2035-11-22,10,Thermal (oil/LNG),489.7
nlv2b_C4_NOTHERMAL_highbrent,2035-11-22,10,Wind,3.1
nlv2b_C4_NOTHERMAL_highbrent,2035-11-22,10,Utility solar,233.9
nlv2b_C4_NOTHERMAL_highbrent,2035-11-22,10,Rooftop solar,0.0
nlv2b_C4_NOTHERMAL_highbrent,2035-11-22,10,Battery discharge (net),0.0
nlv2b_C4_NOTHERMAL_highbrent,2035-11-22,10,Battery charging (net),-140.6
nlv2b_C4_NOTHERMAL_highbrent,2035-11-22,10,Curtailed solar & wind,0.0
nlv2b_C4_NOTHERMAL_highbrent,2035-11-22,10,EV charging,-20.4
nlv2b_C4_NOTHERMAL_highbrent,2035-11-22,10,Hydrogen production,-0.0
nlv2b_C4_NOTHERMAL_highbrent,2035-11-22,10,Demand,701.5
nlv2b_C4_NOTHERMAL_highbrent,2035-11-22,12,Geothermal,93.1
nlv2b_C4_NOTHERMAL_highbrent,2035-11-22,12,Waste-to-energy,42.8
nlv2b_C4_NOTHERMAL_highbrent,2035-11-22,12,Thermal (oil/LNG),489.7
nlv2b_C4_NOTHERMAL_highbrent,2035-11-22,12,Wind,3.1
nlv2b_C4_NOTHERMAL_highbrent,2035-11-22,12,Utility solar,452.2
nlv2b_C4_NOTHERMAL_highbrent,2035-11-22,12,Rooftop solar,0.0
nlv2b_C4_NOTHERMAL_highbrent,2035-11-22,12,Battery discharge (net),0.0
nlv2b_C4_NOTHERMAL_highbrent,2035-11-22,12,Battery charging (net),-238.2
nlv2b_C4_NOTHERMAL_highbrent,2035-11-22,12,Curtailed solar & wind,0.0
nlv2b_C4_NOTHERMAL_highbrent,2035-11-22,12,EV charging,-226.5
nlv2b_C4_NOTHERMAL_highbrent,2035-11-22,12,Hydrogen production,-0.0
nlv2b_C4_NOTHERMAL_highbrent,2035-11-22,12,Demand,616.2
nlv2b_C4_NOTHERMAL_highbrent,2035-11-22,14,Geothermal,93.1
nlv2b_C4_NOTHERMAL_highbrent,2035-11-22,14,Waste-to-energy,42.8
nlv2b_C4_NOTHERMAL_highbrent,2035-11-22,14,Thermal (oil/LNG),489.7
nlv2b_C4_NOTHERMAL_highbrent,2035-11-22,14,Wind,8.5
nlv2b_C4_NOTHERMAL_highbrent,2035-11-22,14,Utility solar,429.6
nlv2b_C4_NOTHERMAL_highbrent,2035-11-22,14,Rooftop solar,0.0
nlv2b_C4_NOTHERMAL_highbrent,2035-11-22,14,Battery discharge (net),0.0
nlv2b_C4_NOTHERMAL_highbrent,2035-11-22,14,Battery charging (net),-372.8
nlv2b_C4_NOTHERMAL_highbrent,2035-11-22,14,Curtailed solar & wind,0.0
nlv2b_C4_NOTHERMAL_highbrent,2035-11-22,14,EV charging,-76.1
nlv2b_C4_NOTHERMAL_highbrent,2035-11-22,14,Hydrogen production,-0.0
nlv2b_C4_NOTHERMAL_highbrent,2035-11-22,14,Demand,614.8
nlv2b_C4_NOTHERMAL_highbrent,2035-11-22,16,Geothermal,93.1
nlv2b_C4_NOTHERMAL_highbrent,2035-11-22,16,Waste-to-energy,42.8
nlv2b_C4_NOTHERMAL_highbrent,2035-11-22,16,Thermal (oil/LNG),489.7
nlv2b_C4_NOTHERMAL_highbrent,2035-11-22,16,Wind,15.5
nlv2b_C4_NOTHERMAL_highbrent,2035-11-22,16,Utility solar,330.9
nlv2b_C4_NOTHERMAL_highbrent,2035-11-22,16,Rooftop solar,0.0
nlv2b_C4_NOTHERMAL_highbrent,2035-11-22,16,Battery discharge (net),0.0
nlv2b_C4_NOTHERMAL_highbrent,2035-11-22,16,Battery charging (net),-67.1
nlv2b_C4_NOTHERMAL_highbrent,2035-11-22,16,Curtailed solar & wind,0.0
nlv2b_C4_NOTHERMAL_highbrent,2035-11-22,16,EV charging,-30.7
nlv2b_C4_NOTHERMAL_highbrent,2035-11-22,16,Hydrogen production,-0.0
nlv2b_C4_NOTHERMAL_highbrent,2035-11-22,16,Demand,874.2
nlv2b_C4_NOTHERMAL_highbrent,2035-11-22,18,Geothermal,93.1
nlv2b_C4_NOTHERMAL_highbrent,2035-11-22,18,Waste-to-energy,42.8
nlv2b_C4_NOTHERMAL_highbrent,2035-11-22,18,Thermal (oil/LNG),545.5
nlv2b_C4_NOTHERMAL_highbrent,2035-11-22,18,Wind,30.6
nlv2b_C4_NOTHERMAL_highbrent,2035-11-22,18,Utility solar,0.0
nlv2b_C4_NOTHERMAL_highbrent,2035-11-22,18,Rooftop solar,0.0
nlv2b_C4_NOTHERMAL_highbrent,2035-11-22,18,Battery discharge (net),377.5
nlv2b_C4_NOTHERMAL_highbrent,2035-11-22,18,Battery charging (net),0.0
nlv2b_C4_NOTHERMAL_highbrent,2035-11-22,18,Curtailed solar & wind,0.0
nlv2b_C4_NOTHERMAL_highbrent,2035-11-22,18,EV charging,-49.4
nlv2b_C4_NOTHERMAL_highbrent,2035-11-22,18,Hydrogen production,-0.0
nlv2b_C4_NOTHERMAL_highbrent,2035-11-22,18,Demand,1040.1
nlv2b_C4_NOTHERMAL_highbrent,2035-11-22,20,Geothermal,93.1
nlv2b_C4_NOTHERMAL_highbrent,2035-11-22,20,Waste-to-energy,42.8
nlv2b_C4_NOTHERMAL_highbrent,2035-11-22,20,Thermal (oil/LNG),545.5
nlv2b_C4_NOTHERMAL_highbrent,2035-11-22,20,Wind,37.5
nlv2b_C4_NOTHERMAL_highbrent,2035-11-22,20,Utility solar,0.0
nlv2b_C4_NOTHERMAL_highbrent,2035-11-22,20,Rooftop solar,0.0
nlv2b_C4_NOTHERMAL_highbrent,2035-11-22,20,Battery discharge (net),217.5
nlv2b_C4_NOTHERMAL_highbrent,2035-11-22,20,Battery charging (net),0.0
nlv2b_C4_NOTHERMAL_highbrent,2035-11-22,20,Curtailed solar & wind,0.0
nlv2b_C4_NOTHERMAL_highbrent,2035-11-22,20,EV charging,-45.8
nlv2b_C4_NOTHERMAL_highbrent,2035-11-22,20,Hydrogen production,-0.0
nlv2b_C4_NOTHERMAL_highbrent,2035-11-22,20,Demand,890.6
nlv2b_C4_NOTHERMAL_highbrent,2035-11-22,22,Geothermal,93.1
nlv2b_C4_NOTHERMAL_highbrent,2035-11-22,22,Waste-to-energy,42.8
nlv2b_C4_NOTHERMAL_highbrent,2035-11-22,22,Thermal (oil/LNG),545.5
nlv2b_C4_NOTHERMAL_highbrent,2035-11-22,22,Wind,3.0
nlv2b_C4_NOTHERMAL_highbrent,2035-11-22,22,Utility solar,0.0
nlv2b_C4_NOTHERMAL_highbrent,2035-11-22,22,Rooftop solar,0.0
nlv2b_C4_NOTHERMAL_highbrent,2035-11-22,22,Battery discharge (net),76.4
nlv2b_C4_NOTHERMAL_highbrent,2035-11-22,22,Battery charging (net),0.0
nlv2b_C4_NOTHERMAL_highbrent,2035-11-22,22,Curtailed solar & wind,0.0
nlv2b_C4_NOTHERMAL_highbrent,2035-11-22,22,EV charging,-11.5
nlv2b_C4_NOTHERMAL_highbrent,2035-11-22,22,Hydrogen production,-0.0
nlv2b_C4_NOTHERMAL_highbrent,2035-11-22,22,Demand,749.4
nlv2b_wb_C6_LNG500_highbrent,2035-08-18,0,Geothermal,93.1
nlv2b_wb_C6_LNG500_highbrent,2035-08-18,0,Waste-to-energy,42.8
nlv2b_wb_C6_LNG500_highbrent,2035-08-18,0,Thermal (oil/LNG),103.1
nlv2b_wb_C6_LNG500_highbrent,2035-08-18,0,Wind,46.2
nlv2b_wb_C6_LNG500_highbrent,2035-08-18,0,Utility solar,0.0
nlv2b_wb_C6_LNG500_highbrent,2035-08-18,0,Rooftop solar,0.0
nlv2b_wb_C6_LNG500_highbrent,2035-08-18,0,Battery discharge (net),417.4
nlv2b_wb_C6_LNG500_highbrent,2035-08-18,0,Battery charging (net),0.0
nlv2b_wb_C6_LNG500_highbrent,2035-08-18,0,Curtailed solar & wind,0.0
nlv2b_wb_C6_LNG500_highbrent,2035-08-18,0,EV charging,-8.8
nlv2b_wb_C6_LNG500_highbrent,2035-08-18,0,Hydrogen production,-0.0
nlv2b_wb_C6_LNG500_highbrent,2035-08-18,0,Demand,693.8
nlv2b_wb_C6_LNG500_highbrent,2035-08-18,2,Geothermal,93.1
nlv2b_wb_C6_LNG500_highbrent,2035-08-18,2,Waste-to-energy,42.8
nlv2b_wb_C6_LNG500_highbrent,2035-08-18,2,Thermal (oil/LNG),103.1
nlv2b_wb_C6_LNG500_highbrent,2035-08-18,2,Wind,42.4
nlv2b_wb_C6_LNG500_highbrent,2035-08-18,2,Utility solar,0.0
nlv2b_wb_C6_LNG500_highbrent,2035-08-18,2,Rooftop solar,0.0
nlv2b_wb_C6_LNG500_highbrent,2035-08-18,2,Battery discharge (net),364.4
nlv2b_wb_C6_LNG500_highbrent,2035-08-18,2,Battery charging (net),0.0
nlv2b_wb_C6_LNG500_highbrent,2035-08-18,2,Curtailed solar & wind,0.0
nlv2b_wb_C6_LNG500_highbrent,2035-08-18,2,EV charging,-6.4
nlv2b_wb_C6_LNG500_highbrent,2035-08-18,2,Hydrogen production,-0.0
nlv2b_wb_C6_LNG500_highbrent,2035-08-18,2,Demand,639.5
nlv2b_wb_C6_LNG500_highbrent,2035-08-18,4,Geothermal,93.1
nlv2b_wb_C6_LNG500_highbrent,2035-08-18,4,Waste-to-energy,42.8
nlv2b_wb_C6_LNG500_highbrent,2035-08-18,4,Thermal (oil/LNG),103.1
nlv2b_wb_C6_LNG500_highbrent,2035-08-18,4,Wind,18.4
nlv2b_wb_C6_LNG500_highbrent,2035-08-18,4,Utility solar,0.0
nlv2b_wb_C6_LNG500_highbrent,2035-08-18,4,Rooftop solar,0.0
nlv2b_wb_C6_LNG500_highbrent,2035-08-18,4,Battery discharge (net),458.5
nlv2b_wb_C6_LNG500_highbrent,2035-08-18,4,Battery charging (net),0.0
nlv2b_wb_C6_LNG500_highbrent,2035-08-18,4,Curtailed solar & wind,0.0
nlv2b_wb_C6_LNG500_highbrent,2035-08-18,4,EV charging,-6.4
nlv2b_wb_C6_LNG500_highbrent,2035-08-18,4,Hydrogen production,-0.0
nlv2b_wb_C6_LNG500_highbrent,2035-08-18,4,Demand,709.5
nlv2b_wb_C6_LNG500_highbrent,2035-08-18,6,Geothermal,93.1
nlv2b_wb_C6_LNG500_highbrent,2035-08-18,6,Waste-to-energy,42.8
nlv2b_wb_C6_LNG500_highbrent,2035-08-18,6,Thermal (oil/LNG),305.6
nlv2b_wb_C6_LNG500_highbrent,2035-08-18,6,Wind,27.0
nlv2b_wb_C6_LNG500_highbrent,2035-08-18,6,Utility solar,40.0
nlv2b_wb_C6_LNG500_highbrent,2035-08-18,6,Rooftop solar,0.0
nlv2b_wb_C6_LNG500_highbrent,2035-08-18,6,Battery discharge (net),474.5
nlv2b_wb_C6_LNG500_highbrent,2035-08-18,6,Battery charging (net),0.0
nlv2b_wb_C6_LNG500_highbrent,2035-08-18,6,Curtailed solar & wind,0.0
nlv2b_wb_C6_LNG500_highbrent,2035-08-18,6,EV charging,-7.8
nlv2b_wb_C6_LNG500_highbrent,2035-08-18,6,Hydrogen production,-0.0
nlv2b_wb_C6_LNG500_highbrent,2035-08-18,6,Demand,975.1
nlv2b_wb_C6_LNG500_highbrent,2035-08-18,8,Geothermal,93.1
nlv2b_wb_C6_LNG500_highbrent,2035-08-18,8,Waste-to-energy,42.8
nlv2b_wb_C6_LNG500_highbrent,2035-08-18,8,Thermal (oil/LNG),103.1
nlv2b_wb_C6_LNG500_highbrent,2035-08-18,8,Wind,1.6
nlv2b_wb_C6_LNG500_highbrent,2035-08-18,8,Utility solar,1659.3
nlv2b_wb_C6_LNG500_highbrent,2035-08-18,8,Rooftop solar,0.0
nlv2b_wb_C6_LNG500_highbrent,2035-08-18,8,Battery discharge (net),0.0
nlv2b_wb_C6_LNG500_highbrent,2035-08-18,8,Battery charging (net),-899.7
nlv2b_wb_C6_LNG500_highbrent,2035-08-18,8,Curtailed solar & wind,118.5
nlv2b_wb_C6_LNG500_highbrent,2035-08-18,8,EV charging,-88.9
nlv2b_wb_C6_LNG500_highbrent,2035-08-18,8,Hydrogen production,-0.0
nlv2b_wb_C6_LNG500_highbrent,2035-08-18,8,Demand,911.2
nlv2b_wb_C6_LNG500_highbrent,2035-08-18,10,Geothermal,93.1
nlv2b_wb_C6_LNG500_highbrent,2035-08-18,10,Waste-to-energy,42.8
nlv2b_wb_C6_LNG500_highbrent,2035-08-18,10,Thermal (oil/LNG),103.1
nlv2b_wb_C6_LNG500_highbrent,2035-08-18,10,Wind,19.0
nlv2b_wb_C6_LNG500_highbrent,2035-08-18,10,Utility solar,1422.7
nlv2b_wb_C6_LNG500_highbrent,2035-08-18,10,Rooftop solar,0.0
nlv2b_wb_C6_LNG500_highbrent,2035-08-18,10,Battery discharge (net),0.0
nlv2b_wb_C6_LNG500_highbrent,2035-08-18,10,Battery charging (net),-767.8
nlv2b_wb_C6_LNG500_highbrent,2035-08-18,10,Curtailed solar & wind,10.7
nlv2b_wb_C6_LNG500_highbrent,2035-08-18,10,EV charging,-20.4
nlv2b_wb_C6_LNG500_highbrent,2035-08-18,10,Hydrogen production,-0.0
nlv2b_wb_C6_LNG500_highbrent,2035-08-18,10,Demand,892.6
nlv2b_wb_C6_LNG500_highbrent,2035-08-18,12,Geothermal,93.1
nlv2b_wb_C6_LNG500_highbrent,2035-08-18,12,Waste-to-energy,42.8
nlv2b_wb_C6_LNG500_highbrent,2035-08-18,12,Thermal (oil/LNG),103.1
nlv2b_wb_C6_LNG500_highbrent,2035-08-18,12,Wind,28.8
nlv2b_wb_C6_LNG500_highbrent,2035-08-18,12,Utility solar,1435.0
nlv2b_wb_C6_LNG500_highbrent,2035-08-18,12,Rooftop solar,0.0
nlv2b_wb_C6_LNG500_highbrent,2035-08-18,12,Battery discharge (net),0.0
nlv2b_wb_C6_LNG500_highbrent,2035-08-18,12,Battery charging (net),-899.7
nlv2b_wb_C6_LNG500_highbrent,2035-08-18,12,Curtailed solar & wind,171.4
nlv2b_wb_C6_LNG500_highbrent,2035-08-18,12,EV charging,-40.2
nlv2b_wb_C6_LNG500_highbrent,2035-08-18,12,Hydrogen production,-0.0
nlv2b_wb_C6_LNG500_highbrent,2035-08-18,12,Demand,763.0
nlv2b_wb_C6_LNG500_highbrent,2035-08-18,14,Geothermal,93.1
nlv2b_wb_C6_LNG500_highbrent,2035-08-18,14,Waste-to-energy,42.8
nlv2b_wb_C6_LNG500_highbrent,2035-08-18,14,Thermal (oil/LNG),103.1
nlv2b_wb_C6_LNG500_highbrent,2035-08-18,14,Wind,20.0
nlv2b_wb_C6_LNG500_highbrent,2035-08-18,14,Utility solar,1610.1
nlv2b_wb_C6_LNG500_highbrent,2035-08-18,14,Rooftop solar,0.0
nlv2b_wb_C6_LNG500_highbrent,2035-08-18,14,Battery discharge (net),0.0
nlv2b_wb_C6_LNG500_highbrent,2035-08-18,14,Battery charging (net),-843.1
nlv2b_wb_C6_LNG500_highbrent,2035-08-18,14,Curtailed solar & wind,152.2
nlv2b_wb_C6_LNG500_highbrent,2035-08-18,14,EV charging,-185.4
nlv2b_wb_C6_LNG500_highbrent,2035-08-18,14,Hydrogen production,-0.0
nlv2b_wb_C6_LNG500_highbrent,2035-08-18,14,Demand,840.7
nlv2b_wb_C6_LNG500_highbrent,2035-08-18,16,Geothermal,93.1
nlv2b_wb_C6_LNG500_highbrent,2035-08-18,16,Waste-to-energy,42.8
nlv2b_wb_C6_LNG500_highbrent,2035-08-18,16,Thermal (oil/LNG),103.1
nlv2b_wb_C6_LNG500_highbrent,2035-08-18,16,Wind,34.2
nlv2b_wb_C6_LNG500_highbrent,2035-08-18,16,Utility solar,1432.5
nlv2b_wb_C6_LNG500_highbrent,2035-08-18,16,Rooftop solar,0.0
nlv2b_wb_C6_LNG500_highbrent,2035-08-18,16,Battery discharge (net),0.0
nlv2b_wb_C6_LNG500_highbrent,2035-08-18,16,Battery charging (net),-626.4
nlv2b_wb_C6_LNG500_highbrent,2035-08-18,16,Curtailed solar & wind,0.0
nlv2b_wb_C6_LNG500_highbrent,2035-08-18,16,EV charging,-30.7
nlv2b_wb_C6_LNG500_highbrent,2035-08-18,16,Hydrogen production,-0.0
nlv2b_wb_C6_LNG500_highbrent,2035-08-18,16,Demand,1048.7
nlv2b_wb_C6_LNG500_highbrent,2035-08-18,18,Geothermal,93.1
nlv2b_wb_C6_LNG500_highbrent,2035-08-18,18,Waste-to-energy,42.8
nlv2b_wb_C6_LNG500_highbrent,2035-08-18,18,Thermal (oil/LNG),353.1
nlv2b_wb_C6_LNG500_highbrent,2035-08-18,18,Wind,43.8
nlv2b_wb_C6_LNG500_highbrent,2035-08-18,18,Utility solar,138.7
nlv2b_wb_C6_LNG500_highbrent,2035-08-18,18,Rooftop solar,0.0
nlv2b_wb_C6_LNG500_highbrent,2035-08-18,18,Battery discharge (net),538.9
nlv2b_wb_C6_LNG500_highbrent,2035-08-18,18,Battery charging (net),0.0
nlv2b_wb_C6_LNG500_highbrent,2035-08-18,18,Curtailed solar & wind,0.0
nlv2b_wb_C6_LNG500_highbrent,2035-08-18,18,EV charging,-49.4
nlv2b_wb_C6_LNG500_highbrent,2035-08-18,18,Hydrogen production,-0.0
nlv2b_wb_C6_LNG500_highbrent,2035-08-18,18,Demand,1160.9
nlv2b_wb_C6_LNG500_highbrent,2035-08-18,20,Geothermal,93.1
nlv2b_wb_C6_LNG500_highbrent,2035-08-18,20,Waste-to-energy,42.8
nlv2b_wb_C6_LNG500_highbrent,2035-08-18,20,Thermal (oil/LNG),219.4
nlv2b_wb_C6_LNG500_highbrent,2035-08-18,20,Wind,29.6
nlv2b_wb_C6_LNG500_highbrent,2035-08-18,20,Utility solar,0.0
nlv2b_wb_C6_LNG500_highbrent,2035-08-18,20,Rooftop solar,0.0
nlv2b_wb_C6_LNG500_highbrent,2035-08-18,20,Battery discharge (net),774.7
nlv2b_wb_C6_LNG500_highbrent,2035-08-18,20,Battery charging (net),0.0
nlv2b_wb_C6_LNG500_highbrent,2035-08-18,20,Curtailed solar & wind,0.0
nlv2b_wb_C6_LNG500_highbrent,2035-08-18,20,EV charging,-45.8
nlv2b_wb_C6_LNG500_highbrent,2035-08-18,20,Hydrogen production,-0.0
nlv2b_wb_C6_LNG500_highbrent,2035-08-18,20,Demand,1113.7
nlv2b_wb_C6_LNG500_highbrent,2035-08-18,22,Geothermal,93.1
nlv2b_wb_C6_LNG500_highbrent,2035-08-18,22,Waste-to-energy,42.8
nlv2b_wb_C6_LNG500_highbrent,2035-08-18,22,Thermal (oil/LNG),103.1
nlv2b_wb_C6_LNG500_highbrent,2035-08-18,22,Wind,28.7
nlv2b_wb_C6_LNG500_highbrent,2035-08-18,22,Utility solar,0.0
nlv2b_wb_C6_LNG500_highbrent,2035-08-18,22,Rooftop solar,0.0
nlv2b_wb_C6_LNG500_highbrent,2035-08-18,22,Battery discharge (net),598.9
nlv2b_wb_C6_LNG500_highbrent,2035-08-18,22,Battery charging (net),0.0
nlv2b_wb_C6_LNG500_highbrent,2035-08-18,22,Curtailed solar & wind,0.0
nlv2b_wb_C6_LNG500_highbrent,2035-08-18,22,EV charging,-11.5
nlv2b_wb_C6_LNG500_highbrent,2035-08-18,22,Hydrogen production,-0.0
nlv2b_wb_C6_LNG500_highbrent,2035-08-18,22,Demand,855.1
nlv2b_wb_C6_LNG500_highbrent,2035-11-22,0,Geothermal,93.1
nlv2b_wb_C6_LNG500_highbrent,2035-11-22,0,Waste-to-energy,42.8
nlv2b_wb_C6_LNG500_highbrent,2035-11-22,0,Thermal (oil/LNG),603.1
nlv2b_wb_C6_LNG500_highbrent,2035-11-22,0,Wind,16.9
nlv2b_wb_C6_LNG500_highbrent,2035-11-22,0,Utility solar,0.0
nlv2b_wb_C6_LNG500_highbrent,2035-11-22,0,Rooftop solar,0.0
nlv2b_wb_C6_LNG500_highbrent,2035-11-22,0,Battery discharge (net),0.0
nlv2b_wb_C6_LNG500_highbrent,2035-11-22,0,Battery charging (net),0.0
nlv2b_wb_C6_LNG500_highbrent,2035-11-22,0,Curtailed solar & wind,0.0
nlv2b_wb_C6_LNG500_highbrent,2035-11-22,0,EV charging,-113.8
nlv2b_wb_C6_LNG500_highbrent,2035-11-22,0,Hydrogen production,-0.0
nlv2b_wb_C6_LNG500_highbrent,2035-11-22,0,Demand,642.1
nlv2b_wb_C6_LNG500_highbrent,2035-11-22,2,Geothermal,93.1
nlv2b_wb_C6_LNG500_highbrent,2035-11-22,2,Waste-to-energy,42.8
nlv2b_wb_C6_LNG500_highbrent,2035-11-22,2,Thermal (oil/LNG),603.1
nlv2b_wb_C6_LNG500_highbrent,2035-11-22,2,Wind,1.8
nlv2b_wb_C6_LNG500_highbrent,2035-11-22,2,Utility solar,0.0
nlv2b_wb_C6_LNG500_highbrent,2035-11-22,2,Rooftop solar,0.0
nlv2b_wb_C6_LNG500_highbrent,2035-11-22,2,Battery discharge (net),0.0
nlv2b_wb_C6_LNG500_highbrent,2035-11-22,2,Battery charging (net),-20.8
nlv2b_wb_C6_LNG500_highbrent,2035-11-22,2,Curtailed solar & wind,0.0
nlv2b_wb_C6_LNG500_highbrent,2035-11-22,2,EV charging,-152.2
nlv2b_wb_C6_LNG500_highbrent,2035-11-22,2,Hydrogen production,-0.0
nlv2b_wb_C6_LNG500_highbrent,2035-11-22,2,Demand,567.9
nlv2b_wb_C6_LNG500_highbrent,2035-11-22,4,Geothermal,93.1
nlv2b_wb_C6_LNG500_highbrent,2035-11-22,4,Waste-to-energy,42.8
nlv2b_wb_C6_LNG500_highbrent,2035-11-22,4,Thermal (oil/LNG),478.1
nlv2b_wb_C6_LNG500_highbrent,2035-11-22,4,Wind,0.0
nlv2b_wb_C6_LNG500_highbrent,2035-11-22,4,Utility solar,0.0
nlv2b_wb_C6_LNG500_highbrent,2035-11-22,4,Rooftop solar,0.0
nlv2b_wb_C6_LNG500_highbrent,2035-11-22,4,Battery discharge (net),0.0
nlv2b_wb_C6_LNG500_highbrent,2035-11-22,4,Battery charging (net),-14.0
nlv2b_wb_C6_LNG500_highbrent,2035-11-22,4,Curtailed solar & wind,0.0
nlv2b_wb_C6_LNG500_highbrent,2035-11-22,4,EV charging,-6.4
nlv2b_wb_C6_LNG500_highbrent,2035-11-22,4,Hydrogen production,-0.0
nlv2b_wb_C6_LNG500_highbrent,2035-11-22,4,Demand,593.6
nlv2b_wb_C6_LNG500_highbrent,2035-11-22,6,Geothermal,93.1
nlv2b_wb_C6_LNG500_highbrent,2035-11-22,6,Waste-to-energy,42.8
nlv2b_wb_C6_LNG500_highbrent,2035-11-22,6,Thermal (oil/LNG),604.6
nlv2b_wb_C6_LNG500_highbrent,2035-11-22,6,Wind,1.3
nlv2b_wb_C6_LNG500_highbrent,2035-11-22,6,Utility solar,0.0
nlv2b_wb_C6_LNG500_highbrent,2035-11-22,6,Rooftop solar,0.0
nlv2b_wb_C6_LNG500_highbrent,2035-11-22,6,Battery discharge (net),7.1
nlv2b_wb_C6_LNG500_highbrent,2035-11-22,6,Battery charging (net),0.0
nlv2b_wb_C6_LNG500_highbrent,2035-11-22,6,Curtailed solar & wind,0.0
nlv2b_wb_C6_LNG500_highbrent,2035-11-22,6,EV charging,-7.8
nlv2b_wb_C6_LNG500_highbrent,2035-11-22,6,Hydrogen production,-0.0
nlv2b_wb_C6_LNG500_highbrent,2035-11-22,6,Demand,741.2
nlv2b_wb_C6_LNG500_highbrent,2035-11-22,8,Geothermal,93.1
nlv2b_wb_C6_LNG500_highbrent,2035-11-22,8,Waste-to-energy,42.8
nlv2b_wb_C6_LNG500_highbrent,2035-11-22,8,Thermal (oil/LNG),603.1
nlv2b_wb_C6_LNG500_highbrent,2035-11-22,8,Wind,7.7
nlv2b_wb_C6_LNG500_highbrent,2035-11-22,8,Utility solar,45.1
nlv2b_wb_C6_LNG500_highbrent,2035-11-22,8,Rooftop solar,0.0
nlv2b_wb_C6_LNG500_highbrent,2035-11-22,8,Battery discharge (net),23.3
nlv2b_wb_C6_LNG500_highbrent,2035-11-22,8,Battery charging (net),0.0
nlv2b_wb_C6_LNG500_highbrent,2035-11-22,8,Curtailed solar & wind,0.0
nlv2b_wb_C6_LNG500_highbrent,2035-11-22,8,EV charging,-11.9
nlv2b_wb_C6_LNG500_highbrent,2035-11-22,8,Hydrogen production,-0.0
nlv2b_wb_C6_LNG500_highbrent,2035-11-22,8,Demand,803.3
nlv2b_wb_C6_LNG500_highbrent,2035-11-22,10,Geothermal,93.1
nlv2b_wb_C6_LNG500_highbrent,2035-11-22,10,Waste-to-energy,42.8
nlv2b_wb_C6_LNG500_highbrent,2035-11-22,10,Thermal (oil/LNG),603.1
nlv2b_wb_C6_LNG500_highbrent,2035-11-22,10,Wind,3.1
nlv2b_wb_C6_LNG500_highbrent,2035-11-22,10,Utility solar,189.7
nlv2b_wb_C6_LNG500_highbrent,2035-11-22,10,Rooftop solar,0.0
nlv2b_wb_C6_LNG500_highbrent,2035-11-22,10,Battery discharge (net),0.0
nlv2b_wb_C6_LNG500_highbrent,2035-11-22,10,Battery charging (net),-209.9
nlv2b_wb_C6_LNG500_highbrent,2035-11-22,10,Curtailed solar & wind,0.0
nlv2b_wb_C6_LNG500_highbrent,2035-11-22,10,EV charging,-20.4
nlv2b_wb_C6_LNG500_highbrent,2035-11-22,10,Hydrogen production,-0.0
nlv2b_wb_C6_LNG500_highbrent,2035-11-22,10,Demand,701.5
nlv2b_wb_C6_LNG500_highbrent,2035-11-22,12,Geothermal,93.1
nlv2b_wb_C6_LNG500_highbrent,2035-11-22,12,Waste-to-energy,42.8
nlv2b_wb_C6_LNG500_highbrent,2035-11-22,12,Thermal (oil/LNG),353.1
nlv2b_wb_C6_LNG500_highbrent,2035-11-22,12,Wind,3.1
nlv2b_wb_C6_LNG500_highbrent,2035-11-22,12,Utility solar,370.4
nlv2b_wb_C6_LNG500_highbrent,2035-11-22,12,Rooftop solar,0.0
nlv2b_wb_C6_LNG500_highbrent,2035-11-22,12,Battery discharge (net),0.0
nlv2b_wb_C6_LNG500_highbrent,2035-11-22,12,Battery charging (net),-223.0
nlv2b_wb_C6_LNG500_highbrent,2035-11-22,12,Curtailed solar & wind,0.0
nlv2b_wb_C6_LNG500_highbrent,2035-11-22,12,EV charging,-23.4
nlv2b_wb_C6_LNG500_highbrent,2035-11-22,12,Hydrogen production,-0.0
nlv2b_wb_C6_LNG500_highbrent,2035-11-22,12,Demand,616.2
nlv2b_wb_C6_LNG500_highbrent,2035-11-22,14,Geothermal,93.1
nlv2b_wb_C6_LNG500_highbrent,2035-11-22,14,Waste-to-energy,42.8
nlv2b_wb_C6_LNG500_highbrent,2035-11-22,14,Thermal (oil/LNG),107.7
nlv2b_wb_C6_LNG500_highbrent,2035-11-22,14,Wind,8.5
nlv2b_wb_C6_LNG500_highbrent,2035-11-22,14,Utility solar,367.3
nlv2b_wb_C6_LNG500_highbrent,2035-11-22,14,Rooftop solar,0.0
nlv2b_wb_C6_LNG500_highbrent,2035-11-22,14,Battery discharge (net),23.9
nlv2b_wb_C6_LNG500_highbrent,2035-11-22,14,Battery charging (net),0.0
nlv2b_wb_C6_LNG500_highbrent,2035-11-22,14,Curtailed solar & wind,0.0
nlv2b_wb_C6_LNG500_highbrent,2035-11-22,14,EV charging,-28.5
nlv2b_wb_C6_LNG500_highbrent,2035-11-22,14,Hydrogen production,-0.0
nlv2b_wb_C6_LNG500_highbrent,2035-11-22,14,Demand,614.8
nlv2b_wb_C6_LNG500_highbrent,2035-11-22,16,Geothermal,93.1
nlv2b_wb_C6_LNG500_highbrent,2035-11-22,16,Waste-to-energy,42.8
nlv2b_wb_C6_LNG500_highbrent,2035-11-22,16,Thermal (oil/LNG),603.1
nlv2b_wb_C6_LNG500_highbrent,2035-11-22,16,Wind,15.5
nlv2b_wb_C6_LNG500_highbrent,2035-11-22,16,Utility solar,281.7
nlv2b_wb_C6_LNG500_highbrent,2035-11-22,16,Rooftop solar,0.0
nlv2b_wb_C6_LNG500_highbrent,2035-11-22,16,Battery discharge (net),0.0
nlv2b_wb_C6_LNG500_highbrent,2035-11-22,16,Battery charging (net),-131.4
nlv2b_wb_C6_LNG500_highbrent,2035-11-22,16,Curtailed solar & wind,0.0
nlv2b_wb_C6_LNG500_highbrent,2035-11-22,16,EV charging,-30.7
nlv2b_wb_C6_LNG500_highbrent,2035-11-22,16,Hydrogen production,-0.0
nlv2b_wb_C6_LNG500_highbrent,2035-11-22,16,Demand,874.2
nlv2b_wb_C6_LNG500_highbrent,2035-11-22,18,Geothermal,93.1
nlv2b_wb_C6_LNG500_highbrent,2035-11-22,18,Waste-to-energy,42.8
nlv2b_wb_C6_LNG500_highbrent,2035-11-22,18,Thermal (oil/LNG),607.7
nlv2b_wb_C6_LNG500_highbrent,2035-11-22,18,Wind,30.6
nlv2b_wb_C6_LNG500_highbrent,2035-11-22,18,Utility solar,0.0
nlv2b_wb_C6_LNG500_highbrent,2035-11-22,18,Rooftop solar,0.0
nlv2b_wb_C6_LNG500_highbrent,2035-11-22,18,Battery discharge (net),315.3
nlv2b_wb_C6_LNG500_highbrent,2035-11-22,18,Battery charging (net),0.0
nlv2b_wb_C6_LNG500_highbrent,2035-11-22,18,Curtailed solar & wind,0.0
nlv2b_wb_C6_LNG500_highbrent,2035-11-22,18,EV charging,-49.4
nlv2b_wb_C6_LNG500_highbrent,2035-11-22,18,Hydrogen production,-0.0
nlv2b_wb_C6_LNG500_highbrent,2035-11-22,18,Demand,1040.1
nlv2b_wb_C6_LNG500_highbrent,2035-11-22,20,Geothermal,93.1
nlv2b_wb_C6_LNG500_highbrent,2035-11-22,20,Waste-to-energy,42.8
nlv2b_wb_C6_LNG500_highbrent,2035-11-22,20,Thermal (oil/LNG),607.7
nlv2b_wb_C6_LNG500_highbrent,2035-11-22,20,Wind,37.5
nlv2b_wb_C6_LNG500_highbrent,2035-11-22,20,Utility solar,0.0
nlv2b_wb_C6_LNG500_highbrent,2035-11-22,20,Rooftop solar,0.0
nlv2b_wb_C6_LNG500_highbrent,2035-11-22,20,Battery discharge (net),155.3
nlv2b_wb_C6_LNG500_highbrent,2035-11-22,20,Battery charging (net),0.0
nlv2b_wb_C6_LNG500_highbrent,2035-11-22,20,Curtailed solar & wind,0.0
nlv2b_wb_C6_LNG500_highbrent,2035-11-22,20,EV charging,-45.8
nlv2b_wb_C6_LNG500_highbrent,2035-11-22,20,Hydrogen production,-0.0
nlv2b_wb_C6_LNG500_highbrent,2035-11-22,20,Demand,890.6
nlv2b_wb_C6_LNG500_highbrent,2035-11-22,22,Geothermal,93.1
nlv2b_wb_C6_LNG500_highbrent,2035-11-22,22,Waste-to-energy,42.8
nlv2b_wb_C6_LNG500_highbrent,2035-11-22,22,Thermal (oil/LNG),607.7
nlv2b_wb_C6_LNG500_highbrent,2035-11-22,22,Wind,3.0
nlv2b_wb_C6_LNG500_highbrent,2035-11-22,22,Utility solar,0.0
nlv2b_wb_C6_LNG500_highbrent,2035-11-22,22,Rooftop solar,0.0
nlv2b_wb_C6_LNG500_highbrent,2035-11-22,22,Battery discharge (net),14.2
nlv2b_wb_C6_LNG500_highbrent,2035-11-22,22,Battery charging (net),0.0
nlv2b_wb_C6_LNG500_highbrent,2035-11-22,22,Curtailed solar & wind,0.0
nlv2b_wb_C6_LNG500_highbrent,2035-11-22,22,EV charging,-11.5
nlv2b_wb_C6_LNG500_highbrent,2035-11-22,22,Hydrogen production,-0.0
nlv2b_wb_C6_LNG500_highbrent,2035-11-22,22,Demand,749.4
nlv2b_lc_C4_NOTHERMAL_refbrent,2035-08-18,0,Geothermal,93.1
nlv2b_lc_C4_NOTHERMAL_refbrent,2035-08-18,0,Waste-to-energy,42.8
nlv2b_lc_C4_NOTHERMAL_refbrent,2035-08-18,0,Thermal (oil/LNG),103.1
nlv2b_lc_C4_NOTHERMAL_refbrent,2035-08-18,0,Wind,46.2
nlv2b_lc_C4_NOTHERMAL_refbrent,2035-08-18,0,Utility solar,0.0
nlv2b_lc_C4_NOTHERMAL_refbrent,2035-08-18,0,Rooftop solar,0.0
nlv2b_lc_C4_NOTHERMAL_refbrent,2035-08-18,0,Battery discharge (net),417.4
nlv2b_lc_C4_NOTHERMAL_refbrent,2035-08-18,0,Battery charging (net),0.0
nlv2b_lc_C4_NOTHERMAL_refbrent,2035-08-18,0,Curtailed solar & wind,0.0
nlv2b_lc_C4_NOTHERMAL_refbrent,2035-08-18,0,EV charging,-8.8
nlv2b_lc_C4_NOTHERMAL_refbrent,2035-08-18,0,Hydrogen production,-0.0
nlv2b_lc_C4_NOTHERMAL_refbrent,2035-08-18,0,Demand,693.8
nlv2b_lc_C4_NOTHERMAL_refbrent,2035-08-18,2,Geothermal,93.1
nlv2b_lc_C4_NOTHERMAL_refbrent,2035-08-18,2,Waste-to-energy,42.8
nlv2b_lc_C4_NOTHERMAL_refbrent,2035-08-18,2,Thermal (oil/LNG),103.1
nlv2b_lc_C4_NOTHERMAL_refbrent,2035-08-18,2,Wind,42.4
nlv2b_lc_C4_NOTHERMAL_refbrent,2035-08-18,2,Utility solar,0.0
nlv2b_lc_C4_NOTHERMAL_refbrent,2035-08-18,2,Rooftop solar,0.0
nlv2b_lc_C4_NOTHERMAL_refbrent,2035-08-18,2,Battery discharge (net),364.4
nlv2b_lc_C4_NOTHERMAL_refbrent,2035-08-18,2,Battery charging (net),0.0
nlv2b_lc_C4_NOTHERMAL_refbrent,2035-08-18,2,Curtailed solar & wind,0.0
nlv2b_lc_C4_NOTHERMAL_refbrent,2035-08-18,2,EV charging,-6.4
nlv2b_lc_C4_NOTHERMAL_refbrent,2035-08-18,2,Hydrogen production,-0.0
nlv2b_lc_C4_NOTHERMAL_refbrent,2035-08-18,2,Demand,639.5
nlv2b_lc_C4_NOTHERMAL_refbrent,2035-08-18,4,Geothermal,93.1
nlv2b_lc_C4_NOTHERMAL_refbrent,2035-08-18,4,Waste-to-energy,42.8
nlv2b_lc_C4_NOTHERMAL_refbrent,2035-08-18,4,Thermal (oil/LNG),103.1
nlv2b_lc_C4_NOTHERMAL_refbrent,2035-08-18,4,Wind,18.4
nlv2b_lc_C4_NOTHERMAL_refbrent,2035-08-18,4,Utility solar,0.0
nlv2b_lc_C4_NOTHERMAL_refbrent,2035-08-18,4,Rooftop solar,0.0
nlv2b_lc_C4_NOTHERMAL_refbrent,2035-08-18,4,Battery discharge (net),458.5
nlv2b_lc_C4_NOTHERMAL_refbrent,2035-08-18,4,Battery charging (net),0.0
nlv2b_lc_C4_NOTHERMAL_refbrent,2035-08-18,4,Curtailed solar & wind,0.0
nlv2b_lc_C4_NOTHERMAL_refbrent,2035-08-18,4,EV charging,-6.4
nlv2b_lc_C4_NOTHERMAL_refbrent,2035-08-18,4,Hydrogen production,-0.0
nlv2b_lc_C4_NOTHERMAL_refbrent,2035-08-18,4,Demand,709.5
nlv2b_lc_C4_NOTHERMAL_refbrent,2035-08-18,6,Geothermal,93.1
nlv2b_lc_C4_NOTHERMAL_refbrent,2035-08-18,6,Waste-to-energy,42.8
nlv2b_lc_C4_NOTHERMAL_refbrent,2035-08-18,6,Thermal (oil/LNG),103.1
nlv2b_lc_C4_NOTHERMAL_refbrent,2035-08-18,6,Wind,15.0
nlv2b_lc_C4_NOTHERMAL_refbrent,2035-08-18,6,Utility solar,50.9
nlv2b_lc_C4_NOTHERMAL_refbrent,2035-08-18,6,Rooftop solar,0.0
nlv2b_lc_C4_NOTHERMAL_refbrent,2035-08-18,6,Battery discharge (net),677.9
nlv2b_lc_C4_NOTHERMAL_refbrent,2035-08-18,6,Battery charging (net),0.0
nlv2b_lc_C4_NOTHERMAL_refbrent,2035-08-18,6,Curtailed solar & wind,12.0
nlv2b_lc_C4_NOTHERMAL_refbrent,2035-08-18,6,EV charging,-7.8
nlv2b_lc_C4_NOTHERMAL_refbrent,2035-08-18,6,Hydrogen production,-0.0
nlv2b_lc_C4_NOTHERMAL_refbrent,2035-08-18,6,Demand,975.1
nlv2b_lc_C4_NOTHERMAL_refbrent,2035-08-18,8,Geothermal,93.1
nlv2b_lc_C4_NOTHERMAL_refbrent,2035-08-18,8,Waste-to-energy,42.8
nlv2b_lc_C4_NOTHERMAL_refbrent,2035-08-18,8,Thermal (oil/LNG),103.1
nlv2b_lc_C4_NOTHERMAL_refbrent,2035-08-18,8,Wind,17.8
nlv2b_lc_C4_NOTHERMAL_refbrent,2035-08-18,8,Utility solar,1780.9
nlv2b_lc_C4_NOTHERMAL_refbrent,2035-08-18,8,Rooftop solar,0.0
nlv2b_lc_C4_NOTHERMAL_refbrent,2035-08-18,8,Battery discharge (net),0.0
nlv2b_lc_C4_NOTHERMAL_refbrent,2035-08-18,8,Battery charging (net),-863.8
nlv2b_lc_C4_NOTHERMAL_refbrent,2035-08-18,8,Curtailed solar & wind,271.9
nlv2b_lc_C4_NOTHERMAL_refbrent,2035-08-18,8,EV charging,-262.7
nlv2b_lc_C4_NOTHERMAL_refbrent,2035-08-18,8,Hydrogen production,-0.0
nlv2b_lc_C4_NOTHERMAL_refbrent,2035-08-18,8,Demand,911.2
nlv2b_lc_C4_NOTHERMAL_refbrent,2035-08-18,10,Geothermal,93.1
nlv2b_lc_C4_NOTHERMAL_refbrent,2035-08-18,10,Waste-to-energy,42.8
nlv2b_lc_C4_NOTHERMAL_refbrent,2035-08-18,10,Thermal (oil/LNG),103.1
nlv2b_lc_C4_NOTHERMAL_refbrent,2035-08-18,10,Wind,29.7
nlv2b_lc_C4_NOTHERMAL_refbrent,2035-08-18,10,Utility solar,1687.4
nlv2b_lc_C4_NOTHERMAL_refbrent,2035-08-18,10,Rooftop solar,0.0
nlv2b_lc_C4_NOTHERMAL_refbrent,2035-08-18,10,Battery discharge (net),0.0
nlv2b_lc_C4_NOTHERMAL_refbrent,2035-08-18,10,Battery charging (net),-1043.2
nlv2b_lc_C4_NOTHERMAL_refbrent,2035-08-18,10,Curtailed solar & wind,0.0
nlv2b_lc_C4_NOTHERMAL_refbrent,2035-08-18,10,EV charging,-20.4
nlv2b_lc_C4_NOTHERMAL_refbrent,2035-08-18,10,Hydrogen production,-0.0
nlv2b_lc_C4_NOTHERMAL_refbrent,2035-08-18,10,Demand,892.6
nlv2b_lc_C4_NOTHERMAL_refbrent,2035-08-18,12,Geothermal,93.1
nlv2b_lc_C4_NOTHERMAL_refbrent,2035-08-18,12,Waste-to-energy,42.8
nlv2b_lc_C4_NOTHERMAL_refbrent,2035-08-18,12,Thermal (oil/LNG),103.1
nlv2b_lc_C4_NOTHERMAL_refbrent,2035-08-18,12,Wind,12.0
nlv2b_lc_C4_NOTHERMAL_refbrent,2035-08-18,12,Utility solar,1426.8
nlv2b_lc_C4_NOTHERMAL_refbrent,2035-08-18,12,Rooftop solar,0.0
nlv2b_lc_C4_NOTHERMAL_refbrent,2035-08-18,12,Battery discharge (net),0.0
nlv2b_lc_C4_NOTHERMAL_refbrent,2035-08-18,12,Battery charging (net),-891.5
nlv2b_lc_C4_NOTHERMAL_refbrent,2035-08-18,12,Curtailed solar & wind,614.0
nlv2b_lc_C4_NOTHERMAL_refbrent,2035-08-18,12,EV charging,-23.4
nlv2b_lc_C4_NOTHERMAL_refbrent,2035-08-18,12,Hydrogen production,-0.0
nlv2b_lc_C4_NOTHERMAL_refbrent,2035-08-18,12,Demand,763.0
nlv2b_lc_C4_NOTHERMAL_refbrent,2035-08-18,14,Geothermal,93.1
nlv2b_lc_C4_NOTHERMAL_refbrent,2035-08-18,14,Waste-to-energy,42.8
nlv2b_lc_C4_NOTHERMAL_refbrent,2035-08-18,14,Thermal (oil/LNG),103.1
nlv2b_lc_C4_NOTHERMAL_refbrent,2035-08-18,14,Wind,10.7
nlv2b_lc_C4_NOTHERMAL_refbrent,2035-08-18,14,Utility solar,1716.4
nlv2b_lc_C4_NOTHERMAL_refbrent,2035-08-18,14,Rooftop solar,0.0
nlv2b_lc_C4_NOTHERMAL_refbrent,2035-08-18,14,Battery discharge (net),0.0
nlv2b_lc_C4_NOTHERMAL_refbrent,2035-08-18,14,Battery charging (net),-1097.0
nlv2b_lc_C4_NOTHERMAL_refbrent,2035-08-18,14,Curtailed solar & wind,260.3
nlv2b_lc_C4_NOTHERMAL_refbrent,2035-08-18,14,EV charging,-28.5
nlv2b_lc_C4_NOTHERMAL_refbrent,2035-08-18,14,Hydrogen production,-0.0
nlv2b_lc_C4_NOTHERMAL_refbrent,2035-08-18,14,Demand,840.7
nlv2b_lc_C4_NOTHERMAL_refbrent,2035-08-18,16,Geothermal,93.1
nlv2b_lc_C4_NOTHERMAL_refbrent,2035-08-18,16,Waste-to-energy,42.8
nlv2b_lc_C4_NOTHERMAL_refbrent,2035-08-18,16,Thermal (oil/LNG),103.1
nlv2b_lc_C4_NOTHERMAL_refbrent,2035-08-18,16,Wind,34.2
nlv2b_lc_C4_NOTHERMAL_refbrent,2035-08-18,16,Utility solar,1589.7
nlv2b_lc_C4_NOTHERMAL_refbrent,2035-08-18,16,Rooftop solar,0.0
nlv2b_lc_C4_NOTHERMAL_refbrent,2035-08-18,16,Battery discharge (net),0.0
nlv2b_lc_C4_NOTHERMAL_refbrent,2035-08-18,16,Battery charging (net),-783.6
nlv2b_lc_C4_NOTHERMAL_refbrent,2035-08-18,16,Curtailed solar & wind,0.0
nlv2b_lc_C4_NOTHERMAL_refbrent,2035-08-18,16,EV charging,-30.7
nlv2b_lc_C4_NOTHERMAL_refbrent,2035-08-18,16,Hydrogen production,-0.0
nlv2b_lc_C4_NOTHERMAL_refbrent,2035-08-18,16,Demand,1048.7
nlv2b_lc_C4_NOTHERMAL_refbrent,2035-08-18,18,Geothermal,93.1
nlv2b_lc_C4_NOTHERMAL_refbrent,2035-08-18,18,Waste-to-energy,42.8
nlv2b_lc_C4_NOTHERMAL_refbrent,2035-08-18,18,Thermal (oil/LNG),103.1
nlv2b_lc_C4_NOTHERMAL_refbrent,2035-08-18,18,Wind,43.8
nlv2b_lc_C4_NOTHERMAL_refbrent,2035-08-18,18,Utility solar,155.1
nlv2b_lc_C4_NOTHERMAL_refbrent,2035-08-18,18,Rooftop solar,0.0
nlv2b_lc_C4_NOTHERMAL_refbrent,2035-08-18,18,Battery discharge (net),772.4
nlv2b_lc_C4_NOTHERMAL_refbrent,2035-08-18,18,Battery charging (net),0.0
nlv2b_lc_C4_NOTHERMAL_refbrent,2035-08-18,18,Curtailed solar & wind,0.0
nlv2b_lc_C4_NOTHERMAL_refbrent,2035-08-18,18,EV charging,-49.4
nlv2b_lc_C4_NOTHERMAL_refbrent,2035-08-18,18,Hydrogen production,-0.0
nlv2b_lc_C4_NOTHERMAL_refbrent,2035-08-18,18,Demand,1160.9
nlv2b_lc_C4_NOTHERMAL_refbrent,2035-08-18,20,Geothermal,93.1
nlv2b_lc_C4_NOTHERMAL_refbrent,2035-08-18,20,Waste-to-energy,42.8
nlv2b_lc_C4_NOTHERMAL_refbrent,2035-08-18,20,Thermal (oil/LNG),103.1
nlv2b_lc_C4_NOTHERMAL_refbrent,2035-08-18,20,Wind,29.6
nlv2b_lc_C4_NOTHERMAL_refbrent,2035-08-18,20,Utility solar,0.0
nlv2b_lc_C4_NOTHERMAL_refbrent,2035-08-18,20,Rooftop solar,0.0
nlv2b_lc_C4_NOTHERMAL_refbrent,2035-08-18,20,Battery discharge (net),890.9
nlv2b_lc_C4_NOTHERMAL_refbrent,2035-08-18,20,Battery charging (net),0.0
nlv2b_lc_C4_NOTHERMAL_refbrent,2035-08-18,20,Curtailed solar & wind,0.0
nlv2b_lc_C4_NOTHERMAL_refbrent,2035-08-18,20,EV charging,-45.8
nlv2b_lc_C4_NOTHERMAL_refbrent,2035-08-18,20,Hydrogen production,-0.0
nlv2b_lc_C4_NOTHERMAL_refbrent,2035-08-18,20,Demand,1113.7
nlv2b_lc_C4_NOTHERMAL_refbrent,2035-08-18,22,Geothermal,93.1
nlv2b_lc_C4_NOTHERMAL_refbrent,2035-08-18,22,Waste-to-energy,42.8
nlv2b_lc_C4_NOTHERMAL_refbrent,2035-08-18,22,Thermal (oil/LNG),103.1
nlv2b_lc_C4_NOTHERMAL_refbrent,2035-08-18,22,Wind,23.5
nlv2b_lc_C4_NOTHERMAL_refbrent,2035-08-18,22,Utility solar,0.0
nlv2b_lc_C4_NOTHERMAL_refbrent,2035-08-18,22,Rooftop solar,0.0
nlv2b_lc_C4_NOTHERMAL_refbrent,2035-08-18,22,Battery discharge (net),604.0
nlv2b_lc_C4_NOTHERMAL_refbrent,2035-08-18,22,Battery charging (net),0.0
nlv2b_lc_C4_NOTHERMAL_refbrent,2035-08-18,22,Curtailed solar & wind,5.2
nlv2b_lc_C4_NOTHERMAL_refbrent,2035-08-18,22,EV charging,-11.5
nlv2b_lc_C4_NOTHERMAL_refbrent,2035-08-18,22,Hydrogen production,-0.0
nlv2b_lc_C4_NOTHERMAL_refbrent,2035-08-18,22,Demand,855.1
nlv2b_lc_C4_NOTHERMAL_refbrent,2035-11-22,0,Geothermal,93.1
nlv2b_lc_C4_NOTHERMAL_refbrent,2035-11-22,0,Waste-to-energy,42.8
nlv2b_lc_C4_NOTHERMAL_refbrent,2035-11-22,0,Thermal (oil/LNG),498.1
nlv2b_lc_C4_NOTHERMAL_refbrent,2035-11-22,0,Wind,16.9
nlv2b_lc_C4_NOTHERMAL_refbrent,2035-11-22,0,Utility solar,0.0
nlv2b_lc_C4_NOTHERMAL_refbrent,2035-11-22,0,Rooftop solar,0.0
nlv2b_lc_C4_NOTHERMAL_refbrent,2035-11-22,0,Battery discharge (net),0.0
nlv2b_lc_C4_NOTHERMAL_refbrent,2035-11-22,0,Battery charging (net),0.0
nlv2b_lc_C4_NOTHERMAL_refbrent,2035-11-22,0,Curtailed solar & wind,0.0
nlv2b_lc_C4_NOTHERMAL_refbrent,2035-11-22,0,EV charging,-8.8
nlv2b_lc_C4_NOTHERMAL_refbrent,2035-11-22,0,Hydrogen production,-0.0
nlv2b_lc_C4_NOTHERMAL_refbrent,2035-11-22,0,Demand,642.1
nlv2b_lc_C4_NOTHERMAL_refbrent,2035-11-22,2,Geothermal,93.1
nlv2b_lc_C4_NOTHERMAL_refbrent,2035-11-22,2,Waste-to-energy,42.8
nlv2b_lc_C4_NOTHERMAL_refbrent,2035-11-22,2,Thermal (oil/LNG),508.6
nlv2b_lc_C4_NOTHERMAL_refbrent,2035-11-22,2,Wind,1.8
nlv2b_lc_C4_NOTHERMAL_refbrent,2035-11-22,2,Utility solar,0.0
nlv2b_lc_C4_NOTHERMAL_refbrent,2035-11-22,2,Rooftop solar,0.0
nlv2b_lc_C4_NOTHERMAL_refbrent,2035-11-22,2,Battery discharge (net),0.0
nlv2b_lc_C4_NOTHERMAL_refbrent,2035-11-22,2,Battery charging (net),-72.1
nlv2b_lc_C4_NOTHERMAL_refbrent,2035-11-22,2,Curtailed solar & wind,0.0
nlv2b_lc_C4_NOTHERMAL_refbrent,2035-11-22,2,EV charging,-6.4
nlv2b_lc_C4_NOTHERMAL_refbrent,2035-11-22,2,Hydrogen production,-0.0
nlv2b_lc_C4_NOTHERMAL_refbrent,2035-11-22,2,Demand,567.9
nlv2b_lc_C4_NOTHERMAL_refbrent,2035-11-22,4,Geothermal,93.1
nlv2b_lc_C4_NOTHERMAL_refbrent,2035-11-22,4,Waste-to-energy,42.8
nlv2b_lc_C4_NOTHERMAL_refbrent,2035-11-22,4,Thermal (oil/LNG),491.0
nlv2b_lc_C4_NOTHERMAL_refbrent,2035-11-22,4,Wind,0.0
nlv2b_lc_C4_NOTHERMAL_refbrent,2035-11-22,4,Utility solar,0.0
nlv2b_lc_C4_NOTHERMAL_refbrent,2035-11-22,4,Rooftop solar,0.0
nlv2b_lc_C4_NOTHERMAL_refbrent,2035-11-22,4,Battery discharge (net),0.0
nlv2b_lc_C4_NOTHERMAL_refbrent,2035-11-22,4,Battery charging (net),-26.9
nlv2b_lc_C4_NOTHERMAL_refbrent,2035-11-22,4,Curtailed solar & wind,0.0
nlv2b_lc_C4_NOTHERMAL_refbrent,2035-11-22,4,EV charging,-6.4
nlv2b_lc_C4_NOTHERMAL_refbrent,2035-11-22,4,Hydrogen production,-0.0
nlv2b_lc_C4_NOTHERMAL_refbrent,2035-11-22,4,Demand,593.6
nlv2b_lc_C4_NOTHERMAL_refbrent,2035-11-22,6,Geothermal,93.1
nlv2b_lc_C4_NOTHERMAL_refbrent,2035-11-22,6,Waste-to-energy,42.8
nlv2b_lc_C4_NOTHERMAL_refbrent,2035-11-22,6,Thermal (oil/LNG),545.5
nlv2b_lc_C4_NOTHERMAL_refbrent,2035-11-22,6,Wind,1.3
nlv2b_lc_C4_NOTHERMAL_refbrent,2035-11-22,6,Utility solar,0.0
nlv2b_lc_C4_NOTHERMAL_refbrent,2035-11-22,6,Rooftop solar,0.0
nlv2b_lc_C4_NOTHERMAL_refbrent,2035-11-22,6,Battery discharge (net),66.2
nlv2b_lc_C4_NOTHERMAL_refbrent,2035-11-22,6,Battery charging (net),0.0
nlv2b_lc_C4_NOTHERMAL_refbrent,2035-11-22,6,Curtailed solar & wind,0.0
nlv2b_lc_C4_NOTHERMAL_refbrent,2035-11-22,6,EV charging,-7.8
nlv2b_lc_C4_NOTHERMAL_refbrent,2035-11-22,6,Hydrogen production,-0.0
nlv2b_lc_C4_NOTHERMAL_refbrent,2035-11-22,6,Demand,741.2
nlv2b_lc_C4_NOTHERMAL_refbrent,2035-11-22,8,Geothermal,93.1
nlv2b_lc_C4_NOTHERMAL_refbrent,2035-11-22,8,Waste-to-energy,42.8
nlv2b_lc_C4_NOTHERMAL_refbrent,2035-11-22,8,Thermal (oil/LNG),545.5
nlv2b_lc_C4_NOTHERMAL_refbrent,2035-11-22,8,Wind,7.7
nlv2b_lc_C4_NOTHERMAL_refbrent,2035-11-22,8,Utility solar,64.9
nlv2b_lc_C4_NOTHERMAL_refbrent,2035-11-22,8,Rooftop solar,0.0
nlv2b_lc_C4_NOTHERMAL_refbrent,2035-11-22,8,Battery discharge (net),61.2
nlv2b_lc_C4_NOTHERMAL_refbrent,2035-11-22,8,Battery charging (net),0.0
nlv2b_lc_C4_NOTHERMAL_refbrent,2035-11-22,8,Curtailed solar & wind,0.0
nlv2b_lc_C4_NOTHERMAL_refbrent,2035-11-22,8,EV charging,-11.9
nlv2b_lc_C4_NOTHERMAL_refbrent,2035-11-22,8,Hydrogen production,-0.0
nlv2b_lc_C4_NOTHERMAL_refbrent,2035-11-22,8,Demand,803.3
nlv2b_lc_C4_NOTHERMAL_refbrent,2035-11-22,10,Geothermal,93.1
nlv2b_lc_C4_NOTHERMAL_refbrent,2035-11-22,10,Waste-to-energy,42.8
nlv2b_lc_C4_NOTHERMAL_refbrent,2035-11-22,10,Thermal (oil/LNG),508.6
nlv2b_lc_C4_NOTHERMAL_refbrent,2035-11-22,10,Wind,3.1
nlv2b_lc_C4_NOTHERMAL_refbrent,2035-11-22,10,Utility solar,224.1
nlv2b_lc_C4_NOTHERMAL_refbrent,2035-11-22,10,Rooftop solar,0.0
nlv2b_lc_C4_NOTHERMAL_refbrent,2035-11-22,10,Battery discharge (net),0.0
nlv2b_lc_C4_NOTHERMAL_refbrent,2035-11-22,10,Battery charging (net),-149.8
nlv2b_lc_C4_NOTHERMAL_refbrent,2035-11-22,10,Curtailed solar & wind,0.0
nlv2b_lc_C4_NOTHERMAL_refbrent,2035-11-22,10,EV charging,-20.4
nlv2b_lc_C4_NOTHERMAL_refbrent,2035-11-22,10,Hydrogen production,-0.0
nlv2b_lc_C4_NOTHERMAL_refbrent,2035-11-22,10,Demand,701.5
nlv2b_lc_C4_NOTHERMAL_refbrent,2035-11-22,12,Geothermal,93.1
nlv2b_lc_C4_NOTHERMAL_refbrent,2035-11-22,12,Waste-to-energy,42.8
nlv2b_lc_C4_NOTHERMAL_refbrent,2035-11-22,12,Thermal (oil/LNG),508.6
nlv2b_lc_C4_NOTHERMAL_refbrent,2035-11-22,12,Wind,3.1
nlv2b_lc_C4_NOTHERMAL_refbrent,2035-11-22,12,Utility solar,412.3
nlv2b_lc_C4_NOTHERMAL_refbrent,2035-11-22,12,Rooftop solar,0.0
nlv2b_lc_C4_NOTHERMAL_refbrent,2035-11-22,12,Battery discharge (net),0.0
nlv2b_lc_C4_NOTHERMAL_refbrent,2035-11-22,12,Battery charging (net),-169.6
nlv2b_lc_C4_NOTHERMAL_refbrent,2035-11-22,12,Curtailed solar & wind,0.0
nlv2b_lc_C4_NOTHERMAL_refbrent,2035-11-22,12,EV charging,-274.2
nlv2b_lc_C4_NOTHERMAL_refbrent,2035-11-22,12,Hydrogen production,-0.0
nlv2b_lc_C4_NOTHERMAL_refbrent,2035-11-22,12,Demand,616.2
nlv2b_lc_C4_NOTHERMAL_refbrent,2035-11-22,14,Geothermal,93.1
nlv2b_lc_C4_NOTHERMAL_refbrent,2035-11-22,14,Waste-to-energy,42.8
nlv2b_lc_C4_NOTHERMAL_refbrent,2035-11-22,14,Thermal (oil/LNG),508.6
nlv2b_lc_C4_NOTHERMAL_refbrent,2035-11-22,14,Wind,8.5
nlv2b_lc_C4_NOTHERMAL_refbrent,2035-11-22,14,Utility solar,426.1
nlv2b_lc_C4_NOTHERMAL_refbrent,2035-11-22,14,Rooftop solar,0.0
nlv2b_lc_C4_NOTHERMAL_refbrent,2035-11-22,14,Battery discharge (net),0.0
nlv2b_lc_C4_NOTHERMAL_refbrent,2035-11-22,14,Battery charging (net),-435.9
nlv2b_lc_C4_NOTHERMAL_refbrent,2035-11-22,14,Curtailed solar & wind,0.0
nlv2b_lc_C4_NOTHERMAL_refbrent,2035-11-22,14,EV charging,-28.5
nlv2b_lc_C4_NOTHERMAL_refbrent,2035-11-22,14,Hydrogen production,-0.0
nlv2b_lc_C4_NOTHERMAL_refbrent,2035-11-22,14,Demand,614.8
nlv2b_lc_C4_NOTHERMAL_refbrent,2035-11-22,16,Geothermal,93.1
nlv2b_lc_C4_NOTHERMAL_refbrent,2035-11-22,16,Waste-to-energy,42.8
nlv2b_lc_C4_NOTHERMAL_refbrent,2035-11-22,16,Thermal (oil/LNG),489.7
nlv2b_lc_C4_NOTHERMAL_refbrent,2035-11-22,16,Wind,15.5
nlv2b_lc_C4_NOTHERMAL_refbrent,2035-11-22,16,Utility solar,297.1
nlv2b_lc_C4_NOTHERMAL_refbrent,2035-11-22,16,Rooftop solar,0.0
nlv2b_lc_C4_NOTHERMAL_refbrent,2035-11-22,16,Battery discharge (net),0.0
nlv2b_lc_C4_NOTHERMAL_refbrent,2035-11-22,16,Battery charging (net),-33.3
nlv2b_lc_C4_NOTHERMAL_refbrent,2035-11-22,16,Curtailed solar & wind,0.0
nlv2b_lc_C4_NOTHERMAL_refbrent,2035-11-22,16,EV charging,-30.7
nlv2b_lc_C4_NOTHERMAL_refbrent,2035-11-22,16,Hydrogen production,-0.0
nlv2b_lc_C4_NOTHERMAL_refbrent,2035-11-22,16,Demand,874.2
nlv2b_lc_C4_NOTHERMAL_refbrent,2035-11-22,18,Geothermal,93.1
nlv2b_lc_C4_NOTHERMAL_refbrent,2035-11-22,18,Waste-to-energy,42.8
nlv2b_lc_C4_NOTHERMAL_refbrent,2035-11-22,18,Thermal (oil/LNG),545.5
nlv2b_lc_C4_NOTHERMAL_refbrent,2035-11-22,18,Wind,30.6
nlv2b_lc_C4_NOTHERMAL_refbrent,2035-11-22,18,Utility solar,0.0
nlv2b_lc_C4_NOTHERMAL_refbrent,2035-11-22,18,Rooftop solar,0.0
nlv2b_lc_C4_NOTHERMAL_refbrent,2035-11-22,18,Battery discharge (net),377.5
nlv2b_lc_C4_NOTHERMAL_refbrent,2035-11-22,18,Battery charging (net),0.0
nlv2b_lc_C4_NOTHERMAL_refbrent,2035-11-22,18,Curtailed solar & wind,0.0
nlv2b_lc_C4_NOTHERMAL_refbrent,2035-11-22,18,EV charging,-49.4
nlv2b_lc_C4_NOTHERMAL_refbrent,2035-11-22,18,Hydrogen production,-0.0
nlv2b_lc_C4_NOTHERMAL_refbrent,2035-11-22,18,Demand,1040.1
nlv2b_lc_C4_NOTHERMAL_refbrent,2035-11-22,20,Geothermal,93.1
nlv2b_lc_C4_NOTHERMAL_refbrent,2035-11-22,20,Waste-to-energy,42.8
nlv2b_lc_C4_NOTHERMAL_refbrent,2035-11-22,20,Thermal (oil/LNG),545.5
nlv2b_lc_C4_NOTHERMAL_refbrent,2035-11-22,20,Wind,37.5
nlv2b_lc_C4_NOTHERMAL_refbrent,2035-11-22,20,Utility solar,0.0
nlv2b_lc_C4_NOTHERMAL_refbrent,2035-11-22,20,Rooftop solar,0.0
nlv2b_lc_C4_NOTHERMAL_refbrent,2035-11-22,20,Battery discharge (net),217.5
nlv2b_lc_C4_NOTHERMAL_refbrent,2035-11-22,20,Battery charging (net),0.0
nlv2b_lc_C4_NOTHERMAL_refbrent,2035-11-22,20,Curtailed solar & wind,0.0
nlv2b_lc_C4_NOTHERMAL_refbrent,2035-11-22,20,EV charging,-45.8
nlv2b_lc_C4_NOTHERMAL_refbrent,2035-11-22,20,Hydrogen production,-0.0
nlv2b_lc_C4_NOTHERMAL_refbrent,2035-11-22,20,Demand,890.6
nlv2b_lc_C4_NOTHERMAL_refbrent,2035-11-22,22,Geothermal,93.1
nlv2b_lc_C4_NOTHERMAL_refbrent,2035-11-22,22,Waste-to-energy,42.8
nlv2b_lc_C4_NOTHERMAL_refbrent,2035-11-22,22,Thermal (oil/LNG),545.5
nlv2b_lc_C4_NOTHERMAL_refbrent,2035-11-22,22,Wind,3.0
nlv2b_lc_C4_NOTHERMAL_refbrent,2035-11-22,22,Utility solar,0.0
nlv2b_lc_C4_NOTHERMAL_refbrent,2035-11-22,22,Rooftop solar,0.0
nlv2b_lc_C4_NOTHERMAL_refbrent,2035-11-22,22,Battery discharge (net),76.4
nlv2b_lc_C4_NOTHERMAL_refbrent,2035-11-22,22,Battery charging (net),0.0
nlv2b_lc_C4_NOTHERMAL_refbrent,2035-11-22,22,Curtailed solar & wind,0.0
nlv2b_lc_C4_NOTHERMAL_refbrent,2035-11-22,22,EV charging,-11.5
nlv2b_lc_C4_NOTHERMAL_refbrent,2035-11-22,22,Hydrogen production,-0.0
nlv2b_lc_C4_NOTHERMAL_refbrent,2035-11-22,22,Demand,749.4
