scenario,trajectory,config,config_label,oil,oil_label,solar_mult,land_screen,jera_capital,solar_basis,kind,rescaled,short_label,description,total_cost_bn,conv_capital_bn,mip_gap_requested,mip_gap_achieved,source_dir
nlv2a_C1_LSFO250_refbrent,Accelerated rooftop,C1_LSFO250,"New LSFO plant, 250 MW",refbrent,EIA reference,1.0,Reference,bare-EPC,ATB Moderate,model,0,"New LSFO plant, 250 MW · EIA-ref oil · accel rooftop","A new 250 MW combined-cycle plant burning low-sulfur fuel oil is built; no LNG imports. Oil prices follow EIA's reference forecast. Rooftop solar accelerates to about 2,120 MW by 2050 (sellback opened up).",25.4295,0.0,0.001,0.000976054,R010_outputs_nlv2a_C1_LSFO250_refbrent
nlv2a_C4_NOTHERMAL_refbrent,Accelerated rooftop,C4_NOTHERMAL,No new fuel plant,refbrent,EIA reference,1.0,Reference,bare-EPC,ATB Moderate,model,0,No new fuel plant · EIA-ref oil · accel rooftop,"No new fuel-burning plant is built; solar, storage, wind, and geothermal grow on top of the existing fleet. Oil prices follow EIA's reference forecast. Rooftop solar accelerates to about 2,120 MW by 2050 (sellback opened up).",24.9872,0.0,0.0025,0.00208586,outputs_nlv2a_C4_NOTHERMAL_refbrent
nlv2a_C5_LNG375_highbrent,Accelerated rooftop,C5_LNG375,"New LNG plant, 375 MW",highbrent,Market 90th percentile,1.0,Reference,bare-EPC,ATB Moderate,model,0,"New LNG plant, 375 MW · high oil · accel rooftop","LNG imports begin in 2030 and a new 375 MW LNG plant is built (the cost-minimizing size); no Waiau Repower. Oil prices follow the market's 90th-percentile (high) path from Brent options. Rooftop solar accelerates to about 2,120 MW by 2050 (sellback opened up).",27.1485,0.0,0.001,0.000741998,R010_outputs_nlv2a_C5_LNG375_highbrent
nlv2a_C5_LNG375_lowbrent,Accelerated rooftop,C5_LNG375,"New LNG plant, 375 MW",lowbrent,Market 10th percentile,1.0,Reference,bare-EPC,ATB Moderate,model,0,"New LNG plant, 375 MW · low oil · accel rooftop","LNG imports begin in 2030 and a new 375 MW LNG plant is built (the cost-minimizing size); no Waiau Repower. Oil prices follow the market's 10th-percentile (low) path from Brent options. Rooftop solar accelerates to about 2,120 MW by 2050 (sellback opened up).",21.5841,0.0,0.001,0.000999068,R010_outputs_nlv2a_C5_LNG375_lowbrent
nlv2a_C5_LNG375_refbrent,Accelerated rooftop,C5_LNG375,"New LNG plant, 375 MW",refbrent,EIA reference,1.0,Reference,bare-EPC,ATB Moderate,model,0,"New LNG plant, 375 MW · EIA-ref oil · accel rooftop","LNG imports begin in 2030 and a new 375 MW LNG plant is built (the cost-minimizing size); no Waiau Repower. Oil prices follow EIA's reference forecast. Rooftop solar accelerates to about 2,120 MW by 2050 (sellback opened up).",25.3093,0.0,0.001,0.000999662,R010_outputs_nlv2a_C5_LNG375_refbrent
nlv2a_be_pv15_C4_NOTHERMAL_refbrent,Accelerated rooftop,C4_NOTHERMAL,No new fuel plant,refbrent,EIA reference,1.5,Reference,bare-EPC,ATB Moderate,model,0,No new fuel plant · EIA-ref oil · accel rooftop · solar +80%,"No new fuel-burning plant is built; solar, storage, wind, and geothermal grow on top of the existing fleet. Oil prices follow EIA's reference forecast. Rooftop solar accelerates to about 2,120 MW by 2050 (sellback opened up). Utility-solar capital carries an 80% Hawaiʻi premium (1.5x the study baseline).",26.8839,0.0,0.0025,0.00241208,outputs_nlv2a_be_pv15_C4_NOTHERMAL_refbrent
nlv2a_be_pv17_C4_NOTHERMAL_refbrent,Accelerated rooftop,C4_NOTHERMAL,No new fuel plant,refbrent,EIA reference,1.7,Reference,bare-EPC,ATB Moderate,model,0,No new fuel plant · EIA-ref oil · accel rooftop · solar +104%,"No new fuel-burning plant is built; solar, storage, wind, and geothermal grow on top of the existing fleet. Oil prices follow EIA's reference forecast. Rooftop solar accelerates to about 2,120 MW by 2050 (sellback opened up). Utility-solar capital carries a 104% Hawaiʻi premium (1.7x the study baseline).",27.532,0.0,0.0025,0.00249796,outputs_nlv2a_be_pv17_C4_NOTHERMAL_refbrent
nlv2a_plan_igp_alt_xf_hybrid_refbrent,Accelerated rooftop,plan_igp_alt_xf,Published plan: IGP base (rescaled to this trajectory),refbrent,EIA reference,1.0,Reference,bare-EPC,ATB Moderate,plan,1,Published plan: IGP base (rescaled to this trajectory) · EIA-ref oil · accel rooftop,"Generation is constrained to the mix published in Hawaiian Electric's integrated grid plan (base scenario), rescaled to the grid demand this rooftop trajectory leaves to serve. The cost is what running that mix costs in this framework, not a build the model chose. This is the rescaled variant: the same published plan applied to a rooftop trajectory other than the one its own customer-solar assumptions track, so the two plans can be compared on common ground. Its cost is not comparable with the same plan on its home trajectory, which serves a different amount of grid demand. Oil prices follow EIA's reference forecast. Rooftop solar accelerates to about 2,120 MW by 2050 (sellback opened up).",26.108,0.0,0.001,0.00161418,R010_outputs_nlv2a_plan_igp_alt_xf_hybrid_refbrent
nlv2a_plan_igp_pref_hybrid_refbrent,Accelerated rooftop,plan_igp_pref,Published plan: IGP land-constrained,refbrent,EIA reference,1.0,Reference,bare-EPC,ATB Moderate,plan,0,Published plan: IGP land-constrained · EIA-ref oil · accel rooftop,"Generation is constrained to the mix published in Hawaiian Electric's integrated grid plan (land-constrained scenario, the plan of record), rescaled to the grid demand this rooftop trajectory leaves to serve. The cost is what running that mix costs in this framework, not a build the model chose. Oil prices follow EIA's reference forecast. Rooftop solar accelerates to about 2,120 MW by 2050 (sellback opened up).",26.4726,0.0,0.001,0.00313225,R010_outputs_nlv2a_plan_igp_pref_hybrid_refbrent
nlv2a_plan_igp_pref_pv15_hybrid_refbrent,Accelerated rooftop,plan_igp_pref,Published plan: IGP land-constrained,refbrent,EIA reference,1.5,Reference,bare-EPC,ATB Moderate,plan,0,Published plan: IGP land-constrained · EIA-ref oil · accel rooftop · solar +80%,"Generation is constrained to the mix published in Hawaiian Electric's integrated grid plan (land-constrained scenario, the plan of record), rescaled to the grid demand this rooftop trajectory leaves to serve. The cost is what running that mix costs in this framework, not a build the model chose. Oil prices follow EIA's reference forecast. Rooftop solar accelerates to about 2,120 MW by 2050 (sellback opened up). Utility-solar capital carries an 80% Hawaiʻi premium (1.5x the study baseline).",27.524,0.0,0.001,0.00231964,R010_outputs_nlv2a_plan_igp_pref_pv15_hybrid_refbrent
nlv2a_plan_igp_pref_pv17_hybrid_refbrent,Accelerated rooftop,plan_igp_pref,Published plan: IGP land-constrained,refbrent,EIA reference,1.7,Reference,bare-EPC,ATB Moderate,plan,0,Published plan: IGP land-constrained · EIA-ref oil · accel rooftop · solar +104%,"Generation is constrained to the mix published in Hawaiian Electric's integrated grid plan (land-constrained scenario, the plan of record), rescaled to the grid demand this rooftop trajectory leaves to serve. The cost is what running that mix costs in this framework, not a build the model chose. Oil prices follow EIA's reference forecast. Rooftop solar accelerates to about 2,120 MW by 2050 (sellback opened up). Utility-solar capital carries a 104% Hawaiʻi premium (1.7x the study baseline).",27.9176,0.0,0.001,0.00303492,R010_outputs_nlv2a_plan_igp_pref_pv17_hybrid_refbrent
nlv2b_C1_LSFO250_futbrent,Conservative rooftop (base),C1_LSFO250,"New LSFO plant, 250 MW",futbrent,Brent futures,1.0,Reference,bare-EPC,ATB Moderate,model,0,"New LSFO plant, 250 MW · futures oil · base rooftop","A new 250 MW combined-cycle plant burning low-sulfur fuel oil is built; no LNG imports. Oil prices follow the Brent futures strip (the market's central view). Rooftop solar grows conservatively to about 1,000 MW by 2050 (base case).",25.0393,0.0,0.0025,0.0023563,outputs_nlv2b_C1_LSFO250_futbrent
nlv2b_C1_LSFO250_futbrent_adv,Conservative rooftop (base),C1_LSFO250,"New LSFO plant, 250 MW",futbrent,Brent futures,1.0,Reference,bare-EPC,ATB Advanced,model,0,"New LSFO plant, 250 MW · futures oil · base rooftop · ATB-Adv","A new 250 MW combined-cycle plant burning low-sulfur fuel oil is built; no LNG imports. Oil prices follow the Brent futures strip (the market's central view). Rooftop solar grows conservatively to about 1,000 MW by 2050 (base case). Solar and battery costs follow ATB's cheaper Advanced projection.",23.6416,0.0,0.001,0.000987162,R010_outputs_nlv2b_C1_LSFO250_futbrent_adv
nlv2b_C1_LSFO250_highbrent,Conservative rooftop (base),C1_LSFO250,"New LSFO plant, 250 MW",highbrent,Market 90th percentile,1.0,Reference,bare-EPC,ATB Moderate,model,0,"New LSFO plant, 250 MW · high oil · base rooftop","A new 250 MW combined-cycle plant burning low-sulfur fuel oil is built; no LNG imports. Oil prices follow the market's 90th-percentile (high) path from Brent options. Rooftop solar grows conservatively to about 1,000 MW by 2050 (base case).",28.2134,0.0,0.001,0.000968319,R010_outputs_nlv2b_C1_LSFO250_highbrent
nlv2b_C1_LSFO250_highbrent_adv,Conservative rooftop (base),C1_LSFO250,"New LSFO plant, 250 MW",highbrent,Market 90th percentile,1.0,Reference,bare-EPC,ATB Advanced,model,0,"New LSFO plant, 250 MW · high oil · base rooftop · ATB-Adv","A new 250 MW combined-cycle plant burning low-sulfur fuel oil is built; no LNG imports. Oil prices follow the market's 90th-percentile (high) path from Brent options. Rooftop solar grows conservatively to about 1,000 MW by 2050 (base case). Solar and battery costs follow ATB's cheaper Advanced projection.",26.514,0.0,0.001,0.000954542,R010_outputs_nlv2b_C1_LSFO250_highbrent_adv
nlv2b_C1_LSFO250_lowbrent,Conservative rooftop (base),C1_LSFO250,"New LSFO plant, 250 MW",lowbrent,Market 10th percentile,1.0,Reference,bare-EPC,ATB Moderate,model,0,"New LSFO plant, 250 MW · low oil · base rooftop","A new 250 MW combined-cycle plant burning low-sulfur fuel oil is built; no LNG imports. Oil prices follow the market's 10th-percentile (low) path from Brent options. Rooftop solar grows conservatively to about 1,000 MW by 2050 (base case).",22.0247,0.0,0.0025,0.00211782,outputs_nlv2b_C1_LSFO250_lowbrent
nlv2b_C1_LSFO250_lowbrent_adv,Conservative rooftop (base),C1_LSFO250,"New LSFO plant, 250 MW",lowbrent,Market 10th percentile,1.0,Reference,bare-EPC,ATB Advanced,model,0,"New LSFO plant, 250 MW · low oil · base rooftop · ATB-Adv","A new 250 MW combined-cycle plant burning low-sulfur fuel oil is built; no LNG imports. Oil prices follow the market's 10th-percentile (low) path from Brent options. Rooftop solar grows conservatively to about 1,000 MW by 2050 (base case). Solar and battery costs follow ATB's cheaper Advanced projection.",20.8239,0.0,0.001,0.00078657,R010_outputs_nlv2b_C1_LSFO250_lowbrent_adv
nlv2b_C1_LSFO250_refbrent,Conservative rooftop (base),C1_LSFO250,"New LSFO plant, 250 MW",refbrent,EIA reference,1.0,Reference,bare-EPC,ATB Moderate,model,0,"New LSFO plant, 250 MW · EIA-ref oil · base rooftop","A new 250 MW combined-cycle plant burning low-sulfur fuel oil is built; no LNG imports. Oil prices follow EIA's reference forecast. Rooftop solar grows conservatively to about 1,000 MW by 2050 (base case).",26.5309,0.0,0.001,0.000959916,R010_outputs_nlv2b_C1_LSFO250_refbrent
nlv2b_C1_LSFO250_refbrent_adv,Conservative rooftop (base),C1_LSFO250,"New LSFO plant, 250 MW",refbrent,EIA reference,1.0,Reference,bare-EPC,ATB Advanced,model,0,"New LSFO plant, 250 MW · EIA-ref oil · base rooftop · ATB-Adv","A new 250 MW combined-cycle plant burning low-sulfur fuel oil is built; no LNG imports. Oil prices follow EIA's reference forecast. Rooftop solar grows conservatively to about 1,000 MW by 2050 (base case). Solar and battery costs follow ATB's cheaper Advanced projection.",25.054,0.0,0.001,0.000805602,R010_outputs_nlv2b_C1_LSFO250_refbrent_adv
nlv2b_C2_LSFO375_futbrent,Conservative rooftop (base),C2_LSFO375,"New LSFO plant, 375 MW",futbrent,Brent futures,1.0,Reference,bare-EPC,ATB Moderate,model,0,"New LSFO plant, 375 MW · futures oil · base rooftop","A new 375 MW combined-cycle plant burning low-sulfur fuel oil is built; no LNG imports. Oil prices follow the Brent futures strip (the market's central view). Rooftop solar grows conservatively to about 1,000 MW by 2050 (base case).",25.3846,0.0,0.001,0.000974928,R010_outputs_nlv2b_C2_LSFO375_futbrent
nlv2b_C2_LSFO375_futbrent_adv,Conservative rooftop (base),C2_LSFO375,"New LSFO plant, 375 MW",futbrent,Brent futures,1.0,Reference,bare-EPC,ATB Advanced,model,0,"New LSFO plant, 375 MW · futures oil · base rooftop · ATB-Adv","A new 375 MW combined-cycle plant burning low-sulfur fuel oil is built; no LNG imports. Oil prices follow the Brent futures strip (the market's central view). Rooftop solar grows conservatively to about 1,000 MW by 2050 (base case). Solar and battery costs follow ATB's cheaper Advanced projection.",24.0321,0.0,0.001,0.000886448,R010_outputs_nlv2b_C2_LSFO375_futbrent_adv
nlv2b_C2_LSFO375_highbrent,Conservative rooftop (base),C2_LSFO375,"New LSFO plant, 375 MW",highbrent,Market 90th percentile,1.0,Reference,bare-EPC,ATB Moderate,model,0,"New LSFO plant, 375 MW · high oil · base rooftop","A new 375 MW combined-cycle plant burning low-sulfur fuel oil is built; no LNG imports. Oil prices follow the market's 90th-percentile (high) path from Brent options. Rooftop solar grows conservatively to about 1,000 MW by 2050 (base case).",28.612,0.0,0.001,0.0009065,R010_outputs_nlv2b_C2_LSFO375_highbrent
nlv2b_C2_LSFO375_highbrent_adv,Conservative rooftop (base),C2_LSFO375,"New LSFO plant, 375 MW",highbrent,Market 90th percentile,1.0,Reference,bare-EPC,ATB Advanced,model,0,"New LSFO plant, 375 MW · high oil · base rooftop · ATB-Adv","A new 375 MW combined-cycle plant burning low-sulfur fuel oil is built; no LNG imports. Oil prices follow the market's 90th-percentile (high) path from Brent options. Rooftop solar grows conservatively to about 1,000 MW by 2050 (base case). Solar and battery costs follow ATB's cheaper Advanced projection.",26.9555,0.0,0.001,0.000738236,R010_outputs_nlv2b_C2_LSFO375_highbrent_adv
nlv2b_C2_LSFO375_lowbrent,Conservative rooftop (base),C2_LSFO375,"New LSFO plant, 375 MW",lowbrent,Market 10th percentile,1.0,Reference,bare-EPC,ATB Moderate,model,0,"New LSFO plant, 375 MW · low oil · base rooftop","A new 375 MW combined-cycle plant burning low-sulfur fuel oil is built; no LNG imports. Oil prices follow the market's 10th-percentile (low) path from Brent options. Rooftop solar grows conservatively to about 1,000 MW by 2050 (base case).",22.4127,0.0,0.001,0.000935772,R010_outputs_nlv2b_C2_LSFO375_lowbrent
nlv2b_C2_LSFO375_lowbrent_adv,Conservative rooftop (base),C2_LSFO375,"New LSFO plant, 375 MW",lowbrent,Market 10th percentile,1.0,Reference,bare-EPC,ATB Advanced,model,0,"New LSFO plant, 375 MW · low oil · base rooftop · ATB-Adv","A new 375 MW combined-cycle plant burning low-sulfur fuel oil is built; no LNG imports. Oil prices follow the market's 10th-percentile (low) path from Brent options. Rooftop solar grows conservatively to about 1,000 MW by 2050 (base case). Solar and battery costs follow ATB's cheaper Advanced projection.",21.2255,0.0,0.001,0.000954,R010_outputs_nlv2b_C2_LSFO375_lowbrent_adv
nlv2b_C2_LSFO375_refbrent,Conservative rooftop (base),C2_LSFO375,"New LSFO plant, 375 MW",refbrent,EIA reference,1.0,Reference,bare-EPC,ATB Moderate,model,0,"New LSFO plant, 375 MW · EIA-ref oil · base rooftop","A new 375 MW combined-cycle plant burning low-sulfur fuel oil is built; no LNG imports. Oil prices follow EIA's reference forecast. Rooftop solar grows conservatively to about 1,000 MW by 2050 (base case).",26.8902,0.0,0.001,0.000998937,R010_outputs_nlv2b_C2_LSFO375_refbrent
nlv2b_C2_LSFO375_refbrent_adv,Conservative rooftop (base),C2_LSFO375,"New LSFO plant, 375 MW",refbrent,EIA reference,1.0,Reference,bare-EPC,ATB Advanced,model,0,"New LSFO plant, 375 MW · EIA-ref oil · base rooftop · ATB-Adv","A new 375 MW combined-cycle plant burning low-sulfur fuel oil is built; no LNG imports. Oil prices follow EIA's reference forecast. Rooftop solar grows conservatively to about 1,000 MW by 2050 (base case). Solar and battery costs follow ATB's cheaper Advanced projection.",25.4309,0.0,0.001,0.000794171,R010_outputs_nlv2b_C2_LSFO375_refbrent_adv
nlv2b_C3_LSFO500_futbrent,Conservative rooftop (base),C3_LSFO500,"New LSFO plant, 500 MW",futbrent,Brent futures,1.0,Reference,bare-EPC,ATB Moderate,model,0,"New LSFO plant, 500 MW · futures oil · base rooftop","A new 500 MW combined-cycle plant burning low-sulfur fuel oil is built; no LNG imports. Oil prices follow the Brent futures strip (the market's central view). Rooftop solar grows conservatively to about 1,000 MW by 2050 (base case).",25.8233,0.0,0.001,0.000892554,R010_outputs_nlv2b_C3_LSFO500_futbrent
nlv2b_C3_LSFO500_futbrent_adv,Conservative rooftop (base),C3_LSFO500,"New LSFO plant, 500 MW",futbrent,Brent futures,1.0,Reference,bare-EPC,ATB Advanced,model,0,"New LSFO plant, 500 MW · futures oil · base rooftop · ATB-Adv","A new 500 MW combined-cycle plant burning low-sulfur fuel oil is built; no LNG imports. Oil prices follow the Brent futures strip (the market's central view). Rooftop solar grows conservatively to about 1,000 MW by 2050 (base case). Solar and battery costs follow ATB's cheaper Advanced projection.",24.4859,0.0,0.001,0.000981365,R010_outputs_nlv2b_C3_LSFO500_futbrent_adv
nlv2b_C3_LSFO500_highbrent,Conservative rooftop (base),C3_LSFO500,"New LSFO plant, 500 MW",highbrent,Market 90th percentile,1.0,Reference,bare-EPC,ATB Moderate,model,0,"New LSFO plant, 500 MW · high oil · base rooftop","A new 500 MW combined-cycle plant burning low-sulfur fuel oil is built; no LNG imports. Oil prices follow the market's 90th-percentile (high) path from Brent options. Rooftop solar grows conservatively to about 1,000 MW by 2050 (base case).",29.056,0.0,0.001,0.000962502,R010_outputs_nlv2b_C3_LSFO500_highbrent
nlv2b_C3_LSFO500_highbrent_adv,Conservative rooftop (base),C3_LSFO500,"New LSFO plant, 500 MW",highbrent,Market 90th percentile,1.0,Reference,bare-EPC,ATB Advanced,model,0,"New LSFO plant, 500 MW · high oil · base rooftop · ATB-Adv","A new 500 MW combined-cycle plant burning low-sulfur fuel oil is built; no LNG imports. Oil prices follow the market's 90th-percentile (high) path from Brent options. Rooftop solar grows conservatively to about 1,000 MW by 2050 (base case). Solar and battery costs follow ATB's cheaper Advanced projection.",27.4325,0.0,0.001,0.000816869,R010_outputs_nlv2b_C3_LSFO500_highbrent_adv
nlv2b_C3_LSFO500_lowbrent,Conservative rooftop (base),C3_LSFO500,"New LSFO plant, 500 MW",lowbrent,Market 10th percentile,1.0,Reference,bare-EPC,ATB Moderate,model,0,"New LSFO plant, 500 MW · low oil · base rooftop","A new 500 MW combined-cycle plant burning low-sulfur fuel oil is built; no LNG imports. Oil prices follow the market's 10th-percentile (low) path from Brent options. Rooftop solar grows conservatively to about 1,000 MW by 2050 (base case).",22.8825,0.0,0.001,0.000971249,R010_outputs_nlv2b_C3_LSFO500_lowbrent
nlv2b_C3_LSFO500_lowbrent_adv,Conservative rooftop (base),C3_LSFO500,"New LSFO plant, 500 MW",lowbrent,Market 10th percentile,1.0,Reference,bare-EPC,ATB Advanced,model,0,"New LSFO plant, 500 MW · low oil · base rooftop · ATB-Adv","A new 500 MW combined-cycle plant burning low-sulfur fuel oil is built; no LNG imports. Oil prices follow the market's 10th-percentile (low) path from Brent options. Rooftop solar grows conservatively to about 1,000 MW by 2050 (base case). Solar and battery costs follow ATB's cheaper Advanced projection.",21.6804,0.0,0.001,0.000961818,R010_outputs_nlv2b_C3_LSFO500_lowbrent_adv
nlv2b_C3_LSFO500_refbrent,Conservative rooftop (base),C3_LSFO500,"New LSFO plant, 500 MW",refbrent,EIA reference,1.0,Reference,bare-EPC,ATB Moderate,model,0,"New LSFO plant, 500 MW · EIA-ref oil · base rooftop","A new 500 MW combined-cycle plant burning low-sulfur fuel oil is built; no LNG imports. Oil prices follow EIA's reference forecast. Rooftop solar grows conservatively to about 1,000 MW by 2050 (base case).",27.3213,0.0,0.001,0.000913054,R010_outputs_nlv2b_C3_LSFO500_refbrent
nlv2b_C3_LSFO500_refbrent_adv,Conservative rooftop (base),C3_LSFO500,"New LSFO plant, 500 MW",refbrent,EIA reference,1.0,Reference,bare-EPC,ATB Advanced,model,0,"New LSFO plant, 500 MW · EIA-ref oil · base rooftop · ATB-Adv","A new 500 MW combined-cycle plant burning low-sulfur fuel oil is built; no LNG imports. Oil prices follow EIA's reference forecast. Rooftop solar grows conservatively to about 1,000 MW by 2050 (base case). Solar and battery costs follow ATB's cheaper Advanced projection.",25.8766,0.0,0.001,0.0009958,R010_outputs_nlv2b_C3_LSFO500_refbrent_adv
nlv2b_C4_NOTHERMAL_futbrent,Conservative rooftop (base),C4_NOTHERMAL,No new fuel plant,futbrent,Brent futures,1.0,Reference,bare-EPC,ATB Moderate,model,0,No new fuel plant · futures oil · base rooftop,"No new fuel-burning plant is built; solar, storage, wind, and geothermal grow on top of the existing fleet. Oil prices follow the Brent futures strip (the market's central view). Rooftop solar grows conservatively to about 1,000 MW by 2050 (base case).",24.5433,0.0,0.001,0.000981779,R010_outputs_nlv2b_C4_NOTHERMAL_futbrent
nlv2b_C4_NOTHERMAL_futbrent_adv,Conservative rooftop (base),C4_NOTHERMAL,No new fuel plant,futbrent,Brent futures,1.0,Reference,bare-EPC,ATB Advanced,model,0,No new fuel plant · futures oil · base rooftop · ATB-Adv,"No new fuel-burning plant is built; solar, storage, wind, and geothermal grow on top of the existing fleet. Oil prices follow the Brent futures strip (the market's central view). Rooftop solar grows conservatively to about 1,000 MW by 2050 (base case). Solar and battery costs follow ATB's cheaper Advanced projection.",23.1256,0.0,0.001,0.000984998,R010_outputs_nlv2b_C4_NOTHERMAL_futbrent_adv
nlv2b_C4_NOTHERMAL_highbrent,Conservative rooftop (base),C4_NOTHERMAL,No new fuel plant,highbrent,Market 90th percentile,1.0,Reference,bare-EPC,ATB Moderate,model,0,No new fuel plant · high oil · base rooftop,"No new fuel-burning plant is built; solar, storage, wind, and geothermal grow on top of the existing fleet. Oil prices follow the market's 90th-percentile (high) path from Brent options. Rooftop solar grows conservatively to about 1,000 MW by 2050 (base case).",27.6163,0.0,0.001,0.000895904,R010_outputs_nlv2b_C4_NOTHERMAL_highbrent
nlv2b_C4_NOTHERMAL_highbrent_adv,Conservative rooftop (base),C4_NOTHERMAL,No new fuel plant,highbrent,Market 90th percentile,1.0,Reference,bare-EPC,ATB Advanced,model,0,No new fuel plant · high oil · base rooftop · ATB-Adv,"No new fuel-burning plant is built; solar, storage, wind, and geothermal grow on top of the existing fleet. Oil prices follow the market's 90th-percentile (high) path from Brent options. Rooftop solar grows conservatively to about 1,000 MW by 2050 (base case). Solar and battery costs follow ATB's cheaper Advanced projection.",25.8074,0.0,0.001,0.000998855,R010_outputs_nlv2b_C4_NOTHERMAL_highbrent_adv
nlv2b_C4_NOTHERMAL_lowbrent,Conservative rooftop (base),C4_NOTHERMAL,No new fuel plant,lowbrent,Market 10th percentile,1.0,Reference,bare-EPC,ATB Moderate,model,0,No new fuel plant · low oil · base rooftop,"No new fuel-burning plant is built; solar, storage, wind, and geothermal grow on top of the existing fleet. Oil prices follow the market's 10th-percentile (low) path from Brent options. Rooftop solar grows conservatively to about 1,000 MW by 2050 (base case).",21.3497,0.0,0.001,0.000952179,R010_outputs_nlv2b_C4_NOTHERMAL_lowbrent
nlv2b_C4_NOTHERMAL_lowbrent_adv,Conservative rooftop (base),C4_NOTHERMAL,No new fuel plant,lowbrent,Market 10th percentile,1.0,Reference,bare-EPC,ATB Advanced,model,0,No new fuel plant · low oil · base rooftop · ATB-Adv,"No new fuel-burning plant is built; solar, storage, wind, and geothermal grow on top of the existing fleet. Oil prices follow the market's 10th-percentile (low) path from Brent options. Rooftop solar grows conservatively to about 1,000 MW by 2050 (base case). Solar and battery costs follow ATB's cheaper Advanced projection.",20.1703,0.0,0.001,0.000790837,R010_outputs_nlv2b_C4_NOTHERMAL_lowbrent_adv
nlv2b_C4_NOTHERMAL_refbrent,Conservative rooftop (base),C4_NOTHERMAL,No new fuel plant,refbrent,EIA reference,1.0,Reference,bare-EPC,ATB Moderate,model,0,No new fuel plant · EIA-ref oil · base rooftop,"No new fuel-burning plant is built; solar, storage, wind, and geothermal grow on top of the existing fleet. Oil prices follow EIA's reference forecast. Rooftop solar grows conservatively to about 1,000 MW by 2050 (base case).",26.109,0.0,0.001,0.000987783,R010_outputs_nlv2b_C4_NOTHERMAL_refbrent
nlv2b_C4_NOTHERMAL_refbrent_adv,Conservative rooftop (base),C4_NOTHERMAL,No new fuel plant,refbrent,EIA reference,1.0,Reference,bare-EPC,ATB Advanced,model,0,No new fuel plant · EIA-ref oil · base rooftop · ATB-Adv,"No new fuel-burning plant is built; solar, storage, wind, and geothermal grow on top of the existing fleet. Oil prices follow EIA's reference forecast. Rooftop solar grows conservatively to about 1,000 MW by 2050 (base case). Solar and battery costs follow ATB's cheaper Advanced projection.",24.5082,0.0,0.001,0.000973912,R010_outputs_nlv2b_C4_NOTHERMAL_refbrent_adv
nlv2b_C5_LNG375_futbrent,Conservative rooftop (base),C5_LNG375,"New LNG plant, 375 MW",futbrent,Brent futures,1.0,Reference,bare-EPC,ATB Moderate,model,0,"New LNG plant, 375 MW · futures oil · base rooftop","LNG imports begin in 2030 and a new 375 MW LNG plant is built (the cost-minimizing size); no Waiau Repower. Oil prices follow the Brent futures strip (the market's central view). Rooftop solar grows conservatively to about 1,000 MW by 2050 (base case).",24.7244,0.0,0.001,0.000839572,R010_outputs_nlv2b_C5_LNG375_futbrent
nlv2b_C5_LNG375_futbrent_adv,Conservative rooftop (base),C5_LNG375,"New LNG plant, 375 MW",futbrent,Brent futures,1.0,Reference,bare-EPC,ATB Advanced,model,0,"New LNG plant, 375 MW · futures oil · base rooftop · ATB-Adv","LNG imports begin in 2030 and a new 375 MW LNG plant is built (the cost-minimizing size); no Waiau Repower. Oil prices follow the Brent futures strip (the market's central view). Rooftop solar grows conservatively to about 1,000 MW by 2050 (base case). Solar and battery costs follow ATB's cheaper Advanced projection.",23.4864,0.0,0.001,0.000853662,R010_outputs_nlv2b_C5_LNG375_futbrent_adv
nlv2b_C5_LNG375_futbrent_j120,Conservative rooftop (base),C5_LNG375,"New LNG plant, 375 MW",futbrent,Brent futures,1.0,Reference,+20%,ATB Moderate,model,0,"New LNG plant, 375 MW · futures oil · base rooftop · JERA +20%","LNG imports begin in 2030 and a new 375 MW LNG plant is built (the cost-minimizing size); no Waiau Repower. Oil prices follow the Brent futures strip (the market's central view). Rooftop solar grows conservatively to about 1,000 MW by 2050 (base case). JERA plant capital at the +20% case.",25.0744,0.0,0.001,0.000998061,R010_outputs_nlv2b_C5_LNG375_futbrent_j120
nlv2b_C5_LNG375_futbrent_j120_adv,Conservative rooftop (base),C5_LNG375,"New LNG plant, 375 MW",futbrent,Brent futures,1.0,Reference,+20%,ATB Advanced,model,0,"New LNG plant, 375 MW · futures oil · base rooftop · ATB-Adv · JERA +20%","LNG imports begin in 2030 and a new 375 MW LNG plant is built (the cost-minimizing size); no Waiau Repower. Oil prices follow the Brent futures strip (the market's central view). Rooftop solar grows conservatively to about 1,000 MW by 2050 (base case). Solar and battery costs follow ATB's cheaper Advanced projection. JERA plant capital at the +20% case.",23.8314,0.0,0.001,0.000841473,R010_outputs_nlv2b_C5_LNG375_futbrent_j120_adv
nlv2b_C5_LNG375_highbrent,Conservative rooftop (base),C5_LNG375,"New LNG plant, 375 MW",highbrent,Market 90th percentile,1.0,Reference,bare-EPC,ATB Moderate,model,0,"New LNG plant, 375 MW · high oil · base rooftop","LNG imports begin in 2030 and a new 375 MW LNG plant is built (the cost-minimizing size); no Waiau Repower. Oil prices follow the market's 90th-percentile (high) path from Brent options. Rooftop solar grows conservatively to about 1,000 MW by 2050 (base case).",28.2698,0.0,0.001,0.000964979,R010_outputs_nlv2b_C5_LNG375_highbrent
nlv2b_C5_LNG375_highbrent_adv,Conservative rooftop (base),C5_LNG375,"New LNG plant, 375 MW",highbrent,Market 90th percentile,1.0,Reference,bare-EPC,ATB Advanced,model,0,"New LNG plant, 375 MW · high oil · base rooftop · ATB-Adv","LNG imports begin in 2030 and a new 375 MW LNG plant is built (the cost-minimizing size); no Waiau Repower. Oil prices follow the market's 90th-percentile (high) path from Brent options. Rooftop solar grows conservatively to about 1,000 MW by 2050 (base case). Solar and battery costs follow ATB's cheaper Advanced projection.",26.764,0.0,0.001,0.000856282,R010_outputs_nlv2b_C5_LNG375_highbrent_adv
nlv2b_C5_LNG375_highbrent_j120,Conservative rooftop (base),C5_LNG375,"New LNG plant, 375 MW",highbrent,Market 90th percentile,1.0,Reference,+20%,ATB Moderate,model,0,"New LNG plant, 375 MW · high oil · base rooftop · JERA +20%","LNG imports begin in 2030 and a new 375 MW LNG plant is built (the cost-minimizing size); no Waiau Repower. Oil prices follow the market's 90th-percentile (high) path from Brent options. Rooftop solar grows conservatively to about 1,000 MW by 2050 (base case). JERA plant capital at the +20% case.",28.6169,0.0,0.001,0.00098808,R010_outputs_nlv2b_C5_LNG375_highbrent_j120
nlv2b_C5_LNG375_highbrent_j120_adv,Conservative rooftop (base),C5_LNG375,"New LNG plant, 375 MW",highbrent,Market 90th percentile,1.0,Reference,+20%,ATB Advanced,model,0,"New LNG plant, 375 MW · high oil · base rooftop · ATB-Adv · JERA +20%","LNG imports begin in 2030 and a new 375 MW LNG plant is built (the cost-minimizing size); no Waiau Repower. Oil prices follow the market's 90th-percentile (high) path from Brent options. Rooftop solar grows conservatively to about 1,000 MW by 2050 (base case). Solar and battery costs follow ATB's cheaper Advanced projection. JERA plant capital at the +20% case.",27.1115,0.0,0.001,0.000896951,R010_outputs_nlv2b_C5_LNG375_highbrent_j120_adv
nlv2b_C5_LNG375_lowbrent,Conservative rooftop (base),C5_LNG375,"New LNG plant, 375 MW",lowbrent,Market 10th percentile,1.0,Reference,bare-EPC,ATB Moderate,model,0,"New LNG plant, 375 MW · low oil · base rooftop","LNG imports begin in 2030 and a new 375 MW LNG plant is built (the cost-minimizing size); no Waiau Repower. Oil prices follow the market's 10th-percentile (low) path from Brent options. Rooftop solar grows conservatively to about 1,000 MW by 2050 (base case).",22.389,0.0,0.001,0.000980713,R010_outputs_nlv2b_C5_LNG375_lowbrent
nlv2b_C5_LNG375_lowbrent_adv,Conservative rooftop (base),C5_LNG375,"New LNG plant, 375 MW",lowbrent,Market 10th percentile,1.0,Reference,bare-EPC,ATB Advanced,model,0,"New LNG plant, 375 MW · low oil · base rooftop · ATB-Adv","LNG imports begin in 2030 and a new 375 MW LNG plant is built (the cost-minimizing size); no Waiau Repower. Oil prices follow the market's 10th-percentile (low) path from Brent options. Rooftop solar grows conservatively to about 1,000 MW by 2050 (base case). Solar and battery costs follow ATB's cheaper Advanced projection.",21.2373,0.0,0.001,0.000937227,R010_outputs_nlv2b_C5_LNG375_lowbrent_adv
nlv2b_C5_LNG375_lowbrent_j120,Conservative rooftop (base),C5_LNG375,"New LNG plant, 375 MW",lowbrent,Market 10th percentile,1.0,Reference,+20%,ATB Moderate,model,0,"New LNG plant, 375 MW · low oil · base rooftop · JERA +20%","LNG imports begin in 2030 and a new 375 MW LNG plant is built (the cost-minimizing size); no Waiau Repower. Oil prices follow the market's 10th-percentile (low) path from Brent options. Rooftop solar grows conservatively to about 1,000 MW by 2050 (base case). JERA plant capital at the +20% case.",22.735,0.0,0.001,0.000999716,R010_outputs_nlv2b_C5_LNG375_lowbrent_j120
nlv2b_C5_LNG375_refbrent,Conservative rooftop (base),C5_LNG375,"New LNG plant, 375 MW",refbrent,EIA reference,1.0,Reference,bare-EPC,ATB Moderate,model,0,"New LNG plant, 375 MW · EIA-ref oil · base rooftop","LNG imports begin in 2030 and a new 375 MW LNG plant is built (the cost-minimizing size); no Waiau Repower. Oil prices follow EIA's reference forecast. Rooftop solar grows conservatively to about 1,000 MW by 2050 (base case).",26.3082,0.0,0.001,0.000945589,R010_outputs_nlv2b_C5_LNG375_refbrent
nlv2b_C5_LNG375_refbrent_adv,Conservative rooftop (base),C5_LNG375,"New LNG plant, 375 MW",refbrent,EIA reference,1.0,Reference,bare-EPC,ATB Advanced,model,0,"New LNG plant, 375 MW · EIA-ref oil · base rooftop · ATB-Adv","LNG imports begin in 2030 and a new 375 MW LNG plant is built (the cost-minimizing size); no Waiau Repower. Oil prices follow EIA's reference forecast. Rooftop solar grows conservatively to about 1,000 MW by 2050 (base case). Solar and battery costs follow ATB's cheaper Advanced projection.",24.9915,0.0,0.001,0.000881172,R010_outputs_nlv2b_C5_LNG375_refbrent_adv
nlv2b_C5_LNG375_refbrent_j120,Conservative rooftop (base),C5_LNG375,"New LNG plant, 375 MW",refbrent,EIA reference,1.0,Reference,+20%,ATB Moderate,model,0,"New LNG plant, 375 MW · EIA-ref oil · base rooftop · JERA +20%","LNG imports begin in 2030 and a new 375 MW LNG plant is built (the cost-minimizing size); no Waiau Repower. Oil prices follow EIA's reference forecast. Rooftop solar grows conservatively to about 1,000 MW by 2050 (base case). JERA plant capital at the +20% case.",26.6548,0.0,0.001,0.000983335,R010_outputs_nlv2b_C5_LNG375_refbrent_j120
nlv2b_C5_LNG375_refbrent_j120_adv,Conservative rooftop (base),C5_LNG375,"New LNG plant, 375 MW",refbrent,EIA reference,1.0,Reference,+20%,ATB Advanced,model,0,"New LNG plant, 375 MW · EIA-ref oil · base rooftop · ATB-Adv · JERA +20%","LNG imports begin in 2030 and a new 375 MW LNG plant is built (the cost-minimizing size); no Waiau Repower. Oil prices follow EIA's reference forecast. Rooftop solar grows conservatively to about 1,000 MW by 2050 (base case). Solar and battery costs follow ATB's cheaper Advanced projection. JERA plant capital at the +20% case.",25.3398,0.0,0.001,0.000980743,R010_outputs_nlv2b_C5_LNG375_refbrent_j120_adv
nlv2b_C6_STATUSQUO_futbrent,Conservative rooftop (base),C6_STATUSQUO,Waiau Repower + JERA LNG 500 (both projects),futbrent,Brent futures,1.0,Reference,bare-EPC,ATB Moderate,model,0,Waiau Repower + JERA LNG 500 (both projects) · futures oil · base rooftop,"Both proposed projects are built: the Waiau Repower and JERA's 500 MW LNG plant with imports from 2030. No party has proposed this combination; it is modeled as an upper bound on new thermal capacity. Oil prices follow the Brent futures strip (the market's central view). Rooftop solar grows conservatively to about 1,000 MW by 2050 (base case).",26.4234,0.0,0.001,0.000919415,R010_outputs_nlv2b_C6_STATUSQUO_futbrent
nlv2b_C6_STATUSQUO_futbrent_adv,Conservative rooftop (base),C6_STATUSQUO,Waiau Repower + JERA LNG 500 (both projects),futbrent,Brent futures,1.0,Reference,bare-EPC,ATB Advanced,model,0,Waiau Repower + JERA LNG 500 (both projects) · futures oil · base rooftop · ATB-Adv,"Both proposed projects are built: the Waiau Repower and JERA's 500 MW LNG plant with imports from 2030. No party has proposed this combination; it is modeled as an upper bound on new thermal capacity. Oil prices follow the Brent futures strip (the market's central view). Rooftop solar grows conservatively to about 1,000 MW by 2050 (base case). Solar and battery costs follow ATB's cheaper Advanced projection.",25.2513,0.0,0.001,0.000948822,R010_outputs_nlv2b_C6_STATUSQUO_futbrent_adv
nlv2b_C6_STATUSQUO_futbrent_j120,Conservative rooftop (base),C6_STATUSQUO,Waiau Repower + JERA LNG 500 (both projects),futbrent,Brent futures,1.0,Reference,+20%,ATB Moderate,model,0,Waiau Repower + JERA LNG 500 (both projects) · futures oil · base rooftop · JERA +20%,"Both proposed projects are built: the Waiau Repower and JERA's 500 MW LNG plant with imports from 2030. No party has proposed this combination; it is modeled as an upper bound on new thermal capacity. Oil prices follow the Brent futures strip (the market's central view). Rooftop solar grows conservatively to about 1,000 MW by 2050 (base case). JERA plant capital at the +20% case.",26.847,0.0,0.001,0.000817717,R010_outputs_nlv2b_C6_STATUSQUO_futbrent_j120
nlv2b_C6_STATUSQUO_futbrent_j120_adv,Conservative rooftop (base),C6_STATUSQUO,Waiau Repower + JERA LNG 500 (both projects),futbrent,Brent futures,1.0,Reference,+20%,ATB Advanced,model,0,Waiau Repower + JERA LNG 500 (both projects) · futures oil · base rooftop · ATB-Adv · JERA +20%,"Both proposed projects are built: the Waiau Repower and JERA's 500 MW LNG plant with imports from 2030. No party has proposed this combination; it is modeled as an upper bound on new thermal capacity. Oil prices follow the Brent futures strip (the market's central view). Rooftop solar grows conservatively to about 1,000 MW by 2050 (base case). Solar and battery costs follow ATB's cheaper Advanced projection. JERA plant capital at the +20% case.",25.6747,0.0,0.001,0.000835307,R010_outputs_nlv2b_C6_STATUSQUO_futbrent_j120_adv
nlv2b_C6_STATUSQUO_highbrent,Conservative rooftop (base),C6_STATUSQUO,Waiau Repower + JERA LNG 500 (both projects),highbrent,Market 90th percentile,1.0,Reference,bare-EPC,ATB Moderate,model,0,Waiau Repower + JERA LNG 500 (both projects) · high oil · base rooftop,"Both proposed projects are built: the Waiau Repower and JERA's 500 MW LNG plant with imports from 2030. No party has proposed this combination; it is modeled as an upper bound on new thermal capacity. Oil prices follow the market's 90th-percentile (high) path from Brent options. Rooftop solar grows conservatively to about 1,000 MW by 2050 (base case).",30.056,0.0,0.001,0.000767544,R010_outputs_nlv2b_C6_STATUSQUO_highbrent
nlv2b_C6_STATUSQUO_highbrent_adv,Conservative rooftop (base),C6_STATUSQUO,Waiau Repower + JERA LNG 500 (both projects),highbrent,Market 90th percentile,1.0,Reference,bare-EPC,ATB Advanced,model,0,Waiau Repower + JERA LNG 500 (both projects) · high oil · base rooftop · ATB-Adv,"Both proposed projects are built: the Waiau Repower and JERA's 500 MW LNG plant with imports from 2030. No party has proposed this combination; it is modeled as an upper bound on new thermal capacity. Oil prices follow the market's 90th-percentile (high) path from Brent options. Rooftop solar grows conservatively to about 1,000 MW by 2050 (base case). Solar and battery costs follow ATB's cheaper Advanced projection.",28.602,0.0,0.001,0.000980532,R010_outputs_nlv2b_C6_STATUSQUO_highbrent_adv
nlv2b_C6_STATUSQUO_highbrent_j120,Conservative rooftop (base),C6_STATUSQUO,Waiau Repower + JERA LNG 500 (both projects),highbrent,Market 90th percentile,1.0,Reference,+20%,ATB Moderate,model,0,Waiau Repower + JERA LNG 500 (both projects) · high oil · base rooftop · JERA +20%,"Both proposed projects are built: the Waiau Repower and JERA's 500 MW LNG plant with imports from 2030. No party has proposed this combination; it is modeled as an upper bound on new thermal capacity. Oil prices follow the market's 90th-percentile (high) path from Brent options. Rooftop solar grows conservatively to about 1,000 MW by 2050 (base case). JERA plant capital at the +20% case.",30.4861,0.0,0.001,0.000988952,R010_outputs_nlv2b_C6_STATUSQUO_highbrent_j120
nlv2b_C6_STATUSQUO_highbrent_j120_adv,Conservative rooftop (base),C6_STATUSQUO,Waiau Repower + JERA LNG 500 (both projects),highbrent,Market 90th percentile,1.0,Reference,+20%,ATB Advanced,model,0,Waiau Repower + JERA LNG 500 (both projects) · high oil · base rooftop · ATB-Adv · JERA +20%,"Both proposed projects are built: the Waiau Repower and JERA's 500 MW LNG plant with imports from 2030. No party has proposed this combination; it is modeled as an upper bound on new thermal capacity. Oil prices follow the market's 90th-percentile (high) path from Brent options. Rooftop solar grows conservatively to about 1,000 MW by 2050 (base case). Solar and battery costs follow ATB's cheaper Advanced projection. JERA plant capital at the +20% case.",29.0289,0.0,0.001,0.000998066,R010_outputs_nlv2b_C6_STATUSQUO_highbrent_j120_adv
nlv2b_C6_STATUSQUO_lowbrent,Conservative rooftop (base),C6_STATUSQUO,Waiau Repower + JERA LNG 500 (both projects),lowbrent,Market 10th percentile,1.0,Reference,bare-EPC,ATB Moderate,model,0,Waiau Repower + JERA LNG 500 (both projects) · low oil · base rooftop,"Both proposed projects are built: the Waiau Repower and JERA's 500 MW LNG plant with imports from 2030. No party has proposed this combination; it is modeled as an upper bound on new thermal capacity. Oil prices follow the market's 10th-percentile (low) path from Brent options. Rooftop solar grows conservatively to about 1,000 MW by 2050 (base case).",24.2407,0.0,0.001,0.000979797,R010_outputs_nlv2b_C6_STATUSQUO_lowbrent
nlv2b_C6_STATUSQUO_lowbrent_adv,Conservative rooftop (base),C6_STATUSQUO,Waiau Repower + JERA LNG 500 (both projects),lowbrent,Market 10th percentile,1.0,Reference,bare-EPC,ATB Advanced,model,0,Waiau Repower + JERA LNG 500 (both projects) · low oil · base rooftop · ATB-Adv,"Both proposed projects are built: the Waiau Repower and JERA's 500 MW LNG plant with imports from 2030. No party has proposed this combination; it is modeled as an upper bound on new thermal capacity. Oil prices follow the market's 10th-percentile (low) path from Brent options. Rooftop solar grows conservatively to about 1,000 MW by 2050 (base case). Solar and battery costs follow ATB's cheaper Advanced projection.",23.0481,0.0,0.001,0.000648072,R010_outputs_nlv2b_C6_STATUSQUO_lowbrent_adv
nlv2b_C6_STATUSQUO_lowbrent_j120,Conservative rooftop (base),C6_STATUSQUO,Waiau Repower + JERA LNG 500 (both projects),lowbrent,Market 10th percentile,1.0,Reference,+20%,ATB Moderate,model,0,Waiau Repower + JERA LNG 500 (both projects) · low oil · base rooftop · JERA +20%,"Both proposed projects are built: the Waiau Repower and JERA's 500 MW LNG plant with imports from 2030. No party has proposed this combination; it is modeled as an upper bound on new thermal capacity. Oil prices follow the market's 10th-percentile (low) path from Brent options. Rooftop solar grows conservatively to about 1,000 MW by 2050 (base case). JERA plant capital at the +20% case.",24.6633,0.0,0.001,0.000805841,R010_outputs_nlv2b_C6_STATUSQUO_lowbrent_j120
nlv2b_C6_STATUSQUO_lowbrent_j120_adv,Conservative rooftop (base),C6_STATUSQUO,Waiau Repower + JERA LNG 500 (both projects),lowbrent,Market 10th percentile,1.0,Reference,+20%,ATB Advanced,model,0,Waiau Repower + JERA LNG 500 (both projects) · low oil · base rooftop · ATB-Adv · JERA +20%,"Both proposed projects are built: the Waiau Repower and JERA's 500 MW LNG plant with imports from 2030. No party has proposed this combination; it is modeled as an upper bound on new thermal capacity. Oil prices follow the market's 10th-percentile (low) path from Brent options. Rooftop solar grows conservatively to about 1,000 MW by 2050 (base case). Solar and battery costs follow ATB's cheaper Advanced projection. JERA plant capital at the +20% case.",23.4732,0.0,0.001,0.000602201,R010_outputs_nlv2b_C6_STATUSQUO_lowbrent_j120_adv
nlv2b_C6_STATUSQUO_refbrent,Conservative rooftop (base),C6_STATUSQUO,Waiau Repower + JERA LNG 500 (both projects),refbrent,EIA reference,1.0,Reference,bare-EPC,ATB Moderate,model,0,Waiau Repower + JERA LNG 500 (both projects) · EIA-ref oil · base rooftop,"Both proposed projects are built: the Waiau Repower and JERA's 500 MW LNG plant with imports from 2030. No party has proposed this combination; it is modeled as an upper bound on new thermal capacity. Oil prices follow EIA's reference forecast. Rooftop solar grows conservatively to about 1,000 MW by 2050 (base case).",28.0722,0.0,0.001,0.000949435,R010_outputs_nlv2b_C6_STATUSQUO_refbrent
nlv2b_C6_STATUSQUO_refbrent_adv,Conservative rooftop (base),C6_STATUSQUO,Waiau Repower + JERA LNG 500 (both projects),refbrent,EIA reference,1.0,Reference,bare-EPC,ATB Advanced,model,0,Waiau Repower + JERA LNG 500 (both projects) · EIA-ref oil · base rooftop · ATB-Adv,"Both proposed projects are built: the Waiau Repower and JERA's 500 MW LNG plant with imports from 2030. No party has proposed this combination; it is modeled as an upper bound on new thermal capacity. Oil prices follow EIA's reference forecast. Rooftop solar grows conservatively to about 1,000 MW by 2050 (base case). Solar and battery costs follow ATB's cheaper Advanced projection.",26.7894,0.0,0.001,0.000716008,R010_outputs_nlv2b_C6_STATUSQUO_refbrent_adv
nlv2b_C6_STATUSQUO_refbrent_j120,Conservative rooftop (base),C6_STATUSQUO,Waiau Repower + JERA LNG 500 (both projects),refbrent,EIA reference,1.0,Reference,+20%,ATB Moderate,model,0,Waiau Repower + JERA LNG 500 (both projects) · EIA-ref oil · base rooftop · JERA +20%,"Both proposed projects are built: the Waiau Repower and JERA's 500 MW LNG plant with imports from 2030. No party has proposed this combination; it is modeled as an upper bound on new thermal capacity. Oil prices follow EIA's reference forecast. Rooftop solar grows conservatively to about 1,000 MW by 2050 (base case). JERA plant capital at the +20% case.",28.4974,0.0,0.001,0.000910018,R010_outputs_nlv2b_C6_STATUSQUO_refbrent_j120
nlv2b_C6_STATUSQUO_refbrent_j120_adv,Conservative rooftop (base),C6_STATUSQUO,Waiau Repower + JERA LNG 500 (both projects),refbrent,EIA reference,1.0,Reference,+20%,ATB Advanced,model,0,Waiau Repower + JERA LNG 500 (both projects) · EIA-ref oil · base rooftop · ATB-Adv · JERA +20%,"Both proposed projects are built: the Waiau Repower and JERA's 500 MW LNG plant with imports from 2030. No party has proposed this combination; it is modeled as an upper bound on new thermal capacity. Oil prices follow EIA's reference forecast. Rooftop solar grows conservatively to about 1,000 MW by 2050 (base case). Solar and battery costs follow ATB's cheaper Advanced projection. JERA plant capital at the +20% case.",27.2194,0.0,0.001,0.000854682,R010_outputs_nlv2b_C6_STATUSQUO_refbrent_j120_adv
nlv2b_be_pv15_C1_LSFO250_refbrent,Conservative rooftop (base),C1_LSFO250,"New LSFO plant, 250 MW",refbrent,EIA reference,1.5,Reference,bare-EPC,ATB Moderate,model,0,"New LSFO plant, 250 MW · EIA-ref oil · base rooftop · solar +80%","A new 250 MW combined-cycle plant burning low-sulfur fuel oil is built; no LNG imports. Oil prices follow EIA's reference forecast. Rooftop solar grows conservatively to about 1,000 MW by 2050 (base case). Utility-solar capital carries an 80% Hawaiʻi premium (1.5x the study baseline).",28.5462,0.0,0.001,0.000998201,R010_outputs_nlv2b_be_pv15_C1_LSFO250_refbrent
nlv2b_be_pv15_C1_LSFO250_refbrent_adv,Conservative rooftop (base),C1_LSFO250,"New LSFO plant, 250 MW",refbrent,EIA reference,1.5,Reference,bare-EPC,ATB Advanced,model,0,"New LSFO plant, 250 MW · EIA-ref oil · base rooftop · solar +80% · ATB-Adv","A new 250 MW combined-cycle plant burning low-sulfur fuel oil is built; no LNG imports. Oil prices follow EIA's reference forecast. Rooftop solar grows conservatively to about 1,000 MW by 2050 (base case). Utility-solar capital carries an 80% Hawaiʻi premium (1.5x the study baseline). Solar and battery costs follow ATB's cheaper Advanced projection.",26.8725,0.0,0.001,0.000982322,R010_outputs_nlv2b_be_pv15_C1_LSFO250_refbrent_adv
nlv2b_be_pv15_C4_NOTHERMAL_futbrent,Conservative rooftop (base),C4_NOTHERMAL,No new fuel plant,futbrent,Brent futures,1.5,Reference,bare-EPC,ATB Moderate,model,0,No new fuel plant · futures oil · base rooftop · solar +80%,"No new fuel-burning plant is built; solar, storage, wind, and geothermal grow on top of the existing fleet. Oil prices follow the Brent futures strip (the market's central view). Rooftop solar grows conservatively to about 1,000 MW by 2050 (base case). Utility-solar capital carries an 80% Hawaiʻi premium (1.5x the study baseline).",26.416,0.0,0.001,0.000996841,R010_outputs_nlv2b_be_pv15_C4_NOTHERMAL_futbrent
nlv2b_be_pv15_C4_NOTHERMAL_highbrent,Conservative rooftop (base),C4_NOTHERMAL,No new fuel plant,highbrent,Market 90th percentile,1.5,Reference,bare-EPC,ATB Moderate,model,0,No new fuel plant · high oil · base rooftop · solar +80%,"No new fuel-burning plant is built; solar, storage, wind, and geothermal grow on top of the existing fleet. Oil prices follow the market's 90th-percentile (high) path from Brent options. Rooftop solar grows conservatively to about 1,000 MW by 2050 (base case). Utility-solar capital carries an 80% Hawaiʻi premium (1.5x the study baseline).",30.2706,0.0,0.001,0.000999715,R010_outputs_nlv2b_be_pv15_C4_NOTHERMAL_highbrent
nlv2b_be_pv15_C4_NOTHERMAL_lowbrent,Conservative rooftop (base),C4_NOTHERMAL,No new fuel plant,lowbrent,Market 10th percentile,1.5,Reference,bare-EPC,ATB Moderate,model,0,No new fuel plant · low oil · base rooftop · solar +80%,"No new fuel-burning plant is built; solar, storage, wind, and geothermal grow on top of the existing fleet. Oil prices follow the market's 10th-percentile (low) path from Brent options. Rooftop solar grows conservatively to about 1,000 MW by 2050 (base case). Utility-solar capital carries an 80% Hawaiʻi premium (1.5x the study baseline).",22.8699,0.0,0.001,0.000759781,R010_outputs_nlv2b_be_pv15_C4_NOTHERMAL_lowbrent
nlv2b_be_pv15_C4_NOTHERMAL_refbrent,Conservative rooftop (base),C4_NOTHERMAL,No new fuel plant,refbrent,EIA reference,1.5,Reference,bare-EPC,ATB Moderate,model,0,No new fuel plant · EIA-ref oil · base rooftop · solar +80%,"No new fuel-burning plant is built; solar, storage, wind, and geothermal grow on top of the existing fleet. Oil prices follow EIA's reference forecast. Rooftop solar grows conservatively to about 1,000 MW by 2050 (base case). Utility-solar capital carries an 80% Hawaiʻi premium (1.5x the study baseline).",28.2586,0.0,0.001,0.00099969,R010_outputs_nlv2b_be_pv15_C4_NOTHERMAL_refbrent
nlv2b_be_pv15_C4_NOTHERMAL_refbrent_adv,Conservative rooftop (base),C4_NOTHERMAL,No new fuel plant,refbrent,EIA reference,1.5,Reference,bare-EPC,ATB Advanced,model,0,No new fuel plant · EIA-ref oil · base rooftop · solar +80% · ATB-Adv,"No new fuel-burning plant is built; solar, storage, wind, and geothermal grow on top of the existing fleet. Oil prices follow EIA's reference forecast. Rooftop solar grows conservatively to about 1,000 MW by 2050 (base case). Utility-solar capital carries an 80% Hawaiʻi premium (1.5x the study baseline). Solar and battery costs follow ATB's cheaper Advanced projection.",26.4737,0.0,0.001,0.000917049,R010_outputs_nlv2b_be_pv15_C4_NOTHERMAL_refbrent_adv
nlv2b_be_pv15_lngconv_heco_refbrent,Conservative rooftop (base),lngconv_heco,"Conversions (HECO plant set), terminal committed 2030-44",refbrent,EIA reference,1.5,Reference,bare-EPC,ATB Moderate,model,0,"Conversions (HECO plant set), terminal committed 2030-44 · EIA-ref oil · base rooftop · solar +80%","The LNG import terminal is committed for 2030-2044 and existing plants convert to burn the gas (Kalaeloa, Kahe 5 and 6, and the CIP turbine); no new plant is built; conversion capital is not charged in the model. Oil prices follow EIA's reference forecast. Rooftop solar grows conservatively to about 1,000 MW by 2050 (base case). Utility-solar capital carries an 80% Hawaiʻi premium (1.5x the study baseline).",27.01,0.45,0.0025,0.00248574,outputs_nlv2b_be_pv15_lngconv_heco_refbrent
nlv2b_be_pv15_lngconv_opt_refbrent,Conservative rooftop (base),lngconv_opt,"Conversions (Kalaeloa only), terminal optional",refbrent,EIA reference,1.5,Reference,bare-EPC,ATB Moderate,model,0,"Conversions (Kalaeloa only), terminal optional · EIA-ref oil · base rooftop · solar +80%","Only the Kalaeloa plant may convert to LNG and the model decides whether to commit to the import terminal; no new plant. Oil prices follow EIA's reference forecast. Rooftop solar grows conservatively to about 1,000 MW by 2050 (base case). Utility-solar capital carries an 80% Hawaiʻi premium (1.5x the study baseline).",27.7513,0.45,0.001,0.000999856,R010_outputs_nlv2b_be_pv15_lngconv_opt_refbrent
nlv2b_be_pv15_wb_C6_LNG500_futbrent,Conservative rooftop (base),wb_C6_LNG500,"JERA LNG plant, 500 MW",futbrent,Brent futures,1.5,Reference,bare-EPC,ATB Moderate,model,0,"JERA LNG plant, 500 MW · futures oil · base rooftop · solar +80%","JERA's proposal alone: LNG imports from 2030 with a new 500 MW combined-cycle plant; no Waiau Repower. Oil prices follow the Brent futures strip (the market's central view). Rooftop solar grows conservatively to about 1,000 MW by 2050 (base case). Utility-solar capital carries an 80% Hawaiʻi premium (1.5x the study baseline).",26.5597,0.0,0.001,0.000671997,R010_outputs_nlv2b_be_pv15_wb_C6_LNG500_futbrent
nlv2b_be_pv15_wb_C6_LNG500_futbrent_j120,Conservative rooftop (base),wb_C6_LNG500,"JERA LNG plant, 500 MW",futbrent,Brent futures,1.5,Reference,+20%,ATB Moderate,model,0,"JERA LNG plant, 500 MW · futures oil · base rooftop · solar +80% · JERA +20%","JERA's proposal alone: LNG imports from 2030 with a new 500 MW combined-cycle plant; no Waiau Repower. Oil prices follow the Brent futures strip (the market's central view). Rooftop solar grows conservatively to about 1,000 MW by 2050 (base case). Utility-solar capital carries an 80% Hawaiʻi premium (1.5x the study baseline). JERA plant capital at the +20% case.",26.9923,0.0,0.001,0.000927888,R010_outputs_nlv2b_be_pv15_wb_C6_LNG500_futbrent_j120
nlv2b_be_pv15_wb_C6_LNG500_highbrent,Conservative rooftop (base),wb_C6_LNG500,"JERA LNG plant, 500 MW",highbrent,Market 90th percentile,1.5,Reference,bare-EPC,ATB Moderate,model,0,"JERA LNG plant, 500 MW · high oil · base rooftop · solar +80%","JERA's proposal alone: LNG imports from 2030 with a new 500 MW combined-cycle plant; no Waiau Repower. Oil prices follow the market's 90th-percentile (high) path from Brent options. Rooftop solar grows conservatively to about 1,000 MW by 2050 (base case). Utility-solar capital carries an 80% Hawaiʻi premium (1.5x the study baseline).",30.6513,0.0,0.001,0.000960907,R010_outputs_nlv2b_be_pv15_wb_C6_LNG500_highbrent
nlv2b_be_pv15_wb_C6_LNG500_highbrent_j120,Conservative rooftop (base),wb_C6_LNG500,"JERA LNG plant, 500 MW",highbrent,Market 90th percentile,1.5,Reference,+20%,ATB Moderate,model,0,"JERA LNG plant, 500 MW · high oil · base rooftop · solar +80% · JERA +20%","JERA's proposal alone: LNG imports from 2030 with a new 500 MW combined-cycle plant; no Waiau Repower. Oil prices follow the market's 90th-percentile (high) path from Brent options. Rooftop solar grows conservatively to about 1,000 MW by 2050 (base case). Utility-solar capital carries an 80% Hawaiʻi premium (1.5x the study baseline). JERA plant capital at the +20% case.",31.0769,0.0,0.001,0.000989876,R010_outputs_nlv2b_be_pv15_wb_C6_LNG500_highbrent_j120
nlv2b_be_pv15_wb_C6_LNG500_lowbrent,Conservative rooftop (base),wb_C6_LNG500,"JERA LNG plant, 500 MW",lowbrent,Market 10th percentile,1.5,Reference,bare-EPC,ATB Moderate,model,0,"JERA LNG plant, 500 MW · low oil · base rooftop · solar +80%","JERA's proposal alone: LNG imports from 2030 with a new 500 MW combined-cycle plant; no Waiau Repower. Oil prices follow the market's 10th-percentile (low) path from Brent options. Rooftop solar grows conservatively to about 1,000 MW by 2050 (base case). Utility-solar capital carries an 80% Hawaiʻi premium (1.5x the study baseline).",24.2667,0.0,0.001,0.000929022,R010_outputs_nlv2b_be_pv15_wb_C6_LNG500_lowbrent
nlv2b_be_pv15_wb_C6_LNG500_lowbrent_j120,Conservative rooftop (base),wb_C6_LNG500,"JERA LNG plant, 500 MW",lowbrent,Market 10th percentile,1.5,Reference,+20%,ATB Moderate,model,0,"JERA LNG plant, 500 MW · low oil · base rooftop · solar +80% · JERA +20%","JERA's proposal alone: LNG imports from 2030 with a new 500 MW combined-cycle plant; no Waiau Repower. Oil prices follow the market's 10th-percentile (low) path from Brent options. Rooftop solar grows conservatively to about 1,000 MW by 2050 (base case). Utility-solar capital carries an 80% Hawaiʻi premium (1.5x the study baseline). JERA plant capital at the +20% case.",24.6959,0.0,0.001,0.000999871,R010_outputs_nlv2b_be_pv15_wb_C6_LNG500_lowbrent_j120
nlv2b_be_pv15_wb_C6_LNG500_refbrent,Conservative rooftop (base),wb_C6_LNG500,"JERA LNG plant, 500 MW",refbrent,EIA reference,1.5,Reference,bare-EPC,ATB Moderate,model,0,"JERA LNG plant, 500 MW · EIA-ref oil · base rooftop · solar +80%","JERA's proposal alone: LNG imports from 2030 with a new 500 MW combined-cycle plant; no Waiau Repower. Oil prices follow EIA's reference forecast. Rooftop solar grows conservatively to about 1,000 MW by 2050 (base case). Utility-solar capital carries an 80% Hawaiʻi premium (1.5x the study baseline).",28.3466,0.0,0.001,0.000790097,R010_outputs_nlv2b_be_pv15_wb_C6_LNG500_refbrent
nlv2b_be_pv15_wb_C6_LNG500_refbrent_j120,Conservative rooftop (base),wb_C6_LNG500,"JERA LNG plant, 500 MW",refbrent,EIA reference,1.5,Reference,+20%,ATB Moderate,model,0,"JERA LNG plant, 500 MW · EIA-ref oil · base rooftop · solar +80% · JERA +20%","JERA's proposal alone: LNG imports from 2030 with a new 500 MW combined-cycle plant; no Waiau Repower. Oil prices follow EIA's reference forecast. Rooftop solar grows conservatively to about 1,000 MW by 2050 (base case). Utility-solar capital carries an 80% Hawaiʻi premium (1.5x the study baseline). JERA plant capital at the +20% case.",28.7729,0.0,0.001,0.000880208,R010_outputs_nlv2b_be_pv15_wb_C6_LNG500_refbrent_j120
nlv2b_be_pv17_C1_LSFO250_refbrent,Conservative rooftop (base),C1_LSFO250,"New LSFO plant, 250 MW",refbrent,EIA reference,1.7,Reference,bare-EPC,ATB Moderate,model,0,"New LSFO plant, 250 MW · EIA-ref oil · base rooftop · solar +104%","A new 250 MW combined-cycle plant burning low-sulfur fuel oil is built; no LNG imports. Oil prices follow EIA's reference forecast. Rooftop solar grows conservatively to about 1,000 MW by 2050 (base case). Utility-solar capital carries a 104% Hawaiʻi premium (1.7x the study baseline).",29.1759,0.0,0.001,0.000957793,R010_outputs_nlv2b_be_pv17_C1_LSFO250_refbrent
nlv2b_be_pv17_C1_LSFO250_refbrent_adv,Conservative rooftop (base),C1_LSFO250,"New LSFO plant, 250 MW",refbrent,EIA reference,1.7,Reference,bare-EPC,ATB Advanced,model,0,"New LSFO plant, 250 MW · EIA-ref oil · base rooftop · solar +104% · ATB-Adv","A new 250 MW combined-cycle plant burning low-sulfur fuel oil is built; no LNG imports. Oil prices follow EIA's reference forecast. Rooftop solar grows conservatively to about 1,000 MW by 2050 (base case). Utility-solar capital carries a 104% Hawaiʻi premium (1.7x the study baseline). Solar and battery costs follow ATB's cheaper Advanced projection.",27.4759,0.0,0.001,0.00099267,R010_outputs_nlv2b_be_pv17_C1_LSFO250_refbrent_adv
nlv2b_be_pv17_C4_NOTHERMAL_futbrent,Conservative rooftop (base),C4_NOTHERMAL,No new fuel plant,futbrent,Brent futures,1.7,Reference,bare-EPC,ATB Moderate,model,0,No new fuel plant · futures oil · base rooftop · solar +104%,"No new fuel-burning plant is built; solar, storage, wind, and geothermal grow on top of the existing fleet. Oil prices follow the Brent futures strip (the market's central view). Rooftop solar grows conservatively to about 1,000 MW by 2050 (base case). Utility-solar capital carries a 104% Hawaiʻi premium (1.7x the study baseline).",26.9953,0.0,0.001,0.000805641,R010_outputs_nlv2b_be_pv17_C4_NOTHERMAL_futbrent
nlv2b_be_pv17_C4_NOTHERMAL_highbrent,Conservative rooftop (base),C4_NOTHERMAL,No new fuel plant,highbrent,Market 90th percentile,1.7,Reference,bare-EPC,ATB Moderate,model,0,No new fuel plant · high oil · base rooftop · solar +104%,"No new fuel-burning plant is built; solar, storage, wind, and geothermal grow on top of the existing fleet. Oil prices follow the market's 90th-percentile (high) path from Brent options. Rooftop solar grows conservatively to about 1,000 MW by 2050 (base case). Utility-solar capital carries a 104% Hawaiʻi premium (1.7x the study baseline).",31.1518,0.0,0.001,0.000999969,R010_outputs_nlv2b_be_pv17_C4_NOTHERMAL_highbrent
nlv2b_be_pv17_C4_NOTHERMAL_lowbrent,Conservative rooftop (base),C4_NOTHERMAL,No new fuel plant,lowbrent,Market 10th percentile,1.7,Reference,bare-EPC,ATB Moderate,model,0,No new fuel plant · low oil · base rooftop · solar +104%,"No new fuel-burning plant is built; solar, storage, wind, and geothermal grow on top of the existing fleet. Oil prices follow the market's 10th-percentile (low) path from Brent options. Rooftop solar grows conservatively to about 1,000 MW by 2050 (base case). Utility-solar capital carries a 104% Hawaiʻi premium (1.7x the study baseline).",23.3584,0.0,0.001,0.00099996,R010_outputs_nlv2b_be_pv17_C4_NOTHERMAL_lowbrent
nlv2b_be_pv17_C4_NOTHERMAL_refbrent,Conservative rooftop (base),C4_NOTHERMAL,No new fuel plant,refbrent,EIA reference,1.7,Reference,bare-EPC,ATB Moderate,model,0,No new fuel plant · EIA-ref oil · base rooftop · solar +104%,"No new fuel-burning plant is built; solar, storage, wind, and geothermal grow on top of the existing fleet. Oil prices follow EIA's reference forecast. Rooftop solar grows conservatively to about 1,000 MW by 2050 (base case). Utility-solar capital carries a 104% Hawaiʻi premium (1.7x the study baseline).",28.9795,0.0,0.001,0.000998469,R010_outputs_nlv2b_be_pv17_C4_NOTHERMAL_refbrent
nlv2b_be_pv17_C4_NOTHERMAL_refbrent_adv,Conservative rooftop (base),C4_NOTHERMAL,No new fuel plant,refbrent,EIA reference,1.7,Reference,bare-EPC,ATB Advanced,model,0,No new fuel plant · EIA-ref oil · base rooftop · solar +104% · ATB-Adv,"No new fuel-burning plant is built; solar, storage, wind, and geothermal grow on top of the existing fleet. Oil prices follow EIA's reference forecast. Rooftop solar grows conservatively to about 1,000 MW by 2050 (base case). Utility-solar capital carries a 104% Hawaiʻi premium (1.7x the study baseline). Solar and battery costs follow ATB's cheaper Advanced projection.",27.1261,0.0,0.001,0.000856981,R010_outputs_nlv2b_be_pv17_C4_NOTHERMAL_refbrent_adv
nlv2b_be_pv17_lngconv_heco_refbrent,Conservative rooftop (base),lngconv_heco,"Conversions (HECO plant set), terminal committed 2030-44",refbrent,EIA reference,1.7,Reference,bare-EPC,ATB Moderate,model,0,"Conversions (HECO plant set), terminal committed 2030-44 · EIA-ref oil · base rooftop · solar +104%","The LNG import terminal is committed for 2030-2044 and existing plants convert to burn the gas (Kalaeloa, Kahe 5 and 6, and the CIP turbine); no new plant is built; conversion capital is not charged in the model. Oil prices follow EIA's reference forecast. Rooftop solar grows conservatively to about 1,000 MW by 2050 (base case). Utility-solar capital carries a 104% Hawaiʻi premium (1.7x the study baseline).",27.6082,0.45,0.001,0.000952749,R010_outputs_nlv2b_be_pv17_lngconv_heco_refbrent
nlv2b_be_pv17_lngconv_opt_refbrent,Conservative rooftop (base),lngconv_opt,"Conversions (Kalaeloa only), terminal optional",refbrent,EIA reference,1.7,Reference,bare-EPC,ATB Moderate,model,0,"Conversions (Kalaeloa only), terminal optional · EIA-ref oil · base rooftop · solar +104%","Only the Kalaeloa plant may convert to LNG and the model decides whether to commit to the import terminal; no new plant. Oil prices follow EIA's reference forecast. Rooftop solar grows conservatively to about 1,000 MW by 2050 (base case). Utility-solar capital carries a 104% Hawaiʻi premium (1.7x the study baseline).",28.4425,0.45,0.001,0.000995628,R010_outputs_nlv2b_be_pv17_lngconv_opt_refbrent
nlv2b_be_pv17_wb_C6_LNG500_futbrent,Conservative rooftop (base),wb_C6_LNG500,"JERA LNG plant, 500 MW",futbrent,Brent futures,1.7,Reference,bare-EPC,ATB Moderate,model,0,"JERA LNG plant, 500 MW · futures oil · base rooftop · solar +104%","JERA's proposal alone: LNG imports from 2030 with a new 500 MW combined-cycle plant; no Waiau Repower. Oil prices follow the Brent futures strip (the market's central view). Rooftop solar grows conservatively to about 1,000 MW by 2050 (base case). Utility-solar capital carries a 104% Hawaiʻi premium (1.7x the study baseline).",27.0733,0.0,0.001,0.000972479,R010_outputs_nlv2b_be_pv17_wb_C6_LNG500_futbrent
nlv2b_be_pv17_wb_C6_LNG500_futbrent_j120,Conservative rooftop (base),wb_C6_LNG500,"JERA LNG plant, 500 MW",futbrent,Brent futures,1.7,Reference,+20%,ATB Moderate,model,0,"JERA LNG plant, 500 MW · futures oil · base rooftop · solar +104% · JERA +20%","JERA's proposal alone: LNG imports from 2030 with a new 500 MW combined-cycle plant; no Waiau Repower. Oil prices follow the Brent futures strip (the market's central view). Rooftop solar grows conservatively to about 1,000 MW by 2050 (base case). Utility-solar capital carries a 104% Hawaiʻi premium (1.7x the study baseline). JERA plant capital at the +20% case.",27.4993,0.0,0.001,0.000956181,R010_outputs_nlv2b_be_pv17_wb_C6_LNG500_futbrent_j120
nlv2b_be_pv17_wb_C6_LNG500_highbrent,Conservative rooftop (base),wb_C6_LNG500,"JERA LNG plant, 500 MW",highbrent,Market 90th percentile,1.7,Reference,bare-EPC,ATB Moderate,model,0,"JERA LNG plant, 500 MW · high oil · base rooftop · solar +104%","JERA's proposal alone: LNG imports from 2030 with a new 500 MW combined-cycle plant; no Waiau Repower. Oil prices follow the market's 90th-percentile (high) path from Brent options. Rooftop solar grows conservatively to about 1,000 MW by 2050 (base case). Utility-solar capital carries a 104% Hawaiʻi premium (1.7x the study baseline).",31.3305,0.0,0.001,0.00098058,R010_outputs_nlv2b_be_pv17_wb_C6_LNG500_highbrent
nlv2b_be_pv17_wb_C6_LNG500_highbrent_j120,Conservative rooftop (base),wb_C6_LNG500,"JERA LNG plant, 500 MW",highbrent,Market 90th percentile,1.7,Reference,+20%,ATB Moderate,model,0,"JERA LNG plant, 500 MW · high oil · base rooftop · solar +104% · JERA +20%","JERA's proposal alone: LNG imports from 2030 with a new 500 MW combined-cycle plant; no Waiau Repower. Oil prices follow the market's 90th-percentile (high) path from Brent options. Rooftop solar grows conservatively to about 1,000 MW by 2050 (base case). Utility-solar capital carries a 104% Hawaiʻi premium (1.7x the study baseline). JERA plant capital at the +20% case.",31.7435,0.0,0.001,0.000546695,R010_outputs_nlv2b_be_pv17_wb_C6_LNG500_highbrent_j120
nlv2b_be_pv17_wb_C6_LNG500_lowbrent,Conservative rooftop (base),wb_C6_LNG500,"JERA LNG plant, 500 MW",lowbrent,Market 10th percentile,1.7,Reference,bare-EPC,ATB Moderate,model,0,"JERA LNG plant, 500 MW · low oil · base rooftop · solar +104%","JERA's proposal alone: LNG imports from 2030 with a new 500 MW combined-cycle plant; no Waiau Repower. Oil prices follow the market's 10th-percentile (low) path from Brent options. Rooftop solar grows conservatively to about 1,000 MW by 2050 (base case). Utility-solar capital carries a 104% Hawaiʻi premium (1.7x the study baseline).",24.7487,0.0,0.001,0.000999431,R010_outputs_nlv2b_be_pv17_wb_C6_LNG500_lowbrent
nlv2b_be_pv17_wb_C6_LNG500_lowbrent_j120,Conservative rooftop (base),wb_C6_LNG500,"JERA LNG plant, 500 MW",lowbrent,Market 10th percentile,1.7,Reference,+20%,ATB Moderate,model,0,"JERA LNG plant, 500 MW · low oil · base rooftop · solar +104% · JERA +20%","JERA's proposal alone: LNG imports from 2030 with a new 500 MW combined-cycle plant; no Waiau Repower. Oil prices follow the market's 10th-percentile (low) path from Brent options. Rooftop solar grows conservatively to about 1,000 MW by 2050 (base case). Utility-solar capital carries a 104% Hawaiʻi premium (1.7x the study baseline). JERA plant capital at the +20% case.",25.1751,0.0,0.001,0.000993413,R010_outputs_nlv2b_be_pv17_wb_C6_LNG500_lowbrent_j120
nlv2b_be_pv17_wb_C6_LNG500_refbrent,Conservative rooftop (base),wb_C6_LNG500,"JERA LNG plant, 500 MW",refbrent,EIA reference,1.7,Reference,bare-EPC,ATB Moderate,model,0,"JERA LNG plant, 500 MW · EIA-ref oil · base rooftop · solar +104%","JERA's proposal alone: LNG imports from 2030 with a new 500 MW combined-cycle plant; no Waiau Repower. Oil prices follow EIA's reference forecast. Rooftop solar grows conservatively to about 1,000 MW by 2050 (base case). Utility-solar capital carries a 104% Hawaiʻi premium (1.7x the study baseline).",28.9337,0.0,0.001,0.000987284,R010_outputs_nlv2b_be_pv17_wb_C6_LNG500_refbrent
nlv2b_be_pv17_wb_C6_LNG500_refbrent_j120,Conservative rooftop (base),wb_C6_LNG500,"JERA LNG plant, 500 MW",refbrent,EIA reference,1.7,Reference,+20%,ATB Moderate,model,0,"JERA LNG plant, 500 MW · EIA-ref oil · base rooftop · solar +104% · JERA +20%","JERA's proposal alone: LNG imports from 2030 with a new 500 MW combined-cycle plant; no Waiau Repower. Oil prices follow EIA's reference forecast. Rooftop solar grows conservatively to about 1,000 MW by 2050 (base case). Utility-solar capital carries a 104% Hawaiʻi premium (1.7x the study baseline). JERA plant capital at the +20% case.",29.3602,0.0,0.001,0.000993911,R010_outputs_nlv2b_be_pv17_wb_C6_LNG500_refbrent_j120
nlv2b_egs_high_lng_forced_refbrent,Conservative rooftop (base),egs_high_lng_forced,"Geothermal at high cost, JERA LNG forced",refbrent,EIA reference,1.0,Reference,bare-EPC,ATB Moderate,model,0,"Geothermal at high cost, JERA LNG forced · EIA-ref oil · base rooftop","Enhanced geothermal at its high cost case; the JERA LNG bundle is forced in. Oil prices follow EIA's reference forecast. Rooftop solar grows conservatively to about 1,000 MW by 2050 (base case).",26.932,0.0,0.001,0.000965191,R010_outputs_nlv2b_egs_high_lng_forced_refbrent
nlv2b_egs_high_lng_forced_refbrent_adv,Conservative rooftop (base),egs_high_lng_forced,"Geothermal at high cost, JERA LNG forced",refbrent,EIA reference,1.0,Reference,bare-EPC,ATB Advanced,model,0,"Geothermal at high cost, JERA LNG forced · EIA-ref oil · base rooftop · ATB-Adv","Enhanced geothermal at its high cost case; the JERA LNG bundle is forced in. Oil prices follow EIA's reference forecast. Rooftop solar grows conservatively to about 1,000 MW by 2050 (base case). Solar and battery costs follow ATB's cheaper Advanced projection.",25.4627,0.0,0.001,0.00099831,R010_outputs_nlv2b_egs_high_lng_forced_refbrent_adv
nlv2b_egs_high_lng_forced_refbrent_j120_adv,Conservative rooftop (base),egs_high_lng_forced,"Geothermal at high cost, JERA LNG forced",refbrent,EIA reference,1.0,Reference,+20%,ATB Advanced,model,0,"Geothermal at high cost, JERA LNG forced · EIA-ref oil · base rooftop · ATB-Adv · JERA +20%","Enhanced geothermal at its high cost case; the JERA LNG bundle is forced in. Oil prices follow EIA's reference forecast. Rooftop solar grows conservatively to about 1,000 MW by 2050 (base case). Solar and battery costs follow ATB's cheaper Advanced projection. JERA plant capital at the +20% case.",25.8843,0.0,0.001,0.000834005,R010_outputs_nlv2b_egs_high_lng_forced_refbrent_j120_adv
nlv2b_egs_high_no_lng_futbrent_adv,Conservative rooftop (base),egs_high_no_lng,"Geothermal at high cost, no LNG",futbrent,Brent futures,1.0,Reference,bare-EPC,ATB Advanced,model,0,"Geothermal at high cost, no LNG · futures oil · base rooftop · ATB-Adv","Enhanced geothermal at its high cost case; no LNG. Oil prices follow the Brent futures strip (the market's central view). Rooftop solar grows conservatively to about 1,000 MW by 2050 (base case). Solar and battery costs follow ATB's cheaper Advanced projection.",23.3008,0.0,0.001,0.000998345,R010_outputs_nlv2b_egs_high_no_lng_futbrent_adv
nlv2b_egs_high_no_lng_highbrent_adv,Conservative rooftop (base),egs_high_no_lng,"Geothermal at high cost, no LNG",highbrent,Market 90th percentile,1.0,Reference,bare-EPC,ATB Advanced,model,0,"Geothermal at high cost, no LNG · high oil · base rooftop · ATB-Adv","Enhanced geothermal at its high cost case; no LNG. Oil prices follow the market's 90th-percentile (high) path from Brent options. Rooftop solar grows conservatively to about 1,000 MW by 2050 (base case). Solar and battery costs follow ATB's cheaper Advanced projection.",26.2014,0.0,0.001,0.000996515,R010_outputs_nlv2b_egs_high_no_lng_highbrent_adv
nlv2b_egs_high_no_lng_lowbrent_adv,Conservative rooftop (base),egs_high_no_lng,"Geothermal at high cost, no LNG",lowbrent,Market 10th percentile,1.0,Reference,bare-EPC,ATB Advanced,model,0,"Geothermal at high cost, no LNG · low oil · base rooftop · ATB-Adv","Enhanced geothermal at its high cost case; no LNG. Oil prices follow the market's 10th-percentile (low) path from Brent options. Rooftop solar grows conservatively to about 1,000 MW by 2050 (base case). Solar and battery costs follow ATB's cheaper Advanced projection.",20.1909,0.0,0.001,0.000597312,R010_outputs_nlv2b_egs_high_no_lng_lowbrent_adv
nlv2b_egs_high_no_lng_refbrent_adv,Conservative rooftop (base),egs_high_no_lng,"Geothermal at high cost, no LNG",refbrent,EIA reference,1.0,Reference,bare-EPC,ATB Advanced,model,0,"Geothermal at high cost, no LNG · EIA-ref oil · base rooftop · ATB-Adv","Enhanced geothermal at its high cost case; no LNG. Oil prices follow EIA's reference forecast. Rooftop solar grows conservatively to about 1,000 MW by 2050 (base case). Solar and battery costs follow ATB's cheaper Advanced projection.",24.8477,0.0,0.001,0.000958151,R010_outputs_nlv2b_egs_high_no_lng_refbrent_adv
nlv2b_egs_low_lng_forced_refbrent,Conservative rooftop (base),egs_low_lng_forced,"Geothermal at low cost, JERA LNG forced",refbrent,EIA reference,1.0,Reference,bare-EPC,ATB Moderate,model,0,"Geothermal at low cost, JERA LNG forced · EIA-ref oil · base rooftop","Enhanced geothermal at its low cost case; the JERA LNG bundle is forced in. Oil prices follow EIA's reference forecast. Rooftop solar grows conservatively to about 1,000 MW by 2050 (base case).",26.2816,0.0,0.001,0.000874239,R010_outputs_nlv2b_egs_low_lng_forced_refbrent
nlv2b_egs_low_lng_forced_refbrent_adv,Conservative rooftop (base),egs_low_lng_forced,"Geothermal at low cost, JERA LNG forced",refbrent,EIA reference,1.0,Reference,bare-EPC,ATB Advanced,model,0,"Geothermal at low cost, JERA LNG forced · EIA-ref oil · base rooftop · ATB-Adv","Enhanced geothermal at its low cost case; the JERA LNG bundle is forced in. Oil prices follow EIA's reference forecast. Rooftop solar grows conservatively to about 1,000 MW by 2050 (base case). Solar and battery costs follow ATB's cheaper Advanced projection.",24.9887,0.0,0.001,0.000697751,R010_outputs_nlv2b_egs_low_lng_forced_refbrent_adv
nlv2b_egs_low_lng_forced_refbrent_j120,Conservative rooftop (base),egs_low_lng_forced,"Geothermal at low cost, JERA LNG forced",refbrent,EIA reference,1.0,Reference,+20%,ATB Moderate,model,0,"Geothermal at low cost, JERA LNG forced · EIA-ref oil · base rooftop · JERA +20%","Enhanced geothermal at its low cost case; the JERA LNG bundle is forced in. Oil prices follow EIA's reference forecast. Rooftop solar grows conservatively to about 1,000 MW by 2050 (base case). JERA plant capital at the +20% case.",26.7108,0.0,0.001,0.000976163,R010_outputs_nlv2b_egs_low_lng_forced_refbrent_j120
nlv2b_egs_low_lng_forced_refbrent_j120_adv,Conservative rooftop (base),egs_low_lng_forced,"Geothermal at low cost, JERA LNG forced",refbrent,EIA reference,1.0,Reference,+20%,ATB Advanced,model,0,"Geothermal at low cost, JERA LNG forced · EIA-ref oil · base rooftop · ATB-Adv · JERA +20%","Enhanced geothermal at its low cost case; the JERA LNG bundle is forced in. Oil prices follow EIA's reference forecast. Rooftop solar grows conservatively to about 1,000 MW by 2050 (base case). Solar and battery costs follow ATB's cheaper Advanced projection. JERA plant capital at the +20% case.",25.4169,0.0,0.001,0.000782082,R010_outputs_nlv2b_egs_low_lng_forced_refbrent_j120_adv
nlv2b_egs_low_no_lng_futbrent_adv,Conservative rooftop (base),egs_low_no_lng,"Geothermal at low cost, no LNG",futbrent,Brent futures,1.0,Reference,bare-EPC,ATB Advanced,model,0,"Geothermal at low cost, no LNG · futures oil · base rooftop · ATB-Adv","Enhanced geothermal at its low cost case; no LNG. Oil prices follow the Brent futures strip (the market's central view). Rooftop solar grows conservatively to about 1,000 MW by 2050 (base case). Solar and battery costs follow ATB's cheaper Advanced projection.",22.8114,0.0,0.001,0.000984981,R010_outputs_nlv2b_egs_low_no_lng_futbrent_adv
nlv2b_egs_low_no_lng_highbrent,Conservative rooftop (base),egs_low_no_lng,"Geothermal at low cost, no LNG",highbrent,Market 90th percentile,1.0,Reference,bare-EPC,ATB Moderate,model,0,"Geothermal at low cost, no LNG · high oil · base rooftop","Enhanced geothermal at its low cost case; no LNG. Oil prices follow the market's 90th-percentile (high) path from Brent options. Rooftop solar grows conservatively to about 1,000 MW by 2050 (base case).",27.3044,0.0,0.001,0.000933716,R010_outputs_nlv2b_egs_low_no_lng_highbrent
nlv2b_egs_low_no_lng_highbrent_adv,Conservative rooftop (base),egs_low_no_lng,"Geothermal at low cost, no LNG",highbrent,Market 90th percentile,1.0,Reference,bare-EPC,ATB Advanced,model,0,"Geothermal at low cost, no LNG · high oil · base rooftop · ATB-Adv","Enhanced geothermal at its low cost case; no LNG. Oil prices follow the market's 90th-percentile (high) path from Brent options. Rooftop solar grows conservatively to about 1,000 MW by 2050 (base case). Solar and battery costs follow ATB's cheaper Advanced projection.",25.4941,0.0,0.001,0.000990936,R010_outputs_nlv2b_egs_low_no_lng_highbrent_adv
nlv2b_egs_low_no_lng_lowbrent_adv,Conservative rooftop (base),egs_low_no_lng,"Geothermal at low cost, no LNG",lowbrent,Market 10th percentile,1.0,Reference,bare-EPC,ATB Advanced,model,0,"Geothermal at low cost, no LNG · low oil · base rooftop · ATB-Adv","Enhanced geothermal at its low cost case; no LNG. Oil prices follow the market's 10th-percentile (low) path from Brent options. Rooftop solar grows conservatively to about 1,000 MW by 2050 (base case). Solar and battery costs follow ATB's cheaper Advanced projection.",19.8826,0.0,0.001,0.000806838,R010_outputs_nlv2b_egs_low_no_lng_lowbrent_adv
nlv2b_egs_low_no_lng_refbrent,Conservative rooftop (base),egs_low_no_lng,"Geothermal at low cost, no LNG",refbrent,EIA reference,1.0,Reference,bare-EPC,ATB Moderate,model,0,"Geothermal at low cost, no LNG · EIA-ref oil · base rooftop","Enhanced geothermal at its low cost case; no LNG. Oil prices follow EIA's reference forecast. Rooftop solar grows conservatively to about 1,000 MW by 2050 (base case).",25.8319,0.0,0.0025,0.00249678,outputs_nlv2b_egs_low_no_lng_refbrent
nlv2b_egs_low_no_lng_refbrent_adv,Conservative rooftop (base),egs_low_no_lng,"Geothermal at low cost, no LNG",refbrent,EIA reference,1.0,Reference,bare-EPC,ATB Advanced,model,0,"Geothermal at low cost, no LNG · EIA-ref oil · base rooftop · ATB-Adv","Enhanced geothermal at its low cost case; no LNG. Oil prices follow EIA's reference forecast. Rooftop solar grows conservatively to about 1,000 MW by 2050 (base case). Solar and battery costs follow ATB's cheaper Advanced projection.",24.1937,0.0,0.001,0.000919081,R010_outputs_nlv2b_egs_low_no_lng_refbrent_adv
nlv2b_egs_none_lng_forced_refbrent,Conservative rooftop (base),egs_none_lng_forced,"Geothermal blocked, JERA LNG forced",refbrent,EIA reference,1.0,Reference,bare-EPC,ATB Moderate,model,0,"Geothermal blocked, JERA LNG forced · EIA-ref oil · base rooftop","Enhanced geothermal is unavailable and the JERA LNG bundle is forced in. Oil prices follow EIA's reference forecast. Rooftop solar grows conservatively to about 1,000 MW by 2050 (base case).",26.9409,0.0,0.001,0.000989695,R010_outputs_nlv2b_egs_none_lng_forced_refbrent
nlv2b_egs_none_lng_forced_refbrent_adv,Conservative rooftop (base),egs_none_lng_forced,"Geothermal blocked, JERA LNG forced",refbrent,EIA reference,1.0,Reference,bare-EPC,ATB Advanced,model,0,"Geothermal blocked, JERA LNG forced · EIA-ref oil · base rooftop · ATB-Adv","Enhanced geothermal is unavailable and the JERA LNG bundle is forced in. Oil prices follow EIA's reference forecast. Rooftop solar grows conservatively to about 1,000 MW by 2050 (base case). Solar and battery costs follow ATB's cheaper Advanced projection.",25.4579,0.0,0.001,0.000833101,R010_outputs_nlv2b_egs_none_lng_forced_refbrent_adv
nlv2b_egs_none_lng_forced_refbrent_j120,Conservative rooftop (base),egs_none_lng_forced,"Geothermal blocked, JERA LNG forced",refbrent,EIA reference,1.0,Reference,+20%,ATB Moderate,model,0,"Geothermal blocked, JERA LNG forced · EIA-ref oil · base rooftop · JERA +20%","Enhanced geothermal is unavailable and the JERA LNG bundle is forced in. Oil prices follow EIA's reference forecast. Rooftop solar grows conservatively to about 1,000 MW by 2050 (base case). JERA plant capital at the +20% case.",27.3659,0.0,0.001,0.000943092,R010_outputs_nlv2b_egs_none_lng_forced_refbrent_j120
nlv2b_egs_none_lng_forced_refbrent_j120_adv,Conservative rooftop (base),egs_none_lng_forced,"Geothermal blocked, JERA LNG forced",refbrent,EIA reference,1.0,Reference,+20%,ATB Advanced,model,0,"Geothermal blocked, JERA LNG forced · EIA-ref oil · base rooftop · ATB-Adv · JERA +20%","Enhanced geothermal is unavailable and the JERA LNG bundle is forced in. Oil prices follow EIA's reference forecast. Rooftop solar grows conservatively to about 1,000 MW by 2050 (base case). Solar and battery costs follow ATB's cheaper Advanced projection. JERA plant capital at the +20% case.",25.8881,0.0,0.001,0.000980815,R010_outputs_nlv2b_egs_none_lng_forced_refbrent_j120_adv
nlv2b_egs_none_no_lng_refbrent,Conservative rooftop (base),egs_none_no_lng,"Geothermal blocked, no LNG",refbrent,EIA reference,1.0,Reference,bare-EPC,ATB Moderate,model,0,"Geothermal blocked, no LNG · EIA-ref oil · base rooftop","Enhanced geothermal is unavailable and no LNG is imported. Oil prices follow EIA's reference forecast. Rooftop solar grows conservatively to about 1,000 MW by 2050 (base case).",26.6716,0.0,0.001,0.000925613,R010_outputs_nlv2b_egs_none_no_lng_refbrent
nlv2b_egs_none_no_lng_refbrent_adv,Conservative rooftop (base),egs_none_no_lng,"Geothermal blocked, no LNG",refbrent,EIA reference,1.0,Reference,bare-EPC,ATB Advanced,model,0,"Geothermal blocked, no LNG · EIA-ref oil · base rooftop · ATB-Adv","Enhanced geothermal is unavailable and no LNG is imported. Oil prices follow EIA's reference forecast. Rooftop solar grows conservatively to about 1,000 MW by 2050 (base case). Solar and battery costs follow ATB's cheaper Advanced projection.",24.8487,0.0,0.001,0.000993488,R010_outputs_nlv2b_egs_none_no_lng_refbrent_adv
nlv2b_egs_ref_lng_forced_refbrent,Conservative rooftop (base),egs_ref_lng_forced,"Geothermal at reference cost, JERA LNG forced",refbrent,EIA reference,1.0,Reference,bare-EPC,ATB Moderate,model,0,"Geothermal at reference cost, JERA LNG forced · EIA-ref oil · base rooftop","Enhanced geothermal at its reference cost; the JERA LNG bundle is forced in. Oil prices follow EIA's reference forecast. Rooftop solar grows conservatively to about 1,000 MW by 2050 (base case).",26.5974,0.0,0.001,0.00098898,R010_outputs_nlv2b_egs_ref_lng_forced_refbrent
nlv2b_egs_ref_lng_forced_refbrent_adv,Conservative rooftop (base),egs_ref_lng_forced,"Geothermal at reference cost, JERA LNG forced",refbrent,EIA reference,1.0,Reference,bare-EPC,ATB Advanced,model,0,"Geothermal at reference cost, JERA LNG forced · EIA-ref oil · base rooftop · ATB-Adv","Enhanced geothermal at its reference cost; the JERA LNG bundle is forced in. Oil prices follow EIA's reference forecast. Rooftop solar grows conservatively to about 1,000 MW by 2050 (base case). Solar and battery costs follow ATB's cheaper Advanced projection.",25.2977,0.0,0.001,0.000529945,R010_outputs_nlv2b_egs_ref_lng_forced_refbrent_adv
nlv2b_egs_ref_lng_forced_refbrent_j120,Conservative rooftop (base),egs_ref_lng_forced,"Geothermal at reference cost, JERA LNG forced",refbrent,EIA reference,1.0,Reference,+20%,ATB Moderate,model,0,"Geothermal at reference cost, JERA LNG forced · EIA-ref oil · base rooftop · JERA +20%","Enhanced geothermal at its reference cost; the JERA LNG bundle is forced in. Oil prices follow EIA's reference forecast. Rooftop solar grows conservatively to about 1,000 MW by 2050 (base case). JERA plant capital at the +20% case.",27.0196,0.0,0.001,0.000846168,R010_outputs_nlv2b_egs_ref_lng_forced_refbrent_j120
nlv2b_egs_ref_lng_forced_refbrent_j120_adv,Conservative rooftop (base),egs_ref_lng_forced,"Geothermal at reference cost, JERA LNG forced",refbrent,EIA reference,1.0,Reference,+20%,ATB Advanced,model,0,"Geothermal at reference cost, JERA LNG forced · EIA-ref oil · base rooftop · ATB-Adv · JERA +20%","Enhanced geothermal at its reference cost; the JERA LNG bundle is forced in. Oil prices follow EIA's reference forecast. Rooftop solar grows conservatively to about 1,000 MW by 2050 (base case). Solar and battery costs follow ATB's cheaper Advanced projection. JERA plant capital at the +20% case.",25.7222,0.0,0.001,0.000467782,R010_outputs_nlv2b_egs_ref_lng_forced_refbrent_j120_adv
nlv2b_egs_ref_no_lng_refbrent,Conservative rooftop (base),egs_ref_no_lng,"Geothermal at reference cost, no LNG",refbrent,EIA reference,1.0,Reference,bare-EPC,ATB Moderate,model,0,"Geothermal at reference cost, no LNG · EIA-ref oil · base rooftop","Enhanced geothermal at its reference cost; no LNG. Oil prices follow EIA's reference forecast. Rooftop solar grows conservatively to about 1,000 MW by 2050 (base case).",26.1464,0.0,0.0025,0.00249769,outputs_nlv2b_egs_ref_no_lng_refbrent
nlv2b_egs_ref_no_lng_refbrent_adv,Conservative rooftop (base),egs_ref_no_lng,"Geothermal at reference cost, no LNG",refbrent,EIA reference,1.0,Reference,bare-EPC,ATB Advanced,model,0,"Geothermal at reference cost, no LNG · EIA-ref oil · base rooftop · ATB-Adv","Enhanced geothermal at its reference cost; no LNG. Oil prices follow EIA's reference forecast. Rooftop solar grows conservatively to about 1,000 MW by 2050 (base case). Solar and battery costs follow ATB's cheaper Advanced projection.",24.5085,0.0,0.001,0.000998906,R010_outputs_nlv2b_egs_ref_no_lng_refbrent_adv
nlv2b_lc_C1_LSFO250_futbrent,Conservative rooftop (base),C1_LSFO250,"New LSFO plant, 250 MW",futbrent,Brent futures,1.0,Class-C constrained,bare-EPC,ATB Moderate,model,0,"New LSFO plant, 250 MW · futures oil · base rooftop · Class-C land","A new 250 MW combined-cycle plant burning low-sulfur fuel oil is built; no LNG imports. Oil prices follow the Brent futures strip (the market's central view). Rooftop solar grows conservatively to about 1,000 MW by 2050 (base case). Utility solar is limited to the Class-C-only land screen.",25.4303,0.0,0.0025,0.00232442,outputs_nlv2b_lc_C1_LSFO250_futbrent
nlv2b_lc_C1_LSFO250_futbrent_adv,Conservative rooftop (base),C1_LSFO250,"New LSFO plant, 250 MW",futbrent,Brent futures,1.0,Class-C constrained,bare-EPC,ATB Advanced,model,0,"New LSFO plant, 250 MW · futures oil · base rooftop · Class-C land · ATB-Adv","A new 250 MW combined-cycle plant burning low-sulfur fuel oil is built; no LNG imports. Oil prices follow the Brent futures strip (the market's central view). Rooftop solar grows conservatively to about 1,000 MW by 2050 (base case). Utility solar is limited to the Class-C-only land screen. Solar and battery costs follow ATB's cheaper Advanced projection.",24.0703,0.0,0.001,0.000996758,R010_outputs_nlv2b_lc_C1_LSFO250_futbrent_adv
nlv2b_lc_C1_LSFO250_highbrent,Conservative rooftop (base),C1_LSFO250,"New LSFO plant, 250 MW",highbrent,Market 90th percentile,1.0,Class-C constrained,bare-EPC,ATB Moderate,model,0,"New LSFO plant, 250 MW · high oil · base rooftop · Class-C land","A new 250 MW combined-cycle plant burning low-sulfur fuel oil is built; no LNG imports. Oil prices follow the market's 90th-percentile (high) path from Brent options. Rooftop solar grows conservatively to about 1,000 MW by 2050 (base case). Utility solar is limited to the Class-C-only land screen.",28.5707,0.0,0.001,0.000997217,R010_outputs_nlv2b_lc_C1_LSFO250_highbrent
nlv2b_lc_C1_LSFO250_highbrent_adv,Conservative rooftop (base),C1_LSFO250,"New LSFO plant, 250 MW",highbrent,Market 90th percentile,1.0,Class-C constrained,bare-EPC,ATB Advanced,model,0,"New LSFO plant, 250 MW · high oil · base rooftop · Class-C land · ATB-Adv","A new 250 MW combined-cycle plant burning low-sulfur fuel oil is built; no LNG imports. Oil prices follow the market's 90th-percentile (high) path from Brent options. Rooftop solar grows conservatively to about 1,000 MW by 2050 (base case). Utility solar is limited to the Class-C-only land screen. Solar and battery costs follow ATB's cheaper Advanced projection.",26.9196,0.0,0.001,0.000955737,R010_outputs_nlv2b_lc_C1_LSFO250_highbrent_adv
nlv2b_lc_C1_LSFO250_lowbrent,Conservative rooftop (base),C1_LSFO250,"New LSFO plant, 250 MW",lowbrent,Market 10th percentile,1.0,Class-C constrained,bare-EPC,ATB Moderate,model,0,"New LSFO plant, 250 MW · low oil · base rooftop · Class-C land","A new 250 MW combined-cycle plant burning low-sulfur fuel oil is built; no LNG imports. Oil prices follow the market's 10th-percentile (low) path from Brent options. Rooftop solar grows conservatively to about 1,000 MW by 2050 (base case). Utility solar is limited to the Class-C-only land screen.",22.3947,0.0,0.001,0.00087252,R010_outputs_nlv2b_lc_C1_LSFO250_lowbrent
nlv2b_lc_C1_LSFO250_lowbrent_adv,Conservative rooftop (base),C1_LSFO250,"New LSFO plant, 250 MW",lowbrent,Market 10th percentile,1.0,Class-C constrained,bare-EPC,ATB Advanced,model,0,"New LSFO plant, 250 MW · low oil · base rooftop · Class-C land · ATB-Adv","A new 250 MW combined-cycle plant burning low-sulfur fuel oil is built; no LNG imports. Oil prices follow the market's 10th-percentile (low) path from Brent options. Rooftop solar grows conservatively to about 1,000 MW by 2050 (base case). Utility solar is limited to the Class-C-only land screen. Solar and battery costs follow ATB's cheaper Advanced projection.",21.251,0.0,0.001,0.00084381,R010_outputs_nlv2b_lc_C1_LSFO250_lowbrent_adv
nlv2b_lc_C1_LSFO250_refbrent,Conservative rooftop (base),C1_LSFO250,"New LSFO plant, 250 MW",refbrent,EIA reference,1.0,Class-C constrained,bare-EPC,ATB Moderate,model,0,"New LSFO plant, 250 MW · EIA-ref oil · base rooftop · Class-C land","A new 250 MW combined-cycle plant burning low-sulfur fuel oil is built; no LNG imports. Oil prices follow EIA's reference forecast. Rooftop solar grows conservatively to about 1,000 MW by 2050 (base case). Utility solar is limited to the Class-C-only land screen.",26.9119,0.0,0.001,0.000914606,R010_outputs_nlv2b_lc_C1_LSFO250_refbrent
nlv2b_lc_C1_LSFO250_refbrent_adv,Conservative rooftop (base),C1_LSFO250,"New LSFO plant, 250 MW",refbrent,EIA reference,1.0,Class-C constrained,bare-EPC,ATB Advanced,model,0,"New LSFO plant, 250 MW · EIA-ref oil · base rooftop · Class-C land · ATB-Adv","A new 250 MW combined-cycle plant burning low-sulfur fuel oil is built; no LNG imports. Oil prices follow EIA's reference forecast. Rooftop solar grows conservatively to about 1,000 MW by 2050 (base case). Utility solar is limited to the Class-C-only land screen. Solar and battery costs follow ATB's cheaper Advanced projection.",25.4751,0.0,0.001,0.00086082,R010_outputs_nlv2b_lc_C1_LSFO250_refbrent_adv
nlv2b_lc_C2_LSFO375_futbrent,Conservative rooftop (base),C2_LSFO375,"New LSFO plant, 375 MW",futbrent,Brent futures,1.0,Class-C constrained,bare-EPC,ATB Moderate,model,0,"New LSFO plant, 375 MW · futures oil · base rooftop · Class-C land","A new 375 MW combined-cycle plant burning low-sulfur fuel oil is built; no LNG imports. Oil prices follow the Brent futures strip (the market's central view). Rooftop solar grows conservatively to about 1,000 MW by 2050 (base case). Utility solar is limited to the Class-C-only land screen.",25.7783,0.0,0.001,0.000999774,R010_outputs_nlv2b_lc_C2_LSFO375_futbrent
nlv2b_lc_C2_LSFO375_futbrent_adv,Conservative rooftop (base),C2_LSFO375,"New LSFO plant, 375 MW",futbrent,Brent futures,1.0,Class-C constrained,bare-EPC,ATB Advanced,model,0,"New LSFO plant, 375 MW · futures oil · base rooftop · Class-C land · ATB-Adv","A new 375 MW combined-cycle plant burning low-sulfur fuel oil is built; no LNG imports. Oil prices follow the Brent futures strip (the market's central view). Rooftop solar grows conservatively to about 1,000 MW by 2050 (base case). Utility solar is limited to the Class-C-only land screen. Solar and battery costs follow ATB's cheaper Advanced projection.",24.4666,0.0,0.001,0.000999759,R010_outputs_nlv2b_lc_C2_LSFO375_futbrent_adv
nlv2b_lc_C2_LSFO375_highbrent,Conservative rooftop (base),C2_LSFO375,"New LSFO plant, 375 MW",highbrent,Market 90th percentile,1.0,Class-C constrained,bare-EPC,ATB Moderate,model,0,"New LSFO plant, 375 MW · high oil · base rooftop · Class-C land","A new 375 MW combined-cycle plant burning low-sulfur fuel oil is built; no LNG imports. Oil prices follow the market's 90th-percentile (high) path from Brent options. Rooftop solar grows conservatively to about 1,000 MW by 2050 (base case). Utility solar is limited to the Class-C-only land screen.",28.9789,0.0,0.001,0.000992348,R010_outputs_nlv2b_lc_C2_LSFO375_highbrent
nlv2b_lc_C2_LSFO375_highbrent_adv,Conservative rooftop (base),C2_LSFO375,"New LSFO plant, 375 MW",highbrent,Market 90th percentile,1.0,Class-C constrained,bare-EPC,ATB Advanced,model,0,"New LSFO plant, 375 MW · high oil · base rooftop · Class-C land · ATB-Adv","A new 375 MW combined-cycle plant burning low-sulfur fuel oil is built; no LNG imports. Oil prices follow the market's 90th-percentile (high) path from Brent options. Rooftop solar grows conservatively to about 1,000 MW by 2050 (base case). Utility solar is limited to the Class-C-only land screen. Solar and battery costs follow ATB's cheaper Advanced projection.",27.3713,0.0,0.001,0.000979972,R010_outputs_nlv2b_lc_C2_LSFO375_highbrent_adv
nlv2b_lc_C2_LSFO375_lowbrent,Conservative rooftop (base),C2_LSFO375,"New LSFO plant, 375 MW",lowbrent,Market 10th percentile,1.0,Class-C constrained,bare-EPC,ATB Moderate,model,0,"New LSFO plant, 375 MW · low oil · base rooftop · Class-C land","A new 375 MW combined-cycle plant burning low-sulfur fuel oil is built; no LNG imports. Oil prices follow the market's 10th-percentile (low) path from Brent options. Rooftop solar grows conservatively to about 1,000 MW by 2050 (base case). Utility solar is limited to the Class-C-only land screen.",22.8125,0.0,0.001,0.00099998,R010_outputs_nlv2b_lc_C2_LSFO375_lowbrent
nlv2b_lc_C2_LSFO375_lowbrent_adv,Conservative rooftop (base),C2_LSFO375,"New LSFO plant, 375 MW",lowbrent,Market 10th percentile,1.0,Class-C constrained,bare-EPC,ATB Advanced,model,0,"New LSFO plant, 375 MW · low oil · base rooftop · Class-C land · ATB-Adv","A new 375 MW combined-cycle plant burning low-sulfur fuel oil is built; no LNG imports. Oil prices follow the market's 10th-percentile (low) path from Brent options. Rooftop solar grows conservatively to about 1,000 MW by 2050 (base case). Utility solar is limited to the Class-C-only land screen. Solar and battery costs follow ATB's cheaper Advanced projection.",21.6515,0.0,0.001,0.000935479,R010_outputs_nlv2b_lc_C2_LSFO375_lowbrent_adv
nlv2b_lc_C2_LSFO375_refbrent,Conservative rooftop (base),C2_LSFO375,"New LSFO plant, 375 MW",refbrent,EIA reference,1.0,Class-C constrained,bare-EPC,ATB Moderate,model,0,"New LSFO plant, 375 MW · EIA-ref oil · base rooftop · Class-C land","A new 375 MW combined-cycle plant burning low-sulfur fuel oil is built; no LNG imports. Oil prices follow EIA's reference forecast. Rooftop solar grows conservatively to about 1,000 MW by 2050 (base case). Utility solar is limited to the Class-C-only land screen.",27.2717,0.0,0.001,0.000919815,R010_outputs_nlv2b_lc_C2_LSFO375_refbrent
nlv2b_lc_C2_LSFO375_refbrent_adv,Conservative rooftop (base),C2_LSFO375,"New LSFO plant, 375 MW",refbrent,EIA reference,1.0,Class-C constrained,bare-EPC,ATB Advanced,model,0,"New LSFO plant, 375 MW · EIA-ref oil · base rooftop · Class-C land · ATB-Adv","A new 375 MW combined-cycle plant burning low-sulfur fuel oil is built; no LNG imports. Oil prices follow EIA's reference forecast. Rooftop solar grows conservatively to about 1,000 MW by 2050 (base case). Utility solar is limited to the Class-C-only land screen. Solar and battery costs follow ATB's cheaper Advanced projection.",25.8574,0.0,0.001,0.000879085,R010_outputs_nlv2b_lc_C2_LSFO375_refbrent_adv
nlv2b_lc_C3_LSFO500_futbrent,Conservative rooftop (base),C3_LSFO500,"New LSFO plant, 500 MW",futbrent,Brent futures,1.0,Class-C constrained,bare-EPC,ATB Moderate,model,0,"New LSFO plant, 500 MW · futures oil · base rooftop · Class-C land","A new 500 MW combined-cycle plant burning low-sulfur fuel oil is built; no LNG imports. Oil prices follow the Brent futures strip (the market's central view). Rooftop solar grows conservatively to about 1,000 MW by 2050 (base case). Utility solar is limited to the Class-C-only land screen.",26.215,0.0,0.001,0.000945466,R010_outputs_nlv2b_lc_C3_LSFO500_futbrent
nlv2b_lc_C3_LSFO500_futbrent_adv,Conservative rooftop (base),C3_LSFO500,"New LSFO plant, 500 MW",futbrent,Brent futures,1.0,Class-C constrained,bare-EPC,ATB Advanced,model,0,"New LSFO plant, 500 MW · futures oil · base rooftop · Class-C land · ATB-Adv","A new 500 MW combined-cycle plant burning low-sulfur fuel oil is built; no LNG imports. Oil prices follow the Brent futures strip (the market's central view). Rooftop solar grows conservatively to about 1,000 MW by 2050 (base case). Utility solar is limited to the Class-C-only land screen. Solar and battery costs follow ATB's cheaper Advanced projection.",24.9157,0.0,0.001,0.000899508,R010_outputs_nlv2b_lc_C3_LSFO500_futbrent_adv
nlv2b_lc_C3_LSFO500_highbrent,Conservative rooftop (base),C3_LSFO500,"New LSFO plant, 500 MW",highbrent,Market 90th percentile,1.0,Class-C constrained,bare-EPC,ATB Moderate,model,0,"New LSFO plant, 500 MW · high oil · base rooftop · Class-C land","A new 500 MW combined-cycle plant burning low-sulfur fuel oil is built; no LNG imports. Oil prices follow the market's 90th-percentile (high) path from Brent options. Rooftop solar grows conservatively to about 1,000 MW by 2050 (base case). Utility solar is limited to the Class-C-only land screen.",29.4206,0.0,0.001,0.000915727,R010_outputs_nlv2b_lc_C3_LSFO500_highbrent
nlv2b_lc_C3_LSFO500_highbrent_adv,Conservative rooftop (base),C3_LSFO500,"New LSFO plant, 500 MW",highbrent,Market 90th percentile,1.0,Class-C constrained,bare-EPC,ATB Advanced,model,0,"New LSFO plant, 500 MW · high oil · base rooftop · Class-C land · ATB-Adv","A new 500 MW combined-cycle plant burning low-sulfur fuel oil is built; no LNG imports. Oil prices follow the market's 90th-percentile (high) path from Brent options. Rooftop solar grows conservatively to about 1,000 MW by 2050 (base case). Utility solar is limited to the Class-C-only land screen. Solar and battery costs follow ATB's cheaper Advanced projection.",27.8483,0.0,0.001,0.000988838,R010_outputs_nlv2b_lc_C3_LSFO500_highbrent_adv
nlv2b_lc_C3_LSFO500_lowbrent,Conservative rooftop (base),C3_LSFO500,"New LSFO plant, 500 MW",lowbrent,Market 10th percentile,1.0,Class-C constrained,bare-EPC,ATB Moderate,model,0,"New LSFO plant, 500 MW · low oil · base rooftop · Class-C land","A new 500 MW combined-cycle plant burning low-sulfur fuel oil is built; no LNG imports. Oil prices follow the market's 10th-percentile (low) path from Brent options. Rooftop solar grows conservatively to about 1,000 MW by 2050 (base case). Utility solar is limited to the Class-C-only land screen.",23.2747,0.0,0.001,0.000785856,R010_outputs_nlv2b_lc_C3_LSFO500_lowbrent
nlv2b_lc_C3_LSFO500_lowbrent_adv,Conservative rooftop (base),C3_LSFO500,"New LSFO plant, 500 MW",lowbrent,Market 10th percentile,1.0,Class-C constrained,bare-EPC,ATB Advanced,model,0,"New LSFO plant, 500 MW · low oil · base rooftop · Class-C land · ATB-Adv","A new 500 MW combined-cycle plant burning low-sulfur fuel oil is built; no LNG imports. Oil prices follow the market's 10th-percentile (low) path from Brent options. Rooftop solar grows conservatively to about 1,000 MW by 2050 (base case). Utility solar is limited to the Class-C-only land screen. Solar and battery costs follow ATB's cheaper Advanced projection.",22.0999,0.0,0.001,0.000815323,R010_outputs_nlv2b_lc_C3_LSFO500_lowbrent_adv
nlv2b_lc_C3_LSFO500_refbrent,Conservative rooftop (base),C3_LSFO500,"New LSFO plant, 500 MW",refbrent,EIA reference,1.0,Class-C constrained,bare-EPC,ATB Moderate,model,0,"New LSFO plant, 500 MW · EIA-ref oil · base rooftop · Class-C land","A new 500 MW combined-cycle plant burning low-sulfur fuel oil is built; no LNG imports. Oil prices follow EIA's reference forecast. Rooftop solar grows conservatively to about 1,000 MW by 2050 (base case). Utility solar is limited to the Class-C-only land screen.",27.7033,0.0,0.001,0.000795799,R010_outputs_nlv2b_lc_C3_LSFO500_refbrent
nlv2b_lc_C3_LSFO500_refbrent_adv,Conservative rooftop (base),C3_LSFO500,"New LSFO plant, 500 MW",refbrent,EIA reference,1.0,Class-C constrained,bare-EPC,ATB Advanced,model,0,"New LSFO plant, 500 MW · EIA-ref oil · base rooftop · Class-C land · ATB-Adv","A new 500 MW combined-cycle plant burning low-sulfur fuel oil is built; no LNG imports. Oil prices follow EIA's reference forecast. Rooftop solar grows conservatively to about 1,000 MW by 2050 (base case). Utility solar is limited to the Class-C-only land screen. Solar and battery costs follow ATB's cheaper Advanced projection.",26.295,0.0,0.001,0.000765634,R010_outputs_nlv2b_lc_C3_LSFO500_refbrent_adv
nlv2b_lc_C4_NOTHERMAL_futbrent,Conservative rooftop (base),C4_NOTHERMAL,No new fuel plant,futbrent,Brent futures,1.0,Class-C constrained,bare-EPC,ATB Moderate,model,0,No new fuel plant · futures oil · base rooftop · Class-C land,"No new fuel-burning plant is built; solar, storage, wind, and geothermal grow on top of the existing fleet. Oil prices follow the Brent futures strip (the market's central view). Rooftop solar grows conservatively to about 1,000 MW by 2050 (base case). Utility solar is limited to the Class-C-only land screen.",24.9288,0.0,0.001,0.000990192,R010_outputs_nlv2b_lc_C4_NOTHERMAL_futbrent
nlv2b_lc_C4_NOTHERMAL_futbrent_adv,Conservative rooftop (base),C4_NOTHERMAL,No new fuel plant,futbrent,Brent futures,1.0,Class-C constrained,bare-EPC,ATB Advanced,model,0,No new fuel plant · futures oil · base rooftop · Class-C land · ATB-Adv,"No new fuel-burning plant is built; solar, storage, wind, and geothermal grow on top of the existing fleet. Oil prices follow the Brent futures strip (the market's central view). Rooftop solar grows conservatively to about 1,000 MW by 2050 (base case). Utility solar is limited to the Class-C-only land screen. Solar and battery costs follow ATB's cheaper Advanced projection.",23.5497,0.0,0.001,0.000998655,R010_outputs_nlv2b_lc_C4_NOTHERMAL_futbrent_adv
nlv2b_lc_C4_NOTHERMAL_highbrent,Conservative rooftop (base),C4_NOTHERMAL,No new fuel plant,highbrent,Market 90th percentile,1.0,Class-C constrained,bare-EPC,ATB Moderate,model,0,No new fuel plant · high oil · base rooftop · Class-C land,"No new fuel-burning plant is built; solar, storage, wind, and geothermal grow on top of the existing fleet. Oil prices follow the market's 90th-percentile (high) path from Brent options. Rooftop solar grows conservatively to about 1,000 MW by 2050 (base case). Utility solar is limited to the Class-C-only land screen.",27.9639,0.0,0.001,0.000975802,R010_outputs_nlv2b_lc_C4_NOTHERMAL_highbrent
nlv2b_lc_C4_NOTHERMAL_highbrent_adv,Conservative rooftop (base),C4_NOTHERMAL,No new fuel plant,highbrent,Market 90th percentile,1.0,Class-C constrained,bare-EPC,ATB Advanced,model,0,No new fuel plant · high oil · base rooftop · Class-C land · ATB-Adv,"No new fuel-burning plant is built; solar, storage, wind, and geothermal grow on top of the existing fleet. Oil prices follow the market's 90th-percentile (high) path from Brent options. Rooftop solar grows conservatively to about 1,000 MW by 2050 (base case). Utility solar is limited to the Class-C-only land screen. Solar and battery costs follow ATB's cheaper Advanced projection.",26.194,0.0,0.001,0.000988218,R010_outputs_nlv2b_lc_C4_NOTHERMAL_highbrent_adv
nlv2b_lc_C4_NOTHERMAL_lowbrent,Conservative rooftop (base),C4_NOTHERMAL,No new fuel plant,lowbrent,Market 10th percentile,1.0,Class-C constrained,bare-EPC,ATB Moderate,model,0,No new fuel plant · low oil · base rooftop · Class-C land,"No new fuel-burning plant is built; solar, storage, wind, and geothermal grow on top of the existing fleet. Oil prices follow the market's 10th-percentile (low) path from Brent options. Rooftop solar grows conservatively to about 1,000 MW by 2050 (base case). Utility solar is limited to the Class-C-only land screen.",21.7396,0.0,0.001,0.000831068,R010_outputs_nlv2b_lc_C4_NOTHERMAL_lowbrent
nlv2b_lc_C4_NOTHERMAL_lowbrent_adv,Conservative rooftop (base),C4_NOTHERMAL,No new fuel plant,lowbrent,Market 10th percentile,1.0,Class-C constrained,bare-EPC,ATB Advanced,model,0,No new fuel plant · low oil · base rooftop · Class-C land · ATB-Adv,"No new fuel-burning plant is built; solar, storage, wind, and geothermal grow on top of the existing fleet. Oil prices follow the market's 10th-percentile (low) path from Brent options. Rooftop solar grows conservatively to about 1,000 MW by 2050 (base case). Utility solar is limited to the Class-C-only land screen. Solar and battery costs follow ATB's cheaper Advanced projection.",20.5967,0.0,0.001,0.000677816,R010_outputs_nlv2b_lc_C4_NOTHERMAL_lowbrent_adv
nlv2b_lc_C4_NOTHERMAL_refbrent,Conservative rooftop (base),C4_NOTHERMAL,No new fuel plant,refbrent,EIA reference,1.0,Class-C constrained,bare-EPC,ATB Moderate,model,0,No new fuel plant · EIA-ref oil · base rooftop · Class-C land,"No new fuel-burning plant is built; solar, storage, wind, and geothermal grow on top of the existing fleet. Oil prices follow EIA's reference forecast. Rooftop solar grows conservatively to about 1,000 MW by 2050 (base case). Utility solar is limited to the Class-C-only land screen.",26.471,0.0,0.001,0.000867221,R010_outputs_nlv2b_lc_C4_NOTHERMAL_refbrent
nlv2b_lc_C4_NOTHERMAL_refbrent_adv,Conservative rooftop (base),C4_NOTHERMAL,No new fuel plant,refbrent,EIA reference,1.0,Class-C constrained,bare-EPC,ATB Advanced,model,0,No new fuel plant · EIA-ref oil · base rooftop · Class-C land · ATB-Adv,"No new fuel-burning plant is built; solar, storage, wind, and geothermal grow on top of the existing fleet. Oil prices follow EIA's reference forecast. Rooftop solar grows conservatively to about 1,000 MW by 2050 (base case). Utility solar is limited to the Class-C-only land screen. Solar and battery costs follow ATB's cheaper Advanced projection.",24.9131,0.0,0.001,0.000994615,R010_outputs_nlv2b_lc_C4_NOTHERMAL_refbrent_adv
nlv2b_lc_C5_LNG375_futbrent,Conservative rooftop (base),C5_LNG375,"New LNG plant, 375 MW",futbrent,Brent futures,1.0,Class-C constrained,bare-EPC,ATB Moderate,model,0,"New LNG plant, 375 MW · futures oil · base rooftop · Class-C land","LNG imports begin in 2030 and a new 375 MW LNG plant is built (the cost-minimizing size); no Waiau Repower. Oil prices follow the Brent futures strip (the market's central view). Rooftop solar grows conservatively to about 1,000 MW by 2050 (base case). Utility solar is limited to the Class-C-only land screen.",25.1175,0.0,0.001,0.000998729,R010_outputs_nlv2b_lc_C5_LNG375_futbrent
nlv2b_lc_C5_LNG375_futbrent_adv,Conservative rooftop (base),C5_LNG375,"New LNG plant, 375 MW",futbrent,Brent futures,1.0,Class-C constrained,bare-EPC,ATB Advanced,model,0,"New LNG plant, 375 MW · futures oil · base rooftop · Class-C land · ATB-Adv","LNG imports begin in 2030 and a new 375 MW LNG plant is built (the cost-minimizing size); no Waiau Repower. Oil prices follow the Brent futures strip (the market's central view). Rooftop solar grows conservatively to about 1,000 MW by 2050 (base case). Utility solar is limited to the Class-C-only land screen. Solar and battery costs follow ATB's cheaper Advanced projection.",23.9173,0.0,0.001,0.000839176,R010_outputs_nlv2b_lc_C5_LNG375_futbrent_adv
nlv2b_lc_C5_LNG375_futbrent_j120,Conservative rooftop (base),C5_LNG375,"New LNG plant, 375 MW",futbrent,Brent futures,1.0,Class-C constrained,+20%,ATB Moderate,model,0,"New LNG plant, 375 MW · futures oil · base rooftop · Class-C land · JERA +20%","LNG imports begin in 2030 and a new 375 MW LNG plant is built (the cost-minimizing size); no Waiau Repower. Oil prices follow the Brent futures strip (the market's central view). Rooftop solar grows conservatively to about 1,000 MW by 2050 (base case). Utility solar is limited to the Class-C-only land screen. JERA plant capital at the +20% case.",25.4563,0.0,0.001,0.000728403,R010_outputs_nlv2b_lc_C5_LNG375_futbrent_j120
nlv2b_lc_C5_LNG375_futbrent_j120_adv,Conservative rooftop (base),C5_LNG375,"New LNG plant, 375 MW",futbrent,Brent futures,1.0,Class-C constrained,+20%,ATB Advanced,model,0,"New LNG plant, 375 MW · futures oil · base rooftop · Class-C land · ATB-Adv · JERA +20%","LNG imports begin in 2030 and a new 375 MW LNG plant is built (the cost-minimizing size); no Waiau Repower. Oil prices follow the Brent futures strip (the market's central view). Rooftop solar grows conservatively to about 1,000 MW by 2050 (base case). Utility solar is limited to the Class-C-only land screen. Solar and battery costs follow ATB's cheaper Advanced projection. JERA plant capital at the +20% case.",24.2627,0.0,0.001,0.000860545,R010_outputs_nlv2b_lc_C5_LNG375_futbrent_j120_adv
nlv2b_lc_C5_LNG375_highbrent,Conservative rooftop (base),C5_LNG375,"New LNG plant, 375 MW",highbrent,Market 90th percentile,1.0,Class-C constrained,bare-EPC,ATB Moderate,model,0,"New LNG plant, 375 MW · high oil · base rooftop · Class-C land","LNG imports begin in 2030 and a new 375 MW LNG plant is built (the cost-minimizing size); no Waiau Repower. Oil prices follow the market's 90th-percentile (high) path from Brent options. Rooftop solar grows conservatively to about 1,000 MW by 2050 (base case). Utility solar is limited to the Class-C-only land screen.",28.6368,0.0,0.001,0.000777698,R010_outputs_nlv2b_lc_C5_LNG375_highbrent
nlv2b_lc_C5_LNG375_highbrent_adv,Conservative rooftop (base),C5_LNG375,"New LNG plant, 375 MW",highbrent,Market 90th percentile,1.0,Class-C constrained,bare-EPC,ATB Advanced,model,0,"New LNG plant, 375 MW · high oil · base rooftop · Class-C land · ATB-Adv","LNG imports begin in 2030 and a new 375 MW LNG plant is built (the cost-minimizing size); no Waiau Repower. Oil prices follow the market's 90th-percentile (high) path from Brent options. Rooftop solar grows conservatively to about 1,000 MW by 2050 (base case). Utility solar is limited to the Class-C-only land screen. Solar and battery costs follow ATB's cheaper Advanced projection.",27.1717,0.0,0.001,0.000748176,R010_outputs_nlv2b_lc_C5_LNG375_highbrent_adv
nlv2b_lc_C5_LNG375_highbrent_j120,Conservative rooftop (base),C5_LNG375,"New LNG plant, 375 MW",highbrent,Market 90th percentile,1.0,Class-C constrained,+20%,ATB Moderate,model,0,"New LNG plant, 375 MW · high oil · base rooftop · Class-C land · JERA +20%","LNG imports begin in 2030 and a new 375 MW LNG plant is built (the cost-minimizing size); no Waiau Repower. Oil prices follow the market's 90th-percentile (high) path from Brent options. Rooftop solar grows conservatively to about 1,000 MW by 2050 (base case). Utility solar is limited to the Class-C-only land screen. JERA plant capital at the +20% case.",28.9877,0.0,0.001,0.000968483,R010_outputs_nlv2b_lc_C5_LNG375_highbrent_j120
nlv2b_lc_C5_LNG375_highbrent_j120_adv,Conservative rooftop (base),C5_LNG375,"New LNG plant, 375 MW",highbrent,Market 90th percentile,1.0,Class-C constrained,+20%,ATB Advanced,model,0,"New LNG plant, 375 MW · high oil · base rooftop · Class-C land · ATB-Adv · JERA +20%","LNG imports begin in 2030 and a new 375 MW LNG plant is built (the cost-minimizing size); no Waiau Repower. Oil prices follow the market's 90th-percentile (high) path from Brent options. Rooftop solar grows conservatively to about 1,000 MW by 2050 (base case). Utility solar is limited to the Class-C-only land screen. Solar and battery costs follow ATB's cheaper Advanced projection. JERA plant capital at the +20% case.",27.5245,0.0,0.001,0.000993443,R010_outputs_nlv2b_lc_C5_LNG375_highbrent_j120_adv
nlv2b_lc_C5_LNG375_lowbrent,Conservative rooftop (base),C5_LNG375,"New LNG plant, 375 MW",lowbrent,Market 10th percentile,1.0,Class-C constrained,bare-EPC,ATB Moderate,model,0,"New LNG plant, 375 MW · low oil · base rooftop · Class-C land","LNG imports begin in 2030 and a new 375 MW LNG plant is built (the cost-minimizing size); no Waiau Repower. Oil prices follow the market's 10th-percentile (low) path from Brent options. Rooftop solar grows conservatively to about 1,000 MW by 2050 (base case). Utility solar is limited to the Class-C-only land screen.",22.7799,0.0,0.001,0.000743992,R010_outputs_nlv2b_lc_C5_LNG375_lowbrent
nlv2b_lc_C5_LNG375_lowbrent_adv,Conservative rooftop (base),C5_LNG375,"New LNG plant, 375 MW",lowbrent,Market 10th percentile,1.0,Class-C constrained,bare-EPC,ATB Advanced,model,0,"New LNG plant, 375 MW · low oil · base rooftop · Class-C land · ATB-Adv","LNG imports begin in 2030 and a new 375 MW LNG plant is built (the cost-minimizing size); no Waiau Repower. Oil prices follow the market's 10th-percentile (low) path from Brent options. Rooftop solar grows conservatively to about 1,000 MW by 2050 (base case). Utility solar is limited to the Class-C-only land screen. Solar and battery costs follow ATB's cheaper Advanced projection.",21.6624,0.0,0.001,0.000923033,R010_outputs_nlv2b_lc_C5_LNG375_lowbrent_adv
nlv2b_lc_C5_LNG375_lowbrent_j120,Conservative rooftop (base),C5_LNG375,"New LNG plant, 375 MW",lowbrent,Market 10th percentile,1.0,Class-C constrained,+20%,ATB Moderate,model,0,"New LNG plant, 375 MW · low oil · base rooftop · Class-C land · JERA +20%","LNG imports begin in 2030 and a new 375 MW LNG plant is built (the cost-minimizing size); no Waiau Repower. Oil prices follow the market's 10th-percentile (low) path from Brent options. Rooftop solar grows conservatively to about 1,000 MW by 2050 (base case). Utility solar is limited to the Class-C-only land screen. JERA plant capital at the +20% case.",23.1314,0.0,0.001,0.000992477,R010_outputs_nlv2b_lc_C5_LNG375_lowbrent_j120
nlv2b_lc_C5_LNG375_lowbrent_j120_adv,Conservative rooftop (base),C5_LNG375,"New LNG plant, 375 MW",lowbrent,Market 10th percentile,1.0,Class-C constrained,+20%,ATB Advanced,model,0,"New LNG plant, 375 MW · low oil · base rooftop · Class-C land · ATB-Adv · JERA +20%","LNG imports begin in 2030 and a new 375 MW LNG plant is built (the cost-minimizing size); no Waiau Repower. Oil prices follow the market's 10th-percentile (low) path from Brent options. Rooftop solar grows conservatively to about 1,000 MW by 2050 (base case). Utility solar is limited to the Class-C-only land screen. Solar and battery costs follow ATB's cheaper Advanced projection. JERA plant capital at the +20% case.",22.0093,0.0,0.001,0.000968251,R010_outputs_nlv2b_lc_C5_LNG375_lowbrent_j120_adv
nlv2b_lc_C5_LNG375_refbrent,Conservative rooftop (base),C5_LNG375,"New LNG plant, 375 MW",refbrent,EIA reference,1.0,Class-C constrained,bare-EPC,ATB Moderate,model,0,"New LNG plant, 375 MW · EIA-ref oil · base rooftop · Class-C land","LNG imports begin in 2030 and a new 375 MW LNG plant is built (the cost-minimizing size); no Waiau Repower. Oil prices follow EIA's reference forecast. Rooftop solar grows conservatively to about 1,000 MW by 2050 (base case). Utility solar is limited to the Class-C-only land screen.",26.6818,0.0,0.001,0.000729853,R010_outputs_nlv2b_lc_C5_LNG375_refbrent
nlv2b_lc_C5_LNG375_refbrent_adv,Conservative rooftop (base),C5_LNG375,"New LNG plant, 375 MW",refbrent,EIA reference,1.0,Class-C constrained,bare-EPC,ATB Advanced,model,0,"New LNG plant, 375 MW · EIA-ref oil · base rooftop · Class-C land · ATB-Adv","LNG imports begin in 2030 and a new 375 MW LNG plant is built (the cost-minimizing size); no Waiau Repower. Oil prices follow EIA's reference forecast. Rooftop solar grows conservatively to about 1,000 MW by 2050 (base case). Utility solar is limited to the Class-C-only land screen. Solar and battery costs follow ATB's cheaper Advanced projection.",25.4091,0.0,0.001,0.000826802,R010_outputs_nlv2b_lc_C5_LNG375_refbrent_adv
nlv2b_lc_C5_LNG375_refbrent_j120,Conservative rooftop (base),C5_LNG375,"New LNG plant, 375 MW",refbrent,EIA reference,1.0,Class-C constrained,+20%,ATB Moderate,model,0,"New LNG plant, 375 MW · EIA-ref oil · base rooftop · Class-C land · JERA +20%","LNG imports begin in 2030 and a new 375 MW LNG plant is built (the cost-minimizing size); no Waiau Repower. Oil prices follow EIA's reference forecast. Rooftop solar grows conservatively to about 1,000 MW by 2050 (base case). Utility solar is limited to the Class-C-only land screen. JERA plant capital at the +20% case.",27.0317,0.0,0.001,0.000871903,R010_outputs_nlv2b_lc_C5_LNG375_refbrent_j120
nlv2b_lc_C5_LNG375_refbrent_j120_adv,Conservative rooftop (base),C5_LNG375,"New LNG plant, 375 MW",refbrent,EIA reference,1.0,Class-C constrained,+20%,ATB Advanced,model,0,"New LNG plant, 375 MW · EIA-ref oil · base rooftop · Class-C land · ATB-Adv · JERA +20%","LNG imports begin in 2030 and a new 375 MW LNG plant is built (the cost-minimizing size); no Waiau Repower. Oil prices follow EIA's reference forecast. Rooftop solar grows conservatively to about 1,000 MW by 2050 (base case). Utility solar is limited to the Class-C-only land screen. Solar and battery costs follow ATB's cheaper Advanced projection. JERA plant capital at the +20% case.",25.7507,0.0,0.001,0.000662151,R010_outputs_nlv2b_lc_C5_LNG375_refbrent_j120_adv
nlv2b_lc_C6_STATUSQUO_futbrent,Conservative rooftop (base),C6_STATUSQUO,Waiau Repower + JERA LNG 500 (both projects),futbrent,Brent futures,1.0,Class-C constrained,bare-EPC,ATB Moderate,model,0,Waiau Repower + JERA LNG 500 (both projects) · futures oil · base rooftop · Class-C land,"Both proposed projects are built: the Waiau Repower and JERA's 500 MW LNG plant with imports from 2030. No party has proposed this combination; it is modeled as an upper bound on new thermal capacity. Oil prices follow the Brent futures strip (the market's central view). Rooftop solar grows conservatively to about 1,000 MW by 2050 (base case). Utility solar is limited to the Class-C-only land screen.",26.8014,0.0,0.001,0.00074462,R010_outputs_nlv2b_lc_C6_STATUSQUO_futbrent
nlv2b_lc_C6_STATUSQUO_futbrent_adv,Conservative rooftop (base),C6_STATUSQUO,Waiau Repower + JERA LNG 500 (both projects),futbrent,Brent futures,1.0,Class-C constrained,bare-EPC,ATB Advanced,model,0,Waiau Repower + JERA LNG 500 (both projects) · futures oil · base rooftop · Class-C land · ATB-Adv,"Both proposed projects are built: the Waiau Repower and JERA's 500 MW LNG plant with imports from 2030. No party has proposed this combination; it is modeled as an upper bound on new thermal capacity. Oil prices follow the Brent futures strip (the market's central view). Rooftop solar grows conservatively to about 1,000 MW by 2050 (base case). Utility solar is limited to the Class-C-only land screen. Solar and battery costs follow ATB's cheaper Advanced projection.",25.6753,0.0,0.001,0.000854307,R010_outputs_nlv2b_lc_C6_STATUSQUO_futbrent_adv
nlv2b_lc_C6_STATUSQUO_futbrent_j120,Conservative rooftop (base),C6_STATUSQUO,Waiau Repower + JERA LNG 500 (both projects),futbrent,Brent futures,1.0,Class-C constrained,+20%,ATB Moderate,model,0,Waiau Repower + JERA LNG 500 (both projects) · futures oil · base rooftop · Class-C land · JERA +20%,"Both proposed projects are built: the Waiau Repower and JERA's 500 MW LNG plant with imports from 2030. No party has proposed this combination; it is modeled as an upper bound on new thermal capacity. Oil prices follow the Brent futures strip (the market's central view). Rooftop solar grows conservatively to about 1,000 MW by 2050 (base case). Utility solar is limited to the Class-C-only land screen. JERA plant capital at the +20% case.",27.2283,0.0,0.001,0.000769232,R010_outputs_nlv2b_lc_C6_STATUSQUO_futbrent_j120
nlv2b_lc_C6_STATUSQUO_futbrent_j120_adv,Conservative rooftop (base),C6_STATUSQUO,Waiau Repower + JERA LNG 500 (both projects),futbrent,Brent futures,1.0,Class-C constrained,+20%,ATB Advanced,model,0,Waiau Repower + JERA LNG 500 (both projects) · futures oil · base rooftop · Class-C land · ATB-Adv · JERA +20%,"Both proposed projects are built: the Waiau Repower and JERA's 500 MW LNG plant with imports from 2030. No party has proposed this combination; it is modeled as an upper bound on new thermal capacity. Oil prices follow the Brent futures strip (the market's central view). Rooftop solar grows conservatively to about 1,000 MW by 2050 (base case). Utility solar is limited to the Class-C-only land screen. Solar and battery costs follow ATB's cheaper Advanced projection. JERA plant capital at the +20% case.",26.102,0.0,0.001,0.000875709,R010_outputs_nlv2b_lc_C6_STATUSQUO_futbrent_j120_adv
nlv2b_lc_C6_STATUSQUO_highbrent,Conservative rooftop (base),C6_STATUSQUO,Waiau Repower + JERA LNG 500 (both projects),highbrent,Market 90th percentile,1.0,Class-C constrained,bare-EPC,ATB Moderate,model,0,Waiau Repower + JERA LNG 500 (both projects) · high oil · base rooftop · Class-C land,"Both proposed projects are built: the Waiau Repower and JERA's 500 MW LNG plant with imports from 2030. No party has proposed this combination; it is modeled as an upper bound on new thermal capacity. Oil prices follow the market's 90th-percentile (high) path from Brent options. Rooftop solar grows conservatively to about 1,000 MW by 2050 (base case). Utility solar is limited to the Class-C-only land screen.",30.4347,0.0,0.001,0.000991467,R010_outputs_nlv2b_lc_C6_STATUSQUO_highbrent
nlv2b_lc_C6_STATUSQUO_highbrent_adv,Conservative rooftop (base),C6_STATUSQUO,Waiau Repower + JERA LNG 500 (both projects),highbrent,Market 90th percentile,1.0,Class-C constrained,bare-EPC,ATB Advanced,model,0,Waiau Repower + JERA LNG 500 (both projects) · high oil · base rooftop · Class-C land · ATB-Adv,"Both proposed projects are built: the Waiau Repower and JERA's 500 MW LNG plant with imports from 2030. No party has proposed this combination; it is modeled as an upper bound on new thermal capacity. Oil prices follow the market's 90th-percentile (high) path from Brent options. Rooftop solar grows conservatively to about 1,000 MW by 2050 (base case). Utility solar is limited to the Class-C-only land screen. Solar and battery costs follow ATB's cheaper Advanced projection.",29.0137,0.0,0.001,0.000949461,R010_outputs_nlv2b_lc_C6_STATUSQUO_highbrent_adv
nlv2b_lc_C6_STATUSQUO_highbrent_j120,Conservative rooftop (base),C6_STATUSQUO,Waiau Repower + JERA LNG 500 (both projects),highbrent,Market 90th percentile,1.0,Class-C constrained,+20%,ATB Moderate,model,0,Waiau Repower + JERA LNG 500 (both projects) · high oil · base rooftop · Class-C land · JERA +20%,"Both proposed projects are built: the Waiau Repower and JERA's 500 MW LNG plant with imports from 2030. No party has proposed this combination; it is modeled as an upper bound on new thermal capacity. Oil prices follow the market's 90th-percentile (high) path from Brent options. Rooftop solar grows conservatively to about 1,000 MW by 2050 (base case). Utility solar is limited to the Class-C-only land screen. JERA plant capital at the +20% case.",30.8571,0.0,0.001,0.000784853,R010_outputs_nlv2b_lc_C6_STATUSQUO_highbrent_j120
nlv2b_lc_C6_STATUSQUO_highbrent_j120_adv,Conservative rooftop (base),C6_STATUSQUO,Waiau Repower + JERA LNG 500 (both projects),highbrent,Market 90th percentile,1.0,Class-C constrained,+20%,ATB Advanced,model,0,Waiau Repower + JERA LNG 500 (both projects) · high oil · base rooftop · Class-C land · ATB-Adv · JERA +20%,"Both proposed projects are built: the Waiau Repower and JERA's 500 MW LNG plant with imports from 2030. No party has proposed this combination; it is modeled as an upper bound on new thermal capacity. Oil prices follow the market's 90th-percentile (high) path from Brent options. Rooftop solar grows conservatively to about 1,000 MW by 2050 (base case). Utility solar is limited to the Class-C-only land screen. Solar and battery costs follow ATB's cheaper Advanced projection. JERA plant capital at the +20% case.",29.4393,0.0,0.001,0.000904917,R010_outputs_nlv2b_lc_C6_STATUSQUO_highbrent_j120_adv
nlv2b_lc_C6_STATUSQUO_lowbrent,Conservative rooftop (base),C6_STATUSQUO,Waiau Repower + JERA LNG 500 (both projects),lowbrent,Market 10th percentile,1.0,Class-C constrained,bare-EPC,ATB Moderate,model,0,Waiau Repower + JERA LNG 500 (both projects) · low oil · base rooftop · Class-C land,"Both proposed projects are built: the Waiau Repower and JERA's 500 MW LNG plant with imports from 2030. No party has proposed this combination; it is modeled as an upper bound on new thermal capacity. Oil prices follow the market's 10th-percentile (low) path from Brent options. Rooftop solar grows conservatively to about 1,000 MW by 2050 (base case). Utility solar is limited to the Class-C-only land screen.",24.6328,0.0,0.001,0.000950883,R010_outputs_nlv2b_lc_C6_STATUSQUO_lowbrent
nlv2b_lc_C6_STATUSQUO_lowbrent_adv,Conservative rooftop (base),C6_STATUSQUO,Waiau Repower + JERA LNG 500 (both projects),lowbrent,Market 10th percentile,1.0,Class-C constrained,bare-EPC,ATB Advanced,model,0,Waiau Repower + JERA LNG 500 (both projects) · low oil · base rooftop · Class-C land · ATB-Adv,"Both proposed projects are built: the Waiau Repower and JERA's 500 MW LNG plant with imports from 2030. No party has proposed this combination; it is modeled as an upper bound on new thermal capacity. Oil prices follow the market's 10th-percentile (low) path from Brent options. Rooftop solar grows conservatively to about 1,000 MW by 2050 (base case). Utility solar is limited to the Class-C-only land screen. Solar and battery costs follow ATB's cheaper Advanced projection.",23.4759,0.0,0.001,0.00098574,R010_outputs_nlv2b_lc_C6_STATUSQUO_lowbrent_adv
nlv2b_lc_C6_STATUSQUO_lowbrent_j120,Conservative rooftop (base),C6_STATUSQUO,Waiau Repower + JERA LNG 500 (both projects),lowbrent,Market 10th percentile,1.0,Class-C constrained,+20%,ATB Moderate,model,0,Waiau Repower + JERA LNG 500 (both projects) · low oil · base rooftop · Class-C land · JERA +20%,"Both proposed projects are built: the Waiau Repower and JERA's 500 MW LNG plant with imports from 2030. No party has proposed this combination; it is modeled as an upper bound on new thermal capacity. Oil prices follow the market's 10th-percentile (low) path from Brent options. Rooftop solar grows conservatively to about 1,000 MW by 2050 (base case). Utility solar is limited to the Class-C-only land screen. JERA plant capital at the +20% case.",25.0592,0.0,0.001,0.000956798,R010_outputs_nlv2b_lc_C6_STATUSQUO_lowbrent_j120
nlv2b_lc_C6_STATUSQUO_lowbrent_j120_adv,Conservative rooftop (base),C6_STATUSQUO,Waiau Repower + JERA LNG 500 (both projects),lowbrent,Market 10th percentile,1.0,Class-C constrained,+20%,ATB Advanced,model,0,Waiau Repower + JERA LNG 500 (both projects) · low oil · base rooftop · Class-C land · ATB-Adv · JERA +20%,"Both proposed projects are built: the Waiau Repower and JERA's 500 MW LNG plant with imports from 2030. No party has proposed this combination; it is modeled as an upper bound on new thermal capacity. Oil prices follow the market's 10th-percentile (low) path from Brent options. Rooftop solar grows conservatively to about 1,000 MW by 2050 (base case). Utility solar is limited to the Class-C-only land screen. Solar and battery costs follow ATB's cheaper Advanced projection. JERA plant capital at the +20% case.",23.8935,0.0,0.001,0.000619834,R010_outputs_nlv2b_lc_C6_STATUSQUO_lowbrent_j120_adv
nlv2b_lc_C6_STATUSQUO_refbrent,Conservative rooftop (base),C6_STATUSQUO,Waiau Repower + JERA LNG 500 (both projects),refbrent,EIA reference,1.0,Class-C constrained,bare-EPC,ATB Moderate,model,0,Waiau Repower + JERA LNG 500 (both projects) · EIA-ref oil · base rooftop · Class-C land,"Both proposed projects are built: the Waiau Repower and JERA's 500 MW LNG plant with imports from 2030. No party has proposed this combination; it is modeled as an upper bound on new thermal capacity. Oil prices follow EIA's reference forecast. Rooftop solar grows conservatively to about 1,000 MW by 2050 (base case). Utility solar is limited to the Class-C-only land screen.",28.4506,0.0,0.001,0.000954283,R010_outputs_nlv2b_lc_C6_STATUSQUO_refbrent
nlv2b_lc_C6_STATUSQUO_refbrent_adv,Conservative rooftop (base),C6_STATUSQUO,Waiau Repower + JERA LNG 500 (both projects),refbrent,EIA reference,1.0,Class-C constrained,bare-EPC,ATB Advanced,model,0,Waiau Repower + JERA LNG 500 (both projects) · EIA-ref oil · base rooftop · Class-C land · ATB-Adv,"Both proposed projects are built: the Waiau Repower and JERA's 500 MW LNG plant with imports from 2030. No party has proposed this combination; it is modeled as an upper bound on new thermal capacity. Oil prices follow EIA's reference forecast. Rooftop solar grows conservatively to about 1,000 MW by 2050 (base case). Utility solar is limited to the Class-C-only land screen. Solar and battery costs follow ATB's cheaper Advanced projection.",27.2149,0.0,0.001,0.000954314,R010_outputs_nlv2b_lc_C6_STATUSQUO_refbrent_adv
nlv2b_lc_C6_STATUSQUO_refbrent_j120,Conservative rooftop (base),C6_STATUSQUO,Waiau Repower + JERA LNG 500 (both projects),refbrent,EIA reference,1.0,Class-C constrained,+20%,ATB Moderate,model,0,Waiau Repower + JERA LNG 500 (both projects) · EIA-ref oil · base rooftop · Class-C land · JERA +20%,"Both proposed projects are built: the Waiau Repower and JERA's 500 MW LNG plant with imports from 2030. No party has proposed this combination; it is modeled as an upper bound on new thermal capacity. Oil prices follow EIA's reference forecast. Rooftop solar grows conservatively to about 1,000 MW by 2050 (base case). Utility solar is limited to the Class-C-only land screen. JERA plant capital at the +20% case.",28.874,0.0,0.001,0.000850865,R010_outputs_nlv2b_lc_C6_STATUSQUO_refbrent_j120
nlv2b_lc_C6_STATUSQUO_refbrent_j120_adv,Conservative rooftop (base),C6_STATUSQUO,Waiau Repower + JERA LNG 500 (both projects),refbrent,EIA reference,1.0,Class-C constrained,+20%,ATB Advanced,model,0,Waiau Repower + JERA LNG 500 (both projects) · EIA-ref oil · base rooftop · Class-C land · ATB-Adv · JERA +20%,"Both proposed projects are built: the Waiau Repower and JERA's 500 MW LNG plant with imports from 2030. No party has proposed this combination; it is modeled as an upper bound on new thermal capacity. Oil prices follow EIA's reference forecast. Rooftop solar grows conservatively to about 1,000 MW by 2050 (base case). Utility solar is limited to the Class-C-only land screen. Solar and battery costs follow ATB's cheaper Advanced projection. JERA plant capital at the +20% case.",27.6341,0.0,0.001,0.000691324,R010_outputs_nlv2b_lc_C6_STATUSQUO_refbrent_j120_adv
nlv2b_lngconv_heco_opt_refbrent,Conservative rooftop (base),lngconv_heco_opt,"Conversions (HECO plant set), terminal optional",refbrent,EIA reference,1.0,Reference,bare-EPC,ATB Moderate,model,0,"Conversions (HECO plant set), terminal optional · EIA-ref oil · base rooftop","Existing plants (Kalaeloa, Kahe 5 and 6, CIP) may convert to LNG and the model decides whether and when to commit to the import terminal; no new plant. Oil prices follow EIA's reference forecast. Rooftop solar grows conservatively to about 1,000 MW by 2050 (base case).",25.0305,0.45,0.001,0.000965443,R010_outputs_nlv2b_lngconv_heco_opt_refbrent
nlv2b_lngconv_heco_refbrent,Conservative rooftop (base),lngconv_heco,"Conversions (HECO plant set), terminal committed 2030-44",refbrent,EIA reference,1.0,Reference,bare-EPC,ATB Moderate,model,0,"Conversions (HECO plant set), terminal committed 2030-44 · EIA-ref oil · base rooftop","The LNG import terminal is committed for 2030-2044 and existing plants convert to burn the gas (Kalaeloa, Kahe 5 and 6, and the CIP turbine); no new plant is built; conversion capital is not charged in the model. Oil prices follow EIA's reference forecast. Rooftop solar grows conservatively to about 1,000 MW by 2050 (base case).",25.0307,0.45,0.001,0.00098693,R010_outputs_nlv2b_lngconv_heco_refbrent
nlv2b_lngconv_noplant_refbrent,Conservative rooftop (base),lngconv_noplant,"Conversions (Kalaeloa only), terminal committed 2030-44",refbrent,EIA reference,1.0,Reference,bare-EPC,ATB Moderate,model,0,"Conversions (Kalaeloa only), terminal committed 2030-44 · EIA-ref oil · base rooftop","The LNG import terminal is committed for 2030-2044 but only the Kalaeloa plant may convert; no new plant. Oil prices follow EIA's reference forecast. Rooftop solar grows conservatively to about 1,000 MW by 2050 (base case).",25.74,0.45,0.0025,0.00208551,outputs_nlv2b_lngconv_noplant_refbrent
nlv2b_lngconv_opt_refbrent,Conservative rooftop (base),lngconv_opt,"Conversions (Kalaeloa only), terminal optional",refbrent,EIA reference,1.0,Reference,bare-EPC,ATB Moderate,model,0,"Conversions (Kalaeloa only), terminal optional · EIA-ref oil · base rooftop","Only the Kalaeloa plant may convert to LNG and the model decides whether to commit to the import terminal; no new plant. Oil prices follow EIA's reference forecast. Rooftop solar grows conservatively to about 1,000 MW by 2050 (base case).",25.7322,0.45,0.0025,0.0017373,outputs_nlv2b_lngconv_opt_refbrent
nlv2b_lngconv_wjera_refbrent,Conservative rooftop (base),lngconv_wjera,JERA plant + Kalaeloa conversion,refbrent,EIA reference,1.0,Reference,bare-EPC,ATB Moderate,model,0,JERA plant + Kalaeloa conversion · EIA-ref oil · base rooftop,"JERA's 500 MW LNG plant is built and the Kalaeloa plant also converts to LNG. Oil prices follow EIA's reference forecast. Rooftop solar grows conservatively to about 1,000 MW by 2050 (base case).",26.1379,0.45,0.001,0.000648426,R010_outputs_nlv2b_lngconv_wjera_refbrent
nlv2b_norps_LNG500_refbrent,Conservative rooftop (base),norps_LNG500,No mandate: JERA LNG 500,refbrent,EIA reference,1.0,Reference,bare-EPC,ATB Moderate,model,0,No mandate: JERA LNG 500 · EIA-ref oil · base rooftop,"The 2045 clean-energy mandate is removed; JERA's 500 MW LNG plant is built and may run past 2045. Oil prices follow EIA's reference forecast. Rooftop solar grows conservatively to about 1,000 MW by 2050 (base case).",25.8111,0.0,0.001,0.00099973,R010_outputs_nlv2b_norps_LNG500_refbrent
nlv2b_norps_LNG500_refbrent_j120,Conservative rooftop (base),norps_LNG500,No mandate: JERA LNG 500,refbrent,EIA reference,1.0,Reference,+20%,ATB Moderate,model,0,No mandate: JERA LNG 500 · EIA-ref oil · base rooftop · JERA +20%,"The 2045 clean-energy mandate is removed; JERA's 500 MW LNG plant is built and may run past 2045. Oil prices follow EIA's reference forecast. Rooftop solar grows conservatively to about 1,000 MW by 2050 (base case). JERA plant capital at the +20% case.",26.3438,0.0,0.001,0.00099963,R010_outputs_nlv2b_norps_LNG500_refbrent_j120
nlv2b_norps_LNGOPT_refbrent,Conservative rooftop (base),norps_LNGOPT,No mandate: model-chosen LNG plant,refbrent,EIA reference,1.0,Reference,bare-EPC,ATB Moderate,model,0,No mandate: model-chosen LNG plant · EIA-ref oil · base rooftop,"The 2045 clean-energy mandate is removed and the model freely chooses how much LNG capacity to build. Oil prices follow EIA's reference forecast. Rooftop solar grows conservatively to about 1,000 MW by 2050 (base case).",25.6744,0.0,0.0025,0.0022223,outputs_nlv2b_norps_LNGOPT_refbrent
nlv2b_norps_NOTHERMAL_refbrent,Conservative rooftop (base),norps_NOTHERMAL,No mandate: no new fuel plant,refbrent,EIA reference,1.0,Reference,bare-EPC,ATB Moderate,model,0,No mandate: no new fuel plant · EIA-ref oil · base rooftop,"The 2045 clean-energy mandate is removed and no new fuel plant is built; the model still picks the cheapest mix. Oil prices follow EIA's reference forecast. Rooftop solar grows conservatively to about 1,000 MW by 2050 (base case).",25.8738,0.0,0.0025,0.00214596,outputs_nlv2b_norps_NOTHERMAL_refbrent
nlv2b_norps_lngconv_heco_refbrent,Conservative rooftop (base),norps_lngconv_heco,No mandate: conversions (HECO plant set),refbrent,EIA reference,1.0,Reference,bare-EPC,ATB Moderate,model,0,No mandate: conversions (HECO plant set) · EIA-ref oil · base rooftop,"The mandate is removed; LNG imports with existing plants converted (Kalaeloa, Kahe 5 and 6, CIP); no new plant. Oil prices follow EIA's reference forecast. Rooftop solar grows conservatively to about 1,000 MW by 2050 (base case).",24.3535,0.45,0.001,0.000989056,R010_outputs_nlv2b_norps_lngconv_heco_refbrent
nlv2b_norps_lngconv_opt_refbrent,Conservative rooftop (base),norps_lngconv_opt,No mandate: conversions (Kalaeloa only),refbrent,EIA reference,1.0,Reference,bare-EPC,ATB Moderate,model,0,No mandate: conversions (Kalaeloa only) · EIA-ref oil · base rooftop,"The mandate is removed; LNG imports with only the Kalaeloa plant converted; no new plant. Oil prices follow EIA's reference forecast. Rooftop solar grows conservatively to about 1,000 MW by 2050 (base case).",25.276,0.45,0.0025,0.00234943,outputs_nlv2b_norps_lngconv_opt_refbrent
nlv2b_plan_igp_alt_hybrid_refbrent,Conservative rooftop (base),plan_igp_alt,Published plan: IGP base,refbrent,EIA reference,1.0,Reference,bare-EPC,ATB Moderate,plan,0,Published plan: IGP base · EIA-ref oil · base rooftop,"Generation is constrained to the mix published in Hawaiian Electric's integrated grid plan (base scenario), rescaled to the grid demand this rooftop trajectory leaves to serve. The cost is what running that mix costs in this framework, not a build the model chose. Oil prices follow EIA's reference forecast. Rooftop solar grows conservatively to about 1,000 MW by 2050 (base case).",28.0062,0.0,0.001,0.00170737,R010_outputs_nlv2b_plan_igp_alt_hybrid_refbrent
nlv2b_plan_igp_alt_pv15_hybrid_refbrent,Conservative rooftop (base),plan_igp_alt,Published plan: IGP base,refbrent,EIA reference,1.5,Reference,bare-EPC,ATB Moderate,plan,0,Published plan: IGP base · EIA-ref oil · base rooftop · solar +80%,"Generation is constrained to the mix published in Hawaiian Electric's integrated grid plan (base scenario), rescaled to the grid demand this rooftop trajectory leaves to serve. The cost is what running that mix costs in this framework, not a build the model chose. Oil prices follow EIA's reference forecast. Rooftop solar grows conservatively to about 1,000 MW by 2050 (base case). Utility-solar capital carries an 80% Hawaiʻi premium (1.5x the study baseline).",30.1174,0.0,0.001,0.000993467,R010_outputs_nlv2b_plan_igp_alt_pv15_hybrid_refbrent
nlv2b_plan_igp_alt_pv17_hybrid_refbrent,Conservative rooftop (base),plan_igp_alt,Published plan: IGP base,refbrent,EIA reference,1.7,Reference,bare-EPC,ATB Moderate,plan,0,Published plan: IGP base · EIA-ref oil · base rooftop · solar +104%,"Generation is constrained to the mix published in Hawaiian Electric's integrated grid plan (base scenario), rescaled to the grid demand this rooftop trajectory leaves to serve. The cost is what running that mix costs in this framework, not a build the model chose. Oil prices follow EIA's reference forecast. Rooftop solar grows conservatively to about 1,000 MW by 2050 (base case). Utility-solar capital carries a 104% Hawaiʻi premium (1.7x the study baseline).",30.9151,0.0,0.001,0.000983357,R010_outputs_nlv2b_plan_igp_alt_pv17_hybrid_refbrent
nlv2b_plan_igp_pref_xf_hybrid_refbrent,Conservative rooftop (base),plan_igp_pref_xf,Published plan: IGP land-constrained (rescaled to this trajectory),refbrent,EIA reference,1.0,Reference,bare-EPC,ATB Moderate,plan,1,Published plan: IGP land-constrained (rescaled to this trajectory) · EIA-ref oil · base rooftop,"Generation is constrained to the mix published in Hawaiian Electric's integrated grid plan (land-constrained scenario, the plan of record), rescaled to the grid demand this rooftop trajectory leaves to serve. The cost is what running that mix costs in this framework, not a build the model chose. This is the rescaled variant: the same published plan applied to a rooftop trajectory other than the one its own customer-solar assumptions track, so the two plans can be compared on common ground. Its cost is not comparable with the same plan on its home trajectory, which serves a different amount of grid demand. Oil prices follow EIA's reference forecast. Rooftop solar grows conservatively to about 1,000 MW by 2050 (base case).",28.8283,0.0,0.001,0.00937346,R010_outputs_nlv2b_plan_igp_pref_xf_hybrid_refbrent
nlv2b_sq_lngfree_refbrent,Conservative rooftop (base),sq_lngfree,"Status quo (frozen build), LNG allowed",refbrent,EIA reference,1.0,Reference,bare-EPC,ATB Moderate,model,0,"Status quo (frozen build), LNG allowed · EIA-ref oil · base rooftop","Status quo: solar and wind frozen at contracted projects, conservative rooftop, no clean-energy requirement, with LNG imports available to the existing fleet.. Oil prices follow EIA's reference forecast. Rooftop solar grows conservatively to about 1,000 MW by 2050 (base case).",27.1837,0.0,0.0025,0.00249991,outputs_nlv2b_sq_lngfree_refbrent
nlv2b_sq_nolng_refbrent,Conservative rooftop (base),sq_nolng,"Status quo (frozen build), no LNG",refbrent,EIA reference,1.0,Reference,bare-EPC,ATB Moderate,model,0,"Status quo (frozen build), no LNG · EIA-ref oil · base rooftop","Status quo: solar and wind are frozen at contracted projects, rooftop follows the conservative trajectory, no clean-energy requirement, and no LNG is available.. Oil prices follow EIA's reference forecast. Rooftop solar grows conservatively to about 1,000 MW by 2050 (base case).",31.1102,0.0,0.0025,0.00213472,outputs_nlv2b_sq_nolng_refbrent
nlv2b_wb_C5_LNG375_refbrent,Conservative rooftop (base),wb_C5_LNG375,"New LNG plant, 375 MW (alt cell)",refbrent,EIA reference,1.0,Reference,bare-EPC,ATB Moderate,model,0,"New LNG plant, 375 MW (alt cell) · EIA-ref oil · base rooftop","LNG imports begin in 2030 and a new 375 MW LNG plant is built (the cost-minimizing size); no Waiau Repower. Oil prices follow EIA's reference forecast. Rooftop solar grows conservatively to about 1,000 MW by 2050 (base case).",26.3076,0.0,0.001,0.000915379,R010_outputs_nlv2b_wb_C5_LNG375_refbrent
nlv2b_wb_C5_LNG375_refbrent_adv,Conservative rooftop (base),wb_C5_LNG375,"New LNG plant, 375 MW (alt cell)",refbrent,EIA reference,1.0,Reference,bare-EPC,ATB Advanced,model,0,"New LNG plant, 375 MW (alt cell) · EIA-ref oil · base rooftop · ATB-Adv","LNG imports begin in 2030 and a new 375 MW LNG plant is built (the cost-minimizing size); no Waiau Repower. Oil prices follow EIA's reference forecast. Rooftop solar grows conservatively to about 1,000 MW by 2050 (base case). Solar and battery costs follow ATB's cheaper Advanced projection.",24.9926,0.0,0.001,0.000924185,R010_outputs_nlv2b_wb_C5_LNG375_refbrent_adv
nlv2b_wb_C5_LNG375_refbrent_j120,Conservative rooftop (base),wb_C5_LNG375,"New LNG plant, 375 MW (alt cell)",refbrent,EIA reference,1.0,Reference,+20%,ATB Moderate,model,0,"New LNG plant, 375 MW (alt cell) · EIA-ref oil · base rooftop · JERA +20%","LNG imports begin in 2030 and a new 375 MW LNG plant is built (the cost-minimizing size); no Waiau Repower. Oil prices follow EIA's reference forecast. Rooftop solar grows conservatively to about 1,000 MW by 2050 (base case). JERA plant capital at the +20% case.",26.6556,0.0,0.001,0.000992471,R010_outputs_nlv2b_wb_C5_LNG375_refbrent_j120
nlv2b_wb_C5_LNG375_refbrent_j120_adv,Conservative rooftop (base),wb_C5_LNG375,"New LNG plant, 375 MW (alt cell)",refbrent,EIA reference,1.0,Reference,+20%,ATB Advanced,model,0,"New LNG plant, 375 MW (alt cell) · EIA-ref oil · base rooftop · ATB-Adv · JERA +20%","LNG imports begin in 2030 and a new 375 MW LNG plant is built (the cost-minimizing size); no Waiau Repower. Oil prices follow EIA's reference forecast. Rooftop solar grows conservatively to about 1,000 MW by 2050 (base case). Solar and battery costs follow ATB's cheaper Advanced projection. JERA plant capital at the +20% case.",25.339,0.0,0.001,0.000951998,R010_outputs_nlv2b_wb_C5_LNG375_refbrent_j120_adv
nlv2b_wb_C6_LNG500_futbrent,Conservative rooftop (base),wb_C6_LNG500,"JERA LNG plant, 500 MW",futbrent,Brent futures,1.0,Reference,bare-EPC,ATB Moderate,model,0,"JERA LNG plant, 500 MW · futures oil · base rooftop","JERA's proposal alone: LNG imports from 2030 with a new 500 MW combined-cycle plant; no Waiau Repower. Oil prices follow the Brent futures strip (the market's central view). Rooftop solar grows conservatively to about 1,000 MW by 2050 (base case).",24.9489,0.0,0.001,0.000837887,R010_outputs_nlv2b_wb_C6_LNG500_futbrent
nlv2b_wb_C6_LNG500_futbrent_adv,Conservative rooftop (base),wb_C6_LNG500,"JERA LNG plant, 500 MW",futbrent,Brent futures,1.0,Reference,bare-EPC,ATB Advanced,model,0,"JERA LNG plant, 500 MW · futures oil · base rooftop · ATB-Adv","JERA's proposal alone: LNG imports from 2030 with a new 500 MW combined-cycle plant; no Waiau Repower. Oil prices follow the Brent futures strip (the market's central view). Rooftop solar grows conservatively to about 1,000 MW by 2050 (base case). Solar and battery costs follow ATB's cheaper Advanced projection.",23.7708,0.0,0.001,0.000772606,R010_outputs_nlv2b_wb_C6_LNG500_futbrent_adv
nlv2b_wb_C6_LNG500_futbrent_j120,Conservative rooftop (base),wb_C6_LNG500,"JERA LNG plant, 500 MW",futbrent,Brent futures,1.0,Reference,+20%,ATB Moderate,model,0,"JERA LNG plant, 500 MW · futures oil · base rooftop · JERA +20%","JERA's proposal alone: LNG imports from 2030 with a new 500 MW combined-cycle plant; no Waiau Repower. Oil prices follow the Brent futures strip (the market's central view). Rooftop solar grows conservatively to about 1,000 MW by 2050 (base case). JERA plant capital at the +20% case.",25.3776,0.0,0.001,0.000930683,R010_outputs_nlv2b_wb_C6_LNG500_futbrent_j120
nlv2b_wb_C6_LNG500_futbrent_j120_adv,Conservative rooftop (base),wb_C6_LNG500,"JERA LNG plant, 500 MW",futbrent,Brent futures,1.0,Reference,+20%,ATB Advanced,model,0,"JERA LNG plant, 500 MW · futures oil · base rooftop · ATB-Adv · JERA +20%","JERA's proposal alone: LNG imports from 2030 with a new 500 MW combined-cycle plant; no Waiau Repower. Oil prices follow the Brent futures strip (the market's central view). Rooftop solar grows conservatively to about 1,000 MW by 2050 (base case). Solar and battery costs follow ATB's cheaper Advanced projection. JERA plant capital at the +20% case.",24.2009,0.0,0.001,0.000942515,R010_outputs_nlv2b_wb_C6_LNG500_futbrent_j120_adv
nlv2b_wb_C6_LNG500_highbrent,Conservative rooftop (base),wb_C6_LNG500,"JERA LNG plant, 500 MW",highbrent,Market 90th percentile,1.0,Reference,bare-EPC,ATB Moderate,model,0,"JERA LNG plant, 500 MW · high oil · base rooftop","JERA's proposal alone: LNG imports from 2030 with a new 500 MW combined-cycle plant; no Waiau Repower. Oil prices follow the market's 90th-percentile (high) path from Brent options. Rooftop solar grows conservatively to about 1,000 MW by 2050 (base case).",28.5701,0.0,0.001,0.000706741,R010_outputs_nlv2b_wb_C6_LNG500_highbrent
nlv2b_wb_C6_LNG500_highbrent_adv,Conservative rooftop (base),wb_C6_LNG500,"JERA LNG plant, 500 MW",highbrent,Market 90th percentile,1.0,Reference,bare-EPC,ATB Advanced,model,0,"JERA LNG plant, 500 MW · high oil · base rooftop · ATB-Adv","JERA's proposal alone: LNG imports from 2030 with a new 500 MW combined-cycle plant; no Waiau Repower. Oil prices follow the market's 90th-percentile (high) path from Brent options. Rooftop solar grows conservatively to about 1,000 MW by 2050 (base case). Solar and battery costs follow ATB's cheaper Advanced projection.",27.1051,0.0,0.001,0.000792235,R010_outputs_nlv2b_wb_C6_LNG500_highbrent_adv
nlv2b_wb_C6_LNG500_highbrent_j120,Conservative rooftop (base),wb_C6_LNG500,"JERA LNG plant, 500 MW",highbrent,Market 90th percentile,1.0,Reference,+20%,ATB Moderate,model,0,"JERA LNG plant, 500 MW · high oil · base rooftop · JERA +20%","JERA's proposal alone: LNG imports from 2030 with a new 500 MW combined-cycle plant; no Waiau Repower. Oil prices follow the market's 90th-percentile (high) path from Brent options. Rooftop solar grows conservatively to about 1,000 MW by 2050 (base case). JERA plant capital at the +20% case.",28.9947,0.0,0.001,0.000647328,R010_outputs_nlv2b_wb_C6_LNG500_highbrent_j120
nlv2b_wb_C6_LNG500_highbrent_j120_adv,Conservative rooftop (base),wb_C6_LNG500,"JERA LNG plant, 500 MW",highbrent,Market 90th percentile,1.0,Reference,+20%,ATB Advanced,model,0,"JERA LNG plant, 500 MW · high oil · base rooftop · ATB-Adv · JERA +20%","JERA's proposal alone: LNG imports from 2030 with a new 500 MW combined-cycle plant; no Waiau Repower. Oil prices follow the market's 90th-percentile (high) path from Brent options. Rooftop solar grows conservatively to about 1,000 MW by 2050 (base case). Solar and battery costs follow ATB's cheaper Advanced projection. JERA plant capital at the +20% case.",27.5364,0.0,0.001,0.000974454,R010_outputs_nlv2b_wb_C6_LNG500_highbrent_j120_adv
nlv2b_wb_C6_LNG500_lowbrent,Conservative rooftop (base),wb_C6_LNG500,"JERA LNG plant, 500 MW",lowbrent,Market 10th percentile,1.0,Reference,bare-EPC,ATB Moderate,model,0,"JERA LNG plant, 500 MW · low oil · base rooftop","JERA's proposal alone: LNG imports from 2030 with a new 500 MW combined-cycle plant; no Waiau Repower. Oil prices follow the market's 10th-percentile (low) path from Brent options. Rooftop solar grows conservatively to about 1,000 MW by 2050 (base case).",22.7521,0.0,0.001,0.000942607,R010_outputs_nlv2b_wb_C6_LNG500_lowbrent
nlv2b_wb_C6_LNG500_lowbrent_adv,Conservative rooftop (base),wb_C6_LNG500,"JERA LNG plant, 500 MW",lowbrent,Market 10th percentile,1.0,Reference,bare-EPC,ATB Advanced,model,0,"JERA LNG plant, 500 MW · low oil · base rooftop · ATB-Adv","JERA's proposal alone: LNG imports from 2030 with a new 500 MW combined-cycle plant; no Waiau Repower. Oil prices follow the market's 10th-percentile (low) path from Brent options. Rooftop solar grows conservatively to about 1,000 MW by 2050 (base case). Solar and battery costs follow ATB's cheaper Advanced projection.",21.583,0.0,0.001,0.000975179,R010_outputs_nlv2b_wb_C6_LNG500_lowbrent_adv
nlv2b_wb_C6_LNG500_lowbrent_j120,Conservative rooftop (base),wb_C6_LNG500,"JERA LNG plant, 500 MW",lowbrent,Market 10th percentile,1.0,Reference,+20%,ATB Moderate,model,0,"JERA LNG plant, 500 MW · low oil · base rooftop · JERA +20%","JERA's proposal alone: LNG imports from 2030 with a new 500 MW combined-cycle plant; no Waiau Repower. Oil prices follow the market's 10th-percentile (low) path from Brent options. Rooftop solar grows conservatively to about 1,000 MW by 2050 (base case). JERA plant capital at the +20% case.",23.1719,0.0,0.001,0.000678163,R010_outputs_nlv2b_wb_C6_LNG500_lowbrent_j120
nlv2b_wb_C6_LNG500_lowbrent_j120_adv,Conservative rooftop (base),wb_C6_LNG500,"JERA LNG plant, 500 MW",lowbrent,Market 10th percentile,1.0,Reference,+20%,ATB Advanced,model,0,"JERA LNG plant, 500 MW · low oil · base rooftop · ATB-Adv · JERA +20%","JERA's proposal alone: LNG imports from 2030 with a new 500 MW combined-cycle plant; no Waiau Repower. Oil prices follow the market's 10th-percentile (low) path from Brent options. Rooftop solar grows conservatively to about 1,000 MW by 2050 (base case). Solar and battery costs follow ATB's cheaper Advanced projection. JERA plant capital at the +20% case.",22.0018,0.0,0.001,0.000612095,R010_outputs_nlv2b_wb_C6_LNG500_lowbrent_j120_adv
nlv2b_wb_C6_LNG500_refbrent,Conservative rooftop (base),wb_C6_LNG500,"JERA LNG plant, 500 MW",refbrent,EIA reference,1.0,Reference,bare-EPC,ATB Moderate,model,0,"JERA LNG plant, 500 MW · EIA-ref oil · base rooftop","JERA's proposal alone: LNG imports from 2030 with a new 500 MW combined-cycle plant; no Waiau Repower. Oil prices follow EIA's reference forecast. Rooftop solar grows conservatively to about 1,000 MW by 2050 (base case).",26.5969,0.0,0.001,0.000971909,R010_outputs_nlv2b_wb_C6_LNG500_refbrent
nlv2b_wb_C6_LNG500_refbrent_adv,Conservative rooftop (base),wb_C6_LNG500,"JERA LNG plant, 500 MW",refbrent,EIA reference,1.0,Reference,bare-EPC,ATB Advanced,model,0,"JERA LNG plant, 500 MW · EIA-ref oil · base rooftop · ATB-Adv","JERA's proposal alone: LNG imports from 2030 with a new 500 MW combined-cycle plant; no Waiau Repower. Oil prices follow EIA's reference forecast. Rooftop solar grows conservatively to about 1,000 MW by 2050 (base case). Solar and battery costs follow ATB's cheaper Advanced projection.",25.3059,0.0,0.001,0.000844529,R010_outputs_nlv2b_wb_C6_LNG500_refbrent_adv
nlv2b_wb_C6_LNG500_refbrent_j120,Conservative rooftop (base),wb_C6_LNG500,"JERA LNG plant, 500 MW",refbrent,EIA reference,1.0,Reference,+20%,ATB Moderate,model,0,"JERA LNG plant, 500 MW · EIA-ref oil · base rooftop · JERA +20%","JERA's proposal alone: LNG imports from 2030 with a new 500 MW combined-cycle plant; no Waiau Repower. Oil prices follow EIA's reference forecast. Rooftop solar grows conservatively to about 1,000 MW by 2050 (base case). JERA plant capital at the +20% case.",27.0199,0.0,0.001,0.000842375,R010_outputs_nlv2b_wb_C6_LNG500_refbrent_j120
nlv2b_wb_C6_LNG500_refbrent_j120_adv,Conservative rooftop (base),wb_C6_LNG500,"JERA LNG plant, 500 MW",refbrent,EIA reference,1.0,Reference,+20%,ATB Advanced,model,0,"JERA LNG plant, 500 MW · EIA-ref oil · base rooftop · ATB-Adv · JERA +20%","JERA's proposal alone: LNG imports from 2030 with a new 500 MW combined-cycle plant; no Waiau Repower. Oil prices follow EIA's reference forecast. Rooftop solar grows conservatively to about 1,000 MW by 2050 (base case). Solar and battery costs follow ATB's cheaper Advanced projection. JERA plant capital at the +20% case.",25.7281,0.0,0.001,0.000695694,R010_outputs_nlv2b_wb_C6_LNG500_refbrent_j120_adv
nlv2b_wr_C1_LSFO250_futbrent,Conservative rooftop (base),wr_C1_LSFO250,Waiau + LSFO 250,futbrent,Brent futures,1.0,Reference,bare-EPC,ATB Moderate,model,0,Waiau + LSFO 250 · futures oil · base rooftop,"The Waiau Repower plus a new 250 MW low-sulfur-fuel-oil plant. Oil prices follow the Brent futures strip (the market's central view). Rooftop solar grows conservatively to about 1,000 MW by 2050 (base case).",26.4647,0.0,0.001,0.000947553,R010_outputs_nlv2b_wr_C1_LSFO250_futbrent
nlv2b_wr_C1_LSFO250_futbrent_adv,Conservative rooftop (base),wr_C1_LSFO250,Waiau + LSFO 250,futbrent,Brent futures,1.0,Reference,bare-EPC,ATB Advanced,model,0,Waiau + LSFO 250 · futures oil · base rooftop · ATB-Adv,"The Waiau Repower plus a new 250 MW low-sulfur-fuel-oil plant. Oil prices follow the Brent futures strip (the market's central view). Rooftop solar grows conservatively to about 1,000 MW by 2050 (base case). Solar and battery costs follow ATB's cheaper Advanced projection.",25.1082,0.0,0.001,0.000995881,R010_outputs_nlv2b_wr_C1_LSFO250_futbrent_adv
nlv2b_wr_C1_LSFO250_highbrent,Conservative rooftop (base),wr_C1_LSFO250,Waiau + LSFO 250,highbrent,Market 90th percentile,1.0,Reference,bare-EPC,ATB Moderate,model,0,Waiau + LSFO 250 · high oil · base rooftop,"The Waiau Repower plus a new 250 MW low-sulfur-fuel-oil plant. Oil prices follow the market's 90th-percentile (high) path from Brent options. Rooftop solar grows conservatively to about 1,000 MW by 2050 (base case).",29.6994,0.0,0.001,0.000999711,R010_outputs_nlv2b_wr_C1_LSFO250_highbrent
nlv2b_wr_C1_LSFO250_highbrent_adv,Conservative rooftop (base),wr_C1_LSFO250,Waiau + LSFO 250,highbrent,Market 90th percentile,1.0,Reference,bare-EPC,ATB Advanced,model,0,Waiau + LSFO 250 · high oil · base rooftop · ATB-Adv,"The Waiau Repower plus a new 250 MW low-sulfur-fuel-oil plant. Oil prices follow the market's 90th-percentile (high) path from Brent options. Rooftop solar grows conservatively to about 1,000 MW by 2050 (base case). Solar and battery costs follow ATB's cheaper Advanced projection.",28.019,0.0,0.001,0.000980726,R010_outputs_nlv2b_wr_C1_LSFO250_highbrent_adv
nlv2b_wr_C1_LSFO250_lowbrent,Conservative rooftop (base),wr_C1_LSFO250,Waiau + LSFO 250,lowbrent,Market 10th percentile,1.0,Reference,bare-EPC,ATB Moderate,model,0,Waiau + LSFO 250 · low oil · base rooftop,"The Waiau Repower plus a new 250 MW low-sulfur-fuel-oil plant. Oil prices follow the market's 10th-percentile (low) path from Brent options. Rooftop solar grows conservatively to about 1,000 MW by 2050 (base case).",23.4591,0.0,0.001,0.00092433,R010_outputs_nlv2b_wr_C1_LSFO250_lowbrent
nlv2b_wr_C1_LSFO250_lowbrent_adv,Conservative rooftop (base),wr_C1_LSFO250,Waiau + LSFO 250,lowbrent,Market 10th percentile,1.0,Reference,bare-EPC,ATB Advanced,model,0,Waiau + LSFO 250 · low oil · base rooftop · ATB-Adv,"The Waiau Repower plus a new 250 MW low-sulfur-fuel-oil plant. Oil prices follow the market's 10th-percentile (low) path from Brent options. Rooftop solar grows conservatively to about 1,000 MW by 2050 (base case). Solar and battery costs follow ATB's cheaper Advanced projection.",22.2753,0.0,0.001,0.000826278,R010_outputs_nlv2b_wr_C1_LSFO250_lowbrent_adv
nlv2b_wr_C1_LSFO250_refbrent,Conservative rooftop (base),wr_C1_LSFO250,Waiau + LSFO 250,refbrent,EIA reference,1.0,Reference,bare-EPC,ATB Moderate,model,0,Waiau + LSFO 250 · EIA-ref oil · base rooftop,"The Waiau Repower plus a new 250 MW low-sulfur-fuel-oil plant. Oil prices follow EIA's reference forecast. Rooftop solar grows conservatively to about 1,000 MW by 2050 (base case).",27.9751,0.0,0.001,0.000994974,R010_outputs_nlv2b_wr_C1_LSFO250_refbrent
nlv2b_wr_C1_LSFO250_refbrent_adv,Conservative rooftop (base),wr_C1_LSFO250,Waiau + LSFO 250,refbrent,EIA reference,1.0,Reference,bare-EPC,ATB Advanced,model,0,Waiau + LSFO 250 · EIA-ref oil · base rooftop · ATB-Adv,"The Waiau Repower plus a new 250 MW low-sulfur-fuel-oil plant. Oil prices follow EIA's reference forecast. Rooftop solar grows conservatively to about 1,000 MW by 2050 (base case). Solar and battery costs follow ATB's cheaper Advanced projection.",26.5186,0.0,0.001,0.000995998,R010_outputs_nlv2b_wr_C1_LSFO250_refbrent_adv
nlv2b_wr_C4_NOTHERMAL_futbrent,Conservative rooftop (base),wr_C4_NOTHERMAL,Waiau Repower only,futbrent,Brent futures,1.0,Reference,bare-EPC,ATB Moderate,model,0,Waiau Repower only · futures oil · base rooftop,"The Waiau Repower is built; nothing else new burns fuel. Oil prices follow the Brent futures strip (the market's central view). Rooftop solar grows conservatively to about 1,000 MW by 2050 (base case).",25.9333,0.0,0.001,0.000995944,R010_outputs_nlv2b_wr_C4_NOTHERMAL_futbrent
nlv2b_wr_C4_NOTHERMAL_futbrent_adv,Conservative rooftop (base),wr_C4_NOTHERMAL,Waiau Repower only,futbrent,Brent futures,1.0,Reference,bare-EPC,ATB Advanced,model,0,Waiau Repower only · futures oil · base rooftop · ATB-Adv,"The Waiau Repower is built; nothing else new burns fuel. Oil prices follow the Brent futures strip (the market's central view). Rooftop solar grows conservatively to about 1,000 MW by 2050 (base case). Solar and battery costs follow ATB's cheaper Advanced projection.",24.5323,0.0,0.001,0.000951506,R010_outputs_nlv2b_wr_C4_NOTHERMAL_futbrent_adv
nlv2b_wr_C4_NOTHERMAL_highbrent,Conservative rooftop (base),wr_C4_NOTHERMAL,Waiau Repower only,highbrent,Market 90th percentile,1.0,Reference,bare-EPC,ATB Moderate,model,0,Waiau Repower only · high oil · base rooftop,"The Waiau Repower is built; nothing else new burns fuel. Oil prices follow the market's 90th-percentile (high) path from Brent options. Rooftop solar grows conservatively to about 1,000 MW by 2050 (base case).",29.1036,0.0,0.001,0.000978158,R010_outputs_nlv2b_wr_C4_NOTHERMAL_highbrent
nlv2b_wr_C4_NOTHERMAL_highbrent_adv,Conservative rooftop (base),wr_C4_NOTHERMAL,Waiau Repower only,highbrent,Market 90th percentile,1.0,Reference,bare-EPC,ATB Advanced,model,0,Waiau Repower only · high oil · base rooftop · ATB-Adv,"The Waiau Repower is built; nothing else new burns fuel. Oil prices follow the market's 90th-percentile (high) path from Brent options. Rooftop solar grows conservatively to about 1,000 MW by 2050 (base case). Solar and battery costs follow ATB's cheaper Advanced projection.",27.2962,0.0,0.001,0.000986574,R010_outputs_nlv2b_wr_C4_NOTHERMAL_highbrent_adv
nlv2b_wr_C4_NOTHERMAL_lowbrent,Conservative rooftop (base),wr_C4_NOTHERMAL,Waiau Repower only,lowbrent,Market 10th percentile,1.0,Reference,bare-EPC,ATB Moderate,model,0,Waiau Repower only · low oil · base rooftop,"The Waiau Repower is built; nothing else new burns fuel. Oil prices follow the market's 10th-percentile (low) path from Brent options. Rooftop solar grows conservatively to about 1,000 MW by 2050 (base case).",22.7196,0.0,0.001,0.000633053,R010_outputs_nlv2b_wr_C4_NOTHERMAL_lowbrent
nlv2b_wr_C4_NOTHERMAL_lowbrent_adv,Conservative rooftop (base),wr_C4_NOTHERMAL,Waiau Repower only,lowbrent,Market 10th percentile,1.0,Reference,bare-EPC,ATB Advanced,model,0,Waiau Repower only · low oil · base rooftop · ATB-Adv,"The Waiau Repower is built; nothing else new burns fuel. Oil prices follow the market's 10th-percentile (low) path from Brent options. Rooftop solar grows conservatively to about 1,000 MW by 2050 (base case). Solar and battery costs follow ATB's cheaper Advanced projection.",21.544,0.0,0.001,0.000842714,R010_outputs_nlv2b_wr_C4_NOTHERMAL_lowbrent_adv
nlv2b_wr_C4_NOTHERMAL_refbrent,Conservative rooftop (base),wr_C4_NOTHERMAL,Waiau Repower only,refbrent,EIA reference,1.0,Reference,bare-EPC,ATB Moderate,model,0,Waiau Repower only · EIA-ref oil · base rooftop,"The Waiau Repower is built; nothing else new burns fuel. Oil prices follow EIA's reference forecast. Rooftop solar grows conservatively to about 1,000 MW by 2050 (base case).",27.4994,0.0,0.001,0.000870328,R010_outputs_nlv2b_wr_C4_NOTHERMAL_refbrent
nlv2b_wr_C4_NOTHERMAL_refbrent_adv,Conservative rooftop (base),wr_C4_NOTHERMAL,Waiau Repower only,refbrent,EIA reference,1.0,Reference,bare-EPC,ATB Advanced,model,0,Waiau Repower only · EIA-ref oil · base rooftop · ATB-Adv,"The Waiau Repower is built; nothing else new burns fuel. Oil prices follow EIA's reference forecast. Rooftop solar grows conservatively to about 1,000 MW by 2050 (base case). Solar and battery costs follow ATB's cheaper Advanced projection.",25.9349,0.0,0.001,0.000913942,R010_outputs_nlv2b_wr_C4_NOTHERMAL_refbrent_adv
nlv2b_wr_C5_LNG375_refbrent,Conservative rooftop (base),wr_C5_LNG375,Waiau + LNG 375,refbrent,EIA reference,1.0,Reference,bare-EPC,ATB Moderate,model,0,Waiau + LNG 375 · EIA-ref oil · base rooftop,"The Waiau Repower plus a new 375 MW LNG plant with imports from 2030. Oil prices follow EIA's reference forecast. Rooftop solar grows conservatively to about 1,000 MW by 2050 (base case).",27.7716,0.0,0.001,0.000998724,R010_outputs_nlv2b_wr_C5_LNG375_refbrent
nlv2b_wr_C5_LNG375_refbrent_adv,Conservative rooftop (base),wr_C5_LNG375,Waiau + LNG 375,refbrent,EIA reference,1.0,Reference,bare-EPC,ATB Advanced,model,0,Waiau + LNG 375 · EIA-ref oil · base rooftop · ATB-Adv,"The Waiau Repower plus a new 375 MW LNG plant with imports from 2030. Oil prices follow EIA's reference forecast. Rooftop solar grows conservatively to about 1,000 MW by 2050 (base case). Solar and battery costs follow ATB's cheaper Advanced projection.",26.4687,0.0,0.001,0.000967206,R010_outputs_nlv2b_wr_C5_LNG375_refbrent_adv
nlv2b_wr_C5_LNG375_refbrent_j120,Conservative rooftop (base),wr_C5_LNG375,Waiau + LNG 375,refbrent,EIA reference,1.0,Reference,+20%,ATB Moderate,model,0,Waiau + LNG 375 · EIA-ref oil · base rooftop · JERA +20%,"The Waiau Repower plus a new 375 MW LNG plant with imports from 2030. Oil prices follow EIA's reference forecast. Rooftop solar grows conservatively to about 1,000 MW by 2050 (base case). JERA plant capital at the +20% case.",28.1086,0.0,0.001,0.000710127,R010_outputs_nlv2b_wr_C5_LNG375_refbrent_j120
nlv2b_wr_C5_LNG375_refbrent_j120_adv,Conservative rooftop (base),wr_C5_LNG375,Waiau + LNG 375,refbrent,EIA reference,1.0,Reference,+20%,ATB Advanced,model,0,Waiau + LNG 375 · EIA-ref oil · base rooftop · ATB-Adv · JERA +20%,"The Waiau Repower plus a new 375 MW LNG plant with imports from 2030. Oil prices follow EIA's reference forecast. Rooftop solar grows conservatively to about 1,000 MW by 2050 (base case). Solar and battery costs follow ATB's cheaper Advanced projection. JERA plant capital at the +20% case.",26.8141,0.0,0.001,0.00094532,R010_outputs_nlv2b_wr_C5_LNG375_refbrent_j120_adv
nlv2b_wr_C6_LNG500_futbrent,Conservative rooftop (base),wr_C6_LNG500,Waiau + JERA LNG 500 (alt cell),futbrent,Brent futures,1.0,Reference,bare-EPC,ATB Moderate,model,0,Waiau + JERA LNG 500 (alt cell) · futures oil · base rooftop,"The Waiau Repower plus JERA's 500 MW LNG plant (both projects, alternate cell). Oil prices follow the Brent futures strip (the market's central view). Rooftop solar grows conservatively to about 1,000 MW by 2050 (base case).",26.4255,0.0,0.001,0.000985981,R010_outputs_nlv2b_wr_C6_LNG500_futbrent
nlv2b_wr_C6_LNG500_futbrent_j120,Conservative rooftop (base),wr_C6_LNG500,Waiau + JERA LNG 500 (alt cell),futbrent,Brent futures,1.0,Reference,+20%,ATB Moderate,model,0,Waiau + JERA LNG 500 (alt cell) · futures oil · base rooftop · JERA +20%,"The Waiau Repower plus JERA's 500 MW LNG plant (both projects, alternate cell). Oil prices follow the Brent futures strip (the market's central view). Rooftop solar grows conservatively to about 1,000 MW by 2050 (base case). JERA plant capital at the +20% case.",26.8493,0.0,0.001,0.00087396,R010_outputs_nlv2b_wr_C6_LNG500_futbrent_j120
nlv2b_wr_C6_LNG500_highbrent,Conservative rooftop (base),wr_C6_LNG500,Waiau + JERA LNG 500 (alt cell),highbrent,Market 90th percentile,1.0,Reference,bare-EPC,ATB Moderate,model,0,Waiau + JERA LNG 500 (alt cell) · high oil · base rooftop,"The Waiau Repower plus JERA's 500 MW LNG plant (both projects, alternate cell). Oil prices follow the market's 90th-percentile (high) path from Brent options. Rooftop solar grows conservatively to about 1,000 MW by 2050 (base case).",30.0609,0.0,0.001,0.000930786,R010_outputs_nlv2b_wr_C6_LNG500_highbrent
nlv2b_wr_C6_LNG500_highbrent_j120,Conservative rooftop (base),wr_C6_LNG500,Waiau + JERA LNG 500 (alt cell),highbrent,Market 90th percentile,1.0,Reference,+20%,ATB Moderate,model,0,Waiau + JERA LNG 500 (alt cell) · high oil · base rooftop · JERA +20%,"The Waiau Repower plus JERA's 500 MW LNG plant (both projects, alternate cell). Oil prices follow the market's 90th-percentile (high) path from Brent options. Rooftop solar grows conservatively to about 1,000 MW by 2050 (base case). JERA plant capital at the +20% case.",30.4888,0.0,0.001,0.000999272,R010_outputs_nlv2b_wr_C6_LNG500_highbrent_j120
nlv2b_wr_C6_LNG500_lowbrent,Conservative rooftop (base),wr_C6_LNG500,Waiau + JERA LNG 500 (alt cell),lowbrent,Market 10th percentile,1.0,Reference,bare-EPC,ATB Moderate,model,0,Waiau + JERA LNG 500 (alt cell) · low oil · base rooftop,"The Waiau Repower plus JERA's 500 MW LNG plant (both projects, alternate cell). Oil prices follow the market's 10th-percentile (low) path from Brent options. Rooftop solar grows conservatively to about 1,000 MW by 2050 (base case).",24.2373,0.0,0.001,0.000835628,R010_outputs_nlv2b_wr_C6_LNG500_lowbrent
nlv2b_wr_C6_LNG500_lowbrent_j120,Conservative rooftop (base),wr_C6_LNG500,Waiau + JERA LNG 500 (alt cell),lowbrent,Market 10th percentile,1.0,Reference,+20%,ATB Moderate,model,0,Waiau + JERA LNG 500 (alt cell) · low oil · base rooftop · JERA +20%,"The Waiau Repower plus JERA's 500 MW LNG plant (both projects, alternate cell). Oil prices follow the market's 10th-percentile (low) path from Brent options. Rooftop solar grows conservatively to about 1,000 MW by 2050 (base case). JERA plant capital at the +20% case.",24.6633,0.0,0.001,0.000830764,R010_outputs_nlv2b_wr_C6_LNG500_lowbrent_j120
nlv2b_wr_C6_LNG500_refbrent,Conservative rooftop (base),wr_C6_LNG500,Waiau + JERA LNG 500 (alt cell),refbrent,EIA reference,1.0,Reference,bare-EPC,ATB Moderate,model,0,Waiau + JERA LNG 500 (alt cell) · EIA-ref oil · base rooftop,"The Waiau Repower plus JERA's 500 MW LNG plant (both projects, alternate cell). Oil prices follow EIA's reference forecast. Rooftop solar grows conservatively to about 1,000 MW by 2050 (base case).",28.0677,0.0,0.001,0.000784066,R010_outputs_nlv2b_wr_C6_LNG500_refbrent
nlv2b_wr_C6_LNG500_refbrent_adv,Conservative rooftop (base),wr_C6_LNG500,Waiau + JERA LNG 500 (alt cell),refbrent,EIA reference,1.0,Reference,bare-EPC,ATB Advanced,model,0,Waiau + JERA LNG 500 (alt cell) · EIA-ref oil · base rooftop · ATB-Adv,"The Waiau Repower plus JERA's 500 MW LNG plant (both projects, alternate cell). Oil prices follow EIA's reference forecast. Rooftop solar grows conservatively to about 1,000 MW by 2050 (base case). Solar and battery costs follow ATB's cheaper Advanced projection.",26.7909,0.0,0.001,0.00076902,R010_outputs_nlv2b_wr_C6_LNG500_refbrent_adv
nlv2b_wr_C6_LNG500_refbrent_j120,Conservative rooftop (base),wr_C6_LNG500,Waiau + JERA LNG 500 (alt cell),refbrent,EIA reference,1.0,Reference,+20%,ATB Moderate,model,0,Waiau + JERA LNG 500 (alt cell) · EIA-ref oil · base rooftop · JERA +20%,"The Waiau Repower plus JERA's 500 MW LNG plant (both projects, alternate cell). Oil prices follow EIA's reference forecast. Rooftop solar grows conservatively to about 1,000 MW by 2050 (base case). JERA plant capital at the +20% case.",28.4905,0.0,0.001,0.000670675,R010_outputs_nlv2b_wr_C6_LNG500_refbrent_j120
nlv2b_wr_C6_LNG500_refbrent_j120_adv,Conservative rooftop (base),wr_C6_LNG500,Waiau + JERA LNG 500 (alt cell),refbrent,EIA reference,1.0,Reference,+20%,ATB Advanced,model,0,Waiau + JERA LNG 500 (alt cell) · EIA-ref oil · base rooftop · ATB-Adv · JERA +20%,"The Waiau Repower plus JERA's 500 MW LNG plant (both projects, alternate cell). Oil prices follow EIA's reference forecast. Rooftop solar grows conservatively to about 1,000 MW by 2050 (base case). Solar and battery costs follow ATB's cheaper Advanced projection. JERA plant capital at the +20% case.",27.2186,0.0,0.001,0.000823448,R010_outputs_nlv2b_wr_C6_LNG500_refbrent_j120_adv
nlv2s_C1_LSFO250_futbrent,Trend rooftop (sensitivity),C1_LSFO250,"New LSFO plant, 250 MW",futbrent,Brent futures,1.0,Reference,bare-EPC,ATB Moderate,model,0,"New LSFO plant, 250 MW · futures oil · trend rooftop","A new 250 MW combined-cycle plant burning low-sulfur fuel oil is built; no LNG imports. Oil prices follow the Brent futures strip (the market's central view). Rooftop solar continues its recent trend to about 1,560 MW by 2050.",24.6133,0.0,0.0025,0.00224137,outputs_nlv2s_C1_LSFO250_futbrent
nlv2s_C1_LSFO250_futbrent_adv,Trend rooftop (sensitivity),C1_LSFO250,"New LSFO plant, 250 MW",futbrent,Brent futures,1.0,Reference,bare-EPC,ATB Advanced,model,0,"New LSFO plant, 250 MW · futures oil · trend rooftop · ATB-Adv","A new 250 MW combined-cycle plant burning low-sulfur fuel oil is built; no LNG imports. Oil prices follow the Brent futures strip (the market's central view). Rooftop solar continues its recent trend to about 1,560 MW by 2050. Solar and battery costs follow ATB's cheaper Advanced projection.",23.2654,0.0,0.001,0.000928935,R010_outputs_nlv2s_C1_LSFO250_futbrent_adv
nlv2s_C1_LSFO250_highbrent,Trend rooftop (sensitivity),C1_LSFO250,"New LSFO plant, 250 MW",highbrent,Market 90th percentile,1.0,Reference,bare-EPC,ATB Moderate,model,0,"New LSFO plant, 250 MW · high oil · trend rooftop","A new 250 MW combined-cycle plant burning low-sulfur fuel oil is built; no LNG imports. Oil prices follow the market's 90th-percentile (high) path from Brent options. Rooftop solar continues its recent trend to about 1,560 MW by 2050.",27.7158,0.0,0.001,0.000877577,R010_outputs_nlv2s_C1_LSFO250_highbrent
nlv2s_C1_LSFO250_highbrent_adv,Trend rooftop (sensitivity),C1_LSFO250,"New LSFO plant, 250 MW",highbrent,Market 90th percentile,1.0,Reference,bare-EPC,ATB Advanced,model,0,"New LSFO plant, 250 MW · high oil · trend rooftop · ATB-Adv","A new 250 MW combined-cycle plant burning low-sulfur fuel oil is built; no LNG imports. Oil prices follow the market's 90th-percentile (high) path from Brent options. Rooftop solar continues its recent trend to about 1,560 MW by 2050. Solar and battery costs follow ATB's cheaper Advanced projection.",26.0897,0.0,0.001,0.000918022,R010_outputs_nlv2s_C1_LSFO250_highbrent_adv
nlv2s_C1_LSFO250_lowbrent,Trend rooftop (sensitivity),C1_LSFO250,"New LSFO plant, 250 MW",lowbrent,Market 10th percentile,1.0,Reference,bare-EPC,ATB Moderate,model,0,"New LSFO plant, 250 MW · low oil · trend rooftop","A new 250 MW combined-cycle plant burning low-sulfur fuel oil is built; no LNG imports. Oil prices follow the market's 10th-percentile (low) path from Brent options. Rooftop solar continues its recent trend to about 1,560 MW by 2050.",21.6554,0.0,0.001,0.00097521,R010_outputs_nlv2s_C1_LSFO250_lowbrent
nlv2s_C1_LSFO250_lowbrent_adv,Trend rooftop (sensitivity),C1_LSFO250,"New LSFO plant, 250 MW",lowbrent,Market 10th percentile,1.0,Reference,bare-EPC,ATB Advanced,model,0,"New LSFO plant, 250 MW · low oil · trend rooftop · ATB-Adv","A new 250 MW combined-cycle plant burning low-sulfur fuel oil is built; no LNG imports. Oil prices follow the market's 10th-percentile (low) path from Brent options. Rooftop solar continues its recent trend to about 1,560 MW by 2050. Solar and battery costs follow ATB's cheaper Advanced projection.",20.5187,0.0,0.001,0.000908249,R010_outputs_nlv2s_C1_LSFO250_lowbrent_adv
nlv2s_C1_LSFO250_refbrent,Trend rooftop (sensitivity),C1_LSFO250,"New LSFO plant, 250 MW",refbrent,EIA reference,1.0,Reference,bare-EPC,ATB Moderate,model,0,"New LSFO plant, 250 MW · EIA-ref oil · trend rooftop","A new 250 MW combined-cycle plant burning low-sulfur fuel oil is built; no LNG imports. Oil prices follow EIA's reference forecast. Rooftop solar continues its recent trend to about 1,560 MW by 2050.",26.0638,0.0,0.001,0.000928474,R010_outputs_nlv2s_C1_LSFO250_refbrent
nlv2s_C1_LSFO250_refbrent_adv,Trend rooftop (sensitivity),C1_LSFO250,"New LSFO plant, 250 MW",refbrent,EIA reference,1.0,Reference,bare-EPC,ATB Advanced,model,0,"New LSFO plant, 250 MW · EIA-ref oil · trend rooftop · ATB-Adv","A new 250 MW combined-cycle plant burning low-sulfur fuel oil is built; no LNG imports. Oil prices follow EIA's reference forecast. Rooftop solar continues its recent trend to about 1,560 MW by 2050. Solar and battery costs follow ATB's cheaper Advanced projection.",24.6539,0.0,0.001,0.000949947,R010_outputs_nlv2s_C1_LSFO250_refbrent_adv
nlv2s_C2_LSFO375_futbrent,Trend rooftop (sensitivity),C2_LSFO375,"New LSFO plant, 375 MW",futbrent,Brent futures,1.0,Reference,bare-EPC,ATB Moderate,model,0,"New LSFO plant, 375 MW · futures oil · trend rooftop","A new 375 MW combined-cycle plant burning low-sulfur fuel oil is built; no LNG imports. Oil prices follow the Brent futures strip (the market's central view). Rooftop solar continues its recent trend to about 1,560 MW by 2050.",24.9734,0.0,0.001,0.000974287,R010_outputs_nlv2s_C2_LSFO375_futbrent
nlv2s_C2_LSFO375_futbrent_adv,Trend rooftop (sensitivity),C2_LSFO375,"New LSFO plant, 375 MW",futbrent,Brent futures,1.0,Reference,bare-EPC,ATB Advanced,model,0,"New LSFO plant, 375 MW · futures oil · trend rooftop · ATB-Adv","A new 375 MW combined-cycle plant burning low-sulfur fuel oil is built; no LNG imports. Oil prices follow the Brent futures strip (the market's central view). Rooftop solar continues its recent trend to about 1,560 MW by 2050. Solar and battery costs follow ATB's cheaper Advanced projection.",23.6687,0.0,0.001,0.000957294,R010_outputs_nlv2s_C2_LSFO375_futbrent_adv
nlv2s_C2_LSFO375_highbrent,Trend rooftop (sensitivity),C2_LSFO375,"New LSFO plant, 375 MW",highbrent,Market 90th percentile,1.0,Reference,bare-EPC,ATB Moderate,model,0,"New LSFO plant, 375 MW · high oil · trend rooftop","A new 375 MW combined-cycle plant burning low-sulfur fuel oil is built; no LNG imports. Oil prices follow the market's 90th-percentile (high) path from Brent options. Rooftop solar continues its recent trend to about 1,560 MW by 2050.",28.1165,0.0,0.001,0.000699082,R010_outputs_nlv2s_C2_LSFO375_highbrent
nlv2s_C2_LSFO375_highbrent_adv,Trend rooftop (sensitivity),C2_LSFO375,"New LSFO plant, 375 MW",highbrent,Market 90th percentile,1.0,Reference,bare-EPC,ATB Advanced,model,0,"New LSFO plant, 375 MW · high oil · trend rooftop · ATB-Adv","A new 375 MW combined-cycle plant burning low-sulfur fuel oil is built; no LNG imports. Oil prices follow the market's 90th-percentile (high) path from Brent options. Rooftop solar continues its recent trend to about 1,560 MW by 2050. Solar and battery costs follow ATB's cheaper Advanced projection.",26.5422,0.0,0.001,0.000983397,R010_outputs_nlv2s_C2_LSFO375_highbrent_adv
nlv2s_C2_LSFO375_lowbrent,Trend rooftop (sensitivity),C2_LSFO375,"New LSFO plant, 375 MW",lowbrent,Market 10th percentile,1.0,Reference,bare-EPC,ATB Moderate,model,0,"New LSFO plant, 375 MW · low oil · trend rooftop","A new 375 MW combined-cycle plant burning low-sulfur fuel oil is built; no LNG imports. Oil prices follow the market's 10th-percentile (low) path from Brent options. Rooftop solar continues its recent trend to about 1,560 MW by 2050.",22.1109,0.0,0.0025,0.00231584,outputs_nlv2s_C2_LSFO375_lowbrent
nlv2s_C2_LSFO375_lowbrent_adv,Trend rooftop (sensitivity),C2_LSFO375,"New LSFO plant, 375 MW",lowbrent,Market 10th percentile,1.0,Reference,bare-EPC,ATB Advanced,model,0,"New LSFO plant, 375 MW · low oil · trend rooftop · ATB-Adv","A new 375 MW combined-cycle plant burning low-sulfur fuel oil is built; no LNG imports. Oil prices follow the market's 10th-percentile (low) path from Brent options. Rooftop solar continues its recent trend to about 1,560 MW by 2050. Solar and battery costs follow ATB's cheaper Advanced projection.",20.9248,0.0,0.001,0.000875209,R010_outputs_nlv2s_C2_LSFO375_lowbrent_adv
nlv2s_C2_LSFO375_refbrent,Trend rooftop (sensitivity),C2_LSFO375,"New LSFO plant, 375 MW",refbrent,EIA reference,1.0,Reference,bare-EPC,ATB Moderate,model,0,"New LSFO plant, 375 MW · EIA-ref oil · trend rooftop","A new 375 MW combined-cycle plant burning low-sulfur fuel oil is built; no LNG imports. Oil prices follow EIA's reference forecast. Rooftop solar continues its recent trend to about 1,560 MW by 2050.",26.4274,0.0,0.001,0.000798295,R010_outputs_nlv2s_C2_LSFO375_refbrent
nlv2s_C2_LSFO375_refbrent_adv,Trend rooftop (sensitivity),C2_LSFO375,"New LSFO plant, 375 MW",refbrent,EIA reference,1.0,Reference,bare-EPC,ATB Advanced,model,0,"New LSFO plant, 375 MW · EIA-ref oil · trend rooftop · ATB-Adv","A new 375 MW combined-cycle plant burning low-sulfur fuel oil is built; no LNG imports. Oil prices follow EIA's reference forecast. Rooftop solar continues its recent trend to about 1,560 MW by 2050. Solar and battery costs follow ATB's cheaper Advanced projection.",25.0355,0.0,0.001,0.000904235,R010_outputs_nlv2s_C2_LSFO375_refbrent_adv
nlv2s_C3_LSFO500_futbrent,Trend rooftop (sensitivity),C3_LSFO500,"New LSFO plant, 500 MW",futbrent,Brent futures,1.0,Reference,bare-EPC,ATB Moderate,model,0,"New LSFO plant, 500 MW · futures oil · trend rooftop","A new 500 MW combined-cycle plant burning low-sulfur fuel oil is built; no LNG imports. Oil prices follow the Brent futures strip (the market's central view). Rooftop solar continues its recent trend to about 1,560 MW by 2050.",25.4169,0.0,0.001,0.000949953,R010_outputs_nlv2s_C3_LSFO500_futbrent
nlv2s_C3_LSFO500_futbrent_adv,Trend rooftop (sensitivity),C3_LSFO500,"New LSFO plant, 500 MW",futbrent,Brent futures,1.0,Reference,bare-EPC,ATB Advanced,model,0,"New LSFO plant, 500 MW · futures oil · trend rooftop · ATB-Adv","A new 500 MW combined-cycle plant burning low-sulfur fuel oil is built; no LNG imports. Oil prices follow the Brent futures strip (the market's central view). Rooftop solar continues its recent trend to about 1,560 MW by 2050. Solar and battery costs follow ATB's cheaper Advanced projection.",24.1253,0.0,0.001,0.000994183,R010_outputs_nlv2s_C3_LSFO500_futbrent_adv
nlv2s_C3_LSFO500_highbrent,Trend rooftop (sensitivity),C3_LSFO500,"New LSFO plant, 500 MW",highbrent,Market 90th percentile,1.0,Reference,bare-EPC,ATB Moderate,model,0,"New LSFO plant, 500 MW · high oil · trend rooftop","A new 500 MW combined-cycle plant burning low-sulfur fuel oil is built; no LNG imports. Oil prices follow the market's 90th-percentile (high) path from Brent options. Rooftop solar continues its recent trend to about 1,560 MW by 2050.",28.5667,0.0,0.001,0.000907213,R010_outputs_nlv2s_C3_LSFO500_highbrent
nlv2s_C3_LSFO500_highbrent_adv,Trend rooftop (sensitivity),C3_LSFO500,"New LSFO plant, 500 MW",highbrent,Market 90th percentile,1.0,Reference,bare-EPC,ATB Advanced,model,0,"New LSFO plant, 500 MW · high oil · trend rooftop · ATB-Adv","A new 500 MW combined-cycle plant burning low-sulfur fuel oil is built; no LNG imports. Oil prices follow the market's 90th-percentile (high) path from Brent options. Rooftop solar continues its recent trend to about 1,560 MW by 2050. Solar and battery costs follow ATB's cheaper Advanced projection.",27.0137,0.0,0.001,0.000823006,R010_outputs_nlv2s_C3_LSFO500_highbrent_adv
nlv2s_C3_LSFO500_lowbrent,Trend rooftop (sensitivity),C3_LSFO500,"New LSFO plant, 500 MW",lowbrent,Market 10th percentile,1.0,Reference,bare-EPC,ATB Moderate,model,0,"New LSFO plant, 500 MW · low oil · trend rooftop","A new 500 MW combined-cycle plant burning low-sulfur fuel oil is built; no LNG imports. Oil prices follow the market's 10th-percentile (low) path from Brent options. Rooftop solar continues its recent trend to about 1,560 MW by 2050.",22.552,0.0,0.001,0.000884905,R010_outputs_nlv2s_C3_LSFO500_lowbrent
nlv2s_C3_LSFO500_lowbrent_adv,Trend rooftop (sensitivity),C3_LSFO500,"New LSFO plant, 500 MW",lowbrent,Market 10th percentile,1.0,Reference,bare-EPC,ATB Advanced,model,0,"New LSFO plant, 500 MW · low oil · trend rooftop · ATB-Adv","A new 500 MW combined-cycle plant burning low-sulfur fuel oil is built; no LNG imports. Oil prices follow the market's 10th-percentile (low) path from Brent options. Rooftop solar continues its recent trend to about 1,560 MW by 2050. Solar and battery costs follow ATB's cheaper Advanced projection.",21.3858,0.0,0.001,0.000943725,R010_outputs_nlv2s_C3_LSFO500_lowbrent_adv
nlv2s_C3_LSFO500_refbrent,Trend rooftop (sensitivity),C3_LSFO500,"New LSFO plant, 500 MW",refbrent,EIA reference,1.0,Reference,bare-EPC,ATB Moderate,model,0,"New LSFO plant, 500 MW · EIA-ref oil · trend rooftop","A new 500 MW combined-cycle plant burning low-sulfur fuel oil is built; no LNG imports. Oil prices follow EIA's reference forecast. Rooftop solar continues its recent trend to about 1,560 MW by 2050.",26.8671,0.0,0.001,0.000846311,R010_outputs_nlv2s_C3_LSFO500_refbrent
nlv2s_C3_LSFO500_refbrent_adv,Trend rooftop (sensitivity),C3_LSFO500,"New LSFO plant, 500 MW",refbrent,EIA reference,1.0,Reference,bare-EPC,ATB Advanced,model,0,"New LSFO plant, 500 MW · EIA-ref oil · trend rooftop · ATB-Adv","A new 500 MW combined-cycle plant burning low-sulfur fuel oil is built; no LNG imports. Oil prices follow EIA's reference forecast. Rooftop solar continues its recent trend to about 1,560 MW by 2050. Solar and battery costs follow ATB's cheaper Advanced projection.",25.4715,0.0,0.001,0.000576419,R010_outputs_nlv2s_C3_LSFO500_refbrent_adv
nlv2s_C4_NOTHERMAL_futbrent,Trend rooftop (sensitivity),C4_NOTHERMAL,No new fuel plant,futbrent,Brent futures,1.0,Reference,bare-EPC,ATB Moderate,model,0,No new fuel plant · futures oil · trend rooftop,"No new fuel-burning plant is built; solar, storage, wind, and geothermal grow on top of the existing fleet. Oil prices follow the Brent futures strip (the market's central view). Rooftop solar continues its recent trend to about 1,560 MW by 2050.",24.124,0.0,0.0025,0.00232089,outputs_nlv2s_C4_NOTHERMAL_futbrent
nlv2s_C4_NOTHERMAL_futbrent_adv,Trend rooftop (sensitivity),C4_NOTHERMAL,No new fuel plant,futbrent,Brent futures,1.0,Reference,bare-EPC,ATB Advanced,model,0,No new fuel plant · futures oil · trend rooftop · ATB-Adv,"No new fuel-burning plant is built; solar, storage, wind, and geothermal grow on top of the existing fleet. Oil prices follow the Brent futures strip (the market's central view). Rooftop solar continues its recent trend to about 1,560 MW by 2050. Solar and battery costs follow ATB's cheaper Advanced projection.",22.7287,0.0,0.001,0.000924418,R010_outputs_nlv2s_C4_NOTHERMAL_futbrent_adv
nlv2s_C4_NOTHERMAL_highbrent,Trend rooftop (sensitivity),C4_NOTHERMAL,No new fuel plant,highbrent,Market 90th percentile,1.0,Reference,bare-EPC,ATB Moderate,model,0,No new fuel plant · high oil · trend rooftop,"No new fuel-burning plant is built; solar, storage, wind, and geothermal grow on top of the existing fleet. Oil prices follow the market's 90th-percentile (high) path from Brent options. Rooftop solar continues its recent trend to about 1,560 MW by 2050.",27.1079,0.0,0.001,0.000935455,R010_outputs_nlv2s_C4_NOTHERMAL_highbrent
nlv2s_C4_NOTHERMAL_highbrent_adv,Trend rooftop (sensitivity),C4_NOTHERMAL,No new fuel plant,highbrent,Market 90th percentile,1.0,Reference,bare-EPC,ATB Advanced,model,0,No new fuel plant · high oil · trend rooftop · ATB-Adv,"No new fuel-burning plant is built; solar, storage, wind, and geothermal grow on top of the existing fleet. Oil prices follow the market's 90th-percentile (high) path from Brent options. Rooftop solar continues its recent trend to about 1,560 MW by 2050. Solar and battery costs follow ATB's cheaper Advanced projection.",25.3692,0.0,0.001,0.000935762,R010_outputs_nlv2s_C4_NOTHERMAL_highbrent_adv
nlv2s_C4_NOTHERMAL_lowbrent,Trend rooftop (sensitivity),C4_NOTHERMAL,No new fuel plant,lowbrent,Market 10th percentile,1.0,Reference,bare-EPC,ATB Moderate,model,0,No new fuel plant · low oil · trend rooftop,"No new fuel-burning plant is built; solar, storage, wind, and geothermal grow on top of the existing fleet. Oil prices follow the market's 10th-percentile (low) path from Brent options. Rooftop solar continues its recent trend to about 1,560 MW by 2050.",20.987,0.0,0.001,0.000869832,R010_outputs_nlv2s_C4_NOTHERMAL_lowbrent
nlv2s_C4_NOTHERMAL_lowbrent_adv,Trend rooftop (sensitivity),C4_NOTHERMAL,No new fuel plant,lowbrent,Market 10th percentile,1.0,Reference,bare-EPC,ATB Advanced,model,0,No new fuel plant · low oil · trend rooftop · ATB-Adv,"No new fuel-burning plant is built; solar, storage, wind, and geothermal grow on top of the existing fleet. Oil prices follow the market's 10th-percentile (low) path from Brent options. Rooftop solar continues its recent trend to about 1,560 MW by 2050. Solar and battery costs follow ATB's cheaper Advanced projection.",19.8516,0.0,0.001,0.00085003,R010_outputs_nlv2s_C4_NOTHERMAL_lowbrent_adv
nlv2s_C4_NOTHERMAL_refbrent,Trend rooftop (sensitivity),C4_NOTHERMAL,No new fuel plant,refbrent,EIA reference,1.0,Reference,bare-EPC,ATB Moderate,model,0,No new fuel plant · EIA-ref oil · trend rooftop,"No new fuel-burning plant is built; solar, storage, wind, and geothermal grow on top of the existing fleet. Oil prices follow EIA's reference forecast. Rooftop solar continues its recent trend to about 1,560 MW by 2050.",25.658,0.0,0.0025,0.0024241,outputs_nlv2s_C4_NOTHERMAL_refbrent
nlv2s_C4_NOTHERMAL_refbrent_adv,Trend rooftop (sensitivity),C4_NOTHERMAL,No new fuel plant,refbrent,EIA reference,1.0,Reference,bare-EPC,ATB Advanced,model,0,No new fuel plant · EIA-ref oil · trend rooftop · ATB-Adv,"No new fuel-burning plant is built; solar, storage, wind, and geothermal grow on top of the existing fleet. Oil prices follow EIA's reference forecast. Rooftop solar continues its recent trend to about 1,560 MW by 2050. Solar and battery costs follow ATB's cheaper Advanced projection.",24.0909,0.0,0.001,0.000979601,R010_outputs_nlv2s_C4_NOTHERMAL_refbrent_adv
nlv2s_C5_LNG375_futbrent,Trend rooftop (sensitivity),C5_LNG375,"New LNG plant, 375 MW",futbrent,Brent futures,1.0,Reference,bare-EPC,ATB Moderate,model,0,"New LNG plant, 375 MW · futures oil · trend rooftop","LNG imports begin in 2030 and a new 375 MW LNG plant is built (the cost-minimizing size); no Waiau Repower. Oil prices follow the Brent futures strip (the market's central view). Rooftop solar continues its recent trend to about 1,560 MW by 2050.",24.3388,0.0,0.001,0.000986489,R010_outputs_nlv2s_C5_LNG375_futbrent
nlv2s_C5_LNG375_futbrent_adv,Trend rooftop (sensitivity),C5_LNG375,"New LNG plant, 375 MW",futbrent,Brent futures,1.0,Reference,bare-EPC,ATB Advanced,model,0,"New LNG plant, 375 MW · futures oil · trend rooftop · ATB-Adv","LNG imports begin in 2030 and a new 375 MW LNG plant is built (the cost-minimizing size); no Waiau Repower. Oil prices follow the Brent futures strip (the market's central view). Rooftop solar continues its recent trend to about 1,560 MW by 2050. Solar and battery costs follow ATB's cheaper Advanced projection.",23.1483,0.0,0.001,0.000961394,R010_outputs_nlv2s_C5_LNG375_futbrent_adv
nlv2s_C5_LNG375_futbrent_j120,Trend rooftop (sensitivity),C5_LNG375,"New LNG plant, 375 MW",futbrent,Brent futures,1.0,Reference,+20%,ATB Moderate,model,0,"New LNG plant, 375 MW · futures oil · trend rooftop · JERA +20%","LNG imports begin in 2030 and a new 375 MW LNG plant is built (the cost-minimizing size); no Waiau Repower. Oil prices follow the Brent futures strip (the market's central view). Rooftop solar continues its recent trend to about 1,560 MW by 2050. JERA plant capital at the +20% case.",24.6797,0.0,0.001,0.00077936,R010_outputs_nlv2s_C5_LNG375_futbrent_j120
nlv2s_C5_LNG375_futbrent_j120_adv,Trend rooftop (sensitivity),C5_LNG375,"New LNG plant, 375 MW",futbrent,Brent futures,1.0,Reference,+20%,ATB Advanced,model,0,"New LNG plant, 375 MW · futures oil · trend rooftop · ATB-Adv · JERA +20%","LNG imports begin in 2030 and a new 375 MW LNG plant is built (the cost-minimizing size); no Waiau Repower. Oil prices follow the Brent futures strip (the market's central view). Rooftop solar continues its recent trend to about 1,560 MW by 2050. Solar and battery costs follow ATB's cheaper Advanced projection. JERA plant capital at the +20% case.",23.4949,0.0,0.001,0.000992344,R010_outputs_nlv2s_C5_LNG375_futbrent_j120_adv
nlv2s_C5_LNG375_highbrent,Trend rooftop (sensitivity),C5_LNG375,"New LNG plant, 375 MW",highbrent,Market 90th percentile,1.0,Reference,bare-EPC,ATB Moderate,model,0,"New LNG plant, 375 MW · high oil · trend rooftop","LNG imports begin in 2030 and a new 375 MW LNG plant is built (the cost-minimizing size); no Waiau Repower. Oil prices follow the market's 90th-percentile (high) path from Brent options. Rooftop solar continues its recent trend to about 1,560 MW by 2050.",27.7986,0.0,0.001,0.000966091,R010_outputs_nlv2s_C5_LNG375_highbrent
nlv2s_C5_LNG375_highbrent_adv,Trend rooftop (sensitivity),C5_LNG375,"New LNG plant, 375 MW",highbrent,Market 90th percentile,1.0,Reference,bare-EPC,ATB Advanced,model,0,"New LNG plant, 375 MW · high oil · trend rooftop · ATB-Adv","LNG imports begin in 2030 and a new 375 MW LNG plant is built (the cost-minimizing size); no Waiau Repower. Oil prices follow the market's 90th-percentile (high) path from Brent options. Rooftop solar continues its recent trend to about 1,560 MW by 2050. Solar and battery costs follow ATB's cheaper Advanced projection.",26.3596,0.0,0.001,0.000987376,R010_outputs_nlv2s_C5_LNG375_highbrent_adv
nlv2s_C5_LNG375_highbrent_j120,Trend rooftop (sensitivity),C5_LNG375,"New LNG plant, 375 MW",highbrent,Market 90th percentile,1.0,Reference,+20%,ATB Moderate,model,0,"New LNG plant, 375 MW · high oil · trend rooftop · JERA +20%","LNG imports begin in 2030 and a new 375 MW LNG plant is built (the cost-minimizing size); no Waiau Repower. Oil prices follow the market's 90th-percentile (high) path from Brent options. Rooftop solar continues its recent trend to about 1,560 MW by 2050. JERA plant capital at the +20% case.",28.1441,0.0,0.001,0.000945529,R010_outputs_nlv2s_C5_LNG375_highbrent_j120
nlv2s_C5_LNG375_highbrent_j120_adv,Trend rooftop (sensitivity),C5_LNG375,"New LNG plant, 375 MW",highbrent,Market 90th percentile,1.0,Reference,+20%,ATB Advanced,model,0,"New LNG plant, 375 MW · high oil · trend rooftop · ATB-Adv · JERA +20%","LNG imports begin in 2030 and a new 375 MW LNG plant is built (the cost-minimizing size); no Waiau Repower. Oil prices follow the market's 90th-percentile (high) path from Brent options. Rooftop solar continues its recent trend to about 1,560 MW by 2050. Solar and battery costs follow ATB's cheaper Advanced projection. JERA plant capital at the +20% case.",26.7001,0.0,0.001,0.000774617,R010_outputs_nlv2s_C5_LNG375_highbrent_j120_adv
nlv2s_C5_LNG375_lowbrent,Trend rooftop (sensitivity),C5_LNG375,"New LNG plant, 375 MW",lowbrent,Market 10th percentile,1.0,Reference,bare-EPC,ATB Moderate,model,0,"New LNG plant, 375 MW · low oil · trend rooftop","LNG imports begin in 2030 and a new 375 MW LNG plant is built (the cost-minimizing size); no Waiau Repower. Oil prices follow the market's 10th-percentile (low) path from Brent options. Rooftop solar continues its recent trend to about 1,560 MW by 2050.",22.0591,0.0,0.001,0.000809,R010_outputs_nlv2s_C5_LNG375_lowbrent
nlv2s_C5_LNG375_lowbrent_adv,Trend rooftop (sensitivity),C5_LNG375,"New LNG plant, 375 MW",lowbrent,Market 10th percentile,1.0,Reference,bare-EPC,ATB Advanced,model,0,"New LNG plant, 375 MW · low oil · trend rooftop · ATB-Adv","LNG imports begin in 2030 and a new 375 MW LNG plant is built (the cost-minimizing size); no Waiau Repower. Oil prices follow the market's 10th-percentile (low) path from Brent options. Rooftop solar continues its recent trend to about 1,560 MW by 2050. Solar and battery costs follow ATB's cheaper Advanced projection.",20.9423,0.0,0.001,0.00088524,R010_outputs_nlv2s_C5_LNG375_lowbrent_adv
nlv2s_C5_LNG375_lowbrent_j120,Trend rooftop (sensitivity),C5_LNG375,"New LNG plant, 375 MW",lowbrent,Market 10th percentile,1.0,Reference,+20%,ATB Moderate,model,0,"New LNG plant, 375 MW · low oil · trend rooftop · JERA +20%","LNG imports begin in 2030 and a new 375 MW LNG plant is built (the cost-minimizing size); no Waiau Repower. Oil prices follow the market's 10th-percentile (low) path from Brent options. Rooftop solar continues its recent trend to about 1,560 MW by 2050. JERA plant capital at the +20% case.",22.4095,0.0,0.001,0.00097829,R010_outputs_nlv2s_C5_LNG375_lowbrent_j120
nlv2s_C5_LNG375_lowbrent_j120_adv,Trend rooftop (sensitivity),C5_LNG375,"New LNG plant, 375 MW",lowbrent,Market 10th percentile,1.0,Reference,+20%,ATB Advanced,model,0,"New LNG plant, 375 MW · low oil · trend rooftop · ATB-Adv · JERA +20%","LNG imports begin in 2030 and a new 375 MW LNG plant is built (the cost-minimizing size); no Waiau Repower. Oil prices follow the market's 10th-percentile (low) path from Brent options. Rooftop solar continues its recent trend to about 1,560 MW by 2050. Solar and battery costs follow ATB's cheaper Advanced projection. JERA plant capital at the +20% case.",21.2875,0.0,0.001,0.000859387,R010_outputs_nlv2s_C5_LNG375_lowbrent_j120_adv
nlv2s_C5_LNG375_refbrent,Trend rooftop (sensitivity),C5_LNG375,"New LNG plant, 375 MW",refbrent,EIA reference,1.0,Reference,bare-EPC,ATB Moderate,model,0,"New LNG plant, 375 MW · EIA-ref oil · trend rooftop","LNG imports begin in 2030 and a new 375 MW LNG plant is built (the cost-minimizing size); no Waiau Repower. Oil prices follow EIA's reference forecast. Rooftop solar continues its recent trend to about 1,560 MW by 2050.",25.8907,0.0,0.001,0.000977064,R010_outputs_nlv2s_C5_LNG375_refbrent
nlv2s_C5_LNG375_refbrent_adv,Trend rooftop (sensitivity),C5_LNG375,"New LNG plant, 375 MW",refbrent,EIA reference,1.0,Reference,bare-EPC,ATB Advanced,model,0,"New LNG plant, 375 MW · EIA-ref oil · trend rooftop · ATB-Adv","LNG imports begin in 2030 and a new 375 MW LNG plant is built (the cost-minimizing size); no Waiau Repower. Oil prices follow EIA's reference forecast. Rooftop solar continues its recent trend to about 1,560 MW by 2050. Solar and battery costs follow ATB's cheaper Advanced projection.",24.6177,0.0,0.001,0.000701374,R010_outputs_nlv2s_C5_LNG375_refbrent_adv
nlv2s_C5_LNG375_refbrent_j120,Trend rooftop (sensitivity),C5_LNG375,"New LNG plant, 375 MW",refbrent,EIA reference,1.0,Reference,+20%,ATB Moderate,model,0,"New LNG plant, 375 MW · EIA-ref oil · trend rooftop · JERA +20%","LNG imports begin in 2030 and a new 375 MW LNG plant is built (the cost-minimizing size); no Waiau Repower. Oil prices follow EIA's reference forecast. Rooftop solar continues its recent trend to about 1,560 MW by 2050. JERA plant capital at the +20% case.",26.2358,0.0,0.001,0.000956312,R010_outputs_nlv2s_C5_LNG375_refbrent_j120
nlv2s_C5_LNG375_refbrent_j120_adv,Trend rooftop (sensitivity),C5_LNG375,"New LNG plant, 375 MW",refbrent,EIA reference,1.0,Reference,+20%,ATB Advanced,model,0,"New LNG plant, 375 MW · EIA-ref oil · trend rooftop · ATB-Adv · JERA +20%","LNG imports begin in 2030 and a new 375 MW LNG plant is built (the cost-minimizing size); no Waiau Repower. Oil prices follow EIA's reference forecast. Rooftop solar continues its recent trend to about 1,560 MW by 2050. Solar and battery costs follow ATB's cheaper Advanced projection. JERA plant capital at the +20% case.",24.9664,0.0,0.001,0.000823908,R010_outputs_nlv2s_C5_LNG375_refbrent_j120_adv
nlv2s_C6_STATUSQUO_futbrent,Trend rooftop (sensitivity),C6_STATUSQUO,Waiau Repower + JERA LNG 500 (both projects),futbrent,Brent futures,1.0,Reference,bare-EPC,ATB Moderate,model,0,Waiau Repower + JERA LNG 500 (both projects) · futures oil · trend rooftop,"Both proposed projects are built: the Waiau Repower and JERA's 500 MW LNG plant with imports from 2030. No party has proposed this combination; it is modeled as an upper bound on new thermal capacity. Oil prices follow the Brent futures strip (the market's central view). Rooftop solar continues its recent trend to about 1,560 MW by 2050.",26.0559,0.0,0.001,0.000971919,R010_outputs_nlv2s_C6_STATUSQUO_futbrent
nlv2s_C6_STATUSQUO_futbrent_adv,Trend rooftop (sensitivity),C6_STATUSQUO,Waiau Repower + JERA LNG 500 (both projects),futbrent,Brent futures,1.0,Reference,bare-EPC,ATB Advanced,model,0,Waiau Repower + JERA LNG 500 (both projects) · futures oil · trend rooftop · ATB-Adv,"Both proposed projects are built: the Waiau Repower and JERA's 500 MW LNG plant with imports from 2030. No party has proposed this combination; it is modeled as an upper bound on new thermal capacity. Oil prices follow the Brent futures strip (the market's central view). Rooftop solar continues its recent trend to about 1,560 MW by 2050. Solar and battery costs follow ATB's cheaper Advanced projection.",24.9241,0.0,0.001,0.000990989,R010_outputs_nlv2s_C6_STATUSQUO_futbrent_adv
nlv2s_C6_STATUSQUO_futbrent_j120,Trend rooftop (sensitivity),C6_STATUSQUO,Waiau Repower + JERA LNG 500 (both projects),futbrent,Brent futures,1.0,Reference,+20%,ATB Moderate,model,0,Waiau Repower + JERA LNG 500 (both projects) · futures oil · trend rooftop · JERA +20%,"Both proposed projects are built: the Waiau Repower and JERA's 500 MW LNG plant with imports from 2030. No party has proposed this combination; it is modeled as an upper bound on new thermal capacity. Oil prices follow the Brent futures strip (the market's central view). Rooftop solar continues its recent trend to about 1,560 MW by 2050. JERA plant capital at the +20% case.",26.4798,0.0,0.001,0.000889655,R010_outputs_nlv2s_C6_STATUSQUO_futbrent_j120
nlv2s_C6_STATUSQUO_futbrent_j120_adv,Trend rooftop (sensitivity),C6_STATUSQUO,Waiau Repower + JERA LNG 500 (both projects),futbrent,Brent futures,1.0,Reference,+20%,ATB Advanced,model,0,Waiau Repower + JERA LNG 500 (both projects) · futures oil · trend rooftop · ATB-Adv · JERA +20%,"Both proposed projects are built: the Waiau Repower and JERA's 500 MW LNG plant with imports from 2030. No party has proposed this combination; it is modeled as an upper bound on new thermal capacity. Oil prices follow the Brent futures strip (the market's central view). Rooftop solar continues its recent trend to about 1,560 MW by 2050. Solar and battery costs follow ATB's cheaper Advanced projection. JERA plant capital at the +20% case.",25.3507,0.0,0.001,0.000994246,R010_outputs_nlv2s_C6_STATUSQUO_futbrent_j120_adv
nlv2s_C6_STATUSQUO_highbrent,Trend rooftop (sensitivity),C6_STATUSQUO,Waiau Repower + JERA LNG 500 (both projects),highbrent,Market 90th percentile,1.0,Reference,bare-EPC,ATB Moderate,model,0,Waiau Repower + JERA LNG 500 (both projects) · high oil · trend rooftop,"Both proposed projects are built: the Waiau Repower and JERA's 500 MW LNG plant with imports from 2030. No party has proposed this combination; it is modeled as an upper bound on new thermal capacity. Oil prices follow the market's 90th-percentile (high) path from Brent options. Rooftop solar continues its recent trend to about 1,560 MW by 2050.",29.5984,0.0,0.001,0.000966358,R010_outputs_nlv2s_C6_STATUSQUO_highbrent
nlv2s_C6_STATUSQUO_highbrent_adv,Trend rooftop (sensitivity),C6_STATUSQUO,Waiau Repower + JERA LNG 500 (both projects),highbrent,Market 90th percentile,1.0,Reference,bare-EPC,ATB Advanced,model,0,Waiau Repower + JERA LNG 500 (both projects) · high oil · trend rooftop · ATB-Adv,"Both proposed projects are built: the Waiau Repower and JERA's 500 MW LNG plant with imports from 2030. No party has proposed this combination; it is modeled as an upper bound on new thermal capacity. Oil prices follow the market's 90th-percentile (high) path from Brent options. Rooftop solar continues its recent trend to about 1,560 MW by 2050. Solar and battery costs follow ATB's cheaper Advanced projection.",28.2004,0.0,0.001,0.00095392,R010_outputs_nlv2s_C6_STATUSQUO_highbrent_adv
nlv2s_C6_STATUSQUO_highbrent_j120,Trend rooftop (sensitivity),C6_STATUSQUO,Waiau Repower + JERA LNG 500 (both projects),highbrent,Market 90th percentile,1.0,Reference,+20%,ATB Moderate,model,0,Waiau Repower + JERA LNG 500 (both projects) · high oil · trend rooftop · JERA +20%,"Both proposed projects are built: the Waiau Repower and JERA's 500 MW LNG plant with imports from 2030. No party has proposed this combination; it is modeled as an upper bound on new thermal capacity. Oil prices follow the market's 90th-percentile (high) path from Brent options. Rooftop solar continues its recent trend to about 1,560 MW by 2050. JERA plant capital at the +20% case.",30.0254,0.0,0.001,0.000988372,R010_outputs_nlv2s_C6_STATUSQUO_highbrent_j120
nlv2s_C6_STATUSQUO_highbrent_j120_adv,Trend rooftop (sensitivity),C6_STATUSQUO,Waiau Repower + JERA LNG 500 (both projects),highbrent,Market 90th percentile,1.0,Reference,+20%,ATB Advanced,model,0,Waiau Repower + JERA LNG 500 (both projects) · high oil · trend rooftop · ATB-Adv · JERA +20%,"Both proposed projects are built: the Waiau Repower and JERA's 500 MW LNG plant with imports from 2030. No party has proposed this combination; it is modeled as an upper bound on new thermal capacity. Oil prices follow the market's 90th-percentile (high) path from Brent options. Rooftop solar continues its recent trend to about 1,560 MW by 2050. Solar and battery costs follow ATB's cheaper Advanced projection. JERA plant capital at the +20% case.",28.6264,0.0,0.001,0.000941382,R010_outputs_nlv2s_C6_STATUSQUO_highbrent_j120_adv
nlv2s_C6_STATUSQUO_lowbrent,Trend rooftop (sensitivity),C6_STATUSQUO,Waiau Repower + JERA LNG 500 (both projects),lowbrent,Market 10th percentile,1.0,Reference,bare-EPC,ATB Moderate,model,0,Waiau Repower + JERA LNG 500 (both projects) · low oil · trend rooftop,"Both proposed projects are built: the Waiau Repower and JERA's 500 MW LNG plant with imports from 2030. No party has proposed this combination; it is modeled as an upper bound on new thermal capacity. Oil prices follow the market's 10th-percentile (low) path from Brent options. Rooftop solar continues its recent trend to about 1,560 MW by 2050.",23.9254,0.0,0.001,0.000961588,R010_outputs_nlv2s_C6_STATUSQUO_lowbrent
nlv2s_C6_STATUSQUO_lowbrent_adv,Trend rooftop (sensitivity),C6_STATUSQUO,Waiau Repower + JERA LNG 500 (both projects),lowbrent,Market 10th percentile,1.0,Reference,bare-EPC,ATB Advanced,model,0,Waiau Repower + JERA LNG 500 (both projects) · low oil · trend rooftop · ATB-Adv,"Both proposed projects are built: the Waiau Repower and JERA's 500 MW LNG plant with imports from 2030. No party has proposed this combination; it is modeled as an upper bound on new thermal capacity. Oil prices follow the market's 10th-percentile (low) path from Brent options. Rooftop solar continues its recent trend to about 1,560 MW by 2050. Solar and battery costs follow ATB's cheaper Advanced projection.",22.7634,0.0,0.001,0.000555562,R010_outputs_nlv2s_C6_STATUSQUO_lowbrent_adv
nlv2s_C6_STATUSQUO_lowbrent_j120,Trend rooftop (sensitivity),C6_STATUSQUO,Waiau Repower + JERA LNG 500 (both projects),lowbrent,Market 10th percentile,1.0,Reference,+20%,ATB Moderate,model,0,Waiau Repower + JERA LNG 500 (both projects) · low oil · trend rooftop · JERA +20%,"Both proposed projects are built: the Waiau Repower and JERA's 500 MW LNG plant with imports from 2030. No party has proposed this combination; it is modeled as an upper bound on new thermal capacity. Oil prices follow the market's 10th-percentile (low) path from Brent options. Rooftop solar continues its recent trend to about 1,560 MW by 2050. JERA plant capital at the +20% case.",24.349,0.0,0.001,0.000849212,R010_outputs_nlv2s_C6_STATUSQUO_lowbrent_j120
nlv2s_C6_STATUSQUO_lowbrent_j120_adv,Trend rooftop (sensitivity),C6_STATUSQUO,Waiau Repower + JERA LNG 500 (both projects),lowbrent,Market 10th percentile,1.0,Reference,+20%,ATB Advanced,model,0,Waiau Repower + JERA LNG 500 (both projects) · low oil · trend rooftop · ATB-Adv · JERA +20%,"Both proposed projects are built: the Waiau Repower and JERA's 500 MW LNG plant with imports from 2030. No party has proposed this combination; it is modeled as an upper bound on new thermal capacity. Oil prices follow the market's 10th-percentile (low) path from Brent options. Rooftop solar continues its recent trend to about 1,560 MW by 2050. Solar and battery costs follow ATB's cheaper Advanced projection. JERA plant capital at the +20% case.",23.1937,0.0,0.001,0.000743192,R010_outputs_nlv2s_C6_STATUSQUO_lowbrent_j120_adv
nlv2s_C6_STATUSQUO_refbrent,Trend rooftop (sensitivity),C6_STATUSQUO,Waiau Repower + JERA LNG 500 (both projects),refbrent,EIA reference,1.0,Reference,bare-EPC,ATB Moderate,model,0,Waiau Repower + JERA LNG 500 (both projects) · EIA-ref oil · trend rooftop,"Both proposed projects are built: the Waiau Repower and JERA's 500 MW LNG plant with imports from 2030. No party has proposed this combination; it is modeled as an upper bound on new thermal capacity. Oil prices follow EIA's reference forecast. Rooftop solar continues its recent trend to about 1,560 MW by 2050.",27.6672,0.0,0.001,0.000965206,R010_outputs_nlv2s_C6_STATUSQUO_refbrent
nlv2s_C6_STATUSQUO_refbrent_adv,Trend rooftop (sensitivity),C6_STATUSQUO,Waiau Repower + JERA LNG 500 (both projects),refbrent,EIA reference,1.0,Reference,bare-EPC,ATB Advanced,model,0,Waiau Repower + JERA LNG 500 (both projects) · EIA-ref oil · trend rooftop · ATB-Adv,"Both proposed projects are built: the Waiau Repower and JERA's 500 MW LNG plant with imports from 2030. No party has proposed this combination; it is modeled as an upper bound on new thermal capacity. Oil prices follow EIA's reference forecast. Rooftop solar continues its recent trend to about 1,560 MW by 2050. Solar and battery costs follow ATB's cheaper Advanced projection.",26.4364,0.0,0.001,0.000904511,R010_outputs_nlv2s_C6_STATUSQUO_refbrent_adv
nlv2s_C6_STATUSQUO_refbrent_j120,Trend rooftop (sensitivity),C6_STATUSQUO,Waiau Repower + JERA LNG 500 (both projects),refbrent,EIA reference,1.0,Reference,+20%,ATB Moderate,model,0,Waiau Repower + JERA LNG 500 (both projects) · EIA-ref oil · trend rooftop · JERA +20%,"Both proposed projects are built: the Waiau Repower and JERA's 500 MW LNG plant with imports from 2030. No party has proposed this combination; it is modeled as an upper bound on new thermal capacity. Oil prices follow EIA's reference forecast. Rooftop solar continues its recent trend to about 1,560 MW by 2050. JERA plant capital at the +20% case.",28.0946,0.0,0.001,0.000997147,R010_outputs_nlv2s_C6_STATUSQUO_refbrent_j120
nlv2s_C6_STATUSQUO_refbrent_j120_adv,Trend rooftop (sensitivity),C6_STATUSQUO,Waiau Repower + JERA LNG 500 (both projects),refbrent,EIA reference,1.0,Reference,+20%,ATB Advanced,model,0,Waiau Repower + JERA LNG 500 (both projects) · EIA-ref oil · trend rooftop · ATB-Adv · JERA +20%,"Both proposed projects are built: the Waiau Repower and JERA's 500 MW LNG plant with imports from 2030. No party has proposed this combination; it is modeled as an upper bound on new thermal capacity. Oil prices follow EIA's reference forecast. Rooftop solar continues its recent trend to about 1,560 MW by 2050. Solar and battery costs follow ATB's cheaper Advanced projection. JERA plant capital at the +20% case.",26.8638,0.0,0.001,0.000990088,R010_outputs_nlv2s_C6_STATUSQUO_refbrent_j120_adv
nlv2s_be_pv15_C1_LSFO250_refbrent,Trend rooftop (sensitivity),C1_LSFO250,"New LSFO plant, 250 MW",refbrent,EIA reference,1.5,Reference,bare-EPC,ATB Moderate,model,0,"New LSFO plant, 250 MW · EIA-ref oil · trend rooftop · solar +80%","A new 250 MW combined-cycle plant burning low-sulfur fuel oil is built; no LNG imports. Oil prices follow EIA's reference forecast. Rooftop solar continues its recent trend to about 1,560 MW by 2050. Utility-solar capital carries an 80% Hawaiʻi premium (1.5x the study baseline).",27.9772,0.0,0.0025,0.00196722,outputs_nlv2s_be_pv15_C1_LSFO250_refbrent
nlv2s_be_pv15_C1_LSFO250_refbrent_adv,Trend rooftop (sensitivity),C1_LSFO250,"New LSFO plant, 250 MW",refbrent,EIA reference,1.5,Reference,bare-EPC,ATB Advanced,model,0,"New LSFO plant, 250 MW · EIA-ref oil · trend rooftop · solar +80% · ATB-Adv","A new 250 MW combined-cycle plant burning low-sulfur fuel oil is built; no LNG imports. Oil prices follow EIA's reference forecast. Rooftop solar continues its recent trend to about 1,560 MW by 2050. Utility-solar capital carries an 80% Hawaiʻi premium (1.5x the study baseline). Solar and battery costs follow ATB's cheaper Advanced projection.",26.3588,0.0,0.001,0.000980513,R010_outputs_nlv2s_be_pv15_C1_LSFO250_refbrent_adv
nlv2s_be_pv15_C4_NOTHERMAL_futbrent,Trend rooftop (sensitivity),C4_NOTHERMAL,No new fuel plant,futbrent,Brent futures,1.5,Reference,bare-EPC,ATB Moderate,model,0,No new fuel plant · futures oil · trend rooftop · solar +80%,"No new fuel-burning plant is built; solar, storage, wind, and geothermal grow on top of the existing fleet. Oil prices follow the Brent futures strip (the market's central view). Rooftop solar continues its recent trend to about 1,560 MW by 2050. Utility-solar capital carries an 80% Hawaiʻi premium (1.5x the study baseline).",25.8812,0.0,0.0025,0.00241084,outputs_nlv2s_be_pv15_C4_NOTHERMAL_futbrent
nlv2s_be_pv15_C4_NOTHERMAL_highbrent,Trend rooftop (sensitivity),C4_NOTHERMAL,No new fuel plant,highbrent,Market 90th percentile,1.5,Reference,bare-EPC,ATB Moderate,model,0,No new fuel plant · high oil · trend rooftop · solar +80%,"No new fuel-burning plant is built; solar, storage, wind, and geothermal grow on top of the existing fleet. Oil prices follow the market's 90th-percentile (high) path from Brent options. Rooftop solar continues its recent trend to about 1,560 MW by 2050. Utility-solar capital carries an 80% Hawaiʻi premium (1.5x the study baseline).",29.632,0.0,0.0025,0.00236384,outputs_nlv2s_be_pv15_C4_NOTHERMAL_highbrent
nlv2s_be_pv15_C4_NOTHERMAL_lowbrent,Trend rooftop (sensitivity),C4_NOTHERMAL,No new fuel plant,lowbrent,Market 10th percentile,1.5,Reference,bare-EPC,ATB Moderate,model,0,No new fuel plant · low oil · trend rooftop · solar +80%,"No new fuel-burning plant is built; solar, storage, wind, and geothermal grow on top of the existing fleet. Oil prices follow the market's 10th-percentile (low) path from Brent options. Rooftop solar continues its recent trend to about 1,560 MW by 2050. Utility-solar capital carries an 80% Hawaiʻi premium (1.5x the study baseline).",22.4153,0.0,0.0025,0.00135955,outputs_nlv2s_be_pv15_C4_NOTHERMAL_lowbrent
nlv2s_be_pv15_C4_NOTHERMAL_refbrent,Trend rooftop (sensitivity),C4_NOTHERMAL,No new fuel plant,refbrent,EIA reference,1.5,Reference,bare-EPC,ATB Moderate,model,0,No new fuel plant · EIA-ref oil · trend rooftop · solar +80%,"No new fuel-burning plant is built; solar, storage, wind, and geothermal grow on top of the existing fleet. Oil prices follow EIA's reference forecast. Rooftop solar continues its recent trend to about 1,560 MW by 2050. Utility-solar capital carries an 80% Hawaiʻi premium (1.5x the study baseline).",27.6662,0.0,0.0025,0.00232134,outputs_nlv2s_be_pv15_C4_NOTHERMAL_refbrent
nlv2s_be_pv15_C4_NOTHERMAL_refbrent_adv,Trend rooftop (sensitivity),C4_NOTHERMAL,No new fuel plant,refbrent,EIA reference,1.5,Reference,bare-EPC,ATB Advanced,model,0,No new fuel plant · EIA-ref oil · trend rooftop · solar +80% · ATB-Adv,"No new fuel-burning plant is built; solar, storage, wind, and geothermal grow on top of the existing fleet. Oil prices follow EIA's reference forecast. Rooftop solar continues its recent trend to about 1,560 MW by 2050. Utility-solar capital carries an 80% Hawaiʻi premium (1.5x the study baseline). Solar and battery costs follow ATB's cheaper Advanced projection.",25.934,0.0,0.001,0.000838134,R010_outputs_nlv2s_be_pv15_C4_NOTHERMAL_refbrent_adv
nlv2s_be_pv15_C6_STATUSQUO_futbrent,Trend rooftop (sensitivity),C6_STATUSQUO,Waiau Repower + JERA LNG 500 (both projects),futbrent,Brent futures,1.5,Reference,bare-EPC,ATB Moderate,model,0,Waiau Repower + JERA LNG 500 (both projects) · futures oil · trend rooftop · solar +80%,"Both proposed projects are built: the Waiau Repower and JERA's 500 MW LNG plant with imports from 2030. No party has proposed this combination; it is modeled as an upper bound on new thermal capacity. Oil prices follow the Brent futures strip (the market's central view). Rooftop solar continues its recent trend to about 1,560 MW by 2050. Utility-solar capital carries an 80% Hawaiʻi premium (1.5x the study baseline).",27.5578,0.0,0.001,0.000759757,R010_outputs_nlv2s_be_pv15_C6_STATUSQUO_futbrent
nlv2s_be_pv15_C6_STATUSQUO_highbrent,Trend rooftop (sensitivity),C6_STATUSQUO,Waiau Repower + JERA LNG 500 (both projects),highbrent,Market 90th percentile,1.5,Reference,bare-EPC,ATB Moderate,model,0,Waiau Repower + JERA LNG 500 (both projects) · high oil · trend rooftop · solar +80%,"Both proposed projects are built: the Waiau Repower and JERA's 500 MW LNG plant with imports from 2030. No party has proposed this combination; it is modeled as an upper bound on new thermal capacity. Oil prices follow the market's 90th-percentile (high) path from Brent options. Rooftop solar continues its recent trend to about 1,560 MW by 2050. Utility-solar capital carries an 80% Hawaiʻi premium (1.5x the study baseline).",31.5402,0.0,0.001,0.000957317,R010_outputs_nlv2s_be_pv15_C6_STATUSQUO_highbrent
nlv2s_be_pv15_C6_STATUSQUO_lowbrent,Trend rooftop (sensitivity),C6_STATUSQUO,Waiau Repower + JERA LNG 500 (both projects),lowbrent,Market 10th percentile,1.5,Reference,bare-EPC,ATB Moderate,model,0,Waiau Repower + JERA LNG 500 (both projects) · low oil · trend rooftop · solar +80%,"Both proposed projects are built: the Waiau Repower and JERA's 500 MW LNG plant with imports from 2030. No party has proposed this combination; it is modeled as an upper bound on new thermal capacity. Oil prices follow the market's 10th-percentile (low) path from Brent options. Rooftop solar continues its recent trend to about 1,560 MW by 2050. Utility-solar capital carries an 80% Hawaiʻi premium (1.5x the study baseline).",25.3234,0.0,0.001,0.000979742,R010_outputs_nlv2s_be_pv15_C6_STATUSQUO_lowbrent
nlv2s_be_pv15_C6_STATUSQUO_refbrent,Trend rooftop (sensitivity),C6_STATUSQUO,Waiau Repower + JERA LNG 500 (both projects),refbrent,EIA reference,1.5,Reference,bare-EPC,ATB Moderate,model,0,Waiau Repower + JERA LNG 500 (both projects) · EIA-ref oil · trend rooftop · solar +80%,"Both proposed projects are built: the Waiau Repower and JERA's 500 MW LNG plant with imports from 2030. No party has proposed this combination; it is modeled as an upper bound on new thermal capacity. Oil prices follow EIA's reference forecast. Rooftop solar continues its recent trend to about 1,560 MW by 2050. Utility-solar capital carries an 80% Hawaiʻi premium (1.5x the study baseline).",29.2908,0.0,0.001,0.000983391,R010_outputs_nlv2s_be_pv15_C6_STATUSQUO_refbrent
nlv2s_be_pv15_lngconv_heco_futbrent,Trend rooftop (sensitivity),lngconv_heco,"Conversions (HECO plant set), terminal committed 2030-44",futbrent,Brent futures,1.5,Reference,bare-EPC,ATB Moderate,model,0,"Conversions (HECO plant set), terminal committed 2030-44 · futures oil · trend rooftop · solar +80%","The LNG import terminal is committed for 2030-2044 and existing plants convert to burn the gas (Kalaeloa, Kahe 5 and 6, and the CIP turbine); no new plant is built; conversion capital is not charged in the model. Oil prices follow the Brent futures strip (the market's central view). Rooftop solar continues its recent trend to about 1,560 MW by 2050. Utility-solar capital carries an 80% Hawaiʻi premium (1.5x the study baseline).",24.4507,0.45,0.001,0.000997776,R010_outputs_nlv2s_be_pv15_lngconv_heco_futbrent
nlv2s_be_pv15_lngconv_heco_highbrent,Trend rooftop (sensitivity),lngconv_heco,"Conversions (HECO plant set), terminal committed 2030-44",highbrent,Market 90th percentile,1.5,Reference,bare-EPC,ATB Moderate,model,0,"Conversions (HECO plant set), terminal committed 2030-44 · high oil · trend rooftop · solar +80%","The LNG import terminal is committed for 2030-2044 and existing plants convert to burn the gas (Kalaeloa, Kahe 5 and 6, and the CIP turbine); no new plant is built; conversion capital is not charged in the model. Oil prices follow the market's 90th-percentile (high) path from Brent options. Rooftop solar continues its recent trend to about 1,560 MW by 2050. Utility-solar capital carries an 80% Hawaiʻi premium (1.5x the study baseline).",28.7487,0.45,0.0025,0.00234241,outputs_nlv2s_be_pv15_lngconv_heco_highbrent
nlv2s_be_pv15_lngconv_heco_lowbrent,Trend rooftop (sensitivity),lngconv_heco,"Conversions (HECO plant set), terminal committed 2030-44",lowbrent,Market 10th percentile,1.5,Reference,bare-EPC,ATB Moderate,model,0,"Conversions (HECO plant set), terminal committed 2030-44 · low oil · trend rooftop · solar +80%","The LNG import terminal is committed for 2030-2044 and existing plants convert to burn the gas (Kalaeloa, Kahe 5 and 6, and the CIP turbine); no new plant is built; conversion capital is not charged in the model. Oil prices follow the market's 10th-percentile (low) path from Brent options. Rooftop solar continues its recent trend to about 1,560 MW by 2050. Utility-solar capital carries an 80% Hawaiʻi premium (1.5x the study baseline).",22.0585,0.45,0.001,0.000791213,R010_outputs_nlv2s_be_pv15_lngconv_heco_lowbrent
nlv2s_be_pv15_lngconv_heco_refbrent,Trend rooftop (sensitivity),lngconv_heco,"Conversions (HECO plant set), terminal committed 2030-44",refbrent,EIA reference,1.5,Reference,bare-EPC,ATB Moderate,model,0,"Conversions (HECO plant set), terminal committed 2030-44 · EIA-ref oil · trend rooftop · solar +80%","The LNG import terminal is committed for 2030-2044 and existing plants convert to burn the gas (Kalaeloa, Kahe 5 and 6, and the CIP turbine); no new plant is built; conversion capital is not charged in the model. Oil prices follow EIA's reference forecast. Rooftop solar continues its recent trend to about 1,560 MW by 2050. Utility-solar capital carries an 80% Hawaiʻi premium (1.5x the study baseline).",26.4175,0.45,0.0025,0.00213779,outputs_nlv2s_be_pv15_lngconv_heco_refbrent
nlv2s_be_pv15_wb_C6_LNG500_futbrent,Trend rooftop (sensitivity),wb_C6_LNG500,"JERA LNG plant, 500 MW",futbrent,Brent futures,1.5,Reference,bare-EPC,ATB Moderate,model,0,"JERA LNG plant, 500 MW · futures oil · trend rooftop · solar +80%","JERA's proposal alone: LNG imports from 2030 with a new 500 MW combined-cycle plant; no Waiau Repower. Oil prices follow the Brent futures strip (the market's central view). Rooftop solar continues its recent trend to about 1,560 MW by 2050. Utility-solar capital carries an 80% Hawaiʻi premium (1.5x the study baseline).",26.0849,0.0,0.001,0.000929485,R010_outputs_nlv2s_be_pv15_wb_C6_LNG500_futbrent
nlv2s_be_pv15_wb_C6_LNG500_highbrent,Trend rooftop (sensitivity),wb_C6_LNG500,"JERA LNG plant, 500 MW",highbrent,Market 90th percentile,1.5,Reference,bare-EPC,ATB Moderate,model,0,"JERA LNG plant, 500 MW · high oil · trend rooftop · solar +80%","JERA's proposal alone: LNG imports from 2030 with a new 500 MW combined-cycle plant; no Waiau Repower. Oil prices follow the market's 90th-percentile (high) path from Brent options. Rooftop solar continues its recent trend to about 1,560 MW by 2050. Utility-solar capital carries an 80% Hawaiʻi premium (1.5x the study baseline).",30.0589,0.0,0.001,0.00099884,R010_outputs_nlv2s_be_pv15_wb_C6_LNG500_highbrent
nlv2s_be_pv15_wb_C6_LNG500_lowbrent,Trend rooftop (sensitivity),wb_C6_LNG500,"JERA LNG plant, 500 MW",lowbrent,Market 10th percentile,1.5,Reference,bare-EPC,ATB Moderate,model,0,"JERA LNG plant, 500 MW · low oil · trend rooftop · solar +80%","JERA's proposal alone: LNG imports from 2030 with a new 500 MW combined-cycle plant; no Waiau Repower. Oil prices follow the market's 10th-percentile (low) path from Brent options. Rooftop solar continues its recent trend to about 1,560 MW by 2050. Utility-solar capital carries an 80% Hawaiʻi premium (1.5x the study baseline).",23.8352,0.0,0.001,0.000679942,R010_outputs_nlv2s_be_pv15_wb_C6_LNG500_lowbrent
nlv2s_be_pv15_wb_C6_LNG500_refbrent,Trend rooftop (sensitivity),wb_C6_LNG500,"JERA LNG plant, 500 MW",refbrent,EIA reference,1.5,Reference,bare-EPC,ATB Moderate,model,0,"JERA LNG plant, 500 MW · EIA-ref oil · trend rooftop · solar +80%","JERA's proposal alone: LNG imports from 2030 with a new 500 MW combined-cycle plant; no Waiau Repower. Oil prices follow EIA's reference forecast. Rooftop solar continues its recent trend to about 1,560 MW by 2050. Utility-solar capital carries an 80% Hawaiʻi premium (1.5x the study baseline).",27.8128,0.0,0.001,0.000919348,R010_outputs_nlv2s_be_pv15_wb_C6_LNG500_refbrent
nlv2s_be_pv15_wb_C6_LNG500_refbrent_j120,Trend rooftop (sensitivity),wb_C6_LNG500,"JERA LNG plant, 500 MW",refbrent,EIA reference,1.5,Reference,+20%,ATB Moderate,model,0,"JERA LNG plant, 500 MW · EIA-ref oil · trend rooftop · solar +80% · JERA +20%","JERA's proposal alone: LNG imports from 2030 with a new 500 MW combined-cycle plant; no Waiau Repower. Oil prices follow EIA's reference forecast. Rooftop solar continues its recent trend to about 1,560 MW by 2050. Utility-solar capital carries an 80% Hawaiʻi premium (1.5x the study baseline). JERA plant capital at the +20% case.",28.2478,0.0,0.0025,0.00212299,outputs_nlv2s_be_pv15_wb_C6_LNG500_refbrent_j120
nlv2s_be_pv17_C1_LSFO250_refbrent,Trend rooftop (sensitivity),C1_LSFO250,"New LSFO plant, 250 MW",refbrent,EIA reference,1.7,Reference,bare-EPC,ATB Moderate,model,0,"New LSFO plant, 250 MW · EIA-ref oil · trend rooftop · solar +104%","A new 250 MW combined-cycle plant burning low-sulfur fuel oil is built; no LNG imports. Oil prices follow EIA's reference forecast. Rooftop solar continues its recent trend to about 1,560 MW by 2050. Utility-solar capital carries a 104% Hawaiʻi premium (1.7x the study baseline).",28.5532,0.0,0.001,0.000987523,R010_outputs_nlv2s_be_pv17_C1_LSFO250_refbrent
nlv2s_be_pv17_C1_LSFO250_refbrent_adv,Trend rooftop (sensitivity),C1_LSFO250,"New LSFO plant, 250 MW",refbrent,EIA reference,1.7,Reference,bare-EPC,ATB Advanced,model,0,"New LSFO plant, 250 MW · EIA-ref oil · trend rooftop · solar +104% · ATB-Adv","A new 250 MW combined-cycle plant burning low-sulfur fuel oil is built; no LNG imports. Oil prices follow EIA's reference forecast. Rooftop solar continues its recent trend to about 1,560 MW by 2050. Utility-solar capital carries a 104% Hawaiʻi premium (1.7x the study baseline). Solar and battery costs follow ATB's cheaper Advanced projection.",26.9175,0.0,0.001,0.000806601,R010_outputs_nlv2s_be_pv17_C1_LSFO250_refbrent_adv
nlv2s_be_pv17_C4_NOTHERMAL_futbrent,Trend rooftop (sensitivity),C4_NOTHERMAL,No new fuel plant,futbrent,Brent futures,1.7,Reference,bare-EPC,ATB Moderate,model,0,No new fuel plant · futures oil · trend rooftop · solar +104%,"No new fuel-burning plant is built; solar, storage, wind, and geothermal grow on top of the existing fleet. Oil prices follow the Brent futures strip (the market's central view). Rooftop solar continues its recent trend to about 1,560 MW by 2050. Utility-solar capital carries a 104% Hawaiʻi premium (1.7x the study baseline).",26.3937,0.0,0.001,0.000963904,R010_outputs_nlv2s_be_pv17_C4_NOTHERMAL_futbrent
nlv2s_be_pv17_C4_NOTHERMAL_highbrent,Trend rooftop (sensitivity),C4_NOTHERMAL,No new fuel plant,highbrent,Market 90th percentile,1.7,Reference,bare-EPC,ATB Moderate,model,0,No new fuel plant · high oil · trend rooftop · solar +104%,"No new fuel-burning plant is built; solar, storage, wind, and geothermal grow on top of the existing fleet. Oil prices follow the market's 90th-percentile (high) path from Brent options. Rooftop solar continues its recent trend to about 1,560 MW by 2050. Utility-solar capital carries a 104% Hawaiʻi premium (1.7x the study baseline).",30.4448,0.0,0.001,0.00099454,R010_outputs_nlv2s_be_pv17_C4_NOTHERMAL_highbrent
nlv2s_be_pv17_C4_NOTHERMAL_lowbrent,Trend rooftop (sensitivity),C4_NOTHERMAL,No new fuel plant,lowbrent,Market 10th percentile,1.7,Reference,bare-EPC,ATB Moderate,model,0,No new fuel plant · low oil · trend rooftop · solar +104%,"No new fuel-burning plant is built; solar, storage, wind, and geothermal grow on top of the existing fleet. Oil prices follow the market's 10th-percentile (low) path from Brent options. Rooftop solar continues its recent trend to about 1,560 MW by 2050. Utility-solar capital carries a 104% Hawaiʻi premium (1.7x the study baseline).",22.8626,0.0,0.001,0.000999598,R010_outputs_nlv2s_be_pv17_C4_NOTHERMAL_lowbrent
nlv2s_be_pv17_C4_NOTHERMAL_refbrent,Trend rooftop (sensitivity),C4_NOTHERMAL,No new fuel plant,refbrent,EIA reference,1.7,Reference,bare-EPC,ATB Moderate,model,0,No new fuel plant · EIA-ref oil · trend rooftop · solar +104%,"No new fuel-burning plant is built; solar, storage, wind, and geothermal grow on top of the existing fleet. Oil prices follow EIA's reference forecast. Rooftop solar continues its recent trend to about 1,560 MW by 2050. Utility-solar capital carries a 104% Hawaiʻi premium (1.7x the study baseline).",28.322,0.0,0.001,0.000951467,R010_outputs_nlv2s_be_pv17_C4_NOTHERMAL_refbrent
nlv2s_be_pv17_C4_NOTHERMAL_refbrent_adv,Trend rooftop (sensitivity),C4_NOTHERMAL,No new fuel plant,refbrent,EIA reference,1.7,Reference,bare-EPC,ATB Advanced,model,0,No new fuel plant · EIA-ref oil · trend rooftop · solar +104% · ATB-Adv,"No new fuel-burning plant is built; solar, storage, wind, and geothermal grow on top of the existing fleet. Oil prices follow EIA's reference forecast. Rooftop solar continues its recent trend to about 1,560 MW by 2050. Utility-solar capital carries a 104% Hawaiʻi premium (1.7x the study baseline). Solar and battery costs follow ATB's cheaper Advanced projection.",26.5444,0.0,0.001,0.000910835,R010_outputs_nlv2s_be_pv17_C4_NOTHERMAL_refbrent_adv
nlv2s_be_pv17_C6_STATUSQUO_futbrent,Trend rooftop (sensitivity),C6_STATUSQUO,Waiau Repower + JERA LNG 500 (both projects),futbrent,Brent futures,1.7,Reference,bare-EPC,ATB Moderate,model,0,Waiau Repower + JERA LNG 500 (both projects) · futures oil · trend rooftop · solar +104%,"Both proposed projects are built: the Waiau Repower and JERA's 500 MW LNG plant with imports from 2030. No party has proposed this combination; it is modeled as an upper bound on new thermal capacity. Oil prices follow the Brent futures strip (the market's central view). Rooftop solar continues its recent trend to about 1,560 MW by 2050. Utility-solar capital carries a 104% Hawaiʻi premium (1.7x the study baseline).",28.0318,0.0,0.001,0.000898263,R010_outputs_nlv2s_be_pv17_C6_STATUSQUO_futbrent
nlv2s_be_pv17_C6_STATUSQUO_highbrent,Trend rooftop (sensitivity),C6_STATUSQUO,Waiau Repower + JERA LNG 500 (both projects),highbrent,Market 90th percentile,1.7,Reference,bare-EPC,ATB Moderate,model,0,Waiau Repower + JERA LNG 500 (both projects) · high oil · trend rooftop · solar +104%,"Both proposed projects are built: the Waiau Repower and JERA's 500 MW LNG plant with imports from 2030. No party has proposed this combination; it is modeled as an upper bound on new thermal capacity. Oil prices follow the market's 90th-percentile (high) path from Brent options. Rooftop solar continues its recent trend to about 1,560 MW by 2050. Utility-solar capital carries a 104% Hawaiʻi premium (1.7x the study baseline).",32.1742,0.0,0.001,0.000748326,R010_outputs_nlv2s_be_pv17_C6_STATUSQUO_highbrent
nlv2s_be_pv17_C6_STATUSQUO_lowbrent,Trend rooftop (sensitivity),C6_STATUSQUO,Waiau Repower + JERA LNG 500 (both projects),lowbrent,Market 10th percentile,1.7,Reference,bare-EPC,ATB Moderate,model,0,Waiau Repower + JERA LNG 500 (both projects) · low oil · trend rooftop · solar +104%,"Both proposed projects are built: the Waiau Repower and JERA's 500 MW LNG plant with imports from 2030. No party has proposed this combination; it is modeled as an upper bound on new thermal capacity. Oil prices follow the market's 10th-percentile (low) path from Brent options. Rooftop solar continues its recent trend to about 1,560 MW by 2050. Utility-solar capital carries a 104% Hawaiʻi premium (1.7x the study baseline).",25.7494,0.0,0.001,0.000510628,R010_outputs_nlv2s_be_pv17_C6_STATUSQUO_lowbrent
nlv2s_be_pv17_C6_STATUSQUO_refbrent,Trend rooftop (sensitivity),C6_STATUSQUO,Waiau Repower + JERA LNG 500 (both projects),refbrent,EIA reference,1.7,Reference,bare-EPC,ATB Moderate,model,0,Waiau Repower + JERA LNG 500 (both projects) · EIA-ref oil · trend rooftop · solar +104%,"Both proposed projects are built: the Waiau Repower and JERA's 500 MW LNG plant with imports from 2030. No party has proposed this combination; it is modeled as an upper bound on new thermal capacity. Oil prices follow EIA's reference forecast. Rooftop solar continues its recent trend to about 1,560 MW by 2050. Utility-solar capital carries a 104% Hawaiʻi premium (1.7x the study baseline).",29.8301,0.0,0.001,0.000886257,R010_outputs_nlv2s_be_pv17_C6_STATUSQUO_refbrent
nlv2s_be_pv17_lngconv_heco_futbrent,Trend rooftop (sensitivity),lngconv_heco,"Conversions (HECO plant set), terminal committed 2030-44",futbrent,Brent futures,1.7,Reference,bare-EPC,ATB Moderate,model,0,"Conversions (HECO plant set), terminal committed 2030-44 · futures oil · trend rooftop · solar +104%","The LNG import terminal is committed for 2030-2044 and existing plants convert to burn the gas (Kalaeloa, Kahe 5 and 6, and the CIP turbine); no new plant is built; conversion capital is not charged in the model. Oil prices follow the Brent futures strip (the market's central view). Rooftop solar continues its recent trend to about 1,560 MW by 2050. Utility-solar capital carries a 104% Hawaiʻi premium (1.7x the study baseline).",24.9367,0.45,0.001,0.000923427,R010_outputs_nlv2s_be_pv17_lngconv_heco_futbrent
nlv2s_be_pv17_lngconv_heco_highbrent,Trend rooftop (sensitivity),lngconv_heco,"Conversions (HECO plant set), terminal committed 2030-44",highbrent,Market 90th percentile,1.7,Reference,bare-EPC,ATB Moderate,model,0,"Conversions (HECO plant set), terminal committed 2030-44 · high oil · trend rooftop · solar +104%","The LNG import terminal is committed for 2030-2044 and existing plants convert to burn the gas (Kalaeloa, Kahe 5 and 6, and the CIP turbine); no new plant is built; conversion capital is not charged in the model. Oil prices follow the market's 90th-percentile (high) path from Brent options. Rooftop solar continues its recent trend to about 1,560 MW by 2050. Utility-solar capital carries a 104% Hawaiʻi premium (1.7x the study baseline).",29.4878,0.45,0.0025,0.0022625,outputs_nlv2s_be_pv17_lngconv_heco_highbrent
nlv2s_be_pv17_lngconv_heco_lowbrent,Trend rooftop (sensitivity),lngconv_heco,"Conversions (HECO plant set), terminal committed 2030-44",lowbrent,Market 10th percentile,1.7,Reference,bare-EPC,ATB Moderate,model,0,"Conversions (HECO plant set), terminal committed 2030-44 · low oil · trend rooftop · solar +104%","The LNG import terminal is committed for 2030-2044 and existing plants convert to burn the gas (Kalaeloa, Kahe 5 and 6, and the CIP turbine); no new plant is built; conversion capital is not charged in the model. Oil prices follow the market's 10th-percentile (low) path from Brent options. Rooftop solar continues its recent trend to about 1,560 MW by 2050. Utility-solar capital carries a 104% Hawaiʻi premium (1.7x the study baseline).",22.5057,0.45,0.001,0.000797909,R010_outputs_nlv2s_be_pv17_lngconv_heco_lowbrent
nlv2s_be_pv17_lngconv_heco_refbrent,Trend rooftop (sensitivity),lngconv_heco,"Conversions (HECO plant set), terminal committed 2030-44",refbrent,EIA reference,1.7,Reference,bare-EPC,ATB Moderate,model,0,"Conversions (HECO plant set), terminal committed 2030-44 · EIA-ref oil · trend rooftop · solar +104%","The LNG import terminal is committed for 2030-2044 and existing plants convert to burn the gas (Kalaeloa, Kahe 5 and 6, and the CIP turbine); no new plant is built; conversion capital is not charged in the model. Oil prices follow EIA's reference forecast. Rooftop solar continues its recent trend to about 1,560 MW by 2050. Utility-solar capital carries a 104% Hawaiʻi premium (1.7x the study baseline).",26.99,0.45,0.001,0.0009962,R010_outputs_nlv2s_be_pv17_lngconv_heco_refbrent
nlv2s_be_pv17_wb_C6_LNG500_futbrent,Trend rooftop (sensitivity),wb_C6_LNG500,"JERA LNG plant, 500 MW",futbrent,Brent futures,1.7,Reference,bare-EPC,ATB Moderate,model,0,"JERA LNG plant, 500 MW · futures oil · trend rooftop · solar +104%","JERA's proposal alone: LNG imports from 2030 with a new 500 MW combined-cycle plant; no Waiau Repower. Oil prices follow the Brent futures strip (the market's central view). Rooftop solar continues its recent trend to about 1,560 MW by 2050. Utility-solar capital carries a 104% Hawaiʻi premium (1.7x the study baseline).",26.5574,0.0,0.001,0.000969283,R010_outputs_nlv2s_be_pv17_wb_C6_LNG500_futbrent
nlv2s_be_pv17_wb_C6_LNG500_highbrent,Trend rooftop (sensitivity),wb_C6_LNG500,"JERA LNG plant, 500 MW",highbrent,Market 90th percentile,1.7,Reference,bare-EPC,ATB Moderate,model,0,"JERA LNG plant, 500 MW · high oil · trend rooftop · solar +104%","JERA's proposal alone: LNG imports from 2030 with a new 500 MW combined-cycle plant; no Waiau Repower. Oil prices follow the market's 90th-percentile (high) path from Brent options. Rooftop solar continues its recent trend to about 1,560 MW by 2050. Utility-solar capital carries a 104% Hawaiʻi premium (1.7x the study baseline).",30.6917,0.0,0.001,0.000796861,R010_outputs_nlv2s_be_pv17_wb_C6_LNG500_highbrent
nlv2s_be_pv17_wb_C6_LNG500_lowbrent,Trend rooftop (sensitivity),wb_C6_LNG500,"JERA LNG plant, 500 MW",lowbrent,Market 10th percentile,1.7,Reference,bare-EPC,ATB Moderate,model,0,"JERA LNG plant, 500 MW · low oil · trend rooftop · solar +104%","JERA's proposal alone: LNG imports from 2030 with a new 500 MW combined-cycle plant; no Waiau Repower. Oil prices follow the market's 10th-percentile (low) path from Brent options. Rooftop solar continues its recent trend to about 1,560 MW by 2050. Utility-solar capital carries a 104% Hawaiʻi premium (1.7x the study baseline).",24.2825,0.0,0.001,0.000997438,R010_outputs_nlv2s_be_pv17_wb_C6_LNG500_lowbrent
nlv2s_be_pv17_wb_C6_LNG500_refbrent,Trend rooftop (sensitivity),wb_C6_LNG500,"JERA LNG plant, 500 MW",refbrent,EIA reference,1.7,Reference,bare-EPC,ATB Moderate,model,0,"JERA LNG plant, 500 MW · EIA-ref oil · trend rooftop · solar +104%","JERA's proposal alone: LNG imports from 2030 with a new 500 MW combined-cycle plant; no Waiau Repower. Oil prices follow EIA's reference forecast. Rooftop solar continues its recent trend to about 1,560 MW by 2050. Utility-solar capital carries a 104% Hawaiʻi premium (1.7x the study baseline).",28.3604,0.0,0.001,0.000969674,R010_outputs_nlv2s_be_pv17_wb_C6_LNG500_refbrent
nlv2s_be_pv17_wb_C6_LNG500_refbrent_j120,Trend rooftop (sensitivity),wb_C6_LNG500,"JERA LNG plant, 500 MW",refbrent,EIA reference,1.7,Reference,+20%,ATB Moderate,model,0,"JERA LNG plant, 500 MW · EIA-ref oil · trend rooftop · solar +104% · JERA +20%","JERA's proposal alone: LNG imports from 2030 with a new 500 MW combined-cycle plant; no Waiau Repower. Oil prices follow EIA's reference forecast. Rooftop solar continues its recent trend to about 1,560 MW by 2050. Utility-solar capital carries a 104% Hawaiʻi premium (1.7x the study baseline). JERA plant capital at the +20% case.",28.7867,0.0,0.001,0.000973134,R010_outputs_nlv2s_be_pv17_wb_C6_LNG500_refbrent_j120
nlv2s_egs_high_lng_forced_refbrent,Trend rooftop (sensitivity),egs_high_lng_forced,"Geothermal at high cost, JERA LNG forced",refbrent,EIA reference,1.0,Reference,bare-EPC,ATB Moderate,model,0,"Geothermal at high cost, JERA LNG forced · EIA-ref oil · trend rooftop","Enhanced geothermal at its high cost case; the JERA LNG bundle is forced in. Oil prices follow EIA's reference forecast. Rooftop solar continues its recent trend to about 1,560 MW by 2050.",26.5163,0.0,0.001,0.00090965,R010_outputs_nlv2s_egs_high_lng_forced_refbrent
nlv2s_egs_high_lng_forced_refbrent_adv,Trend rooftop (sensitivity),egs_high_lng_forced,"Geothermal at high cost, JERA LNG forced",refbrent,EIA reference,1.0,Reference,bare-EPC,ATB Advanced,model,0,"Geothermal at high cost, JERA LNG forced · EIA-ref oil · trend rooftop · ATB-Adv","Enhanced geothermal at its high cost case; the JERA LNG bundle is forced in. Oil prices follow EIA's reference forecast. Rooftop solar continues its recent trend to about 1,560 MW by 2050. Solar and battery costs follow ATB's cheaper Advanced projection.",25.0909,0.0,0.001,0.00085577,R010_outputs_nlv2s_egs_high_lng_forced_refbrent_adv
nlv2s_egs_high_lng_forced_refbrent_j120_adv,Trend rooftop (sensitivity),egs_high_lng_forced,"Geothermal at high cost, JERA LNG forced",refbrent,EIA reference,1.0,Reference,+20%,ATB Advanced,model,0,"Geothermal at high cost, JERA LNG forced · EIA-ref oil · trend rooftop · ATB-Adv · JERA +20%","Enhanced geothermal at its high cost case; the JERA LNG bundle is forced in. Oil prices follow EIA's reference forecast. Rooftop solar continues its recent trend to about 1,560 MW by 2050. Solar and battery costs follow ATB's cheaper Advanced projection. JERA plant capital at the +20% case.",25.521,0.0,0.001,0.000993628,R010_outputs_nlv2s_egs_high_lng_forced_refbrent_j120_adv
nlv2s_egs_high_no_lng_futbrent_adv,Trend rooftop (sensitivity),egs_high_no_lng,"Geothermal at high cost, no LNG",futbrent,Brent futures,1.0,Reference,bare-EPC,ATB Advanced,model,0,"Geothermal at high cost, no LNG · futures oil · trend rooftop · ATB-Adv","Enhanced geothermal at its high cost case; no LNG. Oil prices follow the Brent futures strip (the market's central view). Rooftop solar continues its recent trend to about 1,560 MW by 2050. Solar and battery costs follow ATB's cheaper Advanced projection.",22.9351,0.0,0.0025,0.00245502,outputs_nlv2s_egs_high_no_lng_futbrent_adv
nlv2s_egs_high_no_lng_highbrent_adv,Trend rooftop (sensitivity),egs_high_no_lng,"Geothermal at high cost, no LNG",highbrent,Market 90th percentile,1.0,Reference,bare-EPC,ATB Advanced,model,0,"Geothermal at high cost, no LNG · high oil · trend rooftop · ATB-Adv","Enhanced geothermal at its high cost case; no LNG. Oil prices follow the market's 90th-percentile (high) path from Brent options. Rooftop solar continues its recent trend to about 1,560 MW by 2050. Solar and battery costs follow ATB's cheaper Advanced projection.",25.7629,0.0,0.001,0.000881405,R010_outputs_nlv2s_egs_high_no_lng_highbrent_adv
nlv2s_egs_high_no_lng_lowbrent_adv,Trend rooftop (sensitivity),egs_high_no_lng,"Geothermal at high cost, no LNG",lowbrent,Market 10th percentile,1.0,Reference,bare-EPC,ATB Advanced,model,0,"Geothermal at high cost, no LNG · low oil · trend rooftop · ATB-Adv","Enhanced geothermal at its high cost case; no LNG. Oil prices follow the market's 10th-percentile (low) path from Brent options. Rooftop solar continues its recent trend to about 1,560 MW by 2050. Solar and battery costs follow ATB's cheaper Advanced projection.",19.8749,0.0,0.001,0.000907295,R010_outputs_nlv2s_egs_high_no_lng_lowbrent_adv
nlv2s_egs_high_no_lng_refbrent_adv,Trend rooftop (sensitivity),egs_high_no_lng,"Geothermal at high cost, no LNG",refbrent,EIA reference,1.0,Reference,bare-EPC,ATB Advanced,model,0,"Geothermal at high cost, no LNG · EIA-ref oil · trend rooftop · ATB-Adv","Enhanced geothermal at its high cost case; no LNG. Oil prices follow EIA's reference forecast. Rooftop solar continues its recent trend to about 1,560 MW by 2050. Solar and battery costs follow ATB's cheaper Advanced projection.",24.4585,0.0,0.0025,0.00236122,outputs_nlv2s_egs_high_no_lng_refbrent_adv
nlv2s_egs_low_lng_forced_refbrent,Trend rooftop (sensitivity),egs_low_lng_forced,"Geothermal at low cost, JERA LNG forced",refbrent,EIA reference,1.0,Reference,bare-EPC,ATB Moderate,model,0,"Geothermal at low cost, JERA LNG forced · EIA-ref oil · trend rooftop","Enhanced geothermal at its low cost case; the JERA LNG bundle is forced in. Oil prices follow EIA's reference forecast. Rooftop solar continues its recent trend to about 1,560 MW by 2050.",25.8784,0.0,0.001,0.000992472,R010_outputs_nlv2s_egs_low_lng_forced_refbrent
nlv2s_egs_low_lng_forced_refbrent_adv,Trend rooftop (sensitivity),egs_low_lng_forced,"Geothermal at low cost, JERA LNG forced",refbrent,EIA reference,1.0,Reference,bare-EPC,ATB Advanced,model,0,"Geothermal at low cost, JERA LNG forced · EIA-ref oil · trend rooftop · ATB-Adv","Enhanced geothermal at its low cost case; the JERA LNG bundle is forced in. Oil prices follow EIA's reference forecast. Rooftop solar continues its recent trend to about 1,560 MW by 2050. Solar and battery costs follow ATB's cheaper Advanced projection.",24.6285,0.0,0.001,0.000648347,R010_outputs_nlv2s_egs_low_lng_forced_refbrent_adv
nlv2s_egs_low_lng_forced_refbrent_j120,Trend rooftop (sensitivity),egs_low_lng_forced,"Geothermal at low cost, JERA LNG forced",refbrent,EIA reference,1.0,Reference,+20%,ATB Moderate,model,0,"Geothermal at low cost, JERA LNG forced · EIA-ref oil · trend rooftop · JERA +20%","Enhanced geothermal at its low cost case; the JERA LNG bundle is forced in. Oil prices follow EIA's reference forecast. Rooftop solar continues its recent trend to about 1,560 MW by 2050. JERA plant capital at the +20% case.",26.3041,0.0,0.001,0.000974353,R010_outputs_nlv2s_egs_low_lng_forced_refbrent_j120
nlv2s_egs_low_lng_forced_refbrent_j120_adv,Trend rooftop (sensitivity),egs_low_lng_forced,"Geothermal at low cost, JERA LNG forced",refbrent,EIA reference,1.0,Reference,+20%,ATB Advanced,model,0,"Geothermal at low cost, JERA LNG forced · EIA-ref oil · trend rooftop · ATB-Adv · JERA +20%","Enhanced geothermal at its low cost case; the JERA LNG bundle is forced in. Oil prices follow EIA's reference forecast. Rooftop solar continues its recent trend to about 1,560 MW by 2050. Solar and battery costs follow ATB's cheaper Advanced projection. JERA plant capital at the +20% case.",25.0526,0.0,0.001,0.000565018,R010_outputs_nlv2s_egs_low_lng_forced_refbrent_j120_adv
nlv2s_egs_low_no_lng_futbrent_adv,Trend rooftop (sensitivity),egs_low_no_lng,"Geothermal at low cost, no LNG",futbrent,Brent futures,1.0,Reference,bare-EPC,ATB Advanced,model,0,"Geothermal at low cost, no LNG · futures oil · trend rooftop · ATB-Adv","Enhanced geothermal at its low cost case; no LNG. Oil prices follow the Brent futures strip (the market's central view). Rooftop solar continues its recent trend to about 1,560 MW by 2050. Solar and battery costs follow ATB's cheaper Advanced projection.",22.4424,0.0,0.0025,0.00226134,outputs_nlv2s_egs_low_no_lng_futbrent_adv
nlv2s_egs_low_no_lng_highbrent,Trend rooftop (sensitivity),egs_low_no_lng,"Geothermal at low cost, no LNG",highbrent,Market 90th percentile,1.0,Reference,bare-EPC,ATB Moderate,model,0,"Geothermal at low cost, no LNG · high oil · trend rooftop","Enhanced geothermal at its low cost case; no LNG. Oil prices follow the market's 90th-percentile (high) path from Brent options. Rooftop solar continues its recent trend to about 1,560 MW by 2050.",26.7942,0.0,0.001,0.000962388,R010_outputs_nlv2s_egs_low_no_lng_highbrent
nlv2s_egs_low_no_lng_highbrent_adv,Trend rooftop (sensitivity),egs_low_no_lng,"Geothermal at low cost, no LNG",highbrent,Market 90th percentile,1.0,Reference,bare-EPC,ATB Advanced,model,0,"Geothermal at low cost, no LNG · high oil · trend rooftop · ATB-Adv","Enhanced geothermal at its low cost case; no LNG. Oil prices follow the market's 90th-percentile (high) path from Brent options. Rooftop solar continues its recent trend to about 1,560 MW by 2050. Solar and battery costs follow ATB's cheaper Advanced projection.",25.0566,0.0,0.001,0.000973607,R010_outputs_nlv2s_egs_low_no_lng_highbrent_adv
nlv2s_egs_low_no_lng_lowbrent_adv,Trend rooftop (sensitivity),egs_low_no_lng,"Geothermal at low cost, no LNG",lowbrent,Market 10th percentile,1.0,Reference,bare-EPC,ATB Advanced,model,0,"Geothermal at low cost, no LNG · low oil · trend rooftop · ATB-Adv","Enhanced geothermal at its low cost case; no LNG. Oil prices follow the market's 10th-percentile (low) path from Brent options. Rooftop solar continues its recent trend to about 1,560 MW by 2050. Solar and battery costs follow ATB's cheaper Advanced projection.",19.5809,0.0,0.0025,0.00202459,outputs_nlv2s_egs_low_no_lng_lowbrent_adv
nlv2s_egs_low_no_lng_refbrent,Trend rooftop (sensitivity),egs_low_no_lng,"Geothermal at low cost, no LNG",refbrent,EIA reference,1.0,Reference,bare-EPC,ATB Moderate,model,0,"Geothermal at low cost, no LNG · EIA-ref oil · trend rooftop","Enhanced geothermal at its low cost case; no LNG. Oil prices follow EIA's reference forecast. Rooftop solar continues its recent trend to about 1,560 MW by 2050.",25.3444,0.0,0.0025,0.00249917,outputs_nlv2s_egs_low_no_lng_refbrent
nlv2s_egs_low_no_lng_refbrent_adv,Trend rooftop (sensitivity),egs_low_no_lng,"Geothermal at low cost, no LNG",refbrent,EIA reference,1.0,Reference,bare-EPC,ATB Advanced,model,0,"Geothermal at low cost, no LNG · EIA-ref oil · trend rooftop · ATB-Adv","Enhanced geothermal at its low cost case; no LNG. Oil prices follow EIA's reference forecast. Rooftop solar continues its recent trend to about 1,560 MW by 2050. Solar and battery costs follow ATB's cheaper Advanced projection.",23.7989,0.0,0.0025,0.00249824,outputs_nlv2s_egs_low_no_lng_refbrent_adv
nlv2s_egs_none_lng_forced_refbrent,Trend rooftop (sensitivity),egs_none_lng_forced,"Geothermal blocked, JERA LNG forced",refbrent,EIA reference,1.0,Reference,bare-EPC,ATB Moderate,model,0,"Geothermal blocked, JERA LNG forced · EIA-ref oil · trend rooftop","Enhanced geothermal is unavailable and the JERA LNG bundle is forced in. Oil prices follow EIA's reference forecast. Rooftop solar continues its recent trend to about 1,560 MW by 2050.",26.5529,0.0,0.0025,0.00203723,outputs_nlv2s_egs_none_lng_forced_refbrent
nlv2s_egs_none_lng_forced_refbrent_adv,Trend rooftop (sensitivity),egs_none_lng_forced,"Geothermal blocked, JERA LNG forced",refbrent,EIA reference,1.0,Reference,bare-EPC,ATB Advanced,model,0,"Geothermal blocked, JERA LNG forced · EIA-ref oil · trend rooftop · ATB-Adv","Enhanced geothermal is unavailable and the JERA LNG bundle is forced in. Oil prices follow EIA's reference forecast. Rooftop solar continues its recent trend to about 1,560 MW by 2050. Solar and battery costs follow ATB's cheaper Advanced projection.",25.1287,0.0,0.0025,0.00239523,outputs_nlv2s_egs_none_lng_forced_refbrent_adv
nlv2s_egs_none_lng_forced_refbrent_j120,Trend rooftop (sensitivity),egs_none_lng_forced,"Geothermal blocked, JERA LNG forced",refbrent,EIA reference,1.0,Reference,+20%,ATB Moderate,model,0,"Geothermal blocked, JERA LNG forced · EIA-ref oil · trend rooftop · JERA +20%","Enhanced geothermal is unavailable and the JERA LNG bundle is forced in. Oil prices follow EIA's reference forecast. Rooftop solar continues its recent trend to about 1,560 MW by 2050. JERA plant capital at the +20% case.",26.9844,0.0,0.0025,0.00221257,outputs_nlv2s_egs_none_lng_forced_refbrent_j120
nlv2s_egs_none_lng_forced_refbrent_j120_adv,Trend rooftop (sensitivity),egs_none_lng_forced,"Geothermal blocked, JERA LNG forced",refbrent,EIA reference,1.0,Reference,+20%,ATB Advanced,model,0,"Geothermal blocked, JERA LNG forced · EIA-ref oil · trend rooftop · ATB-Adv · JERA +20%","Enhanced geothermal is unavailable and the JERA LNG bundle is forced in. Oil prices follow EIA's reference forecast. Rooftop solar continues its recent trend to about 1,560 MW by 2050. Solar and battery costs follow ATB's cheaper Advanced projection. JERA plant capital at the +20% case.",25.5509,0.0,0.0025,0.00221361,outputs_nlv2s_egs_none_lng_forced_refbrent_j120_adv
nlv2s_egs_none_no_lng_refbrent,Trend rooftop (sensitivity),egs_none_no_lng,"Geothermal blocked, no LNG",refbrent,EIA reference,1.0,Reference,bare-EPC,ATB Moderate,model,0,"Geothermal blocked, no LNG · EIA-ref oil · trend rooftop","Enhanced geothermal is unavailable and no LNG is imported. Oil prices follow EIA's reference forecast. Rooftop solar continues its recent trend to about 1,560 MW by 2050.",26.1918,0.0,0.0025,0.00139875,outputs_nlv2s_egs_none_no_lng_refbrent
nlv2s_egs_none_no_lng_refbrent_adv,Trend rooftop (sensitivity),egs_none_no_lng,"Geothermal blocked, no LNG",refbrent,EIA reference,1.0,Reference,bare-EPC,ATB Advanced,model,0,"Geothermal blocked, no LNG · EIA-ref oil · trend rooftop · ATB-Adv","Enhanced geothermal is unavailable and no LNG is imported. Oil prices follow EIA's reference forecast. Rooftop solar continues its recent trend to about 1,560 MW by 2050. Solar and battery costs follow ATB's cheaper Advanced projection.",24.442,0.0,0.0025,0.00168501,outputs_nlv2s_egs_none_no_lng_refbrent_adv
nlv2s_egs_ref_lng_forced_refbrent,Trend rooftop (sensitivity),egs_ref_lng_forced,"Geothermal at reference cost, JERA LNG forced",refbrent,EIA reference,1.0,Reference,bare-EPC,ATB Moderate,model,0,"Geothermal at reference cost, JERA LNG forced · EIA-ref oil · trend rooftop","Enhanced geothermal at its reference cost; the JERA LNG bundle is forced in. Oil prices follow EIA's reference forecast. Rooftop solar continues its recent trend to about 1,560 MW by 2050.",26.2301,0.0,0.0025,0.00247138,outputs_nlv2s_egs_ref_lng_forced_refbrent
nlv2s_egs_ref_lng_forced_refbrent_adv,Trend rooftop (sensitivity),egs_ref_lng_forced,"Geothermal at reference cost, JERA LNG forced",refbrent,EIA reference,1.0,Reference,bare-EPC,ATB Advanced,model,0,"Geothermal at reference cost, JERA LNG forced · EIA-ref oil · trend rooftop · ATB-Adv","Enhanced geothermal at its reference cost; the JERA LNG bundle is forced in. Oil prices follow EIA's reference forecast. Rooftop solar continues its recent trend to about 1,560 MW by 2050. Solar and battery costs follow ATB's cheaper Advanced projection.",24.9644,0.0,0.0025,0.00159541,outputs_nlv2s_egs_ref_lng_forced_refbrent_adv
nlv2s_egs_ref_lng_forced_refbrent_j120,Trend rooftop (sensitivity),egs_ref_lng_forced,"Geothermal at reference cost, JERA LNG forced",refbrent,EIA reference,1.0,Reference,+20%,ATB Moderate,model,0,"Geothermal at reference cost, JERA LNG forced · EIA-ref oil · trend rooftop · JERA +20%","Enhanced geothermal at its reference cost; the JERA LNG bundle is forced in. Oil prices follow EIA's reference forecast. Rooftop solar continues its recent trend to about 1,560 MW by 2050. JERA plant capital at the +20% case.",26.6252,0.0,0.0025,0.00198538,outputs_nlv2s_egs_ref_lng_forced_refbrent_j120
nlv2s_egs_ref_lng_forced_refbrent_j120_adv,Trend rooftop (sensitivity),egs_ref_lng_forced,"Geothermal at reference cost, JERA LNG forced",refbrent,EIA reference,1.0,Reference,+20%,ATB Advanced,model,0,"Geothermal at reference cost, JERA LNG forced · EIA-ref oil · trend rooftop · ATB-Adv · JERA +20%","Enhanced geothermal at its reference cost; the JERA LNG bundle is forced in. Oil prices follow EIA's reference forecast. Rooftop solar continues its recent trend to about 1,560 MW by 2050. Solar and battery costs follow ATB's cheaper Advanced projection. JERA plant capital at the +20% case.",25.3881,0.0,0.0025,0.00148856,outputs_nlv2s_egs_ref_lng_forced_refbrent_j120_adv
nlv2s_egs_ref_no_lng_refbrent,Trend rooftop (sensitivity),egs_ref_no_lng,"Geothermal at reference cost, no LNG",refbrent,EIA reference,1.0,Reference,bare-EPC,ATB Moderate,model,0,"Geothermal at reference cost, no LNG · EIA-ref oil · trend rooftop","Enhanced geothermal at its reference cost; no LNG. Oil prices follow EIA's reference forecast. Rooftop solar continues its recent trend to about 1,560 MW by 2050.",25.6502,0.0,0.0025,0.00216463,outputs_nlv2s_egs_ref_no_lng_refbrent
nlv2s_egs_ref_no_lng_refbrent_adv,Trend rooftop (sensitivity),egs_ref_no_lng,"Geothermal at reference cost, no LNG",refbrent,EIA reference,1.0,Reference,bare-EPC,ATB Advanced,model,0,"Geothermal at reference cost, no LNG · EIA-ref oil · trend rooftop · ATB-Adv","Enhanced geothermal at its reference cost; no LNG. Oil prices follow EIA's reference forecast. Rooftop solar continues its recent trend to about 1,560 MW by 2050. Solar and battery costs follow ATB's cheaper Advanced projection.",24.1075,0.0,0.0025,0.00172077,outputs_nlv2s_egs_ref_no_lng_refbrent_adv
nlv2s_lc_C1_LSFO250_futbrent,Trend rooftop (sensitivity),C1_LSFO250,"New LSFO plant, 250 MW",futbrent,Brent futures,1.0,Class-C constrained,bare-EPC,ATB Moderate,model,0,"New LSFO plant, 250 MW · futures oil · trend rooftop · Class-C land","A new 250 MW combined-cycle plant burning low-sulfur fuel oil is built; no LNG imports. Oil prices follow the Brent futures strip (the market's central view). Rooftop solar continues its recent trend to about 1,560 MW by 2050. Utility solar is limited to the Class-C-only land screen.",25.0258,0.0,0.0025,0.00241047,outputs_nlv2s_lc_C1_LSFO250_futbrent
nlv2s_lc_C1_LSFO250_futbrent_adv,Trend rooftop (sensitivity),C1_LSFO250,"New LSFO plant, 250 MW",futbrent,Brent futures,1.0,Class-C constrained,bare-EPC,ATB Advanced,model,0,"New LSFO plant, 250 MW · futures oil · trend rooftop · Class-C land · ATB-Adv","A new 250 MW combined-cycle plant burning low-sulfur fuel oil is built; no LNG imports. Oil prices follow the Brent futures strip (the market's central view). Rooftop solar continues its recent trend to about 1,560 MW by 2050. Utility solar is limited to the Class-C-only land screen. Solar and battery costs follow ATB's cheaper Advanced projection.",23.7404,0.0,0.0025,0.00221543,outputs_nlv2s_lc_C1_LSFO250_futbrent_adv
nlv2s_lc_C1_LSFO250_highbrent,Trend rooftop (sensitivity),C1_LSFO250,"New LSFO plant, 250 MW",highbrent,Market 90th percentile,1.0,Class-C constrained,bare-EPC,ATB Moderate,model,0,"New LSFO plant, 250 MW · high oil · trend rooftop · Class-C land","A new 250 MW combined-cycle plant burning low-sulfur fuel oil is built; no LNG imports. Oil prices follow the market's 90th-percentile (high) path from Brent options. Rooftop solar continues its recent trend to about 1,560 MW by 2050. Utility solar is limited to the Class-C-only land screen.",28.1285,0.0,0.0025,0.00223795,outputs_nlv2s_lc_C1_LSFO250_highbrent
nlv2s_lc_C1_LSFO250_highbrent_adv,Trend rooftop (sensitivity),C1_LSFO250,"New LSFO plant, 250 MW",highbrent,Market 90th percentile,1.0,Class-C constrained,bare-EPC,ATB Advanced,model,0,"New LSFO plant, 250 MW · high oil · trend rooftop · Class-C land · ATB-Adv","A new 250 MW combined-cycle plant burning low-sulfur fuel oil is built; no LNG imports. Oil prices follow the market's 90th-percentile (high) path from Brent options. Rooftop solar continues its recent trend to about 1,560 MW by 2050. Utility solar is limited to the Class-C-only land screen. Solar and battery costs follow ATB's cheaper Advanced projection.",26.5223,0.0,0.0025,0.00149189,outputs_nlv2s_lc_C1_LSFO250_highbrent_adv
nlv2s_lc_C1_LSFO250_lowbrent,Trend rooftop (sensitivity),C1_LSFO250,"New LSFO plant, 250 MW",lowbrent,Market 10th percentile,1.0,Class-C constrained,bare-EPC,ATB Moderate,model,0,"New LSFO plant, 250 MW · low oil · trend rooftop · Class-C land","A new 250 MW combined-cycle plant burning low-sulfur fuel oil is built; no LNG imports. Oil prices follow the market's 10th-percentile (low) path from Brent options. Rooftop solar continues its recent trend to about 1,560 MW by 2050. Utility solar is limited to the Class-C-only land screen.",22.1003,0.0,0.0025,0.00241496,outputs_nlv2s_lc_C1_LSFO250_lowbrent
nlv2s_lc_C1_LSFO250_lowbrent_adv,Trend rooftop (sensitivity),C1_LSFO250,"New LSFO plant, 250 MW",lowbrent,Market 10th percentile,1.0,Class-C constrained,bare-EPC,ATB Advanced,model,0,"New LSFO plant, 250 MW · low oil · trend rooftop · Class-C land · ATB-Adv","A new 250 MW combined-cycle plant burning low-sulfur fuel oil is built; no LNG imports. Oil prices follow the market's 10th-percentile (low) path from Brent options. Rooftop solar continues its recent trend to about 1,560 MW by 2050. Utility solar is limited to the Class-C-only land screen. Solar and battery costs follow ATB's cheaper Advanced projection.",20.976,0.0,0.0025,0.00167179,outputs_nlv2s_lc_C1_LSFO250_lowbrent_adv
nlv2s_lc_C1_LSFO250_refbrent,Trend rooftop (sensitivity),C1_LSFO250,"New LSFO plant, 250 MW",refbrent,EIA reference,1.0,Class-C constrained,bare-EPC,ATB Moderate,model,0,"New LSFO plant, 250 MW · EIA-ref oil · trend rooftop · Class-C land","A new 250 MW combined-cycle plant burning low-sulfur fuel oil is built; no LNG imports. Oil prices follow EIA's reference forecast. Rooftop solar continues its recent trend to about 1,560 MW by 2050. Utility solar is limited to the Class-C-only land screen.",26.4912,0.0,0.0025,0.00194787,outputs_nlv2s_lc_C1_LSFO250_refbrent
nlv2s_lc_C1_LSFO250_refbrent_adv,Trend rooftop (sensitivity),C1_LSFO250,"New LSFO plant, 250 MW",refbrent,EIA reference,1.0,Class-C constrained,bare-EPC,ATB Advanced,model,0,"New LSFO plant, 250 MW · EIA-ref oil · trend rooftop · Class-C land · ATB-Adv","A new 250 MW combined-cycle plant burning low-sulfur fuel oil is built; no LNG imports. Oil prices follow EIA's reference forecast. Rooftop solar continues its recent trend to about 1,560 MW by 2050. Utility solar is limited to the Class-C-only land screen. Solar and battery costs follow ATB's cheaper Advanced projection.",25.1079,0.0,0.0025,0.00181036,outputs_nlv2s_lc_C1_LSFO250_refbrent_adv
nlv2s_lc_C2_LSFO375_futbrent,Trend rooftop (sensitivity),C2_LSFO375,"New LSFO plant, 375 MW",futbrent,Brent futures,1.0,Class-C constrained,bare-EPC,ATB Moderate,model,0,"New LSFO plant, 375 MW · futures oil · trend rooftop · Class-C land","A new 375 MW combined-cycle plant burning low-sulfur fuel oil is built; no LNG imports. Oil prices follow the Brent futures strip (the market's central view). Rooftop solar continues its recent trend to about 1,560 MW by 2050. Utility solar is limited to the Class-C-only land screen.",25.3923,0.0,0.0025,0.00141984,outputs_nlv2s_lc_C2_LSFO375_futbrent
nlv2s_lc_C2_LSFO375_futbrent_adv,Trend rooftop (sensitivity),C2_LSFO375,"New LSFO plant, 375 MW",futbrent,Brent futures,1.0,Class-C constrained,bare-EPC,ATB Advanced,model,0,"New LSFO plant, 375 MW · futures oil · trend rooftop · Class-C land · ATB-Adv","A new 375 MW combined-cycle plant burning low-sulfur fuel oil is built; no LNG imports. Oil prices follow the Brent futures strip (the market's central view). Rooftop solar continues its recent trend to about 1,560 MW by 2050. Utility solar is limited to the Class-C-only land screen. Solar and battery costs follow ATB's cheaper Advanced projection.",24.1449,0.0,0.0025,0.00225904,outputs_nlv2s_lc_C2_LSFO375_futbrent_adv
nlv2s_lc_C2_LSFO375_highbrent,Trend rooftop (sensitivity),C2_LSFO375,"New LSFO plant, 375 MW",highbrent,Market 90th percentile,1.0,Class-C constrained,bare-EPC,ATB Moderate,model,0,"New LSFO plant, 375 MW · high oil · trend rooftop · Class-C land","A new 375 MW combined-cycle plant burning low-sulfur fuel oil is built; no LNG imports. Oil prices follow the market's 90th-percentile (high) path from Brent options. Rooftop solar continues its recent trend to about 1,560 MW by 2050. Utility solar is limited to the Class-C-only land screen.",28.5371,0.0,0.0025,0.00203723,outputs_nlv2s_lc_C2_LSFO375_highbrent
nlv2s_lc_C2_LSFO375_highbrent_adv,Trend rooftop (sensitivity),C2_LSFO375,"New LSFO plant, 375 MW",highbrent,Market 90th percentile,1.0,Class-C constrained,bare-EPC,ATB Advanced,model,0,"New LSFO plant, 375 MW · high oil · trend rooftop · Class-C land · ATB-Adv","A new 375 MW combined-cycle plant burning low-sulfur fuel oil is built; no LNG imports. Oil prices follow the market's 90th-percentile (high) path from Brent options. Rooftop solar continues its recent trend to about 1,560 MW by 2050. Utility solar is limited to the Class-C-only land screen. Solar and battery costs follow ATB's cheaper Advanced projection.",26.9722,0.0,0.0025,0.00185018,outputs_nlv2s_lc_C2_LSFO375_highbrent_adv
nlv2s_lc_C2_LSFO375_lowbrent,Trend rooftop (sensitivity),C2_LSFO375,"New LSFO plant, 375 MW",lowbrent,Market 10th percentile,1.0,Class-C constrained,bare-EPC,ATB Moderate,model,0,"New LSFO plant, 375 MW · low oil · trend rooftop · Class-C land","A new 375 MW combined-cycle plant burning low-sulfur fuel oil is built; no LNG imports. Oil prices follow the market's 10th-percentile (low) path from Brent options. Rooftop solar continues its recent trend to about 1,560 MW by 2050. Utility solar is limited to the Class-C-only land screen.",22.5195,0.0,0.0025,0.00213857,outputs_nlv2s_lc_C2_LSFO375_lowbrent
nlv2s_lc_C2_LSFO375_lowbrent_adv,Trend rooftop (sensitivity),C2_LSFO375,"New LSFO plant, 375 MW",lowbrent,Market 10th percentile,1.0,Class-C constrained,bare-EPC,ATB Advanced,model,0,"New LSFO plant, 375 MW · low oil · trend rooftop · Class-C land · ATB-Adv","A new 375 MW combined-cycle plant burning low-sulfur fuel oil is built; no LNG imports. Oil prices follow the market's 10th-percentile (low) path from Brent options. Rooftop solar continues its recent trend to about 1,560 MW by 2050. Utility solar is limited to the Class-C-only land screen. Solar and battery costs follow ATB's cheaper Advanced projection.",21.3927,0.0,0.0025,0.00211056,outputs_nlv2s_lc_C2_LSFO375_lowbrent_adv
nlv2s_lc_C2_LSFO375_refbrent,Trend rooftop (sensitivity),C2_LSFO375,"New LSFO plant, 375 MW",refbrent,EIA reference,1.0,Class-C constrained,bare-EPC,ATB Moderate,model,0,"New LSFO plant, 375 MW · EIA-ref oil · trend rooftop · Class-C land","A new 375 MW combined-cycle plant burning low-sulfur fuel oil is built; no LNG imports. Oil prices follow EIA's reference forecast. Rooftop solar continues its recent trend to about 1,560 MW by 2050. Utility solar is limited to the Class-C-only land screen.",26.8661,0.0,0.0025,0.00216257,outputs_nlv2s_lc_C2_LSFO375_refbrent
nlv2s_lc_C2_LSFO375_refbrent_adv,Trend rooftop (sensitivity),C2_LSFO375,"New LSFO plant, 375 MW",refbrent,EIA reference,1.0,Class-C constrained,bare-EPC,ATB Advanced,model,0,"New LSFO plant, 375 MW · EIA-ref oil · trend rooftop · Class-C land · ATB-Adv","A new 375 MW combined-cycle plant burning low-sulfur fuel oil is built; no LNG imports. Oil prices follow EIA's reference forecast. Rooftop solar continues its recent trend to about 1,560 MW by 2050. Utility solar is limited to the Class-C-only land screen. Solar and battery costs follow ATB's cheaper Advanced projection.",25.4865,0.0,0.0025,0.00179299,outputs_nlv2s_lc_C2_LSFO375_refbrent_adv
nlv2s_lc_C3_LSFO500_futbrent,Trend rooftop (sensitivity),C3_LSFO500,"New LSFO plant, 500 MW",futbrent,Brent futures,1.0,Class-C constrained,bare-EPC,ATB Moderate,model,0,"New LSFO plant, 500 MW · futures oil · trend rooftop · Class-C land","A new 500 MW combined-cycle plant burning low-sulfur fuel oil is built; no LNG imports. Oil prices follow the Brent futures strip (the market's central view). Rooftop solar continues its recent trend to about 1,560 MW by 2050. Utility solar is limited to the Class-C-only land screen.",25.8545,0.0,0.0025,0.00216102,outputs_nlv2s_lc_C3_LSFO500_futbrent
nlv2s_lc_C3_LSFO500_futbrent_adv,Trend rooftop (sensitivity),C3_LSFO500,"New LSFO plant, 500 MW",futbrent,Brent futures,1.0,Class-C constrained,bare-EPC,ATB Advanced,model,0,"New LSFO plant, 500 MW · futures oil · trend rooftop · Class-C land · ATB-Adv","A new 500 MW combined-cycle plant burning low-sulfur fuel oil is built; no LNG imports. Oil prices follow the Brent futures strip (the market's central view). Rooftop solar continues its recent trend to about 1,560 MW by 2050. Utility solar is limited to the Class-C-only land screen. Solar and battery costs follow ATB's cheaper Advanced projection.",24.5853,0.0,0.0025,0.00189129,outputs_nlv2s_lc_C3_LSFO500_futbrent_adv
nlv2s_lc_C3_LSFO500_highbrent,Trend rooftop (sensitivity),C3_LSFO500,"New LSFO plant, 500 MW",highbrent,Market 90th percentile,1.0,Class-C constrained,bare-EPC,ATB Moderate,model,0,"New LSFO plant, 500 MW · high oil · trend rooftop · Class-C land","A new 500 MW combined-cycle plant burning low-sulfur fuel oil is built; no LNG imports. Oil prices follow the market's 90th-percentile (high) path from Brent options. Rooftop solar continues its recent trend to about 1,560 MW by 2050. Utility solar is limited to the Class-C-only land screen.",28.9881,0.0,0.0025,0.00216019,outputs_nlv2s_lc_C3_LSFO500_highbrent
nlv2s_lc_C3_LSFO500_highbrent_adv,Trend rooftop (sensitivity),C3_LSFO500,"New LSFO plant, 500 MW",highbrent,Market 90th percentile,1.0,Class-C constrained,bare-EPC,ATB Advanced,model,0,"New LSFO plant, 500 MW · high oil · trend rooftop · Class-C land · ATB-Adv","A new 500 MW combined-cycle plant burning low-sulfur fuel oil is built; no LNG imports. Oil prices follow the market's 90th-percentile (high) path from Brent options. Rooftop solar continues its recent trend to about 1,560 MW by 2050. Utility solar is limited to the Class-C-only land screen. Solar and battery costs follow ATB's cheaper Advanced projection.",27.4647,0.0,0.0025,0.00241768,outputs_nlv2s_lc_C3_LSFO500_highbrent_adv
nlv2s_lc_C3_LSFO500_lowbrent,Trend rooftop (sensitivity),C3_LSFO500,"New LSFO plant, 500 MW",lowbrent,Market 10th percentile,1.0,Class-C constrained,bare-EPC,ATB Moderate,model,0,"New LSFO plant, 500 MW · low oil · trend rooftop · Class-C land","A new 500 MW combined-cycle plant burning low-sulfur fuel oil is built; no LNG imports. Oil prices follow the market's 10th-percentile (low) path from Brent options. Rooftop solar continues its recent trend to about 1,560 MW by 2050. Utility solar is limited to the Class-C-only land screen.",22.9949,0.0,0.0025,0.0022366,outputs_nlv2s_lc_C3_LSFO500_lowbrent
nlv2s_lc_C3_LSFO500_lowbrent_adv,Trend rooftop (sensitivity),C3_LSFO500,"New LSFO plant, 500 MW",lowbrent,Market 10th percentile,1.0,Class-C constrained,bare-EPC,ATB Advanced,model,0,"New LSFO plant, 500 MW · low oil · trend rooftop · Class-C land · ATB-Adv","A new 500 MW combined-cycle plant burning low-sulfur fuel oil is built; no LNG imports. Oil prices follow the market's 10th-percentile (low) path from Brent options. Rooftop solar continues its recent trend to about 1,560 MW by 2050. Utility solar is limited to the Class-C-only land screen. Solar and battery costs follow ATB's cheaper Advanced projection.",21.8463,0.0,0.0025,0.00196041,outputs_nlv2s_lc_C3_LSFO500_lowbrent_adv
nlv2s_lc_C3_LSFO500_refbrent,Trend rooftop (sensitivity),C3_LSFO500,"New LSFO plant, 500 MW",refbrent,EIA reference,1.0,Class-C constrained,bare-EPC,ATB Moderate,model,0,"New LSFO plant, 500 MW · EIA-ref oil · trend rooftop · Class-C land","A new 500 MW combined-cycle plant burning low-sulfur fuel oil is built; no LNG imports. Oil prices follow EIA's reference forecast. Rooftop solar continues its recent trend to about 1,560 MW by 2050. Utility solar is limited to the Class-C-only land screen.",27.3046,0.0,0.0025,0.00213521,outputs_nlv2s_lc_C3_LSFO500_refbrent
nlv2s_lc_C3_LSFO500_refbrent_adv,Trend rooftop (sensitivity),C3_LSFO500,"New LSFO plant, 500 MW",refbrent,EIA reference,1.0,Class-C constrained,bare-EPC,ATB Advanced,model,0,"New LSFO plant, 500 MW · EIA-ref oil · trend rooftop · Class-C land · ATB-Adv","A new 500 MW combined-cycle plant burning low-sulfur fuel oil is built; no LNG imports. Oil prices follow EIA's reference forecast. Rooftop solar continues its recent trend to about 1,560 MW by 2050. Utility solar is limited to the Class-C-only land screen. Solar and battery costs follow ATB's cheaper Advanced projection.",25.922,0.0,0.0025,0.00148237,outputs_nlv2s_lc_C3_LSFO500_refbrent_adv
nlv2s_lc_C4_NOTHERMAL_futbrent,Trend rooftop (sensitivity),C4_NOTHERMAL,No new fuel plant,futbrent,Brent futures,1.0,Class-C constrained,bare-EPC,ATB Moderate,model,0,No new fuel plant · futures oil · trend rooftop · Class-C land,"No new fuel-burning plant is built; solar, storage, wind, and geothermal grow on top of the existing fleet. Oil prices follow the Brent futures strip (the market's central view). Rooftop solar continues its recent trend to about 1,560 MW by 2050. Utility solar is limited to the Class-C-only land screen.",24.5292,0.0,0.0025,0.00243325,outputs_nlv2s_lc_C4_NOTHERMAL_futbrent
nlv2s_lc_C4_NOTHERMAL_futbrent_adv,Trend rooftop (sensitivity),C4_NOTHERMAL,No new fuel plant,futbrent,Brent futures,1.0,Class-C constrained,bare-EPC,ATB Advanced,model,0,No new fuel plant · futures oil · trend rooftop · Class-C land · ATB-Adv,"No new fuel-burning plant is built; solar, storage, wind, and geothermal grow on top of the existing fleet. Oil prices follow the Brent futures strip (the market's central view). Rooftop solar continues its recent trend to about 1,560 MW by 2050. Utility solar is limited to the Class-C-only land screen. Solar and battery costs follow ATB's cheaper Advanced projection.",23.1946,0.0,0.0025,0.00221939,outputs_nlv2s_lc_C4_NOTHERMAL_futbrent_adv
nlv2s_lc_C4_NOTHERMAL_highbrent,Trend rooftop (sensitivity),C4_NOTHERMAL,No new fuel plant,highbrent,Market 90th percentile,1.0,Class-C constrained,bare-EPC,ATB Moderate,model,0,No new fuel plant · high oil · trend rooftop · Class-C land,"No new fuel-burning plant is built; solar, storage, wind, and geothermal grow on top of the existing fleet. Oil prices follow the market's 90th-percentile (high) path from Brent options. Rooftop solar continues its recent trend to about 1,560 MW by 2050. Utility solar is limited to the Class-C-only land screen.",27.4953,0.0,0.0025,0.0019588,outputs_nlv2s_lc_C4_NOTHERMAL_highbrent
nlv2s_lc_C4_NOTHERMAL_highbrent_adv,Trend rooftop (sensitivity),C4_NOTHERMAL,No new fuel plant,highbrent,Market 90th percentile,1.0,Class-C constrained,bare-EPC,ATB Advanced,model,0,No new fuel plant · high oil · trend rooftop · Class-C land · ATB-Adv,"No new fuel-burning plant is built; solar, storage, wind, and geothermal grow on top of the existing fleet. Oil prices follow the market's 90th-percentile (high) path from Brent options. Rooftop solar continues its recent trend to about 1,560 MW by 2050. Utility solar is limited to the Class-C-only land screen. Solar and battery costs follow ATB's cheaper Advanced projection.",25.7957,0.0,0.0025,0.00208174,outputs_nlv2s_lc_C4_NOTHERMAL_highbrent_adv
nlv2s_lc_C4_NOTHERMAL_lowbrent,Trend rooftop (sensitivity),C4_NOTHERMAL,No new fuel plant,lowbrent,Market 10th percentile,1.0,Class-C constrained,bare-EPC,ATB Moderate,model,0,No new fuel plant · low oil · trend rooftop · Class-C land,"No new fuel-burning plant is built; solar, storage, wind, and geothermal grow on top of the existing fleet. Oil prices follow the market's 10th-percentile (low) path from Brent options. Rooftop solar continues its recent trend to about 1,560 MW by 2050. Utility solar is limited to the Class-C-only land screen.",21.4235,0.0,0.0025,0.00204914,outputs_nlv2s_lc_C4_NOTHERMAL_lowbrent
nlv2s_lc_C4_NOTHERMAL_lowbrent_adv,Trend rooftop (sensitivity),C4_NOTHERMAL,No new fuel plant,lowbrent,Market 10th percentile,1.0,Class-C constrained,bare-EPC,ATB Advanced,model,0,No new fuel plant · low oil · trend rooftop · Class-C land · ATB-Adv,"No new fuel-burning plant is built; solar, storage, wind, and geothermal grow on top of the existing fleet. Oil prices follow the market's 10th-percentile (low) path from Brent options. Rooftop solar continues its recent trend to about 1,560 MW by 2050. Utility solar is limited to the Class-C-only land screen. Solar and battery costs follow ATB's cheaper Advanced projection.",20.304,0.0,0.0025,0.0016748,outputs_nlv2s_lc_C4_NOTHERMAL_lowbrent_adv
nlv2s_lc_C4_NOTHERMAL_refbrent,Trend rooftop (sensitivity),C4_NOTHERMAL,No new fuel plant,refbrent,EIA reference,1.0,Class-C constrained,bare-EPC,ATB Moderate,model,0,No new fuel plant · EIA-ref oil · trend rooftop · Class-C land,"No new fuel-burning plant is built; solar, storage, wind, and geothermal grow on top of the existing fleet. Oil prices follow EIA's reference forecast. Rooftop solar continues its recent trend to about 1,560 MW by 2050. Utility solar is limited to the Class-C-only land screen.",26.0206,0.0,0.0025,0.00192822,outputs_nlv2s_lc_C4_NOTHERMAL_refbrent
nlv2s_lc_C4_NOTHERMAL_refbrent_adv,Trend rooftop (sensitivity),C4_NOTHERMAL,No new fuel plant,refbrent,EIA reference,1.0,Class-C constrained,bare-EPC,ATB Advanced,model,0,No new fuel plant · EIA-ref oil · trend rooftop · Class-C land · ATB-Adv,"No new fuel-burning plant is built; solar, storage, wind, and geothermal grow on top of the existing fleet. Oil prices follow EIA's reference forecast. Rooftop solar continues its recent trend to about 1,560 MW by 2050. Utility solar is limited to the Class-C-only land screen. Solar and battery costs follow ATB's cheaper Advanced projection.",24.5373,0.0,0.0025,0.00218326,outputs_nlv2s_lc_C4_NOTHERMAL_refbrent_adv
nlv2s_lc_C5_LNG375_futbrent,Trend rooftop (sensitivity),C5_LNG375,"New LNG plant, 375 MW",futbrent,Brent futures,1.0,Class-C constrained,bare-EPC,ATB Moderate,model,0,"New LNG plant, 375 MW · futures oil · trend rooftop · Class-C land","LNG imports begin in 2030 and a new 375 MW LNG plant is built (the cost-minimizing size); no Waiau Repower. Oil prices follow the Brent futures strip (the market's central view). Rooftop solar continues its recent trend to about 1,560 MW by 2050. Utility solar is limited to the Class-C-only land screen.",24.7636,0.0,0.0025,0.0022705,outputs_nlv2s_lc_C5_LNG375_futbrent
nlv2s_lc_C5_LNG375_futbrent_adv,Trend rooftop (sensitivity),C5_LNG375,"New LNG plant, 375 MW",futbrent,Brent futures,1.0,Class-C constrained,bare-EPC,ATB Advanced,model,0,"New LNG plant, 375 MW · futures oil · trend rooftop · Class-C land · ATB-Adv","LNG imports begin in 2030 and a new 375 MW LNG plant is built (the cost-minimizing size); no Waiau Repower. Oil prices follow the Brent futures strip (the market's central view). Rooftop solar continues its recent trend to about 1,560 MW by 2050. Utility solar is limited to the Class-C-only land screen. Solar and battery costs follow ATB's cheaper Advanced projection.",23.6102,0.0,0.0025,0.00176102,outputs_nlv2s_lc_C5_LNG375_futbrent_adv
nlv2s_lc_C5_LNG375_futbrent_j120,Trend rooftop (sensitivity),C5_LNG375,"New LNG plant, 375 MW",futbrent,Brent futures,1.0,Class-C constrained,+20%,ATB Moderate,model,0,"New LNG plant, 375 MW · futures oil · trend rooftop · Class-C land · JERA +20%","LNG imports begin in 2030 and a new 375 MW LNG plant is built (the cost-minimizing size); no Waiau Repower. Oil prices follow the Brent futures strip (the market's central view). Rooftop solar continues its recent trend to about 1,560 MW by 2050. Utility solar is limited to the Class-C-only land screen. JERA plant capital at the +20% case.",25.1053,0.0,0.0025,0.00204352,outputs_nlv2s_lc_C5_LNG375_futbrent_j120
nlv2s_lc_C5_LNG375_futbrent_j120_adv,Trend rooftop (sensitivity),C5_LNG375,"New LNG plant, 375 MW",futbrent,Brent futures,1.0,Class-C constrained,+20%,ATB Advanced,model,0,"New LNG plant, 375 MW · futures oil · trend rooftop · Class-C land · ATB-Adv · JERA +20%","LNG imports begin in 2030 and a new 375 MW LNG plant is built (the cost-minimizing size); no Waiau Repower. Oil prices follow the Brent futures strip (the market's central view). Rooftop solar continues its recent trend to about 1,560 MW by 2050. Utility solar is limited to the Class-C-only land screen. Solar and battery costs follow ATB's cheaper Advanced projection. JERA plant capital at the +20% case.",23.9605,0.0,0.0025,0.00193905,outputs_nlv2s_lc_C5_LNG375_futbrent_j120_adv
nlv2s_lc_C5_LNG375_highbrent,Trend rooftop (sensitivity),C5_LNG375,"New LNG plant, 375 MW",highbrent,Market 90th percentile,1.0,Class-C constrained,bare-EPC,ATB Moderate,model,0,"New LNG plant, 375 MW · high oil · trend rooftop · Class-C land","LNG imports begin in 2030 and a new 375 MW LNG plant is built (the cost-minimizing size); no Waiau Repower. Oil prices follow the market's 90th-percentile (high) path from Brent options. Rooftop solar continues its recent trend to about 1,560 MW by 2050. Utility solar is limited to the Class-C-only land screen.",28.2057,0.0,0.0025,0.00173985,outputs_nlv2s_lc_C5_LNG375_highbrent
nlv2s_lc_C5_LNG375_highbrent_adv,Trend rooftop (sensitivity),C5_LNG375,"New LNG plant, 375 MW",highbrent,Market 90th percentile,1.0,Class-C constrained,bare-EPC,ATB Advanced,model,0,"New LNG plant, 375 MW · high oil · trend rooftop · Class-C land · ATB-Adv","LNG imports begin in 2030 and a new 375 MW LNG plant is built (the cost-minimizing size); no Waiau Repower. Oil prices follow the market's 90th-percentile (high) path from Brent options. Rooftop solar continues its recent trend to about 1,560 MW by 2050. Utility solar is limited to the Class-C-only land screen. Solar and battery costs follow ATB's cheaper Advanced projection.",26.8069,0.0,0.0025,0.00193895,outputs_nlv2s_lc_C5_LNG375_highbrent_adv
nlv2s_lc_C5_LNG375_highbrent_j120,Trend rooftop (sensitivity),C5_LNG375,"New LNG plant, 375 MW",highbrent,Market 90th percentile,1.0,Class-C constrained,+20%,ATB Moderate,model,0,"New LNG plant, 375 MW · high oil · trend rooftop · Class-C land · JERA +20%","LNG imports begin in 2030 and a new 375 MW LNG plant is built (the cost-minimizing size); no Waiau Repower. Oil prices follow the market's 90th-percentile (high) path from Brent options. Rooftop solar continues its recent trend to about 1,560 MW by 2050. Utility solar is limited to the Class-C-only land screen. JERA plant capital at the +20% case.",28.5461,0.0,0.0025,0.00196113,outputs_nlv2s_lc_C5_LNG375_highbrent_j120
nlv2s_lc_C5_LNG375_highbrent_j120_adv,Trend rooftop (sensitivity),C5_LNG375,"New LNG plant, 375 MW",highbrent,Market 90th percentile,1.0,Class-C constrained,+20%,ATB Advanced,model,0,"New LNG plant, 375 MW · high oil · trend rooftop · Class-C land · ATB-Adv · JERA +20%","LNG imports begin in 2030 and a new 375 MW LNG plant is built (the cost-minimizing size); no Waiau Repower. Oil prices follow the market's 90th-percentile (high) path from Brent options. Rooftop solar continues its recent trend to about 1,560 MW by 2050. Utility solar is limited to the Class-C-only land screen. Solar and battery costs follow ATB's cheaper Advanced projection. JERA plant capital at the +20% case.",27.1552,0.0,0.0025,0.00202129,outputs_nlv2s_lc_C5_LNG375_highbrent_j120_adv
nlv2s_lc_C5_LNG375_lowbrent,Trend rooftop (sensitivity),C5_LNG375,"New LNG plant, 375 MW",lowbrent,Market 10th percentile,1.0,Class-C constrained,bare-EPC,ATB Moderate,model,0,"New LNG plant, 375 MW · low oil · trend rooftop · Class-C land","LNG imports begin in 2030 and a new 375 MW LNG plant is built (the cost-minimizing size); no Waiau Repower. Oil prices follow the market's 10th-percentile (low) path from Brent options. Rooftop solar continues its recent trend to about 1,560 MW by 2050. Utility solar is limited to the Class-C-only land screen.",22.5048,0.0,0.0025,0.00245633,outputs_nlv2s_lc_C5_LNG375_lowbrent
nlv2s_lc_C5_LNG375_lowbrent_j120,Trend rooftop (sensitivity),C5_LNG375,"New LNG plant, 375 MW",lowbrent,Market 10th percentile,1.0,Class-C constrained,+20%,ATB Moderate,model,0,"New LNG plant, 375 MW · low oil · trend rooftop · Class-C land · JERA +20%","LNG imports begin in 2030 and a new 375 MW LNG plant is built (the cost-minimizing size); no Waiau Repower. Oil prices follow the market's 10th-percentile (low) path from Brent options. Rooftop solar continues its recent trend to about 1,560 MW by 2050. Utility solar is limited to the Class-C-only land screen. JERA plant capital at the +20% case.",22.839,0.0,0.0025,0.0019279,outputs_nlv2s_lc_C5_LNG375_lowbrent_j120
nlv2s_lc_C5_LNG375_lowbrent_j120_adv,Trend rooftop (sensitivity),C5_LNG375,"New LNG plant, 375 MW",lowbrent,Market 10th percentile,1.0,Class-C constrained,+20%,ATB Advanced,model,0,"New LNG plant, 375 MW · low oil · trend rooftop · Class-C land · ATB-Adv · JERA +20%","LNG imports begin in 2030 and a new 375 MW LNG plant is built (the cost-minimizing size); no Waiau Repower. Oil prices follow the market's 10th-percentile (low) path from Brent options. Rooftop solar continues its recent trend to about 1,560 MW by 2050. Utility solar is limited to the Class-C-only land screen. Solar and battery costs follow ATB's cheaper Advanced projection. JERA plant capital at the +20% case.",21.7535,0.0,0.0025,0.00210492,outputs_nlv2s_lc_C5_LNG375_lowbrent_j120_adv
nlv2s_lc_C5_LNG375_refbrent,Trend rooftop (sensitivity),C5_LNG375,"New LNG plant, 375 MW",refbrent,EIA reference,1.0,Class-C constrained,bare-EPC,ATB Moderate,model,0,"New LNG plant, 375 MW · EIA-ref oil · trend rooftop · Class-C land","LNG imports begin in 2030 and a new 375 MW LNG plant is built (the cost-minimizing size); no Waiau Repower. Oil prices follow EIA's reference forecast. Rooftop solar continues its recent trend to about 1,560 MW by 2050. Utility solar is limited to the Class-C-only land screen.",26.3045,0.0,0.0025,0.00214284,outputs_nlv2s_lc_C5_LNG375_refbrent
nlv2s_lc_C5_LNG375_refbrent_adv,Trend rooftop (sensitivity),C5_LNG375,"New LNG plant, 375 MW",refbrent,EIA reference,1.0,Class-C constrained,bare-EPC,ATB Advanced,model,0,"New LNG plant, 375 MW · EIA-ref oil · trend rooftop · Class-C land · ATB-Adv","LNG imports begin in 2030 and a new 375 MW LNG plant is built (the cost-minimizing size); no Waiau Repower. Oil prices follow EIA's reference forecast. Rooftop solar continues its recent trend to about 1,560 MW by 2050. Utility solar is limited to the Class-C-only land screen. Solar and battery costs follow ATB's cheaper Advanced projection.",25.0705,0.0,0.0025,0.0016386,outputs_nlv2s_lc_C5_LNG375_refbrent_adv
nlv2s_lc_C5_LNG375_refbrent_j120,Trend rooftop (sensitivity),C5_LNG375,"New LNG plant, 375 MW",refbrent,EIA reference,1.0,Class-C constrained,+20%,ATB Moderate,model,0,"New LNG plant, 375 MW · EIA-ref oil · trend rooftop · Class-C land · JERA +20%","LNG imports begin in 2030 and a new 375 MW LNG plant is built (the cost-minimizing size); no Waiau Repower. Oil prices follow EIA's reference forecast. Rooftop solar continues its recent trend to about 1,560 MW by 2050. Utility solar is limited to the Class-C-only land screen. JERA plant capital at the +20% case.",26.6491,0.0,0.0025,0.00222375,outputs_nlv2s_lc_C5_LNG375_refbrent_j120
nlv2s_lc_C5_LNG375_refbrent_j120_adv,Trend rooftop (sensitivity),C5_LNG375,"New LNG plant, 375 MW",refbrent,EIA reference,1.0,Class-C constrained,+20%,ATB Advanced,model,0,"New LNG plant, 375 MW · EIA-ref oil · trend rooftop · Class-C land · ATB-Adv · JERA +20%","LNG imports begin in 2030 and a new 375 MW LNG plant is built (the cost-minimizing size); no Waiau Repower. Oil prices follow EIA's reference forecast. Rooftop solar continues its recent trend to about 1,560 MW by 2050. Utility solar is limited to the Class-C-only land screen. Solar and battery costs follow ATB's cheaper Advanced projection. JERA plant capital at the +20% case.",25.4307,0.0,0.0025,0.00218632,outputs_nlv2s_lc_C5_LNG375_refbrent_j120_adv
nlv2s_lc_C6_STATUSQUO_futbrent,Trend rooftop (sensitivity),C6_STATUSQUO,Waiau Repower + JERA LNG 500 (both projects),futbrent,Brent futures,1.0,Class-C constrained,bare-EPC,ATB Moderate,model,0,Waiau Repower + JERA LNG 500 (both projects) · futures oil · trend rooftop · Class-C land,"Both proposed projects are built: the Waiau Repower and JERA's 500 MW LNG plant with imports from 2030. No party has proposed this combination; it is modeled as an upper bound on new thermal capacity. Oil prices follow the Brent futures strip (the market's central view). Rooftop solar continues its recent trend to about 1,560 MW by 2050. Utility solar is limited to the Class-C-only land screen.",26.4593,0.0,0.0025,0.00243266,outputs_nlv2s_lc_C6_STATUSQUO_futbrent
nlv2s_lc_C6_STATUSQUO_futbrent_adv,Trend rooftop (sensitivity),C6_STATUSQUO,Waiau Repower + JERA LNG 500 (both projects),futbrent,Brent futures,1.0,Class-C constrained,bare-EPC,ATB Advanced,model,0,Waiau Repower + JERA LNG 500 (both projects) · futures oil · trend rooftop · Class-C land · ATB-Adv,"Both proposed projects are built: the Waiau Repower and JERA's 500 MW LNG plant with imports from 2030. No party has proposed this combination; it is modeled as an upper bound on new thermal capacity. Oil prices follow the Brent futures strip (the market's central view). Rooftop solar continues its recent trend to about 1,560 MW by 2050. Utility solar is limited to the Class-C-only land screen. Solar and battery costs follow ATB's cheaper Advanced projection.",25.3918,0.0,0.0025,0.00214069,outputs_nlv2s_lc_C6_STATUSQUO_futbrent_adv
nlv2s_lc_C6_STATUSQUO_futbrent_j120,Trend rooftop (sensitivity),C6_STATUSQUO,Waiau Repower + JERA LNG 500 (both projects),futbrent,Brent futures,1.0,Class-C constrained,+20%,ATB Moderate,model,0,Waiau Repower + JERA LNG 500 (both projects) · futures oil · trend rooftop · Class-C land · JERA +20%,"Both proposed projects are built: the Waiau Repower and JERA's 500 MW LNG plant with imports from 2030. No party has proposed this combination; it is modeled as an upper bound on new thermal capacity. Oil prices follow the Brent futures strip (the market's central view). Rooftop solar continues its recent trend to about 1,560 MW by 2050. Utility solar is limited to the Class-C-only land screen. JERA plant capital at the +20% case.",26.894,0.0,0.0025,0.00239089,outputs_nlv2s_lc_C6_STATUSQUO_futbrent_j120
nlv2s_lc_C6_STATUSQUO_futbrent_j120_adv,Trend rooftop (sensitivity),C6_STATUSQUO,Waiau Repower + JERA LNG 500 (both projects),futbrent,Brent futures,1.0,Class-C constrained,+20%,ATB Advanced,model,0,Waiau Repower + JERA LNG 500 (both projects) · futures oil · trend rooftop · Class-C land · ATB-Adv · JERA +20%,"Both proposed projects are built: the Waiau Repower and JERA's 500 MW LNG plant with imports from 2030. No party has proposed this combination; it is modeled as an upper bound on new thermal capacity. Oil prices follow the Brent futures strip (the market's central view). Rooftop solar continues its recent trend to about 1,560 MW by 2050. Utility solar is limited to the Class-C-only land screen. Solar and battery costs follow ATB's cheaper Advanced projection. JERA plant capital at the +20% case.",25.803,0.0,0.0025,0.0015354,outputs_nlv2s_lc_C6_STATUSQUO_futbrent_j120_adv
nlv2s_lc_C6_STATUSQUO_highbrent,Trend rooftop (sensitivity),C6_STATUSQUO,Waiau Repower + JERA LNG 500 (both projects),highbrent,Market 90th percentile,1.0,Class-C constrained,bare-EPC,ATB Moderate,model,0,Waiau Repower + JERA LNG 500 (both projects) · high oil · trend rooftop · Class-C land,"Both proposed projects are built: the Waiau Repower and JERA's 500 MW LNG plant with imports from 2030. No party has proposed this combination; it is modeled as an upper bound on new thermal capacity. Oil prices follow the market's 90th-percentile (high) path from Brent options. Rooftop solar continues its recent trend to about 1,560 MW by 2050. Utility solar is limited to the Class-C-only land screen.",30.0071,0.0,0.0025,0.0016841,outputs_nlv2s_lc_C6_STATUSQUO_highbrent
nlv2s_lc_C6_STATUSQUO_highbrent_adv,Trend rooftop (sensitivity),C6_STATUSQUO,Waiau Repower + JERA LNG 500 (both projects),highbrent,Market 90th percentile,1.0,Class-C constrained,bare-EPC,ATB Advanced,model,0,Waiau Repower + JERA LNG 500 (both projects) · high oil · trend rooftop · Class-C land · ATB-Adv,"Both proposed projects are built: the Waiau Repower and JERA's 500 MW LNG plant with imports from 2030. No party has proposed this combination; it is modeled as an upper bound on new thermal capacity. Oil prices follow the market's 90th-percentile (high) path from Brent options. Rooftop solar continues its recent trend to about 1,560 MW by 2050. Utility solar is limited to the Class-C-only land screen. Solar and battery costs follow ATB's cheaper Advanced projection.",28.6419,0.0,0.0025,0.00154064,outputs_nlv2s_lc_C6_STATUSQUO_highbrent_adv
nlv2s_lc_C6_STATUSQUO_highbrent_j120,Trend rooftop (sensitivity),C6_STATUSQUO,Waiau Repower + JERA LNG 500 (both projects),highbrent,Market 90th percentile,1.0,Class-C constrained,+20%,ATB Moderate,model,0,Waiau Repower + JERA LNG 500 (both projects) · high oil · trend rooftop · Class-C land · JERA +20%,"Both proposed projects are built: the Waiau Repower and JERA's 500 MW LNG plant with imports from 2030. No party has proposed this combination; it is modeled as an upper bound on new thermal capacity. Oil prices follow the market's 90th-percentile (high) path from Brent options. Rooftop solar continues its recent trend to about 1,560 MW by 2050. Utility solar is limited to the Class-C-only land screen. JERA plant capital at the +20% case.",30.4178,0.0,0.0025,0.00140388,outputs_nlv2s_lc_C6_STATUSQUO_highbrent_j120
nlv2s_lc_C6_STATUSQUO_highbrent_j120_adv,Trend rooftop (sensitivity),C6_STATUSQUO,Waiau Repower + JERA LNG 500 (both projects),highbrent,Market 90th percentile,1.0,Class-C constrained,+20%,ATB Advanced,model,0,Waiau Repower + JERA LNG 500 (both projects) · high oil · trend rooftop · Class-C land · ATB-Adv · JERA +20%,"Both proposed projects are built: the Waiau Repower and JERA's 500 MW LNG plant with imports from 2030. No party has proposed this combination; it is modeled as an upper bound on new thermal capacity. Oil prices follow the market's 90th-percentile (high) path from Brent options. Rooftop solar continues its recent trend to about 1,560 MW by 2050. Utility solar is limited to the Class-C-only land screen. Solar and battery costs follow ATB's cheaper Advanced projection. JERA plant capital at the +20% case.",29.0678,0.0,0.0025,0.00151793,outputs_nlv2s_lc_C6_STATUSQUO_highbrent_j120_adv
nlv2s_lc_C6_STATUSQUO_lowbrent,Trend rooftop (sensitivity),C6_STATUSQUO,Waiau Repower + JERA LNG 500 (both projects),lowbrent,Market 10th percentile,1.0,Class-C constrained,bare-EPC,ATB Moderate,model,0,Waiau Repower + JERA LNG 500 (both projects) · low oil · trend rooftop · Class-C land,"Both proposed projects are built: the Waiau Repower and JERA's 500 MW LNG plant with imports from 2030. No party has proposed this combination; it is modeled as an upper bound on new thermal capacity. Oil prices follow the market's 10th-percentile (low) path from Brent options. Rooftop solar continues its recent trend to about 1,560 MW by 2050. Utility solar is limited to the Class-C-only land screen.",24.3296,0.0,0.001,0.000867486,R010_outputs_nlv2s_lc_C6_STATUSQUO_lowbrent
nlv2s_lc_C6_STATUSQUO_lowbrent_adv,Trend rooftop (sensitivity),C6_STATUSQUO,Waiau Repower + JERA LNG 500 (both projects),lowbrent,Market 10th percentile,1.0,Class-C constrained,bare-EPC,ATB Advanced,model,0,Waiau Repower + JERA LNG 500 (both projects) · low oil · trend rooftop · Class-C land · ATB-Adv,"Both proposed projects are built: the Waiau Repower and JERA's 500 MW LNG plant with imports from 2030. No party has proposed this combination; it is modeled as an upper bound on new thermal capacity. Oil prices follow the market's 10th-percentile (low) path from Brent options. Rooftop solar continues its recent trend to about 1,560 MW by 2050. Utility solar is limited to the Class-C-only land screen. Solar and battery costs follow ATB's cheaper Advanced projection.",23.2146,0.0,0.0025,0.00118606,outputs_nlv2s_lc_C6_STATUSQUO_lowbrent_adv
nlv2s_lc_C6_STATUSQUO_lowbrent_j120,Trend rooftop (sensitivity),C6_STATUSQUO,Waiau Repower + JERA LNG 500 (both projects),lowbrent,Market 10th percentile,1.0,Class-C constrained,+20%,ATB Moderate,model,0,Waiau Repower + JERA LNG 500 (both projects) · low oil · trend rooftop · Class-C land · JERA +20%,"Both proposed projects are built: the Waiau Repower and JERA's 500 MW LNG plant with imports from 2030. No party has proposed this combination; it is modeled as an upper bound on new thermal capacity. Oil prices follow the market's 10th-percentile (low) path from Brent options. Rooftop solar continues its recent trend to about 1,560 MW by 2050. Utility solar is limited to the Class-C-only land screen. JERA plant capital at the +20% case.",24.7679,0.0,0.0025,0.00134708,outputs_nlv2s_lc_C6_STATUSQUO_lowbrent_j120
nlv2s_lc_C6_STATUSQUO_lowbrent_j120_adv,Trend rooftop (sensitivity),C6_STATUSQUO,Waiau Repower + JERA LNG 500 (both projects),lowbrent,Market 10th percentile,1.0,Class-C constrained,+20%,ATB Advanced,model,0,Waiau Repower + JERA LNG 500 (both projects) · low oil · trend rooftop · Class-C land · ATB-Adv · JERA +20%,"Both proposed projects are built: the Waiau Repower and JERA's 500 MW LNG plant with imports from 2030. No party has proposed this combination; it is modeled as an upper bound on new thermal capacity. Oil prices follow the market's 10th-percentile (low) path from Brent options. Rooftop solar continues its recent trend to about 1,560 MW by 2050. Utility solar is limited to the Class-C-only land screen. Solar and battery costs follow ATB's cheaper Advanced projection. JERA plant capital at the +20% case.",23.6352,0.0,0.001,0.000931884,R010_outputs_nlv2s_lc_C6_STATUSQUO_lowbrent_j120_adv
nlv2s_lc_C6_STATUSQUO_refbrent,Trend rooftop (sensitivity),C6_STATUSQUO,Waiau Repower + JERA LNG 500 (both projects),refbrent,EIA reference,1.0,Class-C constrained,bare-EPC,ATB Moderate,model,0,Waiau Repower + JERA LNG 500 (both projects) · EIA-ref oil · trend rooftop · Class-C land,"Both proposed projects are built: the Waiau Repower and JERA's 500 MW LNG plant with imports from 2030. No party has proposed this combination; it is modeled as an upper bound on new thermal capacity. Oil prices follow EIA's reference forecast. Rooftop solar continues its recent trend to about 1,560 MW by 2050. Utility solar is limited to the Class-C-only land screen.",28.0727,0.0,0.0025,0.00202685,outputs_nlv2s_lc_C6_STATUSQUO_refbrent
nlv2s_lc_C6_STATUSQUO_refbrent_adv,Trend rooftop (sensitivity),C6_STATUSQUO,Waiau Repower + JERA LNG 500 (both projects),refbrent,EIA reference,1.0,Class-C constrained,bare-EPC,ATB Advanced,model,0,Waiau Repower + JERA LNG 500 (both projects) · EIA-ref oil · trend rooftop · Class-C land · ATB-Adv,"Both proposed projects are built: the Waiau Repower and JERA's 500 MW LNG plant with imports from 2030. No party has proposed this combination; it is modeled as an upper bound on new thermal capacity. Oil prices follow EIA's reference forecast. Rooftop solar continues its recent trend to about 1,560 MW by 2050. Utility solar is limited to the Class-C-only land screen. Solar and battery costs follow ATB's cheaper Advanced projection.",26.8952,0.0,0.0025,0.00198252,outputs_nlv2s_lc_C6_STATUSQUO_refbrent_adv
nlv2s_lc_C6_STATUSQUO_refbrent_j120,Trend rooftop (sensitivity),C6_STATUSQUO,Waiau Repower + JERA LNG 500 (both projects),refbrent,EIA reference,1.0,Class-C constrained,+20%,ATB Moderate,model,0,Waiau Repower + JERA LNG 500 (both projects) · EIA-ref oil · trend rooftop · Class-C land · JERA +20%,"Both proposed projects are built: the Waiau Repower and JERA's 500 MW LNG plant with imports from 2030. No party has proposed this combination; it is modeled as an upper bound on new thermal capacity. Oil prices follow EIA's reference forecast. Rooftop solar continues its recent trend to about 1,560 MW by 2050. Utility solar is limited to the Class-C-only land screen. JERA plant capital at the +20% case.",28.5034,0.0,0.0025,0.00162008,outputs_nlv2s_lc_C6_STATUSQUO_refbrent_j120
nlv2s_lc_C6_STATUSQUO_refbrent_j120_adv,Trend rooftop (sensitivity),C6_STATUSQUO,Waiau Repower + JERA LNG 500 (both projects),refbrent,EIA reference,1.0,Class-C constrained,+20%,ATB Advanced,model,0,Waiau Repower + JERA LNG 500 (both projects) · EIA-ref oil · trend rooftop · Class-C land · ATB-Adv · JERA +20%,"Both proposed projects are built: the Waiau Repower and JERA's 500 MW LNG plant with imports from 2030. No party has proposed this combination; it is modeled as an upper bound on new thermal capacity. Oil prices follow EIA's reference forecast. Rooftop solar continues its recent trend to about 1,560 MW by 2050. Utility solar is limited to the Class-C-only land screen. Solar and battery costs follow ATB's cheaper Advanced projection. JERA plant capital at the +20% case.",27.3277,0.0,0.0025,0.00219122,outputs_nlv2s_lc_C6_STATUSQUO_refbrent_j120_adv
nlv2s_lngconv_heco_futbrent,Trend rooftop (sensitivity),lngconv_heco,"Conversions (HECO plant set), terminal committed 2030-44",futbrent,Brent futures,1.0,Reference,bare-EPC,ATB Moderate,model,0,"Conversions (HECO plant set), terminal committed 2030-44 · futures oil · trend rooftop","The LNG import terminal is committed for 2030-2044 and existing plants convert to burn the gas (Kalaeloa, Kahe 5 and 6, and the CIP turbine); no new plant is built; conversion capital is not charged in the model. Oil prices follow the Brent futures strip (the market's central view). Rooftop solar continues its recent trend to about 1,560 MW by 2050.",22.9236,0.45,0.001,0.000907704,R010_outputs_nlv2s_lngconv_heco_futbrent
nlv2s_lngconv_heco_highbrent,Trend rooftop (sensitivity),lngconv_heco,"Conversions (HECO plant set), terminal committed 2030-44",highbrent,Market 90th percentile,1.0,Reference,bare-EPC,ATB Moderate,model,0,"Conversions (HECO plant set), terminal committed 2030-44 · high oil · trend rooftop","The LNG import terminal is committed for 2030-2044 and existing plants convert to burn the gas (Kalaeloa, Kahe 5 and 6, and the CIP turbine); no new plant is built; conversion capital is not charged in the model. Oil prices follow the market's 90th-percentile (high) path from Brent options. Rooftop solar continues its recent trend to about 1,560 MW by 2050.",26.6276,0.45,0.001,0.000999718,R010_outputs_nlv2s_lngconv_heco_highbrent
nlv2s_lngconv_heco_lowbrent,Trend rooftop (sensitivity),lngconv_heco,"Conversions (HECO plant set), terminal committed 2030-44",lowbrent,Market 10th percentile,1.0,Reference,bare-EPC,ATB Moderate,model,0,"Conversions (HECO plant set), terminal committed 2030-44 · low oil · trend rooftop","The LNG import terminal is committed for 2030-2044 and existing plants convert to burn the gas (Kalaeloa, Kahe 5 and 6, and the CIP turbine); no new plant is built; conversion capital is not charged in the model. Oil prices follow the market's 10th-percentile (low) path from Brent options. Rooftop solar continues its recent trend to about 1,560 MW by 2050.",20.6333,0.45,0.001,0.000562732,R010_outputs_nlv2s_lngconv_heco_lowbrent
nlv2s_lngconv_heco_refbrent,Trend rooftop (sensitivity),lngconv_heco,"Conversions (HECO plant set), terminal committed 2030-44",refbrent,EIA reference,1.0,Reference,bare-EPC,ATB Moderate,model,0,"Conversions (HECO plant set), terminal committed 2030-44 · EIA-ref oil · trend rooftop","The LNG import terminal is committed for 2030-2044 and existing plants convert to burn the gas (Kalaeloa, Kahe 5 and 6, and the CIP turbine); no new plant is built; conversion capital is not charged in the model. Oil prices follow EIA's reference forecast. Rooftop solar continues its recent trend to about 1,560 MW by 2050.",24.6221,0.45,0.0025,0.00243014,outputs_nlv2s_lngconv_heco_refbrent
nlv2s_lngconv_noplant_refbrent,Trend rooftop (sensitivity),lngconv_noplant,"Conversions (Kalaeloa only), terminal committed 2030-44",refbrent,EIA reference,1.0,Reference,bare-EPC,ATB Moderate,model,0,"Conversions (Kalaeloa only), terminal committed 2030-44 · EIA-ref oil · trend rooftop","The LNG import terminal is committed for 2030-2044 but only the Kalaeloa plant may convert; no new plant. Oil prices follow EIA's reference forecast. Rooftop solar continues its recent trend to about 1,560 MW by 2050.",25.2486,0.45,0.0025,0.00177828,outputs_nlv2s_lngconv_noplant_refbrent
nlv2s_lngconv_opt_refbrent,Trend rooftop (sensitivity),lngconv_opt,"Conversions (Kalaeloa only), terminal optional",refbrent,EIA reference,1.0,Reference,bare-EPC,ATB Moderate,model,0,"Conversions (Kalaeloa only), terminal optional · EIA-ref oil · trend rooftop","Only the Kalaeloa plant may convert to LNG and the model decides whether to commit to the import terminal; no new plant. Oil prices follow EIA's reference forecast. Rooftop solar continues its recent trend to about 1,560 MW by 2050.",25.2525,0.45,0.0025,0.00193709,outputs_nlv2s_lngconv_opt_refbrent
nlv2s_lngconv_wjera_refbrent,Trend rooftop (sensitivity),lngconv_wjera,JERA plant + Kalaeloa conversion,refbrent,EIA reference,1.0,Reference,bare-EPC,ATB Moderate,model,0,JERA plant + Kalaeloa conversion · EIA-ref oil · trend rooftop,"JERA's 500 MW LNG plant is built and the Kalaeloa plant also converts to LNG. Oil prices follow EIA's reference forecast. Rooftop solar continues its recent trend to about 1,560 MW by 2050.",25.7786,0.45,0.0025,0.00241883,outputs_nlv2s_lngconv_wjera_refbrent
nlv2s_norps_LNG500_refbrent,Trend rooftop (sensitivity),norps_LNG500,No mandate: JERA LNG 500,refbrent,EIA reference,1.0,Reference,bare-EPC,ATB Moderate,model,0,No mandate: JERA LNG 500 · EIA-ref oil · trend rooftop,"The 2045 clean-energy mandate is removed; JERA's 500 MW LNG plant is built and may run past 2045. Oil prices follow EIA's reference forecast. Rooftop solar continues its recent trend to about 1,560 MW by 2050.",25.474,0.0,0.0025,0.00242128,outputs_nlv2s_norps_LNG500_refbrent
nlv2s_norps_LNG500_refbrent_j120,Trend rooftop (sensitivity),norps_LNG500,No mandate: JERA LNG 500,refbrent,EIA reference,1.0,Reference,+20%,ATB Moderate,model,0,No mandate: JERA LNG 500 · EIA-ref oil · trend rooftop · JERA +20%,"The 2045 clean-energy mandate is removed; JERA's 500 MW LNG plant is built and may run past 2045. Oil prices follow EIA's reference forecast. Rooftop solar continues its recent trend to about 1,560 MW by 2050. JERA plant capital at the +20% case.",25.9832,0.0,0.0025,0.001774,outputs_nlv2s_norps_LNG500_refbrent_j120
nlv2s_norps_LNGOPT_refbrent,Trend rooftop (sensitivity),norps_LNGOPT,No mandate: model-chosen LNG plant,refbrent,EIA reference,1.0,Reference,bare-EPC,ATB Moderate,model,0,No mandate: model-chosen LNG plant · EIA-ref oil · trend rooftop,"The 2045 clean-energy mandate is removed and the model freely chooses how much LNG capacity to build. Oil prices follow EIA's reference forecast. Rooftop solar continues its recent trend to about 1,560 MW by 2050.",25.3028,0.0,0.0025,0.00249553,outputs_nlv2s_norps_LNGOPT_refbrent
nlv2s_norps_NOTHERMAL_refbrent,Trend rooftop (sensitivity),norps_NOTHERMAL,No mandate: no new fuel plant,refbrent,EIA reference,1.0,Reference,bare-EPC,ATB Moderate,model,0,No mandate: no new fuel plant · EIA-ref oil · trend rooftop,"The 2045 clean-energy mandate is removed and no new fuel plant is built; the model still picks the cheapest mix. Oil prices follow EIA's reference forecast. Rooftop solar continues its recent trend to about 1,560 MW by 2050.",25.4083,0.0,0.0025,0.00234331,outputs_nlv2s_norps_NOTHERMAL_refbrent
nlv2s_plan_hseo_lng_hybrid_refbrent,Trend rooftop (sensitivity),plan_hseo_lng,Published plan: HSEO LNG,refbrent,EIA reference,1.0,Reference,bare-EPC,ATB Moderate,plan,0,Published plan: HSEO LNG · EIA-ref oil · trend rooftop,"Generation is constrained to the mix published in the Hawaiʻi State Energy Office's alternative-fuels study, LNG case, rescaled to the grid demand this rooftop trajectory leaves to serve. The cost is what running that mix costs in this framework, not a build the model chose. Oil prices follow EIA's reference forecast. Rooftop solar continues its recent trend to about 1,560 MW by 2050.",28.0347,0.0,0.001,0.00129666,R010_outputs_nlv2s_plan_hseo_lng_hybrid_refbrent
nlv2s_plan_hseo_lng_pv15_hybrid_refbrent,Trend rooftop (sensitivity),plan_hseo_lng,Published plan: HSEO LNG,refbrent,EIA reference,1.5,Reference,bare-EPC,ATB Moderate,plan,0,Published plan: HSEO LNG · EIA-ref oil · trend rooftop · solar +80%,"Generation is constrained to the mix published in the Hawaiʻi State Energy Office's alternative-fuels study, LNG case, rescaled to the grid demand this rooftop trajectory leaves to serve. The cost is what running that mix costs in this framework, not a build the model chose. Oil prices follow EIA's reference forecast. Rooftop solar continues its recent trend to about 1,560 MW by 2050. Utility-solar capital carries an 80% Hawaiʻi premium (1.5x the study baseline).",29.0895,0.0,0.001,0.000999529,R010_outputs_nlv2s_plan_hseo_lng_pv15_hybrid_refbrent
nlv2s_plan_hseo_lng_pv17_hybrid_refbrent,Trend rooftop (sensitivity),plan_hseo_lng,Published plan: HSEO LNG,refbrent,EIA reference,1.7,Reference,bare-EPC,ATB Moderate,plan,0,Published plan: HSEO LNG · EIA-ref oil · trend rooftop · solar +104%,"Generation is constrained to the mix published in the Hawaiʻi State Energy Office's alternative-fuels study, LNG case, rescaled to the grid demand this rooftop trajectory leaves to serve. The cost is what running that mix costs in this framework, not a build the model chose. Oil prices follow EIA's reference forecast. Rooftop solar continues its recent trend to about 1,560 MW by 2050. Utility-solar capital carries a 104% Hawaiʻi premium (1.7x the study baseline).",29.4763,0.0,0.001,0.00099879,R010_outputs_nlv2s_plan_hseo_lng_pv17_hybrid_refbrent
nlv2s_plan_hseo_oil_hybrid_refbrent,Trend rooftop (sensitivity),plan_hseo_oil,Published plan: HSEO oil,refbrent,EIA reference,1.0,Reference,bare-EPC,ATB Moderate,plan,0,Published plan: HSEO oil · EIA-ref oil · trend rooftop,"Generation is constrained to the mix published in the Hawaiʻi State Energy Office's alternative-fuels study, oil case, rescaled to the grid demand this rooftop trajectory leaves to serve. The cost is what running that mix costs in this framework, not a build the model chose. Oil prices follow EIA's reference forecast. Rooftop solar continues its recent trend to about 1,560 MW by 2050.",28.7749,0.0,0.001,0.00141675,R010_outputs_nlv2s_plan_hseo_oil_hybrid_refbrent
nlv2s_plan_hseo_oil_pv15_hybrid_refbrent,Trend rooftop (sensitivity),plan_hseo_oil,Published plan: HSEO oil,refbrent,EIA reference,1.5,Reference,bare-EPC,ATB Moderate,plan,0,Published plan: HSEO oil · EIA-ref oil · trend rooftop · solar +80%,"Generation is constrained to the mix published in the Hawaiʻi State Energy Office's alternative-fuels study, oil case, rescaled to the grid demand this rooftop trajectory leaves to serve. The cost is what running that mix costs in this framework, not a build the model chose. Oil prices follow EIA's reference forecast. Rooftop solar continues its recent trend to about 1,560 MW by 2050. Utility-solar capital carries an 80% Hawaiʻi premium (1.5x the study baseline).",29.879,0.0,0.001,0.00109485,R010_outputs_nlv2s_plan_hseo_oil_pv15_hybrid_refbrent
nlv2s_plan_hseo_oil_pv17_hybrid_refbrent,Trend rooftop (sensitivity),plan_hseo_oil,Published plan: HSEO oil,refbrent,EIA reference,1.7,Reference,bare-EPC,ATB Moderate,plan,0,Published plan: HSEO oil · EIA-ref oil · trend rooftop · solar +104%,"Generation is constrained to the mix published in the Hawaiʻi State Energy Office's alternative-fuels study, oil case, rescaled to the grid demand this rooftop trajectory leaves to serve. The cost is what running that mix costs in this framework, not a build the model chose. Oil prices follow EIA's reference forecast. Rooftop solar continues its recent trend to about 1,560 MW by 2050. Utility-solar capital carries a 104% Hawaiʻi premium (1.7x the study baseline).",30.2823,0.0,0.001,0.000981716,R010_outputs_nlv2s_plan_hseo_oil_pv17_hybrid_refbrent
nlv2s_wb_C5_LNG375_refbrent,Trend rooftop (sensitivity),wb_C5_LNG375,"New LNG plant, 375 MW (alt cell)",refbrent,EIA reference,1.0,Reference,bare-EPC,ATB Moderate,model,0,"New LNG plant, 375 MW (alt cell) · EIA-ref oil · trend rooftop","LNG imports begin in 2030 and a new 375 MW LNG plant is built (the cost-minimizing size); no Waiau Repower. Oil prices follow EIA's reference forecast. Rooftop solar continues its recent trend to about 1,560 MW by 2050.",25.9211,0.0,0.0025,0.00238226,outputs_nlv2s_wb_C5_LNG375_refbrent
nlv2s_wb_C5_LNG375_refbrent_adv,Trend rooftop (sensitivity),wb_C5_LNG375,"New LNG plant, 375 MW (alt cell)",refbrent,EIA reference,1.0,Reference,bare-EPC,ATB Advanced,model,0,"New LNG plant, 375 MW (alt cell) · EIA-ref oil · trend rooftop · ATB-Adv","LNG imports begin in 2030 and a new 375 MW LNG plant is built (the cost-minimizing size); no Waiau Repower. Oil prices follow EIA's reference forecast. Rooftop solar continues its recent trend to about 1,560 MW by 2050. Solar and battery costs follow ATB's cheaper Advanced projection.",24.6414,0.0,0.0025,0.0022231,outputs_nlv2s_wb_C5_LNG375_refbrent_adv
nlv2s_wb_C5_LNG375_refbrent_j120,Trend rooftop (sensitivity),wb_C5_LNG375,"New LNG plant, 375 MW (alt cell)",refbrent,EIA reference,1.0,Reference,+20%,ATB Moderate,model,0,"New LNG plant, 375 MW (alt cell) · EIA-ref oil · trend rooftop · JERA +20%","LNG imports begin in 2030 and a new 375 MW LNG plant is built (the cost-minimizing size); no Waiau Repower. Oil prices follow EIA's reference forecast. Rooftop solar continues its recent trend to about 1,560 MW by 2050. JERA plant capital at the +20% case.",26.2717,0.0,0.0025,0.00234133,outputs_nlv2s_wb_C5_LNG375_refbrent_j120
nlv2s_wb_C5_LNG375_refbrent_j120_adv,Trend rooftop (sensitivity),wb_C5_LNG375,"New LNG plant, 375 MW (alt cell)",refbrent,EIA reference,1.0,Reference,+20%,ATB Advanced,model,0,"New LNG plant, 375 MW (alt cell) · EIA-ref oil · trend rooftop · ATB-Adv · JERA +20%","LNG imports begin in 2030 and a new 375 MW LNG plant is built (the cost-minimizing size); no Waiau Repower. Oil prices follow EIA's reference forecast. Rooftop solar continues its recent trend to about 1,560 MW by 2050. Solar and battery costs follow ATB's cheaper Advanced projection. JERA plant capital at the +20% case.",24.9955,0.0,0.0025,0.00204685,outputs_nlv2s_wb_C5_LNG375_refbrent_j120_adv
nlv2s_wb_C6_LNG500_futbrent,Trend rooftop (sensitivity),wb_C6_LNG500,"JERA LNG plant, 500 MW",futbrent,Brent futures,1.0,Reference,bare-EPC,ATB Moderate,model,0,"JERA LNG plant, 500 MW · futures oil · trend rooftop","JERA's proposal alone: LNG imports from 2030 with a new 500 MW combined-cycle plant; no Waiau Repower. Oil prices follow the Brent futures strip (the market's central view). Rooftop solar continues its recent trend to about 1,560 MW by 2050.",24.5809,0.0,0.001,0.000999092,R010_outputs_nlv2s_wb_C6_LNG500_futbrent
nlv2s_wb_C6_LNG500_futbrent_adv,Trend rooftop (sensitivity),wb_C6_LNG500,"JERA LNG plant, 500 MW",futbrent,Brent futures,1.0,Reference,bare-EPC,ATB Advanced,model,0,"JERA LNG plant, 500 MW · futures oil · trend rooftop · ATB-Adv","JERA's proposal alone: LNG imports from 2030 with a new 500 MW combined-cycle plant; no Waiau Repower. Oil prices follow the Brent futures strip (the market's central view). Rooftop solar continues its recent trend to about 1,560 MW by 2050. Solar and battery costs follow ATB's cheaper Advanced projection.",23.4682,0.0,0.0025,0.00243238,outputs_nlv2s_wb_C6_LNG500_futbrent_adv
nlv2s_wb_C6_LNG500_futbrent_j120,Trend rooftop (sensitivity),wb_C6_LNG500,"JERA LNG plant, 500 MW",futbrent,Brent futures,1.0,Reference,+20%,ATB Moderate,model,0,"JERA LNG plant, 500 MW · futures oil · trend rooftop · JERA +20%","JERA's proposal alone: LNG imports from 2030 with a new 500 MW combined-cycle plant; no Waiau Repower. Oil prices follow the Brent futures strip (the market's central view). Rooftop solar continues its recent trend to about 1,560 MW by 2050. JERA plant capital at the +20% case.",25.0441,0.0,0.0025,0.00249967,outputs_nlv2s_wb_C6_LNG500_futbrent_j120
nlv2s_wb_C6_LNG500_futbrent_j120_adv,Trend rooftop (sensitivity),wb_C6_LNG500,"JERA LNG plant, 500 MW",futbrent,Brent futures,1.0,Reference,+20%,ATB Advanced,model,0,"JERA LNG plant, 500 MW · futures oil · trend rooftop · ATB-Adv · JERA +20%","JERA's proposal alone: LNG imports from 2030 with a new 500 MW combined-cycle plant; no Waiau Repower. Oil prices follow the Brent futures strip (the market's central view). Rooftop solar continues its recent trend to about 1,560 MW by 2050. Solar and battery costs follow ATB's cheaper Advanced projection. JERA plant capital at the +20% case.",23.8836,0.0,0.0025,0.0019573,outputs_nlv2s_wb_C6_LNG500_futbrent_j120_adv
nlv2s_wb_C6_LNG500_highbrent,Trend rooftop (sensitivity),wb_C6_LNG500,"JERA LNG plant, 500 MW",highbrent,Market 90th percentile,1.0,Reference,bare-EPC,ATB Moderate,model,0,"JERA LNG plant, 500 MW · high oil · trend rooftop","JERA's proposal alone: LNG imports from 2030 with a new 500 MW combined-cycle plant; no Waiau Repower. Oil prices follow the market's 90th-percentile (high) path from Brent options. Rooftop solar continues its recent trend to about 1,560 MW by 2050.",28.1098,0.0,0.001,0.000824572,R010_outputs_nlv2s_wb_C6_LNG500_highbrent
nlv2s_wb_C6_LNG500_highbrent_adv,Trend rooftop (sensitivity),wb_C6_LNG500,"JERA LNG plant, 500 MW",highbrent,Market 90th percentile,1.0,Reference,bare-EPC,ATB Advanced,model,0,"JERA LNG plant, 500 MW · high oil · trend rooftop · ATB-Adv","JERA's proposal alone: LNG imports from 2030 with a new 500 MW combined-cycle plant; no Waiau Repower. Oil prices follow the market's 90th-percentile (high) path from Brent options. Rooftop solar continues its recent trend to about 1,560 MW by 2050. Solar and battery costs follow ATB's cheaper Advanced projection.",26.7367,0.0,0.0025,0.00205299,outputs_nlv2s_wb_C6_LNG500_highbrent_adv
nlv2s_wb_C6_LNG500_highbrent_j120,Trend rooftop (sensitivity),wb_C6_LNG500,"JERA LNG plant, 500 MW",highbrent,Market 90th percentile,1.0,Reference,+20%,ATB Moderate,model,0,"JERA LNG plant, 500 MW · high oil · trend rooftop · JERA +20%","JERA's proposal alone: LNG imports from 2030 with a new 500 MW combined-cycle plant; no Waiau Repower. Oil prices follow the market's 90th-percentile (high) path from Brent options. Rooftop solar continues its recent trend to about 1,560 MW by 2050. JERA plant capital at the +20% case.",28.5349,0.0,0.0025,0.00121813,outputs_nlv2s_wb_C6_LNG500_highbrent_j120
nlv2s_wb_C6_LNG500_highbrent_j120_adv,Trend rooftop (sensitivity),wb_C6_LNG500,"JERA LNG plant, 500 MW",highbrent,Market 90th percentile,1.0,Reference,+20%,ATB Advanced,model,0,"JERA LNG plant, 500 MW · high oil · trend rooftop · ATB-Adv · JERA +20%","JERA's proposal alone: LNG imports from 2030 with a new 500 MW combined-cycle plant; no Waiau Repower. Oil prices follow the market's 90th-percentile (high) path from Brent options. Rooftop solar continues its recent trend to about 1,560 MW by 2050. Solar and battery costs follow ATB's cheaper Advanced projection. JERA plant capital at the +20% case.",27.1626,0.0,0.0025,0.0020208,outputs_nlv2s_wb_C6_LNG500_highbrent_j120_adv
nlv2s_wb_C6_LNG500_lowbrent,Trend rooftop (sensitivity),wb_C6_LNG500,"JERA LNG plant, 500 MW",lowbrent,Market 10th percentile,1.0,Reference,bare-EPC,ATB Moderate,model,0,"JERA LNG plant, 500 MW · low oil · trend rooftop","JERA's proposal alone: LNG imports from 2030 with a new 500 MW combined-cycle plant; no Waiau Repower. Oil prices follow the market's 10th-percentile (low) path from Brent options. Rooftop solar continues its recent trend to about 1,560 MW by 2050.",22.436,0.0,0.001,0.00098599,R010_outputs_nlv2s_wb_C6_LNG500_lowbrent
nlv2s_wb_C6_LNG500_lowbrent_adv,Trend rooftop (sensitivity),wb_C6_LNG500,"JERA LNG plant, 500 MW",lowbrent,Market 10th percentile,1.0,Reference,bare-EPC,ATB Advanced,model,0,"JERA LNG plant, 500 MW · low oil · trend rooftop · ATB-Adv","JERA's proposal alone: LNG imports from 2030 with a new 500 MW combined-cycle plant; no Waiau Repower. Oil prices follow the market's 10th-percentile (low) path from Brent options. Rooftop solar continues its recent trend to about 1,560 MW by 2050. Solar and battery costs follow ATB's cheaper Advanced projection.",21.3179,0.0,0.0025,0.00201551,outputs_nlv2s_wb_C6_LNG500_lowbrent_adv
nlv2s_wb_C6_LNG500_lowbrent_j120,Trend rooftop (sensitivity),wb_C6_LNG500,"JERA LNG plant, 500 MW",lowbrent,Market 10th percentile,1.0,Reference,+20%,ATB Moderate,model,0,"JERA LNG plant, 500 MW · low oil · trend rooftop · JERA +20%","JERA's proposal alone: LNG imports from 2030 with a new 500 MW combined-cycle plant; no Waiau Repower. Oil prices follow the market's 10th-percentile (low) path from Brent options. Rooftop solar continues its recent trend to about 1,560 MW by 2050. JERA plant capital at the +20% case.",22.8702,0.0,0.0025,0.00135428,outputs_nlv2s_wb_C6_LNG500_lowbrent_j120
nlv2s_wb_C6_LNG500_lowbrent_j120_adv,Trend rooftop (sensitivity),wb_C6_LNG500,"JERA LNG plant, 500 MW",lowbrent,Market 10th percentile,1.0,Reference,+20%,ATB Advanced,model,0,"JERA LNG plant, 500 MW · low oil · trend rooftop · ATB-Adv · JERA +20%","JERA's proposal alone: LNG imports from 2030 with a new 500 MW combined-cycle plant; no Waiau Repower. Oil prices follow the market's 10th-percentile (low) path from Brent options. Rooftop solar continues its recent trend to about 1,560 MW by 2050. Solar and battery costs follow ATB's cheaper Advanced projection. JERA plant capital at the +20% case.",21.7431,0.0,0.0025,0.00194634,outputs_nlv2s_wb_C6_LNG500_lowbrent_j120_adv
nlv2s_wb_C6_LNG500_refbrent,Trend rooftop (sensitivity),wb_C6_LNG500,"JERA LNG plant, 500 MW",refbrent,EIA reference,1.0,Reference,bare-EPC,ATB Moderate,model,0,"JERA LNG plant, 500 MW · EIA-ref oil · trend rooftop","JERA's proposal alone: LNG imports from 2030 with a new 500 MW combined-cycle plant; no Waiau Repower. Oil prices follow EIA's reference forecast. Rooftop solar continues its recent trend to about 1,560 MW by 2050.",26.1913,0.0,0.001,0.000959786,R010_outputs_nlv2s_wb_C6_LNG500_refbrent
nlv2s_wb_C6_LNG500_refbrent_adv,Trend rooftop (sensitivity),wb_C6_LNG500,"JERA LNG plant, 500 MW",refbrent,EIA reference,1.0,Reference,bare-EPC,ATB Advanced,model,0,"JERA LNG plant, 500 MW · EIA-ref oil · trend rooftop · ATB-Adv","JERA's proposal alone: LNG imports from 2030 with a new 500 MW combined-cycle plant; no Waiau Repower. Oil prices follow EIA's reference forecast. Rooftop solar continues its recent trend to about 1,560 MW by 2050. Solar and battery costs follow ATB's cheaper Advanced projection.",24.9457,0.0,0.0025,0.00118069,outputs_nlv2s_wb_C6_LNG500_refbrent_adv
nlv2s_wb_C6_LNG500_refbrent_j120,Trend rooftop (sensitivity),wb_C6_LNG500,"JERA LNG plant, 500 MW",refbrent,EIA reference,1.0,Reference,+20%,ATB Moderate,model,0,"JERA LNG plant, 500 MW · EIA-ref oil · trend rooftop · JERA +20%","JERA's proposal alone: LNG imports from 2030 with a new 500 MW combined-cycle plant; no Waiau Repower. Oil prices follow EIA's reference forecast. Rooftop solar continues its recent trend to about 1,560 MW by 2050. JERA plant capital at the +20% case.",26.6542,0.0,0.0025,0.00235339,outputs_nlv2s_wb_C6_LNG500_refbrent_j120
nlv2s_wb_C6_LNG500_refbrent_j120_adv,Trend rooftop (sensitivity),wb_C6_LNG500,"JERA LNG plant, 500 MW",refbrent,EIA reference,1.0,Reference,+20%,ATB Advanced,model,0,"JERA LNG plant, 500 MW · EIA-ref oil · trend rooftop · ATB-Adv · JERA +20%","JERA's proposal alone: LNG imports from 2030 with a new 500 MW combined-cycle plant; no Waiau Repower. Oil prices follow EIA's reference forecast. Rooftop solar continues its recent trend to about 1,560 MW by 2050. Solar and battery costs follow ATB's cheaper Advanced projection. JERA plant capital at the +20% case.",25.3898,0.0,0.0025,0.00220002,outputs_nlv2s_wb_C6_LNG500_refbrent_j120_adv
nlv2s_wr_C1_LSFO250_futbrent,Trend rooftop (sensitivity),wr_C1_LSFO250,Waiau + LSFO 250,futbrent,Brent futures,1.0,Reference,bare-EPC,ATB Moderate,model,0,Waiau + LSFO 250 · futures oil · trend rooftop,"The Waiau Repower plus a new 250 MW low-sulfur-fuel-oil plant. Oil prices follow the Brent futures strip (the market's central view). Rooftop solar continues its recent trend to about 1,560 MW by 2050.",26.0697,0.0,0.0025,0.00190932,outputs_nlv2s_wr_C1_LSFO250_futbrent
nlv2s_wr_C1_LSFO250_futbrent_adv,Trend rooftop (sensitivity),wr_C1_LSFO250,Waiau + LSFO 250,futbrent,Brent futures,1.0,Reference,bare-EPC,ATB Advanced,model,0,Waiau + LSFO 250 · futures oil · trend rooftop · ATB-Adv,"The Waiau Repower plus a new 250 MW low-sulfur-fuel-oil plant. Oil prices follow the Brent futures strip (the market's central view). Rooftop solar continues its recent trend to about 1,560 MW by 2050. Solar and battery costs follow ATB's cheaper Advanced projection.",24.7537,0.0,0.0025,0.00249455,outputs_nlv2s_wr_C1_LSFO250_futbrent_adv
nlv2s_wr_C1_LSFO250_highbrent,Trend rooftop (sensitivity),wr_C1_LSFO250,Waiau + LSFO 250,highbrent,Market 90th percentile,1.0,Reference,bare-EPC,ATB Moderate,model,0,Waiau + LSFO 250 · high oil · trend rooftop,"The Waiau Repower plus a new 250 MW low-sulfur-fuel-oil plant. Oil prices follow the market's 90th-percentile (high) path from Brent options. Rooftop solar continues its recent trend to about 1,560 MW by 2050.",29.2389,0.0,0.0025,0.00218541,outputs_nlv2s_wr_C1_LSFO250_highbrent
nlv2s_wr_C1_LSFO250_highbrent_adv,Trend rooftop (sensitivity),wr_C1_LSFO250,Waiau + LSFO 250,highbrent,Market 90th percentile,1.0,Reference,bare-EPC,ATB Advanced,model,0,Waiau + LSFO 250 · high oil · trend rooftop · ATB-Adv,"The Waiau Repower plus a new 250 MW low-sulfur-fuel-oil plant. Oil prices follow the market's 90th-percentile (high) path from Brent options. Rooftop solar continues its recent trend to about 1,560 MW by 2050. Solar and battery costs follow ATB's cheaper Advanced projection.",27.6202,0.0,0.0025,0.00249452,outputs_nlv2s_wr_C1_LSFO250_highbrent_adv
nlv2s_wr_C1_LSFO250_lowbrent,Trend rooftop (sensitivity),wr_C1_LSFO250,Waiau + LSFO 250,lowbrent,Market 10th percentile,1.0,Reference,bare-EPC,ATB Moderate,model,0,Waiau + LSFO 250 · low oil · trend rooftop,"The Waiau Repower plus a new 250 MW low-sulfur-fuel-oil plant. Oil prices follow the market's 10th-percentile (low) path from Brent options. Rooftop solar continues its recent trend to about 1,560 MW by 2050.",23.1429,0.0,0.0025,0.00191048,outputs_nlv2s_wr_C1_LSFO250_lowbrent
nlv2s_wr_C1_LSFO250_lowbrent_adv,Trend rooftop (sensitivity),wr_C1_LSFO250,Waiau + LSFO 250,lowbrent,Market 10th percentile,1.0,Reference,bare-EPC,ATB Advanced,model,0,Waiau + LSFO 250 · low oil · trend rooftop · ATB-Adv,"The Waiau Repower plus a new 250 MW low-sulfur-fuel-oil plant. Oil prices follow the market's 10th-percentile (low) path from Brent options. Rooftop solar continues its recent trend to about 1,560 MW by 2050. Solar and battery costs follow ATB's cheaper Advanced projection.",22.004,0.0,0.0025,0.00227688,outputs_nlv2s_wr_C1_LSFO250_lowbrent_adv
nlv2s_wr_C1_LSFO250_refbrent,Trend rooftop (sensitivity),wr_C1_LSFO250,Waiau + LSFO 250,refbrent,EIA reference,1.0,Reference,bare-EPC,ATB Moderate,model,0,Waiau + LSFO 250 · EIA-ref oil · trend rooftop,"The Waiau Repower plus a new 250 MW low-sulfur-fuel-oil plant. Oil prices follow EIA's reference forecast. Rooftop solar continues its recent trend to about 1,560 MW by 2050.",27.5422,0.0,0.0025,0.00217855,outputs_nlv2s_wr_C1_LSFO250_refbrent
nlv2s_wr_C1_LSFO250_refbrent_adv,Trend rooftop (sensitivity),wr_C1_LSFO250,Waiau + LSFO 250,refbrent,EIA reference,1.0,Reference,bare-EPC,ATB Advanced,model,0,Waiau + LSFO 250 · EIA-ref oil · trend rooftop · ATB-Adv,"The Waiau Repower plus a new 250 MW low-sulfur-fuel-oil plant. Oil prices follow EIA's reference forecast. Rooftop solar continues its recent trend to about 1,560 MW by 2050. Solar and battery costs follow ATB's cheaper Advanced projection.",26.1255,0.0,0.0025,0.00187658,outputs_nlv2s_wr_C1_LSFO250_refbrent_adv
nlv2s_wr_C4_NOTHERMAL_futbrent,Trend rooftop (sensitivity),wr_C4_NOTHERMAL,Waiau Repower only,futbrent,Brent futures,1.0,Reference,bare-EPC,ATB Moderate,model,0,Waiau Repower only · futures oil · trend rooftop,"The Waiau Repower is built; nothing else new burns fuel. Oil prices follow the Brent futures strip (the market's central view). Rooftop solar continues its recent trend to about 1,560 MW by 2050.",25.4923,0.0,0.0025,0.00133655,outputs_nlv2s_wr_C4_NOTHERMAL_futbrent
nlv2s_wr_C4_NOTHERMAL_futbrent_adv,Trend rooftop (sensitivity),wr_C4_NOTHERMAL,Waiau Repower only,futbrent,Brent futures,1.0,Reference,bare-EPC,ATB Advanced,model,0,Waiau Repower only · futures oil · trend rooftop · ATB-Adv,"The Waiau Repower is built; nothing else new burns fuel. Oil prices follow the Brent futures strip (the market's central view). Rooftop solar continues its recent trend to about 1,560 MW by 2050. Solar and battery costs follow ATB's cheaper Advanced projection.",24.1639,0.0,0.0025,0.00239266,outputs_nlv2s_wr_C4_NOTHERMAL_futbrent_adv
nlv2s_wr_C4_NOTHERMAL_highbrent,Trend rooftop (sensitivity),wr_C4_NOTHERMAL,Waiau Repower only,highbrent,Market 90th percentile,1.0,Reference,bare-EPC,ATB Moderate,model,0,Waiau Repower only · high oil · trend rooftop,"The Waiau Repower is built; nothing else new burns fuel. Oil prices follow the market's 90th-percentile (high) path from Brent options. Rooftop solar continues its recent trend to about 1,560 MW by 2050.",28.5996,0.0,0.0025,0.00116232,outputs_nlv2s_wr_C4_NOTHERMAL_highbrent
nlv2s_wr_C4_NOTHERMAL_highbrent_adv,Trend rooftop (sensitivity),wr_C4_NOTHERMAL,Waiau Repower only,highbrent,Market 90th percentile,1.0,Reference,bare-EPC,ATB Advanced,model,0,Waiau Repower only · high oil · trend rooftop · ATB-Adv,"The Waiau Repower is built; nothing else new burns fuel. Oil prices follow the market's 90th-percentile (high) path from Brent options. Rooftop solar continues its recent trend to about 1,560 MW by 2050. Solar and battery costs follow ATB's cheaper Advanced projection.",26.8798,0.0,0.0025,0.00223003,outputs_nlv2s_wr_C4_NOTHERMAL_highbrent_adv
nlv2s_wr_C4_NOTHERMAL_lowbrent,Trend rooftop (sensitivity),wr_C4_NOTHERMAL,Waiau Repower only,lowbrent,Market 10th percentile,1.0,Reference,bare-EPC,ATB Moderate,model,0,Waiau Repower only · low oil · trend rooftop,"The Waiau Repower is built; nothing else new burns fuel. Oil prices follow the market's 10th-percentile (low) path from Brent options. Rooftop solar continues its recent trend to about 1,560 MW by 2050.",22.3794,0.0,0.0025,0.00205268,outputs_nlv2s_wr_C4_NOTHERMAL_lowbrent
nlv2s_wr_C4_NOTHERMAL_lowbrent_adv,Trend rooftop (sensitivity),wr_C4_NOTHERMAL,Waiau Repower only,lowbrent,Market 10th percentile,1.0,Reference,bare-EPC,ATB Advanced,model,0,Waiau Repower only · low oil · trend rooftop · ATB-Adv,"The Waiau Repower is built; nothing else new burns fuel. Oil prices follow the market's 10th-percentile (low) path from Brent options. Rooftop solar continues its recent trend to about 1,560 MW by 2050. Solar and battery costs follow ATB's cheaper Advanced projection.",21.2309,0.0,0.0025,0.00230172,outputs_nlv2s_wr_C4_NOTHERMAL_lowbrent_adv
nlv2s_wr_C4_NOTHERMAL_refbrent,Trend rooftop (sensitivity),wr_C4_NOTHERMAL,Waiau Repower only,refbrent,EIA reference,1.0,Reference,bare-EPC,ATB Moderate,model,0,Waiau Repower only · EIA-ref oil · trend rooftop,"The Waiau Repower is built; nothing else new burns fuel. Oil prices follow EIA's reference forecast. Rooftop solar continues its recent trend to about 1,560 MW by 2050.",27.0385,0.0,0.0025,0.00222238,outputs_nlv2s_wr_C4_NOTHERMAL_refbrent
nlv2s_wr_C4_NOTHERMAL_refbrent_adv,Trend rooftop (sensitivity),wr_C4_NOTHERMAL,Waiau Repower only,refbrent,EIA reference,1.0,Reference,bare-EPC,ATB Advanced,model,0,Waiau Repower only · EIA-ref oil · trend rooftop · ATB-Adv,"The Waiau Repower is built; nothing else new burns fuel. Oil prices follow EIA's reference forecast. Rooftop solar continues its recent trend to about 1,560 MW by 2050. Solar and battery costs follow ATB's cheaper Advanced projection.",25.5307,0.0,0.0025,0.00161201,outputs_nlv2s_wr_C4_NOTHERMAL_refbrent_adv
nlv2s_wr_C5_LNG375_refbrent,Trend rooftop (sensitivity),wr_C5_LNG375,Waiau + LNG 375,refbrent,EIA reference,1.0,Reference,bare-EPC,ATB Moderate,model,0,Waiau + LNG 375 · EIA-ref oil · trend rooftop,"The Waiau Repower plus a new 375 MW LNG plant with imports from 2030. Oil prices follow EIA's reference forecast. Rooftop solar continues its recent trend to about 1,560 MW by 2050.",27.3805,0.0,0.0025,0.00236993,outputs_nlv2s_wr_C5_LNG375_refbrent
nlv2s_wr_C5_LNG375_refbrent_adv,Trend rooftop (sensitivity),wr_C5_LNG375,Waiau + LNG 375,refbrent,EIA reference,1.0,Reference,bare-EPC,ATB Advanced,model,0,Waiau + LNG 375 · EIA-ref oil · trend rooftop · ATB-Adv,"The Waiau Repower plus a new 375 MW LNG plant with imports from 2030. Oil prices follow EIA's reference forecast. Rooftop solar continues its recent trend to about 1,560 MW by 2050. Solar and battery costs follow ATB's cheaper Advanced projection.",26.1334,0.0,0.0025,0.00228817,outputs_nlv2s_wr_C5_LNG375_refbrent_adv
nlv2s_wr_C5_LNG375_refbrent_j120,Trend rooftop (sensitivity),wr_C5_LNG375,Waiau + LNG 375,refbrent,EIA reference,1.0,Reference,+20%,ATB Moderate,model,0,Waiau + LNG 375 · EIA-ref oil · trend rooftop · JERA +20%,"The Waiau Repower plus a new 375 MW LNG plant with imports from 2030. Oil prices follow EIA's reference forecast. Rooftop solar continues its recent trend to about 1,560 MW by 2050. JERA plant capital at the +20% case.",27.7281,0.0,0.0025,0.00199289,outputs_nlv2s_wr_C5_LNG375_refbrent_j120
nlv2s_wr_C5_LNG375_refbrent_j120_adv,Trend rooftop (sensitivity),wr_C5_LNG375,Waiau + LNG 375,refbrent,EIA reference,1.0,Reference,+20%,ATB Advanced,model,0,Waiau + LNG 375 · EIA-ref oil · trend rooftop · ATB-Adv · JERA +20%,"The Waiau Repower plus a new 375 MW LNG plant with imports from 2030. Oil prices follow EIA's reference forecast. Rooftop solar continues its recent trend to about 1,560 MW by 2050. Solar and battery costs follow ATB's cheaper Advanced projection. JERA plant capital at the +20% case.",26.4796,0.0,0.0025,0.00228738,outputs_nlv2s_wr_C5_LNG375_refbrent_j120_adv
nlv2s_wr_C6_LNG500_refbrent,Trend rooftop (sensitivity),wr_C6_LNG500,Waiau + JERA LNG 500 (alt cell),refbrent,EIA reference,1.0,Reference,bare-EPC,ATB Moderate,model,0,Waiau + JERA LNG 500 (alt cell) · EIA-ref oil · trend rooftop,"The Waiau Repower plus JERA's 500 MW LNG plant (both projects, alternate cell). Oil prices follow EIA's reference forecast. Rooftop solar continues its recent trend to about 1,560 MW by 2050.",27.6696,0.0,0.0025,0.00145224,outputs_nlv2s_wr_C6_LNG500_refbrent
nlv2s_wr_C6_LNG500_refbrent_adv,Trend rooftop (sensitivity),wr_C6_LNG500,Waiau + JERA LNG 500 (alt cell),refbrent,EIA reference,1.0,Reference,bare-EPC,ATB Advanced,model,0,Waiau + JERA LNG 500 (alt cell) · EIA-ref oil · trend rooftop · ATB-Adv,"The Waiau Repower plus JERA's 500 MW LNG plant (both projects, alternate cell). Oil prices follow EIA's reference forecast. Rooftop solar continues its recent trend to about 1,560 MW by 2050. Solar and battery costs follow ATB's cheaper Advanced projection.",26.4585,0.0,0.0025,0.00178378,outputs_nlv2s_wr_C6_LNG500_refbrent_adv
nlv2s_wr_C6_LNG500_refbrent_j120,Trend rooftop (sensitivity),wr_C6_LNG500,Waiau + JERA LNG 500 (alt cell),refbrent,EIA reference,1.0,Reference,+20%,ATB Moderate,model,0,Waiau + JERA LNG 500 (alt cell) · EIA-ref oil · trend rooftop · JERA +20%,"The Waiau Repower plus JERA's 500 MW LNG plant (both projects, alternate cell). Oil prices follow EIA's reference forecast. Rooftop solar continues its recent trend to about 1,560 MW by 2050. JERA plant capital at the +20% case.",28.1249,0.0,0.0025,0.00207746,outputs_nlv2s_wr_C6_LNG500_refbrent_j120
nlv2s_wr_C6_LNG500_refbrent_j120_adv,Trend rooftop (sensitivity),wr_C6_LNG500,Waiau + JERA LNG 500 (alt cell),refbrent,EIA reference,1.0,Reference,+20%,ATB Advanced,model,0,Waiau + JERA LNG 500 (alt cell) · EIA-ref oil · trend rooftop · ATB-Adv · JERA +20%,"The Waiau Repower plus JERA's 500 MW LNG plant (both projects, alternate cell). Oil prices follow EIA's reference forecast. Rooftop solar continues its recent trend to about 1,560 MW by 2050. Solar and battery costs follow ATB's cheaper Advanced projection. JERA plant capital at the +20% case.",26.866,0.0,0.0025,0.00119824,outputs_nlv2s_wr_C6_LNG500_refbrent_j120_adv
